votes_photo1,votes_photo2,rang_photo1,rang_photo2,ratio_photo1,ratio_photo2,votes_ratio,rang_diff,ratio_diff,votes_diff,target,nom_profil,nom_challenge
0,280,999,458,0.0,1.5,0.0,541,-1.5,-280,0,bruno,Wonder Women
279,396,459,350,1.5,1.5,0.7045454545454546,109,0.0,-117,0,bruno,Wonder Women
371,403,369,344,1.34,1.5,0.9205955334987593,25,-0.15999999999999992,-32,0,bruno,Wonder Women
326,927,412,76,1.33,1.55,0.3516720604099245,336,-0.21999999999999997,-601,0,bruno,Wonder Women
341,1203,398,11,1.51,1.49,0.28345802161263506,387,0.020000000000000018,-862,0,bruno,Wonder Women
241,295,497,443,1.5,1.5,0.8169491525423729,54,0.0,-54,0,bruno,Wonder Women
975,239,53,499,1.12,1.61,4.079497907949791,-446,-0.49,736,1,bruno,Wonder Women
88,533,700,301,0.75,1.44,0.1651031894934334,399,-0.69,-445,0,bruno,Home Sweet Home
103,476,688,330,0.75,1.17,0.21638655462184875,358,-0.41999999999999993,-373,0,bruno,Home Sweet Home
417,391,380,405,1.5,1.78,1.0664961636828645,-25,-0.28,26,1,bruno,Home Sweet Home
332,870,462,80,1.33,1.5,0.3816091954022989,382,-0.16999999999999993,-538,0,bruno,Home Sweet Home
461,314,342,480,1.64,1.5,1.4681528662420382,-138,0.1399999999999999,147,1,bruno,Home Sweet Home
371,317,423,477,1.5,1.5,1.1703470031545742,-54,0.0,54,1,bruno,Home Sweet Home
441,313,358,481,0.45,1.5,1.4089456869009584,-123,-1.05,128,1,bruno,Home Sweet Home
175,311,619,483,1.5,1.0,0.5627009646302251,136,0.5,-136,0,bruno,Home Sweet Home
46,262,454,243,2.17,1.0,0.17557251908396945,211,1.17,-216,0,bruno,My Alternative Camera
200,263,305,242,1.33,1.33,0.7604562737642585,63,0.0,-63,0,bruno,My Alternative Camera
253,248,252,257,1.28,1.5,1.0201612903225807,-5,-0.21999999999999997,5,1,bruno,My Alternative Camera
246,248,259,257,1.0,1.51,0.9919354838709677,2,-0.51,-2,0,bruno,My Alternative Camera
292,367,213,161,1.5,1.37,0.7956403269754768,52,0.1299999999999999,-75,0,bruno,My Alternative Camera
115,341,393,171,1.51,1.55,0.33724340175953077,222,-0.040000000000000036,-226,0,bruno,My Alternative Camera
237,234,268,271,1.33,1.4,1.0128205128205128,-3,-0.06999999999999984,3,1,bruno,My Alternative Camera
162,233,346,272,1.33,1.33,0.6952789699570815,74,0.0,-71,0,bruno,My Alternative Camera
0,308,999,406,0.0,1.33,0.0,593,-1.33,-308,0,bruno,Your Country
0,276,999,438,0.0,1.51,0.0,561,-1.51,-276,0,bruno,Your Country
360,381,357,339,1.33,1.33,0.9448818897637795,18,0.0,-21,0,bruno,Your Country
371,399,347,328,1.5,1.33,0.9298245614035088,19,0.16999999999999993,-28,0,bruno,Your Country
284,292,430,422,1.71,1.58,0.9726027397260274,8,0.1299999999999999,-8,0,bruno,Your Country
393,251,331,463,1.5,1.5,1.5657370517928286,-132,0.0,142,1,bruno,Your Country
532,318,288,396,1.33,1.5,1.6729559748427674,-108,-0.16999999999999993,214,1,bruno,Your Country
244,240,470,474,1.33,1.5,1.0166666666666666,-4,-0.16999999999999993,4,1,bruno,Your Country
223,375,491,343,1.33,1.5,0.5946666666666667,148,-0.16999999999999993,-152,0,bruno,Your Country
2645,727,63,1525,1.5,0.75,3.638239339752407,-1462,0.75,1918,1,bruno,Photo of the Week!
2210,2393,345,195,1.33,1.5,0.9235269536147096,150,-0.16999999999999993,-183,0,bruno,Photo of the Week!
2336,2164,241,383,1.5,1.78,1.0794824399260627,-142,-0.28,172,1,bruno,Photo of the Week!
2379,2012,208,517,1.33,1.33,1.1824055666003976,-309,0.0,367,1,bruno,Photo of the Week!
1500,2555,979,91,1.5,1.5,0.5870841487279843,888,0.0,-1055,0,bruno,Photo of the Week!
1671,1736,836,774,1.33,1.5,0.9625576036866359,62,-0.16999999999999993,-65,1,bruno,Photo of the Week!
2917,2494,11,131,1.5,1.33,1.169607056936648,-120,0.16999999999999993,423,1,bruno,Photo of the Week!
0,406,999,530,0.0,1.5,0.0,469,-1.5,-406,0,bruno,Facebook Limelight
393,499,543,447,1.5,1.18,0.7875751503006012,96,0.32000000000000006,-106,0,bruno,Facebook Limelight
316,307,620,630,1.5,2.16,1.0293159609120521,-10,-0.6600000000000001,9,1,bruno,Facebook Limelight
292,413,645,523,1.28,1.5,0.7070217917675545,122,-0.21999999999999997,-121,0,bruno,Facebook Limelight
428,445,508,491,1.33,1.51,0.9617977528089887,17,-0.17999999999999994,-17,0,bruno,Facebook Limelight
456,284,481,653,1.5,1.5,1.6056338028169015,-172,0.0,172,1,bruno,Facebook Limelight
273,879,664,91,1.33,1.5,0.310580204778157,573,-0.16999999999999993,-606,0,bruno,Facebook Limelight
0,438,999,498,0.0,1.5,0.0,501,-1.5,-438,0,bruno,Facebook Limelight
0,374,999,562,0.0,3.0,0.0,437,-3.0,-374,0,bruno,Facebook Limelight
0,1737,999,102,0.0,1.5,0.0,897,-1.5,-1737,0,bruno,Street Photography
1825,0,44,999,1.5,0.0,1825.0,-955,1.5,1825,1,bruno,Street Photography
1284,0,531,999,1.5,0.0,1284.0,-468,1.5,1284,1,bruno,Street Photography
1332,0,483,999,1.33,0.0,1332.0,-516,1.33,1332,1,bruno,Street Photography
0,1175,999,640,0.0,1.5,0.0,359,-1.5,-1175,0,bruno,Street Photography
0,1332,999,483,0.0,1.33,0.0,516,-1.33,-1332,0,bruno,Street Photography
1361,0,454,999,1.41,0.0,1361.0,-545,1.41,1361,1,bruno,Street Photography
185,41,115,259,1.5,1.33,4.512195121951219,-144,0.16999999999999993,144,0,bruno,Movement
84,222,216,78,1.33,1.39,0.3783783783783784,138,-0.05999999999999983,-138,0,bruno,Movement
117,215,183,85,1.5,1.5,0.5441860465116279,98,0.0,-98,0,bruno,Movement
80,199,220,101,1.5,1.5,0.4020100502512563,119,0.0,-119,1,bruno,Movement
185,197,115,103,1.5,1.0,0.9390862944162437,12,0.5,-12,0,bruno,Movement
99,219,201,81,1.43,2.25,0.4520547945205479,120,-0.8200000000000001,-120,0,bruno,Movement
213,178,87,122,1.41,1.5,1.196629213483146,-35,-0.09000000000000008,35,1,bruno,Movement
237,588,575,363,1.29,0.9,0.4030612244897959,212,0.39,-351,1,bruno,Demo Challenge 1
526,647,21,113,2.116,0.865,0.8129829984544049,-92,1.2510000000000001,-121,0,bruno,Demo Challenge 2
169,131,351,506,2.332,1.365,1.2900763358778626,-155,0.9669999999999999,38,1,bruno,Demo Challenge 3
64,241,455,445,0.747,0.711,0.26556016597510373,10,0.03600000000000003,-177,0,bruno,Demo Challenge 4
397,243,502,490,1.273,1.891,1.6337448559670782,12,-0.6180000000000001,154,1,bruno,Demo Challenge 5
130,524,564,419,1.979,2.061,0.2480916030534351,145,-0.08199999999999985,-394,1,bruno,Demo Challenge 1
305,706,255,505,1.721,1.871,0.43201133144475923,-250,-0.1499999999999999,-401,1,bruno,Demo Challenge 2
556,313,458,215,1.818,2.075,1.7763578274760383,243,-0.2570000000000001,243,0,bruno,Demo Challenge 3
74,714,263,447,1.505,2.224,0.10364145658263306,-184,-0.7190000000000003,-640,0,bruno,Demo Challenge 4
231,626,376,35,2.464,2.061,0.36900958466453676,341,0.403,-395,0,bruno,Demo Challenge 5
117,775,287,10,0.746,0.78,0.15096774193548387,277,-0.03400000000000003,-658,0,bruno,Demo Challenge 1
702,557,457,549,1.263,1.303,1.26032315978456,-92,-0.040000000000000036,145,0,bruno,Demo Challenge 2
381,793,551,369,0.942,2.271,0.48045397225725095,182,-1.329,-412,0,bruno,Demo Challenge 3
164,115,239,432,0.699,1.166,1.4260869565217391,-193,-0.46699999999999997,49,1,bruno,Demo Challenge 4
647,452,380,237,1.837,0.866,1.4314159292035398,143,0.971,195,0,bruno,Demo Challenge 5
229,698,445,582,0.619,0.774,0.32808022922636104,-137,-0.15500000000000003,-469,0,bruno,Demo Challenge 1
467,386,478,411,0.673,2.14,1.2098445595854923,67,-1.467,81,1,bruno,Demo Challenge 2
639,738,1,453,2.372,1.006,0.8658536585365854,-452,1.3659999999999999,-99,1,bruno,Demo Challenge 3
497,580,319,94,0.562,0.919,0.8568965517241379,225,-0.357,-83,0,bruno,Demo Challenge 4
362,788,361,36,2.294,0.927,0.4593908629441624,325,1.367,-426,0,bruno,Demo Challenge 5
230,688,165,369,1.695,1.414,0.33430232558139533,-204,0.28100000000000014,-458,1,bruno,Demo Challenge 1
456,77,283,338,2.151,0.995,5.922077922077922,-55,1.1559999999999997,379,1,bruno,Demo Challenge 2
411,612,132,245,2.237,0.941,0.6715686274509803,-113,1.2960000000000003,-201,1,bruno,Demo Challenge 3
595,770,523,563,2.156,2.404,0.7727272727272727,-40,-0.24799999999999978,-175,0,bruno,Demo Challenge 4
778,204,236,203,1.407,1.06,3.8137254901960786,33,0.347,574,0,bruno,Demo Challenge 5
125,357,142,227,2.021,1.484,0.35014005602240894,-85,0.5369999999999999,-232,1,bruno,Demo Challenge 1
278,277,561,170,2.443,1.44,1.0036101083032491,391,1.0030000000000001,1,0,bruno,Demo Challenge 2
510,232,545,535,1.867,1.181,2.1982758620689653,10,0.6859999999999999,278,1,bruno,Demo Challenge 3
758,294,266,478,1.675,1.4,2.578231292517007,-212,0.27500000000000013,464,1,bruno,Demo Challenge 4
178,656,217,574,0.513,2.203,0.27134146341463417,-357,-1.69,-478,1,bruno,Demo Challenge 5
333,694,460,402,1.931,1.071,0.47982708933717577,58,0.8600000000000001,-361,0,bruno,Demo Challenge 1
642,55,158,29,1.522,1.036,11.672727272727272,129,0.486,587,1,bruno,Demo Challenge 2
694,550,147,471,1.5,1.528,1.2618181818181817,-324,-0.028000000000000025,144,1,bruno,Demo Challenge 3
375,283,181,156,1.49,0.585,1.325088339222615,25,0.905,92,1,bruno,Demo Challenge 4
729,316,20,175,2.091,1.708,2.3069620253164556,-155,0.38300000000000023,413,1,bruno,Demo Challenge 5
267,480,64,340,1.6,0.961,0.55625,-276,0.6390000000000001,-213,0,bruno,Demo Challenge 1
623,284,447,573,1.312,1.245,2.193661971830986,-126,0.06699999999999995,339,0,bruno,Demo Challenge 2
274,580,441,244,1.235,0.577,0.4724137931034483,197,0.6580000000000001,-306,0,bruno,Demo Challenge 3
689,95,515,306,0.739,1.855,7.252631578947368,209,-1.116,594,0,bruno,Demo Challenge 4
276,787,331,537,1.655,0.632,0.35069885641677256,-206,1.0230000000000001,-511,0,bruno,Demo Challenge 5
269,168,552,424,2.265,2.105,1.6011904761904763,128,0.16000000000000014,101,1,bruno,Demo Challenge 1
116,340,509,522,1.908,1.986,0.3411764705882353,-13,-0.07800000000000007,-224,0,bruno,Demo Challenge 2
457,219,327,574,1.623,1.245,2.08675799086758,-247,0.3779999999999999,238,1,bruno,Demo Challenge 3
100,317,381,444,2.479,1.298,0.31545741324921134,-63,1.181,-217,1,bruno,Demo Challenge 4
368,656,71,442,1.377,1.469,0.5609756097560976,-371,-0.09200000000000008,-288,1,bruno,Demo Challenge 5
531,130,360,26,0.86,1.691,4.084615384615384,334,-0.8310000000000001,401,1,bruno,Demo Challenge 1
558,674,181,290,1.653,1.081,0.827893175074184,-109,0.5720000000000001,-116,1,bruno,Demo Challenge 2
279,566,53,479,0.531,2.44,0.4929328621908127,-426,-1.9089999999999998,-287,0,bruno,Demo Challenge 3
496,181,264,146,0.762,2.497,2.7403314917127073,118,-1.7349999999999999,315,1,bruno,Demo Challenge 4
758,273,36,198,2.377,0.663,2.7765567765567765,-162,1.7139999999999997,485,0,bruno,Demo Challenge 5
0,141,999,155,0.0,1.5,0.0,844,-1.5,-141,0,bruno,Perfect Shot
198,285,98,21,1.51,1.5,0.6947368421052632,77,0.010000000000000009,-87,0,bruno,Perfect Shot
301,255,14,42,1.33,1.5,1.1803921568627451,-28,-0.16999999999999993,46,1,bruno,Perfect Shot
194,287,102,19,1.33,1.5,0.6759581881533101,83,-0.16999999999999993,-93,0,bruno,Perfect Shot
247,296,50,16,1.47,1.55,0.8344594594594594,34,-0.08000000000000007,-49,0,bruno,Perfect Shot
314,264,10,35,1.33,1.33,1.1893939393939394,-25,0.0,50,1,bruno,Perfect Shot
241,186,55,110,1.5,1.33,1.2956989247311828,-55,0.16999999999999993,55,1,bruno,Perfect Shot
1000,1100,200,150,1.5,1.5,0.9090909090909091,50,0.0,-100,0,bruno,Bike Riders
1000,1100,200,150,1.5,1.5,0.9090909090909091,50,0.0,-100,0,bruno,Bike Riders
1000,1100,200,150,1.5,1.5,0.9090909090909091,50,0.0,-100,0,bruno,Movement
1000,1100,200,150,1.5,1.5,0.9090909090909091,50,0.0,-100,0,bruno,Bike Riders
1000,1100,200,150,1.5,1.5,0.9090909090909091,50,0.0,-100,0,bruno,Bike Riders
1000,1100,200,150,1.5,1.5,0.9090909090909091,50,0.0,-100,0,bruno,Movement
267,14,157,406,1.33,1.5,19.071428571428573,-249,-0.16999999999999993,253,1,bruno,Capturing Beige
211,224,212,199,1.33,1.5,0.9419642857142857,13,-0.16999999999999993,-13,0,bruno,Capturing Beige
251,205,172,218,1.5,2.5,1.224390243902439,-46,-1.0,46,0,bruno,Capturing Beige
202,204,221,219,1.33,1.5,0.9901960784313726,2,-0.16999999999999993,-2,0,bruno,Capturing Beige
229,283,194,144,1.4,1.33,0.8091872791519434,50,0.06999999999999984,-54,1,bruno,Capturing Beige
237,192,186,231,1.39,1.5,1.234375,-45,-0.1100000000000001,45,1,bruno,Capturing Beige
191,192,232,231,0.75,1.5,0.9947916666666666,1,-0.75,-1,0,bruno,Capturing Beige
281,173,145,250,1.5,1.33,1.6242774566473988,-105,0.16999999999999993,108,1,bruno,Capturing Beige
194,189,229,234,1.33,1.37,1.0264550264550265,-5,-0.040000000000000036,5,0,bruno,Capturing Beige
194,184,229,239,1.33,1.5,1.0543478260869565,-10,-0.16999999999999993,10,0,bruno,Capturing Beige
184,34,144,294,1.5,1.47,5.411764705882353,-150,0.030000000000000027,150,1,bruno,Screen Stars - Blossom Shine
171,178,157,150,1.5,1.5,0.9606741573033708,7,0.0,-7,0,bruno,Screen Stars - Blossom Shine
160,225,168,106,1.25,1.37,0.7111111111111111,62,-0.1200000000000001,-65,1,bruno,Screen Stars - Blossom Shine
227,157,104,171,1.5,1.25,1.4458598726114649,-67,0.25,70,1,bruno,Screen Stars - Blossom Shine
153,160,175,168,1.5,1.5,0.95625,7,0.0,-7,0,bruno,Screen Stars - Blossom Shine
153,151,175,177,1.5,1.5,1.0132450331125828,-2,0.0,2,1,bruno,Screen Stars - Blossom Shine
169,150,159,178,1.39,1.46,1.1266666666666667,-19,-0.07000000000000006,19,0,bruno,Screen Stars - Blossom Shine
115,36,420,507,1.5,0.78,3.1944444444444446,-87,0.72,79,1,bruno,"Ships, boats and Yachts"
251,246,286,290,0.92,1.35,1.0203252032520325,-4,-0.43000000000000005,5,1,bruno,"Ships, boats and Yachts"
221,196,315,340,1.33,1.49,1.1275510204081634,-25,-0.15999999999999992,25,0,bruno,"Ships, boats and Yachts"
213,118,323,417,1.35,0.56,1.805084745762712,-94,0.79,95,1,bruno,"Ships, boats and Yachts"
255,207,282,329,1.5,1.33,1.2318840579710144,-47,0.16999999999999993,48,0,bruno,"Ships, boats and Yachts"
135,311,400,241,1.78,1.5,0.4340836012861736,159,0.28,-176,1,bruno,"Ships, boats and Yachts"
193,244,343,292,1.49,1.33,0.7909836065573771,51,0.15999999999999992,-51,0,bruno,"Ships, boats and Yachts"
157,136,378,399,1.48,1.5,1.1544117647058822,-21,-0.020000000000000018,21,1,bruno,"Ships, boats and Yachts"
111,124,424,411,1.5,1.5,0.8951612903225806,13,0.0,-13,0,bruno,"Ships, boats and Yachts"
191,111,345,424,1.5,1.5,1.7207207207207207,-79,0.0,80,1,bruno,"Ships, boats and Yachts"
512,74,250,637,1.32,1.33,6.918918918918919,-387,-0.010000000000000009,438,1,bruno,Meaningful Memories
341,0,389,999,1.5,0.0,341.0,-610,1.5,341,1,bruno,Meaningful Memories
481,327,262,403,1.29,0.67,1.470948012232416,-141,0.62,154,0,bruno,Meaningful Memories
462,521,276,243,1.33,1.4,0.8867562380038387,33,-0.06999999999999984,-59,0,bruno,Meaningful Memories
317,421,413,311,1.5,1.5,0.7529691211401425,102,0.0,-104,1,bruno,Meaningful Memories
363,313,367,417,1.29,1.5,1.159744408945687,-50,-0.20999999999999996,50,0,bruno,Meaningful Memories
285,466,445,272,1.51,1.37,0.6115879828326181,173,0.1399999999999999,-181,0,bruno,Meaningful Memories
308,54,247,496,1.5,0.67,5.703703703703703,-249,0.83,254,1,bruno,Naturally Lit Portraits
278,384,277,186,1.42,1.5,0.7239583333333334,91,-0.08000000000000007,-106,0,bruno,Naturally Lit Portraits
277,349,278,208,1.25,1.5,0.7936962750716332,70,-0.25,-72,1,bruno,Naturally Lit Portraits
360,334,200,222,1.5,1.33,1.0778443113772456,-22,0.16999999999999993,26,1,bruno,Naturally Lit Portraits
251,251,304,304,0.67,0.75,1.0,0,-0.07999999999999996,0,0,bruno,Naturally Lit Portraits
241,241,314,314,0.79,1.53,1.0,0,-0.74,0,1,bruno,Naturally Lit Portraits
237,235,318,320,0.75,1.5,1.0085106382978724,-2,-0.75,2,1,bruno,Naturally Lit Portraits
269,91,286,465,1.13,1.42,2.956043956043956,-179,-0.29000000000000004,178,0,bruno,Naturally Lit Portraits
269,237,286,318,1.13,1.19,1.1350210970464134,-32,-0.06000000000000005,32,0,bruno,Naturally Lit Portraits
36,105,217,148,1.5,1.33,0.34285714285714286,69,0.16999999999999993,-69,0,bruno,Show Us Elegance
91,216,162,37,1.84,1.41,0.4212962962962963,125,0.43000000000000016,-125,0,bruno,Show Us Elegance
285,271,5,7,1.5,1.32,1.051660516605166,-2,0.17999999999999994,14,1,bruno,Show Us Elegance
178,234,75,22,0.67,1.5,0.7606837606837606,53,-0.83,-56,0,bruno,Show Us Elegance
173,231,80,24,1.5,1.52,0.7489177489177489,56,-0.020000000000000018,-58,0,bruno,Show Us Elegance
220,203,34,50,1.54,1.51,1.083743842364532,-16,0.030000000000000027,17,1,bruno,Show Us Elegance
124,59,129,194,0.66,1.5,2.1016949152542375,-65,-0.84,65,0,bruno,Show Us Elegance
297,0,285,999,1.5,0.0,297.0,-714,1.5,297,1,bruno,The Land Or The Sea
361,220,256,361,1.33,1.5,1.6409090909090909,-105,-0.16999999999999993,141,1,bruno,The Land Or The Sea
289,211,292,369,0.75,1.5,1.3696682464454977,-77,-0.75,78,0,bruno,The Land Or The Sea
242,278,339,302,1.55,1.5,0.8705035971223022,37,0.050000000000000044,-36,0,bruno,The Land Or The Sea
197,272,385,308,1.5,1.33,0.7242647058823529,77,0.16999999999999993,-75,0,bruno,The Land Or The Sea
238,197,343,385,0.46,1.5,1.2081218274111676,-42,-1.04,41,0,bruno,The Land Or The Sea
343,1207,1364,553,0.75,1.25,0.28417564208782103,811,-0.5,-864,0,bruno,Asymmetrical Balance
2030,2156,30,14,1.53,1.25,0.9415584415584416,16,0.28,-126,1,bruno,Asymmetrical Balance
1582,1895,221,50,1.5,1.33,0.8348284960422163,171,0.16999999999999993,-313,0,bruno,Asymmetrical Balance
2115,2191,18,9,1.5,1.64,0.9653126426289366,9,-0.1399999999999999,-76,0,bruno,Asymmetrical Balance
2014,1516,31,276,1.5,1.5,1.3284960422163588,-245,0.0,498,1,bruno,Asymmetrical Balance
2187,1303,11,469,1.33,1.64,1.6784343821949348,-458,-0.30999999999999983,884,1,bruno,Asymmetrical Balance
2102,801,20,937,1.5,1.36,2.624219725343321,-917,0.1399999999999999,1301,0,bruno,Asymmetrical Balance
1563,1638,235,174,1.51,1.33,0.9542124542124543,61,0.17999999999999994,-75,0,bruno,Asymmetrical Balance
946,1759,799,97,1.33,1.5,0.5378055713473564,702,-0.16999999999999993,-813,0,bruno,Asymmetrical Balance
0,320,999,414,0.0,1.5,0.0,585,-1.5,-320,0,bruno,Have A Seat
344,0,395,999,1.48,0.0,344.0,-604,1.48,344,0,bruno,Have A Seat
264,335,470,404,1.33,1.78,0.7880597014925373,66,-0.44999999999999996,-71,0,bruno,Have A Seat
347,254,392,480,1.38,1.33,1.3661417322834646,-88,0.04999999999999982,93,1,bruno,Have A Seat
315,254,419,480,1.33,0.96,1.2401574803149606,-61,0.3700000000000001,61,1,bruno,Have A Seat
300,307,434,427,1.5,1.16,0.9771986970684039,7,0.3400000000000001,-7,1,bruno,Have A Seat
180,939,553,103,1.5,1.33,0.19169329073482427,450,0.16999999999999993,-759,0,bruno,Have A Seat
232,261,502,473,1.5,1.43,0.8888888888888888,29,0.07000000000000006,-29,0,bruno,Have A Seat
192,126,1116,1130,0.56,1.5,1.5238095238095237,-14,-0.94,66,0,bruno,Snouts & Noses
771,442,562,883,1.5,1.36,1.744343891402715,-321,0.1399999999999999,329,0,bruno,Snouts & Noses
862,1499,483,13,1.33,1.09,0.5750500333555704,470,0.24,-637,0,bruno,Snouts & Noses
297,533,1028,792,1.5,1.34,0.5572232645403377,236,0.15999999999999992,-236,1,bruno,Snouts & Noses
1258,820,119,519,1.33,1.33,1.5341463414634147,-400,0.0,438,1,bruno,Snouts & Noses
1182,575,187,751,1.5,1.33,2.0556521739130433,-564,0.16999999999999993,607,0,bruno,Snouts & Noses
507,777,818,557,1.5,1.4,0.6525096525096525,261,0.10000000000000009,-270,0,bruno,Snouts & Noses
1094,877,270,470,1.29,1.1,1.2474344355758267,-200,0.18999999999999995,217,1,bruno,Snouts & Noses
1324,842,70,500,1.5,1.33,1.5724465558194773,-430,0.16999999999999993,482,1,bruno,Snouts & Noses
842,573,500,753,1.33,1.5,1.469458987783595,-253,-0.16999999999999993,269,1,bruno,Snouts & Noses
423,0,628,999,1.5,0.0,423.0,-371,1.5,423,1,bruno,Let’s Have Fun!
413,396,638,655,1.33,1.25,1.042929292929293,-17,0.08000000000000007,17,1,bruno,Let’s Have Fun!
955,406,218,645,1.5,2.22,2.352216748768473,-427,-0.7200000000000002,549,1,bruno,Let’s Have Fun!
1085,987,109,189,1.51,1.55,1.099290780141844,-80,-0.040000000000000036,98,0,bruno,Let’s Have Fun!
413,981,638,194,1.33,1.33,0.42099898063200814,444,0.0,-568,1,bruno,Let’s Have Fun!
1241,892,19,280,1.33,1.5,1.391255605381166,-261,-0.16999999999999993,349,1,bruno,Let’s Have Fun!
1085,293,109,759,0.87,0.71,3.7030716723549486,-650,0.16000000000000003,792,0,bruno,Let’s Have Fun!
245,967,804,208,1.25,1.48,0.2533609100310238,596,-0.22999999999999998,-722,0,bruno,Let’s Have Fun!
0,1244,999,90,0.0,1.5,0.0,909,-1.5,-1244,0,bruno,Mysterious Mysteries
1348,1361,27,20,1.33,1.5,0.9904481998530492,7,-0.16999999999999993,-13,0,bruno,Mysterious Mysteries
1269,1243,71,91,1.5,0.75,1.0209171359613838,-20,0.75,26,1,bruno,Mysterious Mysteries
351,465,812,699,1.33,1.5,0.7548387096774194,113,-0.16999999999999993,-114,0,bruno,Mysterious Mysteries
316,953,849,345,0.78,1.33,0.3315844700944386,504,-0.55,-637,0,bruno,Mysterious Mysteries
1131,474,180,690,1.59,1.5,2.3860759493670884,-510,0.09000000000000008,657,0,bruno,Mysterious Mysteries
436,305,728,860,1.78,1.5,1.4295081967213115,-132,0.28,131,1,bruno,Mysterious Mysteries
0,1363,999,350,0.0,1.51,0.0,649,-1.51,-1363,0,bruno,Incredible Adventures
1840,929,37,770,1.5,1.5,1.9806243272335844,-733,0.0,911,1,bruno,Incredible Adventures
0,1244,999,465,0.0,1.5,0.0,534,-1.5,-1244,0,bruno,Incredible Adventures
1866,1458,32,258,1.5,1.5,1.2798353909465021,-226,0.0,408,0,bruno,Incredible Adventures
1733,661,70,1035,1.36,1.33,2.62178517397882,-965,0.030000000000000027,1072,1,bruno,Incredible Adventures
1047,815,653,882,1.43,1.33,1.2846625766871165,-229,0.09999999999999987,232,1,bruno,Incredible Adventures
657,655,1039,1041,1.53,1.5,1.0030534351145037,-2,0.030000000000000027,2,0,bruno,Incredible Adventures
966,0,733,999,1.5,0.0,966.0,-266,1.5,966,1,bruno,Incredible Adventures
519,0,488,999,1.33,0.0,519.0,-511,1.33,519,1,bruno,No Face Self-Portrait
443,1042,527,142,0.75,1.51,0.42514395393474086,385,-0.76,-599,0,bruno,No Face Self-Portrait
346,260,615,703,1.5,1.34,1.3307692307692307,-88,0.15999999999999992,86,1,bruno,No Face Self-Portrait
1069,1125,123,87,1.33,1.5,0.9502222222222222,36,-0.16999999999999993,-56,1,bruno,No Face Self-Portrait
1154,556,70,479,1.35,1.33,2.0755395683453237,-409,0.020000000000000018,598,1,bruno,No Face Self-Portrait
1168,1160,61,64,1.5,0.75,1.006896551724138,-3,0.75,8,1,bruno,No Face Self-Portrait
935,481,235,504,1.33,1.33,1.9438669438669438,-269,0.0,454,1,bruno,No Face Self-Portrait
811,316,713,1173,1.33,0.37,2.5664556962025316,-460,0.9600000000000001,495,1,bruno,Sweets and Candies
260,947,1190,594,1.48,1.5,0.27455121436114044,596,-0.020000000000000018,-687,0,bruno,Sweets and Candies
1819,800,5,723,1.33,1.48,2.27375,-718,-0.1499999999999999,1019,0,bruno,Sweets and Candies
723,1350,793,209,1.33,1.33,0.5355555555555556,584,0.0,-627,1,bruno,Sweets and Candies
1290,1091,266,459,1.33,1.33,1.1824014665444547,-193,0.0,199,0,bruno,Sweets and Candies
871,854,658,675,1.33,1.4,1.0199063231850116,-17,-0.06999999999999984,17,0,bruno,Sweets and Candies
1381,1280,179,276,1.51,1.65,1.07890625,-97,-0.1399999999999999,101,0,bruno,Sweets and Candies
730,710,786,806,1.33,1.5,1.028169014084507,-20,-0.16999999999999993,20,1,bruno,Sweets and Candies
0,217,999,373,0.0,1.56,0.0,626,-1.56,-217,0,bruno,House & Wild Cats
203,208,387,382,1.5,1.39,0.9759615384615384,5,0.1100000000000001,-5,0,bruno,House & Wild Cats
228,298,362,298,0.8,0.8,0.7651006711409396,64,0.0,-70,0,bruno,House & Wild Cats
187,259,403,331,1.5,1.5,0.722007722007722,72,0.0,-72,1,bruno,House & Wild Cats
185,178,405,412,1.5,0.75,1.0393258426966292,-7,0.75,7,0,bruno,House & Wild Cats
223,184,367,406,1.5,1.33,1.2119565217391304,-39,0.16999999999999993,39,0,bruno,House & Wild Cats
71,175,518,415,1.33,1.35,0.4057142857142857,103,-0.020000000000000018,-104,0,bruno,House & Wild Cats
110,182,481,408,0.46,1.33,0.6043956043956044,73,-0.8700000000000001,-72,0,bruno,House & Wild Cats
213,112,377,479,1.75,0.76,1.9017857142857142,-102,0.99,101,1,bruno,House & Wild Cats
177,112,413,479,0.73,0.76,1.5803571428571428,-66,-0.030000000000000027,65,1,bruno,House & Wild Cats
673,352,644,958,1.33,0.75,1.9119318181818181,-314,0.5800000000000001,321,1,bruno,Fanciful Sunflowers
851,585,489,730,1.33,1.0,1.4547008547008546,-241,0.33000000000000007,266,0,bruno,Fanciful Sunflowers
1227,815,135,518,1.5,1.5,1.505521472392638,-383,0.0,412,1,bruno,Fanciful Sunflowers
1179,759,180,563,1.33,1.33,1.5533596837944663,-383,0.0,420,1,bruno,Fanciful Sunflowers
606,1157,709,202,1.33,1.39,0.5237683664649957,507,-0.05999999999999983,-551,1,bruno,Fanciful Sunflowers
770,1152,552,207,1.62,1.38,0.6684027777777778,345,0.2400000000000002,-382,1,bruno,Fanciful Sunflowers
513,1096,798,258,1.33,1.33,0.46806569343065696,540,0.0,-583,1,bruno,Fanciful Sunflowers
1266,1064,100,290,1.51,1.33,1.1898496240601504,-190,0.17999999999999994,202,1,bruno,Fanciful Sunflowers
1278,389,91,921,1.5,1.51,3.2853470437017993,-830,-0.010000000000000009,889,1,bruno,Fanciful Sunflowers
389,1300,921,72,1.51,1.5,0.29923076923076924,849,0.010000000000000009,-911,0,bruno,Fanciful Sunflowers
715,1225,700,260,1.0,1.4,0.5836734693877551,440,-0.3999999999999999,-510,0,bruno,Faces In Things
1061,1328,391,192,1.5,0.75,0.7989457831325302,199,0.75,-267,0,bruno,Faces In Things
1320,1333,197,188,1.43,1.5,0.9902475618904726,9,-0.07000000000000006,-13,1,bruno,Faces In Things
999,1287,447,219,1.5,1.33,0.7762237762237763,228,0.16999999999999993,-288,0,bruno,Faces In Things
1268,1171,232,305,1.33,1.78,1.0828351836037575,-73,-0.44999999999999996,97,1,bruno,Faces In Things
972,1493,471,93,1.5,1.5,0.6510381781647689,378,0.0,-521,1,bruno,Faces In Things
954,1157,483,318,1.5,1.5,0.8245462402765773,165,0.0,-203,1,bruno,Faces In Things
1126,752,345,664,1.49,1.33,1.497340425531915,-319,0.15999999999999992,374,1,bruno,Faces In Things
941,1211,493,273,1.45,1.52,0.7770437654830719,220,-0.07000000000000006,-270,0,bruno,Faces In Things
107,641,939,454,0.67,1.5,0.1669266770670827,485,-0.83,-534,0,bruno,Photos From A Studio
778,555,365,535,1.5,1.5,1.4018018018018017,-170,0.0,223,1,bruno,Photos From A Studio
177,689,907,420,1.78,1.5,0.25689404934687954,487,0.28,-512,1,bruno,Photos From A Studio
729,610,394,484,1.71,1.5,1.1950819672131148,-90,0.20999999999999996,119,1,bruno,Photos From A Studio
444,1345,644,6,1.5,1.3,0.33011152416356876,638,0.19999999999999996,-901,0,bruno,Photos From A Studio
682,717,424,402,1.5,1.59,0.9511854951185496,22,-0.09000000000000008,-35,1,bruno,Photos From A Studio
1059,590,131,503,0.97,0.67,1.7949152542372881,-372,0.29999999999999993,469,0,bruno,Photos From A Studio
315,427,772,660,1.33,1.5,0.7377049180327869,112,-0.16999999999999993,-112,0,bruno,Photos From A Studio
954,495,219,594,1.33,0.8,1.9272727272727272,-375,0.53,459,0,bruno,Photos From A Studio
385,774,826,461,0.75,1.25,0.4974160206718346,365,-0.5,-389,0,bruno,Melodic instruments
701,507,522,704,1.41,1.5,1.3826429980276134,-182,-0.09000000000000008,194,1,bruno,Melodic instruments
1027,1423,225,2,1.5,0.97,0.7217146872803936,223,0.53,-396,0,bruno,Melodic instruments
438,441,773,770,1.5,0.75,0.9931972789115646,3,0.75,-3,0,bruno,Melodic instruments
1198,438,61,773,1.53,1.19,2.7351598173515983,-712,0.3400000000000001,760,1,bruno,Melodic instruments
537,581,674,630,1.42,1.5,0.9242685025817556,44,-0.08000000000000007,-44,0,bruno,Melodic instruments
422,1416,789,3,1.51,0.8,0.2980225988700565,786,0.71,-994,1,bruno,Melodic instruments
1181,322,78,889,1.12,0.8,3.6677018633540373,-811,0.32000000000000006,859,1,bruno,Melodic instruments
0,435,999,323,0.0,1.5,0.0,676,-1.5,-435,0,bruno,Stairs
278,219,457,517,1.5,1.33,1.269406392694064,-60,0.16999999999999993,59,1,bruno,Stairs
404,269,338,466,1.39,1.33,1.5018587360594795,-128,0.05999999999999983,135,1,bruno,Stairs
262,263,473,472,1.5,0.82,0.9961977186311787,1,0.68,-1,0,bruno,Stairs
383,371,353,365,1.5,1.46,1.0323450134770888,-12,0.040000000000000036,12,1,bruno,Stairs
383,378,353,358,0.75,1.33,1.0132275132275133,-5,-0.5800000000000001,5,0,bruno,Stairs
439,369,321,367,1.5,1.33,1.1897018970189701,-46,0.16999999999999993,70,0,bruno,Stairs
243,247,493,488,1.5,1.5,0.9838056680161943,5,0.0,-4,0,bruno,Stairs
248,166,487,570,1.5,1.33,1.4939759036144578,-83,0.16999999999999993,82,1,bruno,Stairs
0,887,999,468,0.0,1.5,0.0,531,-1.5,-887,0,bruno,Photographer of the Week
879,714,475,631,1.5,1.51,1.23109243697479,-156,-0.010000000000000009,165,0,bruno,Photographer of the Week
536,521,809,824,1.33,1.33,1.0287907869481765,-15,0.0,15,1,bruno,Photographer of the Week
1056,519,312,826,1.78,1.5,2.0346820809248554,-514,0.28,537,1,bruno,Photographer of the Week
821,1044,529,324,1.33,1.5,0.7863984674329502,205,-0.16999999999999993,-223,0,bruno,Photographer of the Week
808,512,542,833,1.5,0.67,1.578125,-291,0.83,296,0,bruno,Photographer of the Week
1232,685,144,660,1.78,1.25,1.7985401459854014,-516,0.53,547,0,bruno,Photographer of the Week
476,505,869,840,1.33,1.5,0.9425742574257425,29,-0.16999999999999993,-29,0,bruno,Photographer of the Week
504,554,841,791,1.3,0.75,0.9097472924187726,50,0.55,-50,1,bruno,Photographer of the Week
1254,554,123,791,1.62,0.75,2.2635379061371843,-668,0.8700000000000001,700,1,bruno,Photographer of the Week
271,692,992,578,1.0,1.5,0.3916184971098266,414,-0.5,-421,0,bruno,Guru of The Week
809,863,462,409,1.51,1.25,0.9374275782155272,53,0.26,-54,0,bruno,Guru of The Week
469,960,801,327,1.5,1.78,0.48854166666666665,474,-0.28,-491,1,bruno,Guru of The Week
622,816,648,455,1.33,1.39,0.7622549019607843,193,-0.05999999999999983,-194,0,bruno,Guru of The Week
760,807,510,464,1.5,1.23,0.9417596034696406,46,0.27,-47,0,bruno,Guru of The Week
752,1218,518,144,1.33,1.78,0.6174055829228243,374,-0.44999999999999996,-466,1,bruno,Guru of The Week
957,884,330,391,1.5,1.5,1.082579185520362,-61,0.0,73,1,bruno,Guru of The Week
1194,716,162,554,1.48,1.33,1.6675977653631284,-392,0.1499999999999999,478,1,bruno,Guru of The Week
702,519,568,751,1.33,1.5,1.3526011560693643,-183,-0.16999999999999993,183,0,bruno,Guru of The Week
799,187,178,679,1.5,1.35,4.2727272727272725,-501,0.1499999999999999,612,1,bruno,Photo of the Week!
828,873,168,146,1.6,1.33,0.9484536082474226,22,0.27,-45,0,bruno,Photo of the Week!
810,543,176,361,0.75,1.51,1.4917127071823204,-185,-0.76,267,1,bruno,Photo of the Week!
518,836,383,166,1.78,1.5,0.6196172248803827,217,0.28,-318,0,bruno,Photo of the Week!
678,734,245,212,1.5,1.39,0.9237057220708447,33,0.1100000000000001,-56,1,bruno,Photo of the Week!
574,720,330,220,1.5,1.5,0.7972222222222223,110,0.0,-146,1,bruno,Photo of the Week!
671,763,251,194,1.5,1.5,0.8794233289646134,57,0.0,-92,0,bruno,Photo of the Week!
709,943,230,115,1.5,1.33,0.7518557794273595,115,0.16999999999999993,-234,1,bruno,Photo of the Week!
0,257,999,168,0.0,0.82,0.0,831,-0.82,-257,0,bruno,Creatively Abstract
252,242,173,183,1.5,1.5,1.0413223140495869,-10,0.0,10,1,bruno,Creatively Abstract
221,259,204,166,1.33,1.5,0.8532818532818532,38,-0.16999999999999993,-38,0,bruno,Creatively Abstract
150,211,274,214,1.68,0.75,0.7109004739336493,60,0.9299999999999999,-61,0,bruno,Creatively Abstract
216,197,209,228,1.46,1.5,1.0964467005076142,-19,-0.040000000000000036,19,1,bruno,Creatively Abstract
192,220,233,205,1.33,1.33,0.8727272727272727,28,0.0,-28,0,bruno,Creatively Abstract
228,123,197,301,1.5,0.67,1.853658536585366,-104,0.83,105,0,bruno,Creatively Abstract
88,187,336,238,1.27,1.35,0.47058823529411764,98,-0.08000000000000007,-99,0,bruno,Creatively Abstract
133,176,291,249,1.5,1.5,0.7556818181818182,42,0.0,-43,1,bruno,Creatively Abstract
185,176,240,249,1.5,1.5,1.0511363636363635,-9,0.0,9,1,bruno,Creatively Abstract
434,0,567,999,1.33,0.0,434.0,-432,1.33,434,1,bruno,Powerful Composition
351,323,634,661,1.11,1.33,1.0866873065015479,-27,-0.21999999999999997,28,1,bruno,Powerful Composition
291,1328,693,1,1.0,1.5,0.2191265060240964,692,-0.5,-1037,1,bruno,Powerful Composition
354,400,631,589,1.16,1.49,0.885,42,-0.33000000000000007,-46,1,bruno,Powerful Composition
865,342,247,643,1.78,1.5,2.5292397660818713,-396,0.28,523,1,bruno,Powerful Composition
1142,257,31,727,2.38,1.33,4.443579766536965,-696,1.0499999999999998,885,0,bruno,Powerful Composition
1180,992,22,128,1.5,1.5,1.189516129032258,-106,0.0,188,1,bruno,Powerful Composition
1298,0,74,999,1.5,0.0,1298.0,-925,1.5,1298,1,bruno,Peaceful & Still
515,1026,712,310,1.23,1.5,0.5019493177387915,402,-0.27,-511,0,bruno,Peaceful & Still
1203,1190,146,156,1.5,1.5,1.0109243697478991,-10,0.0,13,1,bruno,Peaceful & Still
552,1232,684,124,0.75,1.33,0.44805194805194803,560,-0.5800000000000001,-680,1,bruno,Peaceful & Still
1018,423,318,802,1.5,1.51,2.4066193853427897,-484,-0.010000000000000009,595,0,bruno,Peaceful & Still
1043,1127,295,213,1.5,1.33,0.9254658385093167,82,0.16999999999999993,-84,1,bruno,Peaceful & Still
291,923,934,412,1.33,1.5,0.3152762730227519,522,-0.16999999999999993,-632,0,bruno,Peaceful & Still
939,0,396,999,1.5,0.0,939.0,-603,1.5,939,1,bruno,Peaceful & Still
446,93,336,673,0.98,0.75,4.795698924731183,-337,0.22999999999999998,353,1,bruno,Blue & Orange
333,321,434,446,1.33,1.53,1.0373831775700935,-12,-0.19999999999999996,12,1,bruno,Blue & Orange
486,310,313,457,1.5,1.5,1.5677419354838709,-144,0.0,176,1,bruno,Blue & Orange
311,468,456,321,1.0,1.33,0.6645299145299145,135,-0.33000000000000007,-157,1,bruno,Blue & Orange
1146,305,6,462,1.5,1.56,3.7573770491803278,-456,-0.06000000000000005,841,1,bruno,Blue & Orange
122,400,645,368,1.33,1.5,0.305,277,-0.16999999999999993,-278,0,bruno,Blue & Orange
426,492,346,309,1.5,1.5,0.8658536585365854,37,0.0,-66,0,bruno,Blue & Orange
206,454,563,331,1.5,1.5,0.45374449339207046,232,0.0,-248,0,bruno,Blue & Orange
341,64,352,629,1.4,1.98,5.328125,-277,-0.5800000000000001,277,1,bruno,Being A Child
102,194,591,499,0.67,1.78,0.5257731958762887,92,-1.1099999999999999,-92,0,bruno,Being A Child
273,163,420,530,1.34,1.78,1.6748466257668713,-110,-0.43999999999999995,110,1,bruno,Being A Child
409,353,296,341,1.5,1.33,1.158640226628895,-45,0.16999999999999993,56,0,bruno,Being A Child
255,309,438,384,1.33,1.5,0.8252427184466019,54,-0.16999999999999993,-54,1,bruno,Being A Child
251,256,442,437,1.5,1.5,0.98046875,5,0.0,-5,0,bruno,Being A Child
185,245,508,448,0.75,1.25,0.7551020408163265,60,-0.5,-60,1,bruno,Being A Child
0,257,999,477,0.0,1.5,0.0,522,-1.5,-257,0,bruno,Negative Space
331,287,403,447,1.12,1.5,1.1533101045296168,-44,-0.3799999999999999,44,0,bruno,Negative Space
272,415,462,354,1.5,1.5,0.655421686746988,108,0.0,-143,0,bruno,Negative Space
247,220,487,514,1.5,1.5,1.1227272727272728,-27,0.0,27,0,bruno,Negative Space
143,337,591,397,1.01,1.5,0.42433234421364985,194,-0.49,-194,0,bruno,Negative Space
292,243,442,491,1.39,1.49,1.2016460905349795,-49,-0.10000000000000009,49,0,bruno,Negative Space
245,243,489,491,1.5,1.33,1.008230452674897,-2,0.16999999999999993,2,1,bruno,Negative Space
192,49,259,398,1.33,1.51,3.9183673469387754,-139,-0.17999999999999994,143,1,bruno,Dramatic Storms
242,238,209,213,1.51,1.47,1.0168067226890756,-4,0.040000000000000036,4,1,bruno,Dramatic Storms
225,237,226,214,1.33,1.33,0.9493670886075949,12,0.0,-12,0,bruno,Dramatic Storms
221,369,230,123,1.5,1.5,0.5989159891598916,107,0.0,-148,1,bruno,Dramatic Storms
223,218,228,233,1.41,1.5,1.0229357798165137,-5,-0.09000000000000008,5,1,bruno,Dramatic Storms
341,319,132,142,1.33,1.5,1.0689655172413792,-10,-0.16999999999999993,22,1,bruno,Dramatic Storms
128,286,323,169,1.5,1.33,0.44755244755244755,154,0.16999999999999993,-158,0,bruno,Dramatic Storms
40,148,294,257,0.56,1.33,0.2702702702702703,37,-0.77,-108,0,bruno,Fascinating Museums
298,409,139,50,1.33,1.54,0.7286063569682152,89,-0.20999999999999996,-111,0,bruno,Fascinating Museums
92,105,276,272,1.5,1.5,0.8761904761904762,4,0.0,-13,0,bruno,Fascinating Museums
375,312,74,127,1.32,1.33,1.2019230769230769,-53,-0.010000000000000009,63,0,bruno,Fascinating Museums
366,535,82,8,1.33,1.33,0.6841121495327103,74,0.0,-169,0,bruno,Fascinating Museums
369,367,79,81,1.5,0.75,1.005449591280654,-2,0.75,2,1,bruno,Fascinating Museums
358,366,90,82,1.33,1.5,0.9781420765027322,8,-0.16999999999999993,-8,0,bruno,Fascinating Museums
0,357,999,534,0.0,1.46,0.0,465,-1.46,-357,0,bruno,Leading with Lines
368,373,523,519,1.5,1.5,0.9865951742627346,4,0.0,-5,1,bruno,Leading with Lines
989,1029,76,49,1.33,1.33,0.9611273080660836,27,0.0,-40,0,bruno,Leading with Lines
932,938,115,110,1.5,1.33,0.9936034115138592,5,0.16999999999999993,-6,1,bruno,Leading with Lines
863,942,176,108,1.33,1.5,0.916135881104034,68,-0.16999999999999993,-79,0,bruno,Leading with Lines
357,838,534,199,1.63,1.5,0.42601431980906923,335,0.1299999999999999,-481,1,bruno,Leading with Lines
1023,837,54,200,1.5,1.41,1.2222222222222223,-146,0.09000000000000008,186,0,bruno,Leading with Lines
821,0,215,999,1.33,0.0,821.0,-784,1.33,821,1,bruno,Leading with Lines
90,340,477,251,0.66,1.28,0.2647058823529412,226,-0.62,-250,0,bruno,12 Hours
334,340,257,251,1.33,1.5,0.9823529411764705,6,-0.16999999999999993,-6,0,bruno,12 Hours
529,1196,143,10,1.5,1.5,0.4423076923076923,133,0.0,-667,0,bruno,12 Hours
379,404,213,189,1.33,0.8,0.9381188118811881,24,0.53,-25,1,bruno,12 Hours
359,438,232,164,1.5,1.36,0.819634703196347,68,0.1399999999999999,-79,0,bruno,12 Hours
301,299,289,291,1.5,1.5,1.0066889632107023,-2,0.0,2,0,bruno,12 Hours
1111,1217,29,8,1.33,1.37,0.9129005751848809,21,-0.040000000000000036,-106,0,bruno,12 Hours
325,216,266,375,1.5,1.33,1.5046296296296295,-109,0.16999999999999993,109,1,bruno,12 Hours
387,0,627,999,1.0,0.0,387.0,-372,1.0,387,1,bruno,Repeated Subjects
1173,1196,77,66,1.33,1.5,0.9807692307692307,11,-0.16999999999999993,-23,1,bruno,Repeated Subjects
998,428,214,586,1.5,1.33,2.3317757009345796,-372,0.16999999999999993,570,0,bruno,Repeated Subjects
1115,414,118,598,1.33,1.5,2.6932367149758454,-480,-0.16999999999999993,701,0,bruno,Repeated Subjects
947,1205,257,60,1.33,1.42,0.7858921161825726,197,-0.08999999999999986,-258,0,bruno,Repeated Subjects
1197,1055,65,165,1.5,1.48,1.1345971563981043,-100,0.020000000000000018,142,1,bruno,Repeated Subjects
1263,298,29,716,1.47,1.5,4.238255033557047,-687,-0.030000000000000027,965,1,bruno,Repeated Subjects
1187,204,71,810,1.53,1.33,5.818627450980392,-739,0.19999999999999996,983,1,bruno,Repeated Subjects
1078,217,378,911,1.5,0.67,4.967741935483871,-533,0.83,861,1,caloune,Trace Your Tracks
1045,1030,408,419,1.33,1.0,1.0145631067961165,-11,0.33000000000000007,15,1,caloune,Trace Your Tracks
2060,987,2,452,0.85,1.5,2.087132725430598,-450,-0.65,1073,1,caloune,Trace Your Tracks
1028,982,421,455,1.5,1.45,1.0468431771894093,-34,0.050000000000000044,46,1,caloune,Trace Your Tracks
1246,976,247,461,2.06,1.37,1.276639344262295,-214,0.69,270,1,caloune,Trace Your Tracks
969,959,467,473,1.33,1.33,1.0104275286757038,-6,0.0,10,1,caloune,Trace Your Tracks
1132,1336,333,179,1.5,1.5,0.8473053892215568,154,0.0,-204,0,caloune,Trace Your Tracks
1361,1823,164,12,1.78,1.5,0.7465715852989577,152,0.28,-462,0,caloune,Trace Your Tracks
0,410,999,584,0.0,1.34,0.0,415,-1.34,-410,0,caloune,Movement
435,494,559,518,1.5,1.5,0.8805668016194332,41,0.0,-59,0,caloune,Movement
1097,260,71,737,1.5,1.46,4.219230769230769,-666,0.040000000000000036,837,1,caloune,Movement
362,1044,632,110,1.33,1.5,0.34674329501915707,522,-0.16999999999999993,-682,0,caloune,Movement
456,454,542,544,1.28,1.5,1.0044052863436124,-2,-0.21999999999999997,2,1,caloune,Movement
467,1292,533,4,1.5,1.5,0.36145510835913314,529,0.0,-825,0,caloune,Movement
871,1048,264,106,1.33,1.45,0.8311068702290076,158,-0.11999999999999988,-177,0,caloune,Movement
459,220,540,780,1.33,1.33,2.0863636363636364,-240,0.0,239,1,caloune,Movement
251,919,745,219,1.61,2.29,0.2731229597388466,526,-0.6799999999999999,-668,0,caloune,Movement
283,1034,1246,530,1.33,1.4,0.2736943907156673,716,-0.06999999999999984,-751,0,caloune,Bike Riders
757,1509,789,104,1.5,1.33,0.5016567263088137,685,0.16999999999999993,-752,0,caloune,Bike Riders
920,701,636,845,1.5,1.5,1.3124108416547788,-209,0.0,219,1,caloune,Bike Riders
1879,1584,6,61,1.5,1.5,1.1862373737373737,-55,0.0,295,1,caloune,Bike Riders
152,1204,1265,371,1.5,1.5,0.12624584717607973,894,0.0,-1052,0,caloune,Bike Riders
1751,678,18,867,1.51,1.4,2.5825958702064895,-849,0.1100000000000001,1073,1,caloune,Bike Riders
1377,1038,211,527,1.54,1.5,1.3265895953757225,-316,0.040000000000000036,339,1,caloune,Bike Riders
614,1282,925,300,1.49,1.5,0.4789391575663027,625,-0.010000000000000009,-668,0,caloune,Bike Riders
777,1116,771,452,1.45,0.75,0.696236559139785,319,0.7,-339,0,caloune,Bike Riders
463,0,620,999,1.33,0.0,463.0,-379,1.33,463,1,caloune,Perfect Shot
455,305,624,770,1.33,1.5,1.4918032786885247,-146,-0.16999999999999993,150,1,caloune,Perfect Shot
912,337,287,738,1.33,1.4,2.706231454005935,-451,-0.06999999999999984,575,0,caloune,Perfect Shot
917,299,282,775,1.41,1.49,3.0668896321070234,-493,-0.08000000000000007,618,0,caloune,Perfect Shot
1318,1259,13,24,1.2,1.53,1.0468625893566323,-11,-0.33000000000000007,59,0,caloune,Perfect Shot
400,389,675,686,1.28,1.5,1.0282776349614395,-11,-0.21999999999999997,11,1,caloune,Perfect Shot
0,1303,999,109,0.0,1.5,0.0,890,-1.5,-1303,0,caloune,Walls and Fences
1200,1054,196,337,1.5,1.4,1.1385199240986716,-141,0.10000000000000009,146,0,caloune,Walls and Fences
1391,1155,52,241,1.39,1.5,1.2043290043290042,-189,-0.1100000000000001,236,0,caloune,Walls and Fences
459,358,815,916,1.33,1.33,1.282122905027933,-101,0.0,101,0,caloune,Walls and Fences
1341,689,80,659,1.5,1.33,1.946298984034833,-579,0.16999999999999993,652,0,caloune,Walls and Fences
1060,340,331,934,1.33,1.5,3.1176470588235294,-603,-0.16999999999999993,720,1,caloune,Walls and Fences
1175,1136,221,260,1.5,1.33,1.034330985915493,-39,0.16999999999999993,39,0,caloune,Walls and Fences
290,2281,1451,13,0.85,1.5,0.12713722051731696,1438,-0.65,-1991,0,caloune,Home Sweet Home
2331,2145,5,23,1.5,1.5,1.0867132867132867,-18,0.0,186,1,caloune,Home Sweet Home
1472,1269,374,556,1.51,1.54,1.1599684791174152,-182,-0.030000000000000027,203,0,caloune,Home Sweet Home
1689,1664,181,202,1.5,1.33,1.0150240384615385,-21,0.16999999999999993,25,0,caloune,Home Sweet Home
1341,850,492,952,1.47,1.33,1.5776470588235294,-460,0.1399999999999999,491,1,caloune,Home Sweet Home
914,1439,890,404,1.5,1.5,0.6351633078526755,486,0.0,-525,1,caloune,Home Sweet Home
1682,922,185,882,1.38,1.33,1.824295010845987,-697,0.04999999999999982,760,0,caloune,Home Sweet Home
929,1935,875,61,1.5,1.5,0.48010335917312663,814,0.0,-1006,0,caloune,Home Sweet Home
1281,765,546,1034,1.5,1.4,1.6745098039215687,-488,0.10000000000000009,516,0,caloune,Home Sweet Home
1281,1083,546,727,1.5,1.5,1.182825484764543,-181,0.0,198,0,caloune,Home Sweet Home
0,1127,999,762,0.0,1.5,0.0,237,-1.5,-1127,0,caloune,Capturing Rooftops
1684,1244,233,651,1.5,1.5,1.3536977491961415,-418,0.0,440,1,caloune,Capturing Rooftops
1630,1203,282,691,1.28,1.4,1.3549459684123026,-409,-0.11999999999999988,427,0,caloune,Capturing Rooftops
1764,1742,167,186,1.5,1.51,1.0126291618828933,-19,-0.010000000000000009,22,1,caloune,Capturing Rooftops
1711,1343,211,558,1.39,1.57,1.2740134028294863,-347,-0.18000000000000016,368,0,caloune,Capturing Rooftops
1687,1050,230,840,1.33,1.52,1.6066666666666667,-610,-0.18999999999999995,637,0,caloune,Capturing Rooftops
0,586,999,663,0.0,1.33,0.0,336,-1.33,-586,0,caloune,Beyond Repair
439,481,800,758,1.33,1.5,0.9126819126819127,42,-0.16999999999999993,-42,1,caloune,Beyond Repair
386,407,853,832,1.16,1.51,0.9484029484029484,21,-0.3500000000000001,-21,0,caloune,Beyond Repair
507,418,732,821,1.78,1.33,1.2129186602870814,-89,0.44999999999999996,89,1,caloune,Beyond Repair
588,1374,662,57,0.79,1.5,0.4279475982532751,605,-0.71,-786,1,caloune,Beyond Repair
523,620,716,651,1.33,1.5,0.8435483870967742,65,-0.16999999999999993,-97,0,caloune,Beyond Repair
599,1405,656,38,1.5,1.5,0.42633451957295376,618,0.0,-806,0,caloune,Beyond Repair
1211,343,187,891,1.47,1.36,3.5306122448979593,-704,0.10999999999999988,868,1,caloune,Beyond Repair
0,1913,999,44,0.0,1.5,0.0,955,-1.5,-1913,0,caloune,Your Country
2067,2082,6,5,1.53,1.5,0.9927953890489913,1,0.030000000000000027,-15,0,caloune,Your Country
952,1962,856,29,1.55,1.33,0.48521916411824667,827,0.21999999999999997,-1010,0,caloune,Your Country
1673,1661,169,179,1.5,1.5,1.0072245635159542,-10,0.0,12,1,caloune,Your Country
1979,1296,24,517,1.33,1.5,1.5270061728395061,-493,-0.16999999999999993,683,0,caloune,Your Country
1806,1735,95,131,1.5,1.5,1.0409221902017292,-36,0.0,71,0,caloune,Your Country
1659,1123,180,687,1.78,1.5,1.477292965271594,-507,0.28,536,1,caloune,Your Country
1845,752,76,1055,1.33,1.5,2.453457446808511,-979,-0.16999999999999993,1093,1,caloune,Your Country
0,1536,999,282,0.0,1.5,0.0,717,-1.5,-1536,0,caloune,Your Country
0,927,999,262,0.0,1.5,0.0,737,-1.5,-927,0,caloune,Begins With L
1243,1351,24,8,1.53,1.58,0.920059215396003,16,-0.050000000000000044,-108,0,caloune,Begins With L
1155,1100,67,106,1.33,1.33,1.05,-39,0.0,55,0,caloune,Begins With L
395,475,666,599,1.4,1.5,0.8315789473684211,67,-0.10000000000000009,-80,0,caloune,Begins With L
961,224,231,836,1.39,1.5,4.290178571428571,-605,-0.1100000000000001,737,1,caloune,Begins With L
869,282,315,779,1.0,1.33,3.0815602836879434,-464,-0.33000000000000007,587,1,caloune,Begins With L
371,1086,690,118,1.33,1.5,0.3416206261510129,572,-0.16999999999999993,-715,1,caloune,Begins With L
852,246,330,814,1.5,1.45,3.4634146341463414,-484,0.050000000000000044,606,1,caloune,Begins With L
851,278,331,783,1.33,1.33,3.0611510791366907,-452,0.0,573,1,caloune,Begins With L
0,415,999,603,0.0,1.33,0.0,396,-1.33,-415,0,caloune,Stop the time
737,296,405,719,1.5,1.49,2.489864864864865,-314,0.010000000000000009,441,1,caloune,Stop the time
289,1170,726,61,1.33,1.39,0.24700854700854702,665,-0.05999999999999983,-881,0,caloune,Stop the time
914,1003,248,171,1.33,1.49,0.9112662013958126,77,-0.15999999999999992,-89,1,caloune,Stop the time
295,1153,720,69,1.5,1.5,0.25585429314830876,651,0.0,-858,0,caloune,Stop the time
948,358,218,658,1.37,1.5,2.64804469273743,-440,-0.1299999999999999,590,1,caloune,Stop the time
881,1315,277,16,1.3,0.67,0.6699619771863118,261,0.63,-434,0,caloune,Stop the time
179,1050,839,130,0.75,1.13,0.17047619047619048,709,-0.3799999999999999,-871,0,caloune,Stop the time
279,1838,1321,26,1.95,1.5,0.15179542981501631,1295,0.44999999999999996,-1559,0,caloune,Naturally Lit Portraits
1366,1173,314,484,1.5,1.5,1.1645353793691389,-170,0.0,193,1,caloune,Naturally Lit Portraits
1334,1987,344,8,1.33,1.5,0.6713638651233015,336,-0.16999999999999993,-653,0,caloune,Naturally Lit Portraits
1515,1024,180,621,1.5,1.4,1.4794921875,-441,0.10000000000000009,491,0,caloune,Naturally Lit Portraits
760,1498,871,194,1.78,1.02,0.507343124165554,677,0.76,-738,0,caloune,Naturally Lit Portraits
1745,1202,49,461,1.5,1.25,1.4517470881863561,-412,0.25,543,1,caloune,Naturally Lit Portraits
154,1533,1352,169,1.04,1.5,0.1004566210045662,1183,-0.45999999999999996,-1379,0,caloune,Naturally Lit Portraits
539,1023,1083,622,1.5,1.5,0.5268817204301075,461,0.0,-484,0,caloune,Naturally Lit Portraits
644,1567,968,539,1.78,1.33,0.41097638800255265,429,0.44999999999999996,-923,0,caloune,Colorful Tiles & Mosaics
1805,1451,365,606,1.21,1.5,1.2439696760854584,-241,-0.29000000000000004,354,1,caloune,Colorful Tiles & Mosaics
2470,2100,24,165,1.49,1.5,1.1761904761904762,-141,-0.010000000000000009,370,0,caloune,Colorful Tiles & Mosaics
1853,1426,327,622,1.33,1.5,1.2994389901823282,-295,-0.16999999999999993,427,1,caloune,Colorful Tiles & Mosaics
1674,2190,468,115,1.33,1.33,0.7643835616438356,353,0.0,-516,1,caloune,Colorful Tiles & Mosaics
2795,2576,1,8,1.5,1.5,1.0850155279503106,-7,0.0,219,1,caloune,Colorful Tiles & Mosaics
1881,1423,307,624,1.33,1.5,1.3218552354181308,-317,-0.16999999999999993,458,1,caloune,Colorful Tiles & Mosaics
2439,1706,30,440,1.5,0.98,1.4296600234466588,-410,0.52,733,1,caloune,Colorful Tiles & Mosaics
1865,1187,318,794,1.33,0.66,1.5711878685762426,-476,0.67,678,1,caloune,Colorful Tiles & Mosaics
1302,1481,533,361,1.5,1.5,0.8791357191087104,172,0.0,-179,0,caloune,Capturing Beige
1609,1178,240,654,1.37,1.53,1.365874363327674,-414,-0.15999999999999992,431,1,caloune,Capturing Beige
2079,1995,11,30,1.33,1.33,1.0421052631578946,-19,0.0,84,1,caloune,Capturing Beige
1064,1877,766,72,1.39,1.5,0.5668620138518913,694,-0.1100000000000001,-813,1,caloune,Capturing Beige
1134,1584,697,259,1.33,1.34,0.7159090909090909,438,-0.010000000000000009,-450,1,caloune,Capturing Beige
1969,1891,34,65,1.4,1.25,1.0412480169222633,-31,0.1499999999999999,78,1,caloune,Capturing Beige
934,1007,892,821,1.33,1.5,0.9275074478649454,71,-0.16999999999999993,-73,1,caloune,Capturing Beige
1388,1101,452,729,0.56,1.33,1.2606721162579473,-277,-0.77,287,0,caloune,Capturing Beige
1388,1712,452,160,0.56,1.78,0.8107476635514018,292,-1.22,-324,0,caloune,Capturing Beige
1592,4102,1981,207,0.45,1.5,0.38810336421257924,1774,-1.05,-2510,0,caloune,Photo of the Week!
5153,3314,3,871,1.5,1.33,1.5549185274592636,-868,0.16999999999999993,1839,1,caloune,Photo of the Week!
3946,3892,331,372,1.6,1.33,1.0138746145940392,-41,0.27,54,1,caloune,Photo of the Week!
3476,3752,730,496,1.5,1.5,0.9264392324093816,234,0.0,-276,1,caloune,Photo of the Week!
2649,4322,1381,87,1.51,1.43,0.6129106894956039,1294,0.08000000000000007,-1673,1,caloune,Photo of the Week!
3988,4631,297,28,1.33,1.33,0.8611530986827899,269,0.0,-643,1,caloune,Photo of the Week!
3300,3366,880,823,1.56,1.33,0.9803921568627451,57,0.22999999999999998,-66,0,caloune,Photo of the Week!
3873,2221,388,1669,1.33,1.78,1.7438090950022513,-1281,-0.44999999999999996,1652,1,caloune,Photo of the Week!
3766,3333,483,855,1.13,1.5,1.12991299129913,-372,-0.3700000000000001,433,1,caloune,Photo of the Week!
4465,3333,46,855,1.33,1.5,1.3396339633963397,-809,-0.16999999999999993,1132,1,caloune,Photo of the Week!
0,732,999,589,0.0,1.5,0.0,410,-1.5,-732,0,caloune,Screen Stars - Blossom Shine
682,680,639,640,1.33,1.33,1.0029411764705882,-1,0.0,2,1,caloune,Screen Stars - Blossom Shine
1431,641,6,677,1.33,1.55,2.232449297971919,-671,-0.21999999999999997,790,1,caloune,Screen Stars - Blossom Shine
0,973,999,350,0.0,1.33,0.0,649,-1.33,-973,1,caloune,Screen Stars - Blossom Shine
665,538,654,779,1.5,1.5,1.2360594795539033,-125,0.0,127,1,caloune,Screen Stars - Blossom Shine
0,626,999,692,0.0,1.33,0.0,307,-1.33,-626,1,caloune,Screen Stars - Blossom Shine
1034,572,289,745,1.31,1.5,1.8076923076923077,-456,-0.18999999999999995,462,0,caloune,Screen Stars - Blossom Shine
0,589,999,728,0.0,1.5,0.0,271,-1.5,-589,0,caloune,Screen Stars - Blossom Shine
0,1168,999,157,0.0,1.06,0.0,842,-1.06,-1168,0,caloune,Screen Stars - Blossom Shine
529,0,788,999,0.75,0.0,529.0,-211,0.75,529,1,caloune,Screen Stars - Blossom Shine
0,1259,999,111,0.0,1.5,0.0,888,-1.5,-1259,0,caloune,Have A Seat
423,1065,818,294,1.5,1.33,0.3971830985915493,524,0.16999999999999993,-642,1,caloune,Have A Seat
1266,562,105,677,1.5,0.66,2.2526690391459074,-572,0.84,704,1,caloune,Have A Seat
1388,1128,33,231,1.5,1.33,1.2304964539007093,-198,0.16999999999999993,260,1,caloune,Have A Seat
1032,354,325,887,1.5,1.33,2.9152542372881354,-562,0.16999999999999993,678,1,caloune,Have A Seat
1248,509,121,731,1.5,1.51,2.4518664047151275,-610,-0.010000000000000009,739,1,caloune,Have A Seat
1136,1065,223,294,1.37,1.57,1.0666666666666667,-71,-0.19999999999999996,71,0,caloune,Have A Seat
300,0,692,999,1.5,0.0,300.0,-307,1.5,300,1,caloune,Let’s Have Fun!
1047,1015,100,129,1.5,1.54,1.0315270935960592,-29,-0.040000000000000036,32,1,caloune,Let’s Have Fun!
427,1180,568,24,1.41,1.5,0.36186440677966103,544,-0.09000000000000008,-753,0,caloune,Let’s Have Fun!
744,731,376,387,1.51,1.0,1.0177838577291383,-11,0.51,13,0,caloune,Let’s Have Fun!
337,366,654,625,1.5,1.4,0.9207650273224044,29,0.10000000000000009,-29,0,caloune,Let’s Have Fun!
1008,276,134,716,1.0,1.5,3.652173913043478,-582,-0.5,732,0,caloune,Let’s Have Fun!
1238,402,12,589,1.5,1.51,3.0796019900497513,-577,-0.010000000000000009,836,1,caloune,Let’s Have Fun!
856,296,274,696,1.5,1.5,2.891891891891892,-422,0.0,560,1,caloune,Let’s Have Fun!
563,0,542,999,1.5,0.0,563.0,-457,1.5,563,1,caloune,No Face Self-Portrait
875,1255,340,45,1.5,1.33,0.6972111553784861,295,0.16999999999999993,-380,0,caloune,No Face Self-Portrait
379,1522,691,2,1.59,1.33,0.2490144546649146,689,0.26,-1143,1,caloune,No Face Self-Portrait
1202,1362,74,11,1.33,1.45,0.882525697503671,63,-0.11999999999999988,-160,1,caloune,No Face Self-Portrait
1019,362,215,708,1.33,1.59,2.814917127071823,-493,-0.26,657,0,caloune,No Face Self-Portrait
1229,1313,62,20,1.33,1.39,0.9360243716679361,42,-0.05999999999999983,-84,0,caloune,No Face Self-Portrait
1111,251,134,819,1.1,1.5,4.426294820717131,-685,-0.3999999999999999,860,1,caloune,No Face Self-Portrait
0,1114,999,93,0.0,1.5,0.0,906,-1.5,-1114,0,caloune,Rare Or Commonplace
988,310,192,709,1.5,2.0,3.1870967741935483,-517,-0.5,678,0,caloune,Rare Or Commonplace
498,1359,552,10,1.52,1.5,0.36644591611479027,542,0.020000000000000018,-861,0,caloune,Rare Or Commonplace
306,302,713,717,1.33,1.5,1.0132450331125828,-4,-0.16999999999999993,4,1,caloune,Rare Or Commonplace
301,410,718,610,1.02,1.5,0.7341463414634146,108,-0.48,-109,1,caloune,Rare Or Commonplace
1076,357,122,662,1.33,1.6,3.0140056022408963,-540,-0.27,719,1,caloune,Rare Or Commonplace
346,354,673,665,1.5,1.33,0.9774011299435028,8,0.16999999999999993,-8,1,caloune,Rare Or Commonplace
297,930,722,245,1.49,1.06,0.3193548387096774,477,0.42999999999999994,-633,0,caloune,Rare Or Commonplace
453,0,781,999,1.5,0.0,453.0,-218,1.5,453,1,caloune,Mysterious Mysteries
353,1346,881,47,1.5,1.5,0.262258543833581,834,0.0,-993,0,caloune,Mysterious Mysteries
495,526,741,714,1.5,1.33,0.94106463878327,27,0.16999999999999993,-31,1,caloune,Mysterious Mysteries
1224,981,139,363,1.55,1.5,1.2477064220183487,-224,0.050000000000000044,243,0,caloune,Mysterious Mysteries
342,951,892,393,1.5,1.5,0.35962145110410093,499,0.0,-609,1,caloune,Mysterious Mysteries
465,1365,770,36,1.5,1.33,0.34065934065934067,734,0.16999999999999993,-900,1,caloune,Mysterious Mysteries
1281,1105,90,242,1.33,1.39,1.1592760180995476,-152,-0.05999999999999983,176,0,caloune,Mysterious Mysteries
1150,0,203,999,1.5,0.0,1150.0,-796,1.5,1150,1,caloune,Mysterious Mysteries
930,302,412,931,1.5,1.5,3.0794701986754967,-519,0.0,628,1,caloune,Mysterious Mysteries
1121,158,647,1454,1.33,0.75,7.094936708860759,-807,0.5800000000000001,963,1,caloune,Fanciful Sunflowers
1167,1217,604,556,1.5,2.34,0.9589153656532456,48,-0.8399999999999999,-50,0,caloune,Fanciful Sunflowers
740,804,1010,949,1.5,1.5,0.9203980099502488,61,0.0,-64,0,caloune,Fanciful Sunflowers
739,1707,1011,124,0.86,1.5,0.43292325717633273,887,-0.64,-968,1,caloune,Fanciful Sunflowers
980,985,779,774,1.5,1.5,0.9949238578680203,5,0.0,-5,0,caloune,Fanciful Sunflowers
1100,1800,665,75,0.85,1.5,0.6111111111111112,590,-0.65,-700,1,caloune,Fanciful Sunflowers
965,1060,794,703,1.33,1.51,0.910377358490566,91,-0.17999999999999994,-95,0,caloune,Fanciful Sunflowers
1027,1705,735,126,0.75,1.0,0.6023460410557184,609,-0.25,-678,0,caloune,Fanciful Sunflowers
1269,1573,509,225,1.5,1.33,0.806738715829625,284,0.16999999999999993,-304,0,caloune,Fanciful Sunflowers
968,1269,791,509,1.5,1.5,0.7628053585500394,282,0.0,-301,1,caloune,Fanciful Sunflowers
338,0,664,999,1.5,0.0,338.0,-335,1.5,338,1,caloune,Guru’s Pick Rush - 10 Hours
289,410,713,593,1.5,1.5,0.7048780487804878,120,0.0,-121,1,caloune,Guru’s Pick Rush - 10 Hours
409,277,594,725,1.33,1.5,1.476534296028881,-131,-0.16999999999999993,132,1,caloune,Guru’s Pick Rush - 10 Hours
1023,295,93,707,0.89,1.5,3.4677966101694917,-614,-0.61,728,0,caloune,Guru’s Pick Rush - 10 Hours
382,258,618,743,1.2,1.31,1.4806201550387597,-125,-0.1100000000000001,124,0,caloune,Guru’s Pick Rush - 10 Hours
1090,942,42,166,1.5,1.45,1.157112526539278,-124,0.050000000000000044,148,1,caloune,Guru’s Pick Rush - 10 Hours
0,928,999,372,0.0,1.5,0.0,627,-1.5,-928,0,caloune,House & Wild Cats
484,1028,723,277,1.4,1.33,0.4708171206225681,446,0.06999999999999984,-544,0,caloune,House & Wild Cats
1116,458,191,749,1.5,1.21,2.4366812227074237,-558,0.29000000000000004,658,0,caloune,House & Wild Cats
1113,1153,194,158,0.56,1.5,0.9653078924544666,36,-0.94,-40,0,caloune,House & Wild Cats
397,341,811,868,1.33,1.45,1.1642228739002933,-57,-0.11999999999999988,56,1,caloune,House & Wild Cats
954,1337,348,23,1.5,1.33,0.7135377711293942,325,0.16999999999999993,-383,1,caloune,House & Wild Cats
511,538,698,676,1.53,1.53,0.949814126394052,22,0.0,-27,1,caloune,House & Wild Cats
541,325,673,884,1.33,1.33,1.6646153846153846,-211,0.0,216,1,caloune,House & Wild Cats
969,415,85,346,1.35,1.5,2.3349397590361445,-261,-0.1499999999999999,554,0,caloune,Negative Space
247,265,480,462,1.5,1.33,0.9320754716981132,18,0.16999999999999993,-18,0,caloune,Negative Space
276,262,451,465,1.33,1.33,1.0534351145038168,-14,0.0,14,0,caloune,Negative Space
306,236,422,492,1.38,1.0,1.2966101694915255,-70,0.3799999999999999,70,1,caloune,Negative Space
243,246,484,481,1.49,1.78,0.9878048780487805,3,-0.29000000000000004,-3,1,caloune,Negative Space
236,241,491,486,1.33,1.5,0.979253112033195,5,-0.16999999999999993,-5,0,caloune,Negative Space
231,151,497,576,1.33,1.5,1.5298013245033113,-79,-0.16999999999999993,80,1,caloune,Negative Space
0,457,999,772,0.0,1.5,0.0,227,-1.5,-457,0,caloune,Peaceful & Still
382,1165,847,181,1.5,1.33,0.3278969957081545,666,0.16999999999999993,-783,0,caloune,Peaceful & Still
1190,1026,159,313,1.45,1.33,1.1598440545808968,-154,0.11999999999999988,164,1,caloune,Peaceful & Still
1026,1289,313,85,1.5,1.33,0.7959658650116369,228,0.16999999999999993,-263,1,caloune,Peaceful & Still
1185,515,164,715,1.5,1.23,2.3009708737864076,-551,0.27,670,0,caloune,Peaceful & Still
1270,1428,97,19,1.33,1.37,0.8893557422969187,78,-0.040000000000000036,-158,0,caloune,Peaceful & Still
1190,1434,159,18,1.5,1.5,0.8298465829846583,141,0.0,-244,1,caloune,Peaceful & Still
450,0,779,999,1.5,0.0,450.0,-220,1.5,450,1,caloune,Peaceful & Still
343,538,886,700,1.5,1.32,0.637546468401487,186,0.17999999999999994,-195,0,caloune,Peaceful & Still
661,1172,1465,997,1.5,1.5,0.5639931740614335,468,0.0,-511,0,caloune,Photos From A Studio
1943,1370,278,815,1.5,1.43,1.4182481751824818,-537,0.07000000000000006,573,1,caloune,Photos From A Studio
2137,2016,133,215,1.5,1.5,1.0600198412698412,-82,0.0,121,1,caloune,Photos From A Studio
1702,2313,503,49,1.33,1.42,0.7358408992650238,454,-0.08999999999999986,-611,1,caloune,Photos From A Studio
1245,2412,929,22,1.5,1.5,0.5161691542288557,907,0.0,-1167,0,caloune,Photos From A Studio
2505,1536,8,660,1.3,1.33,1.630859375,-652,-0.030000000000000027,969,1,caloune,Photos From A Studio
2001,1728,227,479,1.5,1.51,1.1579861111111112,-252,-0.010000000000000009,273,0,caloune,Photos From A Studio
1747,2395,462,28,1.06,1.4,0.7294363256784969,434,-0.33999999999999986,-648,0,caloune,Photos From A Studio
1056,0,745,999,1.36,0.0,1056.0,-254,1.36,1056,1,caloune,Facebook Limelight
953,0,848,999,1.41,0.0,953.0,-151,1.41,953,0,caloune,Facebook Limelight
1047,1828,754,46,1.33,1.33,0.5727571115973742,708,0.0,-781,0,caloune,Facebook Limelight
1751,1126,93,674,1.33,1.5,1.5550621669626998,-581,-0.16999999999999993,625,1,caloune,Facebook Limelight
1811,1674,57,150,1.5,1.37,1.0818399044205496,-93,0.1299999999999999,137,1,caloune,Facebook Limelight
0,1041,999,760,0.0,1.5,0.0,239,-1.5,-1041,1,caloune,Facebook Limelight
1587,1153,219,647,1.56,1.5,1.3764093668690374,-428,0.06000000000000005,434,1,caloune,Facebook Limelight
1542,1298,259,502,1.47,1.33,1.1879815100154083,-243,0.1399999999999999,244,1,caloune,Facebook Limelight
930,0,871,999,1.33,0.0,930.0,-128,1.33,930,1,caloune,Facebook Limelight
331,0,752,999,1.5,0.0,331.0,-247,1.5,331,1,caloune,Powerful Composition
331,1057,752,141,1.5,1.5,0.31315042573320717,611,0.0,-726,0,caloune,Powerful Composition
955,502,236,607,1.45,1.5,1.902390438247012,-371,-0.050000000000000044,453,1,caloune,Powerful Composition
510,1122,604,90,1.5,1.5,0.45454545454545453,514,0.0,-612,0,caloune,Powerful Composition
0,917,999,272,0.0,1.5,0.0,727,-1.5,-917,0,caloune,Powerful Composition
898,1052,291,146,1.33,1.5,0.8536121673003803,145,-0.16999999999999993,-154,1,caloune,Powerful Composition
342,373,741,710,1.5,1.5,0.9168900804289544,31,0.0,-31,1,caloune,Powerful Composition
848,560,339,590,1.5,0.74,1.5142857142857142,-251,0.76,288,1,caloune,Powerful Composition
389,1231,1464,676,1.33,1.5,0.31600324939073926,788,-0.16999999999999993,-842,0,caloune,It’s Raining Out
694,2067,1187,39,1.33,1.5,0.33575229801644896,1148,-0.16999999999999993,-1373,0,caloune,It’s Raining Out
2246,1227,4,680,1.33,1.33,1.8304808475957621,-676,0.0,1019,1,caloune,It’s Raining Out
1892,1898,108,105,1.37,1.51,0.9968387776606955,3,-0.1399999999999999,-6,0,caloune,It’s Raining Out
1673,1444,266,483,1.5,1.5,1.1585872576177285,-217,0.0,229,1,caloune,It’s Raining Out
1273,2128,638,22,1.33,1.5,0.5982142857142857,616,-0.16999999999999993,-855,0,caloune,It’s Raining Out
1152,332,242,965,1.5,1.78,3.4698795180722892,-723,-0.28,820,0,caloune,Matching Colors
1365,1454,72,26,1.43,1.5,0.9387895460797799,46,-0.07000000000000006,-89,0,caloune,Matching Colors
1330,1208,94,192,1.0,1.33,1.1009933774834437,-98,-0.33000000000000007,122,1,caloune,Matching Colors
558,573,745,733,1.5,1.33,0.9738219895287958,12,0.16999999999999993,-15,0,caloune,Matching Colors
1471,1224,18,180,1.5,1.5,1.201797385620915,-162,0.0,247,1,caloune,Matching Colors
1180,1469,215,19,1.5,1.33,0.8032675289312458,196,0.16999999999999993,-289,0,caloune,Matching Colors
1167,0,227,999,1.5,0.0,1167.0,-772,1.5,1167,1,caloune,Matching Colors
0,491,999,806,0.0,1.5,0.0,193,-1.5,-491,0,caloune,Matching Colors
1437,0,33,999,1.5,0.0,1437.0,-966,1.5,1437,1,caloune,Matching Colors
1182,0,687,999,1.5,0.0,1182.0,-312,1.5,1182,1,caloune,Stairs
1159,1986,710,31,1.5,1.5,0.5835850956696879,679,0.0,-827,0,caloune,Stairs
1621,1714,259,177,1.33,1.5,0.9457409568261377,82,-0.16999999999999993,-93,0,caloune,Stairs
2000,898,26,968,1.54,1.5,2.2271714922048997,-942,0.040000000000000036,1102,0,caloune,Stairs
1060,1115,807,752,1.33,1.5,0.9506726457399103,55,-0.16999999999999993,-55,0,caloune,Stairs
1314,1669,556,216,1.43,1.33,0.7872977831036548,340,0.09999999999999987,-355,1,caloune,Stairs
1157,1048,712,819,1.33,1.0,1.1040076335877862,-107,0.33000000000000007,109,1,caloune,Stairs
1328,1858,542,80,0.56,1.33,0.7147470398277718,462,-0.77,-530,0,caloune,Stairs
1108,0,100,999,1.5,0.0,1108.0,-899,1.5,1108,1,caloune,Super Shots
344,1162,687,68,1.37,1.5,0.29604130808950085,619,-0.1299999999999999,-818,1,caloune,Super Shots
380,296,651,742,1.5,1.5,1.2837837837837838,-91,0.0,84,1,caloune,Super Shots
322,0,709,999,1.5,0.0,322.0,-290,1.5,322,0,caloune,Super Shots
1049,1069,147,131,1.33,1.5,0.9812909260991581,16,-0.16999999999999993,-20,1,caloune,Super Shots
1033,382,159,649,1.5,1.5,2.7041884816753927,-490,0.0,651,1,caloune,Super Shots
1176,1048,58,148,1.5,1.5,1.1221374045801527,-90,0.0,128,1,caloune,Super Shots
1025,264,166,774,1.5,1.34,3.882575757575758,-608,0.15999999999999992,761,1,caloune,Super Shots
227,1112,810,97,1.5,0.92,0.20413669064748202,713,0.58,-885,0,caloune,Super Shots
866,227,311,810,1.5,1.5,3.814977973568282,-499,0.0,639,0,caloune,Super Shots
287,142,425,561,1.33,1.33,2.0211267605633805,-136,0.0,145,1,caloune,12 Hours
438,622,275,206,1.5,1.55,0.7041800643086816,69,-0.050000000000000044,-184,0,caloune,12 Hours
370,529,342,226,1.5,1.5,0.6994328922495274,116,0.0,-159,0,caloune,12 Hours
323,1088,389,67,1.5,1.33,0.296875,322,0.16999999999999993,-765,0,caloune,12 Hours
339,355,373,357,1.5,1.5,0.9549295774647887,16,0.0,-16,1,caloune,12 Hours
1441,348,1,364,1.5,1.33,4.140804597701149,-363,0.16999999999999993,1093,0,caloune,12 Hours
461,506,255,233,1.5,1.4,0.9110671936758893,22,0.10000000000000009,-45,0,caloune,12 Hours
253,461,459,255,1.5,1.5,0.5488069414316703,204,0.0,-208,0,caloune,12 Hours
314,542,398,223,1.33,0.75,0.5793357933579336,175,0.5800000000000001,-228,0,caloune,12 Hours
314,976,398,101,1.33,1.33,0.32172131147540983,297,0.0,-662,0,caloune,12 Hours
329,2512,1612,4,1.33,1.5,0.13097133757961785,1608,-0.16999999999999993,-2183,0,caloune,Blue & Orange
1776,1822,266,225,1.47,1.5,0.9747530186608123,41,-0.030000000000000027,-46,0,caloune,Blue & Orange
944,2374,1043,14,1.5,1.33,0.3976411120471778,1029,0.16999999999999993,-1430,0,caloune,Blue & Orange
1293,2502,714,5,1.46,1.4,0.5167865707434053,709,0.06000000000000005,-1209,0,caloune,Blue & Orange
1035,2281,956,25,1.5,1.5,0.4537483559842174,931,0.0,-1246,1,caloune,Blue & Orange
1831,1563,217,461,1.5,1.89,1.1714651311580295,-244,-0.3899999999999999,268,0,caloune,Blue & Orange
1872,872,189,1114,1.5,1.5,2.146788990825688,-925,0.0,1000,1,caloune,Blue & Orange
868,1445,1117,572,1.34,1.53,0.6006920415224913,545,-0.18999999999999995,-577,1,caloune,Blue & Orange
651,1026,1328,965,1.5,1.5,0.6345029239766082,363,0.0,-375,0,caloune,Blue & Orange
0,1173,999,76,0.0,1.33,0.0,923,-1.33,-1173,0,caloune,Repeated Subjects
1240,421,42,586,1.39,1.34,2.9453681710213777,-544,0.04999999999999982,819,0,caloune,Repeated Subjects
472,1058,549,161,1.5,1.33,0.44612476370510395,388,0.16999999999999993,-586,1,caloune,Repeated Subjects
952,1217,252,52,1.43,1.33,0.7822514379622021,200,0.09999999999999987,-265,0,caloune,Repeated Subjects
359,296,646,709,1.5,1.49,1.212837837837838,-63,0.010000000000000009,63,0,caloune,Repeated Subjects
962,295,244,710,1.5,1.5,3.2610169491525425,-466,0.0,667,0,caloune,Repeated Subjects
986,318,223,687,1.5,1.5,3.10062893081761,-464,0.0,668,1,caloune,Repeated Subjects
1020,259,192,748,1.59,1.78,3.9382239382239383,-556,-0.18999999999999995,761,1,caloune,Repeated Subjects
259,906,748,292,1.78,1.6,0.2858719646799117,456,0.17999999999999994,-647,0,caloune,Repeated Subjects
197,332,810,673,1.53,1.33,0.5933734939759037,137,0.19999999999999996,-135,0,caloune,Repeated Subjects
0,280,999,458,0.0,1.5,0.0,541,-1.5,-280,0,bruno,Wonder Women
279,396,459,350,1.5,1.5,0.7045454545454546,109,0.0,-117,0,bruno,Wonder Women
371,403,369,344,1.34,1.5,0.9205955334987593,25,-0.15999999999999992,-32,0,bruno,Wonder Women
326,927,412,76,1.33,1.55,0.3516720604099245,336,-0.21999999999999997,-601,0,bruno,Wonder Women
341,1203,398,11,1.51,1.49,0.28345802161263506,387,0.020000000000000018,-862,0,bruno,Wonder Women
241,295,497,443,1.5,1.5,0.8169491525423729,54,0.0,-54,0,bruno,Wonder Women
975,239,53,499,1.12,1.61,4.079497907949791,-446,-0.49,736,1,bruno,Wonder Women
88,533,700,301,0.75,1.44,0.1651031894934334,399,-0.69,-445,0,bruno,Home Sweet Home
103,476,688,330,0.75,1.17,0.21638655462184875,358,-0.41999999999999993,-373,0,bruno,Home Sweet Home
417,391,380,405,1.5,1.78,1.0664961636828645,-25,-0.28,26,1,bruno,Home Sweet Home
332,870,462,80,1.33,1.5,0.3816091954022989,382,-0.16999999999999993,-538,0,bruno,Home Sweet Home
461,314,342,480,1.64,1.5,1.4681528662420382,-138,0.1399999999999999,147,1,bruno,Home Sweet Home
371,317,423,477,1.5,1.5,1.1703470031545742,-54,0.0,54,1,bruno,Home Sweet Home
441,313,358,481,0.45,1.5,1.4089456869009584,-123,-1.05,128,1,bruno,Home Sweet Home
175,311,619,483,1.5,1.0,0.5627009646302251,136,0.5,-136,0,bruno,Home Sweet Home
46,262,454,243,2.17,1.0,0.17557251908396945,211,1.17,-216,0,bruno,My Alternative Camera
200,263,305,242,1.33,1.33,0.7604562737642585,63,0.0,-63,0,bruno,My Alternative Camera
253,248,252,257,1.28,1.5,1.0201612903225807,-5,-0.21999999999999997,5,1,bruno,My Alternative Camera
246,248,259,257,1.0,1.51,0.9919354838709677,2,-0.51,-2,0,bruno,My Alternative Camera
292,367,213,161,1.5,1.37,0.7956403269754768,52,0.1299999999999999,-75,0,bruno,My Alternative Camera
115,341,393,171,1.51,1.55,0.33724340175953077,222,-0.040000000000000036,-226,0,bruno,My Alternative Camera
237,234,268,271,1.33,1.4,1.0128205128205128,-3,-0.06999999999999984,3,1,bruno,My Alternative Camera
162,233,346,272,1.33,1.33,0.6952789699570815,74,0.0,-71,0,bruno,My Alternative Camera
0,308,999,406,0.0,1.33,0.0,593,-1.33,-308,0,bruno,Your Country
0,276,999,438,0.0,1.51,0.0,561,-1.51,-276,0,bruno,Your Country
360,381,357,339,1.33,1.33,0.9448818897637795,18,0.0,-21,0,bruno,Your Country
371,399,347,328,1.5,1.33,0.9298245614035088,19,0.16999999999999993,-28,0,bruno,Your Country
284,292,430,422,1.71,1.58,0.9726027397260274,8,0.1299999999999999,-8,0,bruno,Your Country
393,251,331,463,1.5,1.5,1.5657370517928286,-132,0.0,142,1,bruno,Your Country
532,318,288,396,1.33,1.5,1.6729559748427674,-108,-0.16999999999999993,214,1,bruno,Your Country
244,240,470,474,1.33,1.5,1.0166666666666666,-4,-0.16999999999999993,4,1,bruno,Your Country
223,375,491,343,1.33,1.5,0.5946666666666667,148,-0.16999999999999993,-152,0,bruno,Your Country
2645,727,63,1525,1.5,0.75,3.638239339752407,-1462,0.75,1918,1,bruno,Photo of the Week!
2210,2393,345,195,1.33,1.5,0.9235269536147096,150,-0.16999999999999993,-183,0,bruno,Photo of the Week!
2336,2164,241,383,1.5,1.78,1.0794824399260627,-142,-0.28,172,1,bruno,Photo of the Week!
2379,2012,208,517,1.33,1.33,1.1824055666003976,-309,0.0,367,1,bruno,Photo of the Week!
1500,2555,979,91,1.5,1.5,0.5870841487279843,888,0.0,-1055,0,bruno,Photo of the Week!
1671,1736,836,774,1.33,1.5,0.9625576036866359,62,-0.16999999999999993,-65,1,bruno,Photo of the Week!
2917,2494,11,131,1.5,1.33,1.169607056936648,-120,0.16999999999999993,423,1,bruno,Photo of the Week!
0,406,999,530,0.0,1.5,0.0,469,-1.5,-406,0,bruno,Facebook Limelight
393,499,543,447,1.5,1.18,0.7875751503006012,96,0.32000000000000006,-106,0,bruno,Facebook Limelight
316,307,620,630,1.5,2.16,1.0293159609120521,-10,-0.6600000000000001,9,1,bruno,Facebook Limelight
292,413,645,523,1.28,1.5,0.7070217917675545,122,-0.21999999999999997,-121,0,bruno,Facebook Limelight
428,445,508,491,1.33,1.51,0.9617977528089887,17,-0.17999999999999994,-17,0,bruno,Facebook Limelight
456,284,481,653,1.5,1.5,1.6056338028169015,-172,0.0,172,1,bruno,Facebook Limelight
273,879,664,91,1.33,1.5,0.310580204778157,573,-0.16999999999999993,-606,0,bruno,Facebook Limelight
0,438,999,498,0.0,1.5,0.0,501,-1.5,-438,0,bruno,Facebook Limelight
0,374,999,562,0.0,3.0,0.0,437,-3.0,-374,0,bruno,Facebook Limelight
0,1737,999,102,0.0,1.5,0.0,897,-1.5,-1737,0,bruno,Street Photography
1825,0,44,999,1.5,0.0,1825.0,-955,1.5,1825,1,bruno,Street Photography
1284,0,531,999,1.5,0.0,1284.0,-468,1.5,1284,1,bruno,Street Photography
1332,0,483,999,1.33,0.0,1332.0,-516,1.33,1332,1,bruno,Street Photography
0,1175,999,640,0.0,1.5,0.0,359,-1.5,-1175,0,bruno,Street Photography
0,1332,999,483,0.0,1.33,0.0,516,-1.33,-1332,0,bruno,Street Photography
1361,0,454,999,1.41,0.0,1361.0,-545,1.41,1361,1,bruno,Street Photography
185,41,115,259,1.5,1.33,4.512195121951219,-144,0.16999999999999993,144,0,bruno,Movement
84,222,216,78,1.33,1.39,0.3783783783783784,138,-0.05999999999999983,-138,0,bruno,Movement
117,215,183,85,1.5,1.5,0.5441860465116279,98,0.0,-98,0,bruno,Movement
80,199,220,101,1.5,1.5,0.4020100502512563,119,0.0,-119,1,bruno,Movement
185,197,115,103,1.5,1.0,0.9390862944162437,12,0.5,-12,0,bruno,Movement
99,219,201,81,1.43,2.25,0.4520547945205479,120,-0.8200000000000001,-120,0,bruno,Movement
213,178,87,122,1.41,1.5,1.196629213483146,-35,-0.09000000000000008,35,1,bruno,Movement
237,588,575,363,1.29,0.9,0.4030612244897959,212,0.39,-351,1,bruno,Demo Challenge 1
526,647,21,113,2.116,0.865,0.8129829984544049,-92,1.2510000000000001,-121,0,bruno,Demo Challenge 2
169,131,351,506,2.332,1.365,1.2900763358778626,-155,0.9669999999999999,38,1,bruno,Demo Challenge 3
64,241,455,445,0.747,0.711,0.26556016597510373,10,0.03600000000000003,-177,0,bruno,Demo Challenge 4
397,243,502,490,1.273,1.891,1.6337448559670782,12,-0.6180000000000001,154,1,bruno,Demo Challenge 5
130,524,564,419,1.979,2.061,0.2480916030534351,145,-0.08199999999999985,-394,1,bruno,Demo Challenge 1
305,706,255,505,1.721,1.871,0.43201133144475923,-250,-0.1499999999999999,-401,1,bruno,Demo Challenge 2
556,313,458,215,1.818,2.075,1.7763578274760383,243,-0.2570000000000001,243,0,bruno,Demo Challenge 3
74,714,263,447,1.505,2.224,0.10364145658263306,-184,-0.7190000000000003,-640,0,bruno,Demo Challenge 4
231,626,376,35,2.464,2.061,0.36900958466453676,341,0.403,-395,0,bruno,Demo Challenge 5
117,775,287,10,0.746,0.78,0.15096774193548387,277,-0.03400000000000003,-658,0,bruno,Demo Challenge 1
702,557,457,549,1.263,1.303,1.26032315978456,-92,-0.040000000000000036,145,0,bruno,Demo Challenge 2
381,793,551,369,0.942,2.271,0.48045397225725095,182,-1.329,-412,0,bruno,Demo Challenge 3
164,115,239,432,0.699,1.166,1.4260869565217391,-193,-0.46699999999999997,49,1,bruno,Demo Challenge 4
647,452,380,237,1.837,0.866,1.4314159292035398,143,0.971,195,0,bruno,Demo Challenge 5
229,698,445,582,0.619,0.774,0.32808022922636104,-137,-0.15500000000000003,-469,0,bruno,Demo Challenge 1
467,386,478,411,0.673,2.14,1.2098445595854923,67,-1.467,81,1,bruno,Demo Challenge 2
639,738,1,453,2.372,1.006,0.8658536585365854,-452,1.3659999999999999,-99,1,bruno,Demo Challenge 3
497,580,319,94,0.562,0.919,0.8568965517241379,225,-0.357,-83,0,bruno,Demo Challenge 4
362,788,361,36,2.294,0.927,0.4593908629441624,325,1.367,-426,0,bruno,Demo Challenge 5
230,688,165,369,1.695,1.414,0.33430232558139533,-204,0.28100000000000014,-458,1,bruno,Demo Challenge 1
456,77,283,338,2.151,0.995,5.922077922077922,-55,1.1559999999999997,379,1,bruno,Demo Challenge 2
411,612,132,245,2.237,0.941,0.6715686274509803,-113,1.2960000000000003,-201,1,bruno,Demo Challenge 3
595,770,523,563,2.156,2.404,0.7727272727272727,-40,-0.24799999999999978,-175,0,bruno,Demo Challenge 4
778,204,236,203,1.407,1.06,3.8137254901960786,33,0.347,574,0,bruno,Demo Challenge 5
125,357,142,227,2.021,1.484,0.35014005602240894,-85,0.5369999999999999,-232,1,bruno,Demo Challenge 1
278,277,561,170,2.443,1.44,1.0036101083032491,391,1.0030000000000001,1,0,bruno,Demo Challenge 2
510,232,545,535,1.867,1.181,2.1982758620689653,10,0.6859999999999999,278,1,bruno,Demo Challenge 3
758,294,266,478,1.675,1.4,2.578231292517007,-212,0.27500000000000013,464,1,bruno,Demo Challenge 4
178,656,217,574,0.513,2.203,0.27134146341463417,-357,-1.69,-478,1,bruno,Demo Challenge 5
333,694,460,402,1.931,1.071,0.47982708933717577,58,0.8600000000000001,-361,0,bruno,Demo Challenge 1
642,55,158,29,1.522,1.036,11.672727272727272,129,0.486,587,1,bruno,Demo Challenge 2
694,550,147,471,1.5,1.528,1.2618181818181817,-324,-0.028000000000000025,144,1,bruno,Demo Challenge 3
375,283,181,156,1.49,0.585,1.325088339222615,25,0.905,92,1,bruno,Demo Challenge 4
729,316,20,175,2.091,1.708,2.3069620253164556,-155,0.38300000000000023,413,1,bruno,Demo Challenge 5
267,480,64,340,1.6,0.961,0.55625,-276,0.6390000000000001,-213,0,bruno,Demo Challenge 1
623,284,447,573,1.312,1.245,2.193661971830986,-126,0.06699999999999995,339,0,bruno,Demo Challenge 2
274,580,441,244,1.235,0.577,0.4724137931034483,197,0.6580000000000001,-306,0,bruno,Demo Challenge 3
689,95,515,306,0.739,1.855,7.252631578947368,209,-1.116,594,0,bruno,Demo Challenge 4
276,787,331,537,1.655,0.632,0.35069885641677256,-206,1.0230000000000001,-511,0,bruno,Demo Challenge 5
269,168,552,424,2.265,2.105,1.6011904761904763,128,0.16000000000000014,101,1,bruno,Demo Challenge 1
116,340,509,522,1.908,1.986,0.3411764705882353,-13,-0.07800000000000007,-224,0,bruno,Demo Challenge 2
457,219,327,574,1.623,1.245,2.08675799086758,-247,0.3779999999999999,238,1,bruno,Demo Challenge 3
100,317,381,444,2.479,1.298,0.31545741324921134,-63,1.181,-217,1,bruno,Demo Challenge 4
368,656,71,442,1.377,1.469,0.5609756097560976,-371,-0.09200000000000008,-288,1,bruno,Demo Challenge 5
531,130,360,26,0.86,1.691,4.084615384615384,334,-0.8310000000000001,401,1,bruno,Demo Challenge 1
558,674,181,290,1.653,1.081,0.827893175074184,-109,0.5720000000000001,-116,1,bruno,Demo Challenge 2
279,566,53,479,0.531,2.44,0.4929328621908127,-426,-1.9089999999999998,-287,0,bruno,Demo Challenge 3
496,181,264,146,0.762,2.497,2.7403314917127073,118,-1.7349999999999999,315,1,bruno,Demo Challenge 4
758,273,36,198,2.377,0.663,2.7765567765567765,-162,1.7139999999999997,485,0,bruno,Demo Challenge 5
0,141,999,155,0.0,1.5,0.0,844,-1.5,-141,0,bruno,Perfect Shot
198,285,98,21,1.51,1.5,0.6947368421052632,77,0.010000000000000009,-87,0,bruno,Perfect Shot
301,255,14,42,1.33,1.5,1.1803921568627451,-28,-0.16999999999999993,46,1,bruno,Perfect Shot
194,287,102,19,1.33,1.5,0.6759581881533101,83,-0.16999999999999993,-93,0,bruno,Perfect Shot
247,296,50,16,1.47,1.55,0.8344594594594594,34,-0.08000000000000007,-49,0,bruno,Perfect Shot
314,264,10,35,1.33,1.33,1.1893939393939394,-25,0.0,50,1,bruno,Perfect Shot
241,186,55,110,1.5,1.33,1.2956989247311828,-55,0.16999999999999993,55,1,bruno,Perfect Shot
1000,1100,200,150,1.5,1.5,0.9090909090909091,50,0.0,-100,0,bruno,Bike Riders
1000,1100,200,150,1.5,1.5,0.9090909090909091,50,0.0,-100,0,bruno,Bike Riders
1000,1100,200,150,1.5,1.5,0.9090909090909091,50,0.0,-100,0,bruno,Movement
1000,1100,200,150,1.5,1.5,0.9090909090909091,50,0.0,-100,0,bruno,Bike Riders
1000,1100,200,150,1.5,1.5,0.9090909090909091,50,0.0,-100,0,bruno,Bike Riders
1000,1100,200,150,1.5,1.5,0.9090909090909091,50,0.0,-100,0,bruno,Movement
267,14,157,406,1.33,1.5,19.071428571428573,-249,-0.16999999999999993,253,1,bruno,Capturing Beige
211,224,212,199,1.33,1.5,0.9419642857142857,13,-0.16999999999999993,-13,0,bruno,Capturing Beige
251,205,172,218,1.5,2.5,1.224390243902439,-46,-1.0,46,0,bruno,Capturing Beige
202,204,221,219,1.33,1.5,0.9901960784313726,2,-0.16999999999999993,-2,0,bruno,Capturing Beige
229,283,194,144,1.4,1.33,0.8091872791519434,50,0.06999999999999984,-54,1,bruno,Capturing Beige
237,192,186,231,1.39,1.5,1.234375,-45,-0.1100000000000001,45,1,bruno,Capturing Beige
191,192,232,231,0.75,1.5,0.9947916666666666,1,-0.75,-1,0,bruno,Capturing Beige
281,173,145,250,1.5,1.33,1.6242774566473988,-105,0.16999999999999993,108,1,bruno,Capturing Beige
194,189,229,234,1.33,1.37,1.0264550264550265,-5,-0.040000000000000036,5,0,bruno,Capturing Beige
194,184,229,239,1.33,1.5,1.0543478260869565,-10,-0.16999999999999993,10,0,bruno,Capturing Beige
184,34,144,294,1.5,1.47,5.411764705882353,-150,0.030000000000000027,150,1,bruno,Screen Stars - Blossom Shine
171,178,157,150,1.5,1.5,0.9606741573033708,7,0.0,-7,0,bruno,Screen Stars - Blossom Shine
160,225,168,106,1.25,1.37,0.7111111111111111,62,-0.1200000000000001,-65,1,bruno,Screen Stars - Blossom Shine
227,157,104,171,1.5,1.25,1.4458598726114649,-67,0.25,70,1,bruno,Screen Stars - Blossom Shine
153,160,175,168,1.5,1.5,0.95625,7,0.0,-7,0,bruno,Screen Stars - Blossom Shine
153,151,175,177,1.5,1.5,1.0132450331125828,-2,0.0,2,1,bruno,Screen Stars - Blossom Shine
169,150,159,178,1.39,1.46,1.1266666666666667,-19,-0.07000000000000006,19,0,bruno,Screen Stars - Blossom Shine
115,36,420,507,1.5,0.78,3.1944444444444446,-87,0.72,79,1,bruno,"Ships, boats and Yachts"
251,246,286,290,0.92,1.35,1.0203252032520325,-4,-0.43000000000000005,5,1,bruno,"Ships, boats and Yachts"
221,196,315,340,1.33,1.49,1.1275510204081634,-25,-0.15999999999999992,25,0,bruno,"Ships, boats and Yachts"
213,118,323,417,1.35,0.56,1.805084745762712,-94,0.79,95,1,bruno,"Ships, boats and Yachts"
255,207,282,329,1.5,1.33,1.2318840579710144,-47,0.16999999999999993,48,0,bruno,"Ships, boats and Yachts"
135,311,400,241,1.78,1.5,0.4340836012861736,159,0.28,-176,1,bruno,"Ships, boats and Yachts"
193,244,343,292,1.49,1.33,0.7909836065573771,51,0.15999999999999992,-51,0,bruno,"Ships, boats and Yachts"
157,136,378,399,1.48,1.5,1.1544117647058822,-21,-0.020000000000000018,21,1,bruno,"Ships, boats and Yachts"
111,124,424,411,1.5,1.5,0.8951612903225806,13,0.0,-13,0,bruno,"Ships, boats and Yachts"
191,111,345,424,1.5,1.5,1.7207207207207207,-79,0.0,80,1,bruno,"Ships, boats and Yachts"
512,74,250,637,1.32,1.33,6.918918918918919,-387,-0.010000000000000009,438,1,bruno,Meaningful Memories
341,0,389,999,1.5,0.0,341.0,-610,1.5,341,1,bruno,Meaningful Memories
481,327,262,403,1.29,0.67,1.470948012232416,-141,0.62,154,0,bruno,Meaningful Memories
462,521,276,243,1.33,1.4,0.8867562380038387,33,-0.06999999999999984,-59,0,bruno,Meaningful Memories
317,421,413,311,1.5,1.5,0.7529691211401425,102,0.0,-104,1,bruno,Meaningful Memories
363,313,367,417,1.29,1.5,1.159744408945687,-50,-0.20999999999999996,50,0,bruno,Meaningful Memories
285,466,445,272,1.51,1.37,0.6115879828326181,173,0.1399999999999999,-181,0,bruno,Meaningful Memories
308,54,247,496,1.5,0.67,5.703703703703703,-249,0.83,254,1,bruno,Naturally Lit Portraits
278,384,277,186,1.42,1.5,0.7239583333333334,91,-0.08000000000000007,-106,0,bruno,Naturally Lit Portraits
277,349,278,208,1.25,1.5,0.7936962750716332,70,-0.25,-72,1,bruno,Naturally Lit Portraits
360,334,200,222,1.5,1.33,1.0778443113772456,-22,0.16999999999999993,26,1,bruno,Naturally Lit Portraits
251,251,304,304,0.67,0.75,1.0,0,-0.07999999999999996,0,0,bruno,Naturally Lit Portraits
241,241,314,314,0.79,1.53,1.0,0,-0.74,0,1,bruno,Naturally Lit Portraits
237,235,318,320,0.75,1.5,1.0085106382978724,-2,-0.75,2,1,bruno,Naturally Lit Portraits
269,91,286,465,1.13,1.42,2.956043956043956,-179,-0.29000000000000004,178,0,bruno,Naturally Lit Portraits
269,237,286,318,1.13,1.19,1.1350210970464134,-32,-0.06000000000000005,32,0,bruno,Naturally Lit Portraits
36,105,217,148,1.5,1.33,0.34285714285714286,69,0.16999999999999993,-69,0,bruno,Show Us Elegance
91,216,162,37,1.84,1.41,0.4212962962962963,125,0.43000000000000016,-125,0,bruno,Show Us Elegance
285,271,5,7,1.5,1.32,1.051660516605166,-2,0.17999999999999994,14,1,bruno,Show Us Elegance
178,234,75,22,0.67,1.5,0.7606837606837606,53,-0.83,-56,0,bruno,Show Us Elegance
173,231,80,24,1.5,1.52,0.7489177489177489,56,-0.020000000000000018,-58,0,bruno,Show Us Elegance
220,203,34,50,1.54,1.51,1.083743842364532,-16,0.030000000000000027,17,1,bruno,Show Us Elegance
124,59,129,194,0.66,1.5,2.1016949152542375,-65,-0.84,65,0,bruno,Show Us Elegance
297,0,285,999,1.5,0.0,297.0,-714,1.5,297,1,bruno,The Land Or The Sea
361,220,256,361,1.33,1.5,1.6409090909090909,-105,-0.16999999999999993,141,1,bruno,The Land Or The Sea
289,211,292,369,0.75,1.5,1.3696682464454977,-77,-0.75,78,0,bruno,The Land Or The Sea
242,278,339,302,1.55,1.5,0.8705035971223022,37,0.050000000000000044,-36,0,bruno,The Land Or The Sea
197,272,385,308,1.5,1.33,0.7242647058823529,77,0.16999999999999993,-75,0,bruno,The Land Or The Sea
238,197,343,385,0.46,1.5,1.2081218274111676,-42,-1.04,41,0,bruno,The Land Or The Sea
1015,0,88,999,1.5,0.0,1015.0,-911,1.5,1015,1,bruno,Creative Focus
368,1010,555,90,1.33,1.33,0.36435643564356435,465,0.0,-642,1,bruno,Creative Focus
372,1224,551,12,1.5,1.33,0.30392156862745096,539,0.16999999999999993,-852,0,bruno,Creative Focus
1099,402,41,524,1.44,1.5,2.7338308457711444,-483,-0.06000000000000005,697,1,bruno,Creative Focus
324,348,599,575,1.33,1.5,0.9310344827586207,24,-0.16999999999999993,-24,1,bruno,Creative Focus
340,368,583,555,1.49,1.5,0.9239130434782609,28,-0.010000000000000009,-28,1,bruno,Creative Focus
384,805,540,260,1.33,0.94,0.47701863354037266,280,0.3900000000000001,-421,0,bruno,Creative Focus
247,232,678,693,1.49,0.94,1.0646551724137931,-15,0.55,15,0,bruno,Creative Focus
160,867,764,206,1.78,1.33,0.1845444059976932,558,0.44999999999999996,-707,0,bruno,Creative Focus
160,324,764,599,1.78,1.15,0.49382716049382713,165,0.6300000000000001,-164,0,bruno,Creative Focus
0,853,999,854,0.0,1.51,0.0,145,-1.51,-853,0,bruno,Built Among Nature
785,1530,921,207,1.5,1.5,0.5130718954248366,714,0.0,-745,0,bruno,Built Among Nature
767,1640,939,112,1.33,1.5,0.4676829268292683,827,-0.16999999999999993,-873,1,bruno,Built Among Nature
1806,1321,38,408,1.33,1.51,1.3671461014383044,-370,-0.17999999999999994,485,0,bruno,Built Among Nature
1293,932,436,779,1.33,1.5,1.3873390557939915,-343,-0.16999999999999993,361,0,bruno,Built Among Nature
1668,694,90,1012,1.17,1.71,2.403458213256484,-922,-0.54,974,0,bruno,Built Among Nature
1662,1602,94,141,1.5,1.5,1.0374531835205993,-47,0.0,60,0,bruno,Built Among Nature
1028,996,683,715,1.5,1.47,1.0321285140562249,-32,0.030000000000000027,32,0,bruno,Built Among Nature
557,1933,1145,12,1.5,1.5,0.28815312984997415,1133,0.0,-1376,0,bruno,Built Among Nature
1640,557,112,1145,1.5,1.5,2.9443447037701973,-1033,0.0,1083,0,bruno,Built Among Nature
183,552,959,631,0.72,1.33,0.33152173913043476,328,-0.6100000000000001,-369,0,bruno,Let’s Take a Selfie
749,541,455,642,1.5,1.5,1.3844731977818854,-187,0.0,208,0,bruno,Let’s Take a Selfie
824,1281,402,33,1.5,1.33,0.6432474629195941,369,0.16999999999999993,-457,0,bruno,Let’s Take a Selfie
500,595,682,590,1.63,0.75,0.8403361344537815,92,0.8799999999999999,-95,0,bruno,Let’s Take a Selfie
498,1093,684,169,1.5,1.25,0.4556267154620311,515,0.25,-595,1,bruno,Let’s Take a Selfie
489,610,693,575,1.5,1.33,0.8016393442622951,118,0.16999999999999993,-121,0,bruno,Let’s Take a Selfie
1078,488,182,694,0.75,0.95,2.209016393442623,-512,-0.19999999999999996,590,0,bruno,Let’s Take a Selfie
588,484,597,698,0.67,1.33,1.2148760330578512,-101,-0.66,104,0,bruno,Let’s Take a Selfie
843,1011,387,243,1.33,1.5,0.8338278931750742,144,-0.16999999999999993,-168,0,bruno,Let’s Take a Selfie
780,843,433,387,1.78,1.33,0.9252669039145908,46,0.44999999999999996,-63,0,bruno,Let’s Take a Selfie
0,266,999,471,0.0,1.5,0.0,528,-1.5,-266,0,bruno,Forever Flowers
239,130,498,607,1.35,1.33,1.8384615384615384,-109,0.020000000000000018,109,0,bruno,Forever Flowers
141,277,596,460,1.5,0.8,0.5090252707581228,136,0.7,-136,0,bruno,Forever Flowers
269,221,468,516,1.35,0.75,1.2171945701357465,-48,0.6000000000000001,48,1,bruno,Forever Flowers
286,1198,451,4,1.68,1.25,0.2387312186978297,447,0.42999999999999994,-912,1,bruno,Forever Flowers
247,1069,490,25,1.39,1.5,0.23105706267539758,465,-0.1100000000000001,-822,0,bruno,Forever Flowers
228,824,509,162,1.49,1.5,0.2766990291262136,347,-0.010000000000000009,-596,0,bruno,Forever Flowers
253,125,484,612,1.5,1.5,2.024,-128,0.0,128,1,bruno,Forever Flowers
238,153,499,583,1.5,1.09,1.5555555555555556,-84,0.4099999999999999,85,1,bruno,Forever Flowers
198,1321,1072,70,2.14,1.18,0.14988644965934897,1002,0.9600000000000002,-1123,0,bruno,People and Architecture
384,604,924,709,1.33,1.33,0.6357615894039735,215,0.0,-220,1,bruno,People and Architecture
572,1467,739,18,1.33,1.33,0.38991138377641443,721,0.0,-895,1,bruno,People and Architecture
1348,1179,55,194,1.28,1.27,1.1433418150975403,-139,0.010000000000000009,169,1,bruno,People and Architecture
770,595,561,717,1.33,1.47,1.2941176470588236,-156,-0.1399999999999999,175,1,bruno,People and Architecture
676,1117,640,252,1.5,1.6,0.6051924798567592,388,-0.10000000000000009,-441,0,bruno,People and Architecture
949,1505,410,11,1.5,1.5,0.6305647840531562,399,0.0,-556,1,bruno,People and Architecture
555,1268,756,111,0.73,1.5,0.43769716088328076,645,-0.77,-713,0,bruno,People and Architecture
1015,1356,349,50,1.33,0.63,0.7485250737463127,299,0.7000000000000001,-341,0,bruno,People and Architecture
734,1015,591,349,1.5,1.33,0.723152709359606,242,0.16999999999999993,-281,0,bruno,People and Architecture
374,0,518,999,1.5,0.0,374.0,-481,1.5,374,1,bruno,A New Approach
305,382,586,511,1.33,1.33,0.7984293193717278,75,0.0,-77,0,bruno,A New Approach
1073,301,69,590,1.5,1.31,3.564784053156146,-521,0.18999999999999995,772,0,bruno,A New Approach
287,292,605,600,1.33,1.5,0.9828767123287672,5,-0.16999999999999993,-5,0,bruno,A New Approach
1122,334,41,557,1.78,1.33,3.3592814371257487,-516,0.44999999999999996,788,0,bruno,A New Approach
377,275,515,617,1.5,1.51,1.3709090909090909,-102,-0.010000000000000009,102,1,bruno,A New Approach
1123,273,40,619,1.02,1.5,4.113553113553113,-579,-0.48,850,0,bruno,A New Approach
934,180,176,712,1.5,1.5,5.188888888888889,-536,0.0,754,1,bruno,A New Approach
227,346,665,545,1.0,1.33,0.6560693641618497,120,-0.33000000000000007,-119,0,bruno,A New Approach
0,1395,999,513,0.0,1.33,0.0,486,-1.33,-1395,0,bruno,One Desolate Tree
2017,1275,39,630,1.5,1.5,1.5819607843137256,-591,0.0,742,0,bruno,One Desolate Tree
1870,927,97,975,1.5,1.44,2.017259978425027,-878,0.06000000000000005,943,1,bruno,One Desolate Tree
785,1653,1117,259,1.52,1.33,0.4748941318814277,858,0.18999999999999995,-868,1,bruno,One Desolate Tree
2093,1807,14,137,1.5,1.09,1.158273381294964,-123,0.4099999999999999,286,0,bruno,One Desolate Tree
1019,1124,883,779,1.5,1.33,0.9065836298932385,104,0.16999999999999993,-105,0,bruno,One Desolate Tree
1761,1112,169,791,1.5,1.33,1.58363309352518,-622,0.16999999999999993,649,0,bruno,One Desolate Tree
1203,2014,701,41,1.57,1.5,0.5973187686196624,660,0.07000000000000006,-811,0,bruno,One Desolate Tree
1720,796,199,1106,1.33,1.5,2.1608040201005023,-907,-0.16999999999999993,924,0,bruno,One Desolate Tree
1152,796,751,1106,1.5,1.5,1.4472361809045227,-355,0.0,356,0,bruno,One Desolate Tree
963,293,894,1480,1.5,0.55,3.2866894197952217,-586,0.95,670,1,bruno,Finding Beauty In The Ugly
2018,1323,48,560,1.5,1.5,1.525321239606954,-512,0.0,695,1,bruno,Finding Beauty In The Ugly
1091,2332,776,4,1.25,1.5,0.46783876500857635,772,-0.25,-1241,1,bruno,Finding Beauty In The Ugly
2029,1199,45,674,1.5,1.25,1.6922435362802335,-629,0.25,830,0,bruno,Finding Beauty In The Ugly
2093,625,27,1220,1.5,1.49,3.3488,-1193,0.010000000000000009,1468,0,bruno,Finding Beauty In The Ugly
1911,1682,77,225,1.41,1.5,1.1361474435196195,-148,-0.09000000000000008,229,1,bruno,Finding Beauty In The Ugly
924,1602,933,298,1.5,1.34,0.5767790262172284,635,0.15999999999999992,-678,0,bruno,Finding Beauty In The Ugly
1842,870,113,986,1.33,1.33,2.117241379310345,-873,0.0,972,0,bruno,Finding Beauty In The Ugly
1096,1219,771,656,1.33,1.5,0.8990976210008204,115,-0.16999999999999993,-123,0,bruno,Finding Beauty In The Ugly
1096,1056,771,809,1.33,1.33,1.0378787878787878,-38,0.0,40,0,bruno,Finding Beauty In The Ugly
185,557,1151,801,1.33,1.5,0.33213644524236985,350,-0.16999999999999993,-372,0,bruno,Captivating Cities
1156,1169,229,216,1.28,1.5,0.9888793840889649,13,-0.21999999999999997,-13,0,bruno,Captivating Cities
1484,799,14,568,1.48,1.51,1.8573216520650813,-554,-0.030000000000000027,685,0,bruno,Captivating Cities
1126,1079,258,304,1.49,1.33,1.0435588507877664,-46,0.15999999999999992,47,0,bruno,Captivating Cities
589,1352,769,55,1.51,1.48,0.4356508875739645,714,0.030000000000000027,-763,1,bruno,Captivating Cities
748,1186,614,199,1.5,1.5,0.6306913996627319,415,0.0,-438,1,bruno,Captivating Cities
1051,501,332,857,1.33,1.28,2.097804391217565,-525,0.050000000000000044,550,0,bruno,Captivating Cities
1294,398,96,960,1.33,1.5,3.251256281407035,-864,-0.16999999999999993,896,0,bruno,Captivating Cities
593,1084,765,299,1.62,1.33,0.5470479704797048,466,0.29000000000000004,-491,0,bruno,Captivating Cities
1237,1084,150,299,1.33,1.33,1.1411439114391144,-149,0.0,153,0,bruno,Captivating Cities
1509,316,132,921,1.5,0.76,4.775316455696203,-789,0.74,1193,1,bruno,Weddings
1446,1119,173,414,1.5,1.5,1.292225201072386,-241,0.0,327,0,bruno,Weddings
1401,1229,206,326,1.49,1.5,1.1399511798209927,-120,-0.010000000000000009,172,0,bruno,Weddings
1366,1294,231,275,1.4,1.5,1.0556414219474497,-44,-0.10000000000000009,72,0,bruno,Weddings
2296,998,1,513,1.32,1.31,2.3006012024048097,-512,0.010000000000000009,1298,1,bruno,Weddings
1863,1238,24,318,1.51,1.42,1.5048465266558966,-294,0.09000000000000008,625,0,bruno,Weddings
986,1723,523,51,1.0,1.08,0.5722576900754498,472,-0.08000000000000007,-737,0,bruno,Weddings
1453,1137,169,400,1.39,1.42,1.27792436235708,-231,-0.030000000000000027,316,0,bruno,Weddings
1511,1513,131,130,1.5,0.67,0.998678122934567,1,0.83,-2,0,bruno,Weddings
1307,1513,268,130,1.33,0.67,0.8638466622604097,138,0.66,-206,0,bruno,Weddings
41,174,333,201,1.33,1.33,0.23563218390804597,132,0.0,-133,0,bruno,Seascapes
252,194,126,181,1.33,1.5,1.2989690721649485,-55,-0.16999999999999993,58,0,bruno,Seascapes
159,184,216,191,1.5,1.33,0.8641304347826086,25,0.16999999999999993,-25,0,bruno,Seascapes
134,220,240,155,1.5,1.5,0.6090909090909091,85,0.0,-86,0,bruno,Seascapes
164,136,211,238,1.5,1.33,1.2058823529411764,-27,0.16999999999999993,28,1,bruno,Seascapes
180,167,195,208,1.5,1.5,1.0778443113772456,-13,0.0,13,1,bruno,Seascapes
155,171,220,204,1.5,1.32,0.9064327485380117,16,0.17999999999999994,-16,1,bruno,Seascapes
426,70,218,542,1.33,1.33,6.085714285714285,-324,0.0,356,1,bruno,New Or Old
273,284,341,330,1.5,1.5,0.9612676056338029,11,0.0,-11,0,bruno,New Or Old
276,266,338,348,1.43,1.29,1.037593984962406,-10,0.1399999999999999,10,1,bruno,New Or Old
263,259,351,355,1.37,1.37,1.0154440154440154,-4,0.0,4,1,bruno,New Or Old
316,277,298,337,1.78,1.5,1.1407942238267148,-39,0.28,39,0,bruno,New Or Old
344,250,270,364,1.5,0.92,1.376,-94,0.58,94,1,bruno,New Or Old
250,252,364,362,1.5,1.5,0.9920634920634921,2,0.0,-2,1,bruno,New Or Old
178,248,438,366,1.5,1.78,0.717741935483871,72,-0.28,-70,0,bruno,New Or Old
0,1417,999,20,0.0,1.5,0.0,979,-1.5,-1417,0,bruno,Memorable Brands
1191,1295,163,70,1.33,1.33,0.9196911196911197,93,0.0,-104,0,bruno,Memorable Brands
643,526,663,780,0.99,1.5,1.2224334600760456,-117,-0.51,117,0,bruno,Memorable Brands
1139,577,211,729,1.04,1.78,1.974003466204506,-518,-0.74,562,0,bruno,Memorable Brands
750,823,564,503,1.33,0.99,0.9113001215066828,61,0.3400000000000001,-73,1,bruno,Memorable Brands
1140,501,210,804,1.5,1.08,2.2754491017964074,-594,0.41999999999999993,639,0,bruno,Memorable Brands
1277,1119,84,231,1.5,1.3,1.1411974977658623,-147,0.19999999999999996,158,0,bruno,Memorable Brands
479,372,826,933,1.5,1.49,1.2876344086021505,-107,0.010000000000000009,107,1,bruno,Memorable Brands
736,371,574,934,1.78,1.33,1.9838274932614555,-360,0.44999999999999996,365,1,bruno,Memorable Brands
0,579,999,809,0.0,1.5,0.0,190,-1.5,-579,0,bruno,Captivating Cities
1170,1177,243,236,1.28,1.5,0.994052676295667,7,-0.21999999999999997,-7,0,bruno,Captivating Cities
1484,799,19,596,1.48,1.51,1.8573216520650813,-577,-0.030000000000000027,685,0,bruno,Captivating Cities
1297,1104,123,305,1.49,1.33,1.1748188405797102,-182,0.15999999999999992,193,0,bruno,Captivating Cities
589,1386,799,57,1.51,1.48,0.424963924963925,742,0.030000000000000027,-797,1,bruno,Captivating Cities
748,1186,643,227,1.5,1.5,0.6306913996627319,416,0.0,-438,1,bruno,Captivating Cities
1051,518,358,869,1.33,1.28,2.028957528957529,-511,0.050000000000000044,533,0,bruno,Captivating Cities
1331,398,91,989,1.33,1.5,3.3442211055276383,-898,-0.16999999999999993,933,0,bruno,Captivating Cities
593,1084,795,325,1.62,1.33,0.5470479704797048,470,0.29000000000000004,-491,0,bruno,Captivating Cities
1345,1084,82,325,1.33,1.33,1.2407749077490775,-243,0.0,261,0,bruno,Captivating Cities
371,90,515,781,1.5,0.46,4.122222222222222,-266,1.04,281,1,bruno,Words vs Letter
477,372,412,514,1.5,1.5,1.282258064516129,-102,0.0,105,1,bruno,Words vs Letter
352,348,534,538,1.33,1.33,1.0114942528735633,-4,0.0,4,1,bruno,Words vs Letter
1103,500,21,391,1.55,1.33,2.206,-370,0.21999999999999997,603,1,bruno,Words vs Letter
427,342,459,544,1.33,1.5,1.2485380116959064,-85,-0.16999999999999993,85,1,bruno,Words vs Letter
334,431,552,455,1.5,1.33,0.7749419953596288,97,0.16999999999999993,-97,1,bruno,Words vs Letter
485,476,405,413,1.4,1.33,1.01890756302521,-8,0.06999999999999984,9,0,bruno,Words vs Letter
496,328,394,558,0.93,1.5,1.5121951219512195,-164,-0.57,168,0,bruno,Words vs Letter
0,602,999,794,0.0,1.5,0.0,205,-1.5,-602,0,bruno,Captivating Cities
1185,1192,243,236,1.28,1.5,0.9941275167785235,7,-0.21999999999999997,-7,0,bruno,Captivating Cities
1484,799,21,605,1.48,1.51,1.8573216520650813,-584,-0.030000000000000027,685,0,bruno,Captivating Cities
1297,1104,135,319,1.49,1.33,1.1748188405797102,-184,0.15999999999999992,193,0,bruno,Captivating Cities
589,1386,807,60,1.51,1.48,0.424963924963925,747,0.030000000000000027,-797,1,bruno,Captivating Cities
748,1186,654,242,1.5,1.5,0.6306913996627319,412,0.0,-438,1,bruno,Captivating Cities
1051,526,369,870,1.33,1.28,1.9980988593155893,-501,0.050000000000000044,525,0,bruno,Captivating Cities
1331,421,103,976,1.33,1.5,3.161520190023753,-873,-0.16999999999999993,910,0,bruno,Captivating Cities
593,1133,803,292,1.62,1.33,0.5233892321270962,511,0.29000000000000004,-540,0,bruno,Captivating Cities
1345,1133,94,292,1.33,1.33,1.1871138570167696,-198,0.0,212,0,bruno,Captivating Cities
0,602,999,803,0.0,1.5,0.0,196,-1.5,-602,0,bruno,Captivating Cities
1185,1192,247,240,1.28,1.5,0.9941275167785235,7,-0.21999999999999997,-7,0,bruno,Captivating Cities
1484,799,22,613,1.48,1.51,1.8573216520650813,-591,-0.030000000000000027,685,0,bruno,Captivating Cities
1297,1104,140,325,1.49,1.33,1.1748188405797102,-185,0.15999999999999992,193,0,bruno,Captivating Cities
589,1386,816,63,1.51,1.48,0.424963924963925,753,0.030000000000000027,-797,1,bruno,Captivating Cities
748,1186,662,246,1.5,1.5,0.6306913996627319,416,0.0,-438,1,bruno,Captivating Cities
1051,526,375,879,1.33,1.28,1.9980988593155893,-504,0.050000000000000044,525,0,bruno,Captivating Cities
1331,421,108,985,1.33,1.5,3.161520190023753,-877,-0.16999999999999993,910,0,bruno,Captivating Cities
593,1133,812,298,1.62,1.33,0.5233892321270962,514,0.29000000000000004,-540,0,bruno,Captivating Cities
1345,1133,98,298,1.33,1.33,1.1871138570167696,-200,0.0,212,0,bruno,Captivating Cities
648,0,621,999,1.5,0.0,648.0,-378,1.5,648,1,bruno,Your Legacy
663,562,612,650,1.5,1.33,1.1797153024911031,-38,0.16999999999999993,101,1,bruno,Your Legacy
379,461,818,736,1.33,1.33,0.8221258134490239,82,0.0,-82,0,bruno,Your Legacy
388,397,809,800,1.33,1.5,0.9773299748110831,9,-0.16999999999999993,-9,1,bruno,Your Legacy
1023,1205,314,146,1.4,1.33,0.8489626556016597,168,0.06999999999999984,-182,0,bruno,Your Legacy
1047,1085,292,255,1.5,1.4,0.9649769585253456,37,0.10000000000000009,-38,0,bruno,Your Legacy
1137,494,210,703,1.33,1.5,2.3016194331983804,-493,-0.16999999999999993,643,1,bruno,Your Legacy
285,1294,911,81,1.33,1.33,0.22024729520865532,830,0.0,-1009,0,bruno,Your Legacy
67,285,548,330,1.78,1.33,0.23508771929824562,218,0.44999999999999996,-218,0,bruno,Screen Stars - Tropic Rush
258,261,357,354,1.5,1.5,0.9885057471264368,3,0.0,-3,0,bruno,Screen Stars - Tropic Rush
364,250,261,365,1.58,1.51,1.456,-104,0.07000000000000006,114,0,bruno,Screen Stars - Tropic Rush
344,360,274,264,1.49,1.33,0.9555555555555556,10,0.15999999999999992,-16,0,bruno,Screen Stars - Tropic Rush
325,233,291,382,1.34,1.5,1.3948497854077253,-91,-0.15999999999999992,92,0,bruno,Screen Stars - Tropic Rush
231,245,384,370,1.5,1.34,0.9428571428571428,14,0.15999999999999992,-14,0,bruno,Screen Stars - Tropic Rush
278,338,337,279,1.33,1.5,0.8224852071005917,58,-0.16999999999999993,-60,0,bruno,Screen Stars - Tropic Rush
219,228,396,387,1.33,1.33,0.9605263157894737,9,0.0,-9,0,bruno,Screen Stars - Tropic Rush
248,164,367,451,1.33,1.5,1.5121951219512195,-84,-0.16999999999999993,84,1,bruno,Screen Stars - Tropic Rush
219,164,396,451,1.5,1.5,1.3353658536585367,-55,0.0,55,0,bruno,Screen Stars - Tropic Rush
335,0,510,999,1.33,0.0,335.0,-489,1.33,335,1,bruno,Sharp And Pointy
520,428,364,417,2.16,1.17,1.2149532710280373,-53,0.9900000000000002,92,1,bruno,Sharp And Pointy
309,480,536,378,1.5,1.37,0.64375,158,0.1299999999999999,-171,0,bruno,Sharp And Pointy
415,466,430,387,1.75,1.5,0.8905579399141631,43,0.25,-51,1,bruno,Sharp And Pointy
393,480,452,378,1.75,1.5,0.81875,74,0.25,-87,1,bruno,Sharp And Pointy
376,296,469,549,1.5,1.53,1.2702702702702702,-80,-0.030000000000000027,80,0,bruno,Sharp And Pointy
417,454,428,394,1.5,1.5,0.9185022026431718,34,0.0,-37,1,bruno,Sharp And Pointy
232,315,613,530,1.05,0.81,0.7365079365079366,83,0.24,-83,0,bruno,Sharp And Pointy
385,314,460,531,1.5,1.33,1.2261146496815287,-71,0.16999999999999993,71,0,bruno,Sharp And Pointy
403,314,442,531,1.51,1.33,1.28343949044586,-89,0.17999999999999994,89,0,bruno,Sharp And Pointy
335,0,505,999,1.33,0.0,335.0,-494,1.33,335,1,bruno,Sharp And Pointy
520,428,360,412,2.16,1.17,1.2149532710280373,-52,0.9900000000000002,92,1,bruno,Sharp And Pointy
309,480,531,374,1.5,1.37,0.64375,157,0.1299999999999999,-171,0,bruno,Sharp And Pointy
415,466,425,383,1.75,1.5,0.8905579399141631,42,0.25,-51,1,bruno,Sharp And Pointy
393,480,447,374,1.75,1.5,0.81875,73,0.25,-87,1,bruno,Sharp And Pointy
376,296,464,544,1.5,1.53,1.2702702702702702,-80,-0.030000000000000027,80,1,bruno,Sharp And Pointy
471,454,380,390,1.5,1.5,1.0374449339207048,-10,0.0,17,1,bruno,Sharp And Pointy
232,315,611,525,1.05,0.81,0.7365079365079366,86,0.24,-83,0,bruno,Sharp And Pointy
385,314,455,526,1.5,1.33,1.2261146496815287,-71,0.16999999999999993,71,0,bruno,Sharp And Pointy
403,314,437,526,1.51,1.33,1.28343949044586,-89,0.17999999999999994,89,0,bruno,Sharp And Pointy
62,214,546,393,1.33,1.5,0.2897196261682243,153,-0.16999999999999993,-152,0,bruno,Photographer of the Week
342,392,265,221,1.5,1.33,0.8724489795918368,44,0.16999999999999993,-50,1,bruno,Photographer of the Week
347,268,260,339,1.54,1.43,1.294776119402985,-79,0.1100000000000001,79,0,bruno,Photographer of the Week
348,318,259,289,1.5,1.5,1.0943396226415094,-30,0.0,30,1,bruno,Photographer of the Week
253,305,354,302,1.5,1.5,0.8295081967213115,52,0.0,-52,1,bruno,Photographer of the Week
247,358,360,250,1.33,2.02,0.6899441340782123,110,-0.69,-111,0,bruno,Photographer of the Week
245,306,362,301,1.33,1.78,0.8006535947712419,61,-0.44999999999999996,-61,1,bruno,Photographer of the Week
241,257,366,350,1.33,1.48,0.9377431906614786,16,-0.1499999999999999,-16,0,bruno,Photographer of the Week
321,232,286,375,1.5,1.5,1.3836206896551724,-89,0.0,89,0,bruno,Photographer of the Week
237,232,370,375,1.78,1.5,1.021551724137931,-5,0.28,5,0,bruno,Photographer of the Week
90,0,355,999,1.33,0.0,90.0,-644,1.33,90,1,bruno,Autumn Time
261,254,177,184,1.5,1.5,1.0275590551181102,-7,0.0,7,1,bruno,Autumn Time
257,239,181,204,1.56,1.38,1.0753138075313808,-23,0.18000000000000016,18,1,bruno,Autumn Time
230,243,214,195,1.38,1.5,0.9465020576131687,19,-0.1200000000000001,-13,0,bruno,Autumn Time
232,225,212,219,1.33,1.5,1.031111111111111,-7,-0.16999999999999993,7,1,bruno,Autumn Time
254,318,184,122,1.78,1.33,0.7987421383647799,62,0.44999999999999996,-64,0,bruno,Autumn Time
217,215,227,229,1.5,1.5,1.0093023255813953,-2,0.0,2,1,bruno,Autumn Time
210,740,234,38,2.03,1.35,0.28378378378378377,196,0.6799999999999997,-530,1,bruno,Autumn Time
226,311,218,129,1.33,1.5,0.7266881028938906,89,-0.16999999999999993,-85,0,bruno,Autumn Time
1078,217,378,911,1.5,0.67,4.967741935483871,-533,0.83,861,1,caloune,Trace Your Tracks
1045,1030,408,419,1.33,1.0,1.0145631067961165,-11,0.33000000000000007,15,1,caloune,Trace Your Tracks
2060,987,2,452,0.85,1.5,2.087132725430598,-450,-0.65,1073,1,caloune,Trace Your Tracks
1028,982,421,455,1.5,1.45,1.0468431771894093,-34,0.050000000000000044,46,1,caloune,Trace Your Tracks
1246,976,247,461,2.06,1.37,1.276639344262295,-214,0.69,270,1,caloune,Trace Your Tracks
969,959,467,473,1.33,1.33,1.0104275286757038,-6,0.0,10,1,caloune,Trace Your Tracks
1132,1336,333,179,1.5,1.5,0.8473053892215568,154,0.0,-204,0,caloune,Trace Your Tracks
1361,1823,164,12,1.78,1.5,0.7465715852989577,152,0.28,-462,0,caloune,Trace Your Tracks
0,410,999,584,0.0,1.34,0.0,415,-1.34,-410,0,caloune,Movement
435,494,559,518,1.5,1.5,0.8805668016194332,41,0.0,-59,0,caloune,Movement
1097,260,71,737,1.5,1.46,4.219230769230769,-666,0.040000000000000036,837,1,caloune,Movement
362,1044,632,110,1.33,1.5,0.34674329501915707,522,-0.16999999999999993,-682,0,caloune,Movement
456,454,542,544,1.28,1.5,1.0044052863436124,-2,-0.21999999999999997,2,1,caloune,Movement
467,1292,533,4,1.5,1.5,0.36145510835913314,529,0.0,-825,0,caloune,Movement
871,1048,264,106,1.33,1.45,0.8311068702290076,158,-0.11999999999999988,-177,0,caloune,Movement
459,220,540,780,1.33,1.33,2.0863636363636364,-240,0.0,239,1,caloune,Movement
251,919,745,219,1.61,2.29,0.2731229597388466,526,-0.6799999999999999,-668,0,caloune,Movement
283,1034,1246,530,1.33,1.4,0.2736943907156673,716,-0.06999999999999984,-751,0,caloune,Bike Riders
757,1509,789,104,1.5,1.33,0.5016567263088137,685,0.16999999999999993,-752,0,caloune,Bike Riders
920,701,636,845,1.5,1.5,1.3124108416547788,-209,0.0,219,1,caloune,Bike Riders
1879,1584,6,61,1.5,1.5,1.1862373737373737,-55,0.0,295,1,caloune,Bike Riders
152,1204,1265,371,1.5,1.5,0.12624584717607973,894,0.0,-1052,0,caloune,Bike Riders
1751,678,18,867,1.51,1.4,2.5825958702064895,-849,0.1100000000000001,1073,1,caloune,Bike Riders
1377,1038,211,527,1.54,1.5,1.3265895953757225,-316,0.040000000000000036,339,1,caloune,Bike Riders
614,1282,925,300,1.49,1.5,0.4789391575663027,625,-0.010000000000000009,-668,0,caloune,Bike Riders
777,1116,771,452,1.45,0.75,0.696236559139785,319,0.7,-339,0,caloune,Bike Riders
463,0,620,999,1.33,0.0,463.0,-379,1.33,463,1,caloune,Perfect Shot
455,305,624,770,1.33,1.5,1.4918032786885247,-146,-0.16999999999999993,150,1,caloune,Perfect Shot
912,337,287,738,1.33,1.4,2.706231454005935,-451,-0.06999999999999984,575,0,caloune,Perfect Shot
917,299,282,775,1.41,1.49,3.0668896321070234,-493,-0.08000000000000007,618,0,caloune,Perfect Shot
1318,1259,13,24,1.2,1.53,1.0468625893566323,-11,-0.33000000000000007,59,0,caloune,Perfect Shot
400,389,675,686,1.28,1.5,1.0282776349614395,-11,-0.21999999999999997,11,1,caloune,Perfect Shot
0,1303,999,109,0.0,1.5,0.0,890,-1.5,-1303,0,caloune,Walls and Fences
1200,1054,196,337,1.5,1.4,1.1385199240986716,-141,0.10000000000000009,146,0,caloune,Walls and Fences
1391,1155,52,241,1.39,1.5,1.2043290043290042,-189,-0.1100000000000001,236,0,caloune,Walls and Fences
459,358,815,916,1.33,1.33,1.282122905027933,-101,0.0,101,0,caloune,Walls and Fences
1341,689,80,659,1.5,1.33,1.946298984034833,-579,0.16999999999999993,652,0,caloune,Walls and Fences
1060,340,331,934,1.33,1.5,3.1176470588235294,-603,-0.16999999999999993,720,1,caloune,Walls and Fences
1175,1136,221,260,1.5,1.33,1.034330985915493,-39,0.16999999999999993,39,0,caloune,Walls and Fences
290,2281,1451,13,0.85,1.5,0.12713722051731696,1438,-0.65,-1991,0,caloune,Home Sweet Home
2331,2145,5,23,1.5,1.5,1.0867132867132867,-18,0.0,186,1,caloune,Home Sweet Home
1472,1269,374,556,1.51,1.54,1.1599684791174152,-182,-0.030000000000000027,203,0,caloune,Home Sweet Home
1689,1664,181,202,1.5,1.33,1.0150240384615385,-21,0.16999999999999993,25,0,caloune,Home Sweet Home
1341,850,492,952,1.47,1.33,1.5776470588235294,-460,0.1399999999999999,491,1,caloune,Home Sweet Home
914,1439,890,404,1.5,1.5,0.6351633078526755,486,0.0,-525,1,caloune,Home Sweet Home
1682,922,185,882,1.38,1.33,1.824295010845987,-697,0.04999999999999982,760,0,caloune,Home Sweet Home
929,1935,875,61,1.5,1.5,0.48010335917312663,814,0.0,-1006,0,caloune,Home Sweet Home
1281,765,546,1034,1.5,1.4,1.6745098039215687,-488,0.10000000000000009,516,0,caloune,Home Sweet Home
1281,1083,546,727,1.5,1.5,1.182825484764543,-181,0.0,198,0,caloune,Home Sweet Home
0,1127,999,762,0.0,1.5,0.0,237,-1.5,-1127,0,caloune,Capturing Rooftops
1684,1244,233,651,1.5,1.5,1.3536977491961415,-418,0.0,440,1,caloune,Capturing Rooftops
1630,1203,282,691,1.28,1.4,1.3549459684123026,-409,-0.11999999999999988,427,0,caloune,Capturing Rooftops
1764,1742,167,186,1.5,1.51,1.0126291618828933,-19,-0.010000000000000009,22,1,caloune,Capturing Rooftops
1711,1343,211,558,1.39,1.57,1.2740134028294863,-347,-0.18000000000000016,368,0,caloune,Capturing Rooftops
1687,1050,230,840,1.33,1.52,1.6066666666666667,-610,-0.18999999999999995,637,0,caloune,Capturing Rooftops
0,586,999,663,0.0,1.33,0.0,336,-1.33,-586,0,caloune,Beyond Repair
439,481,800,758,1.33,1.5,0.9126819126819127,42,-0.16999999999999993,-42,1,caloune,Beyond Repair
386,407,853,832,1.16,1.51,0.9484029484029484,21,-0.3500000000000001,-21,0,caloune,Beyond Repair
507,418,732,821,1.78,1.33,1.2129186602870814,-89,0.44999999999999996,89,1,caloune,Beyond Repair
588,1374,662,57,0.79,1.5,0.4279475982532751,605,-0.71,-786,1,caloune,Beyond Repair
523,620,716,651,1.33,1.5,0.8435483870967742,65,-0.16999999999999993,-97,0,caloune,Beyond Repair
599,1405,656,38,1.5,1.5,0.42633451957295376,618,0.0,-806,0,caloune,Beyond Repair
1211,343,187,891,1.47,1.36,3.5306122448979593,-704,0.10999999999999988,868,1,caloune,Beyond Repair
0,1913,999,44,0.0,1.5,0.0,955,-1.5,-1913,0,caloune,Your Country
2067,2082,6,5,1.53,1.5,0.9927953890489913,1,0.030000000000000027,-15,0,caloune,Your Country
952,1962,856,29,1.55,1.33,0.48521916411824667,827,0.21999999999999997,-1010,0,caloune,Your Country
1673,1661,169,179,1.5,1.5,1.0072245635159542,-10,0.0,12,1,caloune,Your Country
1979,1296,24,517,1.33,1.5,1.5270061728395061,-493,-0.16999999999999993,683,0,caloune,Your Country
1806,1735,95,131,1.5,1.5,1.0409221902017292,-36,0.0,71,0,caloune,Your Country
1659,1123,180,687,1.78,1.5,1.477292965271594,-507,0.28,536,1,caloune,Your Country
1845,752,76,1055,1.33,1.5,2.453457446808511,-979,-0.16999999999999993,1093,1,caloune,Your Country
0,1536,999,282,0.0,1.5,0.0,717,-1.5,-1536,0,caloune,Your Country
0,927,999,262,0.0,1.5,0.0,737,-1.5,-927,0,caloune,Begins With L
1243,1351,24,8,1.53,1.58,0.920059215396003,16,-0.050000000000000044,-108,0,caloune,Begins With L
1155,1100,67,106,1.33,1.33,1.05,-39,0.0,55,0,caloune,Begins With L
395,475,666,599,1.4,1.5,0.8315789473684211,67,-0.10000000000000009,-80,0,caloune,Begins With L
961,224,231,836,1.39,1.5,4.290178571428571,-605,-0.1100000000000001,737,1,caloune,Begins With L
869,282,315,779,1.0,1.33,3.0815602836879434,-464,-0.33000000000000007,587,1,caloune,Begins With L
371,1086,690,118,1.33,1.5,0.3416206261510129,572,-0.16999999999999993,-715,1,caloune,Begins With L
852,246,330,814,1.5,1.45,3.4634146341463414,-484,0.050000000000000044,606,1,caloune,Begins With L
851,278,331,783,1.33,1.33,3.0611510791366907,-452,0.0,573,1,caloune,Begins With L
0,415,999,603,0.0,1.33,0.0,396,-1.33,-415,0,caloune,Stop the time
737,296,405,719,1.5,1.49,2.489864864864865,-314,0.010000000000000009,441,1,caloune,Stop the time
289,1170,726,61,1.33,1.39,0.24700854700854702,665,-0.05999999999999983,-881,0,caloune,Stop the time
914,1003,248,171,1.33,1.49,0.9112662013958126,77,-0.15999999999999992,-89,1,caloune,Stop the time
295,1153,720,69,1.5,1.5,0.25585429314830876,651,0.0,-858,0,caloune,Stop the time
948,358,218,658,1.37,1.5,2.64804469273743,-440,-0.1299999999999999,590,1,caloune,Stop the time
881,1315,277,16,1.3,0.67,0.6699619771863118,261,0.63,-434,0,caloune,Stop the time
179,1050,839,130,0.75,1.13,0.17047619047619048,709,-0.3799999999999999,-871,0,caloune,Stop the time
279,1838,1321,26,1.95,1.5,0.15179542981501631,1295,0.44999999999999996,-1559,0,caloune,Naturally Lit Portraits
1366,1173,314,484,1.5,1.5,1.1645353793691389,-170,0.0,193,1,caloune,Naturally Lit Portraits
1334,1987,344,8,1.33,1.5,0.6713638651233015,336,-0.16999999999999993,-653,0,caloune,Naturally Lit Portraits
1515,1024,180,621,1.5,1.4,1.4794921875,-441,0.10000000000000009,491,0,caloune,Naturally Lit Portraits
760,1498,871,194,1.78,1.02,0.507343124165554,677,0.76,-738,0,caloune,Naturally Lit Portraits
1745,1202,49,461,1.5,1.25,1.4517470881863561,-412,0.25,543,1,caloune,Naturally Lit Portraits
154,1533,1352,169,1.04,1.5,0.1004566210045662,1183,-0.45999999999999996,-1379,0,caloune,Naturally Lit Portraits
539,1023,1083,622,1.5,1.5,0.5268817204301075,461,0.0,-484,0,caloune,Naturally Lit Portraits
644,1567,968,539,1.78,1.33,0.41097638800255265,429,0.44999999999999996,-923,0,caloune,Colorful Tiles & Mosaics
1805,1451,365,606,1.21,1.5,1.2439696760854584,-241,-0.29000000000000004,354,1,caloune,Colorful Tiles & Mosaics
2470,2100,24,165,1.49,1.5,1.1761904761904762,-141,-0.010000000000000009,370,0,caloune,Colorful Tiles & Mosaics
1853,1426,327,622,1.33,1.5,1.2994389901823282,-295,-0.16999999999999993,427,1,caloune,Colorful Tiles & Mosaics
1674,2190,468,115,1.33,1.33,0.7643835616438356,353,0.0,-516,1,caloune,Colorful Tiles & Mosaics
2795,2576,1,8,1.5,1.5,1.0850155279503106,-7,0.0,219,1,caloune,Colorful Tiles & Mosaics
1881,1423,307,624,1.33,1.5,1.3218552354181308,-317,-0.16999999999999993,458,1,caloune,Colorful Tiles & Mosaics
2439,1706,30,440,1.5,0.98,1.4296600234466588,-410,0.52,733,1,caloune,Colorful Tiles & Mosaics
1865,1187,318,794,1.33,0.66,1.5711878685762426,-476,0.67,678,1,caloune,Colorful Tiles & Mosaics
468,1514,1443,443,0.91,1.5,0.309114927344782,1000,-0.59,-1046,0,caloune,Dramatic Storms
1463,1819,491,168,1.5,1.58,0.8042880703683343,323,-0.08000000000000007,-356,1,caloune,Dramatic Storms
1061,1148,865,782,1.5,1.5,0.9242160278745645,83,0.0,-87,0,caloune,Dramatic Storms
2315,1975,2,69,1.5,1.5,1.1721518987341772,-67,0.0,340,1,caloune,Dramatic Storms
2164,2227,15,9,1.3,1.41,0.9717108217332735,6,-0.10999999999999988,-63,1,caloune,Dramatic Storms
1917,1585,104,376,1.5,1.33,1.2094637223974762,-272,0.16999999999999993,332,0,caloune,Dramatic Storms
1494,947,461,977,1.5,1.33,1.5776135163674763,-516,0.16999999999999993,547,1,caloune,Dramatic Storms
1839,1541,152,418,1.5,1.5,1.1933809214795588,-266,0.0,298,1,caloune,Dramatic Storms
2090,1372,32,574,1.5,1.5,1.5233236151603498,-542,0.0,718,1,caloune,Dramatic Storms
0,372,999,720,0.0,1.5,0.0,279,-1.5,-372,0,caloune,Creative Focus
325,348,768,745,1.5,0.75,0.9339080459770115,23,0.75,-23,0,caloune,Creative Focus
323,914,770,262,1.06,1.33,0.3533916849015317,508,-0.27,-591,0,caloune,Creative Focus
1328,1114,5,82,1.56,1.44,1.1921005385996408,-77,0.1200000000000001,214,1,caloune,Creative Focus
508,914,607,262,1.5,1.33,0.5557986870897156,345,0.16999999999999993,-406,1,caloune,Creative Focus
904,1089,272,101,1.5,1.5,0.830119375573921,171,0.0,-185,1,caloune,Creative Focus
1261,921,16,255,1.33,1.2,1.3691639522258414,-239,0.13000000000000012,340,1,caloune,Creative Focus
1042,0,145,999,1.58,0.0,1042.0,-854,1.58,1042,1,caloune,Creative Focus
2126,0,40,999,1.5,0.0,2126.0,-959,1.5,2126,1,caloune,Photographer of the Week
2349,1327,5,680,1.02,1.33,1.7701582516955539,-675,-0.31000000000000005,1022,1,caloune,Photographer of the Week
0,1285,999,720,0.0,1.51,0.0,279,-1.51,-1285,0,caloune,Photographer of the Week
2027,2018,82,86,1.78,1.5,1.0044598612487612,-4,0.28,9,1,caloune,Photographer of the Week
1457,1161,557,843,1.33,1.5,1.2549526270456504,-286,-0.16999999999999993,296,0,caloune,Photographer of the Week
1126,2101,878,48,1.5,1.5,0.5359352689195621,830,0.0,-975,1,caloune,Photographer of the Week
1935,0,130,999,1.78,0.0,1935.0,-869,1.78,1935,1,caloune,Photographer of the Week
1174,0,830,999,1.13,0.0,1174.0,-169,1.13,1174,1,caloune,Photographer of the Week
0,1781,999,72,0.0,1.5,0.0,927,-1.5,-1781,0,caloune,Being A Child
1629,943,151,798,1.33,1.5,1.7274655355249204,-647,-0.16999999999999993,686,0,caloune,Being A Child
729,1768,1011,77,1.33,1.5,0.4123303167420814,934,-0.16999999999999993,-1039,1,caloune,Being A Child
1170,886,576,855,1.17,1.4,1.3205417607223475,-279,-0.22999999999999998,284,1,caloune,Being A Child
1981,1144,18,601,1.44,1.25,1.7316433566433567,-583,0.18999999999999995,837,1,caloune,Being A Child
1511,1789,246,68,1.5,1.5,0.8446059250978201,178,0.0,-278,0,caloune,Being A Child
0,1055,999,688,0.0,1.5,0.0,311,-1.5,-1055,1,caloune,Being A Child
1654,729,137,1011,1.43,1.4,2.268861454046639,-874,0.030000000000000027,925,0,caloune,Being A Child
1444,0,310,999,1.46,0.0,1444.0,-689,1.46,1444,0,caloune,Being A Child
1393,0,361,999,1.33,0.0,1393.0,-638,1.33,1393,0,caloune,Being A Child
823,366,848,1255,1.5,1.0,2.248633879781421,-407,0.5,457,1,caloune,Let’s Take a Selfie
1533,403,198,1240,1.5,1.5,3.803970223325062,-1042,0.0,1130,1,caloune,Let’s Take a Selfie
743,1477,922,244,1.33,1.1,0.5030467163168585,678,0.22999999999999998,-734,1,caloune,Let’s Take a Selfie
1278,857,434,817,1.5,1.42,1.4912485414235706,-383,0.08000000000000007,421,0,caloune,Let’s Take a Selfie
601,1198,1059,504,1.33,1.5,0.501669449081803,555,-0.16999999999999993,-597,1,caloune,Let’s Take a Selfie
1837,1433,48,286,1.53,1.5,1.2819260293091417,-238,0.030000000000000027,404,1,caloune,Let’s Take a Selfie
1210,1467,493,254,1.33,1.5,0.8248125426039536,239,-0.16999999999999993,-257,0,caloune,Let’s Take a Selfie
1848,1600,45,145,1.33,1.5,1.155,-100,-0.16999999999999993,248,1,caloune,Let’s Take a Selfie
1182,1087,517,607,1.33,0.76,1.0873965041398344,-90,0.5700000000000001,95,1,caloune,Let’s Take a Selfie
2086,175,30,1465,1.33,1.33,11.92,-1435,0.0,1911,1,caloune,People and Architecture
1948,2012,68,49,1.33,1.33,0.9681908548707754,19,0.0,-64,1,caloune,People and Architecture
1738,2121,195,23,1.5,1.39,0.8194247996228194,172,0.1100000000000001,-383,0,caloune,People and Architecture
1719,1727,209,201,1.33,1.32,0.9953676896352056,8,0.010000000000000009,-8,0,caloune,People and Architecture
814,2042,1030,44,1.33,1.56,0.39862879529872675,986,-0.22999999999999998,-1228,0,caloune,People and Architecture
940,1167,912,704,1.5,1.49,0.805484147386461,208,0.010000000000000009,-227,1,caloune,People and Architecture
1467,1196,432,678,1.5,1.5,1.2265886287625418,-246,0.0,271,0,caloune,People and Architecture
833,2098,1013,28,1.5,1.5,0.39704480457578645,985,0.0,-1265,0,caloune,People and Architecture
1641,1188,271,686,1.33,1.61,1.3813131313131313,-415,-0.28,453,0,caloune,People and Architecture
0,361,999,894,0.0,1.33,0.0,105,-1.33,-361,0,caloune,Geometric Forms
1131,502,249,754,1.33,1.5,2.252988047808765,-505,-0.16999999999999993,629,1,caloune,Geometric Forms
1209,1323,177,87,1.5,1.33,0.9138321995464853,90,0.16999999999999993,-114,1,caloune,Geometric Forms
530,1115,729,265,1.33,1.33,0.47533632286995514,464,0.0,-585,0,caloune,Geometric Forms
1215,981,171,391,1.33,1.39,1.238532110091743,-220,-0.05999999999999983,234,0,caloune,Geometric Forms
348,0,907,999,1.5,0.0,348.0,-92,1.5,348,1,caloune,Geometric Forms
434,1338,822,74,1.37,1.5,0.3243647234678625,748,-0.1299999999999999,-904,0,caloune,Geometric Forms
1913,0,372,999,1.33,0.0,1913.0,-627,1.33,1913,1,caloune,Guru of The Week
1657,1625,596,624,1.25,1.55,1.0196923076923077,-28,-0.30000000000000004,32,1,caloune,Guru of The Week
2289,1656,70,597,1.5,1.51,1.3822463768115942,-527,-0.010000000000000009,633,1,caloune,Guru of The Week
2480,1059,14,1183,1.5,1.33,2.3418319169027386,-1169,0.16999999999999993,1421,1,caloune,Guru of The Week
1983,1604,308,644,1.33,1.33,1.236284289276808,-336,0.0,379,0,caloune,Guru of The Week
1231,2290,1011,69,1.5,1.5,0.5375545851528384,942,0.0,-1059,0,caloune,Guru of The Week
1606,2406,642,32,1.78,1.33,0.6674979218620116,610,0.44999999999999996,-800,1,caloune,Guru of The Week
2363,1129,44,1113,1.33,1.5,2.093002657218778,-1069,-0.16999999999999993,1234,1,caloune,Guru of The Week
0,2386,999,36,0.0,1.5,0.0,963,-1.5,-2386,0,caloune,Guru of The Week
0,1820,999,108,0.0,1.5,0.0,891,-1.5,-1820,0,caloune,One Desolate Tree
1941,904,62,942,1.5,1.5,2.14712389380531,-880,0.0,1037,1,caloune,One Desolate Tree
1916,1675,70,203,1.33,1.5,1.1438805970149253,-133,-0.16999999999999993,241,1,caloune,One Desolate Tree
1738,1672,154,206,1.5,0.71,1.0394736842105263,-52,0.79,66,0,caloune,One Desolate Tree
1713,1869,175,87,1.33,1.33,0.9165329052969502,88,0.0,-156,1,caloune,One Desolate Tree
1112,1870,738,86,1.33,1.5,0.5946524064171123,652,-0.16999999999999993,-758,1,caloune,One Desolate Tree
1026,1963,822,52,1.33,1.5,0.5226693835965359,770,-0.16999999999999993,-937,0,caloune,One Desolate Tree
933,981,916,868,1.33,1.5,0.9510703363914373,48,-0.16999999999999993,-48,0,caloune,One Desolate Tree
1499,1045,361,804,0.75,0.75,1.4344497607655502,-443,0.0,454,0,caloune,One Desolate Tree
1045,1514,804,346,0.75,1.5,0.690224570673712,458,-0.75,-469,0,caloune,One Desolate Tree
1089,0,112,999,1.33,0.0,1089.0,-887,1.33,1089,1,caloune,Beautiful B&W
518,1201,581,47,1.5,1.5,0.43130724396336384,534,0.0,-683,1,caloune,Beautiful B&W
1062,539,134,568,1.5,1.34,1.9703153988868274,-434,0.15999999999999992,523,0,caloune,Beautiful B&W
458,1036,618,157,0.75,1.51,0.4420849420849421,461,-0.76,-578,1,caloune,Beautiful B&W
1014,328,177,745,1.49,1.5,3.091463414634146,-568,-0.010000000000000009,686,1,caloune,Beautiful B&W
1234,524,38,577,1.5,1.53,2.354961832061069,-539,-0.030000000000000027,710,0,caloune,Beautiful B&W
345,445,728,630,1.5,1.5,0.7752808988764045,98,0.0,-100,0,caloune,Beautiful B&W
0,941,999,243,0.0,1.5,0.0,756,-1.5,-941,0,caloune,Beautiful B&W
0,422,999,652,0.0,1.51,0.0,347,-1.51,-422,0,caloune,Beautiful B&W
0,927,999,257,0.0,1.33,0.0,742,-1.33,-927,0,caloune,Beautiful B&W
378,0,648,999,1.51,0.0,378.0,-351,1.51,378,1,caloune,Your Legacy
434,1248,596,38,1.5,1.33,0.34775641025641024,558,0.16999999999999993,-814,0,caloune,Your Legacy
368,1004,658,200,1.52,1.33,0.3665338645418327,458,0.18999999999999995,-636,0,caloune,Your Legacy
1067,1073,146,141,1.33,1.5,0.994408201304753,5,-0.16999999999999993,-6,1,caloune,Your Legacy
1215,378,52,648,1.25,1.49,3.2142857142857144,-596,-0.24,837,1,caloune,Your Legacy
1000,1213,204,53,1.5,1.5,0.8244023083264633,151,0.0,-213,0,caloune,Your Legacy
1062,968,151,233,1.5,1.33,1.0971074380165289,-82,0.16999999999999993,94,0,caloune,Your Legacy
0,1217,999,50,0.0,1.5,0.0,949,-1.5,-1217,0,caloune,Your Legacy
0,1061,999,152,0.0,1.52,0.0,847,-1.52,-1061,0,caloune,Your Legacy
0,1287,999,424,0.0,1.5,0.0,575,-1.5,-1287,0,caloune,Captivating Cities
1821,1459,55,259,1.77,1.5,1.2481151473612062,-204,0.27,362,0,caloune,Captivating Cities
717,1111,971,591,1.5,1.49,0.6453645364536453,380,0.010000000000000009,-394,0,caloune,Captivating Cities
1683,703,105,984,1.5,1.78,2.39402560455192,-879,-0.28,980,0,caloune,Captivating Cities
1384,1604,328,146,1.5,1.5,0.8628428927680798,182,0.0,-220,1,caloune,Captivating Cities
690,1062,997,640,1.5,1.41,0.6497175141242938,357,0.09000000000000008,-372,0,caloune,Captivating Cities
1265,1024,445,676,1.5,1.33,1.2353515625,-231,0.16999999999999993,241,0,caloune,Captivating Cities
742,1163,946,540,1.33,1.33,0.6380051590713671,406,0.0,-421,1,caloune,Captivating Cities
1122,1158,581,545,1.5,1.35,0.9689119170984456,36,0.1499999999999999,-36,0,caloune,Captivating Cities
1158,1674,545,110,1.35,1.5,0.6917562724014337,435,-0.1499999999999999,-516,0,caloune,Captivating Cities
200,180,50,60,1.33,1.5,1.1111111111111112,-10,-0.16999999999999993,20,1,test_user_123,Test Challenge
200,180,50,60,1.33,1.5,1.1111111111111112,-10,-0.16999999999999993,20,1,test_user_123,Test Challenge
