[2025-06-05 00:00:00] Challenges fetched successfully for bruno!
[2025-06-05 00:00:00] Challenges fetching ...
[2025-06-05 00:00:00] Challenges fetched successfully for bruno!
[2025-06-05 00:00:00] Challenges fetching ...
[2025-06-05 00:00:00] Challenges fetched successfully for bruno!
[2025-06-05 00:00:00] Challenges fetching ...
[2025-06-05 00:00:00] Challenges fetched successfully for bruno!
[2025-06-05 00:00:00] Challenges fetching ...
[2025-06-05 00:00:00] Challenges fetched successfully for bruno!
[2025-06-05 00:00:00] Challenges fetching ...
[2025-06-05 00:00:00] Challenges fetched successfully for bruno!
[2025-06-05 00:00:00] Challenges fetching ...
[2025-06-05 00:00:00] Challenges fetched successfully for bruno!
[2025-06-05 00:00:00] Challenges fetching ...
[2025-06-05 00:00:00] Challenges fetched successfully for bruno!
[2025-06-05 00:00:00] Challenges fetching ...
[2025-06-05 00:00:00] Challenges fetched successfully for bruno!
[2025-06-05 00:00:00] Challenges fetching ...
[2025-06-05 00:00:00] Challenges fetched successfully for bruno!
[2025-06-05 00:00:01] Challenges fetching ...
[2025-06-05 00:00:01] Challenges fetched successfully for bruno!
[2025-06-05 00:00:01] Challenges fetching ...
[2025-06-05 00:00:01] Challenges fetched successfully for bruno!
[2025-06-05 00:00:01] Challenges fetching ...
[2025-06-05 00:00:01] Challenges fetched successfully for bruno!
[2025-06-05 00:00:02] Challenges fetching ...
[2025-06-05 00:00:02] Challenges fetched successfully for bruno!
[2025-06-05 00:00:02] Challenges fetching ...
[2025-06-05 00:00:02] Challenges fetched successfully for bruno!
[2025-06-05 00:00:02] Challenges fetching ...
[2025-06-05 00:00:03] Challenges fetched successfully for bruno!
[2025-06-05 00:00:03] Challenges fetching ...
[2025-06-05 00:00:03] Challenges fetched successfully for bruno!
[2025-06-05 00:00:03] Challenges fetching ...
[2025-06-05 00:00:03] Challenges fetched successfully for bruno!
[2025-06-05 00:00:04] Challenges fetching ...
[2025-06-05 00:00:04] Challenges fetched successfully for bruno!
[2025-06-05 00:00:04] Challenges fetching ...
[2025-06-05 00:00:04] Challenges fetched successfully for bruno!
[2025-06-05 00:00:04] Challenges fetching ...
[2025-06-05 00:00:05] Challenges fetched successfully for bruno!
[2025-06-05 00:00:05] Challenges fetching ...
[2025-06-05 00:00:05] Challenges fetched successfully for bruno!
[2025-06-05 00:00:05] Challenges fetching ...
[2025-06-05 00:00:05] Challenges fetched successfully for bruno!
[2025-06-05 00:00:05] Challenges fetching ...
[2025-06-05 00:00:06] Challenges fetched successfully for bruno!
[2025-06-05 00:00:06] Challenges fetching ...
[2025-06-05 00:00:06] Challenges fetched successfully for bruno!
[2025-06-05 00:00:06] Challenges fetching ...
[2025-06-05 00:00:06] Challenges fetched successfully for bruno!
[2025-06-05 00:00:06] Challenges fetching ...
[2025-06-05 00:00:07] Challenges fetched successfully for bruno!
[2025-06-05 00:00:07] Challenges fetching ...
[2025-06-05 00:00:07] Challenges fetched successfully for bruno!
[2025-06-05 00:00:07] Challenges fetching ...
[2025-06-05 00:00:07] Challenges fetched successfully for bruno!
[2025-06-05 00:00:07] Challenges fetching ...
[2025-06-05 00:00:08] Challenges fetched successfully for bruno!
[2025-06-05 00:00:08] Challenges fetching ...
[2025-06-05 00:00:08] Challenges fetched successfully for bruno!
[2025-06-05 00:00:08] Challenges fetching ...
[2025-06-05 00:00:08] Challenges fetched successfully for bruno!
[2025-06-05 00:00:09] Challenges fetching ...
[2025-06-05 00:00:09] Challenges fetched successfully for bruno!
[2025-06-05 00:00:09] Challenges fetching ...
[2025-06-05 00:00:09] Challenges fetched successfully for bruno!
[2025-06-05 00:00:17] Challenges fetching ...
[2025-06-05 00:00:17] Challenges fetched successfully for bruno!
[2025-06-05 00:00:17] Challenges fetching ...
[2025-06-05 00:00:17] Challenges fetched successfully for bruno!
[2025-06-05 00:00:17] Challenges fetching ...
[2025-06-05 00:00:17] Challenges fetched successfully for bruno!
[2025-06-05 00:00:17] Challenges fetching ...
[2025-06-05 00:00:18] Challenges fetched successfully for bruno!
[2025-06-05 00:00:18] Challenges fetching ...
[2025-06-05 00:00:18] Challenges fetched successfully for bruno!
[2025-06-05 00:00:18] Challenges fetching ...
[2025-06-05 00:00:18] Challenges fetched successfully for bruno!
[2025-06-05 00:00:18] Challenges fetching ...
[2025-06-05 00:00:18] Challenges fetched successfully for bruno!
[2025-06-05 00:00:18] Challenges fetching ...
[2025-06-05 00:00:19] Challenges fetched successfully for bruno!
[2025-06-05 00:00:19] Challenges fetching ...
[2025-06-05 00:00:19] Challenges fetched successfully for bruno!
[2025-06-05 00:00:19] Challenges fetching ...
[2025-06-05 00:00:19] Challenges fetched successfully for bruno!
[2025-06-05 00:00:19] Challenges fetching ...
[2025-06-05 00:00:19] Challenges fetched successfully for bruno!
[2025-06-05 00:00:19] Challenges fetching ...
[2025-06-05 00:00:20] Challenges fetched successfully for bruno!
[2025-06-05 00:00:20] Challenges fetching ...
[2025-06-05 00:00:20] Challenges fetched successfully for bruno!
[2025-06-05 00:00:20] Challenges fetching ...
[2025-06-05 00:00:20] Challenges fetched successfully for bruno!
[2025-06-05 00:00:20] Challenges fetching ...
[2025-06-05 00:00:20] Challenges fetched successfully for bruno!
[2025-06-05 00:00:20] Challenges fetching ...
[2025-06-05 00:00:21] Challenges fetched successfully for bruno!
[2025-06-05 00:00:21] Challenges fetching ...
[2025-06-05 00:00:21] Challenges fetched successfully for bruno!
[2025-06-05 00:00:21] Challenges fetching ...
[2025-06-05 00:00:21] Challenges fetched successfully for bruno!
[2025-06-05 00:07:16] Désélection de tous les challenges

[2025-06-05 00:07:18] Refreshing challenges...
[2025-06-05 00:07:18] Fetching challenges...
[2025-06-05 00:07:19] Challenges fetching ...
[2025-06-05 00:07:19] Lancement automatique des stratégies de fin pour 1 nouveaux challenges...
[2025-06-05 00:07:19] Nouveau challenge détecté pour bruno: Dramatic Lighting
[2025-06-05 00:07:19] Challenges fetched successfully for bruno!
[2025-06-05 00:07:56] Nature’s Soothing Sounds get vote panel
[2025-06-05 00:08:17] Show me your World get vote panel
[2025-06-05 00:08:38] Tell a Story get vote panel
[2025-06-05 00:08:59] Artistic Still Life get vote panel
[2025-06-05 00:09:20] Dramatic Lighting get vote panel
[2025-06-05 00:09:41] Filling challenges: {101569, 101574, 101583, 101557, 101789}
Filled Nature’s Soothing Sounds with strategy end4
Filled Show me your World with strategy end4
Filled Tell a Story with strategy end4
Filled Artistic Still Life with strategy end4
Filled Dramatic Lighting with strategy end4

[2025-06-05 00:09:41] Récupération des données de vote pour Nature’s Soothing Sounds (URL: nature-s-soothing-sounds1, HEADER:{'User-Agent': 'Mozilla/5.0 (X11; Linux i686; rv:39.0) Gecko/20100101 Firefox/39.0', 'x-api-version': '8', 'x-env': 'WEB', 'X-requested-with': 'XMLHttpRequest', 'X-token': 'a1cad95a6d480c14f51dd0eba4914c8337b893c789ec6278bb440c7c9a673b162f042470c62684e6da2bd342ffea7777'})
[2025-06-05 00:09:41] Récupération des données de vote pour Nature’s Soothing Sounds (URL: nature-s-soothing-sounds1, HEADER:{'User-Agent': 'Mozilla/5.0 (X11; Linux i686; rv:39.0) Gecko/20100101 Firefox/39.0', 'x-api-version': '8', 'x-env': 'WEB', 'X-requested-with': 'XMLHttpRequest', 'X-token': 'a1cad95a6d480c14f51dd0eba4914c8337b893c789ec6278bb440c7c9a673b162f042470c62684e6da2bd342ffea7777'})
[2025-06-05 00:09:41] Récupération des données de vote pour Nature’s Soothing Sounds (URL: nature-s-soothing-sounds1, HEADER:{'User-Agent': 'Mozilla/5.0 (X11; Linux i686; rv:39.0) Gecko/20100101 Firefox/39.0', 'x-api-version': '8', 'x-env': 'WEB', 'X-requested-with': 'XMLHttpRequest', 'X-token': 'a1cad95a6d480c14f51dd0eba4914c8337b893c789ec6278bb440c7c9a673b162f042470c62684e6da2bd342ffea7777'})
[2025-06-05 00:09:41] Récupération des données de vote pour Nature’s Soothing Sounds (URL: nature-s-soothing-sounds1, HEADER:{'User-Agent': 'Mozilla/5.0 (X11; Linux i686; rv:39.0) Gecko/20100101 Firefox/39.0', 'x-api-version': '8', 'x-env': 'WEB', 'X-requested-with': 'XMLHttpRequest', 'X-token': 'a1cad95a6d480c14f51dd0eba4914c8337b893c789ec6278bb440c7c9a673b162f042470c62684e6da2bd342ffea7777'})
[2025-06-05 00:09:41] Récupération des données de vote pour Nature’s Soothing Sounds (URL: nature-s-soothing-sounds1, HEADER:{'User-Agent': 'Mozilla/5.0 (X11; Linux i686; rv:39.0) Gecko/20100101 Firefox/39.0', 'x-api-version': '8', 'x-env': 'WEB', 'X-requested-with': 'XMLHttpRequest', 'X-token': 'a1cad95a6d480c14f51dd0eba4914c8337b893c789ec6278bb440c7c9a673b162f042470c62684e6da2bd342ffea7777'})
[2025-06-05 00:09:41] Récupération des données de vote pour Nature’s Soothing Sounds (URL: nature-s-soothing-sounds1, HEADER:{'User-Agent': 'Mozilla/5.0 (X11; Linux i686; rv:39.0) Gecko/20100101 Firefox/39.0', 'x-api-version': '8', 'x-env': 'WEB', 'X-requested-with': 'XMLHttpRequest', 'X-token': 'a1cad95a6d480c14f51dd0eba4914c8337b893c789ec6278bb440c7c9a673b162f042470c62684e6da2bd342ffea7777'})
[2025-06-05 00:09:41] Récupération des données de vote pour Nature’s Soothing Sounds (URL: nature-s-soothing-sounds1, HEADER:{'User-Agent': 'Mozilla/5.0 (X11; Linux i686; rv:39.0) Gecko/20100101 Firefox/39.0', 'x-api-version': '8', 'x-env': 'WEB', 'X-requested-with': 'XMLHttpRequest', 'X-token': 'a1cad95a6d480c14f51dd0eba4914c8337b893c789ec6278bb440c7c9a673b162f042470c62684e6da2bd342ffea7777'})
[2025-06-05 00:09:41] Récupération des données de vote pour Show me your World (URL: show-me-your-world27, HEADER:{'User-Agent': 'Mozilla/5.0 (X11; Linux i686; rv:39.0) Gecko/20100101 Firefox/39.0', 'x-api-version': '8', 'x-env': 'WEB', 'X-requested-with': 'XMLHttpRequest', 'X-token': 'a1cad95a6d480c14f51dd0eba4914c8337b893c789ec6278bb440c7c9a673b162f042470c62684e6da2bd342ffea7777'})
[2025-06-05 00:09:41] Récupération des données de vote pour Show me your World (URL: show-me-your-world27, HEADER:{'User-Agent': 'Mozilla/5.0 (X11; Linux i686; rv:39.0) Gecko/20100101 Firefox/39.0', 'x-api-version': '8', 'x-env': 'WEB', 'X-requested-with': 'XMLHttpRequest', 'X-token': 'a1cad95a6d480c14f51dd0eba4914c8337b893c789ec6278bb440c7c9a673b162f042470c62684e6da2bd342ffea7777'})
[2025-06-05 00:09:41] Récupération des données de vote pour Show me your World (URL: show-me-your-world27, HEADER:{'User-Agent': 'Mozilla/5.0 (X11; Linux i686; rv:39.0) Gecko/20100101 Firefox/39.0', 'x-api-version': '8', 'x-env': 'WEB', 'X-requested-with': 'XMLHttpRequest', 'X-token': 'a1cad95a6d480c14f51dd0eba4914c8337b893c789ec6278bb440c7c9a673b162f042470c62684e6da2bd342ffea7777'})
[2025-06-05 00:09:41] Récupération des données de vote pour Show me your World (URL: show-me-your-world27, HEADER:{'User-Agent': 'Mozilla/5.0 (X11; Linux i686; rv:39.0) Gecko/20100101 Firefox/39.0', 'x-api-version': '8', 'x-env': 'WEB', 'X-requested-with': 'XMLHttpRequest', 'X-token': 'a1cad95a6d480c14f51dd0eba4914c8337b893c789ec6278bb440c7c9a673b162f042470c62684e6da2bd342ffea7777'})
[2025-06-05 00:09:41] Récupération des données de vote pour Show me your World (URL: show-me-your-world27, HEADER:{'User-Agent': 'Mozilla/5.0 (X11; Linux i686; rv:39.0) Gecko/20100101 Firefox/39.0', 'x-api-version': '8', 'x-env': 'WEB', 'X-requested-with': 'XMLHttpRequest', 'X-token': 'a1cad95a6d480c14f51dd0eba4914c8337b893c789ec6278bb440c7c9a673b162f042470c62684e6da2bd342ffea7777'})
[2025-06-05 00:09:41] Récupération des données de vote pour Show me your World (URL: show-me-your-world27, HEADER:{'User-Agent': 'Mozilla/5.0 (X11; Linux i686; rv:39.0) Gecko/20100101 Firefox/39.0', 'x-api-version': '8', 'x-env': 'WEB', 'X-requested-with': 'XMLHttpRequest', 'X-token': 'a1cad95a6d480c14f51dd0eba4914c8337b893c789ec6278bb440c7c9a673b162f042470c62684e6da2bd342ffea7777'})
[2025-06-05 00:09:41] Récupération des données de vote pour Show me your World (URL: show-me-your-world27, HEADER:{'User-Agent': 'Mozilla/5.0 (X11; Linux i686; rv:39.0) Gecko/20100101 Firefox/39.0', 'x-api-version': '8', 'x-env': 'WEB', 'X-requested-with': 'XMLHttpRequest', 'X-token': 'a1cad95a6d480c14f51dd0eba4914c8337b893c789ec6278bb440c7c9a673b162f042470c62684e6da2bd342ffea7777'})
[2025-06-05 00:09:41] Récupération des données de vote pour Tell a Story (URL: tell-a-story40, HEADER:{'User-Agent': 'Mozilla/5.0 (X11; Linux i686; rv:39.0) Gecko/20100101 Firefox/39.0', 'x-api-version': '8', 'x-env': 'WEB', 'X-requested-with': 'XMLHttpRequest', 'X-token': 'a1cad95a6d480c14f51dd0eba4914c8337b893c789ec6278bb440c7c9a673b162f042470c62684e6da2bd342ffea7777'})
[2025-06-05 00:09:41] Récupération des données de vote pour Tell a Story (URL: tell-a-story40, HEADER:{'User-Agent': 'Mozilla/5.0 (X11; Linux i686; rv:39.0) Gecko/20100101 Firefox/39.0', 'x-api-version': '8', 'x-env': 'WEB', 'X-requested-with': 'XMLHttpRequest', 'X-token': 'a1cad95a6d480c14f51dd0eba4914c8337b893c789ec6278bb440c7c9a673b162f042470c62684e6da2bd342ffea7777'})
[2025-06-05 00:09:41] Récupération des données de vote pour Tell a Story (URL: tell-a-story40, HEADER:{'User-Agent': 'Mozilla/5.0 (X11; Linux i686; rv:39.0) Gecko/20100101 Firefox/39.0', 'x-api-version': '8', 'x-env': 'WEB', 'X-requested-with': 'XMLHttpRequest', 'X-token': 'a1cad95a6d480c14f51dd0eba4914c8337b893c789ec6278bb440c7c9a673b162f042470c62684e6da2bd342ffea7777'})
[2025-06-05 00:09:41] Récupération des données de vote pour Tell a Story (URL: tell-a-story40, HEADER:{'User-Agent': 'Mozilla/5.0 (X11; Linux i686; rv:39.0) Gecko/20100101 Firefox/39.0', 'x-api-version': '8', 'x-env': 'WEB', 'X-requested-with': 'XMLHttpRequest', 'X-token': 'a1cad95a6d480c14f51dd0eba4914c8337b893c789ec6278bb440c7c9a673b162f042470c62684e6da2bd342ffea7777'})
[2025-06-05 00:09:41] Récupération des données de vote pour Tell a Story (URL: tell-a-story40, HEADER:{'User-Agent': 'Mozilla/5.0 (X11; Linux i686; rv:39.0) Gecko/20100101 Firefox/39.0', 'x-api-version': '8', 'x-env': 'WEB', 'X-requested-with': 'XMLHttpRequest', 'X-token': 'a1cad95a6d480c14f51dd0eba4914c8337b893c789ec6278bb440c7c9a673b162f042470c62684e6da2bd342ffea7777'})
[2025-06-05 00:09:41] Récupération des données de vote pour Tell a Story (URL: tell-a-story40, HEADER:{'User-Agent': 'Mozilla/5.0 (X11; Linux i686; rv:39.0) Gecko/20100101 Firefox/39.0', 'x-api-version': '8', 'x-env': 'WEB', 'X-requested-with': 'XMLHttpRequest', 'X-token': 'a1cad95a6d480c14f51dd0eba4914c8337b893c789ec6278bb440c7c9a673b162f042470c62684e6da2bd342ffea7777'})
[2025-06-05 00:09:41] Récupération des données de vote pour Tell a Story (URL: tell-a-story40, HEADER:{'User-Agent': 'Mozilla/5.0 (X11; Linux i686; rv:39.0) Gecko/20100101 Firefox/39.0', 'x-api-version': '8', 'x-env': 'WEB', 'X-requested-with': 'XMLHttpRequest', 'X-token': 'a1cad95a6d480c14f51dd0eba4914c8337b893c789ec6278bb440c7c9a673b162f042470c62684e6da2bd342ffea7777'})
[2025-06-05 00:09:41] Récupération des données de vote pour Artistic Still Life (URL: artistic-still-life5, HEADER:{'User-Agent': 'Mozilla/5.0 (X11; Linux i686; rv:39.0) Gecko/20100101 Firefox/39.0', 'x-api-version': '8', 'x-env': 'WEB', 'X-requested-with': 'XMLHttpRequest', 'X-token': 'a1cad95a6d480c14f51dd0eba4914c8337b893c789ec6278bb440c7c9a673b162f042470c62684e6da2bd342ffea7777'})
[2025-06-05 00:09:41] Récupération des données de vote pour Artistic Still Life (URL: artistic-still-life5, HEADER:{'User-Agent': 'Mozilla/5.0 (X11; Linux i686; rv:39.0) Gecko/20100101 Firefox/39.0', 'x-api-version': '8', 'x-env': 'WEB', 'X-requested-with': 'XMLHttpRequest', 'X-token': 'a1cad95a6d480c14f51dd0eba4914c8337b893c789ec6278bb440c7c9a673b162f042470c62684e6da2bd342ffea7777'})
[2025-06-05 00:09:41] Récupération des données de vote pour Artistic Still Life (URL: artistic-still-life5, HEADER:{'User-Agent': 'Mozilla/5.0 (X11; Linux i686; rv:39.0) Gecko/20100101 Firefox/39.0', 'x-api-version': '8', 'x-env': 'WEB', 'X-requested-with': 'XMLHttpRequest', 'X-token': 'a1cad95a6d480c14f51dd0eba4914c8337b893c789ec6278bb440c7c9a673b162f042470c62684e6da2bd342ffea7777'})
[2025-06-05 00:09:41] Récupération des données de vote pour Artistic Still Life (URL: artistic-still-life5, HEADER:{'User-Agent': 'Mozilla/5.0 (X11; Linux i686; rv:39.0) Gecko/20100101 Firefox/39.0', 'x-api-version': '8', 'x-env': 'WEB', 'X-requested-with': 'XMLHttpRequest', 'X-token': 'a1cad95a6d480c14f51dd0eba4914c8337b893c789ec6278bb440c7c9a673b162f042470c62684e6da2bd342ffea7777'})
[2025-06-05 00:09:41] Récupération des données de vote pour Artistic Still Life (URL: artistic-still-life5, HEADER:{'User-Agent': 'Mozilla/5.0 (X11; Linux i686; rv:39.0) Gecko/20100101 Firefox/39.0', 'x-api-version': '8', 'x-env': 'WEB', 'X-requested-with': 'XMLHttpRequest', 'X-token': 'a1cad95a6d480c14f51dd0eba4914c8337b893c789ec6278bb440c7c9a673b162f042470c62684e6da2bd342ffea7777'})
[2025-06-05 00:09:41] Récupération des données de vote pour Artistic Still Life (URL: artistic-still-life5, HEADER:{'User-Agent': 'Mozilla/5.0 (X11; Linux i686; rv:39.0) Gecko/20100101 Firefox/39.0', 'x-api-version': '8', 'x-env': 'WEB', 'X-requested-with': 'XMLHttpRequest', 'X-token': 'a1cad95a6d480c14f51dd0eba4914c8337b893c789ec6278bb440c7c9a673b162f042470c62684e6da2bd342ffea7777'})
[2025-06-05 00:09:41] Récupération des données de vote pour Artistic Still Life (URL: artistic-still-life5, HEADER:{'User-Agent': 'Mozilla/5.0 (X11; Linux i686; rv:39.0) Gecko/20100101 Firefox/39.0', 'x-api-version': '8', 'x-env': 'WEB', 'X-requested-with': 'XMLHttpRequest', 'X-token': 'a1cad95a6d480c14f51dd0eba4914c8337b893c789ec6278bb440c7c9a673b162f042470c62684e6da2bd342ffea7777'})
[2025-06-05 00:09:41] Récupération des données de vote pour Dramatic Lighting (URL: dramatic-lighting11, HEADER:{'User-Agent': 'Mozilla/5.0 (X11; Linux i686; rv:39.0) Gecko/20100101 Firefox/39.0', 'x-api-version': '8', 'x-env': 'WEB', 'X-requested-with': 'XMLHttpRequest', 'X-token': 'a1cad95a6d480c14f51dd0eba4914c8337b893c789ec6278bb440c7c9a673b162f042470c62684e6da2bd342ffea7777'})
[2025-06-05 00:09:41] Récupération des données de vote pour Dramatic Lighting (URL: dramatic-lighting11, HEADER:{'User-Agent': 'Mozilla/5.0 (X11; Linux i686; rv:39.0) Gecko/20100101 Firefox/39.0', 'x-api-version': '8', 'x-env': 'WEB', 'X-requested-with': 'XMLHttpRequest', 'X-token': 'a1cad95a6d480c14f51dd0eba4914c8337b893c789ec6278bb440c7c9a673b162f042470c62684e6da2bd342ffea7777'})
[2025-06-05 00:09:41] Récupération des données de vote pour Dramatic Lighting (URL: dramatic-lighting11, HEADER:{'User-Agent': 'Mozilla/5.0 (X11; Linux i686; rv:39.0) Gecko/20100101 Firefox/39.0', 'x-api-version': '8', 'x-env': 'WEB', 'X-requested-with': 'XMLHttpRequest', 'X-token': 'a1cad95a6d480c14f51dd0eba4914c8337b893c789ec6278bb440c7c9a673b162f042470c62684e6da2bd342ffea7777'})
[2025-06-05 00:09:41] Récupération des données de vote pour Dramatic Lighting (URL: dramatic-lighting11, HEADER:{'User-Agent': 'Mozilla/5.0 (X11; Linux i686; rv:39.0) Gecko/20100101 Firefox/39.0', 'x-api-version': '8', 'x-env': 'WEB', 'X-requested-with': 'XMLHttpRequest', 'X-token': 'a1cad95a6d480c14f51dd0eba4914c8337b893c789ec6278bb440c7c9a673b162f042470c62684e6da2bd342ffea7777'})
[2025-06-05 00:09:41] Récupération des données de vote pour Dramatic Lighting (URL: dramatic-lighting11, HEADER:{'User-Agent': 'Mozilla/5.0 (X11; Linux i686; rv:39.0) Gecko/20100101 Firefox/39.0', 'x-api-version': '8', 'x-env': 'WEB', 'X-requested-with': 'XMLHttpRequest', 'X-token': 'a1cad95a6d480c14f51dd0eba4914c8337b893c789ec6278bb440c7c9a673b162f042470c62684e6da2bd342ffea7777'})
[2025-06-05 00:09:41] Récupération des données de vote pour Dramatic Lighting (URL: dramatic-lighting11, HEADER:{'User-Agent': 'Mozilla/5.0 (X11; Linux i686; rv:39.0) Gecko/20100101 Firefox/39.0', 'x-api-version': '8', 'x-env': 'WEB', 'X-requested-with': 'XMLHttpRequest', 'X-token': 'a1cad95a6d480c14f51dd0eba4914c8337b893c789ec6278bb440c7c9a673b162f042470c62684e6da2bd342ffea7777'})
[2025-06-05 00:09:41] Récupération des données de vote pour Dramatic Lighting (URL: dramatic-lighting11, HEADER:{'User-Agent': 'Mozilla/5.0 (X11; Linux i686; rv:39.0) Gecko/20100101 Firefox/39.0', 'x-api-version': '8', 'x-env': 'WEB', 'X-requested-with': 'XMLHttpRequest', 'X-token': 'a1cad95a6d480c14f51dd0eba4914c8337b893c789ec6278bb440c7c9a673b162f042470c62684e6da2bd342ffea7777'})
[2025-06-05 00:09:42] Récupération réussie: 200 images pour Show me your World
[2025-06-05 00:09:42] Voting fetching ...
[2025-06-05 00:09:42] Show me your World voting 10 images
[2025-06-05 00:09:42] Récupération réussie: 200 images pour Show me your World
[2025-06-05 00:09:42] Voting fetching ...
[2025-06-05 00:09:42] Show me your World voting 10 images
[2025-06-05 00:09:42] Récupération réussie: 200 images pour Artistic Still Life
[2025-06-05 00:09:42] Voting fetching ...
[2025-06-05 00:09:42] Artistic Still Life voting 10 images
[2025-06-05 00:09:42] Récupération réussie: 200 images pour Nature’s Soothing Sounds
[2025-06-05 00:09:42] Voting fetching ...
[2025-06-05 00:09:42] Nature’s Soothing Sounds voting 10 images
[2025-06-05 00:09:42] Récupération réussie: 200 images pour Show me your World
[2025-06-05 00:09:42] Voting fetching ...
[2025-06-05 00:09:42] Show me your World voting 10 images
[2025-06-05 00:09:42] Récupération réussie: 200 images pour Tell a Story
[2025-06-05 00:09:42] Voting fetching ...
[2025-06-05 00:09:42] Tell a Story voting 10 images
[2025-06-05 00:09:42] Récupération réussie: 200 images pour Artistic Still Life
[2025-06-05 00:09:42] Voting fetching ...
[2025-06-05 00:09:42] Artistic Still Life voting 10 images
[2025-06-05 00:09:42] Récupération réussie: 200 images pour Show me your World
[2025-06-05 00:09:42] Voting fetching ...
[2025-06-05 00:09:42] Show me your World voting 10 images
[2025-06-05 00:09:42] Récupération réussie: 200 images pour Tell a Story
[2025-06-05 00:09:42] Voting fetching ...
[2025-06-05 00:09:42] Tell a Story voting 10 images
[2025-06-05 00:09:42] Récupération réussie: 200 images pour Artistic Still Life
[2025-06-05 00:09:42] Voting fetching ...
[2025-06-05 00:09:42] Artistic Still Life voting 10 images
[2025-06-05 00:09:42] Récupération réussie: 200 images pour Show me your World
[2025-06-05 00:09:42] Voting fetching ...
[2025-06-05 00:09:42] Show me your World voting 10 images
[2025-06-05 00:09:42] Récupération réussie: 200 images pour Show me your World
[2025-06-05 00:09:42] Voting fetching ...
[2025-06-05 00:09:42] Show me your World voting 10 images
[2025-06-05 00:09:43] Récupération réussie: 200 images pour Nature’s Soothing Sounds
[2025-06-05 00:09:43] Voting fetching ...
[2025-06-05 00:09:43] Nature’s Soothing Sounds voting 10 images
[2025-06-05 00:09:43] Récupération réussie: 200 images pour Nature’s Soothing Sounds
[2025-06-05 00:09:43] Voting fetching ...
[2025-06-05 00:09:43] Nature’s Soothing Sounds voting 10 images
[2025-06-05 00:09:43] Récupération réussie: 200 images pour Artistic Still Life
[2025-06-05 00:09:43] Voting fetching ...
[2025-06-05 00:09:43] Artistic Still Life voting 10 images
[2025-06-05 00:09:43] Récupération réussie: 200 images pour Show me your World
[2025-06-05 00:09:43] Voting fetching ...
[2025-06-05 00:09:43] Show me your World voting 10 images
[2025-06-05 00:09:43] Récupération réussie: 200 images pour Nature’s Soothing Sounds
[2025-06-05 00:09:43] Voting fetching ...
[2025-06-05 00:09:43] Nature’s Soothing Sounds voting 10 images
[2025-06-05 00:09:43] Récupération réussie: 200 images pour Artistic Still Life
[2025-06-05 00:09:43] Voting fetching ...
[2025-06-05 00:09:43] Artistic Still Life voting 10 images
[2025-06-05 00:09:43] Récupération réussie: 200 images pour Artistic Still Life
[2025-06-05 00:09:43] Voting fetching ...
[2025-06-05 00:09:43] Artistic Still Life voting 10 images
[2025-06-05 00:09:43] Récupération réussie: 200 images pour Artistic Still Life
[2025-06-05 00:09:43] Voting fetching ...
[2025-06-05 00:09:43] Artistic Still Life voting 10 images
[2025-06-05 00:09:43] Récupération réussie: 200 images pour Nature’s Soothing Sounds
[2025-06-05 00:09:43] Voting fetching ...
[2025-06-05 00:09:43] Nature’s Soothing Sounds voting 10 images
[2025-06-05 00:09:43] Récupération réussie: 200 images pour Nature’s Soothing Sounds
[2025-06-05 00:09:43] Voting fetching ...
[2025-06-05 00:09:43] Nature’s Soothing Sounds voting 10 images
[2025-06-05 00:09:43] Récupération réussie: 200 images pour Tell a Story
[2025-06-05 00:09:43] Voting fetching ...
[2025-06-05 00:09:43] Tell a Story voting 10 images
[2025-06-05 00:09:43] Récupération réussie: 200 images pour Tell a Story
[2025-06-05 00:09:43] Voting fetching ...
[2025-06-05 00:09:43] Tell a Story voting 10 images
[2025-06-05 00:09:43] Récupération réussie: 200 images pour Tell a Story
[2025-06-05 00:09:43] Voting fetching ...
[2025-06-05 00:09:43] Tell a Story voting 10 images
[2025-06-05 00:09:43] Récupération réussie: 200 images pour Tell a Story
[2025-06-05 00:09:43] Voting fetching ...
[2025-06-05 00:09:43] Tell a Story voting 10 images
[2025-06-05 00:09:43] Récupération réussie: 200 images pour Nature’s Soothing Sounds
[2025-06-05 00:09:43] Voting fetching ...
[2025-06-05 00:09:43] Nature’s Soothing Sounds voting 10 images
[2025-06-05 00:09:43] Récupération réussie: 200 images pour Tell a Story
[2025-06-05 00:09:43] Voting fetching ...
[2025-06-05 00:09:43] Tell a Story voting 10 images
[2025-06-05 00:09:43] Récupération réussie: 200 images pour Dramatic Lighting
[2025-06-05 00:09:43] Voting fetching ...
[2025-06-05 00:09:43] Dramatic Lighting voting 10 images
[2025-06-05 00:09:43] Récupération réussie: 200 images pour Dramatic Lighting
[2025-06-05 00:09:43] Voting fetching ...
[2025-06-05 00:09:43] Dramatic Lighting voting 10 images
[2025-06-05 00:09:43] Récupération réussie: 200 images pour Dramatic Lighting
[2025-06-05 00:09:43] Voting fetching ...
[2025-06-05 00:09:43] Dramatic Lighting voting 10 images
[2025-06-05 00:09:43] Récupération réussie: 200 images pour Dramatic Lighting
[2025-06-05 00:09:43] Voting fetching ...
[2025-06-05 00:09:43] Dramatic Lighting voting 10 images
[2025-06-05 00:09:43] Récupération réussie: 200 images pour Dramatic Lighting
[2025-06-05 00:09:43] Voting fetching ...
[2025-06-05 00:09:43] Dramatic Lighting voting 10 images
[2025-06-05 00:09:43] Récupération réussie: 200 images pour Dramatic Lighting
[2025-06-05 00:09:43] Voting fetching ...
[2025-06-05 00:09:43] Dramatic Lighting voting 10 images
[2025-06-05 00:09:44] Récupération réussie: 200 images pour Dramatic Lighting
[2025-06-05 00:09:44] Voting fetching ...
[2025-06-05 00:09:44] Dramatic Lighting voting 10 images
[2025-06-05 00:09:44] Nature’s Soothing Sounds voted successfully
[2025-06-05 00:09:46] Artistic Still Life voted successfully
[2025-06-05 00:09:48] Show me your World voted successfully
[2025-06-05 00:09:50] Show me your World voted successfully
[2025-06-05 00:09:52] Show me your World voted successfully
[2025-06-05 00:09:54] Artistic Still Life voted successfully
[2025-06-05 00:09:56] Nature’s Soothing Sounds voted successfully
[2025-06-05 00:09:58] Tell a Story voted successfully
[2025-06-05 00:10:00] Nature’s Soothing Sounds voted successfully
[2025-06-05 00:10:02] Show me your World voted successfully
[2025-06-05 00:10:04] Artistic Still Life voted successfully
[2025-06-05 00:10:06] Tell a Story voted successfully
[2025-06-05 00:10:08] Nature’s Soothing Sounds voted successfully
[2025-06-05 00:10:10] Artistic Still Life voted successfully
[2025-06-05 00:10:12] Nature’s Soothing Sounds voted successfully
[2025-06-05 00:10:14] Show me your World voted successfully
[2025-06-05 00:10:16] Show me your World voted successfully
[2025-06-05 00:10:18] Dramatic Lighting voted successfully
[2025-06-05 00:10:20] Nature’s Soothing Sounds voted successfully
[2025-06-05 00:10:22] Dramatic Lighting voted successfully
[2025-06-05 00:10:24] Show me your World voted successfully
[2025-06-05 00:10:26] Artistic Still Life voted successfully
[2025-06-05 00:10:28] Nature’s Soothing Sounds voted successfully
[2025-06-05 00:10:30] Dramatic Lighting voted successfully
[2025-06-05 00:10:32] Tell a Story voted successfully
[2025-06-05 00:10:34] Dramatic Lighting voted successfully
[2025-06-05 00:10:36] Tell a Story voted successfully
[2025-06-05 00:10:38] Artistic Still Life voted successfully
[2025-06-05 00:10:40] Tell a Story voted successfully
[2025-06-05 00:10:42] Artistic Still Life voted successfully
[2025-06-05 00:10:44] Dramatic Lighting voted successfully
[2025-06-05 00:10:46] Dramatic Lighting voted successfully
[2025-06-05 00:10:48] Tell a Story voted successfully
[2025-06-05 00:10:50] Tell a Story voted successfully
[2025-06-05 00:10:52] Dramatic Lighting voted successfully
[2025-06-05 00:10:56] Challenges fetching ...
[2025-06-05 00:10:56] Challenges fetched successfully for bruno!
[2025-06-05 00:10:56] Challenges fetching ...
[2025-06-05 00:10:56] Challenges fetched successfully for bruno!
[2025-06-05 00:10:56] Challenges fetching ...
[2025-06-05 00:10:56] Challenges fetched successfully for bruno!
[2025-06-05 00:10:57] Challenges fetching ...
[2025-06-05 00:10:57] Challenges fetched successfully for bruno!
[2025-06-05 00:10:57] Challenges fetching ...
[2025-06-05 00:10:57] Challenges fetched successfully for bruno!
[2025-06-05 00:10:57] Challenges fetching ...
[2025-06-05 00:10:57] Challenges fetched successfully for bruno!
[2025-06-05 00:10:57] Challenges fetching ...
[2025-06-05 00:10:57] Challenges fetched successfully for bruno!
[2025-06-05 00:10:58] Challenges fetching ...
[2025-06-05 00:10:58] Challenges fetched successfully for bruno!
[2025-06-05 00:10:58] Challenges fetching ...
[2025-06-05 00:10:58] Challenges fetched successfully for bruno!
[2025-06-05 00:10:58] Challenges fetching ...
[2025-06-05 00:10:58] Challenges fetched successfully for bruno!
[2025-06-05 00:10:58] Challenges fetching ...
[2025-06-05 00:10:59] Challenges fetched successfully for bruno!
[2025-06-05 00:10:59] Challenges fetching ...
[2025-06-05 00:10:59] Challenges fetched successfully for bruno!
[2025-06-05 00:10:59] Challenges fetching ...
[2025-06-05 00:10:59] Challenges fetched successfully for bruno!
[2025-06-05 00:10:59] Challenges fetching ...
[2025-06-05 00:10:59] Challenges fetched successfully for bruno!
[2025-06-05 00:11:00] Challenges fetching ...
[2025-06-05 00:11:00] Challenges fetched successfully for bruno!
[2025-06-05 00:11:00] Challenges fetching ...
[2025-06-05 00:11:00] Challenges fetched successfully for bruno!
[2025-06-05 00:11:00] Challenges fetching ...
[2025-06-05 00:11:00] Challenges fetched successfully for bruno!
[2025-06-05 00:11:01] Challenges fetching ...
[2025-06-05 00:11:01] Challenges fetched successfully for bruno!
[2025-06-05 00:11:01] Challenges fetching ...
[2025-06-05 00:11:01] Challenges fetched successfully for bruno!
[2025-06-05 00:11:01] Challenges fetching ...
[2025-06-05 00:11:01] Challenges fetched successfully for bruno!
[2025-06-05 00:11:01] Challenges fetching ...
[2025-06-05 00:11:02] Challenges fetched successfully for bruno!
[2025-06-05 00:11:02] Challenges fetching ...
[2025-06-05 00:11:02] Challenges fetched successfully for bruno!
[2025-06-05 00:11:02] Challenges fetching ...
[2025-06-05 00:11:02] Challenges fetched successfully for bruno!
[2025-06-05 00:11:03] Challenges fetching ...
[2025-06-05 00:11:03] Challenges fetched successfully for bruno!
[2025-06-05 00:11:03] Challenges fetching ...
[2025-06-05 00:11:03] Challenges fetched successfully for bruno!
[2025-06-05 00:11:03] Challenges fetching ...
[2025-06-05 00:11:03] Challenges fetched successfully for bruno!
[2025-06-05 00:11:04] Challenges fetching ...
[2025-06-05 00:11:04] Challenges fetched successfully for bruno!
[2025-06-05 00:11:04] Challenges fetching ...
[2025-06-05 00:11:04] Challenges fetched successfully for bruno!
[2025-06-05 00:11:04] Challenges fetching ...
[2025-06-05 00:11:05] Challenges fetched successfully for bruno!
[2025-06-05 00:11:05] Challenges fetching ...
[2025-06-05 00:11:05] Challenges fetched successfully for bruno!
[2025-06-05 00:11:05] Challenges fetching ...
[2025-06-05 00:11:05] Challenges fetched successfully for bruno!
[2025-06-05 00:11:06] Challenges fetching ...
[2025-06-05 00:11:06] Challenges fetched successfully for bruno!
[2025-06-05 00:11:06] Challenges fetching ...
[2025-06-05 00:11:06] Challenges fetched successfully for bruno!
[2025-06-05 00:11:06] Challenges fetching ...
[2025-06-05 00:11:06] Challenges fetched successfully for bruno!
[2025-06-05 00:11:07] Challenges fetching ...
[2025-06-05 00:11:07] Challenges fetched successfully for bruno!
[2025-06-05 00:18:44] Cactus & Succulent Plants get vote panel
[2025-06-05 00:19:05] Filling challenges: {101579}
Filled Cactus & Succulent Plants with strategy end4

[2025-06-05 00:19:05] Récupération des données de vote pour Cactus & Succulent Plants (URL: cactus-succulent-plants, HEADER:{'User-Agent': 'Mozilla/5.0 (X11; Linux i686; rv:39.0) Gecko/20100101 Firefox/39.0', 'x-api-version': '8', 'x-env': 'WEB', 'X-requested-with': 'XMLHttpRequest', 'X-token': 'a1cad95a6d480c14f51dd0eba4914c8337b893c789ec6278bb440c7c9a673b162f042470c62684e6da2bd342ffea7777'})
[2025-06-05 00:19:05] Récupération des données de vote pour Cactus & Succulent Plants (URL: cactus-succulent-plants, HEADER:{'User-Agent': 'Mozilla/5.0 (X11; Linux i686; rv:39.0) Gecko/20100101 Firefox/39.0', 'x-api-version': '8', 'x-env': 'WEB', 'X-requested-with': 'XMLHttpRequest', 'X-token': 'a1cad95a6d480c14f51dd0eba4914c8337b893c789ec6278bb440c7c9a673b162f042470c62684e6da2bd342ffea7777'})
[2025-06-05 00:19:05] Récupération des données de vote pour Cactus & Succulent Plants (URL: cactus-succulent-plants, HEADER:{'User-Agent': 'Mozilla/5.0 (X11; Linux i686; rv:39.0) Gecko/20100101 Firefox/39.0', 'x-api-version': '8', 'x-env': 'WEB', 'X-requested-with': 'XMLHttpRequest', 'X-token': 'a1cad95a6d480c14f51dd0eba4914c8337b893c789ec6278bb440c7c9a673b162f042470c62684e6da2bd342ffea7777'})
[2025-06-05 00:19:05] Récupération des données de vote pour Cactus & Succulent Plants (URL: cactus-succulent-plants, HEADER:{'User-Agent': 'Mozilla/5.0 (X11; Linux i686; rv:39.0) Gecko/20100101 Firefox/39.0', 'x-api-version': '8', 'x-env': 'WEB', 'X-requested-with': 'XMLHttpRequest', 'X-token': 'a1cad95a6d480c14f51dd0eba4914c8337b893c789ec6278bb440c7c9a673b162f042470c62684e6da2bd342ffea7777'})
[2025-06-05 00:19:05] Récupération des données de vote pour Cactus & Succulent Plants (URL: cactus-succulent-plants, HEADER:{'User-Agent': 'Mozilla/5.0 (X11; Linux i686; rv:39.0) Gecko/20100101 Firefox/39.0', 'x-api-version': '8', 'x-env': 'WEB', 'X-requested-with': 'XMLHttpRequest', 'X-token': 'a1cad95a6d480c14f51dd0eba4914c8337b893c789ec6278bb440c7c9a673b162f042470c62684e6da2bd342ffea7777'})
[2025-06-05 00:19:05] Récupération des données de vote pour Cactus & Succulent Plants (URL: cactus-succulent-plants, HEADER:{'User-Agent': 'Mozilla/5.0 (X11; Linux i686; rv:39.0) Gecko/20100101 Firefox/39.0', 'x-api-version': '8', 'x-env': 'WEB', 'X-requested-with': 'XMLHttpRequest', 'X-token': 'a1cad95a6d480c14f51dd0eba4914c8337b893c789ec6278bb440c7c9a673b162f042470c62684e6da2bd342ffea7777'})
[2025-06-05 00:19:05] Récupération des données de vote pour Cactus & Succulent Plants (URL: cactus-succulent-plants, HEADER:{'User-Agent': 'Mozilla/5.0 (X11; Linux i686; rv:39.0) Gecko/20100101 Firefox/39.0', 'x-api-version': '8', 'x-env': 'WEB', 'X-requested-with': 'XMLHttpRequest', 'X-token': 'a1cad95a6d480c14f51dd0eba4914c8337b893c789ec6278bb440c7c9a673b162f042470c62684e6da2bd342ffea7777'})
[2025-06-05 00:19:06] Récupération réussie: 200 images pour Cactus & Succulent Plants
[2025-06-05 00:19:06] Voting fetching ...
[2025-06-05 00:19:06] Cactus & Succulent Plants voting 10 images
[2025-06-05 00:19:06] Récupération réussie: 200 images pour Cactus & Succulent Plants
[2025-06-05 00:19:06] Voting fetching ...
[2025-06-05 00:19:06] Cactus & Succulent Plants voting 10 images
[2025-06-05 00:19:06] Récupération réussie: 200 images pour Cactus & Succulent Plants
[2025-06-05 00:19:06] Voting fetching ...
[2025-06-05 00:19:06] Cactus & Succulent Plants voting 10 images
[2025-06-05 00:19:06] Récupération réussie: 200 images pour Cactus & Succulent Plants
[2025-06-05 00:19:06] Voting fetching ...
[2025-06-05 00:19:06] Cactus & Succulent Plants voting 10 images
[2025-06-05 00:19:06] Récupération réussie: 200 images pour Cactus & Succulent Plants
[2025-06-05 00:19:06] Voting fetching ...
[2025-06-05 00:19:06] Cactus & Succulent Plants voting 10 images
[2025-06-05 00:19:06] Récupération réussie: 200 images pour Cactus & Succulent Plants
[2025-06-05 00:19:06] Voting fetching ...
[2025-06-05 00:19:06] Cactus & Succulent Plants voting 10 images
[2025-06-05 00:19:06] Récupération réussie: 200 images pour Cactus & Succulent Plants
[2025-06-05 00:19:06] Voting fetching ...
[2025-06-05 00:19:06] Cactus & Succulent Plants voting 10 images
[2025-06-05 00:19:07] Cactus & Succulent Plants voted successfully
[2025-06-05 00:19:09] Cactus & Succulent Plants voted successfully
[2025-06-05 00:19:11] Cactus & Succulent Plants voted successfully
[2025-06-05 00:19:13] Cactus & Succulent Plants voted successfully
[2025-06-05 00:19:15] Cactus & Succulent Plants voted successfully
[2025-06-05 00:19:17] Cactus & Succulent Plants voted successfully
[2025-06-05 00:19:19] Cactus & Succulent Plants voted successfully
[2025-06-05 00:19:22] Challenges fetching ...
[2025-06-05 00:19:22] Challenges fetched successfully for bruno!
[2025-06-05 00:19:22] Challenges fetching ...
[2025-06-05 00:19:22] Challenges fetched successfully for bruno!
[2025-06-05 00:19:22] Challenges fetching ...
[2025-06-05 00:19:22] Challenges fetched successfully for bruno!
[2025-06-05 00:19:22] Challenges fetching ...
[2025-06-05 00:19:22] Challenges fetched successfully for bruno!
[2025-06-05 00:19:22] Challenges fetching ...
[2025-06-05 00:19:22] Challenges fetched successfully for bruno!
[2025-06-05 00:19:22] Challenges fetching ...
[2025-06-05 00:19:23] Challenges fetched successfully for bruno!
[2025-06-05 00:19:23] Challenges fetching ...
[2025-06-05 00:19:23] Challenges fetched successfully for bruno!
[2025-06-05 00:20:05] Refreshing challenges...
[2025-06-05 00:20:05] Fetching challenges...
[2025-06-05 00:20:06] Challenges fetching ...
[2025-06-05 00:20:06] Challenges fetched successfully for bruno!
[2025-06-05 00:21:37] Lancement de la stratégie end4 pour Joined Together
[2025-06-05 00:21:37] Nouveau processus ajouté pour bruno: joined-together1-vote-70-left-0H:4M - Statut: init
[2025-06-05 00:21:37] Traitement du challenge pour bruno: joined-together1
[2025-06-05 00:21:37] Nouveau processus ajouté pour bruno: joined-together1-vote-20-left-0H:3M - Statut: init
[2025-06-05 00:21:37] Traitement du challenge pour bruno: joined-together1
[2025-06-05 00:21:37] Nouveau processus ajouté pour bruno: joined-together1-vote-20-left-0H:2M - Statut: init
[2025-06-05 00:21:37] Processus mis à jour pour bruno: joined-together1-vote-70-left-0H:4M - waiting
[2025-06-05 00:21:37] Traitement du challenge pour bruno: joined-together1
[2025-06-05 00:21:37] Nouveau processus ajouté pour bruno: joined-together1-vote-20-left-0H:1M - Statut: init
[2025-06-05 00:21:37] Processus mis à jour pour bruno: joined-together1-vote-20-left-0H:3M - waiting
[2025-06-05 00:21:37] Traitement du challenge pour bruno: joined-together1
[2025-06-05 00:21:37] Processus mis à jour pour bruno: joined-together1-vote-20-left-0H:2M - waiting
[2025-06-05 00:21:37] Processus mis à jour pour bruno: joined-together1-vote-20-left-0H:1M - waiting
[2025-06-05 00:21:37] Lancement de la stratégie end4 pour Powerful Smells
[2025-06-05 00:21:37] Nouveau processus ajouté pour bruno: powerful-smells-vote-70-left-0H:4M - Statut: init
[2025-06-05 00:21:37] Traitement du challenge pour bruno: powerful-smells
[2025-06-05 00:21:37] Nouveau processus ajouté pour bruno: powerful-smells-vote-20-left-0H:3M - Statut: init
[2025-06-05 00:21:37] Traitement du challenge pour bruno: powerful-smells
[2025-06-05 00:21:37] Nouveau processus ajouté pour bruno: powerful-smells-vote-20-left-0H:2M - Statut: init
[2025-06-05 00:21:37] Traitement du challenge pour bruno: powerful-smells
[2025-06-05 00:21:37] Processus mis à jour pour bruno: powerful-smells-vote-70-left-0H:4M - waiting
[2025-06-05 00:21:37] Nouveau processus ajouté pour bruno: powerful-smells-vote-20-left-0H:1M - Statut: init
[2025-06-05 00:21:37] Processus mis à jour pour bruno: powerful-smells-vote-20-left-0H:3M - waiting
[2025-06-05 00:21:37] Traitement du challenge pour bruno: powerful-smells
[2025-06-05 00:21:37] Processus mis à jour pour bruno: powerful-smells-vote-20-left-0H:2M - waiting
[2025-06-05 00:21:37] Processus mis à jour pour bruno: powerful-smells-vote-20-left-0H:1M - waiting
[2025-06-05 00:21:38] Lancement de la stratégie end4 pour Artistic Still Life
[2025-06-05 00:21:38] Nouveau processus ajouté pour bruno: artistic-still-life5-vote-70-left-0H:4M - Statut: init
[2025-06-05 00:21:38] Traitement du challenge pour bruno: artistic-still-life5
[2025-06-05 00:21:38] Nouveau processus ajouté pour bruno: artistic-still-life5-vote-20-left-0H:3M - Statut: init
[2025-06-05 00:21:38] Traitement du challenge pour bruno: artistic-still-life5
[2025-06-05 00:21:38] Nouveau processus ajouté pour bruno: artistic-still-life5-vote-20-left-0H:2M - Statut: init
[2025-06-05 00:21:38] Processus mis à jour pour bruno: artistic-still-life5-vote-70-left-0H:4M - waiting
[2025-06-05 00:21:38] Traitement du challenge pour bruno: artistic-still-life5
[2025-06-05 00:21:38] Nouveau processus ajouté pour bruno: artistic-still-life5-vote-20-left-0H:1M - Statut: init
[2025-06-05 00:21:38] Processus mis à jour pour bruno: artistic-still-life5-vote-20-left-0H:3M - waiting
[2025-06-05 00:21:38] Traitement du challenge pour bruno: artistic-still-life5
[2025-06-05 00:21:38] Processus mis à jour pour bruno: artistic-still-life5-vote-20-left-0H:2M - waiting
[2025-06-05 00:21:38] Processus mis à jour pour bruno: artistic-still-life5-vote-20-left-0H:1M - waiting
[2025-06-05 00:21:38] Lancement de la stratégie end4 pour Feeling Down
[2025-06-05 00:21:38] Nouveau processus ajouté pour bruno: feeling-down3-vote-70-left-0H:4M - Statut: init
[2025-06-05 00:21:38] Traitement du challenge pour bruno: feeling-down3
[2025-06-05 00:21:38] Nouveau processus ajouté pour bruno: feeling-down3-vote-20-left-0H:3M - Statut: init
[2025-06-05 00:21:38] Traitement du challenge pour bruno: feeling-down3
[2025-06-05 00:21:38] Nouveau processus ajouté pour bruno: feeling-down3-vote-20-left-0H:2M - Statut: init
[2025-06-05 00:21:38] Processus mis à jour pour bruno: feeling-down3-vote-70-left-0H:4M - waiting
[2025-06-05 00:21:38] Traitement du challenge pour bruno: feeling-down3
[2025-06-05 00:21:38] Nouveau processus ajouté pour bruno: feeling-down3-vote-20-left-0H:1M - Statut: init
[2025-06-05 00:21:38] Processus mis à jour pour bruno: feeling-down3-vote-20-left-0H:3M - waiting
[2025-06-05 00:21:38] Traitement du challenge pour bruno: feeling-down3
[2025-06-05 00:21:38] Processus mis à jour pour bruno: feeling-down3-vote-20-left-0H:2M - waiting
[2025-06-05 00:21:38] Processus mis à jour pour bruno: feeling-down3-vote-20-left-0H:1M - waiting
[2025-06-05 00:21:38] Application des stratégies pour les challenges sélectionnés:
- Joined Together avec stratégie end4
- Powerful Smells avec stratégie end4
- Artistic Still Life avec stratégie end4
- Feeling Down avec stratégie end4

[2025-06-05 01:55:11] Processus mis à jour pour bruno: artistic-still-life5-vote-70-left-0H:4M - executing
[2025-06-05 01:55:11] Traitement de vote pour Artistic Still Life
[2025-06-05 01:55:11] Artistic Still Life get vote panel
[2025-06-05 01:55:11] Processus associé: artistic-still-life5-vote-70-left-0H:4M
[2025-06-05 01:56:16] Processus mis à jour pour bruno: artistic-still-life5-vote-20-left-0H:3M - executing
[2025-06-05 01:56:16] Traitement de vote pour Artistic Still Life
[2025-06-05 01:56:27] Artistic Still Life get vote panel
[2025-06-05 01:56:27] Processus associé: artistic-still-life5-vote-20-left-0H:3M
[2025-06-05 01:56:36] Récupération des données de vote pour Artistic Still Life (URL: artistic-still-life5, HEADER:{'User-Agent': 'Mozilla/5.0 (X11; Linux i686; rv:39.0) Gecko/20100101 Firefox/39.0', 'x-api-version': '8', 'x-env': 'WEB', 'X-requested-with': 'XMLHttpRequest', 'X-token': 'a1cad95a6d480c14f51dd0eba4914c8337b893c789ec6278bb440c7c9a673b162f042470c62684e6da2bd342ffea7777'})
[2025-06-05 01:56:36] Récupération des données de vote pour Artistic Still Life (URL: artistic-still-life5, HEADER:{'User-Agent': 'Mozilla/5.0 (X11; Linux i686; rv:39.0) Gecko/20100101 Firefox/39.0', 'x-api-version': '8', 'x-env': 'WEB', 'X-requested-with': 'XMLHttpRequest', 'X-token': 'a1cad95a6d480c14f51dd0eba4914c8337b893c789ec6278bb440c7c9a673b162f042470c62684e6da2bd342ffea7777'})
[2025-06-05 01:56:36] Récupération des données de vote pour Artistic Still Life (URL: artistic-still-life5, HEADER:{'User-Agent': 'Mozilla/5.0 (X11; Linux i686; rv:39.0) Gecko/20100101 Firefox/39.0', 'x-api-version': '8', 'x-env': 'WEB', 'X-requested-with': 'XMLHttpRequest', 'X-token': 'a1cad95a6d480c14f51dd0eba4914c8337b893c789ec6278bb440c7c9a673b162f042470c62684e6da2bd342ffea7777'})
[2025-06-05 01:56:36] Récupération des données de vote pour Artistic Still Life (URL: artistic-still-life5, HEADER:{'User-Agent': 'Mozilla/5.0 (X11; Linux i686; rv:39.0) Gecko/20100101 Firefox/39.0', 'x-api-version': '8', 'x-env': 'WEB', 'X-requested-with': 'XMLHttpRequest', 'X-token': 'a1cad95a6d480c14f51dd0eba4914c8337b893c789ec6278bb440c7c9a673b162f042470c62684e6da2bd342ffea7777'})
[2025-06-05 01:56:36] Récupération des données de vote pour Artistic Still Life (URL: artistic-still-life5, HEADER:{'User-Agent': 'Mozilla/5.0 (X11; Linux i686; rv:39.0) Gecko/20100101 Firefox/39.0', 'x-api-version': '8', 'x-env': 'WEB', 'X-requested-with': 'XMLHttpRequest', 'X-token': 'a1cad95a6d480c14f51dd0eba4914c8337b893c789ec6278bb440c7c9a673b162f042470c62684e6da2bd342ffea7777'})
[2025-06-05 01:56:36] Processus suspect (format de date invalide): artistic-still-life5-vote-70-left-0H:4M (profil: bruno)
[2025-06-05 01:56:36] Processus supprimé pour bruno: artistic-still-life5-vote-70-left-0H:4M - zombie
[2025-06-05 01:56:36] Processus mis à jour pour bruno: artistic-still-life5-vote-70-left-0H:4M - zombie
[2025-06-05 01:56:37] Récupération des données de vote pour Artistic Still Life (URL: artistic-still-life5, HEADER:{'User-Agent': 'Mozilla/5.0 (X11; Linux i686; rv:39.0) Gecko/20100101 Firefox/39.0', 'x-api-version': '8', 'x-env': 'WEB', 'X-requested-with': 'XMLHttpRequest', 'X-token': 'a1cad95a6d480c14f51dd0eba4914c8337b893c789ec6278bb440c7c9a673b162f042470c62684e6da2bd342ffea7777'})
[2025-06-05 01:56:37] Récupération des données de vote pour Artistic Still Life (URL: artistic-still-life5, HEADER:{'User-Agent': 'Mozilla/5.0 (X11; Linux i686; rv:39.0) Gecko/20100101 Firefox/39.0', 'x-api-version': '8', 'x-env': 'WEB', 'X-requested-with': 'XMLHttpRequest', 'X-token': 'a1cad95a6d480c14f51dd0eba4914c8337b893c789ec6278bb440c7c9a673b162f042470c62684e6da2bd342ffea7777'})
[2025-06-05 01:56:37] Récupération des données de vote pour Artistic Still Life (URL: artistic-still-life5, HEADER:{'User-Agent': 'Mozilla/5.0 (X11; Linux i686; rv:39.0) Gecko/20100101 Firefox/39.0', 'x-api-version': '8', 'x-env': 'WEB', 'X-requested-with': 'XMLHttpRequest', 'X-token': 'a1cad95a6d480c14f51dd0eba4914c8337b893c789ec6278bb440c7c9a673b162f042470c62684e6da2bd342ffea7777'})
[2025-06-05 01:56:37] Récupération des données de vote pour Artistic Still Life (URL: artistic-still-life5, HEADER:{'User-Agent': 'Mozilla/5.0 (X11; Linux i686; rv:39.0) Gecko/20100101 Firefox/39.0', 'x-api-version': '8', 'x-env': 'WEB', 'X-requested-with': 'XMLHttpRequest', 'X-token': 'a1cad95a6d480c14f51dd0eba4914c8337b893c789ec6278bb440c7c9a673b162f042470c62684e6da2bd342ffea7777'})
[2025-06-05 01:56:37] Récupération réussie: 200 images pour Artistic Still Life
[2025-06-05 01:56:37] Voting fetching ...
[2025-06-05 01:56:37] Artistic Still Life voting 10 images
[2025-06-05 01:56:37] Récupération réussie: 200 images pour Artistic Still Life
[2025-06-05 01:56:37] Voting fetching ...
[2025-06-05 01:56:37] Artistic Still Life voting 10 images
[2025-06-05 01:56:38] Récupération réussie: 200 images pour Artistic Still Life
[2025-06-05 01:56:38] Voting fetching ...
[2025-06-05 01:56:38] Artistic Still Life voting 10 images
[2025-06-05 01:56:38] Récupération réussie: 200 images pour Artistic Still Life
[2025-06-05 01:56:38] Voting fetching ...
[2025-06-05 01:56:38] Artistic Still Life voting 10 images
[2025-06-05 01:56:38] Récupération réussie: 200 images pour Artistic Still Life
[2025-06-05 01:56:38] Voting fetching ...
[2025-06-05 01:56:38] Artistic Still Life voting 10 images
[2025-06-05 01:56:38] Récupération réussie: 200 images pour Artistic Still Life
[2025-06-05 01:56:38] Voting fetching ...
[2025-06-05 01:56:38] Artistic Still Life voting 10 images
[2025-06-05 01:56:38] Récupération réussie: 200 images pour Artistic Still Life
[2025-06-05 01:56:38] Voting fetching ...
[2025-06-05 01:56:38] Artistic Still Life voting 10 images
[2025-06-05 01:56:38] Récupération réussie: 200 images pour Artistic Still Life
[2025-06-05 01:56:38] Voting fetching ...
[2025-06-05 01:56:38] Artistic Still Life voting 10 images
[2025-06-05 01:56:38] Récupération réussie: 200 images pour Artistic Still Life
[2025-06-05 01:56:38] Voting fetching ...
[2025-06-05 01:56:38] Artistic Still Life voting 10 images
[2025-06-05 01:56:39] Artistic Still Life voted successfully
[2025-06-05 01:56:39] Processus supprimé pour bruno: artistic-still-life5-vote-20-left-0H:3M - success
[2025-06-05 01:56:39] Processus mis à jour pour bruno: artistic-still-life5-vote-20-left-0H:3M - success
[2025-06-05 01:56:39] Processus artistic-still-life5-vote-20-left-0H:3M terminé avec succès (profil: bruno)
[2025-06-05 01:56:54] Artistic Still Life voted successfully
[2025-06-05 01:57:01] Artistic Still Life voted successfully
[2025-06-05 01:57:03] Artistic Still Life voted successfully
[2025-06-05 01:57:05] Processus mis à jour pour bruno: artistic-still-life5-vote-20-left-0H:2M - executing
[2025-06-05 01:57:05] Traitement de vote pour Artistic Still Life
[2025-06-05 01:57:23] Artistic Still Life voted successfully
[2025-06-05 01:57:26] Artistic Still Life voted successfully
[2025-06-05 01:57:34] Artistic Still Life voted successfully
[2025-06-05 01:57:36] Artistic Still Life voted successfully
[2025-06-05 01:57:54] Artistic Still Life voted successfully
[2025-06-05 01:58:04] Artistic Still Life get vote panel
[2025-06-05 01:58:04] Processus associé: artistic-still-life5-vote-20-left-0H:2M
[2025-06-05 01:58:13] Processus mis à jour pour bruno: artistic-still-life5-vote-20-left-0H:1M - executing
[2025-06-05 01:58:14] Traitement de vote pour Artistic Still Life
[2025-06-05 01:58:30] Processus suspect (format de date invalide): artistic-still-life5-vote-20-left-0H:1M (profil: bruno)
[2025-06-05 01:58:30] Processus supprimé pour bruno: artistic-still-life5-vote-20-left-0H:1M - zombie
[2025-06-05 01:58:30] Processus mis à jour pour bruno: artistic-still-life5-vote-20-left-0H:1M - zombie
[2025-06-05 01:58:30] Récupération des données de vote pour Artistic Still Life (URL: artistic-still-life5, HEADER:{'User-Agent': 'Mozilla/5.0 (X11; Linux i686; rv:39.0) Gecko/20100101 Firefox/39.0', 'x-api-version': '8', 'x-env': 'WEB', 'X-requested-with': 'XMLHttpRequest', 'X-token': 'a1cad95a6d480c14f51dd0eba4914c8337b893c789ec6278bb440c7c9a673b162f042470c62684e6da2bd342ffea7777'})
[2025-06-05 01:58:30] Récupération des données de vote pour Artistic Still Life (URL: artistic-still-life5, HEADER:{'User-Agent': 'Mozilla/5.0 (X11; Linux i686; rv:39.0) Gecko/20100101 Firefox/39.0', 'x-api-version': '8', 'x-env': 'WEB', 'X-requested-with': 'XMLHttpRequest', 'X-token': 'a1cad95a6d480c14f51dd0eba4914c8337b893c789ec6278bb440c7c9a673b162f042470c62684e6da2bd342ffea7777'})
[2025-06-05 01:58:30] Artistic Still Life get vote panel
[2025-06-05 01:58:30] Processus associé: artistic-still-life5-vote-20-left-0H:1M
[2025-06-05 01:58:36] Récupération des données de vote pour Artistic Still Life (URL: artistic-still-life5, HEADER:{'User-Agent': 'Mozilla/5.0 (X11; Linux i686; rv:39.0) Gecko/20100101 Firefox/39.0', 'x-api-version': '8', 'x-env': 'WEB', 'X-requested-with': 'XMLHttpRequest', 'X-token': 'a1cad95a6d480c14f51dd0eba4914c8337b893c789ec6278bb440c7c9a673b162f042470c62684e6da2bd342ffea7777'})
[2025-06-05 01:58:36] Récupération des données de vote pour Artistic Still Life (URL: artistic-still-life5, HEADER:{'User-Agent': 'Mozilla/5.0 (X11; Linux i686; rv:39.0) Gecko/20100101 Firefox/39.0', 'x-api-version': '8', 'x-env': 'WEB', 'X-requested-with': 'XMLHttpRequest', 'X-token': 'a1cad95a6d480c14f51dd0eba4914c8337b893c789ec6278bb440c7c9a673b162f042470c62684e6da2bd342ffea7777'})
[2025-06-05 01:58:37] Récupération réussie: 200 images pour Artistic Still Life
[2025-06-05 01:58:37] Voting fetching ...
[2025-06-05 01:58:37] Artistic Still Life voting 10 images
[2025-06-05 01:58:37] Récupération réussie: 200 images pour Artistic Still Life
[2025-06-05 01:58:37] Voting fetching ...
[2025-06-05 01:58:37] Artistic Still Life voting 10 images
[2025-06-05 01:58:38] Récupération réussie: 200 images pour Artistic Still Life
[2025-06-05 01:58:38] Voting fetching ...
[2025-06-05 01:58:38] Artistic Still Life voting 10 images
[2025-06-05 01:58:38] Récupération réussie: 200 images pour Artistic Still Life
[2025-06-05 01:58:38] Voting fetching ...
[2025-06-05 01:58:38] Artistic Still Life voting 10 images
[2025-06-05 01:58:38] Challenges fetching ...
[2025-06-05 01:58:38] Challenges fetched successfully for bruno!
[2025-06-05 01:58:38] Challenges fetching ...
[2025-06-05 01:58:38] Challenges fetched successfully for bruno!
[2025-06-05 01:58:38] Challenges fetching ...
[2025-06-05 01:58:38] Challenges fetched successfully for bruno!
[2025-06-05 01:58:38] Challenges fetching ...
[2025-06-05 01:58:38] Challenges fetched successfully for bruno!
[2025-06-05 01:58:38] Challenges fetching ...
[2025-06-05 01:58:39] Challenges fetched successfully for bruno!
[2025-06-05 01:58:39] Challenges fetching ...
[2025-06-05 01:58:39] Challenges fetched successfully for bruno!
[2025-06-05 01:58:39] Challenges fetching ...
[2025-06-05 01:58:39] Challenges fetched successfully for bruno!
[2025-06-05 01:58:39] Challenges fetching ...
[2025-06-05 01:58:39] Challenges fetched successfully for bruno!
[2025-06-05 01:58:39] Challenges fetching ...
[2025-06-05 01:58:39] Challenges fetched successfully for bruno!
[2025-06-05 01:58:40] Artistic Still Life voted successfully
[2025-06-05 01:58:40] Processus supprimé pour bruno: artistic-still-life5-vote-20-left-0H:1M - success
[2025-06-05 01:58:40] Processus mis à jour pour bruno: artistic-still-life5-vote-20-left-0H:1M - success
[2025-06-05 01:58:40] Processus artistic-still-life5-vote-20-left-0H:1M terminé avec succès
[2025-06-05 01:58:48] Artistic Still Life voted successfully
[2025-06-05 01:59:01] Processus suspect (format de date invalide): artistic-still-life5-vote-20-left-0H:2M (profil: bruno)
[2025-06-05 01:59:01] Processus supprimé pour bruno: artistic-still-life5-vote-20-left-0H:2M - zombie
[2025-06-05 01:59:01] Processus mis à jour pour bruno: artistic-still-life5-vote-20-left-0H:2M - zombie
[2025-06-05 01:59:01] Artistic Still Life voted successfully
[2025-06-05 01:59:16] Artistic Still Life voted successfully
[2025-06-05 01:59:25] Challenges fetching ...
[2025-06-05 01:59:25] Challenges fetched successfully for bruno!
[2025-06-05 01:59:25] Challenges fetching ...
[2025-06-05 01:59:25] Challenges fetched successfully for bruno!
[2025-06-05 01:59:25] Challenges fetching ...
[2025-06-05 01:59:25] Challenges fetched successfully for bruno!
[2025-06-05 01:59:25] Challenges fetching ...
[2025-06-05 01:59:25] Challenges fetched successfully for bruno!
[2025-06-05 06:55:05] Processus mis à jour pour bruno: feeling-down3-vote-70-left-0H:4M - executing
[2025-06-05 06:55:05] Traitement de vote pour Feeling Down
[2025-06-05 06:55:05] Feeling Down get vote panel
[2025-06-05 06:55:05] Processus associé: feeling-down3-vote-70-left-0H:4M
[2025-06-05 06:56:06] Processus mis à jour pour bruno: feeling-down3-vote-20-left-0H:3M - executing
[2025-06-05 06:56:06] Traitement de vote pour Feeling Down
[2025-06-05 06:56:27] Feeling Down get vote panel
[2025-06-05 06:56:27] Processus associé: feeling-down3-vote-20-left-0H:3M
[2025-06-05 06:56:37] Récupération des données de vote pour Feeling Down (URL: feeling-down3, HEADER:{'User-Agent': 'Mozilla/5.0 (X11; Linux i686; rv:39.0) Gecko/20100101 Firefox/39.0', 'x-api-version': '8', 'x-env': 'WEB', 'X-requested-with': 'XMLHttpRequest', 'X-token': 'a1cad95a6d480c14f51dd0eba4914c8337b893c789ec6278bb440c7c9a673b162f042470c62684e6da2bd342ffea7777'})
[2025-06-05 06:56:37] Récupération des données de vote pour Feeling Down (URL: feeling-down3, HEADER:{'User-Agent': 'Mozilla/5.0 (X11; Linux i686; rv:39.0) Gecko/20100101 Firefox/39.0', 'x-api-version': '8', 'x-env': 'WEB', 'X-requested-with': 'XMLHttpRequest', 'X-token': 'a1cad95a6d480c14f51dd0eba4914c8337b893c789ec6278bb440c7c9a673b162f042470c62684e6da2bd342ffea7777'})
[2025-06-05 06:56:37] Récupération des données de vote pour Feeling Down (URL: feeling-down3, HEADER:{'User-Agent': 'Mozilla/5.0 (X11; Linux i686; rv:39.0) Gecko/20100101 Firefox/39.0', 'x-api-version': '8', 'x-env': 'WEB', 'X-requested-with': 'XMLHttpRequest', 'X-token': 'a1cad95a6d480c14f51dd0eba4914c8337b893c789ec6278bb440c7c9a673b162f042470c62684e6da2bd342ffea7777'})
[2025-06-05 06:56:37] Récupération des données de vote pour Feeling Down (URL: feeling-down3, HEADER:{'User-Agent': 'Mozilla/5.0 (X11; Linux i686; rv:39.0) Gecko/20100101 Firefox/39.0', 'x-api-version': '8', 'x-env': 'WEB', 'X-requested-with': 'XMLHttpRequest', 'X-token': 'a1cad95a6d480c14f51dd0eba4914c8337b893c789ec6278bb440c7c9a673b162f042470c62684e6da2bd342ffea7777'})
[2025-06-05 06:56:37] Récupération des données de vote pour Feeling Down (URL: feeling-down3, HEADER:{'User-Agent': 'Mozilla/5.0 (X11; Linux i686; rv:39.0) Gecko/20100101 Firefox/39.0', 'x-api-version': '8', 'x-env': 'WEB', 'X-requested-with': 'XMLHttpRequest', 'X-token': 'a1cad95a6d480c14f51dd0eba4914c8337b893c789ec6278bb440c7c9a673b162f042470c62684e6da2bd342ffea7777'})
[2025-06-05 06:56:37] Processus suspect (format de date invalide): feeling-down3-vote-70-left-0H:4M (profil: bruno)
[2025-06-05 06:56:37] Processus supprimé pour bruno: feeling-down3-vote-70-left-0H:4M - zombie
[2025-06-05 06:56:37] Processus mis à jour pour bruno: feeling-down3-vote-70-left-0H:4M - zombie
[2025-06-05 06:56:37] Récupération des données de vote pour Feeling Down (URL: feeling-down3, HEADER:{'User-Agent': 'Mozilla/5.0 (X11; Linux i686; rv:39.0) Gecko/20100101 Firefox/39.0', 'x-api-version': '8', 'x-env': 'WEB', 'X-requested-with': 'XMLHttpRequest', 'X-token': 'a1cad95a6d480c14f51dd0eba4914c8337b893c789ec6278bb440c7c9a673b162f042470c62684e6da2bd342ffea7777'})
[2025-06-05 06:56:37] Récupération des données de vote pour Feeling Down (URL: feeling-down3, HEADER:{'User-Agent': 'Mozilla/5.0 (X11; Linux i686; rv:39.0) Gecko/20100101 Firefox/39.0', 'x-api-version': '8', 'x-env': 'WEB', 'X-requested-with': 'XMLHttpRequest', 'X-token': 'a1cad95a6d480c14f51dd0eba4914c8337b893c789ec6278bb440c7c9a673b162f042470c62684e6da2bd342ffea7777'})
[2025-06-05 06:56:37] Récupération des données de vote pour Feeling Down (URL: feeling-down3, HEADER:{'User-Agent': 'Mozilla/5.0 (X11; Linux i686; rv:39.0) Gecko/20100101 Firefox/39.0', 'x-api-version': '8', 'x-env': 'WEB', 'X-requested-with': 'XMLHttpRequest', 'X-token': 'a1cad95a6d480c14f51dd0eba4914c8337b893c789ec6278bb440c7c9a673b162f042470c62684e6da2bd342ffea7777'})
[2025-06-05 06:56:37] Récupération des données de vote pour Feeling Down (URL: feeling-down3, HEADER:{'User-Agent': 'Mozilla/5.0 (X11; Linux i686; rv:39.0) Gecko/20100101 Firefox/39.0', 'x-api-version': '8', 'x-env': 'WEB', 'X-requested-with': 'XMLHttpRequest', 'X-token': 'a1cad95a6d480c14f51dd0eba4914c8337b893c789ec6278bb440c7c9a673b162f042470c62684e6da2bd342ffea7777'})
[2025-06-05 06:56:38] Récupération réussie: 200 images pour Feeling Down
[2025-06-05 06:56:38] Voting fetching ...
[2025-06-05 06:56:38] Feeling Down voting 10 images
[2025-06-05 06:56:38] Récupération réussie: 200 images pour Feeling Down
[2025-06-05 06:56:38] Voting fetching ...
[2025-06-05 06:56:38] Feeling Down voting 10 images
[2025-06-05 06:56:38] Récupération réussie: 200 images pour Feeling Down
[2025-06-05 06:56:38] Voting fetching ...
[2025-06-05 06:56:38] Feeling Down voting 10 images
[2025-06-05 06:56:38] Récupération réussie: 200 images pour Feeling Down
[2025-06-05 06:56:38] Voting fetching ...
[2025-06-05 06:56:38] Feeling Down voting 10 images
[2025-06-05 06:56:38] Récupération réussie: 200 images pour Feeling Down
[2025-06-05 06:56:38] Voting fetching ...
[2025-06-05 06:56:38] Feeling Down voting 10 images
[2025-06-05 06:56:38] Récupération réussie: 200 images pour Feeling Down
[2025-06-05 06:56:38] Voting fetching ...
[2025-06-05 06:56:38] Feeling Down voting 10 images
[2025-06-05 06:56:38] Récupération réussie: 200 images pour Feeling Down
[2025-06-05 06:56:38] Voting fetching ...
[2025-06-05 06:56:38] Feeling Down voting 10 images
[2025-06-05 06:56:38] Récupération réussie: 200 images pour Feeling Down
[2025-06-05 06:56:38] Voting fetching ...
[2025-06-05 06:56:38] Feeling Down voting 10 images
[2025-06-05 06:56:38] Récupération réussie: 200 images pour Feeling Down
[2025-06-05 06:56:38] Voting fetching ...
[2025-06-05 06:56:38] Feeling Down voting 10 images
[2025-06-05 06:56:39] Feeling Down voted successfully
[2025-06-05 06:56:39] Processus supprimé pour bruno: feeling-down3-vote-20-left-0H:3M - success
[2025-06-05 06:56:39] Processus mis à jour pour bruno: feeling-down3-vote-20-left-0H:3M - success
[2025-06-05 06:56:39] Processus feeling-down3-vote-20-left-0H:3M terminé avec succès (profil: bruno)
[2025-06-05 06:56:55] Feeling Down voted successfully
[2025-06-05 06:57:03] Feeling Down voted successfully
[2025-06-05 06:57:05] Feeling Down voted successfully
[2025-06-05 06:57:12] Processus mis à jour pour bruno: feeling-down3-vote-20-left-0H:2M - executing
[2025-06-05 06:57:12] Traitement de vote pour Feeling Down
[2025-06-05 06:57:24] Feeling Down voted successfully
[2025-06-05 06:57:26] Feeling Down voted successfully
[2025-06-05 06:57:28] Feeling Down voted successfully
[2025-06-05 06:57:34] Feeling Down voted successfully
[2025-06-05 06:57:36] Feeling Down voted successfully
[2025-06-05 06:57:55] Feeling Down get vote panel
[2025-06-05 06:57:55] Processus associé: feeling-down3-vote-20-left-0H:2M
[2025-06-05 06:58:17] Processus mis à jour pour bruno: feeling-down3-vote-20-left-0H:1M - executing
[2025-06-05 06:58:17] Traitement de vote pour Feeling Down
[2025-06-05 06:58:24] Processus suspect (format de date invalide): feeling-down3-vote-20-left-0H:1M (profil: bruno)
[2025-06-05 06:58:24] Processus supprimé pour bruno: feeling-down3-vote-20-left-0H:1M - zombie
[2025-06-05 06:58:24] Processus mis à jour pour bruno: feeling-down3-vote-20-left-0H:1M - zombie
[2025-06-05 06:58:24] Récupération des données de vote pour Feeling Down (URL: feeling-down3, HEADER:{'User-Agent': 'Mozilla/5.0 (X11; Linux i686; rv:39.0) Gecko/20100101 Firefox/39.0', 'x-api-version': '8', 'x-env': 'WEB', 'X-requested-with': 'XMLHttpRequest', 'X-token': 'a1cad95a6d480c14f51dd0eba4914c8337b893c789ec6278bb440c7c9a673b162f042470c62684e6da2bd342ffea7777'})
[2025-06-05 06:58:24] Récupération des données de vote pour Feeling Down (URL: feeling-down3, HEADER:{'User-Agent': 'Mozilla/5.0 (X11; Linux i686; rv:39.0) Gecko/20100101 Firefox/39.0', 'x-api-version': '8', 'x-env': 'WEB', 'X-requested-with': 'XMLHttpRequest', 'X-token': 'a1cad95a6d480c14f51dd0eba4914c8337b893c789ec6278bb440c7c9a673b162f042470c62684e6da2bd342ffea7777'})
[2025-06-05 06:58:24] Feeling Down get vote panel
[2025-06-05 06:58:24] Processus associé: feeling-down3-vote-20-left-0H:1M
[2025-06-05 06:58:37] Récupération des données de vote pour Feeling Down (URL: feeling-down3, HEADER:{'User-Agent': 'Mozilla/5.0 (X11; Linux i686; rv:39.0) Gecko/20100101 Firefox/39.0', 'x-api-version': '8', 'x-env': 'WEB', 'X-requested-with': 'XMLHttpRequest', 'X-token': 'a1cad95a6d480c14f51dd0eba4914c8337b893c789ec6278bb440c7c9a673b162f042470c62684e6da2bd342ffea7777'})
[2025-06-05 06:58:37] Récupération des données de vote pour Feeling Down (URL: feeling-down3, HEADER:{'User-Agent': 'Mozilla/5.0 (X11; Linux i686; rv:39.0) Gecko/20100101 Firefox/39.0', 'x-api-version': '8', 'x-env': 'WEB', 'X-requested-with': 'XMLHttpRequest', 'X-token': 'a1cad95a6d480c14f51dd0eba4914c8337b893c789ec6278bb440c7c9a673b162f042470c62684e6da2bd342ffea7777'})
[2025-06-05 06:58:37] Récupération réussie: 200 images pour Feeling Down
[2025-06-05 06:58:37] Voting fetching ...
[2025-06-05 06:58:37] Feeling Down voting 10 images
[2025-06-05 06:58:38] Récupération réussie: 200 images pour Feeling Down
[2025-06-05 06:58:38] Voting fetching ...
[2025-06-05 06:58:38] Feeling Down voting 10 images
[2025-06-05 06:58:38] Récupération réussie: 200 images pour Feeling Down
[2025-06-05 06:58:38] Voting fetching ...
[2025-06-05 06:58:38] Feeling Down voting 10 images
[2025-06-05 06:58:38] Récupération réussie: 200 images pour Feeling Down
[2025-06-05 06:58:38] Voting fetching ...
[2025-06-05 06:58:38] Feeling Down voting 10 images
[2025-06-05 06:58:38] Challenges fetching ...
[2025-06-05 06:58:38] Challenges fetched successfully for bruno!
[2025-06-05 06:58:38] Challenges fetching ...
[2025-06-05 06:58:38] Challenges fetched successfully for bruno!
[2025-06-05 06:58:38] Challenges fetching ...
[2025-06-05 06:58:38] Challenges fetched successfully for bruno!
[2025-06-05 06:58:38] Challenges fetching ...
[2025-06-05 06:58:38] Challenges fetched successfully for bruno!
[2025-06-05 06:58:38] Challenges fetching ...
[2025-06-05 06:58:38] Challenges fetched successfully for bruno!
[2025-06-05 06:58:38] Challenges fetching ...
[2025-06-05 06:58:38] Challenges fetched successfully for bruno!
[2025-06-05 06:58:38] Challenges fetching ...
[2025-06-05 06:58:39] Challenges fetched successfully for bruno!
[2025-06-05 06:58:39] Challenges fetching ...
[2025-06-05 06:58:39] Challenges fetched successfully for bruno!
[2025-06-05 06:58:39] Challenges fetching ...
[2025-06-05 06:58:39] Challenges fetched successfully for bruno!
[2025-06-05 06:58:40] Feeling Down voted successfully
[2025-06-05 06:58:40] Processus supprimé pour bruno: feeling-down3-vote-20-left-0H:1M - success
[2025-06-05 06:58:40] Processus mis à jour pour bruno: feeling-down3-vote-20-left-0H:1M - success
[2025-06-05 06:58:40] Processus feeling-down3-vote-20-left-0H:1M terminé avec succès
[2025-06-05 06:58:54] Processus suspect (format de date invalide): feeling-down3-vote-20-left-0H:2M (profil: bruno)
[2025-06-05 06:58:54] Processus supprimé pour bruno: feeling-down3-vote-20-left-0H:2M - zombie
[2025-06-05 06:58:54] Processus mis à jour pour bruno: feeling-down3-vote-20-left-0H:2M - zombie
[2025-06-05 06:58:54] Feeling Down voted successfully
[2025-06-05 06:59:03] Feeling Down voted successfully
[2025-06-05 06:59:05] Feeling Down voted successfully
[2025-06-05 06:59:18] Challenges fetching ...
[2025-06-05 06:59:18] Challenges fetched successfully for bruno!
[2025-06-05 06:59:18] Challenges fetching ...
[2025-06-05 06:59:18] Challenges fetched successfully for bruno!
[2025-06-05 06:59:18] Challenges fetching ...
[2025-06-05 06:59:18] Challenges fetched successfully for bruno!
[2025-06-05 06:59:18] Challenges fetching ...
[2025-06-05 06:59:18] Challenges fetched successfully for bruno!
[2025-06-05 08:20:51] Fetching challenges...
[2025-06-05 08:20:53] Challenges fetching ...
[2025-06-05 08:20:53] Lancement automatique des stratégies de fin pour 14 nouveaux challenges...
[2025-06-05 08:20:53] Nouveau challenge détecté pour bruno: Ultimate Exposure
[2025-06-05 08:20:53] Nouveau challenge détecté pour bruno: Powerful Smells
[2025-06-05 08:20:53] Nouveau challenge détecté pour bruno: Photo of the Day
[2025-06-05 08:20:53] Nouveau challenge détecté pour bruno: Dramatic Lighting
[2025-06-05 08:20:53] Nouveau challenge détecté pour bruno: Show me your World
[2025-06-05 08:20:53] Nouveau challenge détecté pour bruno: Gone Walking
[2025-06-05 08:20:53] Nouveau challenge détecté pour bruno: Photo of the Week!
[2025-06-05 08:20:53] Nouveau challenge détecté pour bruno: Cactus & Succulent Plants
[2025-06-05 08:20:53] Nouveau challenge détecté pour bruno: Tell a Story
[2025-06-05 08:20:53] Nouveau challenge détecté pour bruno: Artworks on Walls
[2025-06-05 08:20:53] Nouveau challenge détecté pour bruno: Nature’s Soothing Sounds
[2025-06-05 08:20:53] Nouveau challenge détecté pour bruno: Great Mistakes
[2025-06-05 08:20:53] Nouveau challenge détecté pour bruno: Beautiful Eyes
[2025-06-05 08:20:53] Nouveau challenge détecté pour bruno: Joined Together
[2025-06-05 08:20:53] Challenges fetched successfully for bruno!
[2025-06-05 08:23:50] Sélection de tous les challenges

[2025-06-05 08:23:53] Lancement de la stratégie end4 pour Artworks on Walls
[2025-06-05 08:23:53] Nouveau processus ajouté pour bruno: artworks-on-walls-vote-70-left-0H:4M - Statut: init
[2025-06-05 08:23:53] Traitement du challenge pour bruno: artworks-on-walls
[2025-06-05 08:23:53] Nouveau processus ajouté pour bruno: artworks-on-walls-vote-20-left-0H:3M - Statut: init
[2025-06-05 08:23:53] Traitement du challenge pour bruno: artworks-on-walls
[2025-06-05 08:23:53] Processus mis à jour pour bruno: artworks-on-walls-vote-70-left-0H:4M - waiting
[2025-06-05 08:23:53] Nouveau processus ajouté pour bruno: artworks-on-walls-vote-20-left-0H:2M - Statut: init
[2025-06-05 08:23:53] Nouveau processus ajouté pour bruno: artworks-on-walls-vote-20-left-0H:1M - Statut: init
[2025-06-05 08:23:53] Traitement du challenge pour bruno: artworks-on-walls
[2025-06-05 08:23:53] Traitement du challenge pour bruno: artworks-on-walls
[2025-06-05 08:23:53] Processus mis à jour pour bruno: artworks-on-walls-vote-20-left-0H:3M - waiting
[2025-06-05 08:23:53] Processus mis à jour pour bruno: artworks-on-walls-vote-20-left-0H:2M - waiting
[2025-06-05 08:23:53] Processus mis à jour pour bruno: artworks-on-walls-vote-20-left-0H:1M - waiting
[2025-06-05 08:23:53] Lancement de la stratégie end4 pour Nature’s Soothing Sounds
[2025-06-05 08:23:53] Nouveau processus ajouté pour bruno: nature-s-soothing-sounds1-vote-70-left-0H:4M - Statut: init
[2025-06-05 08:23:53] Traitement du challenge pour bruno: nature-s-soothing-sounds1
[2025-06-05 08:23:53] Nouveau processus ajouté pour bruno: nature-s-soothing-sounds1-vote-20-left-0H:3M - Statut: init
[2025-06-05 08:23:53] Traitement du challenge pour bruno: nature-s-soothing-sounds1
[2025-06-05 08:23:53] Nouveau processus ajouté pour bruno: nature-s-soothing-sounds1-vote-20-left-0H:2M - Statut: init
[2025-06-05 08:23:53] Traitement du challenge pour bruno: nature-s-soothing-sounds1
[2025-06-05 08:23:53] Processus mis à jour pour bruno: nature-s-soothing-sounds1-vote-70-left-0H:4M - waiting
[2025-06-05 08:23:53] Nouveau processus ajouté pour bruno: nature-s-soothing-sounds1-vote-20-left-0H:1M - Statut: init
[2025-06-05 08:23:53] Traitement du challenge pour bruno: nature-s-soothing-sounds1
[2025-06-05 08:23:53] Processus mis à jour pour bruno: nature-s-soothing-sounds1-vote-20-left-0H:3M - waiting
[2025-06-05 08:23:53] Processus mis à jour pour bruno: nature-s-soothing-sounds1-vote-20-left-0H:2M - waiting
[2025-06-05 08:23:53] Processus mis à jour pour bruno: nature-s-soothing-sounds1-vote-20-left-0H:1M - waiting
[2025-06-05 08:23:53] Lancement de la stratégie end4 pour Joined Together
[2025-06-05 08:23:53] Commande  --cha joined-together1 vote 70 --left 0:4 existe déjà pour bruno
[2025-06-05 08:23:53] Nouveau processus ajouté pour bruno: joined-together1-vote-70-left-0H:4M - Statut: init
[2025-06-05 08:23:53] Commande  --cha joined-together1 vote 20 --left 0:3 existe déjà pour bruno
[2025-06-05 08:23:53] Traitement du challenge pour bruno: joined-together1
[2025-06-05 08:23:53] Nouveau processus ajouté pour bruno: joined-together1-vote-20-left-0H:3M - Statut: init
[2025-06-05 08:23:53] Traitement du challenge pour bruno: joined-together1
[2025-06-05 08:23:53] Processus mis à jour pour bruno: joined-together1-vote-70-left-0H:4M - waiting
[2025-06-05 08:23:53] Commande  --cha joined-together1 vote 20 --left 0:2 existe déjà pour bruno
[2025-06-05 08:23:53] Nouveau processus ajouté pour bruno: joined-together1-vote-20-left-0H:2M - Statut: init
[2025-06-05 08:23:53] Commande  --cha joined-together1 vote 20 --left 0:1 existe déjà pour bruno
[2025-06-05 08:23:53] Traitement du challenge pour bruno: joined-together1
[2025-06-05 08:23:53] Nouveau processus ajouté pour bruno: joined-together1-vote-20-left-0H:1M - Statut: init
[2025-06-05 08:23:53] Processus mis à jour pour bruno: joined-together1-vote-20-left-0H:3M - waiting
[2025-06-05 08:23:53] Traitement du challenge pour bruno: joined-together1
[2025-06-05 08:23:53] Processus mis à jour pour bruno: joined-together1-vote-20-left-0H:2M - waiting
[2025-06-05 08:23:53] Processus mis à jour pour bruno: joined-together1-vote-20-left-0H:1M - waiting
[2025-06-05 08:23:53] Lancement de la stratégie end4 pour Beautiful Eyes
[2025-06-05 08:23:53] Nouveau processus ajouté pour bruno: attractive-eyes-vote-70-left-0H:4M - Statut: init
[2025-06-05 08:23:53] Traitement du challenge pour bruno: attractive-eyes
[2025-06-05 08:23:53] Nouveau processus ajouté pour bruno: attractive-eyes-vote-20-left-0H:3M - Statut: init
[2025-06-05 08:23:53] Nouveau processus ajouté pour bruno: attractive-eyes-vote-20-left-0H:2M - Statut: init
[2025-06-05 08:23:53] Traitement du challenge pour bruno: attractive-eyes
[2025-06-05 08:23:53] Traitement du challenge pour bruno: attractive-eyes
[2025-06-05 08:23:53] Processus mis à jour pour bruno: attractive-eyes-vote-70-left-0H:4M - waiting
[2025-06-05 08:23:53] Nouveau processus ajouté pour bruno: attractive-eyes-vote-20-left-0H:1M - Statut: init
[2025-06-05 08:23:53] Processus mis à jour pour bruno: attractive-eyes-vote-20-left-0H:3M - waiting
[2025-06-05 08:23:53] Traitement du challenge pour bruno: attractive-eyes
[2025-06-05 08:23:53] Processus mis à jour pour bruno: attractive-eyes-vote-20-left-0H:2M - waiting
[2025-06-05 08:23:53] Processus mis à jour pour bruno: attractive-eyes-vote-20-left-0H:1M - waiting
[2025-06-05 08:23:53] Lancement de la stratégie end4 pour Show me your World
[2025-06-05 08:23:53] Nouveau processus ajouté pour bruno: show-me-your-world27-vote-70-left-0H:4M - Statut: init
[2025-06-05 08:23:53] Traitement du challenge pour bruno: show-me-your-world27
[2025-06-05 08:23:53] Nouveau processus ajouté pour bruno: show-me-your-world27-vote-20-left-0H:3M - Statut: init
[2025-06-05 08:23:53] Traitement du challenge pour bruno: show-me-your-world27
[2025-06-05 08:23:53] Nouveau processus ajouté pour bruno: show-me-your-world27-vote-20-left-0H:2M - Statut: init
[2025-06-05 08:23:53] Nouveau processus ajouté pour bruno: show-me-your-world27-vote-20-left-0H:1M - Statut: init
[2025-06-05 08:23:53] Traitement du challenge pour bruno: show-me-your-world27
[2025-06-05 08:23:53] Processus mis à jour pour bruno: show-me-your-world27-vote-70-left-0H:4M - waiting
[2025-06-05 08:23:53] Traitement du challenge pour bruno: show-me-your-world27
[2025-06-05 08:23:53] Processus mis à jour pour bruno: show-me-your-world27-vote-20-left-0H:3M - waiting
[2025-06-05 08:23:53] Processus mis à jour pour bruno: show-me-your-world27-vote-20-left-0H:2M - waiting
[2025-06-05 08:23:53] Processus mis à jour pour bruno: show-me-your-world27-vote-20-left-0H:1M - waiting
[2025-06-05 08:23:53] Lancement de la stratégie end4 pour Ultimate Exposure
[2025-06-05 08:23:53] Nouveau processus ajouté pour bruno: ultimate-exposure80-vote-70-left-0H:4M - Statut: init
[2025-06-05 08:23:53] Traitement du challenge pour bruno: ultimate-exposure80
[2025-06-05 08:23:53] Nouveau processus ajouté pour bruno: ultimate-exposure80-vote-20-left-0H:3M - Statut: init
[2025-06-05 08:23:53] Traitement du challenge pour bruno: ultimate-exposure80
[2025-06-05 08:23:53] Nouveau processus ajouté pour bruno: ultimate-exposure80-vote-20-left-0H:2M - Statut: init
[2025-06-05 08:23:53] Traitement du challenge pour bruno: ultimate-exposure80
[2025-06-05 08:23:53] Processus mis à jour pour bruno: ultimate-exposure80-vote-70-left-0H:4M - waiting
[2025-06-05 08:23:53] Nouveau processus ajouté pour bruno: ultimate-exposure80-vote-20-left-0H:1M - Statut: init
[2025-06-05 08:23:53] Processus mis à jour pour bruno: ultimate-exposure80-vote-20-left-0H:3M - waiting
[2025-06-05 08:23:53] Traitement du challenge pour bruno: ultimate-exposure80
[2025-06-05 08:23:53] Processus mis à jour pour bruno: ultimate-exposure80-vote-20-left-0H:2M - waiting
[2025-06-05 08:23:53] Processus mis à jour pour bruno: ultimate-exposure80-vote-20-left-0H:1M - waiting
[2025-06-05 08:23:53] Lancement de la stratégie end4 pour Cactus & Succulent Plants
[2025-06-05 08:23:53] Nouveau processus ajouté pour bruno: cactus-succulent-plants-vote-70-left-0H:4M - Statut: init
[2025-06-05 08:23:53] Traitement du challenge pour bruno: cactus-succulent-plants
[2025-06-05 08:23:53] Nouveau processus ajouté pour bruno: cactus-succulent-plants-vote-20-left-0H:3M - Statut: init
[2025-06-05 08:23:53] Traitement du challenge pour bruno: cactus-succulent-plants
[2025-06-05 08:23:53] Processus mis à jour pour bruno: cactus-succulent-plants-vote-70-left-0H:4M - waiting
[2025-06-05 08:23:53] Nouveau processus ajouté pour bruno: cactus-succulent-plants-vote-20-left-0H:2M - Statut: init
[2025-06-05 08:23:53] Processus mis à jour pour bruno: cactus-succulent-plants-vote-20-left-0H:3M - waiting
[2025-06-05 08:23:53] Nouveau processus ajouté pour bruno: cactus-succulent-plants-vote-20-left-0H:1M - Statut: init
[2025-06-05 08:23:53] Traitement du challenge pour bruno: cactus-succulent-plants
[2025-06-05 08:23:53] Traitement du challenge pour bruno: cactus-succulent-plants
[2025-06-05 08:23:53] Processus mis à jour pour bruno: cactus-succulent-plants-vote-20-left-0H:2M - waiting
[2025-06-05 08:23:53] Processus mis à jour pour bruno: cactus-succulent-plants-vote-20-left-0H:1M - waiting
[2025-06-05 08:23:53] Lancement de la stratégie end4 pour Powerful Smells
[2025-06-05 08:23:53] Commande  --cha powerful-smells vote 70 --left 0:4 existe déjà pour bruno
[2025-06-05 08:23:53] Nouveau processus ajouté pour bruno: powerful-smells-vote-70-left-0H:4M - Statut: init
[2025-06-05 08:23:53] Traitement du challenge pour bruno: powerful-smells
[2025-06-05 08:23:53] Commande  --cha powerful-smells vote 20 --left 0:3 existe déjà pour bruno
[2025-06-05 08:23:53] Nouveau processus ajouté pour bruno: powerful-smells-vote-20-left-0H:3M - Statut: init
[2025-06-05 08:23:53] Commande  --cha powerful-smells vote 20 --left 0:2 existe déjà pour bruno
[2025-06-05 08:23:53] Traitement du challenge pour bruno: powerful-smells
[2025-06-05 08:23:53] Nouveau processus ajouté pour bruno: powerful-smells-vote-20-left-0H:2M - Statut: init
[2025-06-05 08:23:53] Processus mis à jour pour bruno: powerful-smells-vote-70-left-0H:4M - waiting
[2025-06-05 08:23:53] Traitement du challenge pour bruno: powerful-smells
[2025-06-05 08:23:53] Commande  --cha powerful-smells vote 20 --left 0:1 existe déjà pour bruno
[2025-06-05 08:23:53] Nouveau processus ajouté pour bruno: powerful-smells-vote-20-left-0H:1M - Statut: init
[2025-06-05 08:23:53] Processus mis à jour pour bruno: powerful-smells-vote-20-left-0H:3M - waiting
[2025-06-05 08:23:53] Traitement du challenge pour bruno: powerful-smells
[2025-06-05 08:23:53] Processus mis à jour pour bruno: powerful-smells-vote-20-left-0H:2M - waiting
[2025-06-05 08:23:53] Processus mis à jour pour bruno: powerful-smells-vote-20-left-0H:1M - waiting
[2025-06-05 08:23:53] Lancement de la stratégie end4 pour Tell a Story
[2025-06-05 08:23:53] Nouveau processus ajouté pour bruno: tell-a-story40-vote-70-left-0H:4M - Statut: init
[2025-06-05 08:23:53] Traitement du challenge pour bruno: tell-a-story40
[2025-06-05 08:23:53] Nouveau processus ajouté pour bruno: tell-a-story40-vote-20-left-0H:3M - Statut: init
[2025-06-05 08:23:53] Traitement du challenge pour bruno: tell-a-story40
[2025-06-05 08:23:53] Processus mis à jour pour bruno: tell-a-story40-vote-70-left-0H:4M - waiting
[2025-06-05 08:23:53] Nouveau processus ajouté pour bruno: tell-a-story40-vote-20-left-0H:2M - Statut: init
[2025-06-05 08:23:53] Processus mis à jour pour bruno: tell-a-story40-vote-20-left-0H:3M - waiting
[2025-06-05 08:23:53] Traitement du challenge pour bruno: tell-a-story40
[2025-06-05 08:23:53] Nouveau processus ajouté pour bruno: tell-a-story40-vote-20-left-0H:1M - Statut: init
[2025-06-05 08:23:53] Processus mis à jour pour bruno: tell-a-story40-vote-20-left-0H:2M - waiting
[2025-06-05 08:23:53] Traitement du challenge pour bruno: tell-a-story40
[2025-06-05 08:23:53] Processus mis à jour pour bruno: tell-a-story40-vote-20-left-0H:1M - waiting
[2025-06-05 08:23:53] Lancement de la stratégie end4 pour Gone Walking
[2025-06-05 08:23:53] Nouveau processus ajouté pour bruno: gone-walking-vote-70-left-0H:4M - Statut: init
[2025-06-05 08:23:53] Traitement du challenge pour bruno: gone-walking
[2025-06-05 08:23:53] Nouveau processus ajouté pour bruno: gone-walking-vote-20-left-0H:3M - Statut: init
[2025-06-05 08:23:53] Traitement du challenge pour bruno: gone-walking
[2025-06-05 08:23:53] Nouveau processus ajouté pour bruno: gone-walking-vote-20-left-0H:2M - Statut: init
[2025-06-05 08:23:53] Traitement du challenge pour bruno: gone-walking
[2025-06-05 08:23:53] Processus mis à jour pour bruno: gone-walking-vote-70-left-0H:4M - waiting
[2025-06-05 08:23:53] Nouveau processus ajouté pour bruno: gone-walking-vote-20-left-0H:1M - Statut: init
[2025-06-05 08:23:53] Traitement du challenge pour bruno: gone-walking
[2025-06-05 08:23:53] Processus mis à jour pour bruno: gone-walking-vote-20-left-0H:3M - waiting
[2025-06-05 08:23:53] Processus mis à jour pour bruno: gone-walking-vote-20-left-0H:2M - waiting
[2025-06-05 08:23:53] Processus mis à jour pour bruno: gone-walking-vote-20-left-0H:1M - waiting
[2025-06-05 08:23:53] Lancement de la stratégie end4 pour Great Mistakes
[2025-06-05 08:23:53] Nouveau processus ajouté pour bruno: great-mistakes-vote-70-left-0H:4M - Statut: init
[2025-06-05 08:23:53] Traitement du challenge pour bruno: great-mistakes
[2025-06-05 08:23:53] Nouveau processus ajouté pour bruno: great-mistakes-vote-20-left-0H:3M - Statut: init
[2025-06-05 08:23:53] Traitement du challenge pour bruno: great-mistakes
[2025-06-05 08:23:53] Processus mis à jour pour bruno: great-mistakes-vote-70-left-0H:4M - waiting
[2025-06-05 08:23:53] Nouveau processus ajouté pour bruno: great-mistakes-vote-20-left-0H:2M - Statut: init
[2025-06-05 08:23:53] Traitement du challenge pour bruno: great-mistakes
[2025-06-05 08:23:53] Processus mis à jour pour bruno: great-mistakes-vote-20-left-0H:3M - waiting
[2025-06-05 08:23:53] Nouveau processus ajouté pour bruno: great-mistakes-vote-20-left-0H:1M - Statut: init
[2025-06-05 08:23:53] Traitement du challenge pour bruno: great-mistakes
[2025-06-05 08:23:53] Processus mis à jour pour bruno: great-mistakes-vote-20-left-0H:2M - waiting
[2025-06-05 08:23:53] Processus mis à jour pour bruno: great-mistakes-vote-20-left-0H:1M - waiting
[2025-06-05 08:23:53] Lancement de la stratégie end4 pour Dramatic Lighting
[2025-06-05 08:23:53] Nouveau processus ajouté pour bruno: dramatic-lighting11-vote-70-left-0H:4M - Statut: init
[2025-06-05 08:23:53] Traitement du challenge pour bruno: dramatic-lighting11
[2025-06-05 08:23:53] Nouveau processus ajouté pour bruno: dramatic-lighting11-vote-20-left-0H:3M - Statut: init
[2025-06-05 08:23:53] Traitement du challenge pour bruno: dramatic-lighting11
[2025-06-05 08:23:53] Processus mis à jour pour bruno: dramatic-lighting11-vote-70-left-0H:4M - waiting
[2025-06-05 08:23:53] Nouveau processus ajouté pour bruno: dramatic-lighting11-vote-20-left-0H:2M - Statut: init
[2025-06-05 08:23:53] Traitement du challenge pour bruno: dramatic-lighting11
[2025-06-05 08:23:53] Nouveau processus ajouté pour bruno: dramatic-lighting11-vote-20-left-0H:1M - Statut: init
[2025-06-05 08:23:53] Processus mis à jour pour bruno: dramatic-lighting11-vote-20-left-0H:3M - waiting
[2025-06-05 08:23:53] Traitement du challenge pour bruno: dramatic-lighting11
[2025-06-05 08:23:53] Processus mis à jour pour bruno: dramatic-lighting11-vote-20-left-0H:2M - waiting
[2025-06-05 08:23:53] Processus mis à jour pour bruno: dramatic-lighting11-vote-20-left-0H:1M - waiting
[2025-06-05 08:23:53] Lancement de la stratégie end4 pour Photo of the Week!
[2025-06-05 08:23:53] Nouveau processus ajouté pour bruno: photo-of-the-week-299-vote-70-left-0H:4M - Statut: init
[2025-06-05 08:23:53] Traitement du challenge pour bruno: photo-of-the-week-299
[2025-06-05 08:23:53] Nouveau processus ajouté pour bruno: photo-of-the-week-299-vote-20-left-0H:3M - Statut: init
[2025-06-05 08:23:53] Nouveau processus ajouté pour bruno: photo-of-the-week-299-vote-20-left-0H:2M - Statut: init
[2025-06-05 08:23:53] Traitement du challenge pour bruno: photo-of-the-week-299
[2025-06-05 08:23:53] Traitement du challenge pour bruno: photo-of-the-week-299
[2025-06-05 08:23:53] Processus mis à jour pour bruno: photo-of-the-week-299-vote-70-left-0H:4M - waiting
[2025-06-05 08:23:53] Nouveau processus ajouté pour bruno: photo-of-the-week-299-vote-20-left-0H:1M - Statut: init
[2025-06-05 08:23:53] Traitement du challenge pour bruno: photo-of-the-week-299
[2025-06-05 08:23:53] Processus mis à jour pour bruno: photo-of-the-week-299-vote-20-left-0H:3M - waiting
[2025-06-05 08:23:53] Processus mis à jour pour bruno: photo-of-the-week-299-vote-20-left-0H:2M - waiting
[2025-06-05 08:23:53] Processus mis à jour pour bruno: photo-of-the-week-299-vote-20-left-0H:1M - waiting
[2025-06-05 08:23:53] Lancement de la stratégie end4 pour Photo of the Day
[2025-06-05 08:23:53] Nouveau processus ajouté pour bruno: photo-of-the-day75-vote-70-left-0H:4M - Statut: init
[2025-06-05 08:23:53] Nouveau processus ajouté pour bruno: photo-of-the-day75-vote-20-left-0H:3M - Statut: init
[2025-06-05 08:23:53] Traitement du challenge pour bruno: photo-of-the-day75
[2025-06-05 08:23:53] Traitement du challenge pour bruno: photo-of-the-day75
[2025-06-05 08:23:53] Nouveau processus ajouté pour bruno: photo-of-the-day75-vote-20-left-0H:2M - Statut: init
[2025-06-05 08:23:53] Traitement du challenge pour bruno: photo-of-the-day75
[2025-06-05 08:23:53] Nouveau processus ajouté pour bruno: photo-of-the-day75-vote-20-left-0H:1M - Statut: init
[2025-06-05 08:23:53] Traitement du challenge pour bruno: photo-of-the-day75
[2025-06-05 08:23:53] Processus mis à jour pour bruno: photo-of-the-day75-vote-70-left-0H:4M - waiting
[2025-06-05 08:23:53] Processus mis à jour pour bruno: photo-of-the-day75-vote-20-left-0H:3M - waiting
[2025-06-05 08:23:53] Processus mis à jour pour bruno: photo-of-the-day75-vote-20-left-0H:2M - waiting
[2025-06-05 08:23:53] Processus mis à jour pour bruno: photo-of-the-day75-vote-20-left-0H:1M - waiting
[2025-06-05 08:23:53] Application des stratégies pour les challenges sélectionnés:
- Artworks on Walls avec stratégie end4
- Nature’s Soothing Sounds avec stratégie end4
- Joined Together avec stratégie end4
- Beautiful Eyes avec stratégie end4
- Show me your World avec stratégie end4
- Ultimate Exposure avec stratégie end4
- Cactus & Succulent Plants avec stratégie end4
- Powerful Smells avec stratégie end4
- Tell a Story avec stratégie end4
- Gone Walking avec stratégie end4
- Great Mistakes avec stratégie end4
- Dramatic Lighting avec stratégie end4
- Photo of the Week! avec stratégie end4
- Photo of the Day avec stratégie end4

[2025-06-05 08:23:58] Désélection de tous les challenges

[2025-06-05 08:25:08] Artworks on Walls get vote panel
[2025-06-05 08:25:32] Nature’s Soothing Sounds get vote panel
[2025-06-05 08:25:56] Joined Together get vote panel
[2025-06-05 08:26:20] Beautiful Eyes get vote panel
[2025-06-05 08:26:44] Show me your World get vote panel
[2025-06-05 08:27:08] Ultimate Exposure get vote panel
[2025-06-05 08:27:32] Cactus & Succulent Plants get vote panel
[2025-06-05 08:27:56] Tell a Story get vote panel
[2025-06-05 08:28:20] Gone Walking get vote panel
[2025-06-05 08:28:44] Great Mistakes get vote panel
[2025-06-05 08:29:08] Dramatic Lighting get vote panel
[2025-06-05 08:29:32] Photo of the Week! get vote panel
[2025-06-05 08:29:56] Photo of the Day get vote panel
[2025-06-05 08:30:20] Filling challenges: {101568, 101569, 101570, 101573, 101574, 101734, 101579, 101583, 101555, 101566, 101789, 101790, 101791}
Filled Artworks on Walls with strategy end4
Filled Nature’s Soothing Sounds with strategy end4
Filled Joined Together with strategy end4
Filled Beautiful Eyes with strategy end4
Filled Show me your World with strategy end4
Filled Ultimate Exposure with strategy end4
Filled Cactus & Succulent Plants with strategy end4
Filled Tell a Story with strategy end4
Filled Gone Walking with strategy end4
Filled Great Mistakes with strategy end4
Filled Dramatic Lighting with strategy end4
Filled Photo of the Week! with strategy end4
Filled Photo of the Day with strategy end4

[2025-06-05 08:30:20] Récupération des données de vote pour Artworks on Walls (URL: artworks-on-walls, HEADER:{'User-Agent': 'Mozilla/5.0 (X11; Linux i686; rv:39.0) Gecko/20100101 Firefox/39.0', 'x-api-version': '8', 'x-env': 'WEB', 'X-requested-with': 'XMLHttpRequest', 'X-token': 'a1cad95a6d480c14f51dd0eba4914c8337b893c789ec6278bb440c7c9a673b162f042470c62684e6da2bd342ffea7777'})
[2025-06-05 08:30:20] Récupération des données de vote pour Artworks on Walls (URL: artworks-on-walls, HEADER:{'User-Agent': 'Mozilla/5.0 (X11; Linux i686; rv:39.0) Gecko/20100101 Firefox/39.0', 'x-api-version': '8', 'x-env': 'WEB', 'X-requested-with': 'XMLHttpRequest', 'X-token': 'a1cad95a6d480c14f51dd0eba4914c8337b893c789ec6278bb440c7c9a673b162f042470c62684e6da2bd342ffea7777'})
[2025-06-05 08:30:20] Récupération des données de vote pour Artworks on Walls (URL: artworks-on-walls, HEADER:{'User-Agent': 'Mozilla/5.0 (X11; Linux i686; rv:39.0) Gecko/20100101 Firefox/39.0', 'x-api-version': '8', 'x-env': 'WEB', 'X-requested-with': 'XMLHttpRequest', 'X-token': 'a1cad95a6d480c14f51dd0eba4914c8337b893c789ec6278bb440c7c9a673b162f042470c62684e6da2bd342ffea7777'})
[2025-06-05 08:30:20] Récupération des données de vote pour Artworks on Walls (URL: artworks-on-walls, HEADER:{'User-Agent': 'Mozilla/5.0 (X11; Linux i686; rv:39.0) Gecko/20100101 Firefox/39.0', 'x-api-version': '8', 'x-env': 'WEB', 'X-requested-with': 'XMLHttpRequest', 'X-token': 'a1cad95a6d480c14f51dd0eba4914c8337b893c789ec6278bb440c7c9a673b162f042470c62684e6da2bd342ffea7777'})
[2025-06-05 08:30:20] Récupération des données de vote pour Artworks on Walls (URL: artworks-on-walls, HEADER:{'User-Agent': 'Mozilla/5.0 (X11; Linux i686; rv:39.0) Gecko/20100101 Firefox/39.0', 'x-api-version': '8', 'x-env': 'WEB', 'X-requested-with': 'XMLHttpRequest', 'X-token': 'a1cad95a6d480c14f51dd0eba4914c8337b893c789ec6278bb440c7c9a673b162f042470c62684e6da2bd342ffea7777'})
[2025-06-05 08:30:20] Récupération des données de vote pour Artworks on Walls (URL: artworks-on-walls, HEADER:{'User-Agent': 'Mozilla/5.0 (X11; Linux i686; rv:39.0) Gecko/20100101 Firefox/39.0', 'x-api-version': '8', 'x-env': 'WEB', 'X-requested-with': 'XMLHttpRequest', 'X-token': 'a1cad95a6d480c14f51dd0eba4914c8337b893c789ec6278bb440c7c9a673b162f042470c62684e6da2bd342ffea7777'})
[2025-06-05 08:30:20] Récupération des données de vote pour Artworks on Walls (URL: artworks-on-walls, HEADER:{'User-Agent': 'Mozilla/5.0 (X11; Linux i686; rv:39.0) Gecko/20100101 Firefox/39.0', 'x-api-version': '8', 'x-env': 'WEB', 'X-requested-with': 'XMLHttpRequest', 'X-token': 'a1cad95a6d480c14f51dd0eba4914c8337b893c789ec6278bb440c7c9a673b162f042470c62684e6da2bd342ffea7777'})
[2025-06-05 08:30:20] Récupération des données de vote pour Artworks on Walls (URL: artworks-on-walls, HEADER:{'User-Agent': 'Mozilla/5.0 (X11; Linux i686; rv:39.0) Gecko/20100101 Firefox/39.0', 'x-api-version': '8', 'x-env': 'WEB', 'X-requested-with': 'XMLHttpRequest', 'X-token': 'a1cad95a6d480c14f51dd0eba4914c8337b893c789ec6278bb440c7c9a673b162f042470c62684e6da2bd342ffea7777'})
[2025-06-05 08:30:20] Récupération des données de vote pour Nature’s Soothing Sounds (URL: nature-s-soothing-sounds1, HEADER:{'User-Agent': 'Mozilla/5.0 (X11; Linux i686; rv:39.0) Gecko/20100101 Firefox/39.0', 'x-api-version': '8', 'x-env': 'WEB', 'X-requested-with': 'XMLHttpRequest', 'X-token': 'a1cad95a6d480c14f51dd0eba4914c8337b893c789ec6278bb440c7c9a673b162f042470c62684e6da2bd342ffea7777'})
[2025-06-05 08:30:20] Récupération des données de vote pour Nature’s Soothing Sounds (URL: nature-s-soothing-sounds1, HEADER:{'User-Agent': 'Mozilla/5.0 (X11; Linux i686; rv:39.0) Gecko/20100101 Firefox/39.0', 'x-api-version': '8', 'x-env': 'WEB', 'X-requested-with': 'XMLHttpRequest', 'X-token': 'a1cad95a6d480c14f51dd0eba4914c8337b893c789ec6278bb440c7c9a673b162f042470c62684e6da2bd342ffea7777'})
[2025-06-05 08:30:20] Récupération des données de vote pour Nature’s Soothing Sounds (URL: nature-s-soothing-sounds1, HEADER:{'User-Agent': 'Mozilla/5.0 (X11; Linux i686; rv:39.0) Gecko/20100101 Firefox/39.0', 'x-api-version': '8', 'x-env': 'WEB', 'X-requested-with': 'XMLHttpRequest', 'X-token': 'a1cad95a6d480c14f51dd0eba4914c8337b893c789ec6278bb440c7c9a673b162f042470c62684e6da2bd342ffea7777'})
[2025-06-05 08:30:20] Récupération des données de vote pour Nature’s Soothing Sounds (URL: nature-s-soothing-sounds1, HEADER:{'User-Agent': 'Mozilla/5.0 (X11; Linux i686; rv:39.0) Gecko/20100101 Firefox/39.0', 'x-api-version': '8', 'x-env': 'WEB', 'X-requested-with': 'XMLHttpRequest', 'X-token': 'a1cad95a6d480c14f51dd0eba4914c8337b893c789ec6278bb440c7c9a673b162f042470c62684e6da2bd342ffea7777'})
[2025-06-05 08:30:20] Récupération des données de vote pour Nature’s Soothing Sounds (URL: nature-s-soothing-sounds1, HEADER:{'User-Agent': 'Mozilla/5.0 (X11; Linux i686; rv:39.0) Gecko/20100101 Firefox/39.0', 'x-api-version': '8', 'x-env': 'WEB', 'X-requested-with': 'XMLHttpRequest', 'X-token': 'a1cad95a6d480c14f51dd0eba4914c8337b893c789ec6278bb440c7c9a673b162f042470c62684e6da2bd342ffea7777'})
[2025-06-05 08:30:20] Récupération des données de vote pour Nature’s Soothing Sounds (URL: nature-s-soothing-sounds1, HEADER:{'User-Agent': 'Mozilla/5.0 (X11; Linux i686; rv:39.0) Gecko/20100101 Firefox/39.0', 'x-api-version': '8', 'x-env': 'WEB', 'X-requested-with': 'XMLHttpRequest', 'X-token': 'a1cad95a6d480c14f51dd0eba4914c8337b893c789ec6278bb440c7c9a673b162f042470c62684e6da2bd342ffea7777'})
[2025-06-05 08:30:20] Récupération des données de vote pour Nature’s Soothing Sounds (URL: nature-s-soothing-sounds1, HEADER:{'User-Agent': 'Mozilla/5.0 (X11; Linux i686; rv:39.0) Gecko/20100101 Firefox/39.0', 'x-api-version': '8', 'x-env': 'WEB', 'X-requested-with': 'XMLHttpRequest', 'X-token': 'a1cad95a6d480c14f51dd0eba4914c8337b893c789ec6278bb440c7c9a673b162f042470c62684e6da2bd342ffea7777'})
[2025-06-05 08:30:20] Récupération des données de vote pour Nature’s Soothing Sounds (URL: nature-s-soothing-sounds1, HEADER:{'User-Agent': 'Mozilla/5.0 (X11; Linux i686; rv:39.0) Gecko/20100101 Firefox/39.0', 'x-api-version': '8', 'x-env': 'WEB', 'X-requested-with': 'XMLHttpRequest', 'X-token': 'a1cad95a6d480c14f51dd0eba4914c8337b893c789ec6278bb440c7c9a673b162f042470c62684e6da2bd342ffea7777'})
[2025-06-05 08:30:20] Récupération des données de vote pour Joined Together (URL: joined-together1, HEADER:{'User-Agent': 'Mozilla/5.0 (X11; Linux i686; rv:39.0) Gecko/20100101 Firefox/39.0', 'x-api-version': '8', 'x-env': 'WEB', 'X-requested-with': 'XMLHttpRequest', 'X-token': 'a1cad95a6d480c14f51dd0eba4914c8337b893c789ec6278bb440c7c9a673b162f042470c62684e6da2bd342ffea7777'})
[2025-06-05 08:30:20] Récupération des données de vote pour Joined Together (URL: joined-together1, HEADER:{'User-Agent': 'Mozilla/5.0 (X11; Linux i686; rv:39.0) Gecko/20100101 Firefox/39.0', 'x-api-version': '8', 'x-env': 'WEB', 'X-requested-with': 'XMLHttpRequest', 'X-token': 'a1cad95a6d480c14f51dd0eba4914c8337b893c789ec6278bb440c7c9a673b162f042470c62684e6da2bd342ffea7777'})
[2025-06-05 08:30:20] Récupération des données de vote pour Joined Together (URL: joined-together1, HEADER:{'User-Agent': 'Mozilla/5.0 (X11; Linux i686; rv:39.0) Gecko/20100101 Firefox/39.0', 'x-api-version': '8', 'x-env': 'WEB', 'X-requested-with': 'XMLHttpRequest', 'X-token': 'a1cad95a6d480c14f51dd0eba4914c8337b893c789ec6278bb440c7c9a673b162f042470c62684e6da2bd342ffea7777'})
[2025-06-05 08:30:20] Récupération des données de vote pour Joined Together (URL: joined-together1, HEADER:{'User-Agent': 'Mozilla/5.0 (X11; Linux i686; rv:39.0) Gecko/20100101 Firefox/39.0', 'x-api-version': '8', 'x-env': 'WEB', 'X-requested-with': 'XMLHttpRequest', 'X-token': 'a1cad95a6d480c14f51dd0eba4914c8337b893c789ec6278bb440c7c9a673b162f042470c62684e6da2bd342ffea7777'})
[2025-06-05 08:30:20] Récupération des données de vote pour Joined Together (URL: joined-together1, HEADER:{'User-Agent': 'Mozilla/5.0 (X11; Linux i686; rv:39.0) Gecko/20100101 Firefox/39.0', 'x-api-version': '8', 'x-env': 'WEB', 'X-requested-with': 'XMLHttpRequest', 'X-token': 'a1cad95a6d480c14f51dd0eba4914c8337b893c789ec6278bb440c7c9a673b162f042470c62684e6da2bd342ffea7777'})
[2025-06-05 08:30:20] Récupération des données de vote pour Joined Together (URL: joined-together1, HEADER:{'User-Agent': 'Mozilla/5.0 (X11; Linux i686; rv:39.0) Gecko/20100101 Firefox/39.0', 'x-api-version': '8', 'x-env': 'WEB', 'X-requested-with': 'XMLHttpRequest', 'X-token': 'a1cad95a6d480c14f51dd0eba4914c8337b893c789ec6278bb440c7c9a673b162f042470c62684e6da2bd342ffea7777'})
[2025-06-05 08:30:20] Récupération des données de vote pour Joined Together (URL: joined-together1, HEADER:{'User-Agent': 'Mozilla/5.0 (X11; Linux i686; rv:39.0) Gecko/20100101 Firefox/39.0', 'x-api-version': '8', 'x-env': 'WEB', 'X-requested-with': 'XMLHttpRequest', 'X-token': 'a1cad95a6d480c14f51dd0eba4914c8337b893c789ec6278bb440c7c9a673b162f042470c62684e6da2bd342ffea7777'})
[2025-06-05 08:30:20] Récupération des données de vote pour Joined Together (URL: joined-together1, HEADER:{'User-Agent': 'Mozilla/5.0 (X11; Linux i686; rv:39.0) Gecko/20100101 Firefox/39.0', 'x-api-version': '8', 'x-env': 'WEB', 'X-requested-with': 'XMLHttpRequest', 'X-token': 'a1cad95a6d480c14f51dd0eba4914c8337b893c789ec6278bb440c7c9a673b162f042470c62684e6da2bd342ffea7777'})
[2025-06-05 08:30:20] Récupération des données de vote pour Beautiful Eyes (URL: attractive-eyes, HEADER:{'User-Agent': 'Mozilla/5.0 (X11; Linux i686; rv:39.0) Gecko/20100101 Firefox/39.0', 'x-api-version': '8', 'x-env': 'WEB', 'X-requested-with': 'XMLHttpRequest', 'X-token': 'a1cad95a6d480c14f51dd0eba4914c8337b893c789ec6278bb440c7c9a673b162f042470c62684e6da2bd342ffea7777'})
[2025-06-05 08:30:20] Récupération des données de vote pour Beautiful Eyes (URL: attractive-eyes, HEADER:{'User-Agent': 'Mozilla/5.0 (X11; Linux i686; rv:39.0) Gecko/20100101 Firefox/39.0', 'x-api-version': '8', 'x-env': 'WEB', 'X-requested-with': 'XMLHttpRequest', 'X-token': 'a1cad95a6d480c14f51dd0eba4914c8337b893c789ec6278bb440c7c9a673b162f042470c62684e6da2bd342ffea7777'})
[2025-06-05 08:30:20] Récupération des données de vote pour Beautiful Eyes (URL: attractive-eyes, HEADER:{'User-Agent': 'Mozilla/5.0 (X11; Linux i686; rv:39.0) Gecko/20100101 Firefox/39.0', 'x-api-version': '8', 'x-env': 'WEB', 'X-requested-with': 'XMLHttpRequest', 'X-token': 'a1cad95a6d480c14f51dd0eba4914c8337b893c789ec6278bb440c7c9a673b162f042470c62684e6da2bd342ffea7777'})
[2025-06-05 08:30:20] Récupération des données de vote pour Beautiful Eyes (URL: attractive-eyes, HEADER:{'User-Agent': 'Mozilla/5.0 (X11; Linux i686; rv:39.0) Gecko/20100101 Firefox/39.0', 'x-api-version': '8', 'x-env': 'WEB', 'X-requested-with': 'XMLHttpRequest', 'X-token': 'a1cad95a6d480c14f51dd0eba4914c8337b893c789ec6278bb440c7c9a673b162f042470c62684e6da2bd342ffea7777'})
[2025-06-05 08:30:20] Récupération des données de vote pour Beautiful Eyes (URL: attractive-eyes, HEADER:{'User-Agent': 'Mozilla/5.0 (X11; Linux i686; rv:39.0) Gecko/20100101 Firefox/39.0', 'x-api-version': '8', 'x-env': 'WEB', 'X-requested-with': 'XMLHttpRequest', 'X-token': 'a1cad95a6d480c14f51dd0eba4914c8337b893c789ec6278bb440c7c9a673b162f042470c62684e6da2bd342ffea7777'})
[2025-06-05 08:30:20] Récupération des données de vote pour Beautiful Eyes (URL: attractive-eyes, HEADER:{'User-Agent': 'Mozilla/5.0 (X11; Linux i686; rv:39.0) Gecko/20100101 Firefox/39.0', 'x-api-version': '8', 'x-env': 'WEB', 'X-requested-with': 'XMLHttpRequest', 'X-token': 'a1cad95a6d480c14f51dd0eba4914c8337b893c789ec6278bb440c7c9a673b162f042470c62684e6da2bd342ffea7777'})
[2025-06-05 08:30:20] Récupération des données de vote pour Beautiful Eyes (URL: attractive-eyes, HEADER:{'User-Agent': 'Mozilla/5.0 (X11; Linux i686; rv:39.0) Gecko/20100101 Firefox/39.0', 'x-api-version': '8', 'x-env': 'WEB', 'X-requested-with': 'XMLHttpRequest', 'X-token': 'a1cad95a6d480c14f51dd0eba4914c8337b893c789ec6278bb440c7c9a673b162f042470c62684e6da2bd342ffea7777'})
[2025-06-05 08:30:20] Récupération des données de vote pour Beautiful Eyes (URL: attractive-eyes, HEADER:{'User-Agent': 'Mozilla/5.0 (X11; Linux i686; rv:39.0) Gecko/20100101 Firefox/39.0', 'x-api-version': '8', 'x-env': 'WEB', 'X-requested-with': 'XMLHttpRequest', 'X-token': 'a1cad95a6d480c14f51dd0eba4914c8337b893c789ec6278bb440c7c9a673b162f042470c62684e6da2bd342ffea7777'})
[2025-06-05 08:30:20] Récupération des données de vote pour Show me your World (URL: show-me-your-world27, HEADER:{'User-Agent': 'Mozilla/5.0 (X11; Linux i686; rv:39.0) Gecko/20100101 Firefox/39.0', 'x-api-version': '8', 'x-env': 'WEB', 'X-requested-with': 'XMLHttpRequest', 'X-token': 'a1cad95a6d480c14f51dd0eba4914c8337b893c789ec6278bb440c7c9a673b162f042470c62684e6da2bd342ffea7777'})
[2025-06-05 08:30:20] Récupération des données de vote pour Show me your World (URL: show-me-your-world27, HEADER:{'User-Agent': 'Mozilla/5.0 (X11; Linux i686; rv:39.0) Gecko/20100101 Firefox/39.0', 'x-api-version': '8', 'x-env': 'WEB', 'X-requested-with': 'XMLHttpRequest', 'X-token': 'a1cad95a6d480c14f51dd0eba4914c8337b893c789ec6278bb440c7c9a673b162f042470c62684e6da2bd342ffea7777'})
[2025-06-05 08:30:20] Récupération des données de vote pour Show me your World (URL: show-me-your-world27, HEADER:{'User-Agent': 'Mozilla/5.0 (X11; Linux i686; rv:39.0) Gecko/20100101 Firefox/39.0', 'x-api-version': '8', 'x-env': 'WEB', 'X-requested-with': 'XMLHttpRequest', 'X-token': 'a1cad95a6d480c14f51dd0eba4914c8337b893c789ec6278bb440c7c9a673b162f042470c62684e6da2bd342ffea7777'})
[2025-06-05 08:30:20] Récupération des données de vote pour Show me your World (URL: show-me-your-world27, HEADER:{'User-Agent': 'Mozilla/5.0 (X11; Linux i686; rv:39.0) Gecko/20100101 Firefox/39.0', 'x-api-version': '8', 'x-env': 'WEB', 'X-requested-with': 'XMLHttpRequest', 'X-token': 'a1cad95a6d480c14f51dd0eba4914c8337b893c789ec6278bb440c7c9a673b162f042470c62684e6da2bd342ffea7777'})
[2025-06-05 08:30:20] Récupération des données de vote pour Show me your World (URL: show-me-your-world27, HEADER:{'User-Agent': 'Mozilla/5.0 (X11; Linux i686; rv:39.0) Gecko/20100101 Firefox/39.0', 'x-api-version': '8', 'x-env': 'WEB', 'X-requested-with': 'XMLHttpRequest', 'X-token': 'a1cad95a6d480c14f51dd0eba4914c8337b893c789ec6278bb440c7c9a673b162f042470c62684e6da2bd342ffea7777'})
[2025-06-05 08:30:20] Récupération des données de vote pour Show me your World (URL: show-me-your-world27, HEADER:{'User-Agent': 'Mozilla/5.0 (X11; Linux i686; rv:39.0) Gecko/20100101 Firefox/39.0', 'x-api-version': '8', 'x-env': 'WEB', 'X-requested-with': 'XMLHttpRequest', 'X-token': 'a1cad95a6d480c14f51dd0eba4914c8337b893c789ec6278bb440c7c9a673b162f042470c62684e6da2bd342ffea7777'})
[2025-06-05 08:30:20] Récupération des données de vote pour Show me your World (URL: show-me-your-world27, HEADER:{'User-Agent': 'Mozilla/5.0 (X11; Linux i686; rv:39.0) Gecko/20100101 Firefox/39.0', 'x-api-version': '8', 'x-env': 'WEB', 'X-requested-with': 'XMLHttpRequest', 'X-token': 'a1cad95a6d480c14f51dd0eba4914c8337b893c789ec6278bb440c7c9a673b162f042470c62684e6da2bd342ffea7777'})
[2025-06-05 08:30:20] Récupération des données de vote pour Show me your World (URL: show-me-your-world27, HEADER:{'User-Agent': 'Mozilla/5.0 (X11; Linux i686; rv:39.0) Gecko/20100101 Firefox/39.0', 'x-api-version': '8', 'x-env': 'WEB', 'X-requested-with': 'XMLHttpRequest', 'X-token': 'a1cad95a6d480c14f51dd0eba4914c8337b893c789ec6278bb440c7c9a673b162f042470c62684e6da2bd342ffea7777'})
[2025-06-05 08:30:20] Récupération des données de vote pour Ultimate Exposure (URL: ultimate-exposure80, HEADER:{'User-Agent': 'Mozilla/5.0 (X11; Linux i686; rv:39.0) Gecko/20100101 Firefox/39.0', 'x-api-version': '8', 'x-env': 'WEB', 'X-requested-with': 'XMLHttpRequest', 'X-token': 'a1cad95a6d480c14f51dd0eba4914c8337b893c789ec6278bb440c7c9a673b162f042470c62684e6da2bd342ffea7777'})
[2025-06-05 08:30:20] Récupération des données de vote pour Ultimate Exposure (URL: ultimate-exposure80, HEADER:{'User-Agent': 'Mozilla/5.0 (X11; Linux i686; rv:39.0) Gecko/20100101 Firefox/39.0', 'x-api-version': '8', 'x-env': 'WEB', 'X-requested-with': 'XMLHttpRequest', 'X-token': 'a1cad95a6d480c14f51dd0eba4914c8337b893c789ec6278bb440c7c9a673b162f042470c62684e6da2bd342ffea7777'})
[2025-06-05 08:30:20] Récupération des données de vote pour Ultimate Exposure (URL: ultimate-exposure80, HEADER:{'User-Agent': 'Mozilla/5.0 (X11; Linux i686; rv:39.0) Gecko/20100101 Firefox/39.0', 'x-api-version': '8', 'x-env': 'WEB', 'X-requested-with': 'XMLHttpRequest', 'X-token': 'a1cad95a6d480c14f51dd0eba4914c8337b893c789ec6278bb440c7c9a673b162f042470c62684e6da2bd342ffea7777'})
[2025-06-05 08:30:20] Récupération des données de vote pour Ultimate Exposure (URL: ultimate-exposure80, HEADER:{'User-Agent': 'Mozilla/5.0 (X11; Linux i686; rv:39.0) Gecko/20100101 Firefox/39.0', 'x-api-version': '8', 'x-env': 'WEB', 'X-requested-with': 'XMLHttpRequest', 'X-token': 'a1cad95a6d480c14f51dd0eba4914c8337b893c789ec6278bb440c7c9a673b162f042470c62684e6da2bd342ffea7777'})
[2025-06-05 08:30:20] Récupération des données de vote pour Ultimate Exposure (URL: ultimate-exposure80, HEADER:{'User-Agent': 'Mozilla/5.0 (X11; Linux i686; rv:39.0) Gecko/20100101 Firefox/39.0', 'x-api-version': '8', 'x-env': 'WEB', 'X-requested-with': 'XMLHttpRequest', 'X-token': 'a1cad95a6d480c14f51dd0eba4914c8337b893c789ec6278bb440c7c9a673b162f042470c62684e6da2bd342ffea7777'})
[2025-06-05 08:30:20] Récupération des données de vote pour Ultimate Exposure (URL: ultimate-exposure80, HEADER:{'User-Agent': 'Mozilla/5.0 (X11; Linux i686; rv:39.0) Gecko/20100101 Firefox/39.0', 'x-api-version': '8', 'x-env': 'WEB', 'X-requested-with': 'XMLHttpRequest', 'X-token': 'a1cad95a6d480c14f51dd0eba4914c8337b893c789ec6278bb440c7c9a673b162f042470c62684e6da2bd342ffea7777'})
[2025-06-05 08:30:20] Récupération des données de vote pour Ultimate Exposure (URL: ultimate-exposure80, HEADER:{'User-Agent': 'Mozilla/5.0 (X11; Linux i686; rv:39.0) Gecko/20100101 Firefox/39.0', 'x-api-version': '8', 'x-env': 'WEB', 'X-requested-with': 'XMLHttpRequest', 'X-token': 'a1cad95a6d480c14f51dd0eba4914c8337b893c789ec6278bb440c7c9a673b162f042470c62684e6da2bd342ffea7777'})
[2025-06-05 08:30:20] Récupération des données de vote pour Ultimate Exposure (URL: ultimate-exposure80, HEADER:{'User-Agent': 'Mozilla/5.0 (X11; Linux i686; rv:39.0) Gecko/20100101 Firefox/39.0', 'x-api-version': '8', 'x-env': 'WEB', 'X-requested-with': 'XMLHttpRequest', 'X-token': 'a1cad95a6d480c14f51dd0eba4914c8337b893c789ec6278bb440c7c9a673b162f042470c62684e6da2bd342ffea7777'})
[2025-06-05 08:30:20] Récupération des données de vote pour Cactus & Succulent Plants (URL: cactus-succulent-plants, HEADER:{'User-Agent': 'Mozilla/5.0 (X11; Linux i686; rv:39.0) Gecko/20100101 Firefox/39.0', 'x-api-version': '8', 'x-env': 'WEB', 'X-requested-with': 'XMLHttpRequest', 'X-token': 'a1cad95a6d480c14f51dd0eba4914c8337b893c789ec6278bb440c7c9a673b162f042470c62684e6da2bd342ffea7777'})
[2025-06-05 08:30:20] Récupération des données de vote pour Cactus & Succulent Plants (URL: cactus-succulent-plants, HEADER:{'User-Agent': 'Mozilla/5.0 (X11; Linux i686; rv:39.0) Gecko/20100101 Firefox/39.0', 'x-api-version': '8', 'x-env': 'WEB', 'X-requested-with': 'XMLHttpRequest', 'X-token': 'a1cad95a6d480c14f51dd0eba4914c8337b893c789ec6278bb440c7c9a673b162f042470c62684e6da2bd342ffea7777'})
[2025-06-05 08:30:20] Récupération des données de vote pour Cactus & Succulent Plants (URL: cactus-succulent-plants, HEADER:{'User-Agent': 'Mozilla/5.0 (X11; Linux i686; rv:39.0) Gecko/20100101 Firefox/39.0', 'x-api-version': '8', 'x-env': 'WEB', 'X-requested-with': 'XMLHttpRequest', 'X-token': 'a1cad95a6d480c14f51dd0eba4914c8337b893c789ec6278bb440c7c9a673b162f042470c62684e6da2bd342ffea7777'})
[2025-06-05 08:30:20] Récupération des données de vote pour Cactus & Succulent Plants (URL: cactus-succulent-plants, HEADER:{'User-Agent': 'Mozilla/5.0 (X11; Linux i686; rv:39.0) Gecko/20100101 Firefox/39.0', 'x-api-version': '8', 'x-env': 'WEB', 'X-requested-with': 'XMLHttpRequest', 'X-token': 'a1cad95a6d480c14f51dd0eba4914c8337b893c789ec6278bb440c7c9a673b162f042470c62684e6da2bd342ffea7777'})
[2025-06-05 08:30:20] Récupération des données de vote pour Cactus & Succulent Plants (URL: cactus-succulent-plants, HEADER:{'User-Agent': 'Mozilla/5.0 (X11; Linux i686; rv:39.0) Gecko/20100101 Firefox/39.0', 'x-api-version': '8', 'x-env': 'WEB', 'X-requested-with': 'XMLHttpRequest', 'X-token': 'a1cad95a6d480c14f51dd0eba4914c8337b893c789ec6278bb440c7c9a673b162f042470c62684e6da2bd342ffea7777'})
[2025-06-05 08:30:20] Récupération des données de vote pour Cactus & Succulent Plants (URL: cactus-succulent-plants, HEADER:{'User-Agent': 'Mozilla/5.0 (X11; Linux i686; rv:39.0) Gecko/20100101 Firefox/39.0', 'x-api-version': '8', 'x-env': 'WEB', 'X-requested-with': 'XMLHttpRequest', 'X-token': 'a1cad95a6d480c14f51dd0eba4914c8337b893c789ec6278bb440c7c9a673b162f042470c62684e6da2bd342ffea7777'})
[2025-06-05 08:30:20] Récupération des données de vote pour Cactus & Succulent Plants (URL: cactus-succulent-plants, HEADER:{'User-Agent': 'Mozilla/5.0 (X11; Linux i686; rv:39.0) Gecko/20100101 Firefox/39.0', 'x-api-version': '8', 'x-env': 'WEB', 'X-requested-with': 'XMLHttpRequest', 'X-token': 'a1cad95a6d480c14f51dd0eba4914c8337b893c789ec6278bb440c7c9a673b162f042470c62684e6da2bd342ffea7777'})
[2025-06-05 08:30:20] Récupération des données de vote pour Cactus & Succulent Plants (URL: cactus-succulent-plants, HEADER:{'User-Agent': 'Mozilla/5.0 (X11; Linux i686; rv:39.0) Gecko/20100101 Firefox/39.0', 'x-api-version': '8', 'x-env': 'WEB', 'X-requested-with': 'XMLHttpRequest', 'X-token': 'a1cad95a6d480c14f51dd0eba4914c8337b893c789ec6278bb440c7c9a673b162f042470c62684e6da2bd342ffea7777'})
[2025-06-05 08:30:20] Récupération des données de vote pour Tell a Story (URL: tell-a-story40, HEADER:{'User-Agent': 'Mozilla/5.0 (X11; Linux i686; rv:39.0) Gecko/20100101 Firefox/39.0', 'x-api-version': '8', 'x-env': 'WEB', 'X-requested-with': 'XMLHttpRequest', 'X-token': 'a1cad95a6d480c14f51dd0eba4914c8337b893c789ec6278bb440c7c9a673b162f042470c62684e6da2bd342ffea7777'})
[2025-06-05 08:30:20] Récupération des données de vote pour Tell a Story (URL: tell-a-story40, HEADER:{'User-Agent': 'Mozilla/5.0 (X11; Linux i686; rv:39.0) Gecko/20100101 Firefox/39.0', 'x-api-version': '8', 'x-env': 'WEB', 'X-requested-with': 'XMLHttpRequest', 'X-token': 'a1cad95a6d480c14f51dd0eba4914c8337b893c789ec6278bb440c7c9a673b162f042470c62684e6da2bd342ffea7777'})
[2025-06-05 08:30:20] Récupération des données de vote pour Tell a Story (URL: tell-a-story40, HEADER:{'User-Agent': 'Mozilla/5.0 (X11; Linux i686; rv:39.0) Gecko/20100101 Firefox/39.0', 'x-api-version': '8', 'x-env': 'WEB', 'X-requested-with': 'XMLHttpRequest', 'X-token': 'a1cad95a6d480c14f51dd0eba4914c8337b893c789ec6278bb440c7c9a673b162f042470c62684e6da2bd342ffea7777'})
[2025-06-05 08:30:20] Récupération des données de vote pour Tell a Story (URL: tell-a-story40, HEADER:{'User-Agent': 'Mozilla/5.0 (X11; Linux i686; rv:39.0) Gecko/20100101 Firefox/39.0', 'x-api-version': '8', 'x-env': 'WEB', 'X-requested-with': 'XMLHttpRequest', 'X-token': 'a1cad95a6d480c14f51dd0eba4914c8337b893c789ec6278bb440c7c9a673b162f042470c62684e6da2bd342ffea7777'})
[2025-06-05 08:30:20] Récupération des données de vote pour Tell a Story (URL: tell-a-story40, HEADER:{'User-Agent': 'Mozilla/5.0 (X11; Linux i686; rv:39.0) Gecko/20100101 Firefox/39.0', 'x-api-version': '8', 'x-env': 'WEB', 'X-requested-with': 'XMLHttpRequest', 'X-token': 'a1cad95a6d480c14f51dd0eba4914c8337b893c789ec6278bb440c7c9a673b162f042470c62684e6da2bd342ffea7777'})
[2025-06-05 08:30:20] Récupération des données de vote pour Tell a Story (URL: tell-a-story40, HEADER:{'User-Agent': 'Mozilla/5.0 (X11; Linux i686; rv:39.0) Gecko/20100101 Firefox/39.0', 'x-api-version': '8', 'x-env': 'WEB', 'X-requested-with': 'XMLHttpRequest', 'X-token': 'a1cad95a6d480c14f51dd0eba4914c8337b893c789ec6278bb440c7c9a673b162f042470c62684e6da2bd342ffea7777'})
[2025-06-05 08:30:20] Récupération des données de vote pour Tell a Story (URL: tell-a-story40, HEADER:{'User-Agent': 'Mozilla/5.0 (X11; Linux i686; rv:39.0) Gecko/20100101 Firefox/39.0', 'x-api-version': '8', 'x-env': 'WEB', 'X-requested-with': 'XMLHttpRequest', 'X-token': 'a1cad95a6d480c14f51dd0eba4914c8337b893c789ec6278bb440c7c9a673b162f042470c62684e6da2bd342ffea7777'})
[2025-06-05 08:30:20] Récupération des données de vote pour Tell a Story (URL: tell-a-story40, HEADER:{'User-Agent': 'Mozilla/5.0 (X11; Linux i686; rv:39.0) Gecko/20100101 Firefox/39.0', 'x-api-version': '8', 'x-env': 'WEB', 'X-requested-with': 'XMLHttpRequest', 'X-token': 'a1cad95a6d480c14f51dd0eba4914c8337b893c789ec6278bb440c7c9a673b162f042470c62684e6da2bd342ffea7777'})
[2025-06-05 08:30:20] Récupération des données de vote pour Gone Walking (URL: gone-walking, HEADER:{'User-Agent': 'Mozilla/5.0 (X11; Linux i686; rv:39.0) Gecko/20100101 Firefox/39.0', 'x-api-version': '8', 'x-env': 'WEB', 'X-requested-with': 'XMLHttpRequest', 'X-token': 'a1cad95a6d480c14f51dd0eba4914c8337b893c789ec6278bb440c7c9a673b162f042470c62684e6da2bd342ffea7777'})
[2025-06-05 08:30:20] Récupération des données de vote pour Gone Walking (URL: gone-walking, HEADER:{'User-Agent': 'Mozilla/5.0 (X11; Linux i686; rv:39.0) Gecko/20100101 Firefox/39.0', 'x-api-version': '8', 'x-env': 'WEB', 'X-requested-with': 'XMLHttpRequest', 'X-token': 'a1cad95a6d480c14f51dd0eba4914c8337b893c789ec6278bb440c7c9a673b162f042470c62684e6da2bd342ffea7777'})
[2025-06-05 08:30:20] Récupération des données de vote pour Gone Walking (URL: gone-walking, HEADER:{'User-Agent': 'Mozilla/5.0 (X11; Linux i686; rv:39.0) Gecko/20100101 Firefox/39.0', 'x-api-version': '8', 'x-env': 'WEB', 'X-requested-with': 'XMLHttpRequest', 'X-token': 'a1cad95a6d480c14f51dd0eba4914c8337b893c789ec6278bb440c7c9a673b162f042470c62684e6da2bd342ffea7777'})
[2025-06-05 08:30:20] Récupération des données de vote pour Gone Walking (URL: gone-walking, HEADER:{'User-Agent': 'Mozilla/5.0 (X11; Linux i686; rv:39.0) Gecko/20100101 Firefox/39.0', 'x-api-version': '8', 'x-env': 'WEB', 'X-requested-with': 'XMLHttpRequest', 'X-token': 'a1cad95a6d480c14f51dd0eba4914c8337b893c789ec6278bb440c7c9a673b162f042470c62684e6da2bd342ffea7777'})
[2025-06-05 08:30:20] Récupération des données de vote pour Gone Walking (URL: gone-walking, HEADER:{'User-Agent': 'Mozilla/5.0 (X11; Linux i686; rv:39.0) Gecko/20100101 Firefox/39.0', 'x-api-version': '8', 'x-env': 'WEB', 'X-requested-with': 'XMLHttpRequest', 'X-token': 'a1cad95a6d480c14f51dd0eba4914c8337b893c789ec6278bb440c7c9a673b162f042470c62684e6da2bd342ffea7777'})
[2025-06-05 08:30:20] Récupération des données de vote pour Gone Walking (URL: gone-walking, HEADER:{'User-Agent': 'Mozilla/5.0 (X11; Linux i686; rv:39.0) Gecko/20100101 Firefox/39.0', 'x-api-version': '8', 'x-env': 'WEB', 'X-requested-with': 'XMLHttpRequest', 'X-token': 'a1cad95a6d480c14f51dd0eba4914c8337b893c789ec6278bb440c7c9a673b162f042470c62684e6da2bd342ffea7777'})
[2025-06-05 08:30:20] Récupération des données de vote pour Gone Walking (URL: gone-walking, HEADER:{'User-Agent': 'Mozilla/5.0 (X11; Linux i686; rv:39.0) Gecko/20100101 Firefox/39.0', 'x-api-version': '8', 'x-env': 'WEB', 'X-requested-with': 'XMLHttpRequest', 'X-token': 'a1cad95a6d480c14f51dd0eba4914c8337b893c789ec6278bb440c7c9a673b162f042470c62684e6da2bd342ffea7777'})
[2025-06-05 08:30:20] Récupération des données de vote pour Gone Walking (URL: gone-walking, HEADER:{'User-Agent': 'Mozilla/5.0 (X11; Linux i686; rv:39.0) Gecko/20100101 Firefox/39.0', 'x-api-version': '8', 'x-env': 'WEB', 'X-requested-with': 'XMLHttpRequest', 'X-token': 'a1cad95a6d480c14f51dd0eba4914c8337b893c789ec6278bb440c7c9a673b162f042470c62684e6da2bd342ffea7777'})
[2025-06-05 08:30:20] Récupération des données de vote pour Great Mistakes (URL: great-mistakes, HEADER:{'User-Agent': 'Mozilla/5.0 (X11; Linux i686; rv:39.0) Gecko/20100101 Firefox/39.0', 'x-api-version': '8', 'x-env': 'WEB', 'X-requested-with': 'XMLHttpRequest', 'X-token': 'a1cad95a6d480c14f51dd0eba4914c8337b893c789ec6278bb440c7c9a673b162f042470c62684e6da2bd342ffea7777'})
[2025-06-05 08:30:20] Récupération des données de vote pour Great Mistakes (URL: great-mistakes, HEADER:{'User-Agent': 'Mozilla/5.0 (X11; Linux i686; rv:39.0) Gecko/20100101 Firefox/39.0', 'x-api-version': '8', 'x-env': 'WEB', 'X-requested-with': 'XMLHttpRequest', 'X-token': 'a1cad95a6d480c14f51dd0eba4914c8337b893c789ec6278bb440c7c9a673b162f042470c62684e6da2bd342ffea7777'})
[2025-06-05 08:30:20] Récupération des données de vote pour Great Mistakes (URL: great-mistakes, HEADER:{'User-Agent': 'Mozilla/5.0 (X11; Linux i686; rv:39.0) Gecko/20100101 Firefox/39.0', 'x-api-version': '8', 'x-env': 'WEB', 'X-requested-with': 'XMLHttpRequest', 'X-token': 'a1cad95a6d480c14f51dd0eba4914c8337b893c789ec6278bb440c7c9a673b162f042470c62684e6da2bd342ffea7777'})
[2025-06-05 08:30:20] Récupération des données de vote pour Great Mistakes (URL: great-mistakes, HEADER:{'User-Agent': 'Mozilla/5.0 (X11; Linux i686; rv:39.0) Gecko/20100101 Firefox/39.0', 'x-api-version': '8', 'x-env': 'WEB', 'X-requested-with': 'XMLHttpRequest', 'X-token': 'a1cad95a6d480c14f51dd0eba4914c8337b893c789ec6278bb440c7c9a673b162f042470c62684e6da2bd342ffea7777'})
[2025-06-05 08:30:20] Récupération des données de vote pour Great Mistakes (URL: great-mistakes, HEADER:{'User-Agent': 'Mozilla/5.0 (X11; Linux i686; rv:39.0) Gecko/20100101 Firefox/39.0', 'x-api-version': '8', 'x-env': 'WEB', 'X-requested-with': 'XMLHttpRequest', 'X-token': 'a1cad95a6d480c14f51dd0eba4914c8337b893c789ec6278bb440c7c9a673b162f042470c62684e6da2bd342ffea7777'})
[2025-06-05 08:30:20] Récupération des données de vote pour Great Mistakes (URL: great-mistakes, HEADER:{'User-Agent': 'Mozilla/5.0 (X11; Linux i686; rv:39.0) Gecko/20100101 Firefox/39.0', 'x-api-version': '8', 'x-env': 'WEB', 'X-requested-with': 'XMLHttpRequest', 'X-token': 'a1cad95a6d480c14f51dd0eba4914c8337b893c789ec6278bb440c7c9a673b162f042470c62684e6da2bd342ffea7777'})
[2025-06-05 08:30:20] Récupération des données de vote pour Great Mistakes (URL: great-mistakes, HEADER:{'User-Agent': 'Mozilla/5.0 (X11; Linux i686; rv:39.0) Gecko/20100101 Firefox/39.0', 'x-api-version': '8', 'x-env': 'WEB', 'X-requested-with': 'XMLHttpRequest', 'X-token': 'a1cad95a6d480c14f51dd0eba4914c8337b893c789ec6278bb440c7c9a673b162f042470c62684e6da2bd342ffea7777'})
[2025-06-05 08:30:20] Récupération des données de vote pour Great Mistakes (URL: great-mistakes, HEADER:{'User-Agent': 'Mozilla/5.0 (X11; Linux i686; rv:39.0) Gecko/20100101 Firefox/39.0', 'x-api-version': '8', 'x-env': 'WEB', 'X-requested-with': 'XMLHttpRequest', 'X-token': 'a1cad95a6d480c14f51dd0eba4914c8337b893c789ec6278bb440c7c9a673b162f042470c62684e6da2bd342ffea7777'})
[2025-06-05 08:30:20] Récupération des données de vote pour Dramatic Lighting (URL: dramatic-lighting11, HEADER:{'User-Agent': 'Mozilla/5.0 (X11; Linux i686; rv:39.0) Gecko/20100101 Firefox/39.0', 'x-api-version': '8', 'x-env': 'WEB', 'X-requested-with': 'XMLHttpRequest', 'X-token': 'a1cad95a6d480c14f51dd0eba4914c8337b893c789ec6278bb440c7c9a673b162f042470c62684e6da2bd342ffea7777'})
[2025-06-05 08:30:20] Récupération des données de vote pour Dramatic Lighting (URL: dramatic-lighting11, HEADER:{'User-Agent': 'Mozilla/5.0 (X11; Linux i686; rv:39.0) Gecko/20100101 Firefox/39.0', 'x-api-version': '8', 'x-env': 'WEB', 'X-requested-with': 'XMLHttpRequest', 'X-token': 'a1cad95a6d480c14f51dd0eba4914c8337b893c789ec6278bb440c7c9a673b162f042470c62684e6da2bd342ffea7777'})
[2025-06-05 08:30:20] Récupération des données de vote pour Dramatic Lighting (URL: dramatic-lighting11, HEADER:{'User-Agent': 'Mozilla/5.0 (X11; Linux i686; rv:39.0) Gecko/20100101 Firefox/39.0', 'x-api-version': '8', 'x-env': 'WEB', 'X-requested-with': 'XMLHttpRequest', 'X-token': 'a1cad95a6d480c14f51dd0eba4914c8337b893c789ec6278bb440c7c9a673b162f042470c62684e6da2bd342ffea7777'})
[2025-06-05 08:30:20] Récupération des données de vote pour Dramatic Lighting (URL: dramatic-lighting11, HEADER:{'User-Agent': 'Mozilla/5.0 (X11; Linux i686; rv:39.0) Gecko/20100101 Firefox/39.0', 'x-api-version': '8', 'x-env': 'WEB', 'X-requested-with': 'XMLHttpRequest', 'X-token': 'a1cad95a6d480c14f51dd0eba4914c8337b893c789ec6278bb440c7c9a673b162f042470c62684e6da2bd342ffea7777'})
[2025-06-05 08:30:20] Récupération des données de vote pour Dramatic Lighting (URL: dramatic-lighting11, HEADER:{'User-Agent': 'Mozilla/5.0 (X11; Linux i686; rv:39.0) Gecko/20100101 Firefox/39.0', 'x-api-version': '8', 'x-env': 'WEB', 'X-requested-with': 'XMLHttpRequest', 'X-token': 'a1cad95a6d480c14f51dd0eba4914c8337b893c789ec6278bb440c7c9a673b162f042470c62684e6da2bd342ffea7777'})
[2025-06-05 08:30:20] Récupération des données de vote pour Dramatic Lighting (URL: dramatic-lighting11, HEADER:{'User-Agent': 'Mozilla/5.0 (X11; Linux i686; rv:39.0) Gecko/20100101 Firefox/39.0', 'x-api-version': '8', 'x-env': 'WEB', 'X-requested-with': 'XMLHttpRequest', 'X-token': 'a1cad95a6d480c14f51dd0eba4914c8337b893c789ec6278bb440c7c9a673b162f042470c62684e6da2bd342ffea7777'})
[2025-06-05 08:30:20] Récupération des données de vote pour Dramatic Lighting (URL: dramatic-lighting11, HEADER:{'User-Agent': 'Mozilla/5.0 (X11; Linux i686; rv:39.0) Gecko/20100101 Firefox/39.0', 'x-api-version': '8', 'x-env': 'WEB', 'X-requested-with': 'XMLHttpRequest', 'X-token': 'a1cad95a6d480c14f51dd0eba4914c8337b893c789ec6278bb440c7c9a673b162f042470c62684e6da2bd342ffea7777'})
[2025-06-05 08:30:20] Récupération des données de vote pour Dramatic Lighting (URL: dramatic-lighting11, HEADER:{'User-Agent': 'Mozilla/5.0 (X11; Linux i686; rv:39.0) Gecko/20100101 Firefox/39.0', 'x-api-version': '8', 'x-env': 'WEB', 'X-requested-with': 'XMLHttpRequest', 'X-token': 'a1cad95a6d480c14f51dd0eba4914c8337b893c789ec6278bb440c7c9a673b162f042470c62684e6da2bd342ffea7777'})
[2025-06-05 08:30:20] Récupération des données de vote pour Photo of the Week! (URL: photo-of-the-week-299, HEADER:{'User-Agent': 'Mozilla/5.0 (X11; Linux i686; rv:39.0) Gecko/20100101 Firefox/39.0', 'x-api-version': '8', 'x-env': 'WEB', 'X-requested-with': 'XMLHttpRequest', 'X-token': 'a1cad95a6d480c14f51dd0eba4914c8337b893c789ec6278bb440c7c9a673b162f042470c62684e6da2bd342ffea7777'})
[2025-06-05 08:30:20] Récupération des données de vote pour Photo of the Week! (URL: photo-of-the-week-299, HEADER:{'User-Agent': 'Mozilla/5.0 (X11; Linux i686; rv:39.0) Gecko/20100101 Firefox/39.0', 'x-api-version': '8', 'x-env': 'WEB', 'X-requested-with': 'XMLHttpRequest', 'X-token': 'a1cad95a6d480c14f51dd0eba4914c8337b893c789ec6278bb440c7c9a673b162f042470c62684e6da2bd342ffea7777'})
[2025-06-05 08:30:20] Récupération des données de vote pour Photo of the Week! (URL: photo-of-the-week-299, HEADER:{'User-Agent': 'Mozilla/5.0 (X11; Linux i686; rv:39.0) Gecko/20100101 Firefox/39.0', 'x-api-version': '8', 'x-env': 'WEB', 'X-requested-with': 'XMLHttpRequest', 'X-token': 'a1cad95a6d480c14f51dd0eba4914c8337b893c789ec6278bb440c7c9a673b162f042470c62684e6da2bd342ffea7777'})
[2025-06-05 08:30:20] Récupération des données de vote pour Photo of the Week! (URL: photo-of-the-week-299, HEADER:{'User-Agent': 'Mozilla/5.0 (X11; Linux i686; rv:39.0) Gecko/20100101 Firefox/39.0', 'x-api-version': '8', 'x-env': 'WEB', 'X-requested-with': 'XMLHttpRequest', 'X-token': 'a1cad95a6d480c14f51dd0eba4914c8337b893c789ec6278bb440c7c9a673b162f042470c62684e6da2bd342ffea7777'})
[2025-06-05 08:30:20] Récupération des données de vote pour Photo of the Week! (URL: photo-of-the-week-299, HEADER:{'User-Agent': 'Mozilla/5.0 (X11; Linux i686; rv:39.0) Gecko/20100101 Firefox/39.0', 'x-api-version': '8', 'x-env': 'WEB', 'X-requested-with': 'XMLHttpRequest', 'X-token': 'a1cad95a6d480c14f51dd0eba4914c8337b893c789ec6278bb440c7c9a673b162f042470c62684e6da2bd342ffea7777'})
[2025-06-05 08:30:20] Récupération des données de vote pour Photo of the Week! (URL: photo-of-the-week-299, HEADER:{'User-Agent': 'Mozilla/5.0 (X11; Linux i686; rv:39.0) Gecko/20100101 Firefox/39.0', 'x-api-version': '8', 'x-env': 'WEB', 'X-requested-with': 'XMLHttpRequest', 'X-token': 'a1cad95a6d480c14f51dd0eba4914c8337b893c789ec6278bb440c7c9a673b162f042470c62684e6da2bd342ffea7777'})
[2025-06-05 08:30:20] Récupération des données de vote pour Photo of the Week! (URL: photo-of-the-week-299, HEADER:{'User-Agent': 'Mozilla/5.0 (X11; Linux i686; rv:39.0) Gecko/20100101 Firefox/39.0', 'x-api-version': '8', 'x-env': 'WEB', 'X-requested-with': 'XMLHttpRequest', 'X-token': 'a1cad95a6d480c14f51dd0eba4914c8337b893c789ec6278bb440c7c9a673b162f042470c62684e6da2bd342ffea7777'})
[2025-06-05 08:30:20] Récupération des données de vote pour Photo of the Week! (URL: photo-of-the-week-299, HEADER:{'User-Agent': 'Mozilla/5.0 (X11; Linux i686; rv:39.0) Gecko/20100101 Firefox/39.0', 'x-api-version': '8', 'x-env': 'WEB', 'X-requested-with': 'XMLHttpRequest', 'X-token': 'a1cad95a6d480c14f51dd0eba4914c8337b893c789ec6278bb440c7c9a673b162f042470c62684e6da2bd342ffea7777'})
[2025-06-05 08:30:20] Récupération des données de vote pour Photo of the Day (URL: photo-of-the-day75, HEADER:{'User-Agent': 'Mozilla/5.0 (X11; Linux i686; rv:39.0) Gecko/20100101 Firefox/39.0', 'x-api-version': '8', 'x-env': 'WEB', 'X-requested-with': 'XMLHttpRequest', 'X-token': 'a1cad95a6d480c14f51dd0eba4914c8337b893c789ec6278bb440c7c9a673b162f042470c62684e6da2bd342ffea7777'})
[2025-06-05 08:30:20] Récupération des données de vote pour Photo of the Day (URL: photo-of-the-day75, HEADER:{'User-Agent': 'Mozilla/5.0 (X11; Linux i686; rv:39.0) Gecko/20100101 Firefox/39.0', 'x-api-version': '8', 'x-env': 'WEB', 'X-requested-with': 'XMLHttpRequest', 'X-token': 'a1cad95a6d480c14f51dd0eba4914c8337b893c789ec6278bb440c7c9a673b162f042470c62684e6da2bd342ffea7777'})
[2025-06-05 08:30:20] Récupération des données de vote pour Photo of the Day (URL: photo-of-the-day75, HEADER:{'User-Agent': 'Mozilla/5.0 (X11; Linux i686; rv:39.0) Gecko/20100101 Firefox/39.0', 'x-api-version': '8', 'x-env': 'WEB', 'X-requested-with': 'XMLHttpRequest', 'X-token': 'a1cad95a6d480c14f51dd0eba4914c8337b893c789ec6278bb440c7c9a673b162f042470c62684e6da2bd342ffea7777'})
[2025-06-05 08:30:20] Récupération des données de vote pour Photo of the Day (URL: photo-of-the-day75, HEADER:{'User-Agent': 'Mozilla/5.0 (X11; Linux i686; rv:39.0) Gecko/20100101 Firefox/39.0', 'x-api-version': '8', 'x-env': 'WEB', 'X-requested-with': 'XMLHttpRequest', 'X-token': 'a1cad95a6d480c14f51dd0eba4914c8337b893c789ec6278bb440c7c9a673b162f042470c62684e6da2bd342ffea7777'})
[2025-06-05 08:30:20] Récupération des données de vote pour Photo of the Day (URL: photo-of-the-day75, HEADER:{'User-Agent': 'Mozilla/5.0 (X11; Linux i686; rv:39.0) Gecko/20100101 Firefox/39.0', 'x-api-version': '8', 'x-env': 'WEB', 'X-requested-with': 'XMLHttpRequest', 'X-token': 'a1cad95a6d480c14f51dd0eba4914c8337b893c789ec6278bb440c7c9a673b162f042470c62684e6da2bd342ffea7777'})
[2025-06-05 08:30:20] Récupération des données de vote pour Photo of the Day (URL: photo-of-the-day75, HEADER:{'User-Agent': 'Mozilla/5.0 (X11; Linux i686; rv:39.0) Gecko/20100101 Firefox/39.0', 'x-api-version': '8', 'x-env': 'WEB', 'X-requested-with': 'XMLHttpRequest', 'X-token': 'a1cad95a6d480c14f51dd0eba4914c8337b893c789ec6278bb440c7c9a673b162f042470c62684e6da2bd342ffea7777'})
[2025-06-05 08:30:20] Récupération des données de vote pour Photo of the Day (URL: photo-of-the-day75, HEADER:{'User-Agent': 'Mozilla/5.0 (X11; Linux i686; rv:39.0) Gecko/20100101 Firefox/39.0', 'x-api-version': '8', 'x-env': 'WEB', 'X-requested-with': 'XMLHttpRequest', 'X-token': 'a1cad95a6d480c14f51dd0eba4914c8337b893c789ec6278bb440c7c9a673b162f042470c62684e6da2bd342ffea7777'})
[2025-06-05 08:30:20] Récupération des données de vote pour Photo of the Day (URL: photo-of-the-day75, HEADER:{'User-Agent': 'Mozilla/5.0 (X11; Linux i686; rv:39.0) Gecko/20100101 Firefox/39.0', 'x-api-version': '8', 'x-env': 'WEB', 'X-requested-with': 'XMLHttpRequest', 'X-token': 'a1cad95a6d480c14f51dd0eba4914c8337b893c789ec6278bb440c7c9a673b162f042470c62684e6da2bd342ffea7777'})
[2025-06-05 08:30:21] Erreur HTTP 403: <html>
<head><title>403 Forbidden</title></head>
<body>
<center><h1>403 Forbidden</h1></center>
...
[2025-06-05 08:30:21] Voting fetching ...
[2025-06-05 08:30:21] Erreur lors de la récupération des données de vote: {'success': False, 'message': 'HTTP 403: <html>\r\n<head><title>403 Forbidden</title></head>\r\n<body>\r\n<center><h1>403 Forbidden</h1></center>\r\n</body>\r\n</html>\r\n', 'challenge': {'close_time': 0}}
[2025-06-05 08:30:21] Erreur HTTP 403: <html>
<head><title>403 Forbidden</title></head>
<body>
<center><h1>403 Forbidden</h1></center>
...
[2025-06-05 08:30:21] Voting fetching ...
[2025-06-05 08:30:21] Erreur lors de la récupération des données de vote: {'success': False, 'message': 'HTTP 403: <html>\r\n<head><title>403 Forbidden</title></head>\r\n<body>\r\n<center><h1>403 Forbidden</h1></center>\r\n</body>\r\n</html>\r\n', 'challenge': {'close_time': 0}}
[2025-06-05 08:30:21] Erreur HTTP 403: <html>
<head><title>403 Forbidden</title></head>
<body>
<center><h1>403 Forbidden</h1></center>
...
[2025-06-05 08:30:21] Voting fetching ...
[2025-06-05 08:30:21] Erreur lors de la récupération des données de vote: {'success': False, 'message': 'HTTP 403: <html>\r\n<head><title>403 Forbidden</title></head>\r\n<body>\r\n<center><h1>403 Forbidden</h1></center>\r\n</body>\r\n</html>\r\n', 'challenge': {'close_time': 0}}
[2025-06-05 08:30:21] Erreur HTTP 403: <html>
<head><title>403 Forbidden</title></head>
<body>
<center><h1>403 Forbidden</h1></center>
...
[2025-06-05 08:30:21] Voting fetching ...
[2025-06-05 08:30:21] Erreur lors de la récupération des données de vote: {'success': False, 'message': 'HTTP 403: <html>\r\n<head><title>403 Forbidden</title></head>\r\n<body>\r\n<center><h1>403 Forbidden</h1></center>\r\n</body>\r\n</html>\r\n', 'challenge': {'close_time': 0}}
[2025-06-05 08:30:21] Erreur HTTP 403: <html>
<head><title>403 Forbidden</title></head>
<body>
<center><h1>403 Forbidden</h1></center>
...
[2025-06-05 08:30:21] Voting fetching ...
[2025-06-05 08:30:21] Erreur lors de la récupération des données de vote: {'success': False, 'message': 'HTTP 403: <html>\r\n<head><title>403 Forbidden</title></head>\r\n<body>\r\n<center><h1>403 Forbidden</h1></center>\r\n</body>\r\n</html>\r\n', 'challenge': {'close_time': 0}}
[2025-06-05 08:30:21] Erreur HTTP 403: <html>
<head><title>403 Forbidden</title></head>
<body>
<center><h1>403 Forbidden</h1></center>
...
[2025-06-05 08:30:21] Voting fetching ...
[2025-06-05 08:30:21] Erreur lors de la récupération des données de vote: {'success': False, 'message': 'HTTP 403: <html>\r\n<head><title>403 Forbidden</title></head>\r\n<body>\r\n<center><h1>403 Forbidden</h1></center>\r\n</body>\r\n</html>\r\n', 'challenge': {'close_time': 0}}
[2025-06-05 08:30:21] Erreur HTTP 403: <html>
<head><title>403 Forbidden</title></head>
<body>
<center><h1>403 Forbidden</h1></center>
...
[2025-06-05 08:30:21] Voting fetching ...
[2025-06-05 08:30:21] Erreur lors de la récupération des données de vote: {'success': False, 'message': 'HTTP 403: <html>\r\n<head><title>403 Forbidden</title></head>\r\n<body>\r\n<center><h1>403 Forbidden</h1></center>\r\n</body>\r\n</html>\r\n', 'challenge': {'close_time': 0}}
[2025-06-05 08:30:21] Erreur HTTP 403: <html>
<head><title>403 Forbidden</title></head>
<body>
<center><h1>403 Forbidden</h1></center>
...
[2025-06-05 08:30:21] Voting fetching ...
[2025-06-05 08:30:21] Erreur lors de la récupération des données de vote: {'success': False, 'message': 'HTTP 403: <html>\r\n<head><title>403 Forbidden</title></head>\r\n<body>\r\n<center><h1>403 Forbidden</h1></center>\r\n</body>\r\n</html>\r\n', 'challenge': {'close_time': 0}}
[2025-06-05 08:30:21] Erreur HTTP 403: <html>
<head><title>403 Forbidden</title></head>
<body>
<center><h1>403 Forbidden</h1></center>
...
[2025-06-05 08:30:21] Voting fetching ...
[2025-06-05 08:30:21] Erreur lors de la récupération des données de vote: {'success': False, 'message': 'HTTP 403: <html>\r\n<head><title>403 Forbidden</title></head>\r\n<body>\r\n<center><h1>403 Forbidden</h1></center>\r\n</body>\r\n</html>\r\n', 'challenge': {'close_time': 0}}
[2025-06-05 08:30:21] Erreur HTTP 403: <html>
<head><title>403 Forbidden</title></head>
<body>
<center><h1>403 Forbidden</h1></center>
...
[2025-06-05 08:30:21] Voting fetching ...
[2025-06-05 08:30:21] Erreur lors de la récupération des données de vote: {'success': False, 'message': 'HTTP 403: <html>\r\n<head><title>403 Forbidden</title></head>\r\n<body>\r\n<center><h1>403 Forbidden</h1></center>\r\n</body>\r\n</html>\r\n', 'challenge': {'close_time': 0}}
[2025-06-05 08:30:21] Erreur HTTP 403: <html>
<head><title>403 Forbidden</title></head>
<body>
<center><h1>403 Forbidden</h1></center>
...
[2025-06-05 08:30:21] Voting fetching ...
[2025-06-05 08:30:21] Erreur lors de la récupération des données de vote: {'success': False, 'message': 'HTTP 403: <html>\r\n<head><title>403 Forbidden</title></head>\r\n<body>\r\n<center><h1>403 Forbidden</h1></center>\r\n</body>\r\n</html>\r\n', 'challenge': {'close_time': 0}}
[2025-06-05 08:30:21] Erreur HTTP 403: <html>
<head><title>403 Forbidden</title></head>
<body>
<center><h1>403 Forbidden</h1></center>
...
[2025-06-05 08:30:21] Voting fetching ...
[2025-06-05 08:30:21] Erreur lors de la récupération des données de vote: {'success': False, 'message': 'HTTP 403: <html>\r\n<head><title>403 Forbidden</title></head>\r\n<body>\r\n<center><h1>403 Forbidden</h1></center>\r\n</body>\r\n</html>\r\n', 'challenge': {'close_time': 0}}
[2025-06-05 08:30:21] Erreur HTTP 403: <html>
<head><title>403 Forbidden</title></head>
<body>
<center><h1>403 Forbidden</h1></center>
...
[2025-06-05 08:30:21] Voting fetching ...
[2025-06-05 08:30:21] Erreur lors de la récupération des données de vote: {'success': False, 'message': 'HTTP 403: <html>\r\n<head><title>403 Forbidden</title></head>\r\n<body>\r\n<center><h1>403 Forbidden</h1></center>\r\n</body>\r\n</html>\r\n', 'challenge': {'close_time': 0}}
[2025-06-05 08:30:21] Erreur HTTP 403: <html>
<head><title>403 Forbidden</title></head>
<body>
<center><h1>403 Forbidden</h1></center>
...
[2025-06-05 08:30:21] Voting fetching ...
[2025-06-05 08:30:21] Erreur lors de la récupération des données de vote: {'success': False, 'message': 'HTTP 403: <html>\r\n<head><title>403 Forbidden</title></head>\r\n<body>\r\n<center><h1>403 Forbidden</h1></center>\r\n</body>\r\n</html>\r\n', 'challenge': {'close_time': 0}}
[2025-06-05 08:30:21] Erreur HTTP 403: <html>
<head><title>403 Forbidden</title></head>
<body>
<center><h1>403 Forbidden</h1></center>
...
[2025-06-05 08:30:21] Voting fetching ...
[2025-06-05 08:30:21] Erreur lors de la récupération des données de vote: {'success': False, 'message': 'HTTP 403: <html>\r\n<head><title>403 Forbidden</title></head>\r\n<body>\r\n<center><h1>403 Forbidden</h1></center>\r\n</body>\r\n</html>\r\n', 'challenge': {'close_time': 0}}
[2025-06-05 08:30:21] Erreur HTTP 403: <html>
<head><title>403 Forbidden</title></head>
<body>
<center><h1>403 Forbidden</h1></center>
...
[2025-06-05 08:30:21] Voting fetching ...
[2025-06-05 08:30:21] Erreur lors de la récupération des données de vote: {'success': False, 'message': 'HTTP 403: <html>\r\n<head><title>403 Forbidden</title></head>\r\n<body>\r\n<center><h1>403 Forbidden</h1></center>\r\n</body>\r\n</html>\r\n', 'challenge': {'close_time': 0}}
[2025-06-05 08:30:21] Erreur HTTP 403: <html>
<head><title>403 Forbidden</title></head>
<body>
<center><h1>403 Forbidden</h1></center>
...
[2025-06-05 08:30:21] Voting fetching ...
[2025-06-05 08:30:21] Erreur lors de la récupération des données de vote: {'success': False, 'message': 'HTTP 403: <html>\r\n<head><title>403 Forbidden</title></head>\r\n<body>\r\n<center><h1>403 Forbidden</h1></center>\r\n</body>\r\n</html>\r\n', 'challenge': {'close_time': 0}}
[2025-06-05 08:30:21] Erreur HTTP 403: <html>
<head><title>403 Forbidden</title></head>
<body>
<center><h1>403 Forbidden</h1></center>
...
[2025-06-05 08:30:21] Voting fetching ...
[2025-06-05 08:30:21] Erreur lors de la récupération des données de vote: {'success': False, 'message': 'HTTP 403: <html>\r\n<head><title>403 Forbidden</title></head>\r\n<body>\r\n<center><h1>403 Forbidden</h1></center>\r\n</body>\r\n</html>\r\n', 'challenge': {'close_time': 0}}
[2025-06-05 08:30:21] Erreur HTTP 403: <html>
<head><title>403 Forbidden</title></head>
<body>
<center><h1>403 Forbidden</h1></center>
...
[2025-06-05 08:30:21] Voting fetching ...
[2025-06-05 08:30:21] Erreur lors de la récupération des données de vote: {'success': False, 'message': 'HTTP 403: <html>\r\n<head><title>403 Forbidden</title></head>\r\n<body>\r\n<center><h1>403 Forbidden</h1></center>\r\n</body>\r\n</html>\r\n', 'challenge': {'close_time': 0}}
[2025-06-05 08:30:21] Erreur HTTP 403: <html>
<head><title>403 Forbidden</title></head>
<body>
<center><h1>403 Forbidden</h1></center>
...
[2025-06-05 08:30:21] Voting fetching ...
[2025-06-05 08:30:21] Erreur lors de la récupération des données de vote: {'success': False, 'message': 'HTTP 403: <html>\r\n<head><title>403 Forbidden</title></head>\r\n<body>\r\n<center><h1>403 Forbidden</h1></center>\r\n</body>\r\n</html>\r\n', 'challenge': {'close_time': 0}}
[2025-06-05 08:30:21] Erreur HTTP 403: <html>
<head><title>403 Forbidden</title></head>
<body>
<center><h1>403 Forbidden</h1></center>
...
[2025-06-05 08:30:21] Voting fetching ...
[2025-06-05 08:30:21] Erreur lors de la récupération des données de vote: {'success': False, 'message': 'HTTP 403: <html>\r\n<head><title>403 Forbidden</title></head>\r\n<body>\r\n<center><h1>403 Forbidden</h1></center>\r\n</body>\r\n</html>\r\n', 'challenge': {'close_time': 0}}
[2025-06-05 08:30:21] Erreur HTTP 403: <html>
<head><title>403 Forbidden</title></head>
<body>
<center><h1>403 Forbidden</h1></center>
...
[2025-06-05 08:30:21] Voting fetching ...
[2025-06-05 08:30:21] Erreur lors de la récupération des données de vote: {'success': False, 'message': 'HTTP 403: <html>\r\n<head><title>403 Forbidden</title></head>\r\n<body>\r\n<center><h1>403 Forbidden</h1></center>\r\n</body>\r\n</html>\r\n', 'challenge': {'close_time': 0}}
[2025-06-05 08:30:21] Erreur HTTP 403: <html>
<head><title>403 Forbidden</title></head>
<body>
<center><h1>403 Forbidden</h1></center>
...
[2025-06-05 08:30:21] Voting fetching ...
[2025-06-05 08:30:21] Erreur lors de la récupération des données de vote: {'success': False, 'message': 'HTTP 403: <html>\r\n<head><title>403 Forbidden</title></head>\r\n<body>\r\n<center><h1>403 Forbidden</h1></center>\r\n</body>\r\n</html>\r\n', 'challenge': {'close_time': 0}}
[2025-06-05 08:30:21] Erreur HTTP 403: <html>
<head><title>403 Forbidden</title></head>
<body>
<center><h1>403 Forbidden</h1></center>
...
[2025-06-05 08:30:21] Voting fetching ...
[2025-06-05 08:30:21] Erreur lors de la récupération des données de vote: {'success': False, 'message': 'HTTP 403: <html>\r\n<head><title>403 Forbidden</title></head>\r\n<body>\r\n<center><h1>403 Forbidden</h1></center>\r\n</body>\r\n</html>\r\n', 'challenge': {'close_time': 0}}
[2025-06-05 08:30:21] Erreur HTTP 403: <html>
<head><title>403 Forbidden</title></head>
<body>
<center><h1>403 Forbidden</h1></center>
...
[2025-06-05 08:30:21] Voting fetching ...
[2025-06-05 08:30:21] Erreur lors de la récupération des données de vote: {'success': False, 'message': 'HTTP 403: <html>\r\n<head><title>403 Forbidden</title></head>\r\n<body>\r\n<center><h1>403 Forbidden</h1></center>\r\n</body>\r\n</html>\r\n', 'challenge': {'close_time': 0}}
[2025-06-05 08:30:21] Erreur HTTP 403: <html>
<head><title>403 Forbidden</title></head>
<body>
<center><h1>403 Forbidden</h1></center>
...
[2025-06-05 08:30:21] Voting fetching ...
[2025-06-05 08:30:21] Erreur lors de la récupération des données de vote: {'success': False, 'message': 'HTTP 403: <html>\r\n<head><title>403 Forbidden</title></head>\r\n<body>\r\n<center><h1>403 Forbidden</h1></center>\r\n</body>\r\n</html>\r\n', 'challenge': {'close_time': 0}}
[2025-06-05 08:30:21] Erreur HTTP 403: <html>
<head><title>403 Forbidden</title></head>
<body>
<center><h1>403 Forbidden</h1></center>
...
[2025-06-05 08:30:21] Voting fetching ...
[2025-06-05 08:30:21] Erreur lors de la récupération des données de vote: {'success': False, 'message': 'HTTP 403: <html>\r\n<head><title>403 Forbidden</title></head>\r\n<body>\r\n<center><h1>403 Forbidden</h1></center>\r\n</body>\r\n</html>\r\n', 'challenge': {'close_time': 0}}
[2025-06-05 08:30:21] Erreur HTTP 403: <html>
<head><title>403 Forbidden</title></head>
<body>
<center><h1>403 Forbidden</h1></center>
...
[2025-06-05 08:30:21] Voting fetching ...
[2025-06-05 08:30:21] Erreur lors de la récupération des données de vote: {'success': False, 'message': 'HTTP 403: <html>\r\n<head><title>403 Forbidden</title></head>\r\n<body>\r\n<center><h1>403 Forbidden</h1></center>\r\n</body>\r\n</html>\r\n', 'challenge': {'close_time': 0}}
[2025-06-05 08:30:21] Erreur HTTP 403: <html>
<head><title>403 Forbidden</title></head>
<body>
<center><h1>403 Forbidden</h1></center>
...
[2025-06-05 08:30:21] Voting fetching ...
[2025-06-05 08:30:21] Erreur lors de la récupération des données de vote: {'success': False, 'message': 'HTTP 403: <html>\r\n<head><title>403 Forbidden</title></head>\r\n<body>\r\n<center><h1>403 Forbidden</h1></center>\r\n</body>\r\n</html>\r\n', 'challenge': {'close_time': 0}}
[2025-06-05 08:30:21] Erreur HTTP 403: <html>
<head><title>403 Forbidden</title></head>
<body>
<center><h1>403 Forbidden</h1></center>
...
[2025-06-05 08:30:21] Voting fetching ...
[2025-06-05 08:30:21] Erreur lors de la récupération des données de vote: {'success': False, 'message': 'HTTP 403: <html>\r\n<head><title>403 Forbidden</title></head>\r\n<body>\r\n<center><h1>403 Forbidden</h1></center>\r\n</body>\r\n</html>\r\n', 'challenge': {'close_time': 0}}
[2025-06-05 08:30:21] Erreur HTTP 403: <html>
<head><title>403 Forbidden</title></head>
<body>
<center><h1>403 Forbidden</h1></center>
...
[2025-06-05 08:30:21] Voting fetching ...
[2025-06-05 08:30:21] Erreur lors de la récupération des données de vote: {'success': False, 'message': 'HTTP 403: <html>\r\n<head><title>403 Forbidden</title></head>\r\n<body>\r\n<center><h1>403 Forbidden</h1></center>\r\n</body>\r\n</html>\r\n', 'challenge': {'close_time': 0}}
[2025-06-05 08:30:21] Erreur HTTP 403: <html>
<head><title>403 Forbidden</title></head>
<body>
<center><h1>403 Forbidden</h1></center>
...
[2025-06-05 08:30:21] Voting fetching ...
[2025-06-05 08:30:21] Erreur lors de la récupération des données de vote: {'success': False, 'message': 'HTTP 403: <html>\r\n<head><title>403 Forbidden</title></head>\r\n<body>\r\n<center><h1>403 Forbidden</h1></center>\r\n</body>\r\n</html>\r\n', 'challenge': {'close_time': 0}}
[2025-06-05 08:30:21] Erreur HTTP 403: <html>
<head><title>403 Forbidden</title></head>
<body>
<center><h1>403 Forbidden</h1></center>
...
[2025-06-05 08:30:21] Voting fetching ...
[2025-06-05 08:30:21] Erreur lors de la récupération des données de vote: {'success': False, 'message': 'HTTP 403: <html>\r\n<head><title>403 Forbidden</title></head>\r\n<body>\r\n<center><h1>403 Forbidden</h1></center>\r\n</body>\r\n</html>\r\n', 'challenge': {'close_time': 0}}
[2025-06-05 08:30:21] Erreur HTTP 403: <html>
<head><title>403 Forbidden</title></head>
<body>
<center><h1>403 Forbidden</h1></center>
...
[2025-06-05 08:30:21] Voting fetching ...
[2025-06-05 08:30:21] Erreur lors de la récupération des données de vote: {'success': False, 'message': 'HTTP 403: <html>\r\n<head><title>403 Forbidden</title></head>\r\n<body>\r\n<center><h1>403 Forbidden</h1></center>\r\n</body>\r\n</html>\r\n', 'challenge': {'close_time': 0}}
[2025-06-05 08:30:21] Erreur HTTP 403: <html>
<head><title>403 Forbidden</title></head>
<body>
<center><h1>403 Forbidden</h1></center>
...
[2025-06-05 08:30:21] Voting fetching ...
[2025-06-05 08:30:21] Erreur lors de la récupération des données de vote: {'success': False, 'message': 'HTTP 403: <html>\r\n<head><title>403 Forbidden</title></head>\r\n<body>\r\n<center><h1>403 Forbidden</h1></center>\r\n</body>\r\n</html>\r\n', 'challenge': {'close_time': 0}}
[2025-06-05 08:30:21] Erreur HTTP 403: <html>
<head><title>403 Forbidden</title></head>
<body>
<center><h1>403 Forbidden</h1></center>
...
[2025-06-05 08:30:21] Voting fetching ...
[2025-06-05 08:30:21] Erreur lors de la récupération des données de vote: {'success': False, 'message': 'HTTP 403: <html>\r\n<head><title>403 Forbidden</title></head>\r\n<body>\r\n<center><h1>403 Forbidden</h1></center>\r\n</body>\r\n</html>\r\n', 'challenge': {'close_time': 0}}
[2025-06-05 08:30:21] Erreur HTTP 403: <html>
<head><title>403 Forbidden</title></head>
<body>
<center><h1>403 Forbidden</h1></center>
...
[2025-06-05 08:30:21] Voting fetching ...
[2025-06-05 08:30:21] Erreur lors de la récupération des données de vote: {'success': False, 'message': 'HTTP 403: <html>\r\n<head><title>403 Forbidden</title></head>\r\n<body>\r\n<center><h1>403 Forbidden</h1></center>\r\n</body>\r\n</html>\r\n', 'challenge': {'close_time': 0}}
[2025-06-05 08:30:21] Erreur HTTP 403: <html>
<head><title>403 Forbidden</title></head>
<body>
<center><h1>403 Forbidden</h1></center>
...
[2025-06-05 08:30:21] Voting fetching ...
[2025-06-05 08:30:21] Erreur lors de la récupération des données de vote: {'success': False, 'message': 'HTTP 403: <html>\r\n<head><title>403 Forbidden</title></head>\r\n<body>\r\n<center><h1>403 Forbidden</h1></center>\r\n</body>\r\n</html>\r\n', 'challenge': {'close_time': 0}}
[2025-06-05 08:30:21] Erreur HTTP 403: <html>
<head><title>403 Forbidden</title></head>
<body>
<center><h1>403 Forbidden</h1></center>
...
[2025-06-05 08:30:21] Voting fetching ...
[2025-06-05 08:30:21] Erreur lors de la récupération des données de vote: {'success': False, 'message': 'HTTP 403: <html>\r\n<head><title>403 Forbidden</title></head>\r\n<body>\r\n<center><h1>403 Forbidden</h1></center>\r\n</body>\r\n</html>\r\n', 'challenge': {'close_time': 0}}
[2025-06-05 08:30:21] Erreur HTTP 403: <html>
<head><title>403 Forbidden</title></head>
<body>
<center><h1>403 Forbidden</h1></center>
...
[2025-06-05 08:30:21] Voting fetching ...
[2025-06-05 08:30:21] Erreur lors de la récupération des données de vote: {'success': False, 'message': 'HTTP 403: <html>\r\n<head><title>403 Forbidden</title></head>\r\n<body>\r\n<center><h1>403 Forbidden</h1></center>\r\n</body>\r\n</html>\r\n', 'challenge': {'close_time': 0}}
[2025-06-05 08:30:21] Erreur HTTP 403: <html>
<head><title>403 Forbidden</title></head>
<body>
<center><h1>403 Forbidden</h1></center>
...
[2025-06-05 08:30:21] Voting fetching ...
[2025-06-05 08:30:21] Erreur lors de la récupération des données de vote: {'success': False, 'message': 'HTTP 403: <html>\r\n<head><title>403 Forbidden</title></head>\r\n<body>\r\n<center><h1>403 Forbidden</h1></center>\r\n</body>\r\n</html>\r\n', 'challenge': {'close_time': 0}}
[2025-06-05 08:30:21] Erreur HTTP 403: <html>
<head><title>403 Forbidden</title></head>
<body>
<center><h1>403 Forbidden</h1></center>
...
[2025-06-05 08:30:21] Voting fetching ...
[2025-06-05 08:30:21] Erreur lors de la récupération des données de vote: {'success': False, 'message': 'HTTP 403: <html>\r\n<head><title>403 Forbidden</title></head>\r\n<body>\r\n<center><h1>403 Forbidden</h1></center>\r\n</body>\r\n</html>\r\n', 'challenge': {'close_time': 0}}
[2025-06-05 08:30:21] Erreur HTTP 403: <html>
<head><title>403 Forbidden</title></head>
<body>
<center><h1>403 Forbidden</h1></center>
...
[2025-06-05 08:30:21] Voting fetching ...
[2025-06-05 08:30:21] Erreur lors de la récupération des données de vote: {'success': False, 'message': 'HTTP 403: <html>\r\n<head><title>403 Forbidden</title></head>\r\n<body>\r\n<center><h1>403 Forbidden</h1></center>\r\n</body>\r\n</html>\r\n', 'challenge': {'close_time': 0}}
[2025-06-05 08:30:21] Erreur HTTP 403: <html>
<head><title>403 Forbidden</title></head>
<body>
<center><h1>403 Forbidden</h1></center>
...
[2025-06-05 08:30:21] Voting fetching ...
[2025-06-05 08:30:21] Erreur lors de la récupération des données de vote: {'success': False, 'message': 'HTTP 403: <html>\r\n<head><title>403 Forbidden</title></head>\r\n<body>\r\n<center><h1>403 Forbidden</h1></center>\r\n</body>\r\n</html>\r\n', 'challenge': {'close_time': 0}}
[2025-06-05 08:30:21] Erreur HTTP 403: <html>
<head><title>403 Forbidden</title></head>
<body>
<center><h1>403 Forbidden</h1></center>
...
[2025-06-05 08:30:21] Voting fetching ...
[2025-06-05 08:30:21] Erreur lors de la récupération des données de vote: {'success': False, 'message': 'HTTP 403: <html>\r\n<head><title>403 Forbidden</title></head>\r\n<body>\r\n<center><h1>403 Forbidden</h1></center>\r\n</body>\r\n</html>\r\n', 'challenge': {'close_time': 0}}
[2025-06-05 08:30:21] Erreur HTTP 403: <html>
<head><title>403 Forbidden</title></head>
<body>
<center><h1>403 Forbidden</h1></center>
...
[2025-06-05 08:30:21] Voting fetching ...
[2025-06-05 08:30:21] Erreur lors de la récupération des données de vote: {'success': False, 'message': 'HTTP 403: <html>\r\n<head><title>403 Forbidden</title></head>\r\n<body>\r\n<center><h1>403 Forbidden</h1></center>\r\n</body>\r\n</html>\r\n', 'challenge': {'close_time': 0}}
[2025-06-05 08:30:21] Erreur HTTP 403: <html>
<head><title>403 Forbidden</title></head>
<body>
<center><h1>403 Forbidden</h1></center>
...
[2025-06-05 08:30:21] Voting fetching ...
[2025-06-05 08:30:21] Erreur lors de la récupération des données de vote: {'success': False, 'message': 'HTTP 403: <html>\r\n<head><title>403 Forbidden</title></head>\r\n<body>\r\n<center><h1>403 Forbidden</h1></center>\r\n</body>\r\n</html>\r\n', 'challenge': {'close_time': 0}}
[2025-06-05 08:30:21] Erreur HTTP 403: <html>
<head><title>403 Forbidden</title></head>
<body>
<center><h1>403 Forbidden</h1></center>
...
[2025-06-05 08:30:21] Voting fetching ...
[2025-06-05 08:30:21] Erreur lors de la récupération des données de vote: {'success': False, 'message': 'HTTP 403: <html>\r\n<head><title>403 Forbidden</title></head>\r\n<body>\r\n<center><h1>403 Forbidden</h1></center>\r\n</body>\r\n</html>\r\n', 'challenge': {'close_time': 0}}
[2025-06-05 08:30:21] Erreur HTTP 403: <html>
<head><title>403 Forbidden</title></head>
<body>
<center><h1>403 Forbidden</h1></center>
...
[2025-06-05 08:30:21] Voting fetching ...
[2025-06-05 08:30:21] Erreur lors de la récupération des données de vote: {'success': False, 'message': 'HTTP 403: <html>\r\n<head><title>403 Forbidden</title></head>\r\n<body>\r\n<center><h1>403 Forbidden</h1></center>\r\n</body>\r\n</html>\r\n', 'challenge': {'close_time': 0}}
[2025-06-05 08:30:21] Erreur HTTP 403: <html>
<head><title>403 Forbidden</title></head>
<body>
<center><h1>403 Forbidden</h1></center>
...
[2025-06-05 08:30:21] Voting fetching ...
[2025-06-05 08:30:21] Erreur lors de la récupération des données de vote: {'success': False, 'message': 'HTTP 403: <html>\r\n<head><title>403 Forbidden</title></head>\r\n<body>\r\n<center><h1>403 Forbidden</h1></center>\r\n</body>\r\n</html>\r\n', 'challenge': {'close_time': 0}}
[2025-06-05 08:30:21] Erreur HTTP 403: <html>
<head><title>403 Forbidden</title></head>
<body>
<center><h1>403 Forbidden</h1></center>
...
[2025-06-05 08:30:21] Voting fetching ...
[2025-06-05 08:30:21] Erreur lors de la récupération des données de vote: {'success': False, 'message': 'HTTP 403: <html>\r\n<head><title>403 Forbidden</title></head>\r\n<body>\r\n<center><h1>403 Forbidden</h1></center>\r\n</body>\r\n</html>\r\n', 'challenge': {'close_time': 0}}
[2025-06-05 08:30:21] Erreur HTTP 403: <html>
<head><title>403 Forbidden</title></head>
<body>
<center><h1>403 Forbidden</h1></center>
...
[2025-06-05 08:30:21] Voting fetching ...
[2025-06-05 08:30:21] Erreur lors de la récupération des données de vote: {'success': False, 'message': 'HTTP 403: <html>\r\n<head><title>403 Forbidden</title></head>\r\n<body>\r\n<center><h1>403 Forbidden</h1></center>\r\n</body>\r\n</html>\r\n', 'challenge': {'close_time': 0}}
[2025-06-05 08:30:21] Erreur HTTP 403: <html>
<head><title>403 Forbidden</title></head>
<body>
<center><h1>403 Forbidden</h1></center>
...
[2025-06-05 08:30:21] Voting fetching ...
[2025-06-05 08:30:21] Erreur lors de la récupération des données de vote: {'success': False, 'message': 'HTTP 403: <html>\r\n<head><title>403 Forbidden</title></head>\r\n<body>\r\n<center><h1>403 Forbidden</h1></center>\r\n</body>\r\n</html>\r\n', 'challenge': {'close_time': 0}}
[2025-06-05 08:30:21] Erreur HTTP 403: <html>
<head><title>403 Forbidden</title></head>
<body>
<center><h1>403 Forbidden</h1></center>
...
[2025-06-05 08:30:21] Voting fetching ...
[2025-06-05 08:30:21] Erreur lors de la récupération des données de vote: {'success': False, 'message': 'HTTP 403: <html>\r\n<head><title>403 Forbidden</title></head>\r\n<body>\r\n<center><h1>403 Forbidden</h1></center>\r\n</body>\r\n</html>\r\n', 'challenge': {'close_time': 0}}
[2025-06-05 08:30:21] Erreur HTTP 403: <html>
<head><title>403 Forbidden</title></head>
<body>
<center><h1>403 Forbidden</h1></center>
...
[2025-06-05 08:30:21] Voting fetching ...
[2025-06-05 08:30:21] Erreur lors de la récupération des données de vote: {'success': False, 'message': 'HTTP 403: <html>\r\n<head><title>403 Forbidden</title></head>\r\n<body>\r\n<center><h1>403 Forbidden</h1></center>\r\n</body>\r\n</html>\r\n', 'challenge': {'close_time': 0}}
[2025-06-05 08:30:21] Erreur HTTP 403: <html>
<head><title>403 Forbidden</title></head>
<body>
<center><h1>403 Forbidden</h1></center>
...
[2025-06-05 08:30:21] Voting fetching ...
[2025-06-05 08:30:21] Erreur lors de la récupération des données de vote: {'success': False, 'message': 'HTTP 403: <html>\r\n<head><title>403 Forbidden</title></head>\r\n<body>\r\n<center><h1>403 Forbidden</h1></center>\r\n</body>\r\n</html>\r\n', 'challenge': {'close_time': 0}}
[2025-06-05 08:30:21] Erreur HTTP 403: <html>
<head><title>403 Forbidden</title></head>
<body>
<center><h1>403 Forbidden</h1></center>
...
[2025-06-05 08:30:21] Voting fetching ...
[2025-06-05 08:30:21] Erreur lors de la récupération des données de vote: {'success': False, 'message': 'HTTP 403: <html>\r\n<head><title>403 Forbidden</title></head>\r\n<body>\r\n<center><h1>403 Forbidden</h1></center>\r\n</body>\r\n</html>\r\n', 'challenge': {'close_time': 0}}
[2025-06-05 08:30:21] Erreur HTTP 403: <html>
<head><title>403 Forbidden</title></head>
<body>
<center><h1>403 Forbidden</h1></center>
...
[2025-06-05 08:30:21] Voting fetching ...
[2025-06-05 08:30:21] Erreur lors de la récupération des données de vote: {'success': False, 'message': 'HTTP 403: <html>\r\n<head><title>403 Forbidden</title></head>\r\n<body>\r\n<center><h1>403 Forbidden</h1></center>\r\n</body>\r\n</html>\r\n', 'challenge': {'close_time': 0}}
[2025-06-05 08:30:21] Erreur HTTP 403: <html>
<head><title>403 Forbidden</title></head>
<body>
<center><h1>403 Forbidden</h1></center>
...
[2025-06-05 08:30:21] Voting fetching ...
[2025-06-05 08:30:21] Erreur lors de la récupération des données de vote: {'success': False, 'message': 'HTTP 403: <html>\r\n<head><title>403 Forbidden</title></head>\r\n<body>\r\n<center><h1>403 Forbidden</h1></center>\r\n</body>\r\n</html>\r\n', 'challenge': {'close_time': 0}}
[2025-06-05 08:30:21] Erreur HTTP 403: <html>
<head><title>403 Forbidden</title></head>
<body>
<center><h1>403 Forbidden</h1></center>
...
[2025-06-05 08:30:21] Voting fetching ...
[2025-06-05 08:30:21] Erreur lors de la récupération des données de vote: {'success': False, 'message': 'HTTP 403: <html>\r\n<head><title>403 Forbidden</title></head>\r\n<body>\r\n<center><h1>403 Forbidden</h1></center>\r\n</body>\r\n</html>\r\n', 'challenge': {'close_time': 0}}
[2025-06-05 08:30:21] Erreur HTTP 403: <html>
<head><title>403 Forbidden</title></head>
<body>
<center><h1>403 Forbidden</h1></center>
...
[2025-06-05 08:30:21] Voting fetching ...
[2025-06-05 08:30:21] Erreur lors de la récupération des données de vote: {'success': False, 'message': 'HTTP 403: <html>\r\n<head><title>403 Forbidden</title></head>\r\n<body>\r\n<center><h1>403 Forbidden</h1></center>\r\n</body>\r\n</html>\r\n', 'challenge': {'close_time': 0}}
[2025-06-05 08:30:21] Erreur HTTP 403: <html>
<head><title>403 Forbidden</title></head>
<body>
<center><h1>403 Forbidden</h1></center>
...
[2025-06-05 08:30:21] Voting fetching ...
[2025-06-05 08:30:21] Erreur lors de la récupération des données de vote: {'success': False, 'message': 'HTTP 403: <html>\r\n<head><title>403 Forbidden</title></head>\r\n<body>\r\n<center><h1>403 Forbidden</h1></center>\r\n</body>\r\n</html>\r\n', 'challenge': {'close_time': 0}}
[2025-06-05 08:30:21] Erreur HTTP 403: <html>
<head><title>403 Forbidden</title></head>
<body>
<center><h1>403 Forbidden</h1></center>
...
[2025-06-05 08:30:21] Voting fetching ...
[2025-06-05 08:30:21] Erreur lors de la récupération des données de vote: {'success': False, 'message': 'HTTP 403: <html>\r\n<head><title>403 Forbidden</title></head>\r\n<body>\r\n<center><h1>403 Forbidden</h1></center>\r\n</body>\r\n</html>\r\n', 'challenge': {'close_time': 0}}
[2025-06-05 08:30:21] Erreur HTTP 403: <html>
<head><title>403 Forbidden</title></head>
<body>
<center><h1>403 Forbidden</h1></center>
...
[2025-06-05 08:30:21] Voting fetching ...
[2025-06-05 08:30:21] Erreur lors de la récupération des données de vote: {'success': False, 'message': 'HTTP 403: <html>\r\n<head><title>403 Forbidden</title></head>\r\n<body>\r\n<center><h1>403 Forbidden</h1></center>\r\n</body>\r\n</html>\r\n', 'challenge': {'close_time': 0}}
[2025-06-05 08:30:21] Erreur HTTP 403: <html>
<head><title>403 Forbidden</title></head>
<body>
<center><h1>403 Forbidden</h1></center>
...
[2025-06-05 08:30:21] Voting fetching ...
[2025-06-05 08:30:21] Erreur lors de la récupération des données de vote: {'success': False, 'message': 'HTTP 403: <html>\r\n<head><title>403 Forbidden</title></head>\r\n<body>\r\n<center><h1>403 Forbidden</h1></center>\r\n</body>\r\n</html>\r\n', 'challenge': {'close_time': 0}}
[2025-06-05 08:30:21] Erreur HTTP 403: <html>
<head><title>403 Forbidden</title></head>
<body>
<center><h1>403 Forbidden</h1></center>
...
[2025-06-05 08:30:21] Voting fetching ...
[2025-06-05 08:30:21] Erreur lors de la récupération des données de vote: {'success': False, 'message': 'HTTP 403: <html>\r\n<head><title>403 Forbidden</title></head>\r\n<body>\r\n<center><h1>403 Forbidden</h1></center>\r\n</body>\r\n</html>\r\n', 'challenge': {'close_time': 0}}
[2025-06-05 08:30:21] Erreur HTTP 403: <html>
<head><title>403 Forbidden</title></head>
<body>
<center><h1>403 Forbidden</h1></center>
...
[2025-06-05 08:30:21] Voting fetching ...
[2025-06-05 08:30:21] Erreur lors de la récupération des données de vote: {'success': False, 'message': 'HTTP 403: <html>\r\n<head><title>403 Forbidden</title></head>\r\n<body>\r\n<center><h1>403 Forbidden</h1></center>\r\n</body>\r\n</html>\r\n', 'challenge': {'close_time': 0}}
[2025-06-05 08:30:21] Erreur HTTP 403: <html>
<head><title>403 Forbidden</title></head>
<body>
<center><h1>403 Forbidden</h1></center>
...
[2025-06-05 08:30:21] Voting fetching ...
[2025-06-05 08:30:21] Erreur lors de la récupération des données de vote: {'success': False, 'message': 'HTTP 403: <html>\r\n<head><title>403 Forbidden</title></head>\r\n<body>\r\n<center><h1>403 Forbidden</h1></center>\r\n</body>\r\n</html>\r\n', 'challenge': {'close_time': 0}}
[2025-06-05 08:30:21] Erreur HTTP 403: <html>
<head><title>403 Forbidden</title></head>
<body>
<center><h1>403 Forbidden</h1></center>
...
[2025-06-05 08:30:21] Voting fetching ...
[2025-06-05 08:30:21] Erreur lors de la récupération des données de vote: {'success': False, 'message': 'HTTP 403: <html>\r\n<head><title>403 Forbidden</title></head>\r\n<body>\r\n<center><h1>403 Forbidden</h1></center>\r\n</body>\r\n</html>\r\n', 'challenge': {'close_time': 0}}
[2025-06-05 08:30:21] Erreur HTTP 403: <html>
<head><title>403 Forbidden</title></head>
<body>
<center><h1>403 Forbidden</h1></center>
...
[2025-06-05 08:30:21] Voting fetching ...
[2025-06-05 08:30:21] Erreur lors de la récupération des données de vote: {'success': False, 'message': 'HTTP 403: <html>\r\n<head><title>403 Forbidden</title></head>\r\n<body>\r\n<center><h1>403 Forbidden</h1></center>\r\n</body>\r\n</html>\r\n', 'challenge': {'close_time': 0}}
[2025-06-05 08:30:21] Erreur HTTP 403: <html>
<head><title>403 Forbidden</title></head>
<body>
<center><h1>403 Forbidden</h1></center>
...
[2025-06-05 08:30:21] Voting fetching ...
[2025-06-05 08:30:21] Erreur lors de la récupération des données de vote: {'success': False, 'message': 'HTTP 403: <html>\r\n<head><title>403 Forbidden</title></head>\r\n<body>\r\n<center><h1>403 Forbidden</h1></center>\r\n</body>\r\n</html>\r\n', 'challenge': {'close_time': 0}}
[2025-06-05 08:30:21] Erreur HTTP 403: <html>
<head><title>403 Forbidden</title></head>
<body>
<center><h1>403 Forbidden</h1></center>
...
[2025-06-05 08:30:21] Voting fetching ...
[2025-06-05 08:30:21] Erreur lors de la récupération des données de vote: {'success': False, 'message': 'HTTP 403: <html>\r\n<head><title>403 Forbidden</title></head>\r\n<body>\r\n<center><h1>403 Forbidden</h1></center>\r\n</body>\r\n</html>\r\n', 'challenge': {'close_time': 0}}
[2025-06-05 08:30:21] Erreur HTTP 403: <html>
<head><title>403 Forbidden</title></head>
<body>
<center><h1>403 Forbidden</h1></center>
...
[2025-06-05 08:30:21] Voting fetching ...
[2025-06-05 08:30:21] Erreur lors de la récupération des données de vote: {'success': False, 'message': 'HTTP 403: <html>\r\n<head><title>403 Forbidden</title></head>\r\n<body>\r\n<center><h1>403 Forbidden</h1></center>\r\n</body>\r\n</html>\r\n', 'challenge': {'close_time': 0}}
[2025-06-05 08:30:21] Erreur HTTP 403: <html>
<head><title>403 Forbidden</title></head>
<body>
<center><h1>403 Forbidden</h1></center>
...
[2025-06-05 08:30:21] Voting fetching ...
[2025-06-05 08:30:21] Erreur lors de la récupération des données de vote: {'success': False, 'message': 'HTTP 403: <html>\r\n<head><title>403 Forbidden</title></head>\r\n<body>\r\n<center><h1>403 Forbidden</h1></center>\r\n</body>\r\n</html>\r\n', 'challenge': {'close_time': 0}}
[2025-06-05 08:30:21] Erreur HTTP 403: <html>
<head><title>403 Forbidden</title></head>
<body>
<center><h1>403 Forbidden</h1></center>
...
[2025-06-05 08:30:21] Voting fetching ...
[2025-06-05 08:30:21] Erreur lors de la récupération des données de vote: {'success': False, 'message': 'HTTP 403: <html>\r\n<head><title>403 Forbidden</title></head>\r\n<body>\r\n<center><h1>403 Forbidden</h1></center>\r\n</body>\r\n</html>\r\n', 'challenge': {'close_time': 0}}
[2025-06-05 08:30:21] Erreur HTTP 403: <html>
<head><title>403 Forbidden</title></head>
<body>
<center><h1>403 Forbidden</h1></center>
...
[2025-06-05 08:30:21] Voting fetching ...
[2025-06-05 08:30:21] Erreur lors de la récupération des données de vote: {'success': False, 'message': 'HTTP 403: <html>\r\n<head><title>403 Forbidden</title></head>\r\n<body>\r\n<center><h1>403 Forbidden</h1></center>\r\n</body>\r\n</html>\r\n', 'challenge': {'close_time': 0}}
[2025-06-05 08:30:21] Erreur HTTP 403: <html>
<head><title>403 Forbidden</title></head>
<body>
<center><h1>403 Forbidden</h1></center>
...
[2025-06-05 08:30:21] Voting fetching ...
[2025-06-05 08:30:21] Erreur lors de la récupération des données de vote: {'success': False, 'message': 'HTTP 403: <html>\r\n<head><title>403 Forbidden</title></head>\r\n<body>\r\n<center><h1>403 Forbidden</h1></center>\r\n</body>\r\n</html>\r\n', 'challenge': {'close_time': 0}}
[2025-06-05 08:30:21] Erreur HTTP 403: <html>
<head><title>403 Forbidden</title></head>
<body>
<center><h1>403 Forbidden</h1></center>
...
[2025-06-05 08:30:21] Voting fetching ...
[2025-06-05 08:30:21] Erreur lors de la récupération des données de vote: {'success': False, 'message': 'HTTP 403: <html>\r\n<head><title>403 Forbidden</title></head>\r\n<body>\r\n<center><h1>403 Forbidden</h1></center>\r\n</body>\r\n</html>\r\n', 'challenge': {'close_time': 0}}
[2025-06-05 08:30:21] Erreur HTTP 403: <html>
<head><title>403 Forbidden</title></head>
<body>
<center><h1>403 Forbidden</h1></center>
...
[2025-06-05 08:30:21] Voting fetching ...
[2025-06-05 08:30:21] Erreur lors de la récupération des données de vote: {'success': False, 'message': 'HTTP 403: <html>\r\n<head><title>403 Forbidden</title></head>\r\n<body>\r\n<center><h1>403 Forbidden</h1></center>\r\n</body>\r\n</html>\r\n', 'challenge': {'close_time': 0}}
[2025-06-05 08:30:21] Erreur HTTP 403: <html>
<head><title>403 Forbidden</title></head>
<body>
<center><h1>403 Forbidden</h1></center>
...
[2025-06-05 08:30:21] Voting fetching ...
[2025-06-05 08:30:21] Erreur lors de la récupération des données de vote: {'success': False, 'message': 'HTTP 403: <html>\r\n<head><title>403 Forbidden</title></head>\r\n<body>\r\n<center><h1>403 Forbidden</h1></center>\r\n</body>\r\n</html>\r\n', 'challenge': {'close_time': 0}}
[2025-06-05 08:30:21] Erreur HTTP 403: <html>
<head><title>403 Forbidden</title></head>
<body>
<center><h1>403 Forbidden</h1></center>
...
[2025-06-05 08:30:21] Voting fetching ...
[2025-06-05 08:30:21] Erreur lors de la récupération des données de vote: {'success': False, 'message': 'HTTP 403: <html>\r\n<head><title>403 Forbidden</title></head>\r\n<body>\r\n<center><h1>403 Forbidden</h1></center>\r\n</body>\r\n</html>\r\n', 'challenge': {'close_time': 0}}
[2025-06-05 08:30:21] Erreur HTTP 403: <html>
<head><title>403 Forbidden</title></head>
<body>
<center><h1>403 Forbidden</h1></center>
...
[2025-06-05 08:30:21] Voting fetching ...
[2025-06-05 08:30:21] Erreur lors de la récupération des données de vote: {'success': False, 'message': 'HTTP 403: <html>\r\n<head><title>403 Forbidden</title></head>\r\n<body>\r\n<center><h1>403 Forbidden</h1></center>\r\n</body>\r\n</html>\r\n', 'challenge': {'close_time': 0}}
[2025-06-05 08:30:21] Erreur HTTP 403: <html>
<head><title>403 Forbidden</title></head>
<body>
<center><h1>403 Forbidden</h1></center>
...
[2025-06-05 08:30:21] Voting fetching ...
[2025-06-05 08:30:21] Erreur lors de la récupération des données de vote: {'success': False, 'message': 'HTTP 403: <html>\r\n<head><title>403 Forbidden</title></head>\r\n<body>\r\n<center><h1>403 Forbidden</h1></center>\r\n</body>\r\n</html>\r\n', 'challenge': {'close_time': 0}}
[2025-06-05 08:30:21] Erreur HTTP 403: <html>
<head><title>403 Forbidden</title></head>
<body>
<center><h1>403 Forbidden</h1></center>
...
[2025-06-05 08:30:21] Voting fetching ...
[2025-06-05 08:30:21] Erreur lors de la récupération des données de vote: {'success': False, 'message': 'HTTP 403: <html>\r\n<head><title>403 Forbidden</title></head>\r\n<body>\r\n<center><h1>403 Forbidden</h1></center>\r\n</body>\r\n</html>\r\n', 'challenge': {'close_time': 0}}
[2025-06-05 08:30:21] Erreur HTTP 403: <html>
<head><title>403 Forbidden</title></head>
<body>
<center><h1>403 Forbidden</h1></center>
...
[2025-06-05 08:30:21] Voting fetching ...
[2025-06-05 08:30:21] Erreur lors de la récupération des données de vote: {'success': False, 'message': 'HTTP 403: <html>\r\n<head><title>403 Forbidden</title></head>\r\n<body>\r\n<center><h1>403 Forbidden</h1></center>\r\n</body>\r\n</html>\r\n', 'challenge': {'close_time': 0}}
[2025-06-05 08:30:21] Erreur HTTP 403: <html>
<head><title>403 Forbidden</title></head>
<body>
<center><h1>403 Forbidden</h1></center>
...
[2025-06-05 08:30:21] Voting fetching ...
[2025-06-05 08:30:21] Erreur lors de la récupération des données de vote: {'success': False, 'message': 'HTTP 403: <html>\r\n<head><title>403 Forbidden</title></head>\r\n<body>\r\n<center><h1>403 Forbidden</h1></center>\r\n</body>\r\n</html>\r\n', 'challenge': {'close_time': 0}}
[2025-06-05 08:30:21] Erreur HTTP 403: <html>
<head><title>403 Forbidden</title></head>
<body>
<center><h1>403 Forbidden</h1></center>
...
[2025-06-05 08:30:21] Voting fetching ...
[2025-06-05 08:30:21] Erreur lors de la récupération des données de vote: {'success': False, 'message': 'HTTP 403: <html>\r\n<head><title>403 Forbidden</title></head>\r\n<body>\r\n<center><h1>403 Forbidden</h1></center>\r\n</body>\r\n</html>\r\n', 'challenge': {'close_time': 0}}
[2025-06-05 08:30:21] Erreur HTTP 403: <html>
<head><title>403 Forbidden</title></head>
<body>
<center><h1>403 Forbidden</h1></center>
...
[2025-06-05 08:30:21] Voting fetching ...
[2025-06-05 08:30:21] Erreur lors de la récupération des données de vote: {'success': False, 'message': 'HTTP 403: <html>\r\n<head><title>403 Forbidden</title></head>\r\n<body>\r\n<center><h1>403 Forbidden</h1></center>\r\n</body>\r\n</html>\r\n', 'challenge': {'close_time': 0}}
[2025-06-05 08:30:21] Erreur HTTP 403: <html>
<head><title>403 Forbidden</title></head>
<body>
<center><h1>403 Forbidden</h1></center>
...
[2025-06-05 08:30:21] Voting fetching ...
[2025-06-05 08:30:21] Erreur lors de la récupération des données de vote: {'success': False, 'message': 'HTTP 403: <html>\r\n<head><title>403 Forbidden</title></head>\r\n<body>\r\n<center><h1>403 Forbidden</h1></center>\r\n</body>\r\n</html>\r\n', 'challenge': {'close_time': 0}}
[2025-06-05 08:30:21] Erreur HTTP 403: <html>
<head><title>403 Forbidden</title></head>
<body>
<center><h1>403 Forbidden</h1></center>
...
[2025-06-05 08:30:21] Voting fetching ...
[2025-06-05 08:30:21] Erreur lors de la récupération des données de vote: {'success': False, 'message': 'HTTP 403: <html>\r\n<head><title>403 Forbidden</title></head>\r\n<body>\r\n<center><h1>403 Forbidden</h1></center>\r\n</body>\r\n</html>\r\n', 'challenge': {'close_time': 0}}
[2025-06-05 08:30:21] Erreur HTTP 403: <html>
<head><title>403 Forbidden</title></head>
<body>
<center><h1>403 Forbidden</h1></center>
...
[2025-06-05 08:30:21] Voting fetching ...
[2025-06-05 08:30:21] Erreur lors de la récupération des données de vote: {'success': False, 'message': 'HTTP 403: <html>\r\n<head><title>403 Forbidden</title></head>\r\n<body>\r\n<center><h1>403 Forbidden</h1></center>\r\n</body>\r\n</html>\r\n', 'challenge': {'close_time': 0}}
[2025-06-05 08:30:21] Erreur HTTP 403: <html>
<head><title>403 Forbidden</title></head>
<body>
<center><h1>403 Forbidden</h1></center>
...
[2025-06-05 08:30:21] Voting fetching ...
[2025-06-05 08:30:21] Erreur lors de la récupération des données de vote: {'success': False, 'message': 'HTTP 403: <html>\r\n<head><title>403 Forbidden</title></head>\r\n<body>\r\n<center><h1>403 Forbidden</h1></center>\r\n</body>\r\n</html>\r\n', 'challenge': {'close_time': 0}}
[2025-06-05 08:30:21] Erreur HTTP 403: <html>
<head><title>403 Forbidden</title></head>
<body>
<center><h1>403 Forbidden</h1></center>
...
[2025-06-05 08:30:21] Voting fetching ...
[2025-06-05 08:30:21] Erreur lors de la récupération des données de vote: {'success': False, 'message': 'HTTP 403: <html>\r\n<head><title>403 Forbidden</title></head>\r\n<body>\r\n<center><h1>403 Forbidden</h1></center>\r\n</body>\r\n</html>\r\n', 'challenge': {'close_time': 0}}
[2025-06-05 08:30:21] Erreur HTTP 403: <html>
<head><title>403 Forbidden</title></head>
<body>
<center><h1>403 Forbidden</h1></center>
...
[2025-06-05 08:30:21] Voting fetching ...
[2025-06-05 08:30:21] Erreur lors de la récupération des données de vote: {'success': False, 'message': 'HTTP 403: <html>\r\n<head><title>403 Forbidden</title></head>\r\n<body>\r\n<center><h1>403 Forbidden</h1></center>\r\n</body>\r\n</html>\r\n', 'challenge': {'close_time': 0}}
[2025-06-05 08:30:21] Erreur HTTP 403: <html>
<head><title>403 Forbidden</title></head>
<body>
<center><h1>403 Forbidden</h1></center>
...
[2025-06-05 08:30:21] Voting fetching ...
[2025-06-05 08:30:21] Erreur lors de la récupération des données de vote: {'success': False, 'message': 'HTTP 403: <html>\r\n<head><title>403 Forbidden</title></head>\r\n<body>\r\n<center><h1>403 Forbidden</h1></center>\r\n</body>\r\n</html>\r\n', 'challenge': {'close_time': 0}}
[2025-06-05 08:30:21] Erreur HTTP 403: <html>
<head><title>403 Forbidden</title></head>
<body>
<center><h1>403 Forbidden</h1></center>
...
[2025-06-05 08:30:21] Voting fetching ...
[2025-06-05 08:30:21] Erreur lors de la récupération des données de vote: {'success': False, 'message': 'HTTP 403: <html>\r\n<head><title>403 Forbidden</title></head>\r\n<body>\r\n<center><h1>403 Forbidden</h1></center>\r\n</body>\r\n</html>\r\n', 'challenge': {'close_time': 0}}
[2025-06-05 08:30:21] Erreur HTTP 403: <html>
<head><title>403 Forbidden</title></head>
<body>
<center><h1>403 Forbidden</h1></center>
...
[2025-06-05 08:30:21] Voting fetching ...
[2025-06-05 08:30:21] Erreur lors de la récupération des données de vote: {'success': False, 'message': 'HTTP 403: <html>\r\n<head><title>403 Forbidden</title></head>\r\n<body>\r\n<center><h1>403 Forbidden</h1></center>\r\n</body>\r\n</html>\r\n', 'challenge': {'close_time': 0}}
[2025-06-05 08:30:21] Erreur HTTP 403: <html>
<head><title>403 Forbidden</title></head>
<body>
<center><h1>403 Forbidden</h1></center>
...
[2025-06-05 08:30:21] Voting fetching ...
[2025-06-05 08:30:21] Erreur lors de la récupération des données de vote: {'success': False, 'message': 'HTTP 403: <html>\r\n<head><title>403 Forbidden</title></head>\r\n<body>\r\n<center><h1>403 Forbidden</h1></center>\r\n</body>\r\n</html>\r\n', 'challenge': {'close_time': 0}}
[2025-06-05 08:30:21] Erreur HTTP 403: <html>
<head><title>403 Forbidden</title></head>
<body>
<center><h1>403 Forbidden</h1></center>
...
[2025-06-05 08:30:21] Voting fetching ...
[2025-06-05 08:30:21] Erreur lors de la récupération des données de vote: {'success': False, 'message': 'HTTP 403: <html>\r\n<head><title>403 Forbidden</title></head>\r\n<body>\r\n<center><h1>403 Forbidden</h1></center>\r\n</body>\r\n</html>\r\n', 'challenge': {'close_time': 0}}
[2025-06-05 08:30:21] Erreur HTTP 403: <html>
<head><title>403 Forbidden</title></head>
<body>
<center><h1>403 Forbidden</h1></center>
...
[2025-06-05 08:30:21] Voting fetching ...
[2025-06-05 08:30:21] Erreur lors de la récupération des données de vote: {'success': False, 'message': 'HTTP 403: <html>\r\n<head><title>403 Forbidden</title></head>\r\n<body>\r\n<center><h1>403 Forbidden</h1></center>\r\n</body>\r\n</html>\r\n', 'challenge': {'close_time': 0}}
[2025-06-05 08:30:21] Erreur HTTP 403: <html>
<head><title>403 Forbidden</title></head>
<body>
<center><h1>403 Forbidden</h1></center>
...
[2025-06-05 08:30:21] Voting fetching ...
[2025-06-05 08:30:21] Erreur lors de la récupération des données de vote: {'success': False, 'message': 'HTTP 403: <html>\r\n<head><title>403 Forbidden</title></head>\r\n<body>\r\n<center><h1>403 Forbidden</h1></center>\r\n</body>\r\n</html>\r\n', 'challenge': {'close_time': 0}}
[2025-06-05 08:30:21] Erreur HTTP 403: <html>
<head><title>403 Forbidden</title></head>
<body>
<center><h1>403 Forbidden</h1></center>
...
[2025-06-05 08:30:21] Voting fetching ...
[2025-06-05 08:30:21] Erreur lors de la récupération des données de vote: {'success': False, 'message': 'HTTP 403: <html>\r\n<head><title>403 Forbidden</title></head>\r\n<body>\r\n<center><h1>403 Forbidden</h1></center>\r\n</body>\r\n</html>\r\n', 'challenge': {'close_time': 0}}
[2025-06-05 08:30:21] Erreur HTTP 403: <html>
<head><title>403 Forbidden</title></head>
<body>
<center><h1>403 Forbidden</h1></center>
...
[2025-06-05 08:30:21] Voting fetching ...
[2025-06-05 08:30:21] Erreur lors de la récupération des données de vote: {'success': False, 'message': 'HTTP 403: <html>\r\n<head><title>403 Forbidden</title></head>\r\n<body>\r\n<center><h1>403 Forbidden</h1></center>\r\n</body>\r\n</html>\r\n', 'challenge': {'close_time': 0}}
[2025-06-05 08:30:21] Erreur HTTP 403: <html>
<head><title>403 Forbidden</title></head>
<body>
<center><h1>403 Forbidden</h1></center>
...
[2025-06-05 08:30:21] Voting fetching ...
[2025-06-05 08:30:21] Erreur lors de la récupération des données de vote: {'success': False, 'message': 'HTTP 403: <html>\r\n<head><title>403 Forbidden</title></head>\r\n<body>\r\n<center><h1>403 Forbidden</h1></center>\r\n</body>\r\n</html>\r\n', 'challenge': {'close_time': 0}}
[2025-06-05 08:31:53] Fetching challenges...
[2025-06-05 08:31:54] Challenges fetching ...
[2025-06-05 08:31:54] Challenges fetched successfully for bruno!
[2025-06-05 08:35:11] Refreshing challenges...
[2025-06-05 08:35:11] Fetching challenges...
[2025-06-05 08:35:13] Challenges fetching ...
[2025-06-05 08:35:13] Lancement automatique des stratégies de fin pour 14 nouveaux challenges...
[2025-06-05 08:35:13] Nouveau challenge détecté pour bruno: Ultimate Exposure
[2025-06-05 08:35:13] Nouveau challenge détecté pour bruno: Powerful Smells
[2025-06-05 08:35:13] Nouveau challenge détecté pour bruno: Photo of the Day
[2025-06-05 08:35:13] Nouveau challenge détecté pour bruno: Dramatic Lighting
[2025-06-05 08:35:13] Nouveau challenge détecté pour bruno: Gone Walking
[2025-06-05 08:35:13] Nouveau challenge détecté pour bruno: Show me your World
[2025-06-05 08:35:13] Nouveau challenge détecté pour bruno: Photo of the Week!
[2025-06-05 08:35:13] Nouveau challenge détecté pour bruno: Cactus & Succulent Plants
[2025-06-05 08:35:13] Nouveau challenge détecté pour bruno: Tell a Story
[2025-06-05 08:35:13] Nouveau challenge détecté pour bruno: Artworks on Walls
[2025-06-05 08:35:13] Nouveau challenge détecté pour bruno: Nature’s Soothing Sounds
[2025-06-05 08:35:13] Nouveau challenge détecté pour bruno: Great Mistakes
[2025-06-05 08:35:13] Nouveau challenge détecté pour bruno: Beautiful Eyes
[2025-06-05 08:35:13] Nouveau challenge détecté pour bruno: Joined Together
[2025-06-05 08:35:13] Challenges fetched successfully for bruno!
[2025-06-05 08:36:55] Artworks on Walls get vote panel
[2025-06-05 08:37:16] Nature’s Soothing Sounds get vote panel
[2025-06-05 08:37:37] Joined Together get vote panel
[2025-06-05 08:37:58] Beautiful Eyes get vote panel
[2025-06-05 08:38:19] Show me your World get vote panel
[2025-06-05 08:38:40] Ultimate Exposure get vote panel
[2025-06-05 08:39:01] Cactus & Succulent Plants get vote panel
[2025-06-05 08:39:22] Tell a Story get vote panel
[2025-06-05 08:39:43] Gone Walking get vote panel
[2025-06-05 08:40:04] Great Mistakes get vote panel
[2025-06-05 08:40:25] Dramatic Lighting get vote panel
[2025-06-05 08:40:46] Photo of the Week! get vote panel
[2025-06-05 08:41:07] Photo of the Day get vote panel
[2025-06-05 08:41:28] Filling challenges: {101568, 101569, 101570, 101573, 101574, 101734, 101579, 101583, 101555, 101566, 101789, 101790, 101791}
Filled Artworks on Walls with strategy end4
Filled Nature’s Soothing Sounds with strategy end4
Filled Joined Together with strategy end4
Filled Beautiful Eyes with strategy end4
Filled Show me your World with strategy end4
Filled Ultimate Exposure with strategy end4
Filled Cactus & Succulent Plants with strategy end4
Filled Tell a Story with strategy end4
Filled Gone Walking with strategy end4
Filled Great Mistakes with strategy end4
Filled Dramatic Lighting with strategy end4
Filled Photo of the Week! with strategy end4
Filled Photo of the Day with strategy end4

[2025-06-05 08:41:28] Récupération des données de vote pour Artworks on Walls (URL: artworks-on-walls, HEADER:{'User-Agent': 'Mozilla/5.0 (X11; Linux i686; rv:39.0) Gecko/20100101 Firefox/39.0', 'x-api-version': '8', 'x-env': 'WEB', 'X-requested-with': 'XMLHttpRequest', 'X-token': 'a1cad95a6d480c14f51dd0eba4914c8337b893c789ec6278bb440c7c9a673b162f042470c62684e6da2bd342ffea7777'})
[2025-06-05 08:41:28] Récupération des données de vote pour Artworks on Walls (URL: artworks-on-walls, HEADER:{'User-Agent': 'Mozilla/5.0 (X11; Linux i686; rv:39.0) Gecko/20100101 Firefox/39.0', 'x-api-version': '8', 'x-env': 'WEB', 'X-requested-with': 'XMLHttpRequest', 'X-token': 'a1cad95a6d480c14f51dd0eba4914c8337b893c789ec6278bb440c7c9a673b162f042470c62684e6da2bd342ffea7777'})
[2025-06-05 08:41:28] Récupération des données de vote pour Artworks on Walls (URL: artworks-on-walls, HEADER:{'User-Agent': 'Mozilla/5.0 (X11; Linux i686; rv:39.0) Gecko/20100101 Firefox/39.0', 'x-api-version': '8', 'x-env': 'WEB', 'X-requested-with': 'XMLHttpRequest', 'X-token': 'a1cad95a6d480c14f51dd0eba4914c8337b893c789ec6278bb440c7c9a673b162f042470c62684e6da2bd342ffea7777'})
[2025-06-05 08:41:28] Récupération des données de vote pour Artworks on Walls (URL: artworks-on-walls, HEADER:{'User-Agent': 'Mozilla/5.0 (X11; Linux i686; rv:39.0) Gecko/20100101 Firefox/39.0', 'x-api-version': '8', 'x-env': 'WEB', 'X-requested-with': 'XMLHttpRequest', 'X-token': 'a1cad95a6d480c14f51dd0eba4914c8337b893c789ec6278bb440c7c9a673b162f042470c62684e6da2bd342ffea7777'})
[2025-06-05 08:41:28] Récupération des données de vote pour Artworks on Walls (URL: artworks-on-walls, HEADER:{'User-Agent': 'Mozilla/5.0 (X11; Linux i686; rv:39.0) Gecko/20100101 Firefox/39.0', 'x-api-version': '8', 'x-env': 'WEB', 'X-requested-with': 'XMLHttpRequest', 'X-token': 'a1cad95a6d480c14f51dd0eba4914c8337b893c789ec6278bb440c7c9a673b162f042470c62684e6da2bd342ffea7777'})
[2025-06-05 08:41:28] Récupération des données de vote pour Artworks on Walls (URL: artworks-on-walls, HEADER:{'User-Agent': 'Mozilla/5.0 (X11; Linux i686; rv:39.0) Gecko/20100101 Firefox/39.0', 'x-api-version': '8', 'x-env': 'WEB', 'X-requested-with': 'XMLHttpRequest', 'X-token': 'a1cad95a6d480c14f51dd0eba4914c8337b893c789ec6278bb440c7c9a673b162f042470c62684e6da2bd342ffea7777'})
[2025-06-05 08:41:28] Récupération des données de vote pour Artworks on Walls (URL: artworks-on-walls, HEADER:{'User-Agent': 'Mozilla/5.0 (X11; Linux i686; rv:39.0) Gecko/20100101 Firefox/39.0', 'x-api-version': '8', 'x-env': 'WEB', 'X-requested-with': 'XMLHttpRequest', 'X-token': 'a1cad95a6d480c14f51dd0eba4914c8337b893c789ec6278bb440c7c9a673b162f042470c62684e6da2bd342ffea7777'})
[2025-06-05 08:41:28] Récupération des données de vote pour Nature’s Soothing Sounds (URL: nature-s-soothing-sounds1, HEADER:{'User-Agent': 'Mozilla/5.0 (X11; Linux i686; rv:39.0) Gecko/20100101 Firefox/39.0', 'x-api-version': '8', 'x-env': 'WEB', 'X-requested-with': 'XMLHttpRequest', 'X-token': 'a1cad95a6d480c14f51dd0eba4914c8337b893c789ec6278bb440c7c9a673b162f042470c62684e6da2bd342ffea7777'})
[2025-06-05 08:41:28] Récupération des données de vote pour Nature’s Soothing Sounds (URL: nature-s-soothing-sounds1, HEADER:{'User-Agent': 'Mozilla/5.0 (X11; Linux i686; rv:39.0) Gecko/20100101 Firefox/39.0', 'x-api-version': '8', 'x-env': 'WEB', 'X-requested-with': 'XMLHttpRequest', 'X-token': 'a1cad95a6d480c14f51dd0eba4914c8337b893c789ec6278bb440c7c9a673b162f042470c62684e6da2bd342ffea7777'})
[2025-06-05 08:41:28] Récupération des données de vote pour Nature’s Soothing Sounds (URL: nature-s-soothing-sounds1, HEADER:{'User-Agent': 'Mozilla/5.0 (X11; Linux i686; rv:39.0) Gecko/20100101 Firefox/39.0', 'x-api-version': '8', 'x-env': 'WEB', 'X-requested-with': 'XMLHttpRequest', 'X-token': 'a1cad95a6d480c14f51dd0eba4914c8337b893c789ec6278bb440c7c9a673b162f042470c62684e6da2bd342ffea7777'})
[2025-06-05 08:41:28] Récupération des données de vote pour Nature’s Soothing Sounds (URL: nature-s-soothing-sounds1, HEADER:{'User-Agent': 'Mozilla/5.0 (X11; Linux i686; rv:39.0) Gecko/20100101 Firefox/39.0', 'x-api-version': '8', 'x-env': 'WEB', 'X-requested-with': 'XMLHttpRequest', 'X-token': 'a1cad95a6d480c14f51dd0eba4914c8337b893c789ec6278bb440c7c9a673b162f042470c62684e6da2bd342ffea7777'})
[2025-06-05 08:41:28] Récupération des données de vote pour Nature’s Soothing Sounds (URL: nature-s-soothing-sounds1, HEADER:{'User-Agent': 'Mozilla/5.0 (X11; Linux i686; rv:39.0) Gecko/20100101 Firefox/39.0', 'x-api-version': '8', 'x-env': 'WEB', 'X-requested-with': 'XMLHttpRequest', 'X-token': 'a1cad95a6d480c14f51dd0eba4914c8337b893c789ec6278bb440c7c9a673b162f042470c62684e6da2bd342ffea7777'})
[2025-06-05 08:41:28] Récupération des données de vote pour Nature’s Soothing Sounds (URL: nature-s-soothing-sounds1, HEADER:{'User-Agent': 'Mozilla/5.0 (X11; Linux i686; rv:39.0) Gecko/20100101 Firefox/39.0', 'x-api-version': '8', 'x-env': 'WEB', 'X-requested-with': 'XMLHttpRequest', 'X-token': 'a1cad95a6d480c14f51dd0eba4914c8337b893c789ec6278bb440c7c9a673b162f042470c62684e6da2bd342ffea7777'})
[2025-06-05 08:41:28] Récupération des données de vote pour Nature’s Soothing Sounds (URL: nature-s-soothing-sounds1, HEADER:{'User-Agent': 'Mozilla/5.0 (X11; Linux i686; rv:39.0) Gecko/20100101 Firefox/39.0', 'x-api-version': '8', 'x-env': 'WEB', 'X-requested-with': 'XMLHttpRequest', 'X-token': 'a1cad95a6d480c14f51dd0eba4914c8337b893c789ec6278bb440c7c9a673b162f042470c62684e6da2bd342ffea7777'})
[2025-06-05 08:41:28] Récupération des données de vote pour Joined Together (URL: joined-together1, HEADER:{'User-Agent': 'Mozilla/5.0 (X11; Linux i686; rv:39.0) Gecko/20100101 Firefox/39.0', 'x-api-version': '8', 'x-env': 'WEB', 'X-requested-with': 'XMLHttpRequest', 'X-token': 'a1cad95a6d480c14f51dd0eba4914c8337b893c789ec6278bb440c7c9a673b162f042470c62684e6da2bd342ffea7777'})
[2025-06-05 08:41:28] Récupération des données de vote pour Joined Together (URL: joined-together1, HEADER:{'User-Agent': 'Mozilla/5.0 (X11; Linux i686; rv:39.0) Gecko/20100101 Firefox/39.0', 'x-api-version': '8', 'x-env': 'WEB', 'X-requested-with': 'XMLHttpRequest', 'X-token': 'a1cad95a6d480c14f51dd0eba4914c8337b893c789ec6278bb440c7c9a673b162f042470c62684e6da2bd342ffea7777'})
[2025-06-05 08:41:28] Récupération des données de vote pour Joined Together (URL: joined-together1, HEADER:{'User-Agent': 'Mozilla/5.0 (X11; Linux i686; rv:39.0) Gecko/20100101 Firefox/39.0', 'x-api-version': '8', 'x-env': 'WEB', 'X-requested-with': 'XMLHttpRequest', 'X-token': 'a1cad95a6d480c14f51dd0eba4914c8337b893c789ec6278bb440c7c9a673b162f042470c62684e6da2bd342ffea7777'})
[2025-06-05 08:41:28] Récupération des données de vote pour Joined Together (URL: joined-together1, HEADER:{'User-Agent': 'Mozilla/5.0 (X11; Linux i686; rv:39.0) Gecko/20100101 Firefox/39.0', 'x-api-version': '8', 'x-env': 'WEB', 'X-requested-with': 'XMLHttpRequest', 'X-token': 'a1cad95a6d480c14f51dd0eba4914c8337b893c789ec6278bb440c7c9a673b162f042470c62684e6da2bd342ffea7777'})
[2025-06-05 08:41:28] Récupération des données de vote pour Joined Together (URL: joined-together1, HEADER:{'User-Agent': 'Mozilla/5.0 (X11; Linux i686; rv:39.0) Gecko/20100101 Firefox/39.0', 'x-api-version': '8', 'x-env': 'WEB', 'X-requested-with': 'XMLHttpRequest', 'X-token': 'a1cad95a6d480c14f51dd0eba4914c8337b893c789ec6278bb440c7c9a673b162f042470c62684e6da2bd342ffea7777'})
[2025-06-05 08:41:28] Récupération des données de vote pour Joined Together (URL: joined-together1, HEADER:{'User-Agent': 'Mozilla/5.0 (X11; Linux i686; rv:39.0) Gecko/20100101 Firefox/39.0', 'x-api-version': '8', 'x-env': 'WEB', 'X-requested-with': 'XMLHttpRequest', 'X-token': 'a1cad95a6d480c14f51dd0eba4914c8337b893c789ec6278bb440c7c9a673b162f042470c62684e6da2bd342ffea7777'})
[2025-06-05 08:41:28] Récupération des données de vote pour Joined Together (URL: joined-together1, HEADER:{'User-Agent': 'Mozilla/5.0 (X11; Linux i686; rv:39.0) Gecko/20100101 Firefox/39.0', 'x-api-version': '8', 'x-env': 'WEB', 'X-requested-with': 'XMLHttpRequest', 'X-token': 'a1cad95a6d480c14f51dd0eba4914c8337b893c789ec6278bb440c7c9a673b162f042470c62684e6da2bd342ffea7777'})
[2025-06-05 08:41:28] Récupération des données de vote pour Beautiful Eyes (URL: attractive-eyes, HEADER:{'User-Agent': 'Mozilla/5.0 (X11; Linux i686; rv:39.0) Gecko/20100101 Firefox/39.0', 'x-api-version': '8', 'x-env': 'WEB', 'X-requested-with': 'XMLHttpRequest', 'X-token': 'a1cad95a6d480c14f51dd0eba4914c8337b893c789ec6278bb440c7c9a673b162f042470c62684e6da2bd342ffea7777'})
[2025-06-05 08:41:28] Récupération des données de vote pour Beautiful Eyes (URL: attractive-eyes, HEADER:{'User-Agent': 'Mozilla/5.0 (X11; Linux i686; rv:39.0) Gecko/20100101 Firefox/39.0', 'x-api-version': '8', 'x-env': 'WEB', 'X-requested-with': 'XMLHttpRequest', 'X-token': 'a1cad95a6d480c14f51dd0eba4914c8337b893c789ec6278bb440c7c9a673b162f042470c62684e6da2bd342ffea7777'})
[2025-06-05 08:41:28] Récupération des données de vote pour Beautiful Eyes (URL: attractive-eyes, HEADER:{'User-Agent': 'Mozilla/5.0 (X11; Linux i686; rv:39.0) Gecko/20100101 Firefox/39.0', 'x-api-version': '8', 'x-env': 'WEB', 'X-requested-with': 'XMLHttpRequest', 'X-token': 'a1cad95a6d480c14f51dd0eba4914c8337b893c789ec6278bb440c7c9a673b162f042470c62684e6da2bd342ffea7777'})
[2025-06-05 08:41:28] Récupération des données de vote pour Beautiful Eyes (URL: attractive-eyes, HEADER:{'User-Agent': 'Mozilla/5.0 (X11; Linux i686; rv:39.0) Gecko/20100101 Firefox/39.0', 'x-api-version': '8', 'x-env': 'WEB', 'X-requested-with': 'XMLHttpRequest', 'X-token': 'a1cad95a6d480c14f51dd0eba4914c8337b893c789ec6278bb440c7c9a673b162f042470c62684e6da2bd342ffea7777'})
[2025-06-05 08:41:28] Récupération des données de vote pour Beautiful Eyes (URL: attractive-eyes, HEADER:{'User-Agent': 'Mozilla/5.0 (X11; Linux i686; rv:39.0) Gecko/20100101 Firefox/39.0', 'x-api-version': '8', 'x-env': 'WEB', 'X-requested-with': 'XMLHttpRequest', 'X-token': 'a1cad95a6d480c14f51dd0eba4914c8337b893c789ec6278bb440c7c9a673b162f042470c62684e6da2bd342ffea7777'})
[2025-06-05 08:41:28] Récupération des données de vote pour Beautiful Eyes (URL: attractive-eyes, HEADER:{'User-Agent': 'Mozilla/5.0 (X11; Linux i686; rv:39.0) Gecko/20100101 Firefox/39.0', 'x-api-version': '8', 'x-env': 'WEB', 'X-requested-with': 'XMLHttpRequest', 'X-token': 'a1cad95a6d480c14f51dd0eba4914c8337b893c789ec6278bb440c7c9a673b162f042470c62684e6da2bd342ffea7777'})
[2025-06-05 08:41:28] Récupération des données de vote pour Beautiful Eyes (URL: attractive-eyes, HEADER:{'User-Agent': 'Mozilla/5.0 (X11; Linux i686; rv:39.0) Gecko/20100101 Firefox/39.0', 'x-api-version': '8', 'x-env': 'WEB', 'X-requested-with': 'XMLHttpRequest', 'X-token': 'a1cad95a6d480c14f51dd0eba4914c8337b893c789ec6278bb440c7c9a673b162f042470c62684e6da2bd342ffea7777'})
[2025-06-05 08:41:28] Récupération des données de vote pour Show me your World (URL: show-me-your-world27, HEADER:{'User-Agent': 'Mozilla/5.0 (X11; Linux i686; rv:39.0) Gecko/20100101 Firefox/39.0', 'x-api-version': '8', 'x-env': 'WEB', 'X-requested-with': 'XMLHttpRequest', 'X-token': 'a1cad95a6d480c14f51dd0eba4914c8337b893c789ec6278bb440c7c9a673b162f042470c62684e6da2bd342ffea7777'})
[2025-06-05 08:41:28] Récupération des données de vote pour Show me your World (URL: show-me-your-world27, HEADER:{'User-Agent': 'Mozilla/5.0 (X11; Linux i686; rv:39.0) Gecko/20100101 Firefox/39.0', 'x-api-version': '8', 'x-env': 'WEB', 'X-requested-with': 'XMLHttpRequest', 'X-token': 'a1cad95a6d480c14f51dd0eba4914c8337b893c789ec6278bb440c7c9a673b162f042470c62684e6da2bd342ffea7777'})
[2025-06-05 08:41:28] Récupération des données de vote pour Show me your World (URL: show-me-your-world27, HEADER:{'User-Agent': 'Mozilla/5.0 (X11; Linux i686; rv:39.0) Gecko/20100101 Firefox/39.0', 'x-api-version': '8', 'x-env': 'WEB', 'X-requested-with': 'XMLHttpRequest', 'X-token': 'a1cad95a6d480c14f51dd0eba4914c8337b893c789ec6278bb440c7c9a673b162f042470c62684e6da2bd342ffea7777'})
[2025-06-05 08:41:28] Récupération des données de vote pour Show me your World (URL: show-me-your-world27, HEADER:{'User-Agent': 'Mozilla/5.0 (X11; Linux i686; rv:39.0) Gecko/20100101 Firefox/39.0', 'x-api-version': '8', 'x-env': 'WEB', 'X-requested-with': 'XMLHttpRequest', 'X-token': 'a1cad95a6d480c14f51dd0eba4914c8337b893c789ec6278bb440c7c9a673b162f042470c62684e6da2bd342ffea7777'})
[2025-06-05 08:41:28] Récupération des données de vote pour Show me your World (URL: show-me-your-world27, HEADER:{'User-Agent': 'Mozilla/5.0 (X11; Linux i686; rv:39.0) Gecko/20100101 Firefox/39.0', 'x-api-version': '8', 'x-env': 'WEB', 'X-requested-with': 'XMLHttpRequest', 'X-token': 'a1cad95a6d480c14f51dd0eba4914c8337b893c789ec6278bb440c7c9a673b162f042470c62684e6da2bd342ffea7777'})
[2025-06-05 08:41:28] Récupération des données de vote pour Show me your World (URL: show-me-your-world27, HEADER:{'User-Agent': 'Mozilla/5.0 (X11; Linux i686; rv:39.0) Gecko/20100101 Firefox/39.0', 'x-api-version': '8', 'x-env': 'WEB', 'X-requested-with': 'XMLHttpRequest', 'X-token': 'a1cad95a6d480c14f51dd0eba4914c8337b893c789ec6278bb440c7c9a673b162f042470c62684e6da2bd342ffea7777'})
[2025-06-05 08:41:28] Récupération des données de vote pour Show me your World (URL: show-me-your-world27, HEADER:{'User-Agent': 'Mozilla/5.0 (X11; Linux i686; rv:39.0) Gecko/20100101 Firefox/39.0', 'x-api-version': '8', 'x-env': 'WEB', 'X-requested-with': 'XMLHttpRequest', 'X-token': 'a1cad95a6d480c14f51dd0eba4914c8337b893c789ec6278bb440c7c9a673b162f042470c62684e6da2bd342ffea7777'})
[2025-06-05 08:41:28] Récupération des données de vote pour Ultimate Exposure (URL: ultimate-exposure80, HEADER:{'User-Agent': 'Mozilla/5.0 (X11; Linux i686; rv:39.0) Gecko/20100101 Firefox/39.0', 'x-api-version': '8', 'x-env': 'WEB', 'X-requested-with': 'XMLHttpRequest', 'X-token': 'a1cad95a6d480c14f51dd0eba4914c8337b893c789ec6278bb440c7c9a673b162f042470c62684e6da2bd342ffea7777'})
[2025-06-05 08:41:28] Récupération des données de vote pour Ultimate Exposure (URL: ultimate-exposure80, HEADER:{'User-Agent': 'Mozilla/5.0 (X11; Linux i686; rv:39.0) Gecko/20100101 Firefox/39.0', 'x-api-version': '8', 'x-env': 'WEB', 'X-requested-with': 'XMLHttpRequest', 'X-token': 'a1cad95a6d480c14f51dd0eba4914c8337b893c789ec6278bb440c7c9a673b162f042470c62684e6da2bd342ffea7777'})
[2025-06-05 08:41:28] Récupération des données de vote pour Ultimate Exposure (URL: ultimate-exposure80, HEADER:{'User-Agent': 'Mozilla/5.0 (X11; Linux i686; rv:39.0) Gecko/20100101 Firefox/39.0', 'x-api-version': '8', 'x-env': 'WEB', 'X-requested-with': 'XMLHttpRequest', 'X-token': 'a1cad95a6d480c14f51dd0eba4914c8337b893c789ec6278bb440c7c9a673b162f042470c62684e6da2bd342ffea7777'})
[2025-06-05 08:41:28] Récupération des données de vote pour Ultimate Exposure (URL: ultimate-exposure80, HEADER:{'User-Agent': 'Mozilla/5.0 (X11; Linux i686; rv:39.0) Gecko/20100101 Firefox/39.0', 'x-api-version': '8', 'x-env': 'WEB', 'X-requested-with': 'XMLHttpRequest', 'X-token': 'a1cad95a6d480c14f51dd0eba4914c8337b893c789ec6278bb440c7c9a673b162f042470c62684e6da2bd342ffea7777'})
[2025-06-05 08:41:28] Récupération des données de vote pour Ultimate Exposure (URL: ultimate-exposure80, HEADER:{'User-Agent': 'Mozilla/5.0 (X11; Linux i686; rv:39.0) Gecko/20100101 Firefox/39.0', 'x-api-version': '8', 'x-env': 'WEB', 'X-requested-with': 'XMLHttpRequest', 'X-token': 'a1cad95a6d480c14f51dd0eba4914c8337b893c789ec6278bb440c7c9a673b162f042470c62684e6da2bd342ffea7777'})
[2025-06-05 08:41:28] Récupération des données de vote pour Ultimate Exposure (URL: ultimate-exposure80, HEADER:{'User-Agent': 'Mozilla/5.0 (X11; Linux i686; rv:39.0) Gecko/20100101 Firefox/39.0', 'x-api-version': '8', 'x-env': 'WEB', 'X-requested-with': 'XMLHttpRequest', 'X-token': 'a1cad95a6d480c14f51dd0eba4914c8337b893c789ec6278bb440c7c9a673b162f042470c62684e6da2bd342ffea7777'})
[2025-06-05 08:41:28] Récupération des données de vote pour Ultimate Exposure (URL: ultimate-exposure80, HEADER:{'User-Agent': 'Mozilla/5.0 (X11; Linux i686; rv:39.0) Gecko/20100101 Firefox/39.0', 'x-api-version': '8', 'x-env': 'WEB', 'X-requested-with': 'XMLHttpRequest', 'X-token': 'a1cad95a6d480c14f51dd0eba4914c8337b893c789ec6278bb440c7c9a673b162f042470c62684e6da2bd342ffea7777'})
[2025-06-05 08:41:28] Récupération des données de vote pour Cactus & Succulent Plants (URL: cactus-succulent-plants, HEADER:{'User-Agent': 'Mozilla/5.0 (X11; Linux i686; rv:39.0) Gecko/20100101 Firefox/39.0', 'x-api-version': '8', 'x-env': 'WEB', 'X-requested-with': 'XMLHttpRequest', 'X-token': 'a1cad95a6d480c14f51dd0eba4914c8337b893c789ec6278bb440c7c9a673b162f042470c62684e6da2bd342ffea7777'})
[2025-06-05 08:41:28] Récupération des données de vote pour Cactus & Succulent Plants (URL: cactus-succulent-plants, HEADER:{'User-Agent': 'Mozilla/5.0 (X11; Linux i686; rv:39.0) Gecko/20100101 Firefox/39.0', 'x-api-version': '8', 'x-env': 'WEB', 'X-requested-with': 'XMLHttpRequest', 'X-token': 'a1cad95a6d480c14f51dd0eba4914c8337b893c789ec6278bb440c7c9a673b162f042470c62684e6da2bd342ffea7777'})
[2025-06-05 08:41:28] Récupération des données de vote pour Cactus & Succulent Plants (URL: cactus-succulent-plants, HEADER:{'User-Agent': 'Mozilla/5.0 (X11; Linux i686; rv:39.0) Gecko/20100101 Firefox/39.0', 'x-api-version': '8', 'x-env': 'WEB', 'X-requested-with': 'XMLHttpRequest', 'X-token': 'a1cad95a6d480c14f51dd0eba4914c8337b893c789ec6278bb440c7c9a673b162f042470c62684e6da2bd342ffea7777'})
[2025-06-05 08:41:28] Récupération des données de vote pour Cactus & Succulent Plants (URL: cactus-succulent-plants, HEADER:{'User-Agent': 'Mozilla/5.0 (X11; Linux i686; rv:39.0) Gecko/20100101 Firefox/39.0', 'x-api-version': '8', 'x-env': 'WEB', 'X-requested-with': 'XMLHttpRequest', 'X-token': 'a1cad95a6d480c14f51dd0eba4914c8337b893c789ec6278bb440c7c9a673b162f042470c62684e6da2bd342ffea7777'})
[2025-06-05 08:41:28] Récupération des données de vote pour Cactus & Succulent Plants (URL: cactus-succulent-plants, HEADER:{'User-Agent': 'Mozilla/5.0 (X11; Linux i686; rv:39.0) Gecko/20100101 Firefox/39.0', 'x-api-version': '8', 'x-env': 'WEB', 'X-requested-with': 'XMLHttpRequest', 'X-token': 'a1cad95a6d480c14f51dd0eba4914c8337b893c789ec6278bb440c7c9a673b162f042470c62684e6da2bd342ffea7777'})
[2025-06-05 08:41:28] Récupération des données de vote pour Cactus & Succulent Plants (URL: cactus-succulent-plants, HEADER:{'User-Agent': 'Mozilla/5.0 (X11; Linux i686; rv:39.0) Gecko/20100101 Firefox/39.0', 'x-api-version': '8', 'x-env': 'WEB', 'X-requested-with': 'XMLHttpRequest', 'X-token': 'a1cad95a6d480c14f51dd0eba4914c8337b893c789ec6278bb440c7c9a673b162f042470c62684e6da2bd342ffea7777'})
[2025-06-05 08:41:28] Récupération des données de vote pour Cactus & Succulent Plants (URL: cactus-succulent-plants, HEADER:{'User-Agent': 'Mozilla/5.0 (X11; Linux i686; rv:39.0) Gecko/20100101 Firefox/39.0', 'x-api-version': '8', 'x-env': 'WEB', 'X-requested-with': 'XMLHttpRequest', 'X-token': 'a1cad95a6d480c14f51dd0eba4914c8337b893c789ec6278bb440c7c9a673b162f042470c62684e6da2bd342ffea7777'})
[2025-06-05 08:41:28] Récupération des données de vote pour Tell a Story (URL: tell-a-story40, HEADER:{'User-Agent': 'Mozilla/5.0 (X11; Linux i686; rv:39.0) Gecko/20100101 Firefox/39.0', 'x-api-version': '8', 'x-env': 'WEB', 'X-requested-with': 'XMLHttpRequest', 'X-token': 'a1cad95a6d480c14f51dd0eba4914c8337b893c789ec6278bb440c7c9a673b162f042470c62684e6da2bd342ffea7777'})
[2025-06-05 08:41:28] Récupération des données de vote pour Tell a Story (URL: tell-a-story40, HEADER:{'User-Agent': 'Mozilla/5.0 (X11; Linux i686; rv:39.0) Gecko/20100101 Firefox/39.0', 'x-api-version': '8', 'x-env': 'WEB', 'X-requested-with': 'XMLHttpRequest', 'X-token': 'a1cad95a6d480c14f51dd0eba4914c8337b893c789ec6278bb440c7c9a673b162f042470c62684e6da2bd342ffea7777'})
[2025-06-05 08:41:28] Récupération des données de vote pour Tell a Story (URL: tell-a-story40, HEADER:{'User-Agent': 'Mozilla/5.0 (X11; Linux i686; rv:39.0) Gecko/20100101 Firefox/39.0', 'x-api-version': '8', 'x-env': 'WEB', 'X-requested-with': 'XMLHttpRequest', 'X-token': 'a1cad95a6d480c14f51dd0eba4914c8337b893c789ec6278bb440c7c9a673b162f042470c62684e6da2bd342ffea7777'})
[2025-06-05 08:41:28] Récupération des données de vote pour Tell a Story (URL: tell-a-story40, HEADER:{'User-Agent': 'Mozilla/5.0 (X11; Linux i686; rv:39.0) Gecko/20100101 Firefox/39.0', 'x-api-version': '8', 'x-env': 'WEB', 'X-requested-with': 'XMLHttpRequest', 'X-token': 'a1cad95a6d480c14f51dd0eba4914c8337b893c789ec6278bb440c7c9a673b162f042470c62684e6da2bd342ffea7777'})
[2025-06-05 08:41:28] Récupération des données de vote pour Tell a Story (URL: tell-a-story40, HEADER:{'User-Agent': 'Mozilla/5.0 (X11; Linux i686; rv:39.0) Gecko/20100101 Firefox/39.0', 'x-api-version': '8', 'x-env': 'WEB', 'X-requested-with': 'XMLHttpRequest', 'X-token': 'a1cad95a6d480c14f51dd0eba4914c8337b893c789ec6278bb440c7c9a673b162f042470c62684e6da2bd342ffea7777'})
[2025-06-05 08:41:28] Récupération des données de vote pour Tell a Story (URL: tell-a-story40, HEADER:{'User-Agent': 'Mozilla/5.0 (X11; Linux i686; rv:39.0) Gecko/20100101 Firefox/39.0', 'x-api-version': '8', 'x-env': 'WEB', 'X-requested-with': 'XMLHttpRequest', 'X-token': 'a1cad95a6d480c14f51dd0eba4914c8337b893c789ec6278bb440c7c9a673b162f042470c62684e6da2bd342ffea7777'})
[2025-06-05 08:41:28] Récupération des données de vote pour Tell a Story (URL: tell-a-story40, HEADER:{'User-Agent': 'Mozilla/5.0 (X11; Linux i686; rv:39.0) Gecko/20100101 Firefox/39.0', 'x-api-version': '8', 'x-env': 'WEB', 'X-requested-with': 'XMLHttpRequest', 'X-token': 'a1cad95a6d480c14f51dd0eba4914c8337b893c789ec6278bb440c7c9a673b162f042470c62684e6da2bd342ffea7777'})
[2025-06-05 08:41:28] Récupération des données de vote pour Gone Walking (URL: gone-walking, HEADER:{'User-Agent': 'Mozilla/5.0 (X11; Linux i686; rv:39.0) Gecko/20100101 Firefox/39.0', 'x-api-version': '8', 'x-env': 'WEB', 'X-requested-with': 'XMLHttpRequest', 'X-token': 'a1cad95a6d480c14f51dd0eba4914c8337b893c789ec6278bb440c7c9a673b162f042470c62684e6da2bd342ffea7777'})
[2025-06-05 08:41:28] Récupération des données de vote pour Gone Walking (URL: gone-walking, HEADER:{'User-Agent': 'Mozilla/5.0 (X11; Linux i686; rv:39.0) Gecko/20100101 Firefox/39.0', 'x-api-version': '8', 'x-env': 'WEB', 'X-requested-with': 'XMLHttpRequest', 'X-token': 'a1cad95a6d480c14f51dd0eba4914c8337b893c789ec6278bb440c7c9a673b162f042470c62684e6da2bd342ffea7777'})
[2025-06-05 08:41:28] Récupération des données de vote pour Gone Walking (URL: gone-walking, HEADER:{'User-Agent': 'Mozilla/5.0 (X11; Linux i686; rv:39.0) Gecko/20100101 Firefox/39.0', 'x-api-version': '8', 'x-env': 'WEB', 'X-requested-with': 'XMLHttpRequest', 'X-token': 'a1cad95a6d480c14f51dd0eba4914c8337b893c789ec6278bb440c7c9a673b162f042470c62684e6da2bd342ffea7777'})
[2025-06-05 08:41:28] Récupération des données de vote pour Gone Walking (URL: gone-walking, HEADER:{'User-Agent': 'Mozilla/5.0 (X11; Linux i686; rv:39.0) Gecko/20100101 Firefox/39.0', 'x-api-version': '8', 'x-env': 'WEB', 'X-requested-with': 'XMLHttpRequest', 'X-token': 'a1cad95a6d480c14f51dd0eba4914c8337b893c789ec6278bb440c7c9a673b162f042470c62684e6da2bd342ffea7777'})
[2025-06-05 08:41:28] Récupération des données de vote pour Gone Walking (URL: gone-walking, HEADER:{'User-Agent': 'Mozilla/5.0 (X11; Linux i686; rv:39.0) Gecko/20100101 Firefox/39.0', 'x-api-version': '8', 'x-env': 'WEB', 'X-requested-with': 'XMLHttpRequest', 'X-token': 'a1cad95a6d480c14f51dd0eba4914c8337b893c789ec6278bb440c7c9a673b162f042470c62684e6da2bd342ffea7777'})
[2025-06-05 08:41:28] Récupération des données de vote pour Gone Walking (URL: gone-walking, HEADER:{'User-Agent': 'Mozilla/5.0 (X11; Linux i686; rv:39.0) Gecko/20100101 Firefox/39.0', 'x-api-version': '8', 'x-env': 'WEB', 'X-requested-with': 'XMLHttpRequest', 'X-token': 'a1cad95a6d480c14f51dd0eba4914c8337b893c789ec6278bb440c7c9a673b162f042470c62684e6da2bd342ffea7777'})
[2025-06-05 08:41:28] Récupération des données de vote pour Gone Walking (URL: gone-walking, HEADER:{'User-Agent': 'Mozilla/5.0 (X11; Linux i686; rv:39.0) Gecko/20100101 Firefox/39.0', 'x-api-version': '8', 'x-env': 'WEB', 'X-requested-with': 'XMLHttpRequest', 'X-token': 'a1cad95a6d480c14f51dd0eba4914c8337b893c789ec6278bb440c7c9a673b162f042470c62684e6da2bd342ffea7777'})
[2025-06-05 08:41:28] Récupération des données de vote pour Great Mistakes (URL: great-mistakes, HEADER:{'User-Agent': 'Mozilla/5.0 (X11; Linux i686; rv:39.0) Gecko/20100101 Firefox/39.0', 'x-api-version': '8', 'x-env': 'WEB', 'X-requested-with': 'XMLHttpRequest', 'X-token': 'a1cad95a6d480c14f51dd0eba4914c8337b893c789ec6278bb440c7c9a673b162f042470c62684e6da2bd342ffea7777'})
[2025-06-05 08:41:28] Récupération des données de vote pour Great Mistakes (URL: great-mistakes, HEADER:{'User-Agent': 'Mozilla/5.0 (X11; Linux i686; rv:39.0) Gecko/20100101 Firefox/39.0', 'x-api-version': '8', 'x-env': 'WEB', 'X-requested-with': 'XMLHttpRequest', 'X-token': 'a1cad95a6d480c14f51dd0eba4914c8337b893c789ec6278bb440c7c9a673b162f042470c62684e6da2bd342ffea7777'})
[2025-06-05 08:41:28] Récupération des données de vote pour Great Mistakes (URL: great-mistakes, HEADER:{'User-Agent': 'Mozilla/5.0 (X11; Linux i686; rv:39.0) Gecko/20100101 Firefox/39.0', 'x-api-version': '8', 'x-env': 'WEB', 'X-requested-with': 'XMLHttpRequest', 'X-token': 'a1cad95a6d480c14f51dd0eba4914c8337b893c789ec6278bb440c7c9a673b162f042470c62684e6da2bd342ffea7777'})
[2025-06-05 08:41:28] Récupération des données de vote pour Great Mistakes (URL: great-mistakes, HEADER:{'User-Agent': 'Mozilla/5.0 (X11; Linux i686; rv:39.0) Gecko/20100101 Firefox/39.0', 'x-api-version': '8', 'x-env': 'WEB', 'X-requested-with': 'XMLHttpRequest', 'X-token': 'a1cad95a6d480c14f51dd0eba4914c8337b893c789ec6278bb440c7c9a673b162f042470c62684e6da2bd342ffea7777'})
[2025-06-05 08:41:28] Récupération des données de vote pour Great Mistakes (URL: great-mistakes, HEADER:{'User-Agent': 'Mozilla/5.0 (X11; Linux i686; rv:39.0) Gecko/20100101 Firefox/39.0', 'x-api-version': '8', 'x-env': 'WEB', 'X-requested-with': 'XMLHttpRequest', 'X-token': 'a1cad95a6d480c14f51dd0eba4914c8337b893c789ec6278bb440c7c9a673b162f042470c62684e6da2bd342ffea7777'})
[2025-06-05 08:41:28] Récupération des données de vote pour Great Mistakes (URL: great-mistakes, HEADER:{'User-Agent': 'Mozilla/5.0 (X11; Linux i686; rv:39.0) Gecko/20100101 Firefox/39.0', 'x-api-version': '8', 'x-env': 'WEB', 'X-requested-with': 'XMLHttpRequest', 'X-token': 'a1cad95a6d480c14f51dd0eba4914c8337b893c789ec6278bb440c7c9a673b162f042470c62684e6da2bd342ffea7777'})
[2025-06-05 08:41:28] Récupération des données de vote pour Great Mistakes (URL: great-mistakes, HEADER:{'User-Agent': 'Mozilla/5.0 (X11; Linux i686; rv:39.0) Gecko/20100101 Firefox/39.0', 'x-api-version': '8', 'x-env': 'WEB', 'X-requested-with': 'XMLHttpRequest', 'X-token': 'a1cad95a6d480c14f51dd0eba4914c8337b893c789ec6278bb440c7c9a673b162f042470c62684e6da2bd342ffea7777'})
[2025-06-05 08:41:28] Récupération des données de vote pour Dramatic Lighting (URL: dramatic-lighting11, HEADER:{'User-Agent': 'Mozilla/5.0 (X11; Linux i686; rv:39.0) Gecko/20100101 Firefox/39.0', 'x-api-version': '8', 'x-env': 'WEB', 'X-requested-with': 'XMLHttpRequest', 'X-token': 'a1cad95a6d480c14f51dd0eba4914c8337b893c789ec6278bb440c7c9a673b162f042470c62684e6da2bd342ffea7777'})
[2025-06-05 08:41:28] Récupération des données de vote pour Dramatic Lighting (URL: dramatic-lighting11, HEADER:{'User-Agent': 'Mozilla/5.0 (X11; Linux i686; rv:39.0) Gecko/20100101 Firefox/39.0', 'x-api-version': '8', 'x-env': 'WEB', 'X-requested-with': 'XMLHttpRequest', 'X-token': 'a1cad95a6d480c14f51dd0eba4914c8337b893c789ec6278bb440c7c9a673b162f042470c62684e6da2bd342ffea7777'})
[2025-06-05 08:41:28] Récupération des données de vote pour Dramatic Lighting (URL: dramatic-lighting11, HEADER:{'User-Agent': 'Mozilla/5.0 (X11; Linux i686; rv:39.0) Gecko/20100101 Firefox/39.0', 'x-api-version': '8', 'x-env': 'WEB', 'X-requested-with': 'XMLHttpRequest', 'X-token': 'a1cad95a6d480c14f51dd0eba4914c8337b893c789ec6278bb440c7c9a673b162f042470c62684e6da2bd342ffea7777'})
[2025-06-05 08:41:28] Récupération des données de vote pour Dramatic Lighting (URL: dramatic-lighting11, HEADER:{'User-Agent': 'Mozilla/5.0 (X11; Linux i686; rv:39.0) Gecko/20100101 Firefox/39.0', 'x-api-version': '8', 'x-env': 'WEB', 'X-requested-with': 'XMLHttpRequest', 'X-token': 'a1cad95a6d480c14f51dd0eba4914c8337b893c789ec6278bb440c7c9a673b162f042470c62684e6da2bd342ffea7777'})
[2025-06-05 08:41:28] Récupération des données de vote pour Dramatic Lighting (URL: dramatic-lighting11, HEADER:{'User-Agent': 'Mozilla/5.0 (X11; Linux i686; rv:39.0) Gecko/20100101 Firefox/39.0', 'x-api-version': '8', 'x-env': 'WEB', 'X-requested-with': 'XMLHttpRequest', 'X-token': 'a1cad95a6d480c14f51dd0eba4914c8337b893c789ec6278bb440c7c9a673b162f042470c62684e6da2bd342ffea7777'})
[2025-06-05 08:41:28] Récupération des données de vote pour Dramatic Lighting (URL: dramatic-lighting11, HEADER:{'User-Agent': 'Mozilla/5.0 (X11; Linux i686; rv:39.0) Gecko/20100101 Firefox/39.0', 'x-api-version': '8', 'x-env': 'WEB', 'X-requested-with': 'XMLHttpRequest', 'X-token': 'a1cad95a6d480c14f51dd0eba4914c8337b893c789ec6278bb440c7c9a673b162f042470c62684e6da2bd342ffea7777'})
[2025-06-05 08:41:28] Récupération des données de vote pour Dramatic Lighting (URL: dramatic-lighting11, HEADER:{'User-Agent': 'Mozilla/5.0 (X11; Linux i686; rv:39.0) Gecko/20100101 Firefox/39.0', 'x-api-version': '8', 'x-env': 'WEB', 'X-requested-with': 'XMLHttpRequest', 'X-token': 'a1cad95a6d480c14f51dd0eba4914c8337b893c789ec6278bb440c7c9a673b162f042470c62684e6da2bd342ffea7777'})
[2025-06-05 08:41:28] Récupération des données de vote pour Photo of the Week! (URL: photo-of-the-week-299, HEADER:{'User-Agent': 'Mozilla/5.0 (X11; Linux i686; rv:39.0) Gecko/20100101 Firefox/39.0', 'x-api-version': '8', 'x-env': 'WEB', 'X-requested-with': 'XMLHttpRequest', 'X-token': 'a1cad95a6d480c14f51dd0eba4914c8337b893c789ec6278bb440c7c9a673b162f042470c62684e6da2bd342ffea7777'})
[2025-06-05 08:41:28] Récupération des données de vote pour Photo of the Week! (URL: photo-of-the-week-299, HEADER:{'User-Agent': 'Mozilla/5.0 (X11; Linux i686; rv:39.0) Gecko/20100101 Firefox/39.0', 'x-api-version': '8', 'x-env': 'WEB', 'X-requested-with': 'XMLHttpRequest', 'X-token': 'a1cad95a6d480c14f51dd0eba4914c8337b893c789ec6278bb440c7c9a673b162f042470c62684e6da2bd342ffea7777'})
[2025-06-05 08:41:28] Récupération des données de vote pour Photo of the Week! (URL: photo-of-the-week-299, HEADER:{'User-Agent': 'Mozilla/5.0 (X11; Linux i686; rv:39.0) Gecko/20100101 Firefox/39.0', 'x-api-version': '8', 'x-env': 'WEB', 'X-requested-with': 'XMLHttpRequest', 'X-token': 'a1cad95a6d480c14f51dd0eba4914c8337b893c789ec6278bb440c7c9a673b162f042470c62684e6da2bd342ffea7777'})
[2025-06-05 08:41:28] Récupération des données de vote pour Photo of the Week! (URL: photo-of-the-week-299, HEADER:{'User-Agent': 'Mozilla/5.0 (X11; Linux i686; rv:39.0) Gecko/20100101 Firefox/39.0', 'x-api-version': '8', 'x-env': 'WEB', 'X-requested-with': 'XMLHttpRequest', 'X-token': 'a1cad95a6d480c14f51dd0eba4914c8337b893c789ec6278bb440c7c9a673b162f042470c62684e6da2bd342ffea7777'})
[2025-06-05 08:41:28] Récupération des données de vote pour Photo of the Week! (URL: photo-of-the-week-299, HEADER:{'User-Agent': 'Mozilla/5.0 (X11; Linux i686; rv:39.0) Gecko/20100101 Firefox/39.0', 'x-api-version': '8', 'x-env': 'WEB', 'X-requested-with': 'XMLHttpRequest', 'X-token': 'a1cad95a6d480c14f51dd0eba4914c8337b893c789ec6278bb440c7c9a673b162f042470c62684e6da2bd342ffea7777'})
[2025-06-05 08:41:28] Récupération des données de vote pour Photo of the Week! (URL: photo-of-the-week-299, HEADER:{'User-Agent': 'Mozilla/5.0 (X11; Linux i686; rv:39.0) Gecko/20100101 Firefox/39.0', 'x-api-version': '8', 'x-env': 'WEB', 'X-requested-with': 'XMLHttpRequest', 'X-token': 'a1cad95a6d480c14f51dd0eba4914c8337b893c789ec6278bb440c7c9a673b162f042470c62684e6da2bd342ffea7777'})
[2025-06-05 08:41:28] Récupération des données de vote pour Photo of the Week! (URL: photo-of-the-week-299, HEADER:{'User-Agent': 'Mozilla/5.0 (X11; Linux i686; rv:39.0) Gecko/20100101 Firefox/39.0', 'x-api-version': '8', 'x-env': 'WEB', 'X-requested-with': 'XMLHttpRequest', 'X-token': 'a1cad95a6d480c14f51dd0eba4914c8337b893c789ec6278bb440c7c9a673b162f042470c62684e6da2bd342ffea7777'})
[2025-06-05 08:41:28] Récupération des données de vote pour Photo of the Day (URL: photo-of-the-day75, HEADER:{'User-Agent': 'Mozilla/5.0 (X11; Linux i686; rv:39.0) Gecko/20100101 Firefox/39.0', 'x-api-version': '8', 'x-env': 'WEB', 'X-requested-with': 'XMLHttpRequest', 'X-token': 'a1cad95a6d480c14f51dd0eba4914c8337b893c789ec6278bb440c7c9a673b162f042470c62684e6da2bd342ffea7777'})
[2025-06-05 08:41:28] Récupération des données de vote pour Photo of the Day (URL: photo-of-the-day75, HEADER:{'User-Agent': 'Mozilla/5.0 (X11; Linux i686; rv:39.0) Gecko/20100101 Firefox/39.0', 'x-api-version': '8', 'x-env': 'WEB', 'X-requested-with': 'XMLHttpRequest', 'X-token': 'a1cad95a6d480c14f51dd0eba4914c8337b893c789ec6278bb440c7c9a673b162f042470c62684e6da2bd342ffea7777'})
[2025-06-05 08:41:28] Récupération des données de vote pour Photo of the Day (URL: photo-of-the-day75, HEADER:{'User-Agent': 'Mozilla/5.0 (X11; Linux i686; rv:39.0) Gecko/20100101 Firefox/39.0', 'x-api-version': '8', 'x-env': 'WEB', 'X-requested-with': 'XMLHttpRequest', 'X-token': 'a1cad95a6d480c14f51dd0eba4914c8337b893c789ec6278bb440c7c9a673b162f042470c62684e6da2bd342ffea7777'})
[2025-06-05 08:41:28] Récupération des données de vote pour Photo of the Day (URL: photo-of-the-day75, HEADER:{'User-Agent': 'Mozilla/5.0 (X11; Linux i686; rv:39.0) Gecko/20100101 Firefox/39.0', 'x-api-version': '8', 'x-env': 'WEB', 'X-requested-with': 'XMLHttpRequest', 'X-token': 'a1cad95a6d480c14f51dd0eba4914c8337b893c789ec6278bb440c7c9a673b162f042470c62684e6da2bd342ffea7777'})
[2025-06-05 08:41:28] Récupération des données de vote pour Photo of the Day (URL: photo-of-the-day75, HEADER:{'User-Agent': 'Mozilla/5.0 (X11; Linux i686; rv:39.0) Gecko/20100101 Firefox/39.0', 'x-api-version': '8', 'x-env': 'WEB', 'X-requested-with': 'XMLHttpRequest', 'X-token': 'a1cad95a6d480c14f51dd0eba4914c8337b893c789ec6278bb440c7c9a673b162f042470c62684e6da2bd342ffea7777'})
[2025-06-05 08:41:28] Récupération des données de vote pour Photo of the Day (URL: photo-of-the-day75, HEADER:{'User-Agent': 'Mozilla/5.0 (X11; Linux i686; rv:39.0) Gecko/20100101 Firefox/39.0', 'x-api-version': '8', 'x-env': 'WEB', 'X-requested-with': 'XMLHttpRequest', 'X-token': 'a1cad95a6d480c14f51dd0eba4914c8337b893c789ec6278bb440c7c9a673b162f042470c62684e6da2bd342ffea7777'})
[2025-06-05 08:41:28] Récupération des données de vote pour Photo of the Day (URL: photo-of-the-day75, HEADER:{'User-Agent': 'Mozilla/5.0 (X11; Linux i686; rv:39.0) Gecko/20100101 Firefox/39.0', 'x-api-version': '8', 'x-env': 'WEB', 'X-requested-with': 'XMLHttpRequest', 'X-token': 'a1cad95a6d480c14f51dd0eba4914c8337b893c789ec6278bb440c7c9a673b162f042470c62684e6da2bd342ffea7777'})
[2025-06-05 08:41:30] Récupération réussie: 200 images pour Artworks on Walls
[2025-06-05 08:41:30] Voting fetching ...
[2025-06-05 08:41:30] Artworks on Walls voting 10 images
[2025-06-05 08:41:30] Récupération réussie: 200 images pour Beautiful Eyes
[2025-06-05 08:41:30] Voting fetching ...
[2025-06-05 08:41:30] Beautiful Eyes voting 10 images
[2025-06-05 08:41:30] Récupération réussie: 200 images pour Artworks on Walls
[2025-06-05 08:41:30] Voting fetching ...
[2025-06-05 08:41:30] Artworks on Walls voting 10 images
[2025-06-05 08:41:30] Récupération réussie: 200 images pour Artworks on Walls
[2025-06-05 08:41:30] Voting fetching ...
[2025-06-05 08:41:30] Artworks on Walls voting 10 images
[2025-06-05 08:41:30] Récupération réussie: 200 images pour Beautiful Eyes
[2025-06-05 08:41:30] Voting fetching ...
[2025-06-05 08:41:30] Beautiful Eyes voting 10 images
[2025-06-05 08:41:30] Récupération réussie: 200 images pour Artworks on Walls
[2025-06-05 08:41:30] Voting fetching ...
[2025-06-05 08:41:30] Artworks on Walls voting 10 images
[2025-06-05 08:41:30] Récupération réussie: 200 images pour Artworks on Walls
[2025-06-05 08:41:30] Voting fetching ...
[2025-06-05 08:41:30] Artworks on Walls voting 10 images
[2025-06-05 08:41:30] Récupération réussie: 200 images pour Nature’s Soothing Sounds
[2025-06-05 08:41:30] Voting fetching ...
[2025-06-05 08:41:30] Nature’s Soothing Sounds voting 10 images
[2025-06-05 08:41:30] Récupération réussie: 200 images pour Artworks on Walls
[2025-06-05 08:41:30] Voting fetching ...
[2025-06-05 08:41:30] Artworks on Walls voting 10 images
[2025-06-05 08:41:30] Récupération réussie: 200 images pour Great Mistakes
[2025-06-05 08:41:30] Voting fetching ...
[2025-06-05 08:41:30] Great Mistakes voting 10 images
[2025-06-05 08:41:30] Récupération réussie: 200 images pour Great Mistakes
[2025-06-05 08:41:30] Voting fetching ...
[2025-06-05 08:41:30] Great Mistakes voting 10 images
[2025-06-05 08:41:30] Récupération réussie: 200 images pour Photo of the Week!
[2025-06-05 08:41:30] Voting fetching ...
[2025-06-05 08:41:30] Photo of the Week! voting 10 images
[2025-06-05 08:41:30] Récupération réussie: 200 images pour Beautiful Eyes
[2025-06-05 08:41:30] Voting fetching ...
[2025-06-05 08:41:30] Beautiful Eyes voting 10 images
[2025-06-05 08:41:30] Récupération réussie: 200 images pour Cactus & Succulent Plants
[2025-06-05 08:41:30] Voting fetching ...
[2025-06-05 08:41:30] Cactus & Succulent Plants voting 10 images
[2025-06-05 08:41:30] Récupération réussie: 200 images pour Beautiful Eyes
[2025-06-05 08:41:30] Voting fetching ...
[2025-06-05 08:41:30] Beautiful Eyes voting 10 images
[2025-06-05 08:41:30] Récupération réussie: 200 images pour Cactus & Succulent Plants
[2025-06-05 08:41:30] Voting fetching ...
[2025-06-05 08:41:30] Cactus & Succulent Plants voting 10 images
[2025-06-05 08:41:30] Récupération réussie: 200 images pour Great Mistakes
[2025-06-05 08:41:30] Voting fetching ...
[2025-06-05 08:41:30] Great Mistakes voting 10 images
[2025-06-05 08:41:30] Récupération réussie: 200 images pour Cactus & Succulent Plants
[2025-06-05 08:41:30] Voting fetching ...
[2025-06-05 08:41:30] Cactus & Succulent Plants voting 10 images
[2025-06-05 08:41:30] Récupération réussie: 200 images pour Photo of the Week!
[2025-06-05 08:41:30] Voting fetching ...
[2025-06-05 08:41:30] Photo of the Week! voting 10 images
[2025-06-05 08:41:30] Récupération réussie: 200 images pour Cactus & Succulent Plants
[2025-06-05 08:41:30] Voting fetching ...
[2025-06-05 08:41:30] Cactus & Succulent Plants voting 10 images
[2025-06-05 08:41:30] Récupération réussie: 200 images pour Joined Together
[2025-06-05 08:41:30] Voting fetching ...
[2025-06-05 08:41:30] Joined Together voting 10 images
[2025-06-05 08:41:30] Récupération réussie: 200 images pour Photo of the Week!
[2025-06-05 08:41:30] Voting fetching ...
[2025-06-05 08:41:30] Photo of the Week! voting 10 images
[2025-06-05 08:41:30] Récupération réussie: 200 images pour Cactus & Succulent Plants
[2025-06-05 08:41:30] Voting fetching ...
[2025-06-05 08:41:30] Cactus & Succulent Plants voting 10 images
[2025-06-05 08:41:31] Récupération réussie: 200 images pour Great Mistakes
[2025-06-05 08:41:31] Voting fetching ...
[2025-06-05 08:41:31] Great Mistakes voting 10 images
[2025-06-05 08:41:31] Récupération réussie: 200 images pour Great Mistakes
[2025-06-05 08:41:31] Voting fetching ...
[2025-06-05 08:41:31] Great Mistakes voting 10 images
[2025-06-05 08:41:31] Récupération réussie: 200 images pour Photo of the Week!
[2025-06-05 08:41:31] Voting fetching ...
[2025-06-05 08:41:31] Photo of the Week! voting 10 images
[2025-06-05 08:41:31] Récupération réussie: 200 images pour Great Mistakes
[2025-06-05 08:41:31] Voting fetching ...
[2025-06-05 08:41:31] Great Mistakes voting 10 images
[2025-06-05 08:41:31] Récupération réussie: 200 images pour Beautiful Eyes
[2025-06-05 08:41:31] Voting fetching ...
[2025-06-05 08:41:31] Beautiful Eyes voting 10 images
[2025-06-05 08:41:31] Récupération réussie: 200 images pour Photo of the Week!
[2025-06-05 08:41:31] Voting fetching ...
[2025-06-05 08:41:31] Photo of the Week! voting 10 images
[2025-06-05 08:41:31] Récupération réussie: 200 images pour Joined Together
[2025-06-05 08:41:31] Voting fetching ...
[2025-06-05 08:41:31] Joined Together voting 10 images
[2025-06-05 08:41:31] Récupération réussie: 200 images pour Cactus & Succulent Plants
[2025-06-05 08:41:31] Voting fetching ...
[2025-06-05 08:41:31] Cactus & Succulent Plants voting 10 images
[2025-06-05 08:41:31] Récupération réussie: 200 images pour Nature’s Soothing Sounds
[2025-06-05 08:41:31] Voting fetching ...
[2025-06-05 08:41:31] Nature’s Soothing Sounds voting 10 images
[2025-06-05 08:41:31] Récupération réussie: 200 images pour Nature’s Soothing Sounds
[2025-06-05 08:41:31] Voting fetching ...
[2025-06-05 08:41:31] Nature’s Soothing Sounds voting 10 images
[2025-06-05 08:41:31] Récupération réussie: 200 images pour Great Mistakes
[2025-06-05 08:41:31] Voting fetching ...
[2025-06-05 08:41:31] Great Mistakes voting 10 images
[2025-06-05 08:41:31] Récupération réussie: 200 images pour Artworks on Walls
[2025-06-05 08:41:31] Voting fetching ...
[2025-06-05 08:41:31] Artworks on Walls voting 10 images
[2025-06-05 08:41:31] Récupération réussie: 200 images pour Show me your World
[2025-06-05 08:41:31] Voting fetching ...
[2025-06-05 08:41:31] Show me your World voting 10 images
[2025-06-05 08:41:31] Récupération réussie: 200 images pour Nature’s Soothing Sounds
[2025-06-05 08:41:31] Voting fetching ...
[2025-06-05 08:41:31] Nature’s Soothing Sounds voting 10 images
[2025-06-05 08:41:31] Récupération réussie: 200 images pour Show me your World
[2025-06-05 08:41:31] Voting fetching ...
[2025-06-05 08:41:31] Show me your World voting 10 images
[2025-06-05 08:41:31] Récupération réussie: 200 images pour Photo of the Day
[2025-06-05 08:41:31] Voting fetching ...
[2025-06-05 08:41:31] Photo of the Day voting 10 images
[2025-06-05 08:41:31] Récupération réussie: 200 images pour Nature’s Soothing Sounds
[2025-06-05 08:41:31] Voting fetching ...
[2025-06-05 08:41:31] Nature’s Soothing Sounds voting 10 images
[2025-06-05 08:41:31] Récupération réussie: 200 images pour Joined Together
[2025-06-05 08:41:31] Voting fetching ...
[2025-06-05 08:41:31] Joined Together voting 10 images
[2025-06-05 08:41:31] Récupération réussie: 200 images pour Photo of the Day
[2025-06-05 08:41:31] Voting fetching ...
[2025-06-05 08:41:31] Photo of the Day voting 10 images
[2025-06-05 08:41:31] Récupération réussie: 200 images pour Nature’s Soothing Sounds
[2025-06-05 08:41:31] Voting fetching ...
[2025-06-05 08:41:31] Nature’s Soothing Sounds voting 10 images
[2025-06-05 08:41:31] Récupération réussie: 200 images pour Beautiful Eyes
[2025-06-05 08:41:31] Voting fetching ...
[2025-06-05 08:41:31] Beautiful Eyes voting 10 images
[2025-06-05 08:41:31] Récupération réussie: 200 images pour Nature’s Soothing Sounds
[2025-06-05 08:41:31] Voting fetching ...
[2025-06-05 08:41:31] Nature’s Soothing Sounds voting 10 images
[2025-06-05 08:41:31] Récupération réussie: 200 images pour Joined Together
[2025-06-05 08:41:31] Voting fetching ...
[2025-06-05 08:41:31] Joined Together voting 10 images
[2025-06-05 08:41:32] Récupération réussie: 200 images pour Photo of the Week!
[2025-06-05 08:41:32] Voting fetching ...
[2025-06-05 08:41:32] Photo of the Week! voting 10 images
[2025-06-05 08:41:32] Récupération réussie: 200 images pour Joined Together
[2025-06-05 08:41:32] Voting fetching ...
[2025-06-05 08:41:32] Joined Together voting 10 images
[2025-06-05 08:41:32] Récupération réussie: 200 images pour Beautiful Eyes
[2025-06-05 08:41:32] Voting fetching ...
[2025-06-05 08:41:32] Beautiful Eyes voting 10 images
[2025-06-05 08:41:32] Récupération réussie: 200 images pour Photo of the Day
[2025-06-05 08:41:32] Voting fetching ...
[2025-06-05 08:41:32] Photo of the Day voting 10 images
[2025-06-05 08:41:32] Récupération réussie: 200 images pour Cactus & Succulent Plants
[2025-06-05 08:41:32] Voting fetching ...
[2025-06-05 08:41:32] Cactus & Succulent Plants voting 10 images
[2025-06-05 08:41:32] Récupération réussie: 200 images pour Photo of the Week!
[2025-06-05 08:41:32] Voting fetching ...
[2025-06-05 08:41:32] Photo of the Week! voting 10 images
[2025-06-05 08:41:32] Récupération réussie: 200 images pour Photo of the Day
[2025-06-05 08:41:32] Voting fetching ...
[2025-06-05 08:41:32] Photo of the Day voting 10 images
[2025-06-05 08:41:32] Récupération réussie: 200 images pour Joined Together
[2025-06-05 08:41:32] Voting fetching ...
[2025-06-05 08:41:32] Joined Together voting 10 images
[2025-06-05 08:41:32] Récupération réussie: 200 images pour Joined Together
[2025-06-05 08:41:32] Voting fetching ...
[2025-06-05 08:41:32] Joined Together voting 10 images
[2025-06-05 08:41:32] Récupération réussie: 200 images pour Photo of the Day
[2025-06-05 08:41:32] Voting fetching ...
[2025-06-05 08:41:32] Photo of the Day voting 10 images
[2025-06-05 08:41:32] Récupération réussie: 200 images pour Photo of the Day
[2025-06-05 08:41:32] Voting fetching ...
[2025-06-05 08:41:32] Photo of the Day voting 10 images
[2025-06-05 08:41:32] Récupération réussie: 200 images pour Tell a Story
[2025-06-05 08:41:32] Voting fetching ...
[2025-06-05 08:41:32] Tell a Story voting 10 images
[2025-06-05 08:41:32] Récupération réussie: 200 images pour Gone Walking
[2025-06-05 08:41:32] Voting fetching ...
[2025-06-05 08:41:32] Gone Walking voting 10 images
[2025-06-05 08:41:32] Récupération réussie: 200 images pour Photo of the Day
[2025-06-05 08:41:32] Voting fetching ...
[2025-06-05 08:41:32] Photo of the Day voting 10 images
[2025-06-05 08:41:32] Récupération réussie: 200 images pour Show me your World
[2025-06-05 08:41:32] Voting fetching ...
[2025-06-05 08:41:32] Show me your World voting 10 images
[2025-06-05 08:41:32] Récupération réussie: 200 images pour Gone Walking
[2025-06-05 08:41:32] Voting fetching ...
[2025-06-05 08:41:32] Gone Walking voting 10 images
[2025-06-05 08:41:32] Récupération réussie: 200 images pour Gone Walking
[2025-06-05 08:41:32] Voting fetching ...
[2025-06-05 08:41:32] Gone Walking voting 10 images
[2025-06-05 08:41:32] Récupération réussie: 200 images pour Tell a Story
[2025-06-05 08:41:32] Voting fetching ...
[2025-06-05 08:41:32] Tell a Story voting 10 images
[2025-06-05 08:41:32] Récupération réussie: 200 images pour Show me your World
[2025-06-05 08:41:32] Voting fetching ...
[2025-06-05 08:41:32] Show me your World voting 10 images
[2025-06-05 08:41:32] Récupération réussie: 200 images pour Gone Walking
[2025-06-05 08:41:32] Voting fetching ...
[2025-06-05 08:41:32] Gone Walking voting 10 images
[2025-06-05 08:41:32] Récupération réussie: 200 images pour Tell a Story
[2025-06-05 08:41:32] Voting fetching ...
[2025-06-05 08:41:32] Tell a Story voting 10 images
[2025-06-05 08:41:32] Récupération réussie: 200 images pour Tell a Story
[2025-06-05 08:41:32] Voting fetching ...
[2025-06-05 08:41:32] Tell a Story voting 10 images
[2025-06-05 08:41:32] Récupération réussie: 200 images pour Tell a Story
[2025-06-05 08:41:32] Voting fetching ...
[2025-06-05 08:41:32] Tell a Story voting 10 images
[2025-06-05 08:41:32] Récupération réussie: 200 images pour Show me your World
[2025-06-05 08:41:32] Voting fetching ...
[2025-06-05 08:41:32] Show me your World voting 10 images
[2025-06-05 08:41:32] Récupération réussie: 200 images pour Gone Walking
[2025-06-05 08:41:32] Voting fetching ...
[2025-06-05 08:41:32] Gone Walking voting 10 images
[2025-06-05 08:41:32] Récupération réussie: 200 images pour Tell a Story
[2025-06-05 08:41:32] Voting fetching ...
[2025-06-05 08:41:32] Tell a Story voting 10 images
[2025-06-05 08:41:32] Récupération réussie: 200 images pour Show me your World
[2025-06-05 08:41:32] Voting fetching ...
[2025-06-05 08:41:32] Show me your World voting 10 images
[2025-06-05 08:41:32] Récupération réussie: 200 images pour Tell a Story
[2025-06-05 08:41:32] Voting fetching ...
[2025-06-05 08:41:32] Tell a Story voting 10 images
[2025-06-05 08:41:32] Récupération réussie: 200 images pour Show me your World
[2025-06-05 08:41:32] Voting fetching ...
[2025-06-05 08:41:32] Show me your World voting 10 images
[2025-06-05 08:41:32] Récupération réussie: 200 images pour Gone Walking
[2025-06-05 08:41:32] Voting fetching ...
[2025-06-05 08:41:32] Gone Walking voting 10 images
[2025-06-05 08:41:32] Récupération réussie: 200 images pour Gone Walking
[2025-06-05 08:41:32] Voting fetching ...
[2025-06-05 08:41:32] Gone Walking voting 10 images
[2025-06-05 08:41:33] Récupération réussie: 200 images pour Ultimate Exposure
[2025-06-05 08:41:33] Voting fetching ...
[2025-06-05 08:41:33] Ultimate Exposure voting 10 images
[2025-06-05 08:41:33] Récupération réussie: 200 images pour Dramatic Lighting
[2025-06-05 08:41:33] Voting fetching ...
[2025-06-05 08:41:33] Dramatic Lighting voting 10 images
[2025-06-05 08:41:33] Récupération réussie: 200 images pour Dramatic Lighting
[2025-06-05 08:41:33] Voting fetching ...
[2025-06-05 08:41:33] Dramatic Lighting voting 10 images
[2025-06-05 08:41:33] Récupération réussie: 200 images pour Dramatic Lighting
[2025-06-05 08:41:33] Voting fetching ...
[2025-06-05 08:41:33] Dramatic Lighting voting 10 images
[2025-06-05 08:41:33] Récupération réussie: 200 images pour Ultimate Exposure
[2025-06-05 08:41:33] Voting fetching ...
[2025-06-05 08:41:33] Ultimate Exposure voting 10 images
[2025-06-05 08:41:33] Récupération réussie: 200 images pour Dramatic Lighting
[2025-06-05 08:41:33] Voting fetching ...
[2025-06-05 08:41:33] Dramatic Lighting voting 10 images
[2025-06-05 08:41:33] Récupération réussie: 200 images pour Dramatic Lighting
[2025-06-05 08:41:33] Voting fetching ...
[2025-06-05 08:41:33] Dramatic Lighting voting 10 images
[2025-06-05 08:41:33] Récupération réussie: 200 images pour Dramatic Lighting
[2025-06-05 08:41:33] Voting fetching ...
[2025-06-05 08:41:33] Dramatic Lighting voting 10 images
[2025-06-05 08:41:33] Récupération réussie: 200 images pour Ultimate Exposure
[2025-06-05 08:41:33] Voting fetching ...
[2025-06-05 08:41:33] Ultimate Exposure voting 10 images
[2025-06-05 08:41:33] Récupération réussie: 200 images pour Dramatic Lighting
[2025-06-05 08:41:33] Voting fetching ...
[2025-06-05 08:41:33] Dramatic Lighting voting 10 images
[2025-06-05 08:41:33] Récupération réussie: 200 images pour Ultimate Exposure
[2025-06-05 08:41:33] Voting fetching ...
[2025-06-05 08:41:33] Ultimate Exposure voting 10 images
[2025-06-05 08:41:33] Récupération réussie: 200 images pour Ultimate Exposure
[2025-06-05 08:41:33] Voting fetching ...
[2025-06-05 08:41:33] Ultimate Exposure voting 10 images
[2025-06-05 08:41:33] Récupération réussie: 200 images pour Ultimate Exposure
[2025-06-05 08:41:33] Voting fetching ...
[2025-06-05 08:41:33] Ultimate Exposure voting 10 images
[2025-06-05 08:41:33] Récupération réussie: 200 images pour Ultimate Exposure
[2025-06-05 08:41:33] Voting fetching ...
[2025-06-05 08:41:33] Ultimate Exposure voting 10 images
[2025-06-05 08:41:34] Beautiful Eyes voted successfully
[2025-06-05 08:41:36] Artworks on Walls voted successfully
[2025-06-05 08:41:38] Artworks on Walls voted successfully
[2025-06-05 08:41:40] Beautiful Eyes voted successfully
[2025-06-05 08:41:42] Artworks on Walls voted successfully
[2025-06-05 08:41:44] Great Mistakes voted successfully
[2025-06-05 08:41:46] Artworks on Walls voted successfully
[2025-06-05 08:41:48] Beautiful Eyes voted successfully
[2025-06-05 08:41:50] Photo of the Week! voted successfully
[2025-06-05 08:41:52] Cactus & Succulent Plants voted successfully
[2025-06-05 08:41:54] Great Mistakes voted successfully
[2025-06-05 08:41:56] Nature’s Soothing Sounds voted successfully
[2025-06-05 08:41:58] Artworks on Walls voted successfully
[2025-06-05 08:42:00] Cactus & Succulent Plants voted successfully
[2025-06-05 08:42:02] Joined Together voted successfully
[2025-06-05 08:42:04] Great Mistakes voted successfully
[2025-06-05 08:42:06] Artworks on Walls voted successfully
[2025-06-05 08:42:08] Artworks on Walls voted successfully
[2025-06-05 08:42:10] Photo of the Week! voted successfully
[2025-06-05 08:42:12] Nature’s Soothing Sounds voted successfully
[2025-06-05 08:42:14] Beautiful Eyes voted successfully
[2025-06-05 08:42:16] Great Mistakes voted successfully
[2025-06-05 08:42:18] Cactus & Succulent Plants voted successfully
[2025-06-05 08:42:20] Cactus & Succulent Plants voted successfully
[2025-06-05 08:42:22] Photo of the Day voted successfully
[2025-06-05 08:42:24] Photo of the Week! voted successfully
[2025-06-05 08:42:26] Great Mistakes voted successfully
[2025-06-05 08:42:28] Beautiful Eyes voted successfully
[2025-06-05 08:42:30] Nature’s Soothing Sounds voted successfully
[2025-06-05 08:42:32] Great Mistakes voted successfully
[2025-06-05 08:42:34] Joined Together voted successfully
[2025-06-05 08:42:36] Nature’s Soothing Sounds voted successfully
[2025-06-05 08:42:38] Photo of the Day voted successfully
[2025-06-05 08:42:40] Beautiful Eyes voted successfully
[2025-06-05 08:42:42] Nature’s Soothing Sounds voted successfully
[2025-06-05 08:42:44] Photo of the Week! voted successfully
[2025-06-05 08:42:46] Joined Together voted successfully
[2025-06-05 08:42:48] Cactus & Succulent Plants voted successfully
[2025-06-05 08:42:50] Nature’s Soothing Sounds voted successfully
[2025-06-05 08:42:52] Joined Together voted successfully
[2025-06-05 08:42:54] Great Mistakes voted successfully
[2025-06-05 08:42:56] Cactus & Succulent Plants voted successfully
[2025-06-05 08:42:58] Photo of the Week! voted successfully
[2025-06-05 08:43:00] Photo of the Day voted successfully
[2025-06-05 08:43:02] Photo of the Day voted successfully
[2025-06-05 08:43:04] Gone Walking voted successfully
[2025-06-05 08:43:06] Nature’s Soothing Sounds voted successfully
[2025-06-05 08:43:08] Show me your World voted successfully
[2025-06-05 08:43:10] Gone Walking voted successfully
[2025-06-05 08:43:12] Gone Walking voted successfully
[2025-06-05 08:43:14] Tell a Story voted successfully
[2025-06-05 08:43:16] Joined Together voted successfully
[2025-06-05 08:43:18] Photo of the Day voted successfully
[2025-06-05 08:43:20] Show me your World voted successfully
[2025-06-05 08:43:22] Joined Together voted successfully
[2025-06-05 08:43:24] Photo of the Week! voted successfully
[2025-06-05 08:43:26] Tell a Story voted successfully
[2025-06-05 08:43:28] Show me your World voted successfully
[2025-06-05 08:43:30] Cactus & Succulent Plants voted successfully
[2025-06-05 08:43:32] Photo of the Day voted successfully
[2025-06-05 08:43:34] Joined Together voted successfully
[2025-06-05 08:43:36] Show me your World voted successfully
[2025-06-05 08:43:38] Gone Walking voted successfully
[2025-06-05 08:43:40] Tell a Story voted successfully
[2025-06-05 08:43:42] Beautiful Eyes voted successfully
[2025-06-05 08:43:44] Gone Walking voted successfully
[2025-06-05 08:43:46] Show me your World voted successfully
[2025-06-05 08:43:48] Ultimate Exposure voted successfully
[2025-06-05 08:43:50] Tell a Story voted successfully
[2025-06-05 08:43:52] Dramatic Lighting voted successfully
[2025-06-05 08:43:54] Dramatic Lighting voted successfully
[2025-06-05 08:43:56] Show me your World voted successfully
[2025-06-05 08:43:58] Ultimate Exposure voted successfully
[2025-06-05 08:44:00] Ultimate Exposure voted successfully
[2025-06-05 08:44:02] Gone Walking voted successfully
[2025-06-05 08:44:04] Show me your World voted successfully
[2025-06-05 08:44:06] Dramatic Lighting voted successfully
[2025-06-05 08:44:08] Gone Walking voted successfully
[2025-06-05 08:44:10] Photo of the Week! voted successfully
[2025-06-05 08:44:12] Tell a Story voted successfully
[2025-06-05 08:44:14] Ultimate Exposure voted successfully
[2025-06-05 08:44:16] Dramatic Lighting voted successfully
[2025-06-05 08:44:18] Ultimate Exposure voted successfully
[2025-06-05 08:44:20] Dramatic Lighting voted successfully
[2025-06-05 08:44:22] Photo of the Day voted successfully
[2025-06-05 08:44:24] Dramatic Lighting voted successfully
[2025-06-05 08:44:26] Ultimate Exposure voted successfully
[2025-06-05 08:44:28] Ultimate Exposure voted successfully
[2025-06-05 08:44:30] Tell a Story voted successfully
[2025-06-05 08:44:32] Tell a Story voted successfully
[2025-06-05 08:44:34] Dramatic Lighting voted successfully
[2025-06-05 08:44:39] Challenges fetching ...
[2025-06-05 08:44:39] Challenges fetched successfully for bruno!
[2025-06-05 08:44:39] Challenges fetching ...
[2025-06-05 08:44:39] Challenges fetched successfully for bruno!
[2025-06-05 08:44:39] Challenges fetching ...
[2025-06-05 08:44:39] Challenges fetched successfully for bruno!
[2025-06-05 08:44:39] Challenges fetching ...
[2025-06-05 08:44:39] Challenges fetched successfully for bruno!
[2025-06-05 08:44:39] Challenges fetching ...
[2025-06-05 08:44:39] Challenges fetched successfully for bruno!
[2025-06-05 08:44:39] Challenges fetching ...
[2025-06-05 08:44:39] Challenges fetched successfully for bruno!
[2025-06-05 08:44:39] Challenges fetching ...
[2025-06-05 08:44:39] Challenges fetched successfully for bruno!
[2025-06-05 08:44:39] Challenges fetching ...
[2025-06-05 08:44:39] Challenges fetched successfully for bruno!
[2025-06-05 08:44:39] Challenges fetching ...
[2025-06-05 08:44:39] Challenges fetched successfully for bruno!
[2025-06-05 08:44:39] Challenges fetching ...
[2025-06-05 08:44:39] Challenges fetched successfully for bruno!
[2025-06-05 08:44:39] Challenges fetching ...
[2025-06-05 08:44:39] Challenges fetched successfully for bruno!
[2025-06-05 08:44:40] Challenges fetching ...
[2025-06-05 08:44:40] Challenges fetched successfully for bruno!
[2025-06-05 08:44:40] Challenges fetching ...
[2025-06-05 08:44:40] Challenges fetched successfully for bruno!
[2025-06-05 08:44:40] Challenges fetching ...
[2025-06-05 08:44:40] Challenges fetched successfully for bruno!
[2025-06-05 08:44:40] Challenges fetching ...
[2025-06-05 08:44:40] Challenges fetched successfully for bruno!
[2025-06-05 08:44:40] Challenges fetching ...
[2025-06-05 08:44:40] Challenges fetched successfully for bruno!
[2025-06-05 08:44:40] Challenges fetching ...
[2025-06-05 08:44:40] Challenges fetched successfully for bruno!
[2025-06-05 08:44:40] Challenges fetching ...
[2025-06-05 08:44:40] Challenges fetched successfully for bruno!
[2025-06-05 08:44:40] Challenges fetching ...
[2025-06-05 08:44:40] Challenges fetched successfully for bruno!
[2025-06-05 08:44:40] Challenges fetching ...
[2025-06-05 08:44:40] Challenges fetched successfully for bruno!
[2025-06-05 08:44:40] Challenges fetching ...
[2025-06-05 08:44:40] Challenges fetched successfully for bruno!
[2025-06-05 08:44:40] Challenges fetching ...
[2025-06-05 08:44:40] Challenges fetched successfully for bruno!
[2025-06-05 08:44:40] Challenges fetching ...
[2025-06-05 08:44:40] Challenges fetched successfully for bruno!
[2025-06-05 08:44:40] Challenges fetching ...
[2025-06-05 08:44:40] Challenges fetched successfully for bruno!
[2025-06-05 08:44:40] Challenges fetching ...
[2025-06-05 08:44:40] Challenges fetched successfully for bruno!
[2025-06-05 08:44:40] Challenges fetching ...
[2025-06-05 08:44:40] Challenges fetched successfully for bruno!
[2025-06-05 08:44:40] Challenges fetching ...
[2025-06-05 08:44:40] Challenges fetched successfully for bruno!
[2025-06-05 08:44:41] Challenges fetching ...
[2025-06-05 08:44:41] Challenges fetched successfully for bruno!
[2025-06-05 08:44:41] Challenges fetching ...
[2025-06-05 08:44:41] Challenges fetched successfully for bruno!
[2025-06-05 08:44:41] Challenges fetching ...
[2025-06-05 08:44:41] Challenges fetched successfully for bruno!
[2025-06-05 08:44:41] Challenges fetching ...
[2025-06-05 08:44:41] Challenges fetched successfully for bruno!
[2025-06-05 08:44:41] Challenges fetching ...
[2025-06-05 08:44:41] Challenges fetched successfully for bruno!
[2025-06-05 08:44:41] Challenges fetching ...
[2025-06-05 08:44:41] Challenges fetched successfully for bruno!
[2025-06-05 08:44:41] Challenges fetching ...
[2025-06-05 08:44:41] Challenges fetched successfully for bruno!
[2025-06-05 08:44:41] Challenges fetching ...
[2025-06-05 08:44:41] Challenges fetched successfully for bruno!
[2025-06-05 08:44:41] Challenges fetching ...
[2025-06-05 08:44:41] Challenges fetched successfully for bruno!
[2025-06-05 08:44:41] Challenges fetching ...
[2025-06-05 08:44:41] Challenges fetched successfully for bruno!
[2025-06-05 08:44:41] Challenges fetching ...
[2025-06-05 08:44:41] Challenges fetched successfully for bruno!
[2025-06-05 08:44:41] Challenges fetching ...
[2025-06-05 08:44:41] Challenges fetched successfully for bruno!
[2025-06-05 08:44:41] Challenges fetching ...
[2025-06-05 08:44:41] Challenges fetched successfully for bruno!
[2025-06-05 08:44:41] Challenges fetching ...
[2025-06-05 08:44:42] Challenges fetched successfully for bruno!
[2025-06-05 08:44:42] Challenges fetching ...
[2025-06-05 08:44:42] Challenges fetched successfully for bruno!
[2025-06-05 08:44:42] Challenges fetching ...
[2025-06-05 08:44:42] Challenges fetched successfully for bruno!
[2025-06-05 08:44:42] Challenges fetching ...
[2025-06-05 08:44:42] Challenges fetched successfully for bruno!
[2025-06-05 08:44:42] Challenges fetching ...
[2025-06-05 08:44:42] Challenges fetched successfully for bruno!
[2025-06-05 08:44:42] Challenges fetching ...
[2025-06-05 08:44:42] Challenges fetched successfully for bruno!
[2025-06-05 08:44:42] Challenges fetching ...
[2025-06-05 08:44:42] Challenges fetched successfully for bruno!
[2025-06-05 08:44:42] Challenges fetching ...
[2025-06-05 08:44:42] Challenges fetched successfully for bruno!
[2025-06-05 08:44:42] Challenges fetching ...
[2025-06-05 08:44:42] Challenges fetched successfully for bruno!
[2025-06-05 08:44:42] Challenges fetching ...
[2025-06-05 08:44:42] Challenges fetched successfully for bruno!
[2025-06-05 08:44:42] Challenges fetching ...
[2025-06-05 08:44:42] Challenges fetched successfully for bruno!
[2025-06-05 08:44:42] Challenges fetching ...
[2025-06-05 08:44:42] Challenges fetched successfully for bruno!
[2025-06-05 08:44:42] Challenges fetching ...
[2025-06-05 08:44:42] Challenges fetched successfully for bruno!
[2025-06-05 08:44:42] Challenges fetching ...
[2025-06-05 08:44:42] Challenges fetched successfully for bruno!
[2025-06-05 08:44:42] Challenges fetching ...
[2025-06-05 08:44:42] Challenges fetched successfully for bruno!
[2025-06-05 08:44:42] Challenges fetching ...
[2025-06-05 08:44:42] Challenges fetched successfully for bruno!
[2025-06-05 08:44:42] Challenges fetching ...
[2025-06-05 08:44:42] Challenges fetched successfully for bruno!
[2025-06-05 08:44:42] Challenges fetching ...
[2025-06-05 08:44:43] Challenges fetched successfully for bruno!
[2025-06-05 08:44:43] Challenges fetching ...
[2025-06-05 08:44:43] Challenges fetched successfully for bruno!
[2025-06-05 08:44:43] Challenges fetching ...
[2025-06-05 08:44:43] Challenges fetched successfully for bruno!
[2025-06-05 08:44:43] Challenges fetching ...
[2025-06-05 08:44:43] Challenges fetched successfully for bruno!
[2025-06-05 08:44:43] Challenges fetching ...
[2025-06-05 08:44:43] Challenges fetched successfully for bruno!
[2025-06-05 08:44:43] Challenges fetching ...
[2025-06-05 08:44:43] Challenges fetched successfully for bruno!
[2025-06-05 08:44:43] Challenges fetching ...
[2025-06-05 08:44:43] Challenges fetched successfully for bruno!
[2025-06-05 08:44:43] Challenges fetching ...
[2025-06-05 08:44:43] Challenges fetched successfully for bruno!
[2025-06-05 08:44:43] Challenges fetching ...
[2025-06-05 08:44:43] Challenges fetched successfully for bruno!
[2025-06-05 08:44:43] Challenges fetching ...
[2025-06-05 08:44:43] Challenges fetched successfully for bruno!
[2025-06-05 08:44:43] Challenges fetching ...
[2025-06-05 08:44:43] Challenges fetched successfully for bruno!
[2025-06-05 08:44:43] Challenges fetching ...
[2025-06-05 08:44:43] Challenges fetched successfully for bruno!
[2025-06-05 08:44:43] Challenges fetching ...
[2025-06-05 08:44:43] Challenges fetched successfully for bruno!
[2025-06-05 08:44:43] Challenges fetching ...
[2025-06-05 08:44:43] Challenges fetched successfully for bruno!
[2025-06-05 08:44:43] Challenges fetching ...
[2025-06-05 08:44:43] Challenges fetched successfully for bruno!
[2025-06-05 08:44:44] Challenges fetching ...
[2025-06-05 08:44:44] Challenges fetched successfully for bruno!
[2025-06-05 08:44:44] Challenges fetching ...
[2025-06-05 08:44:44] Challenges fetched successfully for bruno!
[2025-06-05 08:44:44] Challenges fetching ...
[2025-06-05 08:44:44] Challenges fetched successfully for bruno!
[2025-06-05 08:44:44] Challenges fetching ...
[2025-06-05 08:44:44] Challenges fetched successfully for bruno!
[2025-06-05 08:44:44] Challenges fetching ...
[2025-06-05 08:44:44] Challenges fetched successfully for bruno!
[2025-06-05 08:44:44] Challenges fetching ...
[2025-06-05 08:44:44] Challenges fetched successfully for bruno!
[2025-06-05 08:44:44] Challenges fetching ...
[2025-06-05 08:44:44] Challenges fetched successfully for bruno!
[2025-06-05 08:44:44] Challenges fetching ...
[2025-06-05 08:44:44] Challenges fetched successfully for bruno!
[2025-06-05 08:44:44] Challenges fetching ...
[2025-06-05 08:44:45] Challenges fetched successfully for bruno!
[2025-06-05 08:44:45] Challenges fetching ...
[2025-06-05 08:44:45] Challenges fetched successfully for bruno!
[2025-06-05 08:44:45] Challenges fetching ...
[2025-06-05 08:44:45] Challenges fetched successfully for bruno!
[2025-06-05 08:44:45] Challenges fetching ...
[2025-06-05 08:44:45] Challenges fetched successfully for bruno!
[2025-06-05 08:44:45] Challenges fetching ...
[2025-06-05 08:44:45] Challenges fetched successfully for bruno!
[2025-06-05 08:44:45] Challenges fetching ...
[2025-06-05 08:44:45] Challenges fetched successfully for bruno!
[2025-06-05 08:44:45] Challenges fetching ...
[2025-06-05 08:44:45] Challenges fetched successfully for bruno!
[2025-06-05 08:44:45] Challenges fetching ...
[2025-06-05 08:44:45] Challenges fetched successfully for bruno!
[2025-06-05 08:44:45] Challenges fetching ...
[2025-06-05 08:44:45] Challenges fetched successfully for bruno!
[2025-06-05 08:44:45] Challenges fetching ...
[2025-06-05 08:44:45] Challenges fetched successfully for bruno!
[2025-06-05 08:44:45] Challenges fetching ...
[2025-06-05 08:44:45] Challenges fetched successfully for bruno!
[2025-06-05 08:53:01] Fetching challenges...
[2025-06-05 08:53:05] Challenges fetching ...
[2025-06-05 08:53:05] Lancement automatique des stratégies de fin pour 10 nouveaux challenges...
[2025-06-05 08:53:05] Nouveau challenge détecté pour pascale: Artworks on Walls
[2025-06-05 08:53:05] Nouveau challenge détecté pour pascale: Gone Walking
[2025-06-05 08:53:05] Nouveau challenge détecté pour pascale: Ultimate Exposure
[2025-06-05 08:53:05] Nouveau challenge détecté pour pascale: Landscape Photographer of the Year
[2025-06-05 08:53:05] Nouveau challenge détecté pour pascale: Photographer of the Week
[2025-06-05 08:53:05] Nouveau challenge détecté pour pascale: Dramatic Lighting
[2025-06-05 08:53:05] Nouveau challenge détecté pour pascale: Guru of The Week
[2025-06-05 08:53:05] Nouveau challenge détecté pour pascale: Joined Together
[2025-06-05 08:53:05] Nouveau challenge détecté pour pascale: Still Life
[2025-06-05 08:53:05] Nouveau challenge détecté pour pascale: Best of Black & White
[2025-06-05 08:53:05] Challenges fetched successfully for pascale!
[2025-06-05 09:32:23] Refreshing challenges...
[2025-06-05 09:32:23] Fetching challenges...
[2025-06-05 09:32:24] Challenges fetching ...
[2025-06-05 09:32:24] Challenges fetched successfully for bruno!
[2025-06-05 09:33:02] Désélection de tous les challenges

[2025-06-05 09:33:04] Refreshing challenges...
[2025-06-05 09:33:04] Fetching challenges...
[2025-06-05 09:33:05] Challenges fetching ...
[2025-06-05 09:33:05] Challenges fetched successfully for bruno!
[2025-06-05 09:35:37] Fetching challenges...
[2025-06-05 09:35:39] Challenges fetching ...
[2025-06-05 09:35:39] Lancement automatique des stratégies de fin pour 13 nouveaux challenges...
[2025-06-05 09:35:39] Nouveau challenge détecté pour bruno: Ultimate Exposure
[2025-06-05 09:35:39] Nouveau challenge détecté pour bruno: Artworks on Walls
[2025-06-05 09:35:39] Nouveau challenge détecté pour bruno: Photo of the Day
[2025-06-05 09:35:39] Nouveau challenge détecté pour bruno: Dramatic Lighting
[2025-06-05 09:35:39] Nouveau challenge détecté pour bruno: Show me your World
[2025-06-05 09:35:39] Nouveau challenge détecté pour bruno: Gone Walking
[2025-06-05 09:35:39] Nouveau challenge détecté pour bruno: Joined Together
[2025-06-05 09:35:39] Nouveau challenge détecté pour bruno: Cactus & Succulent Plants
[2025-06-05 09:35:39] Nouveau challenge détecté pour bruno: Tell a Story
[2025-06-05 09:35:39] Nouveau challenge détecté pour bruno: Photo of the Week!
[2025-06-05 09:35:39] Nouveau challenge détecté pour bruno: Nature’s Soothing Sounds
[2025-06-05 09:35:39] Nouveau challenge détecté pour bruno: Great Mistakes
[2025-06-05 09:35:39] Nouveau challenge détecté pour bruno: Beautiful Eyes
[2025-06-05 09:35:39] Challenges fetched successfully for bruno!
[2025-06-05 09:41:09] Refreshing challenges...
[2025-06-05 09:41:09] Fetching challenges...
[2025-06-05 09:41:10] Challenges fetching ...
[2025-06-05 09:41:10] Challenges fetched successfully for bruno!
[2025-06-05 09:43:35] Fetching challenges...
[2025-06-05 09:44:38] Refreshing challenges...
[2025-06-05 09:44:38] Fetching challenges...
[2025-06-05 09:45:03] Fetching challenges...
[2025-06-05 09:45:49] Fetching challenges...
[2025-06-05 09:45:51] Challenges fetching ...
[2025-06-05 09:45:51] Lancement automatique des stratégies de fin pour 10 nouveaux challenges...
[2025-06-05 09:45:51] Nouveau challenge détecté pour pascale: Artworks on Walls
[2025-06-05 09:45:51] Nouveau challenge détecté pour pascale: Gone Walking
[2025-06-05 09:45:51] Nouveau challenge détecté pour pascale: Ultimate Exposure
[2025-06-05 09:45:51] Nouveau challenge détecté pour pascale: Landscape Photographer of the Year
[2025-06-05 09:45:51] Nouveau challenge détecté pour pascale: Photographer of the Week
[2025-06-05 09:45:51] Nouveau challenge détecté pour pascale: Dramatic Lighting
[2025-06-05 09:45:51] Nouveau challenge détecté pour pascale: Guru of The Week
[2025-06-05 09:45:51] Nouveau challenge détecté pour pascale: Joined Together
[2025-06-05 09:45:51] Nouveau challenge détecté pour pascale: Still Life
[2025-06-05 09:45:51] Nouveau challenge détecté pour pascale: Best of Black & White
[2025-06-05 09:45:51] Challenges fetched successfully for pascale!
[2025-06-05 09:46:17] Fetching challenges...
[2025-06-05 09:46:19] Challenges fetching ...
[2025-06-05 09:46:19] Lancement automatique des stratégies de fin pour 13 nouveaux challenges...
[2025-06-05 09:46:19] Nouveau challenge détecté pour bruno: Ultimate Exposure
[2025-06-05 09:46:19] Nouveau challenge détecté pour bruno: Artworks on Walls
[2025-06-05 09:46:19] Nouveau challenge détecté pour bruno: Photo of the Day
[2025-06-05 09:46:19] Nouveau challenge détecté pour bruno: Dramatic Lighting
[2025-06-05 09:46:19] Nouveau challenge détecté pour bruno: Show me your World
[2025-06-05 09:46:19] Nouveau challenge détecté pour bruno: Gone Walking
[2025-06-05 09:46:19] Nouveau challenge détecté pour bruno: Joined Together
[2025-06-05 09:46:19] Nouveau challenge détecté pour bruno: Cactus & Succulent Plants
[2025-06-05 09:46:19] Nouveau challenge détecté pour bruno: Tell a Story
[2025-06-05 09:46:19] Nouveau challenge détecté pour bruno: Photo of the Week!
[2025-06-05 09:46:19] Nouveau challenge détecté pour bruno: Nature’s Soothing Sounds
[2025-06-05 09:46:19] Nouveau challenge détecté pour bruno: Great Mistakes
[2025-06-05 09:46:19] Nouveau challenge détecté pour bruno: Beautiful Eyes
[2025-06-05 09:46:19] Challenges fetched successfully for bruno!
[2025-06-05 09:47:56] Fetching challenges...
[2025-06-05 09:47:57] Challenges fetching ...
[2025-06-05 09:47:57] Lancement automatique des stratégies de fin pour 10 nouveaux challenges...
[2025-06-05 09:47:57] Nouveau challenge détecté pour pascale: Artworks on Walls
[2025-06-05 09:47:57] Nouveau challenge détecté pour pascale: Gone Walking
[2025-06-05 09:47:57] Nouveau challenge détecté pour pascale: Ultimate Exposure
[2025-06-05 09:47:57] Nouveau challenge détecté pour pascale: Landscape Photographer of the Year
[2025-06-05 09:47:57] Nouveau challenge détecté pour pascale: Photographer of the Week
[2025-06-05 09:47:57] Nouveau challenge détecté pour pascale: Dramatic Lighting
[2025-06-05 09:47:57] Nouveau challenge détecté pour pascale: Guru of The Week
[2025-06-05 09:47:57] Nouveau challenge détecté pour pascale: Joined Together
[2025-06-05 09:47:57] Nouveau challenge détecté pour pascale: Still Life
[2025-06-05 09:47:57] Nouveau challenge détecté pour pascale: Best of Black & White
[2025-06-05 09:47:57] Challenges fetched successfully for pascale!
[2025-06-05 09:48:13] Fetching challenges...
[2025-06-05 09:48:15] Challenges fetching ...
[2025-06-05 09:48:15] Lancement automatique des stratégies de fin pour 13 nouveaux challenges...
[2025-06-05 09:48:15] Nouveau challenge détecté pour bruno: Ultimate Exposure
[2025-06-05 09:48:15] Nouveau challenge détecté pour bruno: Artworks on Walls
[2025-06-05 09:48:15] Nouveau challenge détecté pour bruno: Photo of the Day
[2025-06-05 09:48:15] Nouveau challenge détecté pour bruno: Dramatic Lighting
[2025-06-05 09:48:15] Nouveau challenge détecté pour bruno: Show me your World
[2025-06-05 09:48:15] Nouveau challenge détecté pour bruno: Gone Walking
[2025-06-05 09:48:15] Nouveau challenge détecté pour bruno: Joined Together
[2025-06-05 09:48:15] Nouveau challenge détecté pour bruno: Cactus & Succulent Plants
[2025-06-05 09:48:15] Nouveau challenge détecté pour bruno: Tell a Story
[2025-06-05 09:48:15] Nouveau challenge détecté pour bruno: Photo of the Week!
[2025-06-05 09:48:15] Nouveau challenge détecté pour bruno: Nature’s Soothing Sounds
[2025-06-05 09:48:15] Nouveau challenge détecté pour bruno: Great Mistakes
[2025-06-05 09:48:15] Nouveau challenge détecté pour bruno: Beautiful Eyes
[2025-06-05 09:48:15] Challenges fetched successfully for bruno!
[2025-06-05 11:15:34] Refreshing challenges...
[2025-06-05 11:15:34] Fetching challenges...
[2025-06-05 11:15:35] Challenges fetching ...
[2025-06-05 11:15:35] Challenges fetched successfully for bruno!
[2025-06-05 11:15:42] Processus supprimé pour bruno: joined-together1-vote-70-left-0H:4M - stopped
[2025-06-05 11:15:42] Processus mis à jour pour bruno: joined-together1-vote-70-left-0H:4M - stopped
[2025-06-05 11:15:42] Processus supprimé pour bruno: joined-together1-vote-20-left-0H:3M - stopped
[2025-06-05 11:15:42] Processus mis à jour pour bruno: joined-together1-vote-20-left-0H:3M - stopped
[2025-06-05 11:15:42] Processus supprimé pour bruno: joined-together1-vote-20-left-0H:2M - stopped
[2025-06-05 11:15:42] Processus mis à jour pour bruno: joined-together1-vote-20-left-0H:2M - stopped
[2025-06-05 11:15:42] Processus supprimé pour bruno: joined-together1-vote-20-left-0H:1M - stopped
[2025-06-05 11:15:42] Processus mis à jour pour bruno: joined-together1-vote-20-left-0H:1M - stopped
[2025-06-05 11:15:42] Arrêt des stratégies pour les challenges sélectionnés:
- Arrêt et suppression du processus pour Joined Together
- Arrêt et suppression du processus pour Joined Together
- Arrêt et suppression du processus pour Joined Together
- Arrêt et suppression du processus pour Joined Together

[2025-06-05 11:15:47] Lancement de la stratégie end4 pour Joined Together
[2025-06-05 11:15:47] Nouveau processus ajouté pour bruno: joined-together1-vote-70-left-0H:4M - Statut: init
[2025-06-05 11:15:47] Traitement du challenge pour bruno: joined-together1
[2025-06-05 11:15:47] Nouveau processus ajouté pour bruno: joined-together1-vote-20-left-0H:3M - Statut: init
[2025-06-05 11:15:47] Traitement du challenge pour bruno: joined-together1
[2025-06-05 11:15:47] Nouveau processus ajouté pour bruno: joined-together1-vote-20-left-0H:2M - Statut: init
[2025-06-05 11:15:47] Processus mis à jour pour bruno: joined-together1-vote-70-left-0H:4M - waiting
[2025-06-05 11:15:47] Traitement du challenge pour bruno: joined-together1
[2025-06-05 11:15:47] Nouveau processus ajouté pour bruno: joined-together1-vote-20-left-0H:1M - Statut: init
[2025-06-05 11:15:47] Processus mis à jour pour bruno: joined-together1-vote-20-left-0H:3M - waiting
[2025-06-05 11:15:47] Traitement du challenge pour bruno: joined-together1
[2025-06-05 11:15:47] Processus mis à jour pour bruno: joined-together1-vote-20-left-0H:2M - waiting
[2025-06-05 11:15:47] Processus mis à jour pour bruno: joined-together1-vote-20-left-0H:1M - waiting
[2025-06-05 11:15:47] Application des stratégies pour les challenges sélectionnés:
- Joined Together avec stratégie end4

[2025-06-05 11:15:53] Sélection de tous les challenges

[2025-06-05 11:15:57] Processus supprimé pour bruno: artworks-on-walls-vote-70-left-0H:4M - stopped
[2025-06-05 11:15:57] Processus mis à jour pour bruno: artworks-on-walls-vote-70-left-0H:4M - stopped
[2025-06-05 11:15:57] Processus supprimé pour bruno: artworks-on-walls-vote-20-left-0H:3M - stopped
[2025-06-05 11:15:57] Processus mis à jour pour bruno: artworks-on-walls-vote-20-left-0H:3M - stopped
[2025-06-05 11:15:57] Processus supprimé pour bruno: artworks-on-walls-vote-20-left-0H:2M - stopped
[2025-06-05 11:15:57] Processus mis à jour pour bruno: artworks-on-walls-vote-20-left-0H:2M - stopped
[2025-06-05 11:15:57] Processus supprimé pour bruno: artworks-on-walls-vote-20-left-0H:1M - stopped
[2025-06-05 11:15:57] Processus mis à jour pour bruno: artworks-on-walls-vote-20-left-0H:1M - stopped
[2025-06-05 11:15:57] Processus supprimé pour bruno: nature-s-soothing-sounds1-vote-70-left-0H:4M - stopped
[2025-06-05 11:15:57] Processus mis à jour pour bruno: nature-s-soothing-sounds1-vote-70-left-0H:4M - stopped
[2025-06-05 11:15:57] Processus supprimé pour bruno: nature-s-soothing-sounds1-vote-20-left-0H:3M - stopped
[2025-06-05 11:15:57] Processus mis à jour pour bruno: nature-s-soothing-sounds1-vote-20-left-0H:3M - stopped
[2025-06-05 11:15:57] Processus supprimé pour bruno: nature-s-soothing-sounds1-vote-20-left-0H:2M - stopped
[2025-06-05 11:15:57] Processus mis à jour pour bruno: nature-s-soothing-sounds1-vote-20-left-0H:2M - stopped
[2025-06-05 11:15:57] Processus supprimé pour bruno: nature-s-soothing-sounds1-vote-20-left-0H:1M - stopped
[2025-06-05 11:15:57] Processus mis à jour pour bruno: nature-s-soothing-sounds1-vote-20-left-0H:1M - stopped
[2025-06-05 11:15:57] Processus supprimé pour bruno: joined-together1-vote-70-left-0H:4M - stopped
[2025-06-05 11:15:57] Processus mis à jour pour bruno: joined-together1-vote-70-left-0H:4M - stopped
[2025-06-05 11:15:57] Processus supprimé pour bruno: joined-together1-vote-20-left-0H:3M - stopped
[2025-06-05 11:15:57] Processus mis à jour pour bruno: joined-together1-vote-20-left-0H:3M - stopped
[2025-06-05 11:15:57] Processus supprimé pour bruno: joined-together1-vote-20-left-0H:2M - stopped
[2025-06-05 11:15:57] Processus mis à jour pour bruno: joined-together1-vote-20-left-0H:2M - stopped
[2025-06-05 11:15:57] Processus supprimé pour bruno: joined-together1-vote-20-left-0H:1M - stopped
[2025-06-05 11:15:57] Processus mis à jour pour bruno: joined-together1-vote-20-left-0H:1M - stopped
[2025-06-05 11:15:57] Processus supprimé pour bruno: attractive-eyes-vote-70-left-0H:4M - stopped
[2025-06-05 11:15:57] Processus mis à jour pour bruno: attractive-eyes-vote-70-left-0H:4M - stopped
[2025-06-05 11:15:57] Processus supprimé pour bruno: attractive-eyes-vote-20-left-0H:3M - stopped
[2025-06-05 11:15:57] Processus mis à jour pour bruno: attractive-eyes-vote-20-left-0H:3M - stopped
[2025-06-05 11:15:57] Processus supprimé pour bruno: attractive-eyes-vote-20-left-0H:2M - stopped
[2025-06-05 11:15:57] Processus mis à jour pour bruno: attractive-eyes-vote-20-left-0H:2M - stopped
[2025-06-05 11:15:57] Processus supprimé pour bruno: attractive-eyes-vote-20-left-0H:1M - stopped
[2025-06-05 11:15:57] Processus mis à jour pour bruno: attractive-eyes-vote-20-left-0H:1M - stopped
[2025-06-05 11:15:57] Processus supprimé pour bruno: ultimate-exposure80-vote-70-left-0H:4M - stopped
[2025-06-05 11:15:57] Processus mis à jour pour bruno: ultimate-exposure80-vote-70-left-0H:4M - stopped
[2025-06-05 11:15:57] Processus supprimé pour bruno: ultimate-exposure80-vote-20-left-0H:3M - stopped
[2025-06-05 11:15:57] Processus mis à jour pour bruno: ultimate-exposure80-vote-20-left-0H:3M - stopped
[2025-06-05 11:15:57] Processus supprimé pour bruno: ultimate-exposure80-vote-20-left-0H:2M - stopped
[2025-06-05 11:15:57] Processus mis à jour pour bruno: ultimate-exposure80-vote-20-left-0H:2M - stopped
[2025-06-05 11:15:57] Processus supprimé pour bruno: ultimate-exposure80-vote-20-left-0H:1M - stopped
[2025-06-05 11:15:57] Processus mis à jour pour bruno: ultimate-exposure80-vote-20-left-0H:1M - stopped
[2025-06-05 11:15:57] Processus supprimé pour bruno: show-me-your-world27-vote-70-left-0H:4M - stopped
[2025-06-05 11:15:57] Processus mis à jour pour bruno: show-me-your-world27-vote-70-left-0H:4M - stopped
[2025-06-05 11:15:57] Processus supprimé pour bruno: show-me-your-world27-vote-20-left-0H:3M - stopped
[2025-06-05 11:15:57] Processus mis à jour pour bruno: show-me-your-world27-vote-20-left-0H:3M - stopped
[2025-06-05 11:15:57] Processus supprimé pour bruno: show-me-your-world27-vote-20-left-0H:2M - stopped
[2025-06-05 11:15:57] Processus mis à jour pour bruno: show-me-your-world27-vote-20-left-0H:2M - stopped
[2025-06-05 11:15:57] Processus supprimé pour bruno: show-me-your-world27-vote-20-left-0H:1M - stopped
[2025-06-05 11:15:57] Processus mis à jour pour bruno: show-me-your-world27-vote-20-left-0H:1M - stopped
[2025-06-05 11:15:58] Processus supprimé pour bruno: cactus-succulent-plants-vote-70-left-0H:4M - stopped
[2025-06-05 11:15:58] Processus mis à jour pour bruno: cactus-succulent-plants-vote-70-left-0H:4M - stopped
[2025-06-05 11:15:58] Processus supprimé pour bruno: cactus-succulent-plants-vote-20-left-0H:3M - stopped
[2025-06-05 11:15:58] Processus mis à jour pour bruno: cactus-succulent-plants-vote-20-left-0H:3M - stopped
[2025-06-05 11:15:58] Processus supprimé pour bruno: cactus-succulent-plants-vote-20-left-0H:2M - stopped
[2025-06-05 11:15:58] Processus mis à jour pour bruno: cactus-succulent-plants-vote-20-left-0H:2M - stopped
[2025-06-05 11:15:58] Processus supprimé pour bruno: cactus-succulent-plants-vote-20-left-0H:1M - stopped
[2025-06-05 11:15:58] Processus mis à jour pour bruno: cactus-succulent-plants-vote-20-left-0H:1M - stopped
[2025-06-05 11:15:58] Processus supprimé pour bruno: tell-a-story40-vote-70-left-0H:4M - stopped
[2025-06-05 11:15:58] Processus mis à jour pour bruno: tell-a-story40-vote-70-left-0H:4M - stopped
[2025-06-05 11:15:58] Processus supprimé pour bruno: tell-a-story40-vote-20-left-0H:3M - stopped
[2025-06-05 11:15:58] Processus mis à jour pour bruno: tell-a-story40-vote-20-left-0H:3M - stopped
[2025-06-05 11:15:58] Processus supprimé pour bruno: tell-a-story40-vote-20-left-0H:2M - stopped
[2025-06-05 11:15:58] Processus mis à jour pour bruno: tell-a-story40-vote-20-left-0H:2M - stopped
[2025-06-05 11:15:58] Processus supprimé pour bruno: tell-a-story40-vote-20-left-0H:1M - stopped
[2025-06-05 11:15:58] Processus mis à jour pour bruno: tell-a-story40-vote-20-left-0H:1M - stopped
[2025-06-05 11:15:58] Processus supprimé pour bruno: gone-walking-vote-70-left-0H:4M - stopped
[2025-06-05 11:15:58] Processus mis à jour pour bruno: gone-walking-vote-70-left-0H:4M - stopped
[2025-06-05 11:15:58] Processus supprimé pour bruno: gone-walking-vote-20-left-0H:3M - stopped
[2025-06-05 11:15:58] Processus mis à jour pour bruno: gone-walking-vote-20-left-0H:3M - stopped
[2025-06-05 11:15:58] Processus supprimé pour bruno: gone-walking-vote-20-left-0H:2M - stopped
[2025-06-05 11:15:58] Processus mis à jour pour bruno: gone-walking-vote-20-left-0H:2M - stopped
[2025-06-05 11:15:58] Processus supprimé pour bruno: gone-walking-vote-20-left-0H:1M - stopped
[2025-06-05 11:15:58] Processus mis à jour pour bruno: gone-walking-vote-20-left-0H:1M - stopped
[2025-06-05 11:15:58] Processus supprimé pour bruno: great-mistakes-vote-70-left-0H:4M - stopped
[2025-06-05 11:15:58] Processus mis à jour pour bruno: great-mistakes-vote-70-left-0H:4M - stopped
[2025-06-05 11:15:58] Processus supprimé pour bruno: great-mistakes-vote-20-left-0H:3M - stopped
[2025-06-05 11:15:58] Processus mis à jour pour bruno: great-mistakes-vote-20-left-0H:3M - stopped
[2025-06-05 11:15:58] Processus supprimé pour bruno: great-mistakes-vote-20-left-0H:2M - stopped
[2025-06-05 11:15:58] Processus mis à jour pour bruno: great-mistakes-vote-20-left-0H:2M - stopped
[2025-06-05 11:15:58] Processus supprimé pour bruno: great-mistakes-vote-20-left-0H:1M - stopped
[2025-06-05 11:15:58] Processus mis à jour pour bruno: great-mistakes-vote-20-left-0H:1M - stopped
[2025-06-05 11:15:58] Processus supprimé pour bruno: dramatic-lighting11-vote-70-left-0H:4M - stopped
[2025-06-05 11:15:58] Processus mis à jour pour bruno: dramatic-lighting11-vote-70-left-0H:4M - stopped
[2025-06-05 11:15:58] Processus supprimé pour bruno: dramatic-lighting11-vote-20-left-0H:3M - stopped
[2025-06-05 11:15:58] Processus mis à jour pour bruno: dramatic-lighting11-vote-20-left-0H:3M - stopped
[2025-06-05 11:15:58] Processus supprimé pour bruno: dramatic-lighting11-vote-20-left-0H:2M - stopped
[2025-06-05 11:15:58] Processus mis à jour pour bruno: dramatic-lighting11-vote-20-left-0H:2M - stopped
[2025-06-05 11:15:58] Processus supprimé pour bruno: dramatic-lighting11-vote-20-left-0H:1M - stopped
[2025-06-05 11:15:58] Processus mis à jour pour bruno: dramatic-lighting11-vote-20-left-0H:1M - stopped
[2025-06-05 11:15:58] Processus supprimé pour bruno: photo-of-the-week-299-vote-70-left-0H:4M - stopped
[2025-06-05 11:15:58] Processus mis à jour pour bruno: photo-of-the-week-299-vote-70-left-0H:4M - stopped
[2025-06-05 11:15:58] Processus supprimé pour bruno: photo-of-the-week-299-vote-20-left-0H:3M - stopped
[2025-06-05 11:15:58] Processus mis à jour pour bruno: photo-of-the-week-299-vote-20-left-0H:3M - stopped
[2025-06-05 11:15:58] Processus supprimé pour bruno: photo-of-the-week-299-vote-20-left-0H:2M - stopped
[2025-06-05 11:15:58] Processus mis à jour pour bruno: photo-of-the-week-299-vote-20-left-0H:2M - stopped
[2025-06-05 11:15:58] Processus supprimé pour bruno: photo-of-the-week-299-vote-20-left-0H:1M - stopped
[2025-06-05 11:15:58] Processus mis à jour pour bruno: photo-of-the-week-299-vote-20-left-0H:1M - stopped
[2025-06-05 11:15:58] Processus supprimé pour bruno: photo-of-the-day75-vote-70-left-0H:4M - stopped
[2025-06-05 11:15:58] Processus mis à jour pour bruno: photo-of-the-day75-vote-70-left-0H:4M - stopped
[2025-06-05 11:15:58] Processus supprimé pour bruno: photo-of-the-day75-vote-20-left-0H:3M - stopped
[2025-06-05 11:15:58] Processus mis à jour pour bruno: photo-of-the-day75-vote-20-left-0H:3M - stopped
[2025-06-05 11:15:58] Processus supprimé pour bruno: photo-of-the-day75-vote-20-left-0H:2M - stopped
[2025-06-05 11:15:58] Processus mis à jour pour bruno: photo-of-the-day75-vote-20-left-0H:2M - stopped
[2025-06-05 11:15:58] Processus supprimé pour bruno: photo-of-the-day75-vote-20-left-0H:1M - stopped
[2025-06-05 11:15:58] Processus mis à jour pour bruno: photo-of-the-day75-vote-20-left-0H:1M - stopped
[2025-06-05 11:15:58] Arrêt des stratégies pour les challenges sélectionnés:
- Arrêt et suppression du processus pour Artworks on Walls
- Arrêt et suppression du processus pour Artworks on Walls
- Arrêt et suppression du processus pour Artworks on Walls
- Arrêt et suppression du processus pour Artworks on Walls
- Arrêt et suppression du processus pour Nature’s Soothing Sounds
- Arrêt et suppression du processus pour Nature’s Soothing Sounds
- Arrêt et suppression du processus pour Nature’s Soothing Sounds
- Arrêt et suppression du processus pour Nature’s Soothing Sounds
- Arrêt et suppression du processus pour Joined Together
- Arrêt et suppression du processus pour Joined Together
- Arrêt et suppression du processus pour Joined Together
- Arrêt et suppression du processus pour Joined Together
- Arrêt et suppression du processus pour Beautiful Eyes
- Arrêt et suppression du processus pour Beautiful Eyes
- Arrêt et suppression du processus pour Beautiful Eyes
- Arrêt et suppression du processus pour Beautiful Eyes
- Arrêt et suppression du processus pour Ultimate Exposure
- Arrêt et suppression du processus pour Ultimate Exposure
- Arrêt et suppression du processus pour Ultimate Exposure
- Arrêt et suppression du processus pour Ultimate Exposure
- Arrêt et suppression du processus pour Show me your World
- Arrêt et suppression du processus pour Show me your World
- Arrêt et suppression du processus pour Show me your World
- Arrêt et suppression du processus pour Show me your World
- Arrêt et suppression du processus pour Cactus & Succulent Plants
- Arrêt et suppression du processus pour Cactus & Succulent Plants
- Arrêt et suppression du processus pour Cactus & Succulent Plants
- Arrêt et suppression du processus pour Cactus & Succulent Plants
- Arrêt et suppression du processus pour Tell a Story
- Arrêt et suppression du processus pour Tell a Story
- Arrêt et suppression du processus pour Tell a Story
- Arrêt et suppression du processus pour Tell a Story
- Arrêt et suppression du processus pour Gone Walking
- Arrêt et suppression du processus pour Gone Walking
- Arrêt et suppression du processus pour Gone Walking
- Arrêt et suppression du processus pour Gone Walking
- Arrêt et suppression du processus pour Great Mistakes
- Arrêt et suppression du processus pour Great Mistakes
- Arrêt et suppression du processus pour Great Mistakes
- Arrêt et suppression du processus pour Great Mistakes
- Arrêt et suppression du processus pour Dramatic Lighting
- Arrêt et suppression du processus pour Dramatic Lighting
- Arrêt et suppression du processus pour Dramatic Lighting
- Arrêt et suppression du processus pour Dramatic Lighting
- Arrêt et suppression du processus pour Photo of the Week!
- Arrêt et suppression du processus pour Photo of the Week!
- Arrêt et suppression du processus pour Photo of the Week!
- Arrêt et suppression du processus pour Photo of the Week!
- Arrêt et suppression du processus pour Photo of the Day
- Arrêt et suppression du processus pour Photo of the Day
- Arrêt et suppression du processus pour Photo of the Day
- Arrêt et suppression du processus pour Photo of the Day

[2025-06-05 11:16:03] Arrêt du processus joined-together1-vote-70-left-0H:4M: profil bruno ou processus non disponible
[2025-06-05 11:16:03] Arrêt du processus joined-together1-vote-20-left-0H:2M: profil bruno ou processus non disponible
[2025-06-05 11:16:03] Arrêt du processus joined-together1-vote-20-left-0H:3M: profil bruno ou processus non disponible
[2025-06-05 11:16:03] Arrêt du processus joined-together1-vote-20-left-0H:1M: profil bruno ou processus non disponible
[2025-06-05 11:16:08] Désélection de tous les challenges

[2025-06-05 11:16:44] Lancement de la stratégie end4 pour Artworks on Walls
[2025-06-05 11:16:44] Nouveau processus ajouté pour bruno: artworks-on-walls-vote-70-left-0H:4M - Statut: init
[2025-06-05 11:16:44] Traitement du challenge pour bruno: artworks-on-walls
[2025-06-05 11:16:44] Nouveau processus ajouté pour bruno: artworks-on-walls-vote-20-left-0H:3M - Statut: init
[2025-06-05 11:16:44] Traitement du challenge pour bruno: artworks-on-walls
[2025-06-05 11:16:44] Nouveau processus ajouté pour bruno: artworks-on-walls-vote-20-left-0H:2M - Statut: init
[2025-06-05 11:16:44] Processus mis à jour pour bruno: artworks-on-walls-vote-70-left-0H:4M - waiting
[2025-06-05 11:16:44] Traitement du challenge pour bruno: artworks-on-walls
[2025-06-05 11:16:44] Nouveau processus ajouté pour bruno: artworks-on-walls-vote-20-left-0H:1M - Statut: init
[2025-06-05 11:16:44] Processus mis à jour pour bruno: artworks-on-walls-vote-20-left-0H:3M - waiting
[2025-06-05 11:16:44] Traitement du challenge pour bruno: artworks-on-walls
[2025-06-05 11:16:44] Processus mis à jour pour bruno: artworks-on-walls-vote-20-left-0H:2M - waiting
[2025-06-05 11:16:44] Processus mis à jour pour bruno: artworks-on-walls-vote-20-left-0H:1M - waiting
[2025-06-05 11:16:44] Lancement de la stratégie end4 pour Nature’s Soothing Sounds
[2025-06-05 11:16:44] Nouveau processus ajouté pour bruno: nature-s-soothing-sounds1-vote-70-left-0H:4M - Statut: init
[2025-06-05 11:16:44] Traitement du challenge pour bruno: nature-s-soothing-sounds1
[2025-06-05 11:16:44] Nouveau processus ajouté pour bruno: nature-s-soothing-sounds1-vote-20-left-0H:3M - Statut: init
[2025-06-05 11:16:44] Traitement du challenge pour bruno: nature-s-soothing-sounds1
[2025-06-05 11:16:44] Nouveau processus ajouté pour bruno: nature-s-soothing-sounds1-vote-20-left-0H:2M - Statut: init
[2025-06-05 11:16:44] Traitement du challenge pour bruno: nature-s-soothing-sounds1
[2025-06-05 11:16:44] Processus mis à jour pour bruno: nature-s-soothing-sounds1-vote-70-left-0H:4M - waiting
[2025-06-05 11:16:44] Nouveau processus ajouté pour bruno: nature-s-soothing-sounds1-vote-20-left-0H:1M - Statut: init
[2025-06-05 11:16:44] Processus mis à jour pour bruno: nature-s-soothing-sounds1-vote-20-left-0H:3M - waiting
[2025-06-05 11:16:44] Traitement du challenge pour bruno: nature-s-soothing-sounds1
[2025-06-05 11:16:44] Processus mis à jour pour bruno: nature-s-soothing-sounds1-vote-20-left-0H:2M - waiting
[2025-06-05 11:16:44] Processus mis à jour pour bruno: nature-s-soothing-sounds1-vote-20-left-0H:1M - waiting
[2025-06-05 11:16:44] Lancement de la stratégie end4 pour Joined Together
[2025-06-05 11:16:44] Nouveau processus ajouté pour bruno: joined-together1-vote-70-left-0H:4M - Statut: init
[2025-06-05 11:16:44] Traitement du challenge pour bruno: joined-together1
[2025-06-05 11:16:44] Nouveau processus ajouté pour bruno: joined-together1-vote-20-left-0H:3M - Statut: init
[2025-06-05 11:16:44] Traitement du challenge pour bruno: joined-together1
[2025-06-05 11:16:44] Processus mis à jour pour bruno: joined-together1-vote-70-left-0H:4M - waiting
[2025-06-05 11:16:44] Nouveau processus ajouté pour bruno: joined-together1-vote-20-left-0H:2M - Statut: init
[2025-06-05 11:16:44] Traitement du challenge pour bruno: joined-together1
[2025-06-05 11:16:44] Processus mis à jour pour bruno: joined-together1-vote-20-left-0H:3M - waiting
[2025-06-05 11:16:44] Nouveau processus ajouté pour bruno: joined-together1-vote-20-left-0H:1M - Statut: init
[2025-06-05 11:16:44] Traitement du challenge pour bruno: joined-together1
[2025-06-05 11:16:44] Processus mis à jour pour bruno: joined-together1-vote-20-left-0H:2M - waiting
[2025-06-05 11:16:44] Processus mis à jour pour bruno: joined-together1-vote-20-left-0H:1M - waiting
[2025-06-05 11:16:44] Lancement de la stratégie end4 pour Show me your World
[2025-06-05 11:16:44] Nouveau processus ajouté pour bruno: show-me-your-world27-vote-70-left-0H:4M - Statut: init
[2025-06-05 11:16:44] Traitement du challenge pour bruno: show-me-your-world27
[2025-06-05 11:16:44] Nouveau processus ajouté pour bruno: show-me-your-world27-vote-20-left-0H:3M - Statut: init
[2025-06-05 11:16:44] Traitement du challenge pour bruno: show-me-your-world27
[2025-06-05 11:16:44] Nouveau processus ajouté pour bruno: show-me-your-world27-vote-20-left-0H:2M - Statut: init
[2025-06-05 11:16:44] Processus mis à jour pour bruno: show-me-your-world27-vote-70-left-0H:4M - waiting
[2025-06-05 11:16:44] Traitement du challenge pour bruno: show-me-your-world27
[2025-06-05 11:16:44] Nouveau processus ajouté pour bruno: show-me-your-world27-vote-20-left-0H:1M - Statut: init
[2025-06-05 11:16:44] Processus mis à jour pour bruno: show-me-your-world27-vote-20-left-0H:3M - waiting
[2025-06-05 11:16:44] Traitement du challenge pour bruno: show-me-your-world27
[2025-06-05 11:16:44] Processus mis à jour pour bruno: show-me-your-world27-vote-20-left-0H:2M - waiting
[2025-06-05 11:16:44] Processus mis à jour pour bruno: show-me-your-world27-vote-20-left-0H:1M - waiting
[2025-06-05 11:16:44] Lancement de la stratégie end4 pour Photo of the Day
[2025-06-05 11:16:44] Nouveau processus ajouté pour bruno: photo-of-the-day75-vote-70-left-0H:4M - Statut: init
[2025-06-05 11:16:44] Traitement du challenge pour bruno: photo-of-the-day75
[2025-06-05 11:16:44] Nouveau processus ajouté pour bruno: photo-of-the-day75-vote-20-left-0H:3M - Statut: init
[2025-06-05 11:16:44] Traitement du challenge pour bruno: photo-of-the-day75
[2025-06-05 11:16:44] Processus mis à jour pour bruno: photo-of-the-day75-vote-70-left-0H:4M - waiting
[2025-06-05 11:16:44] Nouveau processus ajouté pour bruno: photo-of-the-day75-vote-20-left-0H:2M - Statut: init
[2025-06-05 11:16:44] Nouveau processus ajouté pour bruno: photo-of-the-day75-vote-20-left-0H:1M - Statut: init
[2025-06-05 11:16:44] Traitement du challenge pour bruno: photo-of-the-day75
[2025-06-05 11:16:44] Traitement du challenge pour bruno: photo-of-the-day75
[2025-06-05 11:16:44] Processus mis à jour pour bruno: photo-of-the-day75-vote-20-left-0H:3M - waiting
[2025-06-05 11:16:44] Processus mis à jour pour bruno: photo-of-the-day75-vote-20-left-0H:2M - waiting
[2025-06-05 11:16:44] Processus mis à jour pour bruno: photo-of-the-day75-vote-20-left-0H:1M - waiting
[2025-06-05 11:16:44] Application des stratégies pour les challenges sélectionnés:
- Artworks on Walls avec stratégie end4
- Nature’s Soothing Sounds avec stratégie end4
- Joined Together avec stratégie end4
- Show me your World avec stratégie end4
- Photo of the Day avec stratégie end4

[2025-06-05 13:25:07] Processus mis à jour pour bruno: nature-s-soothing-sounds1-vote-70-left-0H:4M - executing
[2025-06-05 13:25:07] Traitement de vote pour Nature’s Soothing Sounds
[2025-06-05 13:25:07] Nature’s Soothing Sounds get vote panel
[2025-06-05 13:25:07] Processus associé: nature-s-soothing-sounds1-vote-70-left-0H:4M
[2025-06-05 13:25:34] Récupération des données de vote pour Nature’s Soothing Sounds (URL: nature-s-soothing-sounds1, HEADER:{'User-Agent': 'Mozilla/5.0 (X11; Linux i686; rv:39.0) Gecko/20100101 Firefox/39.0', 'x-api-version': '8', 'x-env': 'WEB', 'X-requested-with': 'XMLHttpRequest', 'X-token': 'a1cad95a6d480c14f51dd0eba4914c8337b893c789ec6278bb440c7c9a673b162f042470c62684e6da2bd342ffea7777'})
[2025-06-05 13:25:34] Récupération des données de vote pour Nature’s Soothing Sounds (URL: nature-s-soothing-sounds1, HEADER:{'User-Agent': 'Mozilla/5.0 (X11; Linux i686; rv:39.0) Gecko/20100101 Firefox/39.0', 'x-api-version': '8', 'x-env': 'WEB', 'X-requested-with': 'XMLHttpRequest', 'X-token': 'a1cad95a6d480c14f51dd0eba4914c8337b893c789ec6278bb440c7c9a673b162f042470c62684e6da2bd342ffea7777'})
[2025-06-05 13:25:34] Récupération des données de vote pour Nature’s Soothing Sounds (URL: nature-s-soothing-sounds1, HEADER:{'User-Agent': 'Mozilla/5.0 (X11; Linux i686; rv:39.0) Gecko/20100101 Firefox/39.0', 'x-api-version': '8', 'x-env': 'WEB', 'X-requested-with': 'XMLHttpRequest', 'X-token': 'a1cad95a6d480c14f51dd0eba4914c8337b893c789ec6278bb440c7c9a673b162f042470c62684e6da2bd342ffea7777'})
[2025-06-05 13:25:34] Récupération des données de vote pour Nature’s Soothing Sounds (URL: nature-s-soothing-sounds1, HEADER:{'User-Agent': 'Mozilla/5.0 (X11; Linux i686; rv:39.0) Gecko/20100101 Firefox/39.0', 'x-api-version': '8', 'x-env': 'WEB', 'X-requested-with': 'XMLHttpRequest', 'X-token': 'a1cad95a6d480c14f51dd0eba4914c8337b893c789ec6278bb440c7c9a673b162f042470c62684e6da2bd342ffea7777'})
[2025-06-05 13:25:34] Récupération des données de vote pour Nature’s Soothing Sounds (URL: nature-s-soothing-sounds1, HEADER:{'User-Agent': 'Mozilla/5.0 (X11; Linux i686; rv:39.0) Gecko/20100101 Firefox/39.0', 'x-api-version': '8', 'x-env': 'WEB', 'X-requested-with': 'XMLHttpRequest', 'X-token': 'a1cad95a6d480c14f51dd0eba4914c8337b893c789ec6278bb440c7c9a673b162f042470c62684e6da2bd342ffea7777'})
[2025-06-05 13:25:34] Récupération des données de vote pour Nature’s Soothing Sounds (URL: nature-s-soothing-sounds1, HEADER:{'User-Agent': 'Mozilla/5.0 (X11; Linux i686; rv:39.0) Gecko/20100101 Firefox/39.0', 'x-api-version': '8', 'x-env': 'WEB', 'X-requested-with': 'XMLHttpRequest', 'X-token': 'a1cad95a6d480c14f51dd0eba4914c8337b893c789ec6278bb440c7c9a673b162f042470c62684e6da2bd342ffea7777'})
[2025-06-05 13:25:34] Récupération des données de vote pour Nature’s Soothing Sounds (URL: nature-s-soothing-sounds1, HEADER:{'User-Agent': 'Mozilla/5.0 (X11; Linux i686; rv:39.0) Gecko/20100101 Firefox/39.0', 'x-api-version': '8', 'x-env': 'WEB', 'X-requested-with': 'XMLHttpRequest', 'X-token': 'a1cad95a6d480c14f51dd0eba4914c8337b893c789ec6278bb440c7c9a673b162f042470c62684e6da2bd342ffea7777'})
[2025-06-05 13:25:35] Récupération réussie: 200 images pour Nature’s Soothing Sounds
[2025-06-05 13:25:35] Voting fetching ...
[2025-06-05 13:25:35] Nature’s Soothing Sounds voting 10 images
[2025-06-05 13:25:35] Récupération réussie: 200 images pour Nature’s Soothing Sounds
[2025-06-05 13:25:35] Voting fetching ...
[2025-06-05 13:25:35] Nature’s Soothing Sounds voting 10 images
[2025-06-05 13:25:35] Récupération réussie: 200 images pour Nature’s Soothing Sounds
[2025-06-05 13:25:35] Voting fetching ...
[2025-06-05 13:25:35] Nature’s Soothing Sounds voting 10 images
[2025-06-05 13:25:35] Récupération réussie: 200 images pour Nature’s Soothing Sounds
[2025-06-05 13:25:35] Voting fetching ...
[2025-06-05 13:25:35] Nature’s Soothing Sounds voting 10 images
[2025-06-05 13:25:35] Récupération réussie: 200 images pour Nature’s Soothing Sounds
[2025-06-05 13:25:35] Voting fetching ...
[2025-06-05 13:25:35] Nature’s Soothing Sounds voting 10 images
[2025-06-05 13:25:35] Récupération réussie: 200 images pour Nature’s Soothing Sounds
[2025-06-05 13:25:35] Voting fetching ...
[2025-06-05 13:25:35] Nature’s Soothing Sounds voting 10 images
[2025-06-05 13:25:35] Récupération réussie: 200 images pour Nature’s Soothing Sounds
[2025-06-05 13:25:35] Voting fetching ...
[2025-06-05 13:25:35] Nature’s Soothing Sounds voting 10 images
[2025-06-05 13:25:36] Nature’s Soothing Sounds voted successfully
[2025-06-05 13:25:36] Processus supprimé pour bruno: nature-s-soothing-sounds1-vote-70-left-0H:4M - success
[2025-06-05 13:25:36] Processus mis à jour pour bruno: nature-s-soothing-sounds1-vote-70-left-0H:4M - success
[2025-06-05 13:25:36] Processus nature-s-soothing-sounds1-vote-70-left-0H:4M terminé avec succès (profil: bruno)
[2025-06-05 13:25:38] Nature’s Soothing Sounds voted successfully
[2025-06-05 13:25:40] Nature’s Soothing Sounds voted successfully
[2025-06-05 13:25:42] Nature’s Soothing Sounds voted successfully
[2025-06-05 13:25:44] Nature’s Soothing Sounds voted successfully
[2025-06-05 13:25:46] Nature’s Soothing Sounds voted successfully
[2025-06-05 13:25:48] Nature’s Soothing Sounds voted successfully
[2025-06-05 13:25:51] Challenges fetching ...
[2025-06-05 13:25:51] Challenges fetched successfully for bruno!
[2025-06-05 13:25:51] Challenges fetching ...
[2025-06-05 13:25:51] Challenges fetched successfully for bruno!
[2025-06-05 13:25:51] Challenges fetching ...
[2025-06-05 13:25:51] Challenges fetched successfully for bruno!
[2025-06-05 13:25:51] Challenges fetching ...
[2025-06-05 13:25:51] Challenges fetched successfully for bruno!
[2025-06-05 13:25:51] Challenges fetching ...
[2025-06-05 13:25:51] Challenges fetched successfully for bruno!
[2025-06-05 13:25:52] Challenges fetching ...
[2025-06-05 13:25:52] Challenges fetched successfully for bruno!
[2025-06-05 13:25:52] Challenges fetching ...
[2025-06-05 13:25:52] Challenges fetched successfully for bruno!
[2025-06-05 13:26:11] Processus mis à jour pour bruno: nature-s-soothing-sounds1-vote-20-left-0H:3M - executing
[2025-06-05 13:26:11] Traitement de vote pour Nature’s Soothing Sounds
[2025-06-05 13:26:11] Nature’s Soothing Sounds get vote panel
[2025-06-05 13:26:11] Processus associé: nature-s-soothing-sounds1-vote-20-left-0H:3M
[2025-06-05 13:26:17] Récupération des données de vote pour Nature’s Soothing Sounds (URL: nature-s-soothing-sounds1, HEADER:{'User-Agent': 'Mozilla/5.0 (X11; Linux i686; rv:39.0) Gecko/20100101 Firefox/39.0', 'x-api-version': '8', 'x-env': 'WEB', 'X-requested-with': 'XMLHttpRequest', 'X-token': 'a1cad95a6d480c14f51dd0eba4914c8337b893c789ec6278bb440c7c9a673b162f042470c62684e6da2bd342ffea7777'})
[2025-06-05 13:26:17] Récupération des données de vote pour Nature’s Soothing Sounds (URL: nature-s-soothing-sounds1, HEADER:{'User-Agent': 'Mozilla/5.0 (X11; Linux i686; rv:39.0) Gecko/20100101 Firefox/39.0', 'x-api-version': '8', 'x-env': 'WEB', 'X-requested-with': 'XMLHttpRequest', 'X-token': 'a1cad95a6d480c14f51dd0eba4914c8337b893c789ec6278bb440c7c9a673b162f042470c62684e6da2bd342ffea7777'})
[2025-06-05 13:26:18] Récupération réussie: 200 images pour Nature’s Soothing Sounds
[2025-06-05 13:26:18] Voting fetching ...
[2025-06-05 13:26:18] Nature’s Soothing Sounds voting 10 images
[2025-06-05 13:26:18] Récupération réussie: 200 images pour Nature’s Soothing Sounds
[2025-06-05 13:26:18] Voting fetching ...
[2025-06-05 13:26:18] Nature’s Soothing Sounds voting 10 images
[2025-06-05 13:26:19] Nature’s Soothing Sounds voted successfully
[2025-06-05 13:26:19] Processus supprimé pour bruno: nature-s-soothing-sounds1-vote-20-left-0H:3M - success
[2025-06-05 13:26:19] Processus mis à jour pour bruno: nature-s-soothing-sounds1-vote-20-left-0H:3M - success
[2025-06-05 13:26:19] Processus nature-s-soothing-sounds1-vote-20-left-0H:3M terminé avec succès (profil: bruno)
[2025-06-05 13:26:21] Nature’s Soothing Sounds voted successfully
[2025-06-05 13:26:24] Challenges fetching ...
[2025-06-05 13:26:24] Challenges fetched successfully for bruno!
[2025-06-05 13:26:24] Challenges fetching ...
[2025-06-05 13:26:24] Challenges fetched successfully for bruno!
[2025-06-05 13:27:45] Processus mis à jour pour bruno: nature-s-soothing-sounds1-vote-20-left-0H:2M - executing
[2025-06-05 13:27:45] Traitement de vote pour Nature’s Soothing Sounds
[2025-06-05 13:27:45] Nature’s Soothing Sounds get vote panel
[2025-06-05 13:27:45] Processus associé: nature-s-soothing-sounds1-vote-20-left-0H:2M
[2025-06-05 13:27:51] Récupération des données de vote pour Nature’s Soothing Sounds (URL: nature-s-soothing-sounds1, HEADER:{'User-Agent': 'Mozilla/5.0 (X11; Linux i686; rv:39.0) Gecko/20100101 Firefox/39.0', 'x-api-version': '8', 'x-env': 'WEB', 'X-requested-with': 'XMLHttpRequest', 'X-token': 'a1cad95a6d480c14f51dd0eba4914c8337b893c789ec6278bb440c7c9a673b162f042470c62684e6da2bd342ffea7777'})
[2025-06-05 13:27:51] Récupération des données de vote pour Nature’s Soothing Sounds (URL: nature-s-soothing-sounds1, HEADER:{'User-Agent': 'Mozilla/5.0 (X11; Linux i686; rv:39.0) Gecko/20100101 Firefox/39.0', 'x-api-version': '8', 'x-env': 'WEB', 'X-requested-with': 'XMLHttpRequest', 'X-token': 'a1cad95a6d480c14f51dd0eba4914c8337b893c789ec6278bb440c7c9a673b162f042470c62684e6da2bd342ffea7777'})
[2025-06-05 13:27:52] Récupération réussie: 200 images pour Nature’s Soothing Sounds
[2025-06-05 13:27:52] Voting fetching ...
[2025-06-05 13:27:52] Nature’s Soothing Sounds voting 10 images
[2025-06-05 13:27:52] Récupération réussie: 200 images pour Nature’s Soothing Sounds
[2025-06-05 13:27:52] Voting fetching ...
[2025-06-05 13:27:52] Nature’s Soothing Sounds voting 10 images
[2025-06-05 13:27:53] Nature’s Soothing Sounds voted successfully
[2025-06-05 13:27:53] Processus supprimé pour bruno: nature-s-soothing-sounds1-vote-20-left-0H:2M - success
[2025-06-05 13:27:53] Processus mis à jour pour bruno: nature-s-soothing-sounds1-vote-20-left-0H:2M - success
[2025-06-05 13:27:53] Processus nature-s-soothing-sounds1-vote-20-left-0H:2M terminé avec succès (profil: bruno)
[2025-06-05 13:27:55] Nature’s Soothing Sounds voted successfully
[2025-06-05 13:27:58] Challenges fetching ...
[2025-06-05 13:27:58] Challenges fetched successfully for bruno!
[2025-06-05 13:27:58] Challenges fetching ...
[2025-06-05 13:27:58] Challenges fetched successfully for bruno!
[2025-06-05 13:28:03] Processus mis à jour pour bruno: nature-s-soothing-sounds1-vote-20-left-0H:1M - executing
[2025-06-05 13:28:03] Traitement de vote pour Nature’s Soothing Sounds
[2025-06-05 13:28:03] Nature’s Soothing Sounds get vote panel
[2025-06-05 13:28:03] Processus associé: nature-s-soothing-sounds1-vote-20-left-0H:1M
[2025-06-05 13:28:09] Récupération des données de vote pour Nature’s Soothing Sounds (URL: nature-s-soothing-sounds1, HEADER:{'User-Agent': 'Mozilla/5.0 (X11; Linux i686; rv:39.0) Gecko/20100101 Firefox/39.0', 'x-api-version': '8', 'x-env': 'WEB', 'X-requested-with': 'XMLHttpRequest', 'X-token': 'a1cad95a6d480c14f51dd0eba4914c8337b893c789ec6278bb440c7c9a673b162f042470c62684e6da2bd342ffea7777'})
[2025-06-05 13:28:09] Récupération des données de vote pour Nature’s Soothing Sounds (URL: nature-s-soothing-sounds1, HEADER:{'User-Agent': 'Mozilla/5.0 (X11; Linux i686; rv:39.0) Gecko/20100101 Firefox/39.0', 'x-api-version': '8', 'x-env': 'WEB', 'X-requested-with': 'XMLHttpRequest', 'X-token': 'a1cad95a6d480c14f51dd0eba4914c8337b893c789ec6278bb440c7c9a673b162f042470c62684e6da2bd342ffea7777'})
[2025-06-05 13:28:09] Récupération réussie: 200 images pour Nature’s Soothing Sounds
[2025-06-05 13:28:09] Voting fetching ...
[2025-06-05 13:28:09] Nature’s Soothing Sounds voting 10 images
[2025-06-05 13:28:09] Récupération réussie: 200 images pour Nature’s Soothing Sounds
[2025-06-05 13:28:09] Voting fetching ...
[2025-06-05 13:28:09] Nature’s Soothing Sounds voting 10 images
[2025-06-05 13:28:10] Nature’s Soothing Sounds voted successfully
[2025-06-05 13:28:10] Processus supprimé pour bruno: nature-s-soothing-sounds1-vote-20-left-0H:1M - success
[2025-06-05 13:28:10] Processus mis à jour pour bruno: nature-s-soothing-sounds1-vote-20-left-0H:1M - success
[2025-06-05 13:28:10] Processus nature-s-soothing-sounds1-vote-20-left-0H:1M terminé avec succès (profil: bruno)
[2025-06-05 13:28:12] Nature’s Soothing Sounds voted successfully
[2025-06-05 13:28:15] Challenges fetching ...
[2025-06-05 13:28:15] Challenges fetched successfully for bruno!
[2025-06-05 13:28:15] Challenges fetching ...
[2025-06-05 13:28:15] Challenges fetched successfully for bruno!
[2025-06-05 15:45:08] Processus mis à jour pour bruno: photo-of-the-day75-vote-70-left-0H:4M - executing
[2025-06-05 15:45:08] Traitement de vote pour Photo of the Day
[2025-06-05 15:45:08] Photo of the Day get vote panel
[2025-06-05 15:45:08] Processus associé: photo-of-the-day75-vote-70-left-0H:4M
[2025-06-05 15:45:38] Récupération des données de vote pour Photo of the Day (URL: photo-of-the-day75, HEADER:{'User-Agent': 'Mozilla/5.0 (X11; Linux i686; rv:39.0) Gecko/20100101 Firefox/39.0', 'x-api-version': '8', 'x-env': 'WEB', 'X-requested-with': 'XMLHttpRequest', 'X-token': 'a1cad95a6d480c14f51dd0eba4914c8337b893c789ec6278bb440c7c9a673b162f042470c62684e6da2bd342ffea7777'})
[2025-06-05 15:45:38] Récupération des données de vote pour Photo of the Day (URL: photo-of-the-day75, HEADER:{'User-Agent': 'Mozilla/5.0 (X11; Linux i686; rv:39.0) Gecko/20100101 Firefox/39.0', 'x-api-version': '8', 'x-env': 'WEB', 'X-requested-with': 'XMLHttpRequest', 'X-token': 'a1cad95a6d480c14f51dd0eba4914c8337b893c789ec6278bb440c7c9a673b162f042470c62684e6da2bd342ffea7777'})
[2025-06-05 15:45:38] Récupération des données de vote pour Photo of the Day (URL: photo-of-the-day75, HEADER:{'User-Agent': 'Mozilla/5.0 (X11; Linux i686; rv:39.0) Gecko/20100101 Firefox/39.0', 'x-api-version': '8', 'x-env': 'WEB', 'X-requested-with': 'XMLHttpRequest', 'X-token': 'a1cad95a6d480c14f51dd0eba4914c8337b893c789ec6278bb440c7c9a673b162f042470c62684e6da2bd342ffea7777'})
[2025-06-05 15:45:38] Récupération des données de vote pour Photo of the Day (URL: photo-of-the-day75, HEADER:{'User-Agent': 'Mozilla/5.0 (X11; Linux i686; rv:39.0) Gecko/20100101 Firefox/39.0', 'x-api-version': '8', 'x-env': 'WEB', 'X-requested-with': 'XMLHttpRequest', 'X-token': 'a1cad95a6d480c14f51dd0eba4914c8337b893c789ec6278bb440c7c9a673b162f042470c62684e6da2bd342ffea7777'})
[2025-06-05 15:45:38] Récupération des données de vote pour Photo of the Day (URL: photo-of-the-day75, HEADER:{'User-Agent': 'Mozilla/5.0 (X11; Linux i686; rv:39.0) Gecko/20100101 Firefox/39.0', 'x-api-version': '8', 'x-env': 'WEB', 'X-requested-with': 'XMLHttpRequest', 'X-token': 'a1cad95a6d480c14f51dd0eba4914c8337b893c789ec6278bb440c7c9a673b162f042470c62684e6da2bd342ffea7777'})
[2025-06-05 15:45:38] Récupération des données de vote pour Photo of the Day (URL: photo-of-the-day75, HEADER:{'User-Agent': 'Mozilla/5.0 (X11; Linux i686; rv:39.0) Gecko/20100101 Firefox/39.0', 'x-api-version': '8', 'x-env': 'WEB', 'X-requested-with': 'XMLHttpRequest', 'X-token': 'a1cad95a6d480c14f51dd0eba4914c8337b893c789ec6278bb440c7c9a673b162f042470c62684e6da2bd342ffea7777'})
[2025-06-05 15:45:38] Récupération des données de vote pour Photo of the Day (URL: photo-of-the-day75, HEADER:{'User-Agent': 'Mozilla/5.0 (X11; Linux i686; rv:39.0) Gecko/20100101 Firefox/39.0', 'x-api-version': '8', 'x-env': 'WEB', 'X-requested-with': 'XMLHttpRequest', 'X-token': 'a1cad95a6d480c14f51dd0eba4914c8337b893c789ec6278bb440c7c9a673b162f042470c62684e6da2bd342ffea7777'})
[2025-06-05 15:45:39] Récupération réussie: 200 images pour Photo of the Day
[2025-06-05 15:45:39] Voting fetching ...
[2025-06-05 15:45:39] Photo of the Day voting 10 images
[2025-06-05 15:45:39] Récupération réussie: 200 images pour Photo of the Day
[2025-06-05 15:45:39] Voting fetching ...
[2025-06-05 15:45:39] Photo of the Day voting 10 images
[2025-06-05 15:45:39] Récupération réussie: 200 images pour Photo of the Day
[2025-06-05 15:45:39] Voting fetching ...
[2025-06-05 15:45:39] Photo of the Day voting 10 images
[2025-06-05 15:45:39] Récupération réussie: 200 images pour Photo of the Day
[2025-06-05 15:45:39] Voting fetching ...
[2025-06-05 15:45:39] Photo of the Day voting 10 images
[2025-06-05 15:45:39] Récupération réussie: 200 images pour Photo of the Day
[2025-06-05 15:45:39] Voting fetching ...
[2025-06-05 15:45:39] Photo of the Day voting 10 images
[2025-06-05 15:45:39] Récupération réussie: 200 images pour Photo of the Day
[2025-06-05 15:45:39] Voting fetching ...
[2025-06-05 15:45:39] Photo of the Day voting 10 images
[2025-06-05 15:45:39] Récupération réussie: 200 images pour Photo of the Day
[2025-06-05 15:45:39] Voting fetching ...
[2025-06-05 15:45:39] Photo of the Day voting 10 images
[2025-06-05 15:45:40] Photo of the Day voted successfully
[2025-06-05 15:45:40] Processus supprimé pour bruno: photo-of-the-day75-vote-70-left-0H:4M - success
[2025-06-05 15:45:40] Processus mis à jour pour bruno: photo-of-the-day75-vote-70-left-0H:4M - success
[2025-06-05 15:45:40] Processus photo-of-the-day75-vote-70-left-0H:4M terminé avec succès (profil: bruno)
[2025-06-05 15:45:52] Photo of the Day voted successfully
[2025-06-05 15:45:54] Photo of the Day voted successfully
[2025-06-05 15:45:56] Photo of the Day voted successfully
[2025-06-05 15:46:00] Photo of the Day voted successfully
[2025-06-05 15:46:07] Photo of the Day voted successfully
[2025-06-05 15:46:09] Photo of the Day voted successfully
[2025-06-05 15:46:13] Processus mis à jour pour bruno: photo-of-the-day75-vote-20-left-0H:3M - executing
[2025-06-05 15:46:13] Traitement de vote pour Photo of the Day
[2025-06-05 15:46:17] Photo of the Day get vote panel
[2025-06-05 15:46:17] Processus associé: photo-of-the-day75-vote-20-left-0H:3M
[2025-06-05 15:46:24] Récupération des données de vote pour Photo of the Day (URL: photo-of-the-day75, HEADER:{'User-Agent': 'Mozilla/5.0 (X11; Linux i686; rv:39.0) Gecko/20100101 Firefox/39.0', 'x-api-version': '8', 'x-env': 'WEB', 'X-requested-with': 'XMLHttpRequest', 'X-token': 'a1cad95a6d480c14f51dd0eba4914c8337b893c789ec6278bb440c7c9a673b162f042470c62684e6da2bd342ffea7777'})
[2025-06-05 15:46:24] Récupération des données de vote pour Photo of the Day (URL: photo-of-the-day75, HEADER:{'User-Agent': 'Mozilla/5.0 (X11; Linux i686; rv:39.0) Gecko/20100101 Firefox/39.0', 'x-api-version': '8', 'x-env': 'WEB', 'X-requested-with': 'XMLHttpRequest', 'X-token': 'a1cad95a6d480c14f51dd0eba4914c8337b893c789ec6278bb440c7c9a673b162f042470c62684e6da2bd342ffea7777'})
[2025-06-05 15:46:25] Récupération réussie: 200 images pour Photo of the Day
[2025-06-05 15:46:25] Voting fetching ...
[2025-06-05 15:46:25] Photo of the Day voting 10 images
[2025-06-05 15:46:25] Récupération réussie: 200 images pour Photo of the Day
[2025-06-05 15:46:25] Voting fetching ...
[2025-06-05 15:46:25] Photo of the Day voting 10 images
[2025-06-05 15:46:25] Challenges fetching ...
[2025-06-05 15:46:25] Challenges fetched successfully for bruno!
[2025-06-05 15:46:25] Challenges fetching ...
[2025-06-05 15:46:25] Challenges fetched successfully for bruno!
[2025-06-05 15:46:25] Challenges fetching ...
[2025-06-05 15:46:25] Challenges fetched successfully for bruno!
[2025-06-05 15:46:25] Challenges fetching ...
[2025-06-05 15:46:25] Challenges fetched successfully for bruno!
[2025-06-05 15:46:25] Challenges fetching ...
[2025-06-05 15:46:25] Challenges fetched successfully for bruno!
[2025-06-05 15:46:25] Challenges fetching ...
[2025-06-05 15:46:25] Challenges fetched successfully for bruno!
[2025-06-05 15:46:26] Challenges fetching ...
[2025-06-05 15:46:26] Challenges fetched successfully for bruno!
[2025-06-05 15:46:27] Photo of the Day voted successfully
[2025-06-05 15:46:27] Processus supprimé pour bruno: photo-of-the-day75-vote-20-left-0H:3M - success
[2025-06-05 15:46:27] Processus mis à jour pour bruno: photo-of-the-day75-vote-20-left-0H:3M - success
[2025-06-05 15:46:27] Processus photo-of-the-day75-vote-20-left-0H:3M terminé avec succès (profil: bruno)
[2025-06-05 15:46:30] Photo of the Day voted successfully
[2025-06-05 15:46:33] Challenges fetching ...
[2025-06-05 15:46:33] Challenges fetched successfully for bruno!
[2025-06-05 15:46:33] Challenges fetching ...
[2025-06-05 15:46:33] Challenges fetched successfully for bruno!
[2025-06-05 15:47:17] Processus mis à jour pour bruno: photo-of-the-day75-vote-20-left-0H:2M - executing
[2025-06-05 15:47:17] Traitement de vote pour Photo of the Day
[2025-06-05 15:47:17] Photo of the Day get vote panel
[2025-06-05 15:47:17] Processus associé: photo-of-the-day75-vote-20-left-0H:2M
[2025-06-05 15:47:23] Récupération des données de vote pour Photo of the Day (URL: photo-of-the-day75, HEADER:{'User-Agent': 'Mozilla/5.0 (X11; Linux i686; rv:39.0) Gecko/20100101 Firefox/39.0', 'x-api-version': '8', 'x-env': 'WEB', 'X-requested-with': 'XMLHttpRequest', 'X-token': 'a1cad95a6d480c14f51dd0eba4914c8337b893c789ec6278bb440c7c9a673b162f042470c62684e6da2bd342ffea7777'})
[2025-06-05 15:47:23] Récupération des données de vote pour Photo of the Day (URL: photo-of-the-day75, HEADER:{'User-Agent': 'Mozilla/5.0 (X11; Linux i686; rv:39.0) Gecko/20100101 Firefox/39.0', 'x-api-version': '8', 'x-env': 'WEB', 'X-requested-with': 'XMLHttpRequest', 'X-token': 'a1cad95a6d480c14f51dd0eba4914c8337b893c789ec6278bb440c7c9a673b162f042470c62684e6da2bd342ffea7777'})
[2025-06-05 15:47:24] Récupération réussie: 200 images pour Photo of the Day
[2025-06-05 15:47:24] Voting fetching ...
[2025-06-05 15:47:24] Photo of the Day voting 10 images
[2025-06-05 15:47:24] Récupération réussie: 200 images pour Photo of the Day
[2025-06-05 15:47:24] Voting fetching ...
[2025-06-05 15:47:24] Photo of the Day voting 10 images
[2025-06-05 15:47:25] Photo of the Day voted successfully
[2025-06-05 15:47:25] Processus supprimé pour bruno: photo-of-the-day75-vote-20-left-0H:2M - success
[2025-06-05 15:47:25] Processus mis à jour pour bruno: photo-of-the-day75-vote-20-left-0H:2M - success
[2025-06-05 15:47:25] Processus photo-of-the-day75-vote-20-left-0H:2M terminé avec succès (profil: bruno)
[2025-06-05 15:47:27] Photo of the Day voted successfully
[2025-06-05 15:47:36] Challenges fetching ...
[2025-06-05 15:47:36] Challenges fetched successfully for bruno!
[2025-06-05 15:47:36] Challenges fetching ...
[2025-06-05 15:47:36] Challenges fetched successfully for bruno!
[2025-06-05 15:48:06] Processus mis à jour pour bruno: photo-of-the-day75-vote-20-left-0H:1M - executing
[2025-06-05 15:48:06] Traitement de vote pour Photo of the Day
[2025-06-05 15:48:06] Photo of the Day get vote panel
[2025-06-05 15:48:06] Processus associé: photo-of-the-day75-vote-20-left-0H:1M
[2025-06-05 15:48:26] Récupération des données de vote pour Photo of the Day (URL: photo-of-the-day75, HEADER:{'User-Agent': 'Mozilla/5.0 (X11; Linux i686; rv:39.0) Gecko/20100101 Firefox/39.0', 'x-api-version': '8', 'x-env': 'WEB', 'X-requested-with': 'XMLHttpRequest', 'X-token': 'a1cad95a6d480c14f51dd0eba4914c8337b893c789ec6278bb440c7c9a673b162f042470c62684e6da2bd342ffea7777'})
[2025-06-05 15:48:26] Récupération des données de vote pour Photo of the Day (URL: photo-of-the-day75, HEADER:{'User-Agent': 'Mozilla/5.0 (X11; Linux i686; rv:39.0) Gecko/20100101 Firefox/39.0', 'x-api-version': '8', 'x-env': 'WEB', 'X-requested-with': 'XMLHttpRequest', 'X-token': 'a1cad95a6d480c14f51dd0eba4914c8337b893c789ec6278bb440c7c9a673b162f042470c62684e6da2bd342ffea7777'})
[2025-06-05 15:48:26] Récupération réussie: 200 images pour Photo of the Day
[2025-06-05 15:48:26] Voting fetching ...
[2025-06-05 15:48:26] Photo of the Day voting 10 images
[2025-06-05 15:48:27] Récupération réussie: 200 images pour Photo of the Day
[2025-06-05 15:48:27] Voting fetching ...
[2025-06-05 15:48:27] Photo of the Day voting 10 images
[2025-06-05 15:48:27] Photo of the Day voted successfully
[2025-06-05 15:48:27] Processus supprimé pour bruno: photo-of-the-day75-vote-20-left-0H:1M - success
[2025-06-05 15:48:27] Processus mis à jour pour bruno: photo-of-the-day75-vote-20-left-0H:1M - success
[2025-06-05 15:48:27] Processus photo-of-the-day75-vote-20-left-0H:1M terminé avec succès (profil: bruno)
[2025-06-05 15:48:33] Photo of the Day voted successfully
[2025-06-05 15:48:36] Challenges fetching ...
[2025-06-05 15:48:36] Challenges fetched successfully for bruno!
[2025-06-05 15:48:36] Challenges fetching ...
[2025-06-05 15:48:36] Challenges fetched successfully for bruno!
[2025-06-05 18:25:17] Processus mis à jour pour bruno: joined-together1-vote-70-left-0H:4M - executing
[2025-06-05 18:25:17] Traitement de vote pour Joined Together
[2025-06-05 18:25:17] Joined Together get vote panel
[2025-06-05 18:25:17] Processus associé: joined-together1-vote-70-left-0H:4M
[2025-06-05 18:25:47] Récupération des données de vote pour Joined Together (URL: joined-together1, HEADER:{'User-Agent': 'Mozilla/5.0 (X11; Linux i686; rv:39.0) Gecko/20100101 Firefox/39.0', 'x-api-version': '8', 'x-env': 'WEB', 'X-requested-with': 'XMLHttpRequest', 'X-token': 'a1cad95a6d480c14f51dd0eba4914c8337b893c789ec6278bb440c7c9a673b162f042470c62684e6da2bd342ffea7777'})
[2025-06-05 18:25:47] Récupération des données de vote pour Joined Together (URL: joined-together1, HEADER:{'User-Agent': 'Mozilla/5.0 (X11; Linux i686; rv:39.0) Gecko/20100101 Firefox/39.0', 'x-api-version': '8', 'x-env': 'WEB', 'X-requested-with': 'XMLHttpRequest', 'X-token': 'a1cad95a6d480c14f51dd0eba4914c8337b893c789ec6278bb440c7c9a673b162f042470c62684e6da2bd342ffea7777'})
[2025-06-05 18:25:47] Récupération des données de vote pour Joined Together (URL: joined-together1, HEADER:{'User-Agent': 'Mozilla/5.0 (X11; Linux i686; rv:39.0) Gecko/20100101 Firefox/39.0', 'x-api-version': '8', 'x-env': 'WEB', 'X-requested-with': 'XMLHttpRequest', 'X-token': 'a1cad95a6d480c14f51dd0eba4914c8337b893c789ec6278bb440c7c9a673b162f042470c62684e6da2bd342ffea7777'})
[2025-06-05 18:25:47] Récupération des données de vote pour Joined Together (URL: joined-together1, HEADER:{'User-Agent': 'Mozilla/5.0 (X11; Linux i686; rv:39.0) Gecko/20100101 Firefox/39.0', 'x-api-version': '8', 'x-env': 'WEB', 'X-requested-with': 'XMLHttpRequest', 'X-token': 'a1cad95a6d480c14f51dd0eba4914c8337b893c789ec6278bb440c7c9a673b162f042470c62684e6da2bd342ffea7777'})
[2025-06-05 18:25:47] Récupération des données de vote pour Joined Together (URL: joined-together1, HEADER:{'User-Agent': 'Mozilla/5.0 (X11; Linux i686; rv:39.0) Gecko/20100101 Firefox/39.0', 'x-api-version': '8', 'x-env': 'WEB', 'X-requested-with': 'XMLHttpRequest', 'X-token': 'a1cad95a6d480c14f51dd0eba4914c8337b893c789ec6278bb440c7c9a673b162f042470c62684e6da2bd342ffea7777'})
[2025-06-05 18:25:47] Récupération des données de vote pour Joined Together (URL: joined-together1, HEADER:{'User-Agent': 'Mozilla/5.0 (X11; Linux i686; rv:39.0) Gecko/20100101 Firefox/39.0', 'x-api-version': '8', 'x-env': 'WEB', 'X-requested-with': 'XMLHttpRequest', 'X-token': 'a1cad95a6d480c14f51dd0eba4914c8337b893c789ec6278bb440c7c9a673b162f042470c62684e6da2bd342ffea7777'})
[2025-06-05 18:25:47] Récupération des données de vote pour Joined Together (URL: joined-together1, HEADER:{'User-Agent': 'Mozilla/5.0 (X11; Linux i686; rv:39.0) Gecko/20100101 Firefox/39.0', 'x-api-version': '8', 'x-env': 'WEB', 'X-requested-with': 'XMLHttpRequest', 'X-token': 'a1cad95a6d480c14f51dd0eba4914c8337b893c789ec6278bb440c7c9a673b162f042470c62684e6da2bd342ffea7777'})
[2025-06-05 18:25:48] Récupération réussie: 200 images pour Joined Together
[2025-06-05 18:25:48] Voting fetching ...
[2025-06-05 18:25:48] Joined Together voting 10 images
[2025-06-05 18:25:48] Récupération réussie: 200 images pour Joined Together
[2025-06-05 18:25:48] Voting fetching ...
[2025-06-05 18:25:48] Joined Together voting 10 images
[2025-06-05 18:25:48] Récupération réussie: 200 images pour Joined Together
[2025-06-05 18:25:48] Voting fetching ...
[2025-06-05 18:25:48] Joined Together voting 10 images
[2025-06-05 18:25:48] Récupération réussie: 200 images pour Joined Together
[2025-06-05 18:25:48] Voting fetching ...
[2025-06-05 18:25:48] Joined Together voting 10 images
[2025-06-05 18:25:48] Récupération réussie: 200 images pour Joined Together
[2025-06-05 18:25:48] Voting fetching ...
[2025-06-05 18:25:48] Joined Together voting 10 images
[2025-06-05 18:25:48] Récupération réussie: 200 images pour Joined Together
[2025-06-05 18:25:48] Voting fetching ...
[2025-06-05 18:25:48] Joined Together voting 10 images
[2025-06-05 18:25:48] Récupération réussie: 200 images pour Joined Together
[2025-06-05 18:25:48] Voting fetching ...
[2025-06-05 18:25:48] Joined Together voting 10 images
[2025-06-05 18:25:49] Joined Together voted successfully
[2025-06-05 18:25:49] Processus supprimé pour bruno: joined-together1-vote-70-left-0H:4M - success
[2025-06-05 18:25:49] Processus mis à jour pour bruno: joined-together1-vote-70-left-0H:4M - success
[2025-06-05 18:25:49] Processus joined-together1-vote-70-left-0H:4M terminé avec succès (profil: bruno)
[2025-06-05 18:25:51] Joined Together voted successfully
[2025-06-05 18:25:53] Joined Together voted successfully
[2025-06-05 18:26:03] Joined Together voted successfully
[2025-06-05 18:26:05] Joined Together voted successfully
[2025-06-05 18:26:06] Processus mis à jour pour bruno: joined-together1-vote-20-left-0H:3M - executing
[2025-06-05 18:26:06] Traitement de vote pour Joined Together
[2025-06-05 18:26:07] Joined Together voted successfully
[2025-06-05 18:26:13] Joined Together voted successfully
[2025-06-05 18:26:21] Joined Together get vote panel
[2025-06-05 18:26:21] Processus associé: joined-together1-vote-20-left-0H:3M
[2025-06-05 18:26:33] Récupération des données de vote pour Joined Together (URL: joined-together1, HEADER:{'User-Agent': 'Mozilla/5.0 (X11; Linux i686; rv:39.0) Gecko/20100101 Firefox/39.0', 'x-api-version': '8', 'x-env': 'WEB', 'X-requested-with': 'XMLHttpRequest', 'X-token': 'a1cad95a6d480c14f51dd0eba4914c8337b893c789ec6278bb440c7c9a673b162f042470c62684e6da2bd342ffea7777'})
[2025-06-05 18:26:33] Récupération des données de vote pour Joined Together (URL: joined-together1, HEADER:{'User-Agent': 'Mozilla/5.0 (X11; Linux i686; rv:39.0) Gecko/20100101 Firefox/39.0', 'x-api-version': '8', 'x-env': 'WEB', 'X-requested-with': 'XMLHttpRequest', 'X-token': 'a1cad95a6d480c14f51dd0eba4914c8337b893c789ec6278bb440c7c9a673b162f042470c62684e6da2bd342ffea7777'})
[2025-06-05 18:26:34] Récupération réussie: 200 images pour Joined Together
[2025-06-05 18:26:34] Voting fetching ...
[2025-06-05 18:26:34] Joined Together voting 10 images
[2025-06-05 18:26:34] Récupération réussie: 200 images pour Joined Together
[2025-06-05 18:26:34] Voting fetching ...
[2025-06-05 18:26:34] Joined Together voting 10 images
[2025-06-05 18:26:35] Challenges fetching ...
[2025-06-05 18:26:35] Challenges fetched successfully for bruno!
[2025-06-05 18:26:35] Challenges fetching ...
[2025-06-05 18:26:35] Challenges fetched successfully for bruno!
[2025-06-05 18:26:35] Challenges fetching ...
[2025-06-05 18:26:35] Challenges fetched successfully for bruno!
[2025-06-05 18:26:35] Challenges fetching ...
[2025-06-05 18:26:35] Challenges fetched successfully for bruno!
[2025-06-05 18:26:35] Challenges fetching ...
[2025-06-05 18:26:35] Challenges fetched successfully for bruno!
[2025-06-05 18:26:35] Challenges fetching ...
[2025-06-05 18:26:35] Challenges fetched successfully for bruno!
[2025-06-05 18:26:35] Challenges fetching ...
[2025-06-05 18:26:35] Challenges fetched successfully for bruno!
[2025-06-05 18:26:36] Joined Together voted successfully
[2025-06-05 18:26:36] Processus supprimé pour bruno: joined-together1-vote-20-left-0H:3M - success
[2025-06-05 18:26:36] Processus mis à jour pour bruno: joined-together1-vote-20-left-0H:3M - success
[2025-06-05 18:26:36] Processus joined-together1-vote-20-left-0H:3M terminé avec succès (profil: bruno)
[2025-06-05 18:26:48] Joined Together voted successfully
[2025-06-05 18:26:51] Challenges fetching ...
[2025-06-05 18:26:51] Challenges fetched successfully for bruno!
[2025-06-05 18:26:51] Challenges fetching ...
[2025-06-05 18:26:51] Challenges fetched successfully for bruno!
[2025-06-05 18:27:10] Processus mis à jour pour bruno: joined-together1-vote-20-left-0H:2M - executing
[2025-06-05 18:27:10] Traitement de vote pour Joined Together
[2025-06-05 18:27:10] Joined Together get vote panel
[2025-06-05 18:27:10] Processus associé: joined-together1-vote-20-left-0H:2M
[2025-06-05 18:27:21] Récupération des données de vote pour Joined Together (URL: joined-together1, HEADER:{'User-Agent': 'Mozilla/5.0 (X11; Linux i686; rv:39.0) Gecko/20100101 Firefox/39.0', 'x-api-version': '8', 'x-env': 'WEB', 'X-requested-with': 'XMLHttpRequest', 'X-token': 'a1cad95a6d480c14f51dd0eba4914c8337b893c789ec6278bb440c7c9a673b162f042470c62684e6da2bd342ffea7777'})
[2025-06-05 18:27:21] Récupération des données de vote pour Joined Together (URL: joined-together1, HEADER:{'User-Agent': 'Mozilla/5.0 (X11; Linux i686; rv:39.0) Gecko/20100101 Firefox/39.0', 'x-api-version': '8', 'x-env': 'WEB', 'X-requested-with': 'XMLHttpRequest', 'X-token': 'a1cad95a6d480c14f51dd0eba4914c8337b893c789ec6278bb440c7c9a673b162f042470c62684e6da2bd342ffea7777'})
[2025-06-05 18:27:22] Récupération réussie: 200 images pour Joined Together
[2025-06-05 18:27:22] Voting fetching ...
[2025-06-05 18:27:22] Joined Together voting 10 images
[2025-06-05 18:27:22] Récupération réussie: 200 images pour Joined Together
[2025-06-05 18:27:22] Voting fetching ...
[2025-06-05 18:27:22] Joined Together voting 10 images
[2025-06-05 18:27:23] Joined Together voted successfully
[2025-06-05 18:27:23] Processus supprimé pour bruno: joined-together1-vote-20-left-0H:2M - success
[2025-06-05 18:27:23] Processus mis à jour pour bruno: joined-together1-vote-20-left-0H:2M - success
[2025-06-05 18:27:23] Processus joined-together1-vote-20-left-0H:2M terminé avec succès (profil: bruno)
[2025-06-05 18:27:27] Joined Together voted successfully
[2025-06-05 18:27:30] Challenges fetching ...
[2025-06-05 18:27:30] Challenges fetched successfully for bruno!
[2025-06-05 18:27:30] Challenges fetching ...
[2025-06-05 18:27:30] Challenges fetched successfully for bruno!
[2025-06-05 18:28:16] Processus mis à jour pour bruno: joined-together1-vote-20-left-0H:1M - executing
[2025-06-05 18:28:16] Traitement de vote pour Joined Together
[2025-06-05 18:28:16] Joined Together get vote panel
[2025-06-05 18:28:16] Processus associé: joined-together1-vote-20-left-0H:1M
[2025-06-05 18:28:29] Récupération des données de vote pour Joined Together (URL: joined-together1, HEADER:{'User-Agent': 'Mozilla/5.0 (X11; Linux i686; rv:39.0) Gecko/20100101 Firefox/39.0', 'x-api-version': '8', 'x-env': 'WEB', 'X-requested-with': 'XMLHttpRequest', 'X-token': 'a1cad95a6d480c14f51dd0eba4914c8337b893c789ec6278bb440c7c9a673b162f042470c62684e6da2bd342ffea7777'})
[2025-06-05 18:28:29] Récupération des données de vote pour Joined Together (URL: joined-together1, HEADER:{'User-Agent': 'Mozilla/5.0 (X11; Linux i686; rv:39.0) Gecko/20100101 Firefox/39.0', 'x-api-version': '8', 'x-env': 'WEB', 'X-requested-with': 'XMLHttpRequest', 'X-token': 'a1cad95a6d480c14f51dd0eba4914c8337b893c789ec6278bb440c7c9a673b162f042470c62684e6da2bd342ffea7777'})
[2025-06-05 18:28:30] Récupération réussie: 200 images pour Joined Together
[2025-06-05 18:28:30] Voting fetching ...
[2025-06-05 18:28:30] Joined Together voting 10 images
[2025-06-05 18:28:30] Récupération réussie: 200 images pour Joined Together
[2025-06-05 18:28:30] Voting fetching ...
[2025-06-05 18:28:30] Joined Together voting 10 images
[2025-06-05 18:28:31] Joined Together voted successfully
[2025-06-05 18:28:31] Processus supprimé pour bruno: joined-together1-vote-20-left-0H:1M - success
[2025-06-05 18:28:31] Processus mis à jour pour bruno: joined-together1-vote-20-left-0H:1M - success
[2025-06-05 18:28:31] Processus joined-together1-vote-20-left-0H:1M terminé avec succès (profil: bruno)
[2025-06-05 18:28:35] Joined Together voted successfully
[2025-06-05 18:28:38] Challenges fetching ...
[2025-06-05 18:28:38] Challenges fetched successfully for bruno!
[2025-06-05 18:28:38] Challenges fetching ...
[2025-06-05 18:28:38] Challenges fetched successfully for bruno!
[2025-06-05 19:25:09] Processus mis à jour pour bruno: show-me-your-world27-vote-70-left-0H:4M - executing
[2025-06-05 19:25:09] Traitement de vote pour Show me your World
[2025-06-05 19:25:09] Show me your World get vote panel
[2025-06-05 19:25:09] Processus associé: show-me-your-world27-vote-70-left-0H:4M
[2025-06-05 19:25:52] Récupération des données de vote pour Show me your World (URL: show-me-your-world27, HEADER:{'User-Agent': 'Mozilla/5.0 (X11; Linux i686; rv:39.0) Gecko/20100101 Firefox/39.0', 'x-api-version': '8', 'x-env': 'WEB', 'X-requested-with': 'XMLHttpRequest', 'X-token': 'a1cad95a6d480c14f51dd0eba4914c8337b893c789ec6278bb440c7c9a673b162f042470c62684e6da2bd342ffea7777'})
[2025-06-05 19:25:52] Récupération des données de vote pour Show me your World (URL: show-me-your-world27, HEADER:{'User-Agent': 'Mozilla/5.0 (X11; Linux i686; rv:39.0) Gecko/20100101 Firefox/39.0', 'x-api-version': '8', 'x-env': 'WEB', 'X-requested-with': 'XMLHttpRequest', 'X-token': 'a1cad95a6d480c14f51dd0eba4914c8337b893c789ec6278bb440c7c9a673b162f042470c62684e6da2bd342ffea7777'})
[2025-06-05 19:25:52] Récupération des données de vote pour Show me your World (URL: show-me-your-world27, HEADER:{'User-Agent': 'Mozilla/5.0 (X11; Linux i686; rv:39.0) Gecko/20100101 Firefox/39.0', 'x-api-version': '8', 'x-env': 'WEB', 'X-requested-with': 'XMLHttpRequest', 'X-token': 'a1cad95a6d480c14f51dd0eba4914c8337b893c789ec6278bb440c7c9a673b162f042470c62684e6da2bd342ffea7777'})
[2025-06-05 19:25:52] Récupération des données de vote pour Show me your World (URL: show-me-your-world27, HEADER:{'User-Agent': 'Mozilla/5.0 (X11; Linux i686; rv:39.0) Gecko/20100101 Firefox/39.0', 'x-api-version': '8', 'x-env': 'WEB', 'X-requested-with': 'XMLHttpRequest', 'X-token': 'a1cad95a6d480c14f51dd0eba4914c8337b893c789ec6278bb440c7c9a673b162f042470c62684e6da2bd342ffea7777'})
[2025-06-05 19:25:52] Récupération des données de vote pour Show me your World (URL: show-me-your-world27, HEADER:{'User-Agent': 'Mozilla/5.0 (X11; Linux i686; rv:39.0) Gecko/20100101 Firefox/39.0', 'x-api-version': '8', 'x-env': 'WEB', 'X-requested-with': 'XMLHttpRequest', 'X-token': 'a1cad95a6d480c14f51dd0eba4914c8337b893c789ec6278bb440c7c9a673b162f042470c62684e6da2bd342ffea7777'})
[2025-06-05 19:25:52] Récupération des données de vote pour Show me your World (URL: show-me-your-world27, HEADER:{'User-Agent': 'Mozilla/5.0 (X11; Linux i686; rv:39.0) Gecko/20100101 Firefox/39.0', 'x-api-version': '8', 'x-env': 'WEB', 'X-requested-with': 'XMLHttpRequest', 'X-token': 'a1cad95a6d480c14f51dd0eba4914c8337b893c789ec6278bb440c7c9a673b162f042470c62684e6da2bd342ffea7777'})
[2025-06-05 19:25:52] Récupération des données de vote pour Show me your World (URL: show-me-your-world27, HEADER:{'User-Agent': 'Mozilla/5.0 (X11; Linux i686; rv:39.0) Gecko/20100101 Firefox/39.0', 'x-api-version': '8', 'x-env': 'WEB', 'X-requested-with': 'XMLHttpRequest', 'X-token': 'a1cad95a6d480c14f51dd0eba4914c8337b893c789ec6278bb440c7c9a673b162f042470c62684e6da2bd342ffea7777'})
[2025-06-05 19:25:53] Récupération réussie: 200 images pour Show me your World
[2025-06-05 19:25:53] Voting fetching ...
[2025-06-05 19:25:53] Show me your World voting 10 images
[2025-06-05 19:25:53] Récupération réussie: 200 images pour Show me your World
[2025-06-05 19:25:53] Voting fetching ...
[2025-06-05 19:25:53] Show me your World voting 10 images
[2025-06-05 19:25:53] Récupération réussie: 200 images pour Show me your World
[2025-06-05 19:25:53] Voting fetching ...
[2025-06-05 19:25:53] Show me your World voting 10 images
[2025-06-05 19:25:53] Récupération réussie: 200 images pour Show me your World
[2025-06-05 19:25:53] Voting fetching ...
[2025-06-05 19:25:53] Show me your World voting 10 images
[2025-06-05 19:25:53] Récupération réussie: 200 images pour Show me your World
[2025-06-05 19:25:53] Voting fetching ...
[2025-06-05 19:25:53] Show me your World voting 10 images
[2025-06-05 19:25:53] Récupération réussie: 200 images pour Show me your World
[2025-06-05 19:25:53] Voting fetching ...
[2025-06-05 19:25:53] Show me your World voting 10 images
[2025-06-05 19:25:53] Récupération réussie: 200 images pour Show me your World
[2025-06-05 19:25:53] Voting fetching ...
[2025-06-05 19:25:53] Show me your World voting 10 images
[2025-06-05 19:25:54] Show me your World voted successfully
[2025-06-05 19:25:54] Processus supprimé pour bruno: show-me-your-world27-vote-70-left-0H:4M - success
[2025-06-05 19:25:54] Processus mis à jour pour bruno: show-me-your-world27-vote-70-left-0H:4M - success
[2025-06-05 19:25:54] Processus show-me-your-world27-vote-70-left-0H:4M terminé avec succès (profil: bruno)
[2025-06-05 19:25:56] Show me your World voted successfully
[2025-06-05 19:26:03] Show me your World voted successfully
[2025-06-05 19:26:10] Show me your World voted successfully
[2025-06-05 19:26:12] Show me your World voted successfully
[2025-06-05 19:26:14] Processus mis à jour pour bruno: show-me-your-world27-vote-20-left-0H:3M - executing
[2025-06-05 19:26:14] Traitement de vote pour Show me your World
[2025-06-05 19:26:14] Show me your World voted successfully
[2025-06-05 19:26:16] Show me your World voted successfully
[2025-06-05 19:26:33] Show me your World get vote panel
[2025-06-05 19:26:33] Processus associé: show-me-your-world27-vote-20-left-0H:3M
[2025-06-05 19:26:40] Récupération des données de vote pour Show me your World (URL: show-me-your-world27, HEADER:{'User-Agent': 'Mozilla/5.0 (X11; Linux i686; rv:39.0) Gecko/20100101 Firefox/39.0', 'x-api-version': '8', 'x-env': 'WEB', 'X-requested-with': 'XMLHttpRequest', 'X-token': 'a1cad95a6d480c14f51dd0eba4914c8337b893c789ec6278bb440c7c9a673b162f042470c62684e6da2bd342ffea7777'})
[2025-06-05 19:26:40] Récupération des données de vote pour Show me your World (URL: show-me-your-world27, HEADER:{'User-Agent': 'Mozilla/5.0 (X11; Linux i686; rv:39.0) Gecko/20100101 Firefox/39.0', 'x-api-version': '8', 'x-env': 'WEB', 'X-requested-with': 'XMLHttpRequest', 'X-token': 'a1cad95a6d480c14f51dd0eba4914c8337b893c789ec6278bb440c7c9a673b162f042470c62684e6da2bd342ffea7777'})
[2025-06-05 19:26:41] Récupération réussie: 200 images pour Show me your World
[2025-06-05 19:26:41] Voting fetching ...
[2025-06-05 19:26:41] Show me your World voting 10 images
[2025-06-05 19:26:41] Récupération réussie: 200 images pour Show me your World
[2025-06-05 19:26:41] Voting fetching ...
[2025-06-05 19:26:41] Show me your World voting 10 images
[2025-06-05 19:26:41] Challenges fetching ...
[2025-06-05 19:26:42] Challenges fetched successfully for bruno!
[2025-06-05 19:26:42] Challenges fetching ...
[2025-06-05 19:26:42] Challenges fetched successfully for bruno!
[2025-06-05 19:26:42] Challenges fetching ...
[2025-06-05 19:26:42] Challenges fetched successfully for bruno!
[2025-06-05 19:26:42] Challenges fetching ...
[2025-06-05 19:26:42] Challenges fetched successfully for bruno!
[2025-06-05 19:26:42] Challenges fetching ...
[2025-06-05 19:26:42] Challenges fetched successfully for bruno!
[2025-06-05 19:26:42] Challenges fetching ...
[2025-06-05 19:26:42] Challenges fetched successfully for bruno!
[2025-06-05 19:26:42] Challenges fetching ...
[2025-06-05 19:26:42] Challenges fetched successfully for bruno!
[2025-06-05 19:26:43] Show me your World voted successfully
[2025-06-05 19:26:43] Processus supprimé pour bruno: show-me-your-world27-vote-20-left-0H:3M - success
[2025-06-05 19:26:43] Processus mis à jour pour bruno: show-me-your-world27-vote-20-left-0H:3M - success
[2025-06-05 19:26:43] Processus show-me-your-world27-vote-20-left-0H:3M terminé avec succès (profil: bruno)
[2025-06-05 19:26:54] Show me your World voted successfully
[2025-06-05 19:26:57] Challenges fetching ...
[2025-06-05 19:26:57] Challenges fetched successfully for bruno!
[2025-06-05 19:26:57] Challenges fetching ...
[2025-06-05 19:26:57] Challenges fetched successfully for bruno!
[2025-06-05 19:27:03] Processus mis à jour pour bruno: show-me-your-world27-vote-20-left-0H:2M - executing
[2025-06-05 19:27:03] Traitement de vote pour Show me your World
[2025-06-05 19:27:03] Show me your World get vote panel
[2025-06-05 19:27:03] Processus associé: show-me-your-world27-vote-20-left-0H:2M
[2025-06-05 19:27:09] Récupération des données de vote pour Show me your World (URL: show-me-your-world27, HEADER:{'User-Agent': 'Mozilla/5.0 (X11; Linux i686; rv:39.0) Gecko/20100101 Firefox/39.0', 'x-api-version': '8', 'x-env': 'WEB', 'X-requested-with': 'XMLHttpRequest', 'X-token': 'a1cad95a6d480c14f51dd0eba4914c8337b893c789ec6278bb440c7c9a673b162f042470c62684e6da2bd342ffea7777'})
[2025-06-05 19:27:09] Récupération des données de vote pour Show me your World (URL: show-me-your-world27, HEADER:{'User-Agent': 'Mozilla/5.0 (X11; Linux i686; rv:39.0) Gecko/20100101 Firefox/39.0', 'x-api-version': '8', 'x-env': 'WEB', 'X-requested-with': 'XMLHttpRequest', 'X-token': 'a1cad95a6d480c14f51dd0eba4914c8337b893c789ec6278bb440c7c9a673b162f042470c62684e6da2bd342ffea7777'})
[2025-06-05 19:27:10] Récupération réussie: 200 images pour Show me your World
[2025-06-05 19:27:10] Voting fetching ...
[2025-06-05 19:27:10] Show me your World voting 10 images
[2025-06-05 19:27:10] Récupération réussie: 200 images pour Show me your World
[2025-06-05 19:27:10] Voting fetching ...
[2025-06-05 19:27:10] Show me your World voting 10 images
[2025-06-05 19:27:11] Show me your World voted successfully
[2025-06-05 19:27:11] Processus supprimé pour bruno: show-me-your-world27-vote-20-left-0H:2M - success
[2025-06-05 19:27:11] Processus mis à jour pour bruno: show-me-your-world27-vote-20-left-0H:2M - success
[2025-06-05 19:27:11] Processus show-me-your-world27-vote-20-left-0H:2M terminé avec succès (profil: bruno)
[2025-06-05 19:27:14] Show me your World voted successfully
[2025-06-05 19:27:17] Challenges fetching ...
[2025-06-05 19:27:17] Challenges fetched successfully for bruno!
[2025-06-05 19:27:18] Challenges fetching ...
[2025-06-05 19:27:18] Challenges fetched successfully for bruno!
[2025-06-05 19:28:08] Processus mis à jour pour bruno: show-me-your-world27-vote-20-left-0H:1M - executing
[2025-06-05 19:28:08] Traitement de vote pour Show me your World
[2025-06-05 19:28:08] Show me your World get vote panel
[2025-06-05 19:28:08] Processus associé: show-me-your-world27-vote-20-left-0H:1M
[2025-06-05 19:28:18] Récupération des données de vote pour Show me your World (URL: show-me-your-world27, HEADER:{'User-Agent': 'Mozilla/5.0 (X11; Linux i686; rv:39.0) Gecko/20100101 Firefox/39.0', 'x-api-version': '8', 'x-env': 'WEB', 'X-requested-with': 'XMLHttpRequest', 'X-token': 'a1cad95a6d480c14f51dd0eba4914c8337b893c789ec6278bb440c7c9a673b162f042470c62684e6da2bd342ffea7777'})
[2025-06-05 19:28:18] Récupération des données de vote pour Show me your World (URL: show-me-your-world27, HEADER:{'User-Agent': 'Mozilla/5.0 (X11; Linux i686; rv:39.0) Gecko/20100101 Firefox/39.0', 'x-api-version': '8', 'x-env': 'WEB', 'X-requested-with': 'XMLHttpRequest', 'X-token': 'a1cad95a6d480c14f51dd0eba4914c8337b893c789ec6278bb440c7c9a673b162f042470c62684e6da2bd342ffea7777'})
[2025-06-05 19:28:19] Récupération réussie: 200 images pour Show me your World
[2025-06-05 19:28:19] Voting fetching ...
[2025-06-05 19:28:19] Show me your World voting 10 images
[2025-06-05 19:28:20] Récupération réussie: 200 images pour Show me your World
[2025-06-05 19:28:20] Voting fetching ...
[2025-06-05 19:28:20] Show me your World voting 10 images
[2025-06-05 19:28:20] Show me your World voted successfully
[2025-06-05 19:28:20] Processus supprimé pour bruno: show-me-your-world27-vote-20-left-0H:1M - success
[2025-06-05 19:28:20] Processus mis à jour pour bruno: show-me-your-world27-vote-20-left-0H:1M - success
[2025-06-05 19:28:20] Processus show-me-your-world27-vote-20-left-0H:1M terminé avec succès (profil: bruno)
[2025-06-05 19:28:35] Show me your World voted successfully
[2025-06-05 19:28:38] Challenges fetching ...
[2025-06-05 19:28:38] Challenges fetched successfully for bruno!
[2025-06-05 19:28:38] Challenges fetching ...
[2025-06-05 19:28:38] Challenges fetched successfully for bruno!
[2025-06-05 20:55:08] Processus mis à jour pour bruno: artworks-on-walls-vote-70-left-0H:4M - executing
[2025-06-05 20:55:08] Traitement de vote pour Artworks on Walls
[2025-06-05 20:55:08] Artworks on Walls get vote panel
[2025-06-05 20:55:08] Processus associé: artworks-on-walls-vote-70-left-0H:4M
[2025-06-05 20:55:41] Récupération des données de vote pour Artworks on Walls (URL: artworks-on-walls, HEADER:{'User-Agent': 'Mozilla/5.0 (X11; Linux i686; rv:39.0) Gecko/20100101 Firefox/39.0', 'x-api-version': '8', 'x-env': 'WEB', 'X-requested-with': 'XMLHttpRequest', 'X-token': 'a1cad95a6d480c14f51dd0eba4914c8337b893c789ec6278bb440c7c9a673b162f042470c62684e6da2bd342ffea7777'})
[2025-06-05 20:55:41] Récupération des données de vote pour Artworks on Walls (URL: artworks-on-walls, HEADER:{'User-Agent': 'Mozilla/5.0 (X11; Linux i686; rv:39.0) Gecko/20100101 Firefox/39.0', 'x-api-version': '8', 'x-env': 'WEB', 'X-requested-with': 'XMLHttpRequest', 'X-token': 'a1cad95a6d480c14f51dd0eba4914c8337b893c789ec6278bb440c7c9a673b162f042470c62684e6da2bd342ffea7777'})
[2025-06-05 20:55:41] Récupération des données de vote pour Artworks on Walls (URL: artworks-on-walls, HEADER:{'User-Agent': 'Mozilla/5.0 (X11; Linux i686; rv:39.0) Gecko/20100101 Firefox/39.0', 'x-api-version': '8', 'x-env': 'WEB', 'X-requested-with': 'XMLHttpRequest', 'X-token': 'a1cad95a6d480c14f51dd0eba4914c8337b893c789ec6278bb440c7c9a673b162f042470c62684e6da2bd342ffea7777'})
[2025-06-05 20:55:41] Récupération des données de vote pour Artworks on Walls (URL: artworks-on-walls, HEADER:{'User-Agent': 'Mozilla/5.0 (X11; Linux i686; rv:39.0) Gecko/20100101 Firefox/39.0', 'x-api-version': '8', 'x-env': 'WEB', 'X-requested-with': 'XMLHttpRequest', 'X-token': 'a1cad95a6d480c14f51dd0eba4914c8337b893c789ec6278bb440c7c9a673b162f042470c62684e6da2bd342ffea7777'})
[2025-06-05 20:55:41] Récupération des données de vote pour Artworks on Walls (URL: artworks-on-walls, HEADER:{'User-Agent': 'Mozilla/5.0 (X11; Linux i686; rv:39.0) Gecko/20100101 Firefox/39.0', 'x-api-version': '8', 'x-env': 'WEB', 'X-requested-with': 'XMLHttpRequest', 'X-token': 'a1cad95a6d480c14f51dd0eba4914c8337b893c789ec6278bb440c7c9a673b162f042470c62684e6da2bd342ffea7777'})
[2025-06-05 20:55:41] Récupération des données de vote pour Artworks on Walls (URL: artworks-on-walls, HEADER:{'User-Agent': 'Mozilla/5.0 (X11; Linux i686; rv:39.0) Gecko/20100101 Firefox/39.0', 'x-api-version': '8', 'x-env': 'WEB', 'X-requested-with': 'XMLHttpRequest', 'X-token': 'a1cad95a6d480c14f51dd0eba4914c8337b893c789ec6278bb440c7c9a673b162f042470c62684e6da2bd342ffea7777'})
[2025-06-05 20:55:41] Récupération des données de vote pour Artworks on Walls (URL: artworks-on-walls, HEADER:{'User-Agent': 'Mozilla/5.0 (X11; Linux i686; rv:39.0) Gecko/20100101 Firefox/39.0', 'x-api-version': '8', 'x-env': 'WEB', 'X-requested-with': 'XMLHttpRequest', 'X-token': 'a1cad95a6d480c14f51dd0eba4914c8337b893c789ec6278bb440c7c9a673b162f042470c62684e6da2bd342ffea7777'})
[2025-06-05 20:55:42] Récupération réussie: 200 images pour Artworks on Walls
[2025-06-05 20:55:42] Voting fetching ...
[2025-06-05 20:55:42] Artworks on Walls voting 10 images
[2025-06-05 20:55:42] Récupération réussie: 200 images pour Artworks on Walls
[2025-06-05 20:55:42] Voting fetching ...
[2025-06-05 20:55:42] Artworks on Walls voting 10 images
[2025-06-05 20:55:42] Récupération réussie: 200 images pour Artworks on Walls
[2025-06-05 20:55:42] Voting fetching ...
[2025-06-05 20:55:42] Artworks on Walls voting 10 images
[2025-06-05 20:55:43] Récupération réussie: 200 images pour Artworks on Walls
[2025-06-05 20:55:43] Voting fetching ...
[2025-06-05 20:55:43] Artworks on Walls voting 10 images
[2025-06-05 20:55:43] Récupération réussie: 200 images pour Artworks on Walls
[2025-06-05 20:55:43] Voting fetching ...
[2025-06-05 20:55:43] Artworks on Walls voting 10 images
[2025-06-05 20:55:43] Récupération réussie: 200 images pour Artworks on Walls
[2025-06-05 20:55:43] Voting fetching ...
[2025-06-05 20:55:43] Artworks on Walls voting 10 images
[2025-06-05 20:55:43] Récupération réussie: 200 images pour Artworks on Walls
[2025-06-05 20:55:43] Voting fetching ...
[2025-06-05 20:55:43] Artworks on Walls voting 10 images
[2025-06-05 20:55:43] Artworks on Walls voted successfully
[2025-06-05 20:55:43] Processus supprimé pour bruno: artworks-on-walls-vote-70-left-0H:4M - success
[2025-06-05 20:55:43] Processus mis à jour pour bruno: artworks-on-walls-vote-70-left-0H:4M - success
[2025-06-05 20:55:43] Processus artworks-on-walls-vote-70-left-0H:4M terminé avec succès (profil: bruno)
[2025-06-05 20:55:48] Artworks on Walls voted successfully
[2025-06-05 20:55:50] Artworks on Walls voted successfully
[2025-06-05 20:55:58] Artworks on Walls voted successfully
[2025-06-05 20:56:00] Artworks on Walls voted successfully
[2025-06-05 20:56:02] Artworks on Walls voted successfully
[2025-06-05 20:56:05] Artworks on Walls voted successfully
[2025-06-05 20:56:13] Processus mis à jour pour bruno: artworks-on-walls-vote-20-left-0H:3M - executing
[2025-06-05 20:56:13] Traitement de vote pour Artworks on Walls
[2025-06-05 20:56:18] Artworks on Walls get vote panel
[2025-06-05 20:56:18] Processus associé: artworks-on-walls-vote-20-left-0H:3M
[2025-06-05 20:56:34] Récupération des données de vote pour Artworks on Walls (URL: artworks-on-walls, HEADER:{'User-Agent': 'Mozilla/5.0 (X11; Linux i686; rv:39.0) Gecko/20100101 Firefox/39.0', 'x-api-version': '8', 'x-env': 'WEB', 'X-requested-with': 'XMLHttpRequest', 'X-token': 'a1cad95a6d480c14f51dd0eba4914c8337b893c789ec6278bb440c7c9a673b162f042470c62684e6da2bd342ffea7777'})
[2025-06-05 20:56:34] Récupération des données de vote pour Artworks on Walls (URL: artworks-on-walls, HEADER:{'User-Agent': 'Mozilla/5.0 (X11; Linux i686; rv:39.0) Gecko/20100101 Firefox/39.0', 'x-api-version': '8', 'x-env': 'WEB', 'X-requested-with': 'XMLHttpRequest', 'X-token': 'a1cad95a6d480c14f51dd0eba4914c8337b893c789ec6278bb440c7c9a673b162f042470c62684e6da2bd342ffea7777'})
[2025-06-05 20:56:35] Récupération réussie: 200 images pour Artworks on Walls
[2025-06-05 20:56:35] Voting fetching ...
[2025-06-05 20:56:35] Artworks on Walls voting 10 images
[2025-06-05 20:56:35] Récupération réussie: 200 images pour Artworks on Walls
[2025-06-05 20:56:35] Voting fetching ...
[2025-06-05 20:56:35] Artworks on Walls voting 10 images
[2025-06-05 20:56:36] Challenges fetching ...
[2025-06-05 20:56:36] Challenges fetched successfully for bruno!
[2025-06-05 20:56:36] Challenges fetching ...
[2025-06-05 20:56:36] Challenges fetched successfully for bruno!
[2025-06-05 20:56:36] Challenges fetching ...
[2025-06-05 20:56:36] Challenges fetched successfully for bruno!
[2025-06-05 20:56:36] Challenges fetching ...
[2025-06-05 20:56:36] Challenges fetched successfully for bruno!
[2025-06-05 20:56:36] Challenges fetching ...
[2025-06-05 20:56:36] Challenges fetched successfully for bruno!
[2025-06-05 20:56:36] Challenges fetching ...
[2025-06-05 20:56:36] Challenges fetched successfully for bruno!
[2025-06-05 20:56:36] Challenges fetching ...
[2025-06-05 20:56:36] Challenges fetched successfully for bruno!
[2025-06-05 20:56:37] Artworks on Walls voted successfully
[2025-06-05 20:56:37] Processus supprimé pour bruno: artworks-on-walls-vote-20-left-0H:3M - success
[2025-06-05 20:56:37] Processus mis à jour pour bruno: artworks-on-walls-vote-20-left-0H:3M - success
[2025-06-05 20:56:37] Processus artworks-on-walls-vote-20-left-0H:3M terminé avec succès (profil: bruno)
[2025-06-05 20:56:39] Artworks on Walls voted successfully
[2025-06-05 20:56:42] Challenges fetching ...
[2025-06-05 20:56:42] Challenges fetched successfully for bruno!
[2025-06-05 20:56:42] Challenges fetching ...
[2025-06-05 20:56:42] Challenges fetched successfully for bruno!
[2025-06-05 20:57:17] Processus mis à jour pour bruno: artworks-on-walls-vote-20-left-0H:2M - executing
[2025-06-05 20:57:17] Traitement de vote pour Artworks on Walls
[2025-06-05 20:57:17] Artworks on Walls get vote panel
[2025-06-05 20:57:17] Processus associé: artworks-on-walls-vote-20-left-0H:2M
[2025-06-05 20:57:23] Récupération des données de vote pour Artworks on Walls (URL: artworks-on-walls, HEADER:{'User-Agent': 'Mozilla/5.0 (X11; Linux i686; rv:39.0) Gecko/20100101 Firefox/39.0', 'x-api-version': '8', 'x-env': 'WEB', 'X-requested-with': 'XMLHttpRequest', 'X-token': 'a1cad95a6d480c14f51dd0eba4914c8337b893c789ec6278bb440c7c9a673b162f042470c62684e6da2bd342ffea7777'})
[2025-06-05 20:57:23] Récupération des données de vote pour Artworks on Walls (URL: artworks-on-walls, HEADER:{'User-Agent': 'Mozilla/5.0 (X11; Linux i686; rv:39.0) Gecko/20100101 Firefox/39.0', 'x-api-version': '8', 'x-env': 'WEB', 'X-requested-with': 'XMLHttpRequest', 'X-token': 'a1cad95a6d480c14f51dd0eba4914c8337b893c789ec6278bb440c7c9a673b162f042470c62684e6da2bd342ffea7777'})
[2025-06-05 20:57:23] Récupération réussie: 200 images pour Artworks on Walls
[2025-06-05 20:57:23] Voting fetching ...
[2025-06-05 20:57:23] Artworks on Walls voting 10 images
[2025-06-05 20:57:24] Récupération réussie: 200 images pour Artworks on Walls
[2025-06-05 20:57:24] Voting fetching ...
[2025-06-05 20:57:24] Artworks on Walls voting 10 images
[2025-06-05 20:57:24] Artworks on Walls voted successfully
[2025-06-05 20:57:24] Processus supprimé pour bruno: artworks-on-walls-vote-20-left-0H:2M - success
[2025-06-05 20:57:24] Processus mis à jour pour bruno: artworks-on-walls-vote-20-left-0H:2M - success
[2025-06-05 20:57:24] Processus artworks-on-walls-vote-20-left-0H:2M terminé avec succès (profil: bruno)
[2025-06-05 20:57:27] Artworks on Walls voted successfully
[2025-06-05 20:57:37] Challenges fetching ...
[2025-06-05 20:57:37] Challenges fetched successfully for bruno!
[2025-06-05 20:57:37] Challenges fetching ...
[2025-06-05 20:57:37] Challenges fetched successfully for bruno!
[2025-06-05 20:58:05] Processus mis à jour pour bruno: artworks-on-walls-vote-20-left-0H:1M - executing
[2025-06-05 20:58:05] Traitement de vote pour Artworks on Walls
[2025-06-05 20:58:05] Artworks on Walls get vote panel
[2025-06-05 20:58:05] Processus associé: artworks-on-walls-vote-20-left-0H:1M
[2025-06-05 20:58:21] Récupération des données de vote pour Artworks on Walls (URL: artworks-on-walls, HEADER:{'User-Agent': 'Mozilla/5.0 (X11; Linux i686; rv:39.0) Gecko/20100101 Firefox/39.0', 'x-api-version': '8', 'x-env': 'WEB', 'X-requested-with': 'XMLHttpRequest', 'X-token': 'a1cad95a6d480c14f51dd0eba4914c8337b893c789ec6278bb440c7c9a673b162f042470c62684e6da2bd342ffea7777'})
[2025-06-05 20:58:21] Récupération des données de vote pour Artworks on Walls (URL: artworks-on-walls, HEADER:{'User-Agent': 'Mozilla/5.0 (X11; Linux i686; rv:39.0) Gecko/20100101 Firefox/39.0', 'x-api-version': '8', 'x-env': 'WEB', 'X-requested-with': 'XMLHttpRequest', 'X-token': 'a1cad95a6d480c14f51dd0eba4914c8337b893c789ec6278bb440c7c9a673b162f042470c62684e6da2bd342ffea7777'})
[2025-06-05 20:58:22] Récupération réussie: 200 images pour Artworks on Walls
[2025-06-05 20:58:22] Voting fetching ...
[2025-06-05 20:58:22] Artworks on Walls voting 10 images
[2025-06-05 20:58:22] Récupération réussie: 200 images pour Artworks on Walls
[2025-06-05 20:58:22] Voting fetching ...
[2025-06-05 20:58:22] Artworks on Walls voting 10 images
[2025-06-05 20:58:23] Artworks on Walls voted successfully
[2025-06-05 20:58:23] Processus supprimé pour bruno: artworks-on-walls-vote-20-left-0H:1M - success
[2025-06-05 20:58:23] Processus mis à jour pour bruno: artworks-on-walls-vote-20-left-0H:1M - success
[2025-06-05 20:58:23] Processus artworks-on-walls-vote-20-left-0H:1M terminé avec succès (profil: bruno)
[2025-06-05 20:58:25] Artworks on Walls voted successfully
[2025-06-05 20:58:36] Challenges fetching ...
[2025-06-05 20:58:36] Challenges fetched successfully for bruno!
[2025-06-05 20:58:36] Challenges fetching ...
[2025-06-05 20:58:36] Challenges fetched successfully for bruno!
