[2025-07-05 07:44:14] Fetching challenges...
[2025-07-05 07:44:24] Challenges fetching ...
[2025-07-05 07:44:24] Challenges fetched successfully for bruno!
[2025-07-05 07:45:26] Refreshing challenges...
[2025-07-05 07:45:26] Fetching challenges...
[2025-07-05 07:45:27] Challenges fetching ...
[2025-07-05 07:45:27] Challenges fetched successfully for bruno!
[2025-07-05 07:46:45] Refreshing challenges...
[2025-07-05 07:46:45] Fetching challenges...
[2025-07-05 07:46:48] Challenges fetching ...
[2025-07-05 07:46:48] Challenges fetched successfully for bruno!
[2025-07-05 08:21:29] Refreshing challenges...
[2025-07-05 08:21:29] Fetching challenges...
[2025-07-05 08:21:31] Challenges fetching ...
[2025-07-05 08:21:32] Challenges fetched successfully for bruno!
[2025-07-05 08:22:10] Fetching challenges...
[2025-07-05 08:22:17] Challenges fetching ...
[2025-07-05 08:22:17] Challenges fetched successfully for bruno!
[2025-07-05 08:50:04] Fetching challenges...
[2025-07-05 08:50:06] Challenges fetching ...
[2025-07-05 08:50:06] Challenges fetched successfully for bruno!
[2025-07-05 09:00:28] Fetching challenges...
[2025-07-05 09:00:32] Challenges fetching ...
[2025-07-05 09:00:32] Lancement automatique des stratégies de fin pour 1 nouveaux challenges...
[2025-07-05 09:00:32] Nouveau challenge détecté pour bruno: Film Noir
[2025-07-05 09:00:32] Challenges fetched successfully for bruno!
[2025-07-05 09:00:41] Lancement de la stratégie end4 pour Film Noir
[2025-07-05 09:00:41] Nouveau processus ajouté pour bruno: film-noir27-vote-70-left-0H:4M - Statut: init
[2025-07-05 09:00:41] Traitement du challenge pour bruno: film-noir27
[2025-07-05 09:00:42] Nouveau processus ajouté pour bruno: film-noir27-vote-35-left-0H:3M - Statut: init
[2025-07-05 09:00:42] Traitement du challenge pour bruno: film-noir27
[2025-07-05 09:00:42] Nouveau processus ajouté pour bruno: film-noir27-vote-35-left-0H:2M - Statut: init
[2025-07-05 09:00:42] Processus mis à jour pour bruno: film-noir27-vote-70-left-0H:4M - waiting
[2025-07-05 09:00:42] Traitement du challenge pour bruno: film-noir27
[2025-07-05 09:00:42] Application des stratégies pour les challenges sélectionnés:
- Film Noir avec stratégie end4

[2025-07-05 09:00:42] Nouveau processus ajouté pour bruno: film-noir27-vote-35-left-0H:1M - Statut: init
[2025-07-05 09:00:42] Traitement du challenge pour bruno: film-noir27
[2025-07-05 09:00:42] Processus mis à jour pour bruno: film-noir27-vote-35-left-0H:3M - waiting
[2025-07-05 09:00:42] Nouveau processus ajouté pour bruno: film-noir27-vote-35-left-0H:0M - Statut: init
[2025-07-05 09:00:42] Processus mis à jour pour bruno: film-noir27-vote-35-left-0H:2M - waiting
[2025-07-05 09:00:42] Traitement du challenge pour bruno: film-noir27
[2025-07-05 09:00:42] Processus mis à jour pour bruno: film-noir27-vote-35-left-0H:1M - waiting
[2025-07-05 09:00:42] Processus mis à jour pour bruno: film-noir27-vote-35-left-0H:0M - waiting
[2025-07-05 09:32:57] Fetching challenges...
[2025-07-05 09:32:57] APScheduler démarré avec succès
[2025-07-05 09:33:16] Refresh automatique des challenges...
[2025-07-05 09:33:16] Fetching challenges...
[2025-07-05 09:33:17] Refresh automatique des challenges...
[2025-07-05 09:33:17] Fetching challenges...
[2025-07-05 09:33:17] Challenges fetching ...
[2025-07-05 09:33:18] Lancement automatique des stratégies de fin pour 1 nouveaux challenges...
[2025-07-05 09:33:18] Nouveau challenge détecté pour bruno: Film Noir
[2025-07-05 09:33:18] Challenges fetched successfully for bruno!
[2025-07-05 09:33:27] Refresh automatique des challenges...
[2025-07-05 09:33:27] Fetching challenges...
[2025-07-05 09:33:37] Refresh automatique des challenges...
[2025-07-05 09:33:37] Fetching challenges...
[2025-07-05 09:33:47] Refresh automatique des challenges...
[2025-07-05 09:33:47] Fetching challenges...
[2025-07-05 09:33:57] Refresh automatique des challenges...
[2025-07-05 09:33:57] Fetching challenges...
[2025-07-05 09:34:07] Refresh automatique des challenges...
[2025-07-05 09:34:07] Fetching challenges...
[2025-07-05 09:34:17] Refresh automatique des challenges...
[2025-07-05 09:34:17] Fetching challenges...
[2025-07-05 09:34:27] Refresh automatique des challenges...
[2025-07-05 09:34:27] Fetching challenges...
[2025-07-05 09:34:37] Refresh automatique des challenges...
[2025-07-05 09:34:37] Fetching challenges...
[2025-07-05 09:34:47] Refresh automatique des challenges...
[2025-07-05 09:34:47] Fetching challenges...
[2025-07-05 09:34:57] Refresh automatique des challenges...
[2025-07-05 09:34:57] Fetching challenges...
[2025-07-05 09:35:07] Refresh automatique des challenges...
[2025-07-05 09:35:07] Fetching challenges...
[2025-07-05 09:35:23] Refresh automatique des challenges...
[2025-07-05 09:35:23] Fetching challenges...
[2025-07-05 10:09:33] Fetching challenges...
[2025-07-05 10:09:33] APScheduler démarré avec succès
[2025-07-05 10:09:34] Challenges fetching ...
[2025-07-05 10:09:34] Lancement automatique des stratégies de fin pour 1 nouveaux challenges...
[2025-07-05 10:09:34] Nouveau challenge détecté pour bruno: Film Noir
[2025-07-05 10:09:34] Challenges fetched successfully for bruno!
[2025-07-05 10:09:43] Refresh automatique des challenges...
[2025-07-05 10:09:43] Fetching challenges...
[2025-07-05 10:09:53] Refresh automatique des challenges...
[2025-07-05 10:09:53] Fetching challenges...
[2025-07-05 10:10:03] Refresh automatique des challenges...
[2025-07-05 10:10:03] Fetching challenges...
[2025-07-05 10:10:13] Refresh automatique des challenges...
[2025-07-05 10:10:13] Fetching challenges...
[2025-07-05 10:10:23] Refresh automatique des challenges...
[2025-07-05 10:10:23] Fetching challenges...
[2025-07-05 10:10:33] Refresh automatique des challenges...
[2025-07-05 10:10:33] Fetching challenges...
[2025-07-05 10:10:44] Refresh automatique des challenges...
[2025-07-05 10:10:44] Fetching challenges...
[2025-07-05 10:10:54] Refresh automatique des challenges...
[2025-07-05 10:10:54] Fetching challenges...
[2025-07-05 10:11:03] Refresh automatique des challenges...
[2025-07-05 10:11:03] Fetching challenges...
[2025-07-05 10:11:16] Refresh automatique des challenges...
[2025-07-05 10:11:16] Fetching challenges...
[2025-07-05 10:11:23] Refresh automatique des challenges...
[2025-07-05 10:11:23] Fetching challenges...
[2025-07-05 10:11:33] Refresh automatique des challenges...
[2025-07-05 10:11:33] Fetching challenges...
[2025-07-05 10:11:44] Refresh automatique des challenges...
[2025-07-05 10:11:44] Fetching challenges...
[2025-07-05 10:11:53] Refresh automatique des challenges...
[2025-07-05 10:11:53] Fetching challenges...
[2025-07-05 10:12:03] Refresh automatique des challenges...
[2025-07-05 10:12:03] Fetching challenges...
[2025-07-05 10:12:14] Refresh automatique des challenges...
[2025-07-05 10:12:14] Fetching challenges...
[2025-07-05 10:12:25] Refresh automatique des challenges...
[2025-07-05 10:12:25] Fetching challenges...
[2025-07-05 10:12:33] Refresh automatique des challenges...
[2025-07-05 10:12:33] Fetching challenges...
[2025-07-05 10:12:43] Refresh automatique des challenges...
[2025-07-05 10:12:43] Fetching challenges...
[2025-07-05 10:12:54] Refresh automatique des challenges...
[2025-07-05 10:12:54] Fetching challenges...
[2025-07-05 10:13:03] Refresh automatique des challenges...
[2025-07-05 10:13:03] Fetching challenges...
[2025-07-05 10:13:14] Refresh automatique des challenges...
[2025-07-05 10:13:14] Fetching challenges...
[2025-07-05 10:13:26] Refresh automatique des challenges...
[2025-07-05 10:13:26] Fetching challenges...
[2025-07-05 10:13:34] Refresh automatique des challenges...
[2025-07-05 10:13:34] Fetching challenges...
[2025-07-05 10:13:43] Refresh automatique des challenges...
[2025-07-05 10:13:43] Fetching challenges...
[2025-07-05 10:13:53] Refresh automatique des challenges...
[2025-07-05 10:13:53] Fetching challenges...
[2025-07-05 10:14:03] Refresh automatique des challenges...
[2025-07-05 10:14:03] Fetching challenges...
[2025-07-05 10:14:13] Refresh automatique des challenges...
[2025-07-05 10:14:13] Fetching challenges...
[2025-07-05 10:14:25] Refresh automatique des challenges...
[2025-07-05 10:14:25] Fetching challenges...
[2025-07-05 10:14:34] Refresh automatique des challenges...
[2025-07-05 10:14:34] Fetching challenges...
[2025-07-05 10:14:44] Refresh automatique des challenges...
[2025-07-05 10:14:44] Fetching challenges...
[2025-07-05 10:15:07] Fetching challenges...
[2025-07-05 10:15:07] APScheduler démarré avec succès
[2025-07-05 10:15:08] Challenges fetching ...
[2025-07-05 10:15:08] Lancement automatique des stratégies de fin pour 1 nouveaux challenges...
[2025-07-05 10:15:08] Nouveau challenge détecté pour bruno: Film Noir
[2025-07-05 10:15:08] Challenges fetched successfully for bruno!
[2025-07-05 10:15:17] Refresh automatique des challenges...
[2025-07-05 10:15:27] Refresh automatique des challenges...
[2025-07-05 10:15:37] Refresh automatique des challenges...
[2025-07-05 10:15:47] Refresh automatique des challenges...
[2025-07-05 10:15:57] Refresh automatique des challenges...
[2025-07-05 10:16:07] Refresh automatique des challenges...
[2025-07-05 10:16:17] Refresh automatique des challenges...
[2025-07-05 10:16:27] Refresh automatique des challenges...
[2025-07-05 10:16:37] Refresh automatique des challenges...
[2025-07-05 10:16:45] Refreshing challenges...
[2025-07-05 10:16:45] Fetching challenges...
[2025-07-05 10:16:46] Challenges fetching ...
[2025-07-05 10:16:46] Challenges fetched successfully for bruno!
[2025-07-05 10:16:47] Refresh automatique des challenges...
[2025-07-05 10:16:57] Refresh automatique des challenges...
[2025-07-05 10:17:07] Refresh automatique des challenges...
[2025-07-05 10:17:17] Refresh automatique des challenges...
[2025-07-05 10:17:28] Refresh automatique des challenges...
[2025-07-05 10:17:37] Refresh automatique des challenges...
[2025-07-05 10:17:47] Refresh automatique des challenges...
[2025-07-05 10:17:57] Refresh automatique des challenges...
[2025-07-05 10:18:07] Refresh automatique des challenges...
[2025-07-05 10:18:17] Refresh automatique des challenges...
[2025-07-05 10:18:27] Refresh automatique des challenges...
[2025-07-05 10:18:37] Refresh automatique des challenges...
[2025-07-05 10:18:47] Refresh automatique des challenges...
[2025-07-05 10:18:57] Refresh automatique des challenges...
[2025-07-05 10:19:07] Refresh automatique des challenges...
[2025-07-05 10:19:17] Refresh automatique des challenges...
[2025-07-05 10:19:27] Refresh automatique des challenges...
[2025-07-05 10:19:38] Refresh automatique des challenges...
[2025-07-05 10:19:47] Refresh automatique des challenges...
[2025-07-05 10:19:57] Refresh automatique des challenges...
[2025-07-05 10:20:08] Refresh automatique des challenges...
[2025-07-05 10:20:17] Refresh automatique des challenges...
[2025-07-05 10:20:27] Refresh automatique des challenges...
[2025-07-05 10:20:37] Refresh automatique des challenges...
[2025-07-05 10:20:40] APScheduler arrêté
[2025-07-05 10:20:49] Fetching challenges...
[2025-07-05 10:20:49] APScheduler démarré avec succès
[2025-07-05 10:20:51] Challenges fetching ...
[2025-07-05 10:20:51] Lancement automatique des stratégies de fin pour 1 nouveaux challenges...
[2025-07-05 10:20:51] Nouveau challenge détecté pour bruno: Film Noir
[2025-07-05 10:20:51] Challenges fetched successfully for bruno!
[2025-07-05 10:21:00] Refresh automatique des challenges...
[2025-07-05 10:21:10] Refresh automatique des challenges...
[2025-07-05 10:21:20] Refresh automatique des challenges...
[2025-07-05 10:21:30] Refresh automatique des challenges...
[2025-07-05 10:21:40] Refresh automatique des challenges...
[2025-07-05 10:21:50] Refresh automatique des challenges...
[2025-07-05 10:22:00] Refresh automatique des challenges...
[2025-07-05 10:22:10] Refresh automatique des challenges...
[2025-07-05 10:22:20] Refresh automatique des challenges...
[2025-07-05 10:22:30] Refresh automatique des challenges...
[2025-07-05 10:22:37] APScheduler arrêté
[2025-07-05 10:22:45] Fetching challenges...
[2025-07-05 10:22:45] APScheduler démarré avec succès
[2025-07-05 10:22:47] Challenges fetching ...
[2025-07-05 10:22:47] Lancement automatique des stratégies de fin pour 1 nouveaux challenges...
[2025-07-05 10:22:47] Nouveau challenge détecté pour bruno: Film Noir
[2025-07-05 10:22:47] Challenges fetched successfully for bruno!
[2025-07-05 10:22:55] Refresh automatique des challenges...
[2025-07-05 10:23:05] Refresh automatique des challenges...
[2025-07-05 10:23:15] Refresh automatique des challenges...
[2025-07-05 10:23:25] Refresh automatique des challenges...
[2025-07-05 10:23:35] Refresh automatique des challenges...
[2025-07-05 10:23:45] Refresh automatique des challenges...
[2025-07-05 10:23:55] Refresh automatique des challenges...
[2025-07-05 10:24:05] Refresh automatique des challenges...
[2025-07-05 10:24:15] Refresh automatique des challenges...
[2025-07-05 10:24:20] APScheduler arrêté
[2025-07-05 10:24:29] Fetching challenges...
[2025-07-05 10:24:29] APScheduler démarré avec succès
[2025-07-05 10:24:31] Challenges fetching ...
[2025-07-05 10:24:31] Lancement automatique des stratégies de fin pour 1 nouveaux challenges...
[2025-07-05 10:24:31] Nouveau challenge détecté pour bruno: Film Noir
[2025-07-05 10:24:31] Challenges fetched successfully for bruno!
[2025-07-05 10:24:39] Refresh automatique des challenges...
[2025-07-05 10:24:39] Fetching challenges...
[2025-07-05 10:24:40] Challenges fetching ...
[2025-07-05 10:24:40] Challenges fetched successfully for bruno!
[2025-07-05 10:24:49] Refresh automatique des challenges...
[2025-07-05 10:24:49] Fetching challenges...
[2025-07-05 10:24:49] Challenges fetching ...
[2025-07-05 10:24:49] Challenges fetched successfully for bruno!
[2025-07-05 10:24:59] Refresh automatique des challenges...
[2025-07-05 10:24:59] Fetching challenges...
[2025-07-05 10:25:00] Challenges fetching ...
[2025-07-05 10:25:00] Challenges fetched successfully for bruno!
[2025-07-05 10:25:09] Refresh automatique des challenges...
[2025-07-05 10:25:09] Fetching challenges...
[2025-07-05 10:25:09] Challenges fetching ...
[2025-07-05 10:25:09] Challenges fetched successfully for bruno!
[2025-07-05 10:25:19] Refresh automatique des challenges...
[2025-07-05 10:25:19] Fetching challenges...
[2025-07-05 10:25:19] Challenges fetching ...
[2025-07-05 10:25:19] Challenges fetched successfully for bruno!
[2025-07-05 10:25:29] Refresh automatique des challenges...
[2025-07-05 10:25:29] Fetching challenges...
[2025-07-05 10:25:30] Challenges fetching ...
[2025-07-05 10:25:30] Challenges fetched successfully for bruno!
[2025-07-05 10:25:39] Refresh automatique des challenges...
[2025-07-05 10:25:39] Fetching challenges...
[2025-07-05 10:25:39] Challenges fetching ...
[2025-07-05 10:25:39] Challenges fetched successfully for bruno!
[2025-07-05 10:25:49] Refresh automatique des challenges...
[2025-07-05 10:25:49] Fetching challenges...
[2025-07-05 10:25:49] Challenges fetching ...
[2025-07-05 10:25:49] Challenges fetched successfully for bruno!
[2025-07-05 10:25:59] Refresh automatique des challenges...
[2025-07-05 10:25:59] Fetching challenges...
[2025-07-05 10:25:59] Challenges fetching ...
[2025-07-05 10:25:59] Challenges fetched successfully for bruno!
[2025-07-05 10:26:09] Refresh automatique des challenges...
[2025-07-05 10:26:09] Fetching challenges...
[2025-07-05 10:26:09] Challenges fetching ...
[2025-07-05 10:26:09] Challenges fetched successfully for bruno!
[2025-07-05 10:26:19] Refresh automatique des challenges...
[2025-07-05 10:26:19] Fetching challenges...
[2025-07-05 10:26:19] Challenges fetching ...
[2025-07-05 10:26:19] Challenges fetched successfully for bruno!
[2025-07-05 10:26:29] Refresh automatique des challenges...
[2025-07-05 10:26:29] Fetching challenges...
[2025-07-05 10:26:30] Challenges fetching ...
[2025-07-05 10:26:30] Challenges fetched successfully for bruno!
[2025-07-05 10:26:39] Refresh automatique des challenges...
[2025-07-05 10:26:39] Fetching challenges...
[2025-07-05 10:26:39] Challenges fetching ...
[2025-07-05 10:26:39] Challenges fetched successfully for bruno!
[2025-07-05 10:26:49] Refresh automatique des challenges...
[2025-07-05 10:26:49] Fetching challenges...
[2025-07-05 10:26:49] Challenges fetching ...
[2025-07-05 10:26:49] Challenges fetched successfully for bruno!
[2025-07-05 10:26:59] Refresh automatique des challenges...
[2025-07-05 10:26:59] Fetching challenges...
[2025-07-05 10:26:59] Challenges fetching ...
[2025-07-05 10:26:59] Challenges fetched successfully for bruno!
[2025-07-05 10:27:09] Refresh automatique des challenges...
[2025-07-05 10:27:09] Fetching challenges...
[2025-07-05 10:27:09] Challenges fetching ...
[2025-07-05 10:27:10] Challenges fetched successfully for bruno!
[2025-07-05 10:27:19] Refresh automatique des challenges...
[2025-07-05 10:27:19] Fetching challenges...
[2025-07-05 10:27:19] Challenges fetching ...
[2025-07-05 10:27:19] Challenges fetched successfully for bruno!
[2025-07-05 10:27:29] Refresh automatique des challenges...
[2025-07-05 10:27:29] Fetching challenges...
[2025-07-05 10:27:29] Challenges fetching ...
[2025-07-05 10:27:29] Challenges fetched successfully for bruno!
[2025-07-05 10:27:39] Refresh automatique des challenges...
[2025-07-05 10:27:39] Fetching challenges...
[2025-07-05 10:27:39] Challenges fetching ...
[2025-07-05 10:27:39] Challenges fetched successfully for bruno!
[2025-07-05 10:27:49] Refresh automatique des challenges...
[2025-07-05 10:27:49] Fetching challenges...
[2025-07-05 10:27:50] Challenges fetching ...
[2025-07-05 10:27:50] Challenges fetched successfully for bruno!
[2025-07-05 10:27:59] Refresh automatique des challenges...
[2025-07-05 10:27:59] Fetching challenges...
[2025-07-05 10:27:59] Challenges fetching ...
[2025-07-05 10:27:59] Challenges fetched successfully for bruno!
[2025-07-05 10:28:09] Refresh automatique des challenges...
[2025-07-05 10:28:09] Fetching challenges...
[2025-07-05 10:28:09] Challenges fetching ...
[2025-07-05 10:28:09] Challenges fetched successfully for bruno!
[2025-07-05 10:28:19] Refresh automatique des challenges...
[2025-07-05 10:28:19] Fetching challenges...
[2025-07-05 10:28:19] Challenges fetching ...
[2025-07-05 10:28:19] Challenges fetched successfully for bruno!
[2025-07-05 10:28:29] Refresh automatique des challenges...
[2025-07-05 10:28:29] Fetching challenges...
[2025-07-05 10:28:29] Challenges fetching ...
[2025-07-05 10:28:30] Challenges fetched successfully for bruno!
[2025-07-05 10:28:39] Refresh automatique des challenges...
[2025-07-05 10:28:39] Fetching challenges...
[2025-07-05 10:28:39] Challenges fetching ...
[2025-07-05 10:28:39] Challenges fetched successfully for bruno!
[2025-07-05 10:28:49] Refresh automatique des challenges...
[2025-07-05 10:28:49] Fetching challenges...
[2025-07-05 10:28:49] Challenges fetching ...
[2025-07-05 10:28:49] Challenges fetched successfully for bruno!
[2025-07-05 10:28:59] Refresh automatique des challenges...
[2025-07-05 10:28:59] Fetching challenges...
[2025-07-05 10:28:59] Challenges fetching ...
[2025-07-05 10:29:00] Challenges fetched successfully for bruno!
[2025-07-05 10:29:09] Refresh automatique des challenges...
[2025-07-05 10:29:09] Fetching challenges...
[2025-07-05 10:29:09] Challenges fetching ...
[2025-07-05 10:29:09] Challenges fetched successfully for bruno!
[2025-07-05 10:29:19] Refresh automatique des challenges...
[2025-07-05 10:29:19] Fetching challenges...
[2025-07-05 10:29:19] Challenges fetching ...
[2025-07-05 10:29:19] Challenges fetched successfully for bruno!
[2025-07-05 10:29:29] Refresh automatique des challenges...
[2025-07-05 10:29:29] Fetching challenges...
[2025-07-05 10:29:29] Challenges fetching ...
[2025-07-05 10:29:29] Challenges fetched successfully for bruno!
[2025-07-05 10:29:39] Refresh automatique des challenges...
[2025-07-05 10:29:39] Fetching challenges...
[2025-07-05 10:29:39] Challenges fetching ...
[2025-07-05 10:29:39] Challenges fetched successfully for bruno!
[2025-07-05 10:29:49] Refresh automatique des challenges...
[2025-07-05 10:29:49] Fetching challenges...
[2025-07-05 10:29:49] Challenges fetching ...
[2025-07-05 10:29:49] Challenges fetched successfully for bruno!
[2025-07-05 10:29:59] Refresh automatique des challenges...
[2025-07-05 10:29:59] Fetching challenges...
[2025-07-05 10:29:59] Challenges fetching ...
[2025-07-05 10:29:59] Challenges fetched successfully for bruno!
[2025-07-05 10:30:09] Refresh automatique des challenges...
[2025-07-05 10:30:09] Fetching challenges...
[2025-07-05 10:30:09] Challenges fetching ...
[2025-07-05 10:30:09] Challenges fetched successfully for bruno!
[2025-07-05 10:30:19] Refresh automatique des challenges...
[2025-07-05 10:30:19] Fetching challenges...
[2025-07-05 10:30:19] Challenges fetching ...
[2025-07-05 10:30:19] Challenges fetched successfully for bruno!
[2025-07-05 10:30:29] Refresh automatique des challenges...
[2025-07-05 10:30:29] Fetching challenges...
[2025-07-05 10:30:29] Challenges fetching ...
[2025-07-05 10:30:29] Challenges fetched successfully for bruno!
[2025-07-05 10:30:39] Refresh automatique des challenges...
[2025-07-05 10:30:39] Fetching challenges...
[2025-07-05 10:30:39] Challenges fetching ...
[2025-07-05 10:30:39] Challenges fetched successfully for bruno!
[2025-07-05 10:30:49] Refresh automatique des challenges...
[2025-07-05 10:30:49] Fetching challenges...
[2025-07-05 10:30:49] Challenges fetching ...
[2025-07-05 10:30:49] Challenges fetched successfully for bruno!
[2025-07-05 10:30:59] Refresh automatique des challenges...
[2025-07-05 10:30:59] Fetching challenges...
[2025-07-05 10:31:00] Challenges fetching ...
[2025-07-05 10:31:00] Challenges fetched successfully for bruno!
[2025-07-05 10:31:09] Refresh automatique des challenges...
[2025-07-05 10:31:09] Fetching challenges...
[2025-07-05 10:31:10] Challenges fetching ...
[2025-07-05 10:31:10] Challenges fetched successfully for bruno!
[2025-07-05 10:31:19] Refresh automatique des challenges...
[2025-07-05 10:31:19] Fetching challenges...
[2025-07-05 10:31:20] Challenges fetching ...
[2025-07-05 10:31:20] Challenges fetched successfully for bruno!
[2025-07-05 10:31:29] Refresh automatique des challenges...
[2025-07-05 10:31:29] Fetching challenges...
[2025-07-05 10:31:30] Challenges fetching ...
[2025-07-05 10:31:30] Challenges fetched successfully for bruno!
[2025-07-05 10:31:39] Refresh automatique des challenges...
[2025-07-05 10:31:39] Fetching challenges...
[2025-07-05 10:31:40] Challenges fetching ...
[2025-07-05 10:31:40] Challenges fetched successfully for bruno!
[2025-07-05 10:31:49] Refresh automatique des challenges...
[2025-07-05 10:31:49] Fetching challenges...
[2025-07-05 10:31:50] Challenges fetching ...
[2025-07-05 10:31:50] Challenges fetched successfully for bruno!
[2025-07-05 10:31:59] Refresh automatique des challenges...
[2025-07-05 10:31:59] Fetching challenges...
[2025-07-05 10:32:00] Challenges fetching ...
[2025-07-05 10:32:00] Challenges fetched successfully for bruno!
[2025-07-05 10:32:09] Refresh automatique des challenges...
[2025-07-05 10:32:09] Fetching challenges...
[2025-07-05 10:32:10] Challenges fetching ...
[2025-07-05 10:32:10] Challenges fetched successfully for bruno!
[2025-07-05 10:32:19] Refresh automatique des challenges...
[2025-07-05 10:32:19] Fetching challenges...
[2025-07-05 10:32:20] Challenges fetching ...
[2025-07-05 10:32:20] Challenges fetched successfully for bruno!
[2025-07-05 10:32:29] Refresh automatique des challenges...
[2025-07-05 10:32:29] Fetching challenges...
[2025-07-05 10:32:30] Challenges fetching ...
[2025-07-05 10:32:30] Challenges fetched successfully for bruno!
[2025-07-05 10:32:39] Refresh automatique des challenges...
[2025-07-05 10:32:39] Fetching challenges...
[2025-07-05 10:32:40] Challenges fetching ...
[2025-07-05 10:32:40] Challenges fetched successfully for bruno!
[2025-07-05 10:32:49] Refresh automatique des challenges...
[2025-07-05 10:32:49] Fetching challenges...
[2025-07-05 10:32:50] Challenges fetching ...
[2025-07-05 10:32:50] Challenges fetched successfully for bruno!
[2025-07-05 10:32:59] Refresh automatique des challenges...
[2025-07-05 10:32:59] Fetching challenges...
[2025-07-05 10:33:00] Challenges fetching ...
[2025-07-05 10:33:00] Challenges fetched successfully for bruno!
[2025-07-05 10:33:09] Refresh automatique des challenges...
[2025-07-05 10:33:09] Fetching challenges...
[2025-07-05 10:33:09] Challenges fetching ...
[2025-07-05 10:33:09] Challenges fetched successfully for bruno!
[2025-07-05 10:33:19] Refresh automatique des challenges...
[2025-07-05 10:33:19] Fetching challenges...
[2025-07-05 10:33:19] Challenges fetching ...
[2025-07-05 10:33:19] Challenges fetched successfully for bruno!
[2025-07-05 10:33:29] Refresh automatique des challenges...
[2025-07-05 10:33:29] Fetching challenges...
[2025-07-05 10:33:29] Challenges fetching ...
[2025-07-05 10:33:29] Challenges fetched successfully for bruno!
[2025-07-05 10:33:39] Refresh automatique des challenges...
[2025-07-05 10:33:39] Fetching challenges...
[2025-07-05 10:33:39] Challenges fetching ...
[2025-07-05 10:33:39] Challenges fetched successfully for bruno!
[2025-07-05 10:33:49] Refresh automatique des challenges...
[2025-07-05 10:33:49] Fetching challenges...
[2025-07-05 10:33:49] Challenges fetching ...
[2025-07-05 10:33:49] Challenges fetched successfully for bruno!
[2025-07-05 10:33:59] Refresh automatique des challenges...
[2025-07-05 10:33:59] Fetching challenges...
[2025-07-05 10:33:59] Challenges fetching ...
[2025-07-05 10:33:59] Challenges fetched successfully for bruno!
[2025-07-05 10:34:09] Refresh automatique des challenges...
[2025-07-05 10:34:09] Fetching challenges...
[2025-07-05 10:34:09] Challenges fetching ...
[2025-07-05 10:34:09] Challenges fetched successfully for bruno!
[2025-07-05 10:34:19] Refresh automatique des challenges...
[2025-07-05 10:34:19] Fetching challenges...
[2025-07-05 10:34:19] Challenges fetching ...
[2025-07-05 10:34:19] Challenges fetched successfully for bruno!
[2025-07-05 10:34:29] Refresh automatique des challenges...
[2025-07-05 10:34:29] Fetching challenges...
[2025-07-05 10:34:29] Challenges fetching ...
[2025-07-05 10:34:29] Challenges fetched successfully for bruno!
[2025-07-05 10:34:39] Refresh automatique des challenges...
[2025-07-05 10:34:39] Fetching challenges...
[2025-07-05 10:34:39] Challenges fetching ...
[2025-07-05 10:34:39] Challenges fetched successfully for bruno!
[2025-07-05 10:34:49] Refresh automatique des challenges...
[2025-07-05 10:34:49] Fetching challenges...
[2025-07-05 10:34:49] Challenges fetching ...
[2025-07-05 10:34:49] Challenges fetched successfully for bruno!
[2025-07-05 10:34:59] Refresh automatique des challenges...
[2025-07-05 10:34:59] Fetching challenges...
[2025-07-05 10:34:59] Challenges fetching ...
[2025-07-05 10:34:59] Challenges fetched successfully for bruno!
[2025-07-05 10:35:09] Refresh automatique des challenges...
[2025-07-05 10:35:09] Fetching challenges...
[2025-07-05 10:35:09] Challenges fetching ...
[2025-07-05 10:35:09] Challenges fetched successfully for bruno!
[2025-07-05 10:35:19] Refresh automatique des challenges...
[2025-07-05 10:35:19] Fetching challenges...
[2025-07-05 10:35:20] Challenges fetching ...
[2025-07-05 10:35:20] Challenges fetched successfully for bruno!
[2025-07-05 10:35:29] Refresh automatique des challenges...
[2025-07-05 10:35:29] Fetching challenges...
[2025-07-05 10:35:29] APScheduler arrêté
[2025-07-05 10:35:38] Fetching challenges...
[2025-07-05 10:35:38] Premier refresh programmé à 10:36:00
[2025-07-05 10:35:38] APScheduler démarré avec succès
[2025-07-05 10:35:40] Challenges fetching ...
[2025-07-05 10:35:40] Lancement automatique des stratégies de fin pour 1 nouveaux challenges...
[2025-07-05 10:35:40] Nouveau challenge détecté pour bruno: Film Noir
[2025-07-05 10:35:40] Challenges fetched successfully for bruno!
[2025-07-05 10:36:00] Refresh automatique des challenges...
[2025-07-05 10:36:00] Refresh automatique démarré - exécution toutes les 10 secondes
[2025-07-05 10:36:00] Fetching challenges...
[2025-07-05 10:36:00] Challenges fetching ...
[2025-07-05 10:36:00] Challenges fetched successfully for bruno!
[2025-07-05 10:36:10] Refresh automatique des challenges...
[2025-07-05 10:36:10] Fetching challenges...
[2025-07-05 10:36:10] Challenges fetching ...
[2025-07-05 10:36:10] Challenges fetched successfully for bruno!
[2025-07-05 10:36:20] Refresh automatique des challenges...
[2025-07-05 10:36:20] Fetching challenges...
[2025-07-05 10:36:20] Challenges fetching ...
[2025-07-05 10:36:20] Challenges fetched successfully for bruno!
[2025-07-05 10:36:30] Refresh automatique des challenges...
[2025-07-05 10:36:30] Fetching challenges...
[2025-07-05 10:36:30] Challenges fetching ...
[2025-07-05 10:36:30] Challenges fetched successfully for bruno!
[2025-07-05 10:36:40] Refresh automatique des challenges...
[2025-07-05 10:36:40] Fetching challenges...
[2025-07-05 10:36:40] Challenges fetching ...
[2025-07-05 10:36:40] Challenges fetched successfully for bruno!
[2025-07-05 10:36:50] Refresh automatique des challenges...
[2025-07-05 10:36:50] Fetching challenges...
[2025-07-05 10:36:50] Challenges fetching ...
[2025-07-05 10:36:50] Challenges fetched successfully for bruno!
[2025-07-05 10:37:00] Refresh automatique des challenges...
[2025-07-05 10:37:00] Fetching challenges...
[2025-07-05 10:37:00] Challenges fetching ...
[2025-07-05 10:37:00] Challenges fetched successfully for bruno!
[2025-07-05 10:37:10] Refresh automatique des challenges...
[2025-07-05 10:37:10] Fetching challenges...
[2025-07-05 10:37:10] Challenges fetching ...
[2025-07-05 10:37:10] Challenges fetched successfully for bruno!
[2025-07-05 10:37:20] Refresh automatique des challenges...
[2025-07-05 10:37:20] Fetching challenges...
[2025-07-05 10:37:20] Challenges fetching ...
[2025-07-05 10:37:20] Challenges fetched successfully for bruno!
[2025-07-05 10:37:30] Refresh automatique des challenges...
[2025-07-05 10:37:30] Fetching challenges...
[2025-07-05 10:37:30] Challenges fetching ...
[2025-07-05 10:37:30] Challenges fetched successfully for bruno!
[2025-07-05 10:37:40] Refresh automatique des challenges...
[2025-07-05 10:37:40] Fetching challenges...
[2025-07-05 10:37:40] Challenges fetching ...
[2025-07-05 10:37:40] Challenges fetched successfully for bruno!
[2025-07-05 10:37:50] Refresh automatique des challenges...
[2025-07-05 10:37:50] Fetching challenges...
[2025-07-05 10:37:50] Challenges fetching ...
[2025-07-05 10:37:50] Challenges fetched successfully for bruno!
[2025-07-05 10:38:00] Refresh automatique des challenges...
[2025-07-05 10:38:00] Fetching challenges...
[2025-07-05 10:38:00] Challenges fetching ...
[2025-07-05 10:38:00] Challenges fetched successfully for bruno!
[2025-07-05 10:38:10] Refresh automatique des challenges...
[2025-07-05 10:38:10] Fetching challenges...
[2025-07-05 10:38:10] Challenges fetching ...
[2025-07-05 10:38:10] Challenges fetched successfully for bruno!
[2025-07-05 10:38:20] Refresh automatique des challenges...
[2025-07-05 10:38:20] Fetching challenges...
[2025-07-05 10:38:20] Challenges fetching ...
[2025-07-05 10:38:20] Challenges fetched successfully for bruno!
[2025-07-05 10:38:30] Refresh automatique des challenges...
[2025-07-05 10:38:30] Fetching challenges...
[2025-07-05 10:38:30] Challenges fetching ...
[2025-07-05 10:38:30] Challenges fetched successfully for bruno!
[2025-07-05 10:38:40] Refresh automatique des challenges...
[2025-07-05 10:38:40] Fetching challenges...
[2025-07-05 10:38:40] Challenges fetching ...
[2025-07-05 10:38:40] Challenges fetched successfully for bruno!
[2025-07-05 10:38:50] Refresh automatique des challenges...
[2025-07-05 10:38:50] Fetching challenges...
[2025-07-05 10:38:50] Challenges fetching ...
[2025-07-05 10:38:50] Challenges fetched successfully for bruno!
[2025-07-05 10:39:00] Refresh automatique des challenges...
[2025-07-05 10:39:00] Fetching challenges...
[2025-07-05 10:39:00] Challenges fetching ...
[2025-07-05 10:39:00] Challenges fetched successfully for bruno!
[2025-07-05 10:39:10] Refresh automatique des challenges...
[2025-07-05 10:39:10] Fetching challenges...
[2025-07-05 10:39:10] Challenges fetching ...
[2025-07-05 10:39:10] Challenges fetched successfully for bruno!
[2025-07-05 10:39:20] Refresh automatique des challenges...
[2025-07-05 10:39:20] Fetching challenges...
[2025-07-05 10:39:20] Challenges fetching ...
[2025-07-05 10:39:20] Challenges fetched successfully for bruno!
[2025-07-05 10:39:30] Refresh automatique des challenges...
[2025-07-05 10:39:30] Fetching challenges...
[2025-07-05 10:39:30] Challenges fetching ...
[2025-07-05 10:39:30] Challenges fetched successfully for bruno!
[2025-07-05 10:39:40] Refresh automatique des challenges...
[2025-07-05 10:39:40] Fetching challenges...
[2025-07-05 10:39:40] Challenges fetching ...
[2025-07-05 10:39:40] Challenges fetched successfully for bruno!
[2025-07-05 10:39:50] Refresh automatique des challenges...
[2025-07-05 10:39:50] Fetching challenges...
[2025-07-05 10:39:50] Challenges fetching ...
[2025-07-05 10:39:50] Challenges fetched successfully for bruno!
[2025-07-05 10:40:00] Refresh automatique des challenges...
[2025-07-05 10:40:00] Fetching challenges...
[2025-07-05 10:40:00] Challenges fetching ...
[2025-07-05 10:40:00] Challenges fetched successfully for bruno!
[2025-07-05 10:40:07] Fetching challenges...
[2025-07-05 10:40:07] Premier refresh programmé à 10:41:00
[2025-07-05 10:40:07] APScheduler démarré avec succès
[2025-07-05 10:40:09] Challenges fetching ...
[2025-07-05 10:40:09] Lancement automatique des stratégies de fin pour 7 nouveaux challenges...
[2025-07-05 10:40:09] Nouveau challenge détecté pour pascale: Time To Play
[2025-07-05 10:40:09] Nouveau challenge détecté pour pascale: Guru of The Week
[2025-07-05 10:40:09] Nouveau challenge détecté pour pascale: My Best Shot
[2025-07-05 10:40:09] Nouveau challenge détecté pour pascale: Art of Black & White
[2025-07-05 10:40:09] Nouveau challenge détecté pour pascale: Photo of the Week!
[2025-07-05 10:40:09] Nouveau challenge détecté pour pascale: Travel Stories
[2025-07-05 10:40:09] Nouveau challenge détecté pour pascale: Striking Portraits
[2025-07-05 10:40:09] Challenges fetched successfully for pascale!
[2025-07-05 10:40:10] Refresh automatique des challenges...
[2025-07-05 10:40:10] Fetching challenges...
[2025-07-05 10:40:10] Challenges fetching ...
[2025-07-05 10:40:10] Challenges fetched successfully for bruno!
[2025-07-05 10:40:20] Refresh automatique des challenges...
[2025-07-05 10:40:20] Fetching challenges...
[2025-07-05 10:40:20] Challenges fetching ...
[2025-07-05 10:40:20] Challenges fetched successfully for bruno!
[2025-07-05 10:40:30] Refresh automatique des challenges...
[2025-07-05 10:40:30] Fetching challenges...
[2025-07-05 10:40:30] Challenges fetching ...
[2025-07-05 10:40:30] Challenges fetched successfully for bruno!
[2025-07-05 10:40:40] Refresh automatique des challenges...
[2025-07-05 10:40:40] Fetching challenges...
[2025-07-05 10:40:40] Challenges fetching ...
[2025-07-05 10:40:40] Challenges fetched successfully for bruno!
[2025-07-05 10:40:50] Refresh automatique des challenges...
[2025-07-05 10:40:50] Fetching challenges...
[2025-07-05 10:40:50] Challenges fetching ...
[2025-07-05 10:40:50] Challenges fetched successfully for bruno!
[2025-07-05 10:41:00] Refresh automatique des challenges...
[2025-07-05 10:41:00] Fetching challenges...
[2025-07-05 10:41:00] Refresh automatique démarré - exécution toutes les 10 secondes
[2025-07-05 10:41:00] Refresh automatique des challenges...
[2025-07-05 10:41:00] Fetching challenges...
[2025-07-05 10:41:00] Challenges fetching ...
[2025-07-05 10:41:00] Challenges fetched successfully for pascale!
[2025-07-05 10:41:01] Guru of The Week get vote panel
[2025-07-05 10:41:01] Filling challenges: {103458}
Filled Guru of The Week with strategy end4

[2025-07-05 10:41:01] Récupération des données de vote pour Guru of The Week (URL: guru-of-the-week40, HEADER:{'User-Agent': 'Mozilla/5.0 (X11; Linux i686; rv:39.0) Gecko/20100101 Firefox/39.0', 'x-api-version': '8', 'x-env': 'WEB', 'X-requested-with': 'XMLHttpRequest', 'X-token': 'f96bbe3a7e7f833329e7129767a69abbfa6dfce3152e3c2a311eb49d89b5c3bb2b12b66b402f03dce682b8b2b6a005cd'})
[2025-07-05 10:41:02] Challenges fetching ...
[2025-07-05 10:41:02] Challenges fetched successfully for bruno!
[2025-07-05 10:41:02] Récupération réussie: 200 images pour Guru of The Week
[2025-07-05 10:41:02] Voting fetching ...
[2025-07-05 10:41:02] Guru of The Week voting 35 images
[2025-07-05 10:41:05] Guru of The Week voting 35 images
[2025-07-05 10:41:06] Guru of The Week voted successfully
[2025-07-05 10:41:08] Guru of The Week voted successfully
[2025-07-05 10:41:10] Refresh automatique des challenges...
[2025-07-05 10:41:10] Refresh automatique des challenges...
[2025-07-05 10:41:10] Fetching challenges...
[2025-07-05 10:41:10] Fetching challenges...
[2025-07-05 10:41:10] Challenges fetching ...
[2025-07-05 10:41:10] Challenges fetched successfully for bruno!
[2025-07-05 10:41:11] Challenges fetching ...
[2025-07-05 10:41:11] Challenges fetched successfully for pascale!
[2025-07-05 10:41:11] Challenges fetching ...
[2025-07-05 10:41:11] Challenges fetched successfully for pascale!
[2025-07-05 10:41:11] Challenges fetching ...
[2025-07-05 10:41:11] Challenges fetched successfully for pascale!
[2025-07-05 10:41:20] Refresh automatique des challenges...
[2025-07-05 10:41:20] Refresh automatique des challenges...
[2025-07-05 10:41:20] Fetching challenges...
[2025-07-05 10:41:20] Fetching challenges...
[2025-07-05 10:41:20] Challenges fetching ...
[2025-07-05 10:41:20] Challenges fetched successfully for bruno!
[2025-07-05 10:41:22] Challenges fetching ...
[2025-07-05 10:41:22] Challenges fetched successfully for pascale!
[2025-07-05 10:41:30] Refresh automatique des challenges...
[2025-07-05 10:41:30] Refresh automatique des challenges...
[2025-07-05 10:41:30] Fetching challenges...
[2025-07-05 10:41:30] Fetching challenges...
[2025-07-05 10:41:30] Challenges fetching ...
[2025-07-05 10:41:30] Challenges fetched successfully for bruno!
[2025-07-05 10:41:30] Challenges fetching ...
[2025-07-05 10:41:30] Challenges fetched successfully for pascale!
[2025-07-05 10:41:40] Refresh automatique des challenges...
[2025-07-05 10:41:40] Refresh automatique des challenges...
[2025-07-05 10:41:40] Fetching challenges...
[2025-07-05 10:41:40] Fetching challenges...
[2025-07-05 10:41:40] Challenges fetching ...
[2025-07-05 10:41:40] Challenges fetched successfully for pascale!
[2025-07-05 10:41:42] Challenges fetching ...
[2025-07-05 10:41:42] Challenges fetched successfully for bruno!
[2025-07-05 10:41:50] Refresh automatique des challenges...
[2025-07-05 10:41:50] Refresh automatique des challenges...
[2025-07-05 10:41:50] Fetching challenges...
[2025-07-05 10:41:50] Fetching challenges...
[2025-07-05 10:41:50] Challenges fetching ...
[2025-07-05 10:41:50] Challenges fetched successfully for bruno!
[2025-07-05 10:41:50] Challenges fetching ...
[2025-07-05 10:41:50] Challenges fetched successfully for pascale!
[2025-07-05 10:42:00] Refresh automatique des challenges...
[2025-07-05 10:42:00] Refresh automatique des challenges...
[2025-07-05 10:42:00] Fetching challenges...
[2025-07-05 10:42:00] Fetching challenges...
[2025-07-05 10:42:00] Challenges fetching ...
[2025-07-05 10:42:00] Challenges fetched successfully for bruno!
[2025-07-05 10:42:00] Challenges fetching ...
[2025-07-05 10:42:00] Challenges fetched successfully for pascale!
[2025-07-05 10:42:10] Refresh automatique des challenges...
[2025-07-05 10:42:10] Refresh automatique des challenges...
[2025-07-05 10:42:10] Fetching challenges...
[2025-07-05 10:42:10] Fetching challenges...
[2025-07-05 10:42:10] Challenges fetching ...
[2025-07-05 10:42:10] Challenges fetched successfully for bruno!
[2025-07-05 10:42:10] Challenges fetching ...
[2025-07-05 10:42:10] Challenges fetched successfully for pascale!
[2025-07-05 10:42:10] Refresh automatique désactivé
[2025-07-05 10:42:20] Refresh automatique des challenges...
[2025-07-05 10:42:20] Fetching challenges...
[2025-07-05 10:42:20] Challenges fetching ...
[2025-07-05 10:42:20] Challenges fetched successfully for bruno!
[2025-07-05 10:42:30] Refresh automatique des challenges...
[2025-07-05 10:42:30] Fetching challenges...
[2025-07-05 10:42:30] Challenges fetching ...
[2025-07-05 10:42:30] Challenges fetched successfully for bruno!
[2025-07-05 10:42:40] Refresh automatique des challenges...
[2025-07-05 10:42:40] Fetching challenges...
[2025-07-05 10:42:40] Challenges fetching ...
[2025-07-05 10:42:40] Challenges fetched successfully for bruno!
[2025-07-05 10:42:50] Refresh automatique des challenges...
[2025-07-05 10:42:50] Fetching challenges...
[2025-07-05 10:42:50] Challenges fetching ...
[2025-07-05 10:42:50] Challenges fetched successfully for bruno!
[2025-07-05 10:43:00] Refresh automatique des challenges...
[2025-07-05 10:43:00] Fetching challenges...
[2025-07-05 10:43:00] Challenges fetching ...
[2025-07-05 10:43:00] Challenges fetched successfully for bruno!
[2025-07-05 10:43:10] Refresh automatique des challenges...
[2025-07-05 10:43:10] Fetching challenges...
[2025-07-05 10:43:10] Challenges fetching ...
[2025-07-05 10:43:10] Challenges fetched successfully for bruno!
[2025-07-05 10:43:20] Refresh automatique des challenges...
[2025-07-05 10:43:20] Fetching challenges...
[2025-07-05 10:43:20] Challenges fetching ...
[2025-07-05 10:43:20] Challenges fetched successfully for bruno!
[2025-07-05 10:43:30] Refresh automatique des challenges...
[2025-07-05 10:43:30] Fetching challenges...
[2025-07-05 10:43:30] Challenges fetching ...
[2025-07-05 10:43:30] Challenges fetched successfully for bruno!
[2025-07-05 10:43:40] Refresh automatique des challenges...
[2025-07-05 10:43:40] Fetching challenges...
[2025-07-05 10:43:40] Challenges fetching ...
[2025-07-05 10:43:40] Challenges fetched successfully for bruno!
[2025-07-05 10:43:50] Refresh automatique des challenges...
[2025-07-05 10:43:50] Fetching challenges...
[2025-07-05 10:43:50] Challenges fetching ...
[2025-07-05 10:43:50] Challenges fetched successfully for bruno!
[2025-07-05 10:44:00] Refresh automatique des challenges...
[2025-07-05 10:44:00] Fetching challenges...
[2025-07-05 10:44:00] Challenges fetching ...
[2025-07-05 10:44:00] Challenges fetched successfully for bruno!
[2025-07-05 10:44:10] Refresh automatique des challenges...
[2025-07-05 10:44:10] Fetching challenges...
[2025-07-05 10:44:10] Challenges fetching ...
[2025-07-05 10:44:10] Challenges fetched successfully for bruno!
[2025-07-05 10:44:20] Refresh automatique des challenges...
[2025-07-05 10:44:20] Fetching challenges...
[2025-07-05 10:44:20] Challenges fetching ...
[2025-07-05 10:44:20] Challenges fetched successfully for bruno!
[2025-07-05 10:44:30] Refresh automatique des challenges...
[2025-07-05 10:44:30] Fetching challenges...
[2025-07-05 10:44:30] Challenges fetching ...
[2025-07-05 10:44:30] Challenges fetched successfully for bruno!
[2025-07-05 10:44:40] Refresh automatique des challenges...
[2025-07-05 10:44:40] Fetching challenges...
[2025-07-05 10:44:40] Challenges fetching ...
[2025-07-05 10:44:40] Challenges fetched successfully for bruno!
[2025-07-05 10:44:50] Refresh automatique des challenges...
[2025-07-05 10:44:50] Fetching challenges...
[2025-07-05 10:44:50] Challenges fetching ...
[2025-07-05 10:44:50] Challenges fetched successfully for bruno!
[2025-07-05 10:45:00] Refresh automatique des challenges...
[2025-07-05 10:45:00] Fetching challenges...
[2025-07-05 10:45:00] Challenges fetching ...
[2025-07-05 10:45:00] Challenges fetched successfully for bruno!
[2025-07-05 10:45:10] Refresh automatique des challenges...
[2025-07-05 10:45:10] Fetching challenges...
[2025-07-05 10:45:10] Challenges fetching ...
[2025-07-05 10:45:10] Challenges fetched successfully for bruno!
[2025-07-05 10:45:20] Refresh automatique des challenges...
[2025-07-05 10:45:20] Fetching challenges...
[2025-07-05 10:45:20] Challenges fetching ...
[2025-07-05 10:45:20] Challenges fetched successfully for bruno!
[2025-07-05 10:45:30] Refresh automatique des challenges...
[2025-07-05 10:45:30] Fetching challenges...
[2025-07-05 10:45:30] Challenges fetching ...
[2025-07-05 10:45:30] Challenges fetched successfully for bruno!
[2025-07-05 10:45:40] Refresh automatique des challenges...
[2025-07-05 10:45:40] Fetching challenges...
[2025-07-05 10:45:40] Challenges fetching ...
[2025-07-05 10:45:40] Challenges fetched successfully for bruno!
[2025-07-05 10:45:50] Refresh automatique des challenges...
[2025-07-05 10:45:50] Fetching challenges...
[2025-07-05 10:45:50] Challenges fetching ...
[2025-07-05 10:45:50] Challenges fetched successfully for bruno!
[2025-07-05 10:46:00] Refresh automatique des challenges...
[2025-07-05 10:46:00] Fetching challenges...
[2025-07-05 10:46:00] Challenges fetching ...
[2025-07-05 10:46:00] Challenges fetched successfully for bruno!
[2025-07-05 10:46:01] Refresh automatique activé
[2025-07-05 10:46:10] Refresh automatique des challenges...
[2025-07-05 10:46:10] Refresh automatique des challenges...
[2025-07-05 10:46:10] Fetching challenges...
[2025-07-05 10:46:10] Fetching challenges...
[2025-07-05 10:46:10] Challenges fetching ...
[2025-07-05 10:46:10] Challenges fetched successfully for bruno!
[2025-07-05 10:46:10] Challenges fetching ...
[2025-07-05 10:46:10] Challenges fetched successfully for pascale!
[2025-07-05 10:46:19] Refresh automatique désactivé
[2025-07-05 10:46:20] Refresh automatique des challenges...
[2025-07-05 10:46:20] Fetching challenges...
[2025-07-05 10:46:20] Challenges fetching ...
[2025-07-05 10:46:20] Challenges fetched successfully for bruno!
[2025-07-05 10:46:30] Refresh automatique des challenges...
[2025-07-05 10:46:30] Fetching challenges...
[2025-07-05 10:46:30] Challenges fetching ...
[2025-07-05 10:46:30] Challenges fetched successfully for bruno!
[2025-07-05 10:46:40] Refresh automatique des challenges...
[2025-07-05 10:46:40] Fetching challenges...
[2025-07-05 10:46:40] Challenges fetching ...
[2025-07-05 10:46:40] Challenges fetched successfully for bruno!
[2025-07-05 10:46:50] Refresh automatique des challenges...
[2025-07-05 10:46:50] Fetching challenges...
[2025-07-05 10:46:50] Challenges fetching ...
[2025-07-05 10:46:50] Challenges fetched successfully for bruno!
[2025-07-05 10:47:00] Refresh automatique des challenges...
[2025-07-05 10:47:00] Fetching challenges...
[2025-07-05 10:47:00] Challenges fetching ...
[2025-07-05 10:47:00] Challenges fetched successfully for bruno!
[2025-07-05 10:47:10] Refresh automatique des challenges...
[2025-07-05 10:47:10] Fetching challenges...
[2025-07-05 10:47:10] Challenges fetching ...
[2025-07-05 10:47:10] Challenges fetched successfully for bruno!
[2025-07-05 10:47:20] Refresh automatique des challenges...
[2025-07-05 10:47:20] Fetching challenges...
[2025-07-05 10:47:20] Challenges fetching ...
[2025-07-05 10:47:20] Challenges fetched successfully for bruno!
[2025-07-05 10:47:30] Refresh automatique des challenges...
[2025-07-05 10:47:30] Fetching challenges...
[2025-07-05 10:47:30] Challenges fetching ...
[2025-07-05 10:47:30] Challenges fetched successfully for bruno!
[2025-07-05 10:47:40] Refresh automatique des challenges...
[2025-07-05 10:47:40] Fetching challenges...
[2025-07-05 10:47:40] Challenges fetching ...
[2025-07-05 10:47:40] Challenges fetched successfully for bruno!
[2025-07-05 10:47:50] Refresh automatique des challenges...
[2025-07-05 10:47:50] Fetching challenges...
[2025-07-05 10:47:50] Challenges fetching ...
[2025-07-05 10:47:50] Challenges fetched successfully for bruno!
[2025-07-05 10:48:00] Refresh automatique des challenges...
[2025-07-05 10:48:00] Fetching challenges...
[2025-07-05 10:48:00] Challenges fetching ...
[2025-07-05 10:48:00] Challenges fetched successfully for bruno!
[2025-07-05 10:48:10] Refresh automatique des challenges...
[2025-07-05 10:48:10] Fetching challenges...
[2025-07-05 10:48:10] Challenges fetching ...
[2025-07-05 10:48:10] Challenges fetched successfully for bruno!
[2025-07-05 10:48:20] Refresh automatique des challenges...
[2025-07-05 10:48:20] Fetching challenges...
[2025-07-05 10:48:20] Challenges fetching ...
[2025-07-05 10:48:20] Challenges fetched successfully for bruno!
[2025-07-05 10:48:30] Refresh automatique des challenges...
[2025-07-05 10:48:30] Fetching challenges...
[2025-07-05 10:48:30] Challenges fetching ...
[2025-07-05 10:48:30] Challenges fetched successfully for bruno!
[2025-07-05 10:48:40] Refresh automatique des challenges...
[2025-07-05 10:48:40] Fetching challenges...
[2025-07-05 10:48:40] Challenges fetching ...
[2025-07-05 10:48:40] Challenges fetched successfully for bruno!
[2025-07-05 10:48:50] Refresh automatique des challenges...
[2025-07-05 10:48:50] Fetching challenges...
[2025-07-05 10:48:50] Challenges fetching ...
[2025-07-05 10:48:50] Challenges fetched successfully for bruno!
[2025-07-05 10:49:00] Refresh automatique des challenges...
[2025-07-05 10:49:00] Fetching challenges...
[2025-07-05 10:49:00] Challenges fetching ...
[2025-07-05 10:49:00] Challenges fetched successfully for bruno!
[2025-07-05 10:49:10] Refresh automatique des challenges...
[2025-07-05 10:49:10] Fetching challenges...
[2025-07-05 10:49:10] Challenges fetching ...
[2025-07-05 10:49:10] Challenges fetched successfully for bruno!
[2025-07-05 10:49:20] Refresh automatique des challenges...
[2025-07-05 10:49:20] Fetching challenges...
[2025-07-05 10:49:20] Challenges fetching ...
[2025-07-05 10:49:20] Challenges fetched successfully for bruno!
[2025-07-05 10:49:30] Refresh automatique des challenges...
[2025-07-05 10:49:30] Fetching challenges...
[2025-07-05 10:49:30] Challenges fetching ...
[2025-07-05 10:49:30] Challenges fetched successfully for bruno!
[2025-07-05 10:49:40] Refresh automatique des challenges...
[2025-07-05 10:49:40] Fetching challenges...
[2025-07-05 10:49:40] Challenges fetching ...
[2025-07-05 10:49:40] Challenges fetched successfully for bruno!
[2025-07-05 10:49:50] Refresh automatique des challenges...
[2025-07-05 10:49:50] Fetching challenges...
[2025-07-05 10:49:50] Challenges fetching ...
[2025-07-05 10:49:50] Challenges fetched successfully for bruno!
[2025-07-05 10:50:00] Refresh automatique des challenges...
[2025-07-05 10:50:00] Fetching challenges...
[2025-07-05 10:50:00] Challenges fetching ...
[2025-07-05 10:50:00] Challenges fetched successfully for bruno!
[2025-07-05 10:50:10] Refresh automatique des challenges...
[2025-07-05 10:50:10] Fetching challenges...
[2025-07-05 10:50:10] Challenges fetching ...
[2025-07-05 10:50:10] Challenges fetched successfully for bruno!
[2025-07-05 10:50:20] Refresh automatique des challenges...
[2025-07-05 10:50:20] Fetching challenges...
[2025-07-05 10:50:20] Challenges fetching ...
[2025-07-05 10:50:20] Challenges fetched successfully for bruno!
[2025-07-05 10:50:30] Refresh automatique des challenges...
[2025-07-05 10:50:30] Fetching challenges...
[2025-07-05 10:50:30] Challenges fetching ...
[2025-07-05 10:50:30] Challenges fetched successfully for bruno!
[2025-07-05 10:50:40] Refresh automatique des challenges...
[2025-07-05 10:50:40] Fetching challenges...
[2025-07-05 10:50:40] Challenges fetching ...
[2025-07-05 10:50:40] Challenges fetched successfully for bruno!
[2025-07-05 10:50:50] Refresh automatique des challenges...
[2025-07-05 10:50:50] Fetching challenges...
[2025-07-05 10:50:50] Challenges fetching ...
[2025-07-05 10:50:50] Challenges fetched successfully for bruno!
[2025-07-05 10:51:00] Refresh automatique des challenges...
[2025-07-05 10:51:00] Fetching challenges...
[2025-07-05 10:51:00] Challenges fetching ...
[2025-07-05 10:51:00] Challenges fetched successfully for bruno!
[2025-07-05 10:51:10] Refresh automatique des challenges...
[2025-07-05 10:51:10] Fetching challenges...
[2025-07-05 10:51:10] Challenges fetching ...
[2025-07-05 10:51:10] Challenges fetched successfully for bruno!
[2025-07-05 10:51:20] Refresh automatique des challenges...
[2025-07-05 10:51:20] Fetching challenges...
[2025-07-05 10:51:20] Challenges fetching ...
[2025-07-05 10:51:20] Challenges fetched successfully for bruno!
[2025-07-05 10:51:30] Refresh automatique des challenges...
[2025-07-05 10:51:30] Fetching challenges...
[2025-07-05 10:51:30] Challenges fetching ...
[2025-07-05 10:51:30] Challenges fetched successfully for bruno!
[2025-07-05 10:51:40] Refresh automatique des challenges...
[2025-07-05 10:51:40] Fetching challenges...
[2025-07-05 10:51:40] Challenges fetching ...
[2025-07-05 10:51:40] Challenges fetched successfully for bruno!
[2025-07-05 10:51:50] Refresh automatique des challenges...
[2025-07-05 10:51:50] Fetching challenges...
[2025-07-05 10:51:50] Challenges fetching ...
[2025-07-05 10:51:50] Challenges fetched successfully for bruno!
[2025-07-05 10:52:00] Refresh automatique des challenges...
[2025-07-05 10:52:00] Fetching challenges...
[2025-07-05 10:52:00] Challenges fetching ...
[2025-07-05 10:52:00] Challenges fetched successfully for bruno!
[2025-07-05 10:52:10] Refresh automatique des challenges...
[2025-07-05 10:52:10] Fetching challenges...
[2025-07-05 10:52:10] Challenges fetching ...
[2025-07-05 10:52:10] Challenges fetched successfully for bruno!
[2025-07-05 10:52:20] Refresh automatique des challenges...
[2025-07-05 10:52:20] Fetching challenges...
[2025-07-05 10:52:20] Challenges fetching ...
[2025-07-05 10:52:20] Challenges fetched successfully for bruno!
[2025-07-05 10:52:30] Refresh automatique des challenges...
[2025-07-05 10:52:30] Fetching challenges...
[2025-07-05 10:52:30] Challenges fetching ...
[2025-07-05 10:52:30] Challenges fetched successfully for bruno!
[2025-07-05 10:52:40] Refresh automatique des challenges...
[2025-07-05 10:52:40] Fetching challenges...
[2025-07-05 10:52:40] Challenges fetching ...
[2025-07-05 10:52:40] Challenges fetched successfully for bruno!
[2025-07-05 10:52:50] Refresh automatique des challenges...
[2025-07-05 10:52:50] Fetching challenges...
[2025-07-05 10:52:50] Challenges fetching ...
[2025-07-05 10:52:50] Challenges fetched successfully for bruno!
[2025-07-05 10:53:00] Refresh automatique des challenges...
[2025-07-05 10:53:00] Fetching challenges...
[2025-07-05 10:53:00] Challenges fetching ...
[2025-07-05 10:53:00] Challenges fetched successfully for bruno!
[2025-07-05 10:53:10] Refresh automatique des challenges...
[2025-07-05 10:53:10] Fetching challenges...
[2025-07-05 10:53:10] Challenges fetching ...
[2025-07-05 10:53:10] Challenges fetched successfully for bruno!
[2025-07-05 10:53:20] Refresh automatique des challenges...
[2025-07-05 10:53:20] Fetching challenges...
[2025-07-05 10:53:20] Challenges fetching ...
[2025-07-05 10:53:20] Challenges fetched successfully for bruno!
[2025-07-05 10:53:30] Refresh automatique des challenges...
[2025-07-05 10:53:30] Fetching challenges...
[2025-07-05 10:53:30] Challenges fetching ...
[2025-07-05 10:53:30] Challenges fetched successfully for bruno!
[2025-07-05 10:53:40] Refresh automatique des challenges...
[2025-07-05 10:53:40] Fetching challenges...
[2025-07-05 10:53:40] Challenges fetching ...
[2025-07-05 10:53:40] Challenges fetched successfully for bruno!
[2025-07-05 10:53:50] Refresh automatique des challenges...
[2025-07-05 10:53:50] Fetching challenges...
[2025-07-05 10:53:50] Challenges fetching ...
[2025-07-05 10:53:50] Challenges fetched successfully for bruno!
[2025-07-05 10:54:00] Refresh automatique des challenges...
[2025-07-05 10:54:00] Fetching challenges...
[2025-07-05 10:54:00] Challenges fetching ...
[2025-07-05 10:54:00] Challenges fetched successfully for bruno!
[2025-07-05 10:54:10] Refresh automatique des challenges...
[2025-07-05 10:54:10] Fetching challenges...
[2025-07-05 10:54:10] Challenges fetching ...
[2025-07-05 10:54:10] Challenges fetched successfully for bruno!
[2025-07-05 10:54:20] Refresh automatique des challenges...
[2025-07-05 10:54:20] Fetching challenges...
[2025-07-05 10:54:20] Challenges fetching ...
[2025-07-05 10:54:20] Challenges fetched successfully for bruno!
[2025-07-05 10:54:30] Refresh automatique des challenges...
[2025-07-05 10:54:30] Fetching challenges...
[2025-07-05 10:54:30] Challenges fetching ...
[2025-07-05 10:54:30] Challenges fetched successfully for bruno!
[2025-07-05 10:54:40] Refresh automatique des challenges...
[2025-07-05 10:54:40] Fetching challenges...
[2025-07-05 10:54:40] Challenges fetching ...
[2025-07-05 10:54:40] Challenges fetched successfully for bruno!
[2025-07-05 10:54:50] Refresh automatique des challenges...
[2025-07-05 10:54:50] Fetching challenges...
[2025-07-05 10:54:50] Challenges fetching ...
[2025-07-05 10:54:50] Challenges fetched successfully for bruno!
[2025-07-05 10:55:00] Refresh automatique des challenges...
[2025-07-05 10:55:00] Fetching challenges...
[2025-07-05 10:55:00] Challenges fetching ...
[2025-07-05 10:55:00] Challenges fetched successfully for bruno!
[2025-07-05 10:55:10] Refresh automatique des challenges...
[2025-07-05 10:55:10] Fetching challenges...
[2025-07-05 10:55:10] Challenges fetching ...
[2025-07-05 10:55:10] Challenges fetched successfully for bruno!
[2025-07-05 10:55:20] Refresh automatique des challenges...
[2025-07-05 10:55:20] Fetching challenges...
[2025-07-05 10:55:20] Challenges fetching ...
[2025-07-05 10:55:20] Challenges fetched successfully for bruno!
[2025-07-05 10:55:30] Refresh automatique des challenges...
[2025-07-05 10:55:30] Fetching challenges...
[2025-07-05 10:55:30] Challenges fetching ...
[2025-07-05 10:55:30] Challenges fetched successfully for bruno!
[2025-07-05 10:55:40] Refresh automatique des challenges...
[2025-07-05 10:55:40] Fetching challenges...
[2025-07-05 10:55:40] Challenges fetching ...
[2025-07-05 10:55:40] Challenges fetched successfully for bruno!
[2025-07-05 10:55:50] Refresh automatique des challenges...
[2025-07-05 10:55:50] Fetching challenges...
[2025-07-05 10:55:50] Challenges fetching ...
[2025-07-05 10:55:50] Challenges fetched successfully for bruno!
[2025-07-05 10:56:00] Refresh automatique des challenges...
[2025-07-05 10:56:00] Fetching challenges...
[2025-07-05 10:56:00] Challenges fetching ...
[2025-07-05 10:56:00] Challenges fetched successfully for bruno!
[2025-07-05 10:56:10] Refresh automatique des challenges...
[2025-07-05 10:56:10] Fetching challenges...
[2025-07-05 10:56:10] Challenges fetching ...
[2025-07-05 10:56:10] Challenges fetched successfully for bruno!
[2025-07-05 10:56:20] Refresh automatique des challenges...
[2025-07-05 10:56:20] Fetching challenges...
[2025-07-05 10:56:20] Challenges fetching ...
[2025-07-05 10:56:20] Challenges fetched successfully for bruno!
[2025-07-05 10:56:30] Refresh automatique des challenges...
[2025-07-05 10:56:30] Fetching challenges...
[2025-07-05 10:56:30] Challenges fetching ...
[2025-07-05 10:56:30] Challenges fetched successfully for bruno!
[2025-07-05 10:56:40] Refresh automatique des challenges...
[2025-07-05 10:56:40] Fetching challenges...
[2025-07-05 10:56:40] Challenges fetching ...
[2025-07-05 10:56:40] Challenges fetched successfully for bruno!
[2025-07-05 10:56:50] Refresh automatique des challenges...
[2025-07-05 10:56:50] Fetching challenges...
[2025-07-05 10:56:50] Challenges fetching ...
[2025-07-05 10:56:50] Challenges fetched successfully for bruno!
[2025-07-05 10:57:00] Refresh automatique des challenges...
[2025-07-05 10:57:00] Fetching challenges...
[2025-07-05 10:57:00] Challenges fetching ...
[2025-07-05 10:57:00] Challenges fetched successfully for bruno!
[2025-07-05 10:57:10] Refresh automatique des challenges...
[2025-07-05 10:57:10] Fetching challenges...
[2025-07-05 10:57:10] Challenges fetching ...
[2025-07-05 10:57:10] Challenges fetched successfully for bruno!
[2025-07-05 10:57:20] Refresh automatique des challenges...
[2025-07-05 10:57:20] Fetching challenges...
[2025-07-05 10:57:20] Challenges fetching ...
[2025-07-05 10:57:20] Challenges fetched successfully for bruno!
[2025-07-05 10:57:30] Refresh automatique des challenges...
[2025-07-05 10:57:30] Fetching challenges...
[2025-07-05 10:57:30] Challenges fetching ...
[2025-07-05 10:57:30] Challenges fetched successfully for bruno!
[2025-07-05 10:57:40] Refresh automatique des challenges...
[2025-07-05 10:57:40] Fetching challenges...
[2025-07-05 10:57:40] Challenges fetching ...
[2025-07-05 10:57:40] Challenges fetched successfully for bruno!
[2025-07-05 10:57:50] Refresh automatique des challenges...
[2025-07-05 10:57:50] Fetching challenges...
[2025-07-05 10:57:50] Challenges fetching ...
[2025-07-05 10:57:50] Challenges fetched successfully for bruno!
[2025-07-05 10:58:00] Refresh automatique des challenges...
[2025-07-05 10:58:00] Fetching challenges...
[2025-07-05 10:58:00] Challenges fetching ...
[2025-07-05 10:58:00] Challenges fetched successfully for bruno!
[2025-07-05 10:58:10] Refresh automatique des challenges...
[2025-07-05 10:58:10] Fetching challenges...
[2025-07-05 10:58:10] Challenges fetching ...
[2025-07-05 10:58:10] Challenges fetched successfully for bruno!
[2025-07-05 10:58:20] Refresh automatique des challenges...
[2025-07-05 10:58:20] Fetching challenges...
[2025-07-05 10:58:20] Challenges fetching ...
[2025-07-05 10:58:20] Challenges fetched successfully for bruno!
[2025-07-05 10:58:30] Refresh automatique des challenges...
[2025-07-05 10:58:30] Fetching challenges...
[2025-07-05 10:58:30] Challenges fetching ...
[2025-07-05 10:58:30] Challenges fetched successfully for bruno!
[2025-07-05 10:58:40] Refresh automatique des challenges...
[2025-07-05 10:58:40] Fetching challenges...
[2025-07-05 10:58:40] Challenges fetching ...
[2025-07-05 10:58:40] Challenges fetched successfully for bruno!
[2025-07-05 10:58:50] Refresh automatique des challenges...
[2025-07-05 10:58:50] Fetching challenges...
[2025-07-05 10:58:50] Challenges fetching ...
[2025-07-05 10:58:50] Challenges fetched successfully for bruno!
[2025-07-05 10:59:00] Refresh automatique des challenges...
[2025-07-05 10:59:00] Fetching challenges...
[2025-07-05 10:59:00] Challenges fetching ...
[2025-07-05 10:59:00] Challenges fetched successfully for bruno!
[2025-07-05 10:59:10] Refresh automatique des challenges...
[2025-07-05 10:59:10] Fetching challenges...
[2025-07-05 10:59:10] Challenges fetching ...
[2025-07-05 10:59:10] Challenges fetched successfully for bruno!
[2025-07-05 10:59:20] Refresh automatique des challenges...
[2025-07-05 10:59:20] Fetching challenges...
[2025-07-05 10:59:20] Challenges fetching ...
[2025-07-05 10:59:20] Challenges fetched successfully for bruno!
[2025-07-05 10:59:30] Refresh automatique des challenges...
[2025-07-05 10:59:30] Fetching challenges...
[2025-07-05 10:59:30] Challenges fetching ...
[2025-07-05 10:59:30] Challenges fetched successfully for bruno!
[2025-07-05 10:59:40] Refresh automatique des challenges...
[2025-07-05 10:59:40] Fetching challenges...
[2025-07-05 10:59:40] Challenges fetching ...
[2025-07-05 10:59:40] Challenges fetched successfully for bruno!
[2025-07-05 10:59:50] Refresh automatique des challenges...
[2025-07-05 10:59:50] Fetching challenges...
[2025-07-05 10:59:50] Challenges fetching ...
[2025-07-05 10:59:50] Challenges fetched successfully for bruno!
[2025-07-05 11:00:00] Refresh automatique des challenges...
[2025-07-05 11:00:00] Fetching challenges...
[2025-07-05 11:00:00] Challenges fetching ...
[2025-07-05 11:00:00] Challenges fetched successfully for bruno!
[2025-07-05 11:00:10] Refresh automatique des challenges...
[2025-07-05 11:00:10] Fetching challenges...
[2025-07-05 11:00:10] Challenges fetching ...
[2025-07-05 11:00:10] Challenges fetched successfully for bruno!
[2025-07-05 11:00:20] Refresh automatique des challenges...
[2025-07-05 11:00:20] Fetching challenges...
[2025-07-05 11:00:20] Challenges fetching ...
[2025-07-05 11:00:20] Challenges fetched successfully for bruno!
[2025-07-05 11:00:30] Refresh automatique des challenges...
[2025-07-05 11:00:30] Fetching challenges...
[2025-07-05 11:00:30] Challenges fetching ...
[2025-07-05 11:00:30] Challenges fetched successfully for bruno!
[2025-07-05 11:00:40] Refresh automatique des challenges...
[2025-07-05 11:00:40] Fetching challenges...
[2025-07-05 11:00:40] Challenges fetching ...
[2025-07-05 11:00:40] Challenges fetched successfully for bruno!
[2025-07-05 11:00:50] Refresh automatique des challenges...
[2025-07-05 11:00:50] Fetching challenges...
[2025-07-05 11:00:50] Challenges fetching ...
[2025-07-05 11:00:50] Challenges fetched successfully for bruno!
[2025-07-05 11:01:00] Refresh automatique des challenges...
[2025-07-05 11:01:00] Fetching challenges...
[2025-07-05 11:01:00] Challenges fetching ...
[2025-07-05 11:01:00] Challenges fetched successfully for bruno!
[2025-07-05 11:01:10] Refresh automatique des challenges...
[2025-07-05 11:01:10] Fetching challenges...
[2025-07-05 11:01:10] Challenges fetching ...
[2025-07-05 11:01:10] Challenges fetched successfully for bruno!
[2025-07-05 11:01:20] Refresh automatique des challenges...
[2025-07-05 11:01:20] Fetching challenges...
[2025-07-05 11:01:20] Challenges fetching ...
[2025-07-05 11:01:20] Challenges fetched successfully for bruno!
[2025-07-05 11:01:30] Refresh automatique des challenges...
[2025-07-05 11:01:30] Fetching challenges...
[2025-07-05 11:01:30] Challenges fetching ...
[2025-07-05 11:01:30] Challenges fetched successfully for bruno!
[2025-07-05 11:01:40] Refresh automatique des challenges...
[2025-07-05 11:01:40] Fetching challenges...
[2025-07-05 11:01:40] Challenges fetching ...
[2025-07-05 11:01:40] Challenges fetched successfully for bruno!
[2025-07-05 11:01:50] Refresh automatique des challenges...
[2025-07-05 11:01:50] Fetching challenges...
[2025-07-05 11:01:50] Challenges fetching ...
[2025-07-05 11:01:50] Challenges fetched successfully for bruno!
[2025-07-05 11:02:00] Refresh automatique des challenges...
[2025-07-05 11:02:00] Fetching challenges...
[2025-07-05 11:02:00] Challenges fetching ...
[2025-07-05 11:02:00] Challenges fetched successfully for bruno!
[2025-07-05 11:02:10] Refresh automatique des challenges...
[2025-07-05 11:02:10] Fetching challenges...
[2025-07-05 11:02:10] Challenges fetching ...
[2025-07-05 11:02:10] Challenges fetched successfully for bruno!
[2025-07-05 11:02:20] Refresh automatique des challenges...
[2025-07-05 11:02:20] Fetching challenges...
[2025-07-05 11:02:20] Challenges fetching ...
[2025-07-05 11:02:20] Challenges fetched successfully for bruno!
[2025-07-05 11:02:30] Refresh automatique des challenges...
[2025-07-05 11:02:30] Fetching challenges...
[2025-07-05 11:02:30] Challenges fetching ...
[2025-07-05 11:02:30] Challenges fetched successfully for bruno!
[2025-07-05 11:02:40] Refresh automatique des challenges...
[2025-07-05 11:02:40] Fetching challenges...
[2025-07-05 11:02:40] Challenges fetching ...
[2025-07-05 11:02:40] Challenges fetched successfully for bruno!
[2025-07-05 11:02:50] Refresh automatique des challenges...
[2025-07-05 11:02:50] Fetching challenges...
[2025-07-05 11:02:50] Challenges fetching ...
[2025-07-05 11:02:50] Challenges fetched successfully for bruno!
[2025-07-05 11:03:00] Refresh automatique des challenges...
[2025-07-05 11:03:00] Fetching challenges...
[2025-07-05 11:03:00] Challenges fetching ...
[2025-07-05 11:03:00] Challenges fetched successfully for bruno!
[2025-07-05 11:03:10] Refresh automatique des challenges...
[2025-07-05 11:03:10] Fetching challenges...
[2025-07-05 11:03:10] Challenges fetching ...
[2025-07-05 11:03:10] Challenges fetched successfully for bruno!
[2025-07-05 11:03:20] Refresh automatique des challenges...
[2025-07-05 11:03:20] Fetching challenges...
[2025-07-05 11:03:20] Challenges fetching ...
[2025-07-05 11:03:20] Challenges fetched successfully for bruno!
[2025-07-05 11:03:30] Refresh automatique des challenges...
[2025-07-05 11:03:30] Fetching challenges...
[2025-07-05 11:03:30] Challenges fetching ...
[2025-07-05 11:03:30] Challenges fetched successfully for bruno!
[2025-07-05 11:03:40] Refresh automatique des challenges...
[2025-07-05 11:03:40] Fetching challenges...
[2025-07-05 11:03:40] Challenges fetching ...
[2025-07-05 11:03:40] Challenges fetched successfully for bruno!
[2025-07-05 11:03:50] Refresh automatique des challenges...
[2025-07-05 11:03:50] Fetching challenges...
[2025-07-05 11:03:50] Challenges fetching ...
[2025-07-05 11:03:50] Challenges fetched successfully for bruno!
[2025-07-05 11:04:00] Refresh automatique des challenges...
[2025-07-05 11:04:00] Fetching challenges...
[2025-07-05 11:04:00] Challenges fetching ...
[2025-07-05 11:04:00] Challenges fetched successfully for bruno!
[2025-07-05 11:04:10] Refresh automatique des challenges...
[2025-07-05 11:04:10] Fetching challenges...
[2025-07-05 11:04:10] Challenges fetching ...
[2025-07-05 11:04:10] Challenges fetched successfully for bruno!
[2025-07-05 11:04:20] Refresh automatique des challenges...
[2025-07-05 11:04:20] Fetching challenges...
[2025-07-05 11:04:20] Challenges fetching ...
[2025-07-05 11:04:20] Challenges fetched successfully for bruno!
[2025-07-05 11:04:30] Refresh automatique des challenges...
[2025-07-05 11:04:30] Fetching challenges...
[2025-07-05 11:04:30] Challenges fetching ...
[2025-07-05 11:04:30] Challenges fetched successfully for bruno!
[2025-07-05 11:04:40] Refresh automatique des challenges...
[2025-07-05 11:04:40] Fetching challenges...
[2025-07-05 11:04:40] Challenges fetching ...
[2025-07-05 11:04:40] Challenges fetched successfully for bruno!
[2025-07-05 11:04:50] Refresh automatique des challenges...
[2025-07-05 11:04:50] Fetching challenges...
[2025-07-05 11:04:50] Challenges fetching ...
[2025-07-05 11:04:50] Challenges fetched successfully for bruno!
[2025-07-05 11:05:00] Refresh automatique des challenges...
[2025-07-05 11:05:00] Fetching challenges...
[2025-07-05 11:05:00] Challenges fetching ...
[2025-07-05 11:05:00] Challenges fetched successfully for bruno!
[2025-07-05 11:05:10] Refresh automatique des challenges...
[2025-07-05 11:05:10] Fetching challenges...
[2025-07-05 11:05:10] Challenges fetching ...
[2025-07-05 11:05:10] Challenges fetched successfully for bruno!
[2025-07-05 11:05:20] Refresh automatique des challenges...
[2025-07-05 11:05:20] Fetching challenges...
[2025-07-05 11:05:20] Challenges fetching ...
[2025-07-05 11:05:20] Challenges fetched successfully for bruno!
[2025-07-05 11:05:30] Refresh automatique des challenges...
[2025-07-05 11:05:30] Fetching challenges...
[2025-07-05 11:05:30] Challenges fetching ...
[2025-07-05 11:05:30] Challenges fetched successfully for bruno!
[2025-07-05 11:05:40] Refresh automatique des challenges...
[2025-07-05 11:05:40] Fetching challenges...
[2025-07-05 11:05:40] Challenges fetching ...
[2025-07-05 11:05:40] Challenges fetched successfully for bruno!
[2025-07-05 11:05:50] Refresh automatique des challenges...
[2025-07-05 11:05:50] Fetching challenges...
[2025-07-05 11:05:50] Challenges fetching ...
[2025-07-05 11:05:50] Challenges fetched successfully for bruno!
[2025-07-05 11:06:00] Refresh automatique des challenges...
[2025-07-05 11:06:00] Fetching challenges...
[2025-07-05 11:06:00] Challenges fetching ...
[2025-07-05 11:06:00] Challenges fetched successfully for bruno!
[2025-07-05 11:06:10] Refresh automatique des challenges...
[2025-07-05 11:06:10] Fetching challenges...
[2025-07-05 11:06:10] Challenges fetching ...
[2025-07-05 11:06:10] Challenges fetched successfully for bruno!
[2025-07-05 11:06:20] Refresh automatique des challenges...
[2025-07-05 11:06:20] Fetching challenges...
[2025-07-05 11:06:20] Challenges fetching ...
[2025-07-05 11:06:20] Challenges fetched successfully for bruno!
[2025-07-05 11:06:30] Refresh automatique des challenges...
[2025-07-05 11:06:30] Fetching challenges...
[2025-07-05 11:06:30] Challenges fetching ...
[2025-07-05 11:06:30] Challenges fetched successfully for bruno!
[2025-07-05 11:06:40] Refresh automatique des challenges...
[2025-07-05 11:06:40] Fetching challenges...
[2025-07-05 11:06:40] Challenges fetching ...
[2025-07-05 11:06:40] Challenges fetched successfully for bruno!
[2025-07-05 11:06:50] Refresh automatique des challenges...
[2025-07-05 11:06:50] Fetching challenges...
[2025-07-05 11:06:50] Challenges fetching ...
[2025-07-05 11:06:50] Challenges fetched successfully for bruno!
[2025-07-05 11:07:00] Refresh automatique des challenges...
[2025-07-05 11:07:00] Fetching challenges...
[2025-07-05 11:07:00] Challenges fetching ...
[2025-07-05 11:07:00] Challenges fetched successfully for bruno!
[2025-07-05 11:07:10] Refresh automatique des challenges...
[2025-07-05 11:07:10] Fetching challenges...
[2025-07-05 11:07:10] Challenges fetching ...
[2025-07-05 11:07:10] Challenges fetched successfully for bruno!
[2025-07-05 11:07:20] Refresh automatique des challenges...
[2025-07-05 11:07:20] Fetching challenges...
[2025-07-05 11:07:20] Challenges fetching ...
[2025-07-05 11:07:20] Challenges fetched successfully for bruno!
[2025-07-05 11:07:30] Refresh automatique des challenges...
[2025-07-05 11:07:30] Fetching challenges...
[2025-07-05 11:07:30] Challenges fetching ...
[2025-07-05 11:07:30] Challenges fetched successfully for bruno!
[2025-07-05 11:07:40] Refresh automatique des challenges...
[2025-07-05 11:07:40] Fetching challenges...
[2025-07-05 11:07:40] Challenges fetching ...
[2025-07-05 11:07:40] Challenges fetched successfully for bruno!
[2025-07-05 11:07:50] Refresh automatique des challenges...
[2025-07-05 11:07:50] Fetching challenges...
[2025-07-05 11:07:50] Challenges fetching ...
[2025-07-05 11:07:50] Challenges fetched successfully for bruno!
[2025-07-05 11:08:00] Refresh automatique des challenges...
[2025-07-05 11:08:00] Fetching challenges...
[2025-07-05 11:08:00] Challenges fetching ...
[2025-07-05 11:08:00] Challenges fetched successfully for bruno!
[2025-07-05 11:08:10] Refresh automatique des challenges...
[2025-07-05 11:08:10] Fetching challenges...
[2025-07-05 11:08:10] Challenges fetching ...
[2025-07-05 11:08:10] Challenges fetched successfully for bruno!
[2025-07-05 11:08:20] Refresh automatique des challenges...
[2025-07-05 11:08:20] Fetching challenges...
[2025-07-05 11:08:20] Challenges fetching ...
[2025-07-05 11:08:20] Challenges fetched successfully for bruno!
[2025-07-05 11:08:30] Refresh automatique des challenges...
[2025-07-05 11:08:30] Fetching challenges...
[2025-07-05 11:08:30] Challenges fetching ...
[2025-07-05 11:08:30] Challenges fetched successfully for bruno!
[2025-07-05 11:08:40] Refresh automatique des challenges...
[2025-07-05 11:08:40] Fetching challenges...
[2025-07-05 11:08:40] Challenges fetching ...
[2025-07-05 11:08:40] Challenges fetched successfully for bruno!
[2025-07-05 11:08:50] Refresh automatique des challenges...
[2025-07-05 11:08:50] Fetching challenges...
[2025-07-05 11:08:51] Challenges fetching ...
[2025-07-05 11:08:51] Challenges fetched successfully for bruno!
[2025-07-05 11:09:00] Refresh automatique des challenges...
[2025-07-05 11:09:00] Fetching challenges...
[2025-07-05 11:09:00] Challenges fetching ...
[2025-07-05 11:09:00] Challenges fetched successfully for bruno!
[2025-07-05 11:09:10] Refresh automatique des challenges...
[2025-07-05 11:09:10] Fetching challenges...
[2025-07-05 11:09:10] Challenges fetching ...
[2025-07-05 11:09:10] Challenges fetched successfully for bruno!
[2025-07-05 11:09:20] Refresh automatique des challenges...
[2025-07-05 11:09:20] Fetching challenges...
[2025-07-05 11:09:20] Challenges fetching ...
[2025-07-05 11:09:20] Challenges fetched successfully for bruno!
[2025-07-05 11:09:30] Refresh automatique des challenges...
[2025-07-05 11:09:30] Fetching challenges...
[2025-07-05 11:09:30] Challenges fetching ...
[2025-07-05 11:09:30] Challenges fetched successfully for bruno!
[2025-07-05 11:09:40] Refresh automatique des challenges...
[2025-07-05 11:09:40] Fetching challenges...
[2025-07-05 11:09:40] Challenges fetching ...
[2025-07-05 11:09:40] Challenges fetched successfully for bruno!
[2025-07-05 11:09:50] Refresh automatique des challenges...
[2025-07-05 11:09:50] Fetching challenges...
[2025-07-05 11:09:50] Challenges fetching ...
[2025-07-05 11:09:50] Challenges fetched successfully for bruno!
[2025-07-05 11:10:00] Refresh automatique des challenges...
[2025-07-05 11:10:00] Fetching challenges...
[2025-07-05 11:10:01] Challenges fetching ...
[2025-07-05 11:10:01] Challenges fetched successfully for bruno!
[2025-07-05 11:10:10] Refresh automatique des challenges...
[2025-07-05 11:10:10] Fetching challenges...
[2025-07-05 11:10:11] Challenges fetching ...
[2025-07-05 11:10:11] Challenges fetched successfully for bruno!
[2025-07-05 11:10:20] Refresh automatique des challenges...
[2025-07-05 11:10:20] Fetching challenges...
[2025-07-05 11:10:21] Challenges fetching ...
[2025-07-05 11:10:21] Challenges fetched successfully for bruno!
[2025-07-05 11:10:30] Refresh automatique des challenges...
[2025-07-05 11:10:30] Fetching challenges...
[2025-07-05 11:10:31] Challenges fetching ...
[2025-07-05 11:10:31] Challenges fetched successfully for bruno!
[2025-07-05 11:10:40] Refresh automatique des challenges...
[2025-07-05 11:10:40] Fetching challenges...
[2025-07-05 11:10:41] Challenges fetching ...
[2025-07-05 11:10:41] Challenges fetched successfully for bruno!
[2025-07-05 11:10:50] Refresh automatique des challenges...
[2025-07-05 11:10:50] Fetching challenges...
[2025-07-05 11:10:51] Challenges fetching ...
[2025-07-05 11:10:51] Challenges fetched successfully for bruno!
[2025-07-05 11:11:00] Refresh automatique des challenges...
[2025-07-05 11:11:00] Fetching challenges...
[2025-07-05 11:11:01] Challenges fetching ...
[2025-07-05 11:11:01] Challenges fetched successfully for bruno!
[2025-07-05 11:11:10] Refresh automatique des challenges...
[2025-07-05 11:11:10] Fetching challenges...
[2025-07-05 11:11:11] Challenges fetching ...
[2025-07-05 11:11:11] Challenges fetched successfully for bruno!
[2025-07-05 11:11:20] Refresh automatique des challenges...
[2025-07-05 11:11:20] Fetching challenges...
[2025-07-05 11:11:21] Challenges fetching ...
[2025-07-05 11:11:21] Challenges fetched successfully for bruno!
[2025-07-05 11:11:30] Refresh automatique des challenges...
[2025-07-05 11:11:30] Fetching challenges...
[2025-07-05 11:11:31] Challenges fetching ...
[2025-07-05 11:11:31] Challenges fetched successfully for bruno!
[2025-07-05 11:11:40] Refresh automatique des challenges...
[2025-07-05 11:11:40] Fetching challenges...
[2025-07-05 11:11:41] Challenges fetching ...
[2025-07-05 11:11:41] Challenges fetched successfully for bruno!
[2025-07-05 11:11:50] Refresh automatique des challenges...
[2025-07-05 11:11:50] Fetching challenges...
[2025-07-05 11:11:51] Challenges fetching ...
[2025-07-05 11:11:51] Challenges fetched successfully for bruno!
[2025-07-05 11:12:00] Refresh automatique des challenges...
[2025-07-05 11:12:00] Fetching challenges...
[2025-07-05 11:12:01] Challenges fetching ...
[2025-07-05 11:12:01] Challenges fetched successfully for bruno!
[2025-07-05 11:12:10] Refresh automatique des challenges...
[2025-07-05 11:12:10] Fetching challenges...
[2025-07-05 11:12:11] Challenges fetching ...
[2025-07-05 11:12:11] Challenges fetched successfully for bruno!
[2025-07-05 11:12:20] Refresh automatique des challenges...
[2025-07-05 11:12:20] Fetching challenges...
[2025-07-05 11:12:21] Challenges fetching ...
[2025-07-05 11:12:21] Challenges fetched successfully for bruno!
[2025-07-05 11:12:30] Refresh automatique des challenges...
[2025-07-05 11:12:30] Fetching challenges...
[2025-07-05 11:12:31] Challenges fetching ...
[2025-07-05 11:12:31] Challenges fetched successfully for bruno!
[2025-07-05 11:12:40] Refresh automatique des challenges...
[2025-07-05 11:12:40] Fetching challenges...
[2025-07-05 11:12:41] Challenges fetching ...
[2025-07-05 11:12:41] Challenges fetched successfully for bruno!
[2025-07-05 11:12:50] Refresh automatique des challenges...
[2025-07-05 11:12:50] Fetching challenges...
[2025-07-05 11:12:51] Challenges fetching ...
[2025-07-05 11:12:51] Challenges fetched successfully for bruno!
[2025-07-05 11:13:00] Refresh automatique des challenges...
[2025-07-05 11:13:00] Fetching challenges...
[2025-07-05 11:13:01] Challenges fetching ...
[2025-07-05 11:13:01] Challenges fetched successfully for bruno!
[2025-07-05 11:13:10] Refresh automatique des challenges...
[2025-07-05 11:13:10] Fetching challenges...
[2025-07-05 11:13:11] Challenges fetching ...
[2025-07-05 11:13:11] Challenges fetched successfully for bruno!
[2025-07-05 11:13:20] Refresh automatique des challenges...
[2025-07-05 11:13:20] Fetching challenges...
[2025-07-05 11:13:21] Challenges fetching ...
[2025-07-05 11:13:21] Challenges fetched successfully for bruno!
[2025-07-05 11:13:30] Refresh automatique des challenges...
[2025-07-05 11:13:30] Fetching challenges...
[2025-07-05 11:13:31] Challenges fetching ...
[2025-07-05 11:13:31] Challenges fetched successfully for bruno!
[2025-07-05 11:13:40] Refresh automatique des challenges...
[2025-07-05 11:13:40] Fetching challenges...
[2025-07-05 11:13:41] Challenges fetching ...
[2025-07-05 11:13:41] Challenges fetched successfully for bruno!
[2025-07-05 11:13:50] Refresh automatique des challenges...
[2025-07-05 11:13:50] Fetching challenges...
[2025-07-05 11:13:51] Challenges fetching ...
[2025-07-05 11:13:51] Challenges fetched successfully for bruno!
[2025-07-05 11:14:00] Refresh automatique des challenges...
[2025-07-05 11:14:00] Fetching challenges...
[2025-07-05 11:14:01] Challenges fetching ...
[2025-07-05 11:14:01] Challenges fetched successfully for bruno!
[2025-07-05 11:14:10] Refresh automatique des challenges...
[2025-07-05 11:14:10] Fetching challenges...
[2025-07-05 11:14:11] Challenges fetching ...
[2025-07-05 11:14:11] Challenges fetched successfully for bruno!
[2025-07-05 11:14:20] Refresh automatique des challenges...
[2025-07-05 11:14:20] Fetching challenges...
[2025-07-05 11:14:21] Challenges fetching ...
[2025-07-05 11:14:21] Challenges fetched successfully for bruno!
[2025-07-05 11:14:30] Refresh automatique des challenges...
[2025-07-05 11:14:30] Fetching challenges...
[2025-07-05 11:14:31] Challenges fetching ...
[2025-07-05 11:14:31] Challenges fetched successfully for bruno!
[2025-07-05 11:14:40] Refresh automatique des challenges...
[2025-07-05 11:14:40] Fetching challenges...
[2025-07-05 11:14:41] Challenges fetching ...
[2025-07-05 11:14:41] Challenges fetched successfully for bruno!
[2025-07-05 11:14:50] Refresh automatique des challenges...
[2025-07-05 11:14:50] Fetching challenges...
[2025-07-05 11:14:51] Challenges fetching ...
[2025-07-05 11:14:51] Challenges fetched successfully for bruno!
[2025-07-05 11:15:00] Refresh automatique des challenges...
[2025-07-05 11:15:00] Fetching challenges...
[2025-07-05 11:15:01] Challenges fetching ...
[2025-07-05 11:15:01] Challenges fetched successfully for bruno!
[2025-07-05 11:15:10] Refresh automatique des challenges...
[2025-07-05 11:15:10] Fetching challenges...
[2025-07-05 11:15:11] Challenges fetching ...
[2025-07-05 11:15:11] Challenges fetched successfully for bruno!
[2025-07-05 11:15:20] Refresh automatique des challenges...
[2025-07-05 11:15:20] Fetching challenges...
[2025-07-05 11:15:21] Challenges fetching ...
[2025-07-05 11:15:21] Challenges fetched successfully for bruno!
[2025-07-05 11:15:30] Refresh automatique des challenges...
[2025-07-05 11:15:30] Fetching challenges...
[2025-07-05 11:15:31] Challenges fetching ...
[2025-07-05 11:15:31] Challenges fetched successfully for bruno!
[2025-07-05 11:15:40] Refresh automatique des challenges...
[2025-07-05 11:15:40] Fetching challenges...
[2025-07-05 11:15:41] Challenges fetching ...
[2025-07-05 11:15:41] Challenges fetched successfully for bruno!
[2025-07-05 11:15:50] Refresh automatique des challenges...
[2025-07-05 11:15:50] Fetching challenges...
[2025-07-05 11:15:51] Challenges fetching ...
[2025-07-05 11:15:51] Challenges fetched successfully for bruno!
[2025-07-05 11:16:00] Refresh automatique des challenges...
[2025-07-05 11:16:00] Fetching challenges...
[2025-07-05 11:16:01] Challenges fetching ...
[2025-07-05 11:16:01] Challenges fetched successfully for bruno!
[2025-07-05 11:16:10] Refresh automatique des challenges...
[2025-07-05 11:16:10] Fetching challenges...
[2025-07-05 11:16:11] Challenges fetching ...
[2025-07-05 11:16:11] Challenges fetched successfully for bruno!
[2025-07-05 11:16:20] Refresh automatique des challenges...
[2025-07-05 11:16:20] Fetching challenges...
[2025-07-05 11:16:21] Challenges fetching ...
[2025-07-05 11:16:21] Challenges fetched successfully for bruno!
[2025-07-05 11:16:30] Refresh automatique des challenges...
[2025-07-05 11:16:30] Fetching challenges...
[2025-07-05 11:16:31] Challenges fetching ...
[2025-07-05 11:16:31] Challenges fetched successfully for bruno!
[2025-07-05 11:16:40] Refresh automatique des challenges...
[2025-07-05 11:16:40] Fetching challenges...
[2025-07-05 11:16:41] Challenges fetching ...
[2025-07-05 11:16:41] Challenges fetched successfully for bruno!
[2025-07-05 11:16:50] Refresh automatique des challenges...
[2025-07-05 11:16:50] Fetching challenges...
[2025-07-05 11:16:51] Challenges fetching ...
[2025-07-05 11:16:51] Challenges fetched successfully for bruno!
[2025-07-05 11:17:00] Refresh automatique des challenges...
[2025-07-05 11:17:00] Fetching challenges...
[2025-07-05 11:17:01] Challenges fetching ...
[2025-07-05 11:17:01] Challenges fetched successfully for bruno!
[2025-07-05 11:17:10] Refresh automatique des challenges...
[2025-07-05 11:17:10] Fetching challenges...
[2025-07-05 11:17:11] Challenges fetching ...
[2025-07-05 11:17:11] Challenges fetched successfully for bruno!
[2025-07-05 11:17:20] Refresh automatique des challenges...
[2025-07-05 11:17:20] Fetching challenges...
[2025-07-05 11:17:21] Challenges fetching ...
[2025-07-05 11:17:21] Challenges fetched successfully for bruno!
[2025-07-05 11:17:30] Refresh automatique des challenges...
[2025-07-05 11:17:30] Fetching challenges...
[2025-07-05 11:17:31] Challenges fetching ...
[2025-07-05 11:17:31] Challenges fetched successfully for bruno!
[2025-07-05 11:17:40] Refresh automatique des challenges...
[2025-07-05 11:17:40] Fetching challenges...
[2025-07-05 11:17:41] Challenges fetching ...
[2025-07-05 11:17:41] Challenges fetched successfully for bruno!
[2025-07-05 11:17:50] Refresh automatique des challenges...
[2025-07-05 11:17:50] Fetching challenges...
[2025-07-05 11:17:51] Challenges fetching ...
[2025-07-05 11:17:51] Challenges fetched successfully for bruno!
[2025-07-05 11:18:00] Refresh automatique des challenges...
[2025-07-05 11:18:00] Fetching challenges...
[2025-07-05 11:18:01] Challenges fetching ...
[2025-07-05 11:18:01] Challenges fetched successfully for bruno!
[2025-07-05 11:18:10] Refresh automatique des challenges...
[2025-07-05 11:18:10] Fetching challenges...
[2025-07-05 11:18:11] Challenges fetching ...
[2025-07-05 11:18:11] Challenges fetched successfully for bruno!
[2025-07-05 11:18:20] Refresh automatique des challenges...
[2025-07-05 11:18:20] Fetching challenges...
[2025-07-05 11:18:21] Challenges fetching ...
[2025-07-05 11:18:21] Challenges fetched successfully for bruno!
[2025-07-05 11:18:30] Refresh automatique des challenges...
[2025-07-05 11:18:30] Fetching challenges...
[2025-07-05 11:18:31] Challenges fetching ...
[2025-07-05 11:18:31] Challenges fetched successfully for bruno!
[2025-07-05 11:18:41] Refresh automatique des challenges...
[2025-07-05 11:18:41] Fetching challenges...
[2025-07-05 11:18:42] Challenges fetching ...
[2025-07-05 11:18:42] Challenges fetched successfully for bruno!
[2025-07-05 11:18:50] Refresh automatique des challenges...
[2025-07-05 11:18:50] Fetching challenges...
[2025-07-05 11:18:51] Challenges fetching ...
[2025-07-05 11:18:51] Challenges fetched successfully for bruno!
[2025-07-05 11:19:00] Refresh automatique des challenges...
[2025-07-05 11:19:00] Fetching challenges...
[2025-07-05 11:19:01] Challenges fetching ...
[2025-07-05 11:19:01] Challenges fetched successfully for bruno!
[2025-07-05 11:19:10] Refresh automatique des challenges...
[2025-07-05 11:19:10] Fetching challenges...
[2025-07-05 11:19:11] Challenges fetching ...
[2025-07-05 11:19:11] Challenges fetched successfully for bruno!
[2025-07-05 11:19:20] Refresh automatique des challenges...
[2025-07-05 11:19:20] Fetching challenges...
[2025-07-05 11:19:21] Challenges fetching ...
[2025-07-05 11:19:21] Challenges fetched successfully for bruno!
[2025-07-05 11:19:30] Refresh automatique des challenges...
[2025-07-05 11:19:30] Fetching challenges...
[2025-07-05 11:19:31] Challenges fetching ...
[2025-07-05 11:19:31] Challenges fetched successfully for bruno!
[2025-07-05 11:19:40] Refresh automatique des challenges...
[2025-07-05 11:19:40] Fetching challenges...
[2025-07-05 11:19:41] Challenges fetching ...
[2025-07-05 11:19:41] Challenges fetched successfully for bruno!
[2025-07-05 11:19:50] Refresh automatique des challenges...
[2025-07-05 11:19:50] Fetching challenges...
[2025-07-05 11:19:51] Challenges fetching ...
[2025-07-05 11:19:51] Challenges fetched successfully for bruno!
[2025-07-05 11:20:00] Refresh automatique des challenges...
[2025-07-05 11:20:00] Fetching challenges...
[2025-07-05 11:20:01] Challenges fetching ...
[2025-07-05 11:20:01] Challenges fetched successfully for bruno!
[2025-07-05 11:20:10] Refresh automatique des challenges...
[2025-07-05 11:20:10] Fetching challenges...
[2025-07-05 11:20:11] Challenges fetching ...
[2025-07-05 11:20:11] Challenges fetched successfully for bruno!
[2025-07-05 11:20:20] Refresh automatique des challenges...
[2025-07-05 11:20:20] Fetching challenges...
[2025-07-05 11:20:21] Challenges fetching ...
[2025-07-05 11:20:21] Challenges fetched successfully for bruno!
[2025-07-05 11:20:30] Refresh automatique des challenges...
[2025-07-05 11:20:30] Fetching challenges...
[2025-07-05 11:20:31] Challenges fetching ...
[2025-07-05 11:20:31] Challenges fetched successfully for bruno!
[2025-07-05 11:20:40] Refresh automatique des challenges...
[2025-07-05 11:20:40] Fetching challenges...
[2025-07-05 11:20:41] Challenges fetching ...
[2025-07-05 11:20:41] Challenges fetched successfully for bruno!
[2025-07-05 11:20:50] Refresh automatique des challenges...
[2025-07-05 11:20:50] Fetching challenges...
[2025-07-05 11:20:51] Challenges fetching ...
[2025-07-05 11:20:51] Challenges fetched successfully for bruno!
[2025-07-05 11:21:00] Refresh automatique des challenges...
[2025-07-05 11:21:00] Fetching challenges...
[2025-07-05 11:21:01] Challenges fetching ...
[2025-07-05 11:21:01] Challenges fetched successfully for bruno!
[2025-07-05 11:21:10] Refresh automatique des challenges...
[2025-07-05 11:21:10] Fetching challenges...
[2025-07-05 11:21:11] Challenges fetching ...
[2025-07-05 11:21:11] Challenges fetched successfully for bruno!
[2025-07-05 11:21:20] Refresh automatique des challenges...
[2025-07-05 11:21:20] Fetching challenges...
[2025-07-05 11:21:20] Challenges fetching ...
[2025-07-05 11:21:20] Challenges fetched successfully for bruno!
[2025-07-05 11:21:30] Refresh automatique des challenges...
[2025-07-05 11:21:30] Fetching challenges...
[2025-07-05 11:21:31] Challenges fetching ...
[2025-07-05 11:21:31] Challenges fetched successfully for bruno!
[2025-07-05 11:21:40] Refresh automatique des challenges...
[2025-07-05 11:21:40] Fetching challenges...
[2025-07-05 11:21:40] Challenges fetching ...
[2025-07-05 11:21:40] Challenges fetched successfully for bruno!
[2025-07-05 11:21:50] Refresh automatique des challenges...
[2025-07-05 11:21:50] Fetching challenges...
[2025-07-05 11:21:50] Challenges fetching ...
[2025-07-05 11:21:50] Challenges fetched successfully for bruno!
[2025-07-05 11:22:00] Refresh automatique des challenges...
[2025-07-05 11:22:00] Fetching challenges...
[2025-07-05 11:22:00] Challenges fetching ...
[2025-07-05 11:22:00] Challenges fetched successfully for bruno!
[2025-07-05 11:22:10] Refresh automatique des challenges...
[2025-07-05 11:22:10] Fetching challenges...
[2025-07-05 11:22:11] Challenges fetching ...
[2025-07-05 11:22:11] Challenges fetched successfully for bruno!
[2025-07-05 11:22:20] Refresh automatique des challenges...
[2025-07-05 11:22:20] Fetching challenges...
[2025-07-05 11:22:20] Challenges fetching ...
[2025-07-05 11:22:20] Challenges fetched successfully for bruno!
[2025-07-05 11:22:30] Refresh automatique des challenges...
[2025-07-05 11:22:30] Fetching challenges...
[2025-07-05 11:22:31] Challenges fetching ...
[2025-07-05 11:22:31] Challenges fetched successfully for bruno!
[2025-07-05 11:22:41] Refresh automatique des challenges...
[2025-07-05 11:22:41] Fetching challenges...
[2025-07-05 11:22:42] Challenges fetching ...
[2025-07-05 11:22:42] Challenges fetched successfully for bruno!
[2025-07-05 11:22:50] Refresh automatique des challenges...
[2025-07-05 11:22:50] Fetching challenges...
[2025-07-05 11:22:50] Challenges fetching ...
[2025-07-05 11:22:51] Challenges fetched successfully for bruno!
[2025-07-05 11:23:00] Refresh automatique des challenges...
[2025-07-05 11:23:00] Fetching challenges...
[2025-07-05 11:23:01] Challenges fetching ...
[2025-07-05 11:23:01] Challenges fetched successfully for bruno!
[2025-07-05 11:23:10] Refresh automatique des challenges...
[2025-07-05 11:23:10] Fetching challenges...
[2025-07-05 11:23:11] Challenges fetching ...
[2025-07-05 11:23:11] Challenges fetched successfully for bruno!
[2025-07-05 11:23:20] Refresh automatique des challenges...
[2025-07-05 11:23:20] Fetching challenges...
[2025-07-05 11:23:21] Challenges fetching ...
[2025-07-05 11:23:21] Challenges fetched successfully for bruno!
[2025-07-05 11:23:30] Refresh automatique des challenges...
[2025-07-05 11:23:30] Fetching challenges...
[2025-07-05 11:23:31] Challenges fetching ...
[2025-07-05 11:23:31] Challenges fetched successfully for bruno!
[2025-07-05 11:23:40] Refresh automatique des challenges...
[2025-07-05 11:23:40] Fetching challenges...
[2025-07-05 11:23:41] Challenges fetching ...
[2025-07-05 11:23:41] Challenges fetched successfully for bruno!
[2025-07-05 11:23:50] Refresh automatique des challenges...
[2025-07-05 11:23:50] Fetching challenges...
[2025-07-05 11:23:51] Challenges fetching ...
[2025-07-05 11:23:51] Challenges fetched successfully for bruno!
[2025-07-05 11:24:00] Refresh automatique des challenges...
[2025-07-05 11:24:00] Fetching challenges...
[2025-07-05 11:24:01] Challenges fetching ...
[2025-07-05 11:24:01] Challenges fetched successfully for bruno!
[2025-07-05 11:24:10] Refresh automatique des challenges...
[2025-07-05 11:24:10] Fetching challenges...
[2025-07-05 11:24:11] Challenges fetching ...
[2025-07-05 11:24:11] Challenges fetched successfully for bruno!
[2025-07-05 11:24:20] Refresh automatique des challenges...
[2025-07-05 11:24:20] Fetching challenges...
[2025-07-05 11:24:21] Challenges fetching ...
[2025-07-05 11:24:21] Challenges fetched successfully for bruno!
[2025-07-05 11:24:30] Refresh automatique des challenges...
[2025-07-05 11:24:30] Fetching challenges...
[2025-07-05 11:24:30] Challenges fetching ...
[2025-07-05 11:24:30] Challenges fetched successfully for bruno!
[2025-07-05 11:24:40] Refresh automatique des challenges...
[2025-07-05 11:24:40] Fetching challenges...
[2025-07-05 11:24:40] Challenges fetching ...
[2025-07-05 11:24:40] Challenges fetched successfully for bruno!
[2025-07-05 11:24:50] Refresh automatique des challenges...
[2025-07-05 11:24:50] Fetching challenges...
[2025-07-05 11:24:51] Challenges fetching ...
[2025-07-05 11:24:51] Challenges fetched successfully for bruno!
[2025-07-05 11:25:00] Refresh automatique des challenges...
[2025-07-05 11:25:00] Fetching challenges...
[2025-07-05 11:25:01] Challenges fetching ...
[2025-07-05 11:25:01] Challenges fetched successfully for bruno!
[2025-07-05 11:25:10] Refresh automatique des challenges...
[2025-07-05 11:25:10] Fetching challenges...
[2025-07-05 11:25:10] Challenges fetching ...
[2025-07-05 11:25:10] Challenges fetched successfully for bruno!
[2025-07-05 11:25:20] Refresh automatique des challenges...
[2025-07-05 11:25:20] Fetching challenges...
[2025-07-05 11:25:20] Challenges fetching ...
[2025-07-05 11:25:20] Challenges fetched successfully for bruno!
[2025-07-05 11:25:30] Refresh automatique des challenges...
[2025-07-05 11:25:30] Fetching challenges...
[2025-07-05 11:25:30] Challenges fetching ...
[2025-07-05 11:25:30] Challenges fetched successfully for bruno!
[2025-07-05 11:25:40] Refresh automatique des challenges...
[2025-07-05 11:25:40] Fetching challenges...
[2025-07-05 11:25:40] Challenges fetching ...
[2025-07-05 11:25:40] Challenges fetched successfully for bruno!
[2025-07-05 11:25:50] Refresh automatique des challenges...
[2025-07-05 11:25:50] Fetching challenges...
[2025-07-05 11:25:50] Challenges fetching ...
[2025-07-05 11:25:50] Challenges fetched successfully for bruno!
[2025-07-05 11:26:00] Refresh automatique des challenges...
[2025-07-05 11:26:00] Fetching challenges...
[2025-07-05 11:26:00] Challenges fetching ...
[2025-07-05 11:26:00] Challenges fetched successfully for bruno!
[2025-07-05 11:26:10] Refresh automatique des challenges...
[2025-07-05 11:26:10] Fetching challenges...
[2025-07-05 11:26:10] Challenges fetching ...
[2025-07-05 11:26:10] Challenges fetched successfully for bruno!
[2025-07-05 11:26:20] Refresh automatique des challenges...
[2025-07-05 11:26:20] Fetching challenges...
[2025-07-05 11:26:20] Challenges fetching ...
[2025-07-05 11:26:20] Challenges fetched successfully for bruno!
[2025-07-05 11:26:30] Refresh automatique des challenges...
[2025-07-05 11:26:30] Fetching challenges...
[2025-07-05 11:26:31] Challenges fetching ...
[2025-07-05 11:26:31] Challenges fetched successfully for bruno!
[2025-07-05 11:26:40] Refresh automatique des challenges...
[2025-07-05 11:26:40] Fetching challenges...
[2025-07-05 11:26:40] Challenges fetching ...
[2025-07-05 11:26:40] Challenges fetched successfully for bruno!
[2025-07-05 11:26:50] Refresh automatique des challenges...
[2025-07-05 11:26:50] Fetching challenges...
[2025-07-05 11:26:51] Challenges fetching ...
[2025-07-05 11:26:51] Challenges fetched successfully for bruno!
[2025-07-05 11:27:00] Refresh automatique des challenges...
[2025-07-05 11:27:00] Fetching challenges...
[2025-07-05 11:27:01] Challenges fetching ...
[2025-07-05 11:27:01] Challenges fetched successfully for bruno!
[2025-07-05 11:27:10] Refresh automatique des challenges...
[2025-07-05 11:27:10] Fetching challenges...
[2025-07-05 11:27:10] Challenges fetching ...
[2025-07-05 11:27:10] Challenges fetched successfully for bruno!
[2025-07-05 11:27:20] Refresh automatique des challenges...
[2025-07-05 11:27:20] Fetching challenges...
[2025-07-05 11:27:20] Challenges fetching ...
[2025-07-05 11:27:20] Challenges fetched successfully for bruno!
[2025-07-05 11:27:30] Refresh automatique des challenges...
[2025-07-05 11:27:30] Fetching challenges...
[2025-07-05 11:27:31] Challenges fetching ...
[2025-07-05 11:27:31] Challenges fetched successfully for bruno!
[2025-07-05 11:27:40] Refresh automatique des challenges...
[2025-07-05 11:27:40] Fetching challenges...
[2025-07-05 11:27:40] Challenges fetching ...
[2025-07-05 11:27:40] Challenges fetched successfully for bruno!
[2025-07-05 11:27:50] Refresh automatique des challenges...
[2025-07-05 11:27:50] Fetching challenges...
[2025-07-05 11:27:51] Challenges fetching ...
[2025-07-05 11:27:51] Challenges fetched successfully for bruno!
[2025-07-05 11:28:00] Refresh automatique des challenges...
[2025-07-05 11:28:00] Fetching challenges...
[2025-07-05 11:28:00] Challenges fetching ...
[2025-07-05 11:28:00] Challenges fetched successfully for bruno!
[2025-07-05 11:28:10] Refresh automatique des challenges...
[2025-07-05 11:28:10] Fetching challenges...
[2025-07-05 11:28:10] Challenges fetching ...
[2025-07-05 11:28:10] Challenges fetched successfully for bruno!
[2025-07-05 11:28:20] Refresh automatique des challenges...
[2025-07-05 11:28:20] Fetching challenges...
[2025-07-05 11:28:21] Challenges fetching ...
[2025-07-05 11:28:21] Challenges fetched successfully for bruno!
[2025-07-05 11:28:30] Refresh automatique des challenges...
[2025-07-05 11:28:30] Fetching challenges...
[2025-07-05 11:28:30] Challenges fetching ...
[2025-07-05 11:28:30] Challenges fetched successfully for bruno!
[2025-07-05 11:28:40] Refresh automatique des challenges...
[2025-07-05 11:28:40] Fetching challenges...
[2025-07-05 11:28:41] Challenges fetching ...
[2025-07-05 11:28:41] Challenges fetched successfully for bruno!
[2025-07-05 11:28:50] Refresh automatique des challenges...
[2025-07-05 11:28:50] Fetching challenges...
[2025-07-05 11:28:50] Challenges fetching ...
[2025-07-05 11:28:50] Challenges fetched successfully for bruno!
[2025-07-05 11:29:00] Refresh automatique des challenges...
[2025-07-05 11:29:00] Fetching challenges...
[2025-07-05 11:29:00] Challenges fetching ...
[2025-07-05 11:29:00] Challenges fetched successfully for bruno!
[2025-07-05 11:29:10] Refresh automatique des challenges...
[2025-07-05 11:29:10] Fetching challenges...
[2025-07-05 11:29:10] Challenges fetching ...
[2025-07-05 11:29:10] Challenges fetched successfully for bruno!
[2025-07-05 11:29:20] Refresh automatique des challenges...
[2025-07-05 11:29:20] Fetching challenges...
[2025-07-05 11:29:21] Challenges fetching ...
[2025-07-05 11:29:21] Challenges fetched successfully for bruno!
[2025-07-05 11:29:30] Refresh automatique des challenges...
[2025-07-05 11:29:30] Fetching challenges...
[2025-07-05 11:29:30] Challenges fetching ...
[2025-07-05 11:29:31] Challenges fetched successfully for bruno!
[2025-07-05 11:29:40] Refresh automatique des challenges...
[2025-07-05 11:29:40] Fetching challenges...
[2025-07-05 11:29:40] Challenges fetching ...
[2025-07-05 11:29:40] Challenges fetched successfully for bruno!
[2025-07-05 11:29:50] Refresh automatique des challenges...
[2025-07-05 11:29:50] Fetching challenges...
[2025-07-05 11:29:50] Challenges fetching ...
[2025-07-05 11:29:50] Challenges fetched successfully for bruno!
[2025-07-05 11:30:00] Refresh automatique des challenges...
[2025-07-05 11:30:00] Fetching challenges...
[2025-07-05 11:30:01] Challenges fetching ...
[2025-07-05 11:30:01] Challenges fetched successfully for bruno!
[2025-07-05 11:30:10] Refresh automatique des challenges...
[2025-07-05 11:30:10] Fetching challenges...
[2025-07-05 11:30:11] Challenges fetching ...
[2025-07-05 11:30:11] Challenges fetched successfully for bruno!
[2025-07-05 11:30:20] Refresh automatique des challenges...
[2025-07-05 11:30:20] Fetching challenges...
[2025-07-05 11:30:21] Challenges fetching ...
[2025-07-05 11:30:21] Challenges fetched successfully for bruno!
[2025-07-05 11:30:30] Refresh automatique des challenges...
[2025-07-05 11:30:30] Fetching challenges...
[2025-07-05 11:30:30] Challenges fetching ...
[2025-07-05 11:30:31] Challenges fetched successfully for bruno!
[2025-07-05 11:30:40] Refresh automatique des challenges...
[2025-07-05 11:30:40] Fetching challenges...
[2025-07-05 11:30:40] Challenges fetching ...
[2025-07-05 11:30:40] Challenges fetched successfully for bruno!
[2025-07-05 11:30:50] Refresh automatique des challenges...
[2025-07-05 11:30:50] Fetching challenges...
[2025-07-05 11:30:50] Challenges fetching ...
[2025-07-05 11:30:50] Challenges fetched successfully for bruno!
[2025-07-05 11:31:00] Refresh automatique des challenges...
[2025-07-05 11:31:00] Fetching challenges...
[2025-07-05 11:31:00] Challenges fetching ...
[2025-07-05 11:31:01] Challenges fetched successfully for bruno!
[2025-07-05 11:31:10] Refresh automatique des challenges...
[2025-07-05 11:31:10] Fetching challenges...
[2025-07-05 11:31:11] Challenges fetching ...
[2025-07-05 11:31:11] Challenges fetched successfully for bruno!
[2025-07-05 11:31:20] Refresh automatique des challenges...
[2025-07-05 11:31:20] Fetching challenges...
[2025-07-05 11:31:21] Challenges fetching ...
[2025-07-05 11:31:21] Challenges fetched successfully for bruno!
[2025-07-05 11:31:30] Refresh automatique des challenges...
[2025-07-05 11:31:30] Fetching challenges...
[2025-07-05 11:31:31] Challenges fetching ...
[2025-07-05 11:31:31] Challenges fetched successfully for bruno!
[2025-07-05 11:31:40] Refresh automatique des challenges...
[2025-07-05 11:31:40] Fetching challenges...
[2025-07-05 11:31:40] Challenges fetching ...
[2025-07-05 11:31:40] Challenges fetched successfully for bruno!
[2025-07-05 11:31:50] Refresh automatique des challenges...
[2025-07-05 11:31:50] Fetching challenges...
[2025-07-05 11:31:50] Challenges fetching ...
[2025-07-05 11:31:50] Challenges fetched successfully for bruno!
[2025-07-05 11:32:00] Refresh automatique des challenges...
[2025-07-05 11:32:00] Fetching challenges...
[2025-07-05 11:32:00] Challenges fetching ...
[2025-07-05 11:32:00] Challenges fetched successfully for bruno!
[2025-07-05 11:32:10] Refresh automatique des challenges...
[2025-07-05 11:32:10] Fetching challenges...
[2025-07-05 11:32:10] Challenges fetching ...
[2025-07-05 11:32:10] Challenges fetched successfully for bruno!
[2025-07-05 11:32:20] Refresh automatique des challenges...
[2025-07-05 11:32:20] Fetching challenges...
[2025-07-05 11:32:20] Challenges fetching ...
[2025-07-05 11:32:20] Challenges fetched successfully for bruno!
[2025-07-05 11:32:30] Refresh automatique des challenges...
[2025-07-05 11:32:30] Fetching challenges...
[2025-07-05 11:32:30] Challenges fetching ...
[2025-07-05 11:32:30] Challenges fetched successfully for bruno!
[2025-07-05 11:32:40] Refresh automatique des challenges...
[2025-07-05 11:32:40] Fetching challenges...
[2025-07-05 11:32:40] Challenges fetching ...
[2025-07-05 11:32:40] Challenges fetched successfully for bruno!
[2025-07-05 11:32:50] Refresh automatique des challenges...
[2025-07-05 11:32:50] Fetching challenges...
[2025-07-05 11:32:50] Challenges fetching ...
[2025-07-05 11:32:50] Challenges fetched successfully for bruno!
[2025-07-05 11:33:00] Refresh automatique des challenges...
[2025-07-05 11:33:00] Fetching challenges...
[2025-07-05 11:33:00] Challenges fetching ...
[2025-07-05 11:33:00] Challenges fetched successfully for bruno!
[2025-07-05 11:33:10] Refresh automatique des challenges...
[2025-07-05 11:33:10] Fetching challenges...
[2025-07-05 11:33:10] Challenges fetching ...
[2025-07-05 11:33:10] Challenges fetched successfully for bruno!
[2025-07-05 11:33:20] Refresh automatique des challenges...
[2025-07-05 11:33:20] Fetching challenges...
[2025-07-05 11:33:20] Challenges fetching ...
[2025-07-05 11:33:20] Challenges fetched successfully for bruno!
[2025-07-05 11:33:30] Refresh automatique des challenges...
[2025-07-05 11:33:30] Fetching challenges...
[2025-07-05 11:33:30] Challenges fetching ...
[2025-07-05 11:33:30] Challenges fetched successfully for bruno!
[2025-07-05 11:33:40] Refresh automatique des challenges...
[2025-07-05 11:33:40] Fetching challenges...
[2025-07-05 11:33:40] Challenges fetching ...
[2025-07-05 11:33:40] Challenges fetched successfully for bruno!
[2025-07-05 11:33:50] Refresh automatique des challenges...
[2025-07-05 11:33:50] Fetching challenges...
[2025-07-05 11:33:50] Challenges fetching ...
[2025-07-05 11:33:50] Challenges fetched successfully for bruno!
[2025-07-05 11:34:00] Refresh automatique des challenges...
[2025-07-05 11:34:00] Fetching challenges...
[2025-07-05 11:34:00] Challenges fetching ...
[2025-07-05 11:34:00] Challenges fetched successfully for bruno!
[2025-07-05 11:34:10] Refresh automatique des challenges...
[2025-07-05 11:34:10] Fetching challenges...
[2025-07-05 11:34:10] Challenges fetching ...
[2025-07-05 11:34:10] Challenges fetched successfully for bruno!
[2025-07-05 11:34:20] Refresh automatique des challenges...
[2025-07-05 11:34:20] Fetching challenges...
[2025-07-05 11:34:20] Challenges fetching ...
[2025-07-05 11:34:20] Challenges fetched successfully for bruno!
[2025-07-05 11:34:30] Refresh automatique des challenges...
[2025-07-05 11:34:30] Fetching challenges...
[2025-07-05 11:34:30] Challenges fetching ...
[2025-07-05 11:34:30] Challenges fetched successfully for bruno!
[2025-07-05 11:34:40] Refresh automatique des challenges...
[2025-07-05 11:34:40] Fetching challenges...
[2025-07-05 11:34:40] Challenges fetching ...
[2025-07-05 11:34:40] Challenges fetched successfully for bruno!
[2025-07-05 11:34:50] Refresh automatique des challenges...
[2025-07-05 11:34:50] Fetching challenges...
[2025-07-05 11:34:50] Challenges fetching ...
[2025-07-05 11:34:50] Challenges fetched successfully for bruno!
[2025-07-05 11:35:00] Refresh automatique des challenges...
[2025-07-05 11:35:00] Fetching challenges...
[2025-07-05 11:35:00] Challenges fetching ...
[2025-07-05 11:35:00] Challenges fetched successfully for bruno!
[2025-07-05 11:35:10] Refresh automatique des challenges...
[2025-07-05 11:35:10] Fetching challenges...
[2025-07-05 11:35:10] Challenges fetching ...
[2025-07-05 11:35:10] Challenges fetched successfully for bruno!
[2025-07-05 11:35:20] Refresh automatique des challenges...
[2025-07-05 11:35:20] Fetching challenges...
[2025-07-05 11:35:20] Challenges fetching ...
[2025-07-05 11:35:20] Challenges fetched successfully for bruno!
[2025-07-05 11:35:30] Refresh automatique des challenges...
[2025-07-05 11:35:30] Fetching challenges...
[2025-07-05 11:35:30] Challenges fetching ...
[2025-07-05 11:35:30] Challenges fetched successfully for bruno!
[2025-07-05 11:35:40] Refresh automatique des challenges...
[2025-07-05 11:35:40] Fetching challenges...
[2025-07-05 11:35:40] Challenges fetching ...
[2025-07-05 11:35:40] Challenges fetched successfully for bruno!
[2025-07-05 11:35:50] Refresh automatique des challenges...
[2025-07-05 11:35:50] Fetching challenges...
[2025-07-05 11:35:50] Challenges fetching ...
[2025-07-05 11:35:50] Challenges fetched successfully for bruno!
[2025-07-05 11:36:00] Refresh automatique des challenges...
[2025-07-05 11:36:00] Fetching challenges...
[2025-07-05 11:36:00] Challenges fetching ...
[2025-07-05 11:36:00] Challenges fetched successfully for bruno!
[2025-07-05 11:36:10] Refresh automatique des challenges...
[2025-07-05 11:36:10] Fetching challenges...
[2025-07-05 11:36:10] Challenges fetching ...
[2025-07-05 11:36:10] Challenges fetched successfully for bruno!
[2025-07-05 11:36:20] Refresh automatique des challenges...
[2025-07-05 11:36:20] Fetching challenges...
[2025-07-05 11:36:20] Challenges fetching ...
[2025-07-05 11:36:20] Challenges fetched successfully for bruno!
[2025-07-05 11:36:30] Refresh automatique des challenges...
[2025-07-05 11:36:30] Fetching challenges...
[2025-07-05 11:36:30] Challenges fetching ...
[2025-07-05 11:36:30] Challenges fetched successfully for bruno!
[2025-07-05 11:36:40] Refresh automatique des challenges...
[2025-07-05 11:36:40] Fetching challenges...
[2025-07-05 11:36:40] Challenges fetching ...
[2025-07-05 11:36:40] Challenges fetched successfully for bruno!
[2025-07-05 11:36:50] Refresh automatique des challenges...
[2025-07-05 11:36:50] Fetching challenges...
[2025-07-05 11:36:50] Challenges fetching ...
[2025-07-05 11:36:50] Challenges fetched successfully for bruno!
[2025-07-05 11:37:00] Refresh automatique des challenges...
[2025-07-05 11:37:00] Fetching challenges...
[2025-07-05 11:37:00] Challenges fetching ...
[2025-07-05 11:37:00] Challenges fetched successfully for bruno!
[2025-07-05 11:37:10] Refresh automatique des challenges...
[2025-07-05 11:37:10] Fetching challenges...
[2025-07-05 11:37:10] Challenges fetching ...
[2025-07-05 11:37:10] Challenges fetched successfully for bruno!
[2025-07-05 11:37:20] Refresh automatique des challenges...
[2025-07-05 11:37:20] Fetching challenges...
[2025-07-05 11:37:20] Challenges fetching ...
[2025-07-05 11:37:20] Challenges fetched successfully for bruno!
[2025-07-05 11:37:30] Refresh automatique des challenges...
[2025-07-05 11:37:30] Fetching challenges...
[2025-07-05 11:37:30] Challenges fetching ...
[2025-07-05 11:37:30] Challenges fetched successfully for bruno!
[2025-07-05 11:37:40] Refresh automatique des challenges...
[2025-07-05 11:37:40] Fetching challenges...
[2025-07-05 11:37:40] Challenges fetching ...
[2025-07-05 11:37:40] Challenges fetched successfully for bruno!
[2025-07-05 11:37:50] Refresh automatique des challenges...
[2025-07-05 11:37:50] Fetching challenges...
[2025-07-05 11:37:50] Challenges fetching ...
[2025-07-05 11:37:50] Challenges fetched successfully for bruno!
[2025-07-05 11:38:00] Refresh automatique des challenges...
[2025-07-05 11:38:00] Fetching challenges...
[2025-07-05 11:38:00] Challenges fetching ...
[2025-07-05 11:38:00] Challenges fetched successfully for bruno!
[2025-07-05 11:38:10] Refresh automatique des challenges...
[2025-07-05 11:38:10] Fetching challenges...
[2025-07-05 11:38:10] Challenges fetching ...
[2025-07-05 11:38:10] Challenges fetched successfully for bruno!
[2025-07-05 11:38:20] Refresh automatique des challenges...
[2025-07-05 11:38:20] Fetching challenges...
[2025-07-05 11:38:20] Challenges fetching ...
[2025-07-05 11:38:20] Challenges fetched successfully for bruno!
[2025-07-05 11:38:30] Refresh automatique des challenges...
[2025-07-05 11:38:30] Fetching challenges...
[2025-07-05 11:38:30] Challenges fetching ...
[2025-07-05 11:38:30] Challenges fetched successfully for bruno!
[2025-07-05 11:38:40] Refresh automatique des challenges...
[2025-07-05 11:38:40] Fetching challenges...
[2025-07-05 11:38:40] Challenges fetching ...
[2025-07-05 11:38:40] Challenges fetched successfully for bruno!
[2025-07-05 11:38:50] Refresh automatique des challenges...
[2025-07-05 11:38:50] Fetching challenges...
[2025-07-05 11:38:50] Challenges fetching ...
[2025-07-05 11:38:50] Challenges fetched successfully for bruno!
[2025-07-05 11:39:00] Refresh automatique des challenges...
[2025-07-05 11:39:00] Fetching challenges...
[2025-07-05 11:39:00] Challenges fetching ...
[2025-07-05 11:39:00] Challenges fetched successfully for bruno!
[2025-07-05 11:39:10] Refresh automatique des challenges...
[2025-07-05 11:39:10] Fetching challenges...
[2025-07-05 11:39:10] Challenges fetching ...
[2025-07-05 11:39:10] Challenges fetched successfully for bruno!
[2025-07-05 11:39:20] Refresh automatique des challenges...
[2025-07-05 11:39:20] Fetching challenges...
[2025-07-05 11:39:20] Challenges fetching ...
[2025-07-05 11:39:20] Challenges fetched successfully for bruno!
[2025-07-05 11:39:30] Refresh automatique des challenges...
[2025-07-05 11:39:30] Fetching challenges...
[2025-07-05 11:39:30] Challenges fetching ...
[2025-07-05 11:39:30] Challenges fetched successfully for bruno!
[2025-07-05 11:39:40] Refresh automatique des challenges...
[2025-07-05 11:39:40] Fetching challenges...
[2025-07-05 11:39:40] Challenges fetching ...
[2025-07-05 11:39:40] Challenges fetched successfully for bruno!
[2025-07-05 11:39:50] Refresh automatique des challenges...
[2025-07-05 11:39:50] Fetching challenges...
[2025-07-05 11:39:50] Challenges fetching ...
[2025-07-05 11:39:50] Challenges fetched successfully for bruno!
[2025-07-05 11:40:00] Refresh automatique des challenges...
[2025-07-05 11:40:00] Fetching challenges...
[2025-07-05 11:40:00] Challenges fetching ...
[2025-07-05 11:40:00] Challenges fetched successfully for bruno!
[2025-07-05 11:40:10] Refresh automatique des challenges...
[2025-07-05 11:40:10] Fetching challenges...
[2025-07-05 11:40:10] Challenges fetching ...
[2025-07-05 11:40:10] Challenges fetched successfully for bruno!
[2025-07-05 11:40:20] Refresh automatique des challenges...
[2025-07-05 11:40:20] Fetching challenges...
[2025-07-05 11:40:20] Challenges fetching ...
[2025-07-05 11:40:20] Challenges fetched successfully for bruno!
[2025-07-05 11:40:30] Refresh automatique des challenges...
[2025-07-05 11:40:30] Fetching challenges...
[2025-07-05 11:40:30] Challenges fetching ...
[2025-07-05 11:40:30] Challenges fetched successfully for bruno!
[2025-07-05 11:40:40] Refresh automatique des challenges...
[2025-07-05 11:40:40] Fetching challenges...
[2025-07-05 11:40:40] Challenges fetching ...
[2025-07-05 11:40:40] Challenges fetched successfully for bruno!
[2025-07-05 11:40:50] Refresh automatique des challenges...
[2025-07-05 11:40:50] Fetching challenges...
[2025-07-05 11:40:50] Challenges fetching ...
[2025-07-05 11:40:50] Challenges fetched successfully for bruno!
[2025-07-05 11:41:00] Refresh automatique des challenges...
[2025-07-05 11:41:00] Fetching challenges...
[2025-07-05 11:41:00] Challenges fetching ...
[2025-07-05 11:41:00] Challenges fetched successfully for bruno!
[2025-07-05 11:41:10] Refresh automatique des challenges...
[2025-07-05 11:41:10] Fetching challenges...
[2025-07-05 11:41:10] Challenges fetching ...
[2025-07-05 11:41:10] Challenges fetched successfully for bruno!
[2025-07-05 11:41:20] Refresh automatique des challenges...
[2025-07-05 11:41:20] Fetching challenges...
[2025-07-05 11:41:20] Challenges fetching ...
[2025-07-05 11:41:20] Challenges fetched successfully for bruno!
[2025-07-05 11:41:30] Refresh automatique des challenges...
[2025-07-05 11:41:30] Fetching challenges...
[2025-07-05 11:41:30] Challenges fetching ...
[2025-07-05 11:41:30] Challenges fetched successfully for bruno!
[2025-07-05 11:41:40] Refresh automatique des challenges...
[2025-07-05 11:41:40] Fetching challenges...
[2025-07-05 11:41:40] Challenges fetching ...
[2025-07-05 11:41:40] Challenges fetched successfully for bruno!
[2025-07-05 11:41:50] Refresh automatique des challenges...
[2025-07-05 11:41:50] Fetching challenges...
[2025-07-05 11:41:50] Challenges fetching ...
[2025-07-05 11:41:50] Challenges fetched successfully for bruno!
[2025-07-05 11:42:00] Refresh automatique des challenges...
[2025-07-05 11:42:00] Fetching challenges...
[2025-07-05 11:42:00] Challenges fetching ...
[2025-07-05 11:42:00] Challenges fetched successfully for bruno!
[2025-07-05 11:42:10] Refresh automatique des challenges...
[2025-07-05 11:42:10] Fetching challenges...
[2025-07-05 11:42:10] Challenges fetching ...
[2025-07-05 11:42:10] Challenges fetched successfully for bruno!
[2025-07-05 11:42:20] Refresh automatique des challenges...
[2025-07-05 11:42:20] Fetching challenges...
[2025-07-05 11:42:20] Challenges fetching ...
[2025-07-05 11:42:20] Challenges fetched successfully for bruno!
[2025-07-05 11:42:23] APScheduler arrêté
[2025-07-05 11:42:36] Fetching challenges...
[2025-07-05 11:42:36] Fetch initial des challenges pour initialiser le décompte...
[2025-07-05 11:42:36] Fetching challenges...
[2025-07-05 11:42:36] Décompte programmé à 11:43:00
[2025-07-05 11:42:36] APScheduler démarré avec succès
[2025-07-05 11:42:37] Challenges fetching ...
[2025-07-05 11:42:37] Challenge Film Noir: 24442.017614 secondes restantes
[2025-07-05 11:42:37] Lancement automatique des stratégies de fin pour 1 nouveaux challenges...
[2025-07-05 11:42:37] Nouveau challenge détecté pour bruno: Film Noir
[2025-07-05 11:42:37] Challenges fetched successfully for bruno!
[2025-07-05 11:42:39] Challenges fetching ...
[2025-07-05 11:42:39] Challenge Film Noir: 24440.286164 secondes restantes
[2025-07-05 11:42:39] Challenges fetched successfully for bruno!
[2025-07-05 11:43:00] Décompte local démarré - mise à jour toutes les 10 secondes
[2025-07-05 11:56:31] APScheduler arrêté
[2025-07-05 11:56:39] Fetching challenges...
[2025-07-05 11:56:39] Fetch initial des challenges pour initialiser le décompte...
[2025-07-05 11:56:39] Fetching challenges...
[2025-07-05 11:56:39] Décompte programmé à 11:57:00
[2025-07-05 11:56:39] APScheduler démarré avec succès
[2025-07-05 11:56:41] Challenges fetching ...
[2025-07-05 11:56:41] Challenge Film Noir:
[2025-07-05 11:56:41]   - Temps calculé: 23598.37502s
[2025-07-05 11:56:41]   - Temps serveur: 23599s
[2025-07-05 11:56:41]   - Décalage détecté: -0.6s
[2025-07-05 11:56:41] Lancement automatique des stratégies de fin pour 1 nouveaux challenges...
[2025-07-05 11:56:41] Nouveau challenge détecté pour bruno: Film Noir
[2025-07-05 11:56:41] Challenges fetched successfully for bruno!
[2025-07-05 11:56:41] Challenges fetching ...
[2025-07-05 11:56:41] Challenge Film Noir:
[2025-07-05 11:56:41]   - Temps calculé: 23598.323133s
[2025-07-05 11:56:41]   - Temps serveur: 23599s
[2025-07-05 11:56:41]   - Décalage détecté: -0.7s
[2025-07-05 11:56:41] Challenges fetched successfully for bruno!
[2025-07-05 11:57:00] Décompte local démarré - mise à jour toutes les 10 secondes
[2025-07-05 11:59:27] APScheduler arrêté
[2025-07-05 12:10:46] Fetching challenges...
[2025-07-05 12:10:46] Fetch initial des challenges pour initialiser le décompte...
[2025-07-05 12:10:46] Fetching challenges...
[2025-07-05 12:10:46] Décompte programmé à 12:11:00
[2025-07-05 12:10:46] APScheduler démarré avec succès
[2025-07-05 12:10:48] Challenges fetching ...
[2025-07-05 12:10:48] Challenge Film Noir:
[2025-07-05 12:10:48]   - Temps calculé: 22751.741633s
[2025-07-05 12:10:48]   - Temps serveur brut: 22753s
[2025-07-05 12:10:48]   - Temps serveur corrigé (-30s): 22723s
[2025-07-05 12:10:48]   - Décalage détecté: -1.3s
[2025-07-05 12:10:48] Lancement automatique des stratégies de fin pour 1 nouveaux challenges...
[2025-07-05 12:10:48] Nouveau challenge détecté pour bruno: Film Noir
[2025-07-05 12:10:48] Challenges fetched successfully for bruno!
[2025-07-05 12:10:49] Challenges fetching ...
[2025-07-05 12:10:49] Challenge Film Noir:
[2025-07-05 12:10:49]   - Temps calculé: 22750.044861s
[2025-07-05 12:10:49]   - Temps serveur brut: 22751s
[2025-07-05 12:10:49]   - Temps serveur corrigé (-30s): 22721s
[2025-07-05 12:10:49]   - Décalage détecté: -1.0s
[2025-07-05 12:10:49] Challenges fetched successfully for bruno!
[2025-07-05 12:11:00] Décompte local démarré - mise à jour toutes les 10 secondes
[2025-07-05 12:13:01] Fetching challenges...
[2025-07-05 12:13:01] Fetch initial des challenges pour initialiser le décompte...
[2025-07-05 12:13:01] Fetching challenges...
[2025-07-05 12:13:01] Décompte programmé à 12:14:00
[2025-07-05 12:13:01] APScheduler démarré avec succès
[2025-07-05 12:13:02] Challenges fetching ...
[2025-07-05 12:13:02] Challenge Film Noir:
[2025-07-05 12:13:02]   - Temps calculé: 22617.040141s
[2025-07-05 12:13:02]   - Temps serveur brut: 22618s
[2025-07-05 12:13:02]   - Temps serveur corrigé (-30s): 22648s
[2025-07-05 12:13:02]   - Décalage détecté: -1.0s
[2025-07-05 12:13:02] Lancement automatique des stratégies de fin pour 1 nouveaux challenges...
[2025-07-05 12:13:02] Nouveau challenge détecté pour bruno: Film Noir
[2025-07-05 12:13:02] Challenges fetched successfully for bruno!
[2025-07-05 12:13:02] Challenges fetching ...
[2025-07-05 12:13:02] Challenge Film Noir:
[2025-07-05 12:13:02]   - Temps calculé: 22617.029724s
[2025-07-05 12:13:02]   - Temps serveur brut: 22618s
[2025-07-05 12:13:02]   - Temps serveur corrigé (-30s): 22648s
[2025-07-05 12:13:02]   - Décalage détecté: -1.0s
[2025-07-05 12:13:02] Challenges fetched successfully for bruno!
[2025-07-05 12:14:00] Décompte local démarré - mise à jour toutes les 10 secondes
[2025-07-05 12:14:22] Refresh automatique désactivé
[2025-07-05 12:14:23] Refresh automatique activé
[2025-07-05 12:15:38] Refreshing challenges...
[2025-07-05 12:15:38] Fetching challenges...
[2025-07-05 12:15:39] Challenges fetching ...
[2025-07-05 12:15:39] Challenge Film Noir:
[2025-07-05 12:15:39]   - Temps calculé: 22460.611217s
[2025-07-05 12:15:39]   - Temps serveur brut: 22462s
[2025-07-05 12:15:39]   - Temps serveur corrigé (-30s): 22492s
[2025-07-05 12:15:39]   - Décalage détecté: -1.4s
[2025-07-05 12:15:39] Challenges fetched successfully for bruno!
[2025-07-05 12:16:11] Refreshing challenges...
[2025-07-05 12:16:11] Fetching challenges...
[2025-07-05 12:16:11] Challenges fetching ...
[2025-07-05 12:16:11] Challenge Film Noir:
[2025-07-05 12:16:11]   - Temps calculé: 22428.107486s
[2025-07-05 12:16:11]   - Temps serveur brut: 22429s
[2025-07-05 12:16:11]   - Temps serveur corrigé (-30s): 22459s
[2025-07-05 12:16:11]   - Décalage détecté: -0.9s
[2025-07-05 12:16:11] Challenges fetched successfully for bruno!
[2025-07-05 12:16:45] Refreshing challenges...
[2025-07-05 12:16:45] Fetching challenges...
[2025-07-05 12:16:46] Challenges fetching ...
[2025-07-05 12:16:46] Challenge Film Noir:
[2025-07-05 12:16:46]   - Temps calculé: 22393.547607s
[2025-07-05 12:16:46]   - Temps serveur brut: 22394s
[2025-07-05 12:16:46]   - Temps serveur corrigé (-30s): 22424s
[2025-07-05 12:16:46]   - Décalage détecté: -0.5s
[2025-07-05 12:16:46] Challenges fetched successfully for bruno!
[2025-07-05 12:18:01] Resynchronisation avec le serveur...
[2025-07-05 12:18:01] Fetching challenges...
[2025-07-05 12:18:02] Challenges fetching ...
[2025-07-05 12:18:02] Challenge Film Noir:
[2025-07-05 12:18:02]   - Temps calculé: 22317.726427s
[2025-07-05 12:18:02]   - Temps serveur brut: 22319s
[2025-07-05 12:18:02]   - Temps serveur corrigé (-30s): 22349s
[2025-07-05 12:18:02]   - Décalage détecté: -1.3s
[2025-07-05 12:18:02] Challenges fetched successfully for bruno!
[2025-07-05 12:23:01] Resynchronisation avec le serveur...
[2025-07-05 12:23:01] Fetching challenges...
[2025-07-05 12:23:02] Challenges fetching ...
[2025-07-05 12:23:02] Challenge Film Noir:
[2025-07-05 12:23:02]   - Temps calculé: 22017.427179s
[2025-07-05 12:23:02]   - Temps serveur brut: 22018s
[2025-07-05 12:23:02]   - Temps serveur corrigé (-30s): 22048s
[2025-07-05 12:23:02]   - Décalage détecté: -0.6s
[2025-07-05 12:23:02] Challenges fetched successfully for bruno!
[2025-07-05 12:28:01] Resynchronisation avec le serveur...
[2025-07-05 12:28:01] Fetching challenges...
[2025-07-05 12:28:02] Challenges fetching ...
[2025-07-05 12:28:02] Challenge Film Noir:
[2025-07-05 12:28:02]   - Temps calculé: 21717.473309s
[2025-07-05 12:28:02]   - Temps serveur brut: 21718s
[2025-07-05 12:28:02]   - Temps serveur corrigé (-30s): 21748s
[2025-07-05 12:28:02]   - Décalage détecté: -0.5s
[2025-07-05 12:28:02] Challenges fetched successfully for bruno!
[2025-07-05 12:33:01] Resynchronisation avec le serveur...
[2025-07-05 12:33:01] Fetching challenges...
[2025-07-05 12:33:04] Challenges fetching ...
[2025-07-05 12:33:04] Challenge Film Noir:
[2025-07-05 12:33:04]   - Temps calculé: 21415.944752s
[2025-07-05 12:33:04]   - Temps serveur brut: 21417s
[2025-07-05 12:33:04]   - Temps serveur corrigé (-30s): 21447s
[2025-07-05 12:33:04]   - Décalage détecté: -1.1s
[2025-07-05 12:33:04] Challenges fetched successfully for bruno!
[2025-07-05 12:38:01] Resynchronisation avec le serveur...
[2025-07-05 12:38:01] Fetching challenges...
[2025-07-05 12:38:02] Challenges fetching ...
[2025-07-05 12:38:02] Challenge Film Noir:
[2025-07-05 12:38:02]   - Temps calculé: 21117.726224s
[2025-07-05 12:38:02]   - Temps serveur brut: 21119s
[2025-07-05 12:38:02]   - Temps serveur corrigé (-30s): 21149s
[2025-07-05 12:38:02]   - Décalage détecté: -1.3s
[2025-07-05 12:38:02] Challenges fetched successfully for bruno!
[2025-07-05 12:39:12] Refreshing challenges...
[2025-07-05 12:39:12] Fetching challenges...
[2025-07-05 12:39:13] Challenges fetching ...
[2025-07-05 12:39:13] Challenge Film Noir:
[2025-07-05 12:39:13]   - Temps calculé: 21046.762036s
[2025-07-05 12:39:13]   - Temps serveur brut: 21048s
[2025-07-05 12:39:13]   - Temps serveur corrigé (-30s): 21078s
[2025-07-05 12:39:13]   - Décalage détecté: -1.2s
[2025-07-05 12:39:13] Challenges fetched successfully for bruno!
[2025-07-05 12:43:01] Resynchronisation avec le serveur...
[2025-07-05 12:43:01] Fetching challenges...
[2025-07-05 12:43:02] Challenges fetching ...
[2025-07-05 12:43:02] Challenge Film Noir:
[2025-07-05 12:43:02]   - Temps calculé: 20817.894346s
[2025-07-05 12:43:02]   - Temps serveur brut: 20819s
[2025-07-05 12:43:02]   - Temps serveur corrigé (-30s): 20849s
[2025-07-05 12:43:02]   - Décalage détecté: -1.1s
[2025-07-05 12:43:02] Challenges fetched successfully for bruno!
[2025-07-05 12:48:01] Resynchronisation avec le serveur...
[2025-07-05 12:48:01] Fetching challenges...
[2025-07-05 12:48:02] Challenges fetching ...
[2025-07-05 12:48:02] Challenge Film Noir:
[2025-07-05 12:48:02]   - Temps calculé: 20517.886147s
[2025-07-05 12:48:02]   - Temps serveur brut: 20519s
[2025-07-05 12:48:02]   - Temps serveur corrigé (-30s): 20549s
[2025-07-05 12:48:02]   - Décalage détecté: -1.1s
[2025-07-05 12:48:02] Challenges fetched successfully for bruno!
[2025-07-05 12:53:01] Resynchronisation avec le serveur...
[2025-07-05 12:53:01] Fetching challenges...
[2025-07-05 12:53:02] Challenges fetching ...
[2025-07-05 12:53:02] Challenge Film Noir:
[2025-07-05 12:53:02]   - Temps calculé: 20217.835908s
[2025-07-05 12:53:02]   - Temps serveur brut: 20219s
[2025-07-05 12:53:02]   - Temps serveur corrigé (-30s): 20249s
[2025-07-05 12:53:02]   - Décalage détecté: -1.2s
[2025-07-05 12:53:02] Challenges fetched successfully for bruno!
[2025-07-05 12:58:01] Resynchronisation avec le serveur...
[2025-07-05 12:58:01] Fetching challenges...
[2025-07-05 12:58:02] Challenges fetching ...
[2025-07-05 12:58:02] Challenge Film Noir:
[2025-07-05 12:58:02]   - Temps calculé: 19917.901731s
[2025-07-05 12:58:02]   - Temps serveur brut: 19919s
[2025-07-05 12:58:02]   - Temps serveur corrigé (-30s): 19949s
[2025-07-05 12:58:02]   - Décalage détecté: -1.1s
[2025-07-05 12:58:02] Challenges fetched successfully for bruno!
[2025-07-05 13:03:01] Resynchronisation avec le serveur...
[2025-07-05 13:03:01] Fetching challenges...
[2025-07-05 13:03:02] Challenges fetching ...
[2025-07-05 13:03:02] Challenge Film Noir:
[2025-07-05 13:03:02]   - Temps calculé: 19617.864173s
[2025-07-05 13:03:02]   - Temps serveur brut: 19619s
[2025-07-05 13:03:02]   - Temps serveur corrigé (-30s): 19649s
[2025-07-05 13:03:02]   - Décalage détecté: -1.1s
[2025-07-05 13:03:02] Challenges fetched successfully for bruno!
[2025-07-05 13:08:01] Resynchronisation avec le serveur...
[2025-07-05 13:08:01] Fetching challenges...
[2025-07-05 13:08:02] Challenges fetching ...
[2025-07-05 13:08:02] Challenge Film Noir:
[2025-07-05 13:08:02]   - Temps calculé: 19317.824954s
[2025-07-05 13:08:02]   - Temps serveur brut: 19319s
[2025-07-05 13:08:02]   - Temps serveur corrigé (-30s): 19349s
[2025-07-05 13:08:02]   - Décalage détecté: -1.2s
[2025-07-05 13:08:02] Challenges fetched successfully for bruno!
[2025-07-05 13:13:01] Resynchronisation avec le serveur...
[2025-07-05 13:13:01] Fetching challenges...
[2025-07-05 13:13:02] Challenges fetching ...
[2025-07-05 13:13:02] Challenge Film Noir:
[2025-07-05 13:13:02]   - Temps calculé: 19017.889315s
[2025-07-05 13:13:02]   - Temps serveur brut: 19019s
[2025-07-05 13:13:02]   - Temps serveur corrigé (-30s): 19049s
[2025-07-05 13:13:02]   - Décalage détecté: -1.1s
[2025-07-05 13:13:02] Challenges fetched successfully for bruno!
[2025-07-05 13:18:01] Resynchronisation avec le serveur...
[2025-07-05 13:18:01] Fetching challenges...
[2025-07-05 13:18:02] Challenges fetching ...
[2025-07-05 13:18:02] Challenge Film Noir:
[2025-07-05 13:18:02]   - Temps calculé: 18717.860331s
[2025-07-05 13:18:02]   - Temps serveur brut: 18719s
[2025-07-05 13:18:02]   - Temps serveur corrigé (-30s): 18749s
[2025-07-05 13:18:02]   - Décalage détecté: -1.1s
[2025-07-05 13:18:02] Challenges fetched successfully for bruno!
[2025-07-05 13:23:01] Resynchronisation avec le serveur...
[2025-07-05 13:23:01] Fetching challenges...
[2025-07-05 13:23:02] Challenges fetching ...
[2025-07-05 13:23:02] Challenge Film Noir:
[2025-07-05 13:23:02]   - Temps calculé: 18417.631719s
[2025-07-05 13:23:02]   - Temps serveur brut: 18419s
[2025-07-05 13:23:02]   - Temps serveur corrigé (-30s): 18449s
[2025-07-05 13:23:02]   - Décalage détecté: -1.4s
[2025-07-05 13:23:02] Challenges fetched successfully for bruno!
[2025-07-05 13:28:01] Resynchronisation avec le serveur...
[2025-07-05 13:28:01] Fetching challenges...
[2025-07-05 13:28:02] Challenges fetching ...
[2025-07-05 13:28:02] Challenge Film Noir:
[2025-07-05 13:28:02]   - Temps calculé: 18117.777575s
[2025-07-05 13:28:02]   - Temps serveur brut: 18119s
[2025-07-05 13:28:02]   - Temps serveur corrigé (-30s): 18149s
[2025-07-05 13:28:02]   - Décalage détecté: -1.2s
[2025-07-05 13:28:02] Challenges fetched successfully for bruno!
[2025-07-05 13:33:01] Resynchronisation avec le serveur...
[2025-07-05 13:33:01] Fetching challenges...
[2025-07-05 13:33:02] Challenges fetching ...
[2025-07-05 13:33:02] Challenge Film Noir:
[2025-07-05 13:33:02]   - Temps calculé: 17817.679696s
[2025-07-05 13:33:02]   - Temps serveur brut: 17819s
[2025-07-05 13:33:02]   - Temps serveur corrigé (-30s): 17849s
[2025-07-05 13:33:02]   - Décalage détecté: -1.3s
[2025-07-05 13:33:02] Challenges fetched successfully for bruno!
[2025-07-05 13:38:01] Resynchronisation avec le serveur...
[2025-07-05 13:38:01] Fetching challenges...
[2025-07-05 13:38:02] Challenges fetching ...
[2025-07-05 13:38:02] Challenge Film Noir:
[2025-07-05 13:38:02]   - Temps calculé: 17517.74139s
[2025-07-05 13:38:02]   - Temps serveur brut: 17519s
[2025-07-05 13:38:02]   - Temps serveur corrigé (-30s): 17549s
[2025-07-05 13:38:02]   - Décalage détecté: -1.3s
[2025-07-05 13:38:02] Challenges fetched successfully for bruno!
[2025-07-05 13:43:01] Resynchronisation avec le serveur...
[2025-07-05 13:43:01] Fetching challenges...
[2025-07-05 13:43:02] Challenges fetching ...
[2025-07-05 13:43:02] Challenge Film Noir:
[2025-07-05 13:43:02]   - Temps calculé: 17217.755651s
[2025-07-05 13:43:02]   - Temps serveur brut: 17219s
[2025-07-05 13:43:02]   - Temps serveur corrigé (-30s): 17249s
[2025-07-05 13:43:02]   - Décalage détecté: -1.2s
[2025-07-05 13:43:02] Challenges fetched successfully for bruno!
[2025-07-05 13:48:01] Resynchronisation avec le serveur...
[2025-07-05 13:48:01] Fetching challenges...
[2025-07-05 13:48:02] Challenges fetching ...
[2025-07-05 13:48:02] Challenge Film Noir:
[2025-07-05 13:48:02]   - Temps calculé: 16917.670504s
[2025-07-05 13:48:02]   - Temps serveur brut: 16919s
[2025-07-05 13:48:02]   - Temps serveur corrigé (-30s): 16949s
[2025-07-05 13:48:02]   - Décalage détecté: -1.3s
[2025-07-05 13:48:02] Challenges fetched successfully for bruno!
[2025-07-05 13:53:01] Resynchronisation avec le serveur...
[2025-07-05 13:53:01] Fetching challenges...
[2025-07-05 13:53:02] Challenges fetching ...
[2025-07-05 13:53:02] Challenge Film Noir:
[2025-07-05 13:53:02]   - Temps calculé: 16617.731677s
[2025-07-05 13:53:02]   - Temps serveur brut: 16619s
[2025-07-05 13:53:02]   - Temps serveur corrigé (-30s): 16649s
[2025-07-05 13:53:02]   - Décalage détecté: -1.3s
[2025-07-05 13:53:02] Challenges fetched successfully for bruno!
[2025-07-05 13:58:01] Resynchronisation avec le serveur...
[2025-07-05 13:58:01] Fetching challenges...
[2025-07-05 13:58:02] Challenges fetching ...
[2025-07-05 13:58:02] Challenge Film Noir:
[2025-07-05 13:58:02]   - Temps calculé: 16317.689335s
[2025-07-05 13:58:02]   - Temps serveur brut: 16319s
[2025-07-05 13:58:02]   - Temps serveur corrigé (-30s): 16349s
[2025-07-05 13:58:02]   - Décalage détecté: -1.3s
[2025-07-05 13:58:02] Challenges fetched successfully for bruno!
[2025-07-05 14:03:01] Resynchronisation avec le serveur...
[2025-07-05 14:03:01] Fetching challenges...
[2025-07-05 14:03:02] Challenges fetching ...
[2025-07-05 14:03:02] Challenge Film Noir:
[2025-07-05 14:03:02]   - Temps calculé: 16017.751612s
[2025-07-05 14:03:02]   - Temps serveur brut: 16019s
[2025-07-05 14:03:02]   - Temps serveur corrigé (-30s): 16049s
[2025-07-05 14:03:02]   - Décalage détecté: -1.2s
[2025-07-05 14:03:02] Challenges fetched successfully for bruno!
[2025-07-05 14:08:01] Resynchronisation avec le serveur...
[2025-07-05 14:08:01] Fetching challenges...
[2025-07-05 14:08:02] Challenges fetching ...
[2025-07-05 14:08:02] Challenge Film Noir:
[2025-07-05 14:08:02]   - Temps calculé: 15717.504658s
[2025-07-05 14:08:02]   - Temps serveur brut: 15719s
[2025-07-05 14:08:02]   - Temps serveur corrigé (-30s): 15749s
[2025-07-05 14:08:02]   - Décalage détecté: -1.5s
[2025-07-05 14:08:02] Challenges fetched successfully for bruno!
[2025-07-05 14:13:01] Resynchronisation avec le serveur...
[2025-07-05 14:13:01] Fetching challenges...
[2025-07-05 14:13:02] Challenges fetching ...
[2025-07-05 14:13:02] Challenge Film Noir:
[2025-07-05 14:13:02]   - Temps calculé: 15417.774042s
[2025-07-05 14:13:02]   - Temps serveur brut: 15419s
[2025-07-05 14:13:02]   - Temps serveur corrigé (-30s): 15449s
[2025-07-05 14:13:02]   - Décalage détecté: -1.2s
[2025-07-05 14:13:02] Challenges fetched successfully for bruno!
[2025-07-05 14:18:01] Resynchronisation avec le serveur...
[2025-07-05 14:18:01] Fetching challenges...
[2025-07-05 14:18:02] Challenges fetching ...
[2025-07-05 14:18:02] Challenge Film Noir:
[2025-07-05 14:18:02]   - Temps calculé: 15117.728301s
[2025-07-05 14:18:02]   - Temps serveur brut: 15119s
[2025-07-05 14:18:02]   - Temps serveur corrigé (-30s): 15149s
[2025-07-05 14:18:02]   - Décalage détecté: -1.3s
[2025-07-05 14:18:02] Challenges fetched successfully for bruno!
[2025-07-05 14:23:01] Resynchronisation avec le serveur...
[2025-07-05 14:23:01] Fetching challenges...
[2025-07-05 14:23:02] Challenges fetching ...
[2025-07-05 14:23:02] Challenge Film Noir:
[2025-07-05 14:23:02]   - Temps calculé: 14817.602569s
[2025-07-05 14:23:02]   - Temps serveur brut: 14819s
[2025-07-05 14:23:02]   - Temps serveur corrigé (-30s): 14849s
[2025-07-05 14:23:02]   - Décalage détecté: -1.4s
[2025-07-05 14:23:02] Challenges fetched successfully for bruno!
[2025-07-05 14:28:01] Resynchronisation avec le serveur...
[2025-07-05 14:28:01] Fetching challenges...
[2025-07-05 14:28:02] Challenges fetching ...
[2025-07-05 14:28:02] Challenge Film Noir:
[2025-07-05 14:28:02]   - Temps calculé: 14517.698466s
[2025-07-05 14:28:02]   - Temps serveur brut: 14519s
[2025-07-05 14:28:02]   - Temps serveur corrigé (-30s): 14549s
[2025-07-05 14:28:02]   - Décalage détecté: -1.3s
[2025-07-05 14:28:02] Challenges fetched successfully for bruno!
[2025-07-05 14:33:01] Resynchronisation avec le serveur...
[2025-07-05 14:33:01] Fetching challenges...
[2025-07-05 14:33:02] Challenges fetching ...
[2025-07-05 14:33:02] Challenge Film Noir:
[2025-07-05 14:33:02]   - Temps calculé: 14217.659382s
[2025-07-05 14:33:02]   - Temps serveur brut: 14219s
[2025-07-05 14:33:02]   - Temps serveur corrigé (-30s): 14249s
[2025-07-05 14:33:02]   - Décalage détecté: -1.3s
[2025-07-05 14:33:02] Challenges fetched successfully for bruno!
[2025-07-05 14:38:01] Resynchronisation avec le serveur...
[2025-07-05 14:38:01] Fetching challenges...
[2025-07-05 14:38:02] Challenges fetching ...
[2025-07-05 14:38:02] Challenge Film Noir:
[2025-07-05 14:38:02]   - Temps calculé: 13917.435285s
[2025-07-05 14:38:02]   - Temps serveur brut: 13918s
[2025-07-05 14:38:02]   - Temps serveur corrigé (-30s): 13948s
[2025-07-05 14:38:02]   - Décalage détecté: -0.6s
[2025-07-05 14:38:02] Challenges fetched successfully for bruno!
[2025-07-05 14:43:01] Resynchronisation avec le serveur...
[2025-07-05 14:43:01] Fetching challenges...
[2025-07-05 14:43:02] Challenges fetching ...
[2025-07-05 14:43:02] Challenge Film Noir:
[2025-07-05 14:43:02]   - Temps calculé: 13617.189191s
[2025-07-05 14:43:02]   - Temps serveur brut: 13618s
[2025-07-05 14:43:02]   - Temps serveur corrigé (-30s): 13648s
[2025-07-05 14:43:02]   - Décalage détecté: -0.8s
[2025-07-05 14:43:02] Challenges fetched successfully for bruno!
[2025-07-05 14:48:03] Resynchronisation avec le serveur...
[2025-07-05 14:48:03] Fetching challenges...
[2025-07-05 14:48:04] Challenges fetching ...
[2025-07-05 14:48:04] Challenge Film Noir:
[2025-07-05 14:48:04]   - Temps calculé: 13315.30688s
[2025-07-05 14:48:04]   - Temps serveur brut: 13316s
[2025-07-05 14:48:04]   - Temps serveur corrigé (-30s): 13346s
[2025-07-05 14:48:04]   - Décalage détecté: -0.7s
[2025-07-05 14:48:04] Challenges fetched successfully for bruno!
[2025-07-05 14:53:01] Resynchronisation avec le serveur...
[2025-07-05 14:53:01] Fetching challenges...
[2025-07-05 14:53:02] Challenges fetching ...
[2025-07-05 14:53:02] Challenge Film Noir:
[2025-07-05 14:53:02]   - Temps calculé: 13017.498428s
[2025-07-05 14:53:02]   - Temps serveur brut: 13019s
[2025-07-05 14:53:02]   - Temps serveur corrigé (-30s): 13049s
[2025-07-05 14:53:02]   - Décalage détecté: -1.5s
[2025-07-05 14:53:02] Challenges fetched successfully for bruno!
[2025-07-05 14:58:01] Resynchronisation avec le serveur...
[2025-07-05 14:58:01] Fetching challenges...
[2025-07-05 14:58:02] Challenges fetching ...
[2025-07-05 14:58:02] Challenge Film Noir:
[2025-07-05 14:58:02]   - Temps calculé: 12717.773625s
[2025-07-05 14:58:02]   - Temps serveur brut: 12719s
[2025-07-05 14:58:02]   - Temps serveur corrigé (-30s): 12749s
[2025-07-05 14:58:02]   - Décalage détecté: -1.2s
[2025-07-05 14:58:02] Challenges fetched successfully for bruno!
[2025-07-05 15:03:01] Resynchronisation avec le serveur...
[2025-07-05 15:03:01] Fetching challenges...
[2025-07-05 15:03:02] Challenges fetching ...
[2025-07-05 15:03:02] Challenge Film Noir:
[2025-07-05 15:03:02]   - Temps calculé: 12417.174195s
[2025-07-05 15:03:02]   - Temps serveur brut: 12418s
[2025-07-05 15:03:02]   - Temps serveur corrigé (-30s): 12448s
[2025-07-05 15:03:02]   - Décalage détecté: -0.8s
[2025-07-05 15:03:02] Challenges fetched successfully for bruno!
[2025-07-05 15:08:04] Resynchronisation avec le serveur...
[2025-07-05 15:08:04] Fetching challenges...
[2025-07-05 15:08:06] Challenges fetching ...
[2025-07-05 15:08:06] Challenge Film Noir:
[2025-07-05 15:08:06]   - Temps calculé: 12113.190856s
[2025-07-05 15:08:06]   - Temps serveur brut: 12115s
[2025-07-05 15:08:06]   - Temps serveur corrigé (-30s): 12145s
[2025-07-05 15:08:06]   - Décalage détecté: -1.8s
[2025-07-05 15:08:06] Challenges fetched successfully for bruno!
[2025-07-05 15:13:02] Resynchronisation avec le serveur...
[2025-07-05 15:13:02] Fetching challenges...
[2025-07-05 15:13:03] Challenges fetching ...
[2025-07-05 15:13:03] Challenge Film Noir:
[2025-07-05 15:13:03]   - Temps calculé: 11816.578176s
[2025-07-05 15:13:03]   - Temps serveur brut: 11817s
[2025-07-05 15:13:03]   - Temps serveur corrigé (-30s): 11847s
[2025-07-05 15:13:03]   - Décalage détecté: -0.4s
[2025-07-05 15:13:03] Challenges fetched successfully for bruno!
[2025-07-05 15:18:01] Resynchronisation avec le serveur...
[2025-07-05 15:18:01] Fetching challenges...
[2025-07-05 15:18:02] Challenges fetching ...
[2025-07-05 15:18:02] Challenge Film Noir:
[2025-07-05 15:18:02]   - Temps calculé: 11517.646381s
[2025-07-05 15:18:02]   - Temps serveur brut: 11519s
[2025-07-05 15:18:02]   - Temps serveur corrigé (-30s): 11549s
[2025-07-05 15:18:02]   - Décalage détecté: -1.4s
[2025-07-05 15:18:02] Challenges fetched successfully for bruno!
[2025-07-05 15:23:01] Resynchronisation avec le serveur...
[2025-07-05 15:23:01] Fetching challenges...
[2025-07-05 15:23:02] Challenges fetching ...
[2025-07-05 15:23:02] Challenge Film Noir:
[2025-07-05 15:23:02]   - Temps calculé: 11217.749765s
[2025-07-05 15:23:02]   - Temps serveur brut: 11219s
[2025-07-05 15:23:02]   - Temps serveur corrigé (-30s): 11249s
[2025-07-05 15:23:02]   - Décalage détecté: -1.3s
[2025-07-05 15:23:02] Challenges fetched successfully for bruno!
[2025-07-05 15:28:01] Resynchronisation avec le serveur...
[2025-07-05 15:28:01] Fetching challenges...
[2025-07-05 15:28:02] Challenges fetching ...
[2025-07-05 15:28:02] Challenge Film Noir:
[2025-07-05 15:28:02]   - Temps calculé: 10917.711641s
[2025-07-05 15:28:02]   - Temps serveur brut: 10919s
[2025-07-05 15:28:02]   - Temps serveur corrigé (-30s): 10949s
[2025-07-05 15:28:02]   - Décalage détecté: -1.3s
[2025-07-05 15:28:02] Challenges fetched successfully for bruno!
[2025-07-05 15:33:01] Resynchronisation avec le serveur...
[2025-07-05 15:33:01] Fetching challenges...
[2025-07-05 15:33:02] Challenges fetching ...
[2025-07-05 15:33:02] Challenge Film Noir:
[2025-07-05 15:33:02]   - Temps calculé: 10617.55993s
[2025-07-05 15:33:02]   - Temps serveur brut: 10619s
[2025-07-05 15:33:02]   - Temps serveur corrigé (-30s): 10649s
[2025-07-05 15:33:02]   - Décalage détecté: -1.4s
[2025-07-05 15:33:02] Challenges fetched successfully for bruno!
[2025-07-05 15:38:01] Resynchronisation avec le serveur...
[2025-07-05 15:38:01] Fetching challenges...
[2025-07-05 15:38:02] Challenges fetching ...
[2025-07-05 15:38:02] Challenge Film Noir:
[2025-07-05 15:38:02]   - Temps calculé: 10317.626787s
[2025-07-05 15:38:02]   - Temps serveur brut: 10319s
[2025-07-05 15:38:02]   - Temps serveur corrigé (-30s): 10349s
[2025-07-05 15:38:02]   - Décalage détecté: -1.4s
[2025-07-05 15:38:02] Challenges fetched successfully for bruno!
[2025-07-05 15:43:01] Resynchronisation avec le serveur...
[2025-07-05 15:43:01] Fetching challenges...
[2025-07-05 15:43:02] Challenges fetching ...
[2025-07-05 15:43:02] Challenge Film Noir:
[2025-07-05 15:43:02]   - Temps calculé: 10017.660677s
[2025-07-05 15:43:02]   - Temps serveur brut: 10019s
[2025-07-05 15:43:02]   - Temps serveur corrigé (-30s): 10049s
[2025-07-05 15:43:02]   - Décalage détecté: -1.3s
[2025-07-05 15:43:02] Challenges fetched successfully for bruno!
[2025-07-05 15:48:03] Resynchronisation avec le serveur...
[2025-07-05 15:48:03] Fetching challenges...
[2025-07-05 15:48:04] Challenges fetching ...
[2025-07-05 15:48:04] Challenge Film Noir:
[2025-07-05 15:48:04]   - Temps calculé: 9715.087338s
[2025-07-05 15:48:04]   - Temps serveur brut: 9716s
[2025-07-05 15:48:04]   - Temps serveur corrigé (-30s): 9746s
[2025-07-05 15:48:04]   - Décalage détecté: -0.9s
[2025-07-05 15:48:04] Challenges fetched successfully for bruno!
[2025-07-05 15:53:01] Resynchronisation avec le serveur...
[2025-07-05 15:53:01] Fetching challenges...
[2025-07-05 15:53:02] Challenges fetching ...
[2025-07-05 15:53:02] Challenge Film Noir:
[2025-07-05 15:53:02]   - Temps calculé: 9417.631756s
[2025-07-05 15:53:02]   - Temps serveur brut: 9419s
[2025-07-05 15:53:02]   - Temps serveur corrigé (-30s): 9449s
[2025-07-05 15:53:02]   - Décalage détecté: -1.4s
[2025-07-05 15:53:02] Challenges fetched successfully for bruno!
[2025-07-05 15:58:01] Resynchronisation avec le serveur...
[2025-07-05 15:58:01] Fetching challenges...
[2025-07-05 15:58:02] Challenges fetching ...
[2025-07-05 15:58:02] Challenge Film Noir:
[2025-07-05 15:58:02]   - Temps calculé: 9117.431867s
[2025-07-05 15:58:02]   - Temps serveur brut: 9118s
[2025-07-05 15:58:02]   - Temps serveur corrigé (-30s): 9148s
[2025-07-05 15:58:02]   - Décalage détecté: -0.6s
[2025-07-05 15:58:02] Challenges fetched successfully for bruno!
[2025-07-05 16:03:01] Resynchronisation avec le serveur...
[2025-07-05 16:03:01] Fetching challenges...
[2025-07-05 16:03:03] Challenges fetching ...
[2025-07-05 16:03:03] Challenge Film Noir:
[2025-07-05 16:03:03]   - Temps calculé: 8816.570464s
[2025-07-05 16:03:03]   - Temps serveur brut: 8818s
[2025-07-05 16:03:03]   - Temps serveur corrigé (-30s): 8848s
[2025-07-05 16:03:03]   - Décalage détecté: -1.4s
[2025-07-05 16:03:03] Challenges fetched successfully for bruno!
[2025-07-05 16:08:01] Resynchronisation avec le serveur...
[2025-07-05 16:08:01] Fetching challenges...
[2025-07-05 16:08:04] Challenges fetching ...
[2025-07-05 16:08:04] Challenge Film Noir:
[2025-07-05 16:08:04]   - Temps calculé: 8515.810234s
[2025-07-05 16:08:04]   - Temps serveur brut: 8518s
[2025-07-05 16:08:04]   - Temps serveur corrigé (-30s): 8548s
[2025-07-05 16:08:04]   - Décalage détecté: -2.2s
[2025-07-05 16:08:04] Challenges fetched successfully for bruno!
[2025-07-05 16:13:01] Resynchronisation avec le serveur...
[2025-07-05 16:13:01] Fetching challenges...
[2025-07-05 16:13:02] Challenges fetching ...
[2025-07-05 16:13:02] Challenge Film Noir:
[2025-07-05 16:13:02]   - Temps calculé: 8217.457584s
[2025-07-05 16:13:02]   - Temps serveur brut: 8219s
[2025-07-05 16:13:02]   - Temps serveur corrigé (-30s): 8249s
[2025-07-05 16:13:02]   - Décalage détecté: -1.5s
[2025-07-05 16:13:02] Challenges fetched successfully for bruno!
[2025-07-05 16:18:01] Resynchronisation avec le serveur...
[2025-07-05 16:18:01] Fetching challenges...
[2025-07-05 16:18:02] Challenges fetching ...
[2025-07-05 16:18:02] Challenge Film Noir:
[2025-07-05 16:18:02]   - Temps calculé: 7917.64445s
[2025-07-05 16:18:02]   - Temps serveur brut: 7919s
[2025-07-05 16:18:02]   - Temps serveur corrigé (-30s): 7949s
[2025-07-05 16:18:02]   - Décalage détecté: -1.4s
[2025-07-05 16:18:02] Challenges fetched successfully for bruno!
[2025-07-05 16:23:01] Resynchronisation avec le serveur...
[2025-07-05 16:23:01] Fetching challenges...
[2025-07-05 16:23:02] Challenges fetching ...
[2025-07-05 16:23:02] Challenge Film Noir:
[2025-07-05 16:23:02]   - Temps calculé: 7617.662009s
[2025-07-05 16:23:02]   - Temps serveur brut: 7619s
[2025-07-05 16:23:02]   - Temps serveur corrigé (-30s): 7649s
[2025-07-05 16:23:02]   - Décalage détecté: -1.3s
[2025-07-05 16:23:02] Challenges fetched successfully for bruno!
[2025-07-05 16:28:01] Resynchronisation avec le serveur...
[2025-07-05 16:28:01] Fetching challenges...
[2025-07-05 16:28:02] Challenges fetching ...
[2025-07-05 16:28:02] Challenge Film Noir:
[2025-07-05 16:28:02]   - Temps calculé: 7317.766627s
[2025-07-05 16:28:02]   - Temps serveur brut: 7319s
[2025-07-05 16:28:02]   - Temps serveur corrigé (-30s): 7349s
[2025-07-05 16:28:02]   - Décalage détecté: -1.2s
[2025-07-05 16:28:02] Challenges fetched successfully for bruno!
[2025-07-05 16:33:01] Resynchronisation avec le serveur...
[2025-07-05 16:33:01] Fetching challenges...
[2025-07-05 16:33:02] Challenges fetching ...
[2025-07-05 16:33:02] Challenge Film Noir:
[2025-07-05 16:33:02]   - Temps calculé: 7017.764663s
[2025-07-05 16:33:02]   - Temps serveur brut: 7019s
[2025-07-05 16:33:02]   - Temps serveur corrigé (-30s): 7049s
[2025-07-05 16:33:02]   - Décalage détecté: -1.2s
[2025-07-05 16:33:02] Challenges fetched successfully for bruno!
[2025-07-05 16:38:01] Resynchronisation avec le serveur...
[2025-07-05 16:38:01] Fetching challenges...
[2025-07-05 16:38:02] Challenges fetching ...
[2025-07-05 16:38:02] Challenge Film Noir:
[2025-07-05 16:38:02]   - Temps calculé: 6717.76917s
[2025-07-05 16:38:02]   - Temps serveur brut: 6719s
[2025-07-05 16:38:02]   - Temps serveur corrigé (-30s): 6749s
[2025-07-05 16:38:02]   - Décalage détecté: -1.2s
[2025-07-05 16:38:02] Challenges fetched successfully for bruno!
[2025-07-05 16:43:01] Resynchronisation avec le serveur...
[2025-07-05 16:43:01] Fetching challenges...
[2025-07-05 16:43:02] Challenges fetching ...
[2025-07-05 16:43:02] Challenge Film Noir:
[2025-07-05 16:43:02]   - Temps calculé: 6417.813125s
[2025-07-05 16:43:02]   - Temps serveur brut: 6419s
[2025-07-05 16:43:02]   - Temps serveur corrigé (-30s): 6449s
[2025-07-05 16:43:02]   - Décalage détecté: -1.2s
[2025-07-05 16:43:02] Challenges fetched successfully for bruno!
[2025-07-05 16:48:01] Resynchronisation avec le serveur...
[2025-07-05 16:48:01] Fetching challenges...
[2025-07-05 16:48:02] Challenges fetching ...
[2025-07-05 16:48:02] Challenge Film Noir:
[2025-07-05 16:48:02]   - Temps calculé: 6117.689771s
[2025-07-05 16:48:02]   - Temps serveur brut: 6119s
[2025-07-05 16:48:02]   - Temps serveur corrigé (-30s): 6149s
[2025-07-05 16:48:02]   - Décalage détecté: -1.3s
[2025-07-05 16:48:02] Challenges fetched successfully for bruno!
[2025-07-05 16:53:01] Resynchronisation avec le serveur...
[2025-07-05 16:53:01] Fetching challenges...
[2025-07-05 16:53:02] Challenges fetching ...
[2025-07-05 16:53:02] Challenge Film Noir:
[2025-07-05 16:53:02]   - Temps calculé: 5817.781318s
[2025-07-05 16:53:02]   - Temps serveur brut: 5819s
[2025-07-05 16:53:02]   - Temps serveur corrigé (-30s): 5849s
[2025-07-05 16:53:02]   - Décalage détecté: -1.2s
[2025-07-05 16:53:02] Challenges fetched successfully for bruno!
[2025-07-05 16:58:01] Resynchronisation avec le serveur...
[2025-07-05 16:58:01] Fetching challenges...
[2025-07-05 16:58:02] Challenges fetching ...
[2025-07-05 16:58:02] Challenge Film Noir:
[2025-07-05 16:58:02]   - Temps calculé: 5517.768225s
[2025-07-05 16:58:02]   - Temps serveur brut: 5519s
[2025-07-05 16:58:02]   - Temps serveur corrigé (-30s): 5549s
[2025-07-05 16:58:02]   - Décalage détecté: -1.2s
[2025-07-05 16:58:02] Challenges fetched successfully for bruno!
[2025-07-05 17:03:01] Resynchronisation avec le serveur...
[2025-07-05 17:03:01] Fetching challenges...
[2025-07-05 17:03:02] Challenges fetching ...
[2025-07-05 17:03:02] Challenge Film Noir:
[2025-07-05 17:03:02]   - Temps calculé: 5217.804775s
[2025-07-05 17:03:02]   - Temps serveur brut: 5219s
[2025-07-05 17:03:02]   - Temps serveur corrigé (-30s): 5249s
[2025-07-05 17:03:02]   - Décalage détecté: -1.2s
[2025-07-05 17:03:02] Challenges fetched successfully for bruno!
[2025-07-05 17:08:01] Resynchronisation avec le serveur...
[2025-07-05 17:08:01] Fetching challenges...
[2025-07-05 17:08:02] Challenges fetching ...
[2025-07-05 17:08:02] Challenge Film Noir:
[2025-07-05 17:08:02]   - Temps calculé: 4917.874186s
[2025-07-05 17:08:02]   - Temps serveur brut: 4919s
[2025-07-05 17:08:02]   - Temps serveur corrigé (-30s): 4949s
[2025-07-05 17:08:02]   - Décalage détecté: -1.1s
[2025-07-05 17:08:02] Challenges fetched successfully for bruno!
[2025-07-05 17:13:01] Resynchronisation avec le serveur...
[2025-07-05 17:13:01] Fetching challenges...
[2025-07-05 17:13:02] Challenges fetching ...
[2025-07-05 17:13:02] Challenge Film Noir:
[2025-07-05 17:13:02]   - Temps calculé: 4617.854873s
[2025-07-05 17:13:02]   - Temps serveur brut: 4619s
[2025-07-05 17:13:02]   - Temps serveur corrigé (-30s): 4649s
[2025-07-05 17:13:02]   - Décalage détecté: -1.1s
[2025-07-05 17:13:02] Challenges fetched successfully for bruno!
[2025-07-05 17:18:01] Resynchronisation avec le serveur...
[2025-07-05 17:18:01] Fetching challenges...
[2025-07-05 17:18:02] Challenges fetching ...
[2025-07-05 17:18:02] Challenge Film Noir:
[2025-07-05 17:18:02]   - Temps calculé: 4317.896291s
[2025-07-05 17:18:02]   - Temps serveur brut: 4319s
[2025-07-05 17:18:02]   - Temps serveur corrigé (-30s): 4349s
[2025-07-05 17:18:02]   - Décalage détecté: -1.1s
[2025-07-05 17:18:02] Challenges fetched successfully for bruno!
[2025-07-05 17:23:01] Resynchronisation avec le serveur...
[2025-07-05 17:23:01] Fetching challenges...
[2025-07-05 17:23:02] Challenges fetching ...
[2025-07-05 17:23:02] Challenge Film Noir:
[2025-07-05 17:23:02]   - Temps calculé: 4017.869369s
[2025-07-05 17:23:02]   - Temps serveur brut: 4019s
[2025-07-05 17:23:02]   - Temps serveur corrigé (-30s): 4049s
[2025-07-05 17:23:02]   - Décalage détecté: -1.1s
[2025-07-05 17:23:02] Challenges fetched successfully for bruno!
[2025-07-05 17:28:01] Resynchronisation avec le serveur...
[2025-07-05 17:28:01] Fetching challenges...
[2025-07-05 17:28:02] Challenges fetching ...
[2025-07-05 17:28:02] Challenge Film Noir:
[2025-07-05 17:28:02]   - Temps calculé: 3717.836469s
[2025-07-05 17:28:02]   - Temps serveur brut: 3719s
[2025-07-05 17:28:02]   - Temps serveur corrigé (-30s): 3749s
[2025-07-05 17:28:02]   - Décalage détecté: -1.2s
[2025-07-05 17:28:02] Challenges fetched successfully for bruno!
[2025-07-05 17:33:01] Resynchronisation avec le serveur...
[2025-07-05 17:33:01] Fetching challenges...
[2025-07-05 17:33:02] Challenges fetching ...
[2025-07-05 17:33:02] Challenge Film Noir:
[2025-07-05 17:33:02]   - Temps calculé: 3417.91936s
[2025-07-05 17:33:02]   - Temps serveur brut: 3419s
[2025-07-05 17:33:02]   - Temps serveur corrigé (-30s): 3449s
[2025-07-05 17:33:02]   - Décalage détecté: -1.1s
[2025-07-05 17:33:02] Challenges fetched successfully for bruno!
[2025-07-05 17:38:01] Resynchronisation avec le serveur...
[2025-07-05 17:38:01] Fetching challenges...
[2025-07-05 17:38:02] Challenges fetching ...
[2025-07-05 17:38:02] Challenge Film Noir:
[2025-07-05 17:38:02]   - Temps calculé: 3117.870872s
[2025-07-05 17:38:02]   - Temps serveur brut: 3119s
[2025-07-05 17:38:02]   - Temps serveur corrigé (-30s): 3149s
[2025-07-05 17:38:02]   - Décalage détecté: -1.1s
[2025-07-05 17:38:02] Challenges fetched successfully for bruno!
[2025-07-05 17:43:01] Resynchronisation avec le serveur...
[2025-07-05 17:43:01] Fetching challenges...
[2025-07-05 17:43:02] Challenges fetching ...
[2025-07-05 17:43:02] Challenge Film Noir:
[2025-07-05 17:43:02]   - Temps calculé: 2817.883233s
[2025-07-05 17:43:02]   - Temps serveur brut: 2819s
[2025-07-05 17:43:02]   - Temps serveur corrigé (-30s): 2849s
[2025-07-05 17:43:02]   - Décalage détecté: -1.1s
[2025-07-05 17:43:02] Challenges fetched successfully for bruno!
[2025-07-05 17:45:07] Challenge fermé supprimé pour pascale: Guru of The Week
[2025-07-05 17:45:07] Suppression automatique de 1 challenge(s) fermé(s)
[2025-07-05 17:48:01] Resynchronisation avec le serveur...
[2025-07-05 17:48:01] Fetching challenges...
[2025-07-05 17:48:02] Challenges fetching ...
[2025-07-05 17:48:02] Challenge Film Noir:
[2025-07-05 17:48:02]   - Temps calculé: 2517.710926s
[2025-07-05 17:48:02]   - Temps serveur brut: 2519s
[2025-07-05 17:48:02]   - Temps serveur corrigé (-30s): 2549s
[2025-07-05 17:48:02]   - Décalage détecté: -1.3s
[2025-07-05 17:48:02] Challenges fetched successfully for bruno!
[2025-07-05 17:53:01] Resynchronisation avec le serveur...
[2025-07-05 17:53:01] Fetching challenges...
[2025-07-05 17:53:02] Challenges fetching ...
[2025-07-05 17:53:02] Challenge Film Noir:
[2025-07-05 17:53:02]   - Temps calculé: 2217.708755s
[2025-07-05 17:53:02]   - Temps serveur brut: 2219s
[2025-07-05 17:53:02]   - Temps serveur corrigé (-30s): 2249s
[2025-07-05 17:53:02]   - Décalage détecté: -1.3s
[2025-07-05 17:53:02] Challenges fetched successfully for bruno!
[2025-07-05 17:58:01] Resynchronisation avec le serveur...
[2025-07-05 17:58:01] Fetching challenges...
[2025-07-05 17:58:02] Challenges fetching ...
[2025-07-05 17:58:02] Challenge Film Noir:
[2025-07-05 17:58:02]   - Temps calculé: 1917.77911s
[2025-07-05 17:58:02]   - Temps serveur brut: 1919s
[2025-07-05 17:58:02]   - Temps serveur corrigé (-30s): 1949s
[2025-07-05 17:58:02]   - Décalage détecté: -1.2s
[2025-07-05 17:58:02] Challenges fetched successfully for bruno!
[2025-07-05 18:03:01] Resynchronisation avec le serveur...
[2025-07-05 18:03:01] Fetching challenges...
[2025-07-05 18:03:02] Challenges fetching ...
[2025-07-05 18:03:02] Challenge Film Noir:
[2025-07-05 18:03:02]   - Temps calculé: 1617.573113s
[2025-07-05 18:03:02]   - Temps serveur brut: 1619s
[2025-07-05 18:03:02]   - Temps serveur corrigé (-30s): 1649s
[2025-07-05 18:03:02]   - Décalage détecté: -1.4s
[2025-07-05 18:03:02] Challenges fetched successfully for bruno!
[2025-07-05 18:07:12] APScheduler arrêté
[2025-07-05 22:12:24] Fetching challenges...
[2025-07-05 22:12:24] Fetch initial des challenges pour initialiser le décompte...
[2025-07-05 22:12:24] Fetching challenges...
[2025-07-05 22:12:24] Décompte programmé à 22:13:00
[2025-07-05 22:12:24] APScheduler démarré avec succès
[2025-07-05 22:12:26] Challenges fetching ...
[2025-07-05 22:12:26] Challenges fetched successfully for bruno!
[2025-07-05 22:12:26] Challenges fetching ...
[2025-07-05 22:12:26] Challenges fetched successfully for bruno!
[2025-07-05 22:12:35] Refreshing challenges...
[2025-07-05 22:12:35] Fetching challenges...
[2025-07-05 22:12:36] Challenges fetching ...
[2025-07-05 22:12:36] Challenges fetched successfully for bruno!
[2025-07-05 22:13:00] Décompte local démarré - mise à jour toutes les 10 secondes
[2025-07-05 22:16:38] Refreshing challenges...
[2025-07-05 22:16:38] Fetching challenges...
[2025-07-05 22:16:39] Challenges fetching ...
[2025-07-05 22:16:39] Erreur calcul temps restant pour 5 Hours: time data '05/07/2025, 23:35' does not match format '%d/%m/%Y, %H:%M:%S'
[2025-07-05 22:16:39] Erreur calcul temps restant pour Shooting Cool Tones: time data '06/07/2025, 19:10' does not match format '%d/%m/%Y, %H:%M:%S'
[2025-07-05 22:16:39] Erreur calcul temps restant pour Open Theme : time data '06/07/2025, 19:30' does not match format '%d/%m/%Y, %H:%M:%S'
[2025-07-05 22:16:39] Lancement automatique des stratégies de fin pour 3 nouveaux challenges...
[2025-07-05 22:16:39] Nouveau challenge détecté pour bruno: 5 Hours
[2025-07-05 22:16:39] Nouveau challenge détecté pour bruno: Open Theme 
[2025-07-05 22:16:39] Nouveau challenge détecté pour bruno: Shooting Cool Tones
[2025-07-05 22:16:39] Challenges fetched successfully for bruno!
[2025-07-05 22:17:24] Resynchronisation avec le serveur...
[2025-07-05 22:17:24] Fetching challenges...
[2025-07-05 22:17:25] Challenges fetching ...
[2025-07-05 22:17:25] Erreur calcul temps restant pour 5 Hours: time data '05/07/2025, 23:35' does not match format '%d/%m/%Y, %H:%M:%S'
[2025-07-05 22:17:25] Erreur calcul temps restant pour Shooting Cool Tones: time data '06/07/2025, 19:10' does not match format '%d/%m/%Y, %H:%M:%S'
[2025-07-05 22:17:25] Erreur calcul temps restant pour Open Theme : time data '06/07/2025, 19:30' does not match format '%d/%m/%Y, %H:%M:%S'
[2025-07-05 22:17:25] Challenges fetched successfully for bruno!
[2025-07-05 22:21:26] Fetching challenges...
[2025-07-05 22:21:26] Fetch initial des challenges pour initialiser le décompte...
[2025-07-05 22:21:26] Fetching challenges...
[2025-07-05 22:21:26] Décompte programmé à 22:22:00
[2025-07-05 22:21:26] APScheduler démarré avec succès
[2025-07-05 22:21:28] Challenges fetching ...
[2025-07-05 22:21:28] Erreur calcul temps restant pour 5 Hours: time data '05/07/2025, 23:35' does not match format '%d/%m/%Y, %H:%M:%S'
[2025-07-05 22:21:28] Erreur calcul temps restant pour Shooting Cool Tones: time data '06/07/2025, 19:10' does not match format '%d/%m/%Y, %H:%M:%S'
[2025-07-05 22:21:28] Erreur calcul temps restant pour Open Theme : time data '06/07/2025, 19:30' does not match format '%d/%m/%Y, %H:%M:%S'
[2025-07-05 22:21:28] Lancement automatique des stratégies de fin pour 3 nouveaux challenges...
[2025-07-05 22:21:28] Nouveau challenge détecté pour bruno: 5 Hours
[2025-07-05 22:21:28] Nouveau challenge détecté pour bruno: Shooting Cool Tones
[2025-07-05 22:21:28] Nouveau challenge détecté pour bruno: Open Theme 
[2025-07-05 22:21:28] Challenges fetched successfully for bruno!
[2025-07-05 22:21:28] Challenges fetching ...
[2025-07-05 22:21:28] Erreur calcul temps restant pour 5 Hours: time data '05/07/2025, 23:35' does not match format '%d/%m/%Y, %H:%M:%S'
[2025-07-05 22:21:28] Erreur calcul temps restant pour Shooting Cool Tones: time data '06/07/2025, 19:10' does not match format '%d/%m/%Y, %H:%M:%S'
[2025-07-05 22:21:28] Erreur calcul temps restant pour Open Theme : time data '06/07/2025, 19:30' does not match format '%d/%m/%Y, %H:%M:%S'
[2025-07-05 22:21:28] Challenges fetched successfully for bruno!
[2025-07-05 22:22:00] Décompte local démarré - mise à jour toutes les 10 secondes
[2025-07-05 22:26:26] Resynchronisation avec le serveur...
[2025-07-05 22:26:26] Fetching challenges...
[2025-07-05 22:26:27] Challenges fetching ...
[2025-07-05 22:26:27] Erreur calcul temps restant pour 5 Hours: time data '05/07/2025, 23:35' does not match format '%d/%m/%Y, %H:%M:%S'
[2025-07-05 22:26:27] Erreur calcul temps restant pour Shooting Cool Tones: time data '06/07/2025, 19:10' does not match format '%d/%m/%Y, %H:%M:%S'
[2025-07-05 22:26:27] Erreur calcul temps restant pour Open Theme : time data '06/07/2025, 19:30' does not match format '%d/%m/%Y, %H:%M:%S'
[2025-07-05 22:26:27] Challenges fetched successfully for bruno!
[2025-07-05 22:31:26] Resynchronisation avec le serveur...
[2025-07-05 22:31:26] Fetching challenges...
[2025-07-05 22:31:27] Challenges fetching ...
[2025-07-05 22:31:27] Erreur calcul temps restant pour 5 Hours: time data '05/07/2025, 23:35' does not match format '%d/%m/%Y, %H:%M:%S'
[2025-07-05 22:31:27] Erreur calcul temps restant pour Shooting Cool Tones: time data '06/07/2025, 19:10' does not match format '%d/%m/%Y, %H:%M:%S'
[2025-07-05 22:31:27] Erreur calcul temps restant pour Open Theme : time data '06/07/2025, 19:30' does not match format '%d/%m/%Y, %H:%M:%S'
[2025-07-05 22:31:27] Challenges fetched successfully for bruno!
[2025-07-05 22:36:26] Resynchronisation avec le serveur...
[2025-07-05 22:36:26] Fetching challenges...
[2025-07-05 22:36:27] Challenges fetching ...
[2025-07-05 22:36:27] Erreur calcul temps restant pour 5 Hours: time data '05/07/2025, 23:35' does not match format '%d/%m/%Y, %H:%M:%S'
[2025-07-05 22:36:27] Erreur calcul temps restant pour Shooting Cool Tones: time data '06/07/2025, 19:10' does not match format '%d/%m/%Y, %H:%M:%S'
[2025-07-05 22:36:27] Erreur calcul temps restant pour Open Theme : time data '06/07/2025, 19:30' does not match format '%d/%m/%Y, %H:%M:%S'
[2025-07-05 22:36:27] Challenges fetched successfully for bruno!
[2025-07-05 22:41:26] Resynchronisation avec le serveur...
[2025-07-05 22:41:26] Fetching challenges...
[2025-07-05 22:41:27] Challenges fetching ...
[2025-07-05 22:41:27] Erreur calcul temps restant pour 5 Hours: time data '05/07/2025, 23:35' does not match format '%d/%m/%Y, %H:%M:%S'
[2025-07-05 22:41:27] Erreur calcul temps restant pour Shooting Cool Tones: time data '06/07/2025, 19:10' does not match format '%d/%m/%Y, %H:%M:%S'
[2025-07-05 22:41:27] Erreur calcul temps restant pour Open Theme : time data '06/07/2025, 19:30' does not match format '%d/%m/%Y, %H:%M:%S'
[2025-07-05 22:41:27] Challenges fetched successfully for bruno!
[2025-07-05 22:42:05] APScheduler arrêté
[2025-07-05 22:43:35] Fetching challenges...
[2025-07-05 22:43:35] Fetch initial des challenges pour initialiser le décompte...
[2025-07-05 22:43:35] Fetching challenges...
[2025-07-05 22:43:35] Décompte programmé à 22:44:00
[2025-07-05 22:43:35] APScheduler démarré avec succès
[2025-07-05 22:43:36] Challenges fetching ...
[2025-07-05 22:43:36] Erreur calcul temps restant pour 5 Hours: time data '05/07/2025, 23:35' does not match format '%d/%m/%Y, %H:%M:%S'
[2025-07-05 22:43:36] Erreur calcul temps restant pour Shooting Cool Tones: time data '06/07/2025, 19:10' does not match format '%d/%m/%Y, %H:%M:%S'
[2025-07-05 22:43:36] Erreur calcul temps restant pour Open Theme : time data '06/07/2025, 19:30' does not match format '%d/%m/%Y, %H:%M:%S'
[2025-07-05 22:43:36] Lancement automatique des stratégies de fin pour 3 nouveaux challenges...
[2025-07-05 22:43:36] Nouveau challenge détecté pour bruno: 5 Hours
[2025-07-05 22:43:36] Nouveau challenge détecté pour bruno: Open Theme 
[2025-07-05 22:43:36] Nouveau challenge détecté pour bruno: Shooting Cool Tones
[2025-07-05 22:43:36] Challenges fetched successfully for bruno!
[2025-07-05 22:43:36] Challenges fetching ...
[2025-07-05 22:43:36] Erreur calcul temps restant pour 5 Hours: time data '05/07/2025, 23:35' does not match format '%d/%m/%Y, %H:%M:%S'
[2025-07-05 22:43:36] Erreur calcul temps restant pour Shooting Cool Tones: time data '06/07/2025, 19:10' does not match format '%d/%m/%Y, %H:%M:%S'
[2025-07-05 22:43:36] Erreur calcul temps restant pour Open Theme : time data '06/07/2025, 19:30' does not match format '%d/%m/%Y, %H:%M:%S'
[2025-07-05 22:43:37] Challenges fetched successfully for bruno!
[2025-07-05 22:43:43] Total: 0 stratégies de timing chargées
[2025-07-05 22:43:43] Aucune stratégie de timing disponible
[2025-07-05 22:44:00] Décompte local démarré - mise à jour toutes les 10 secondes
[2025-07-05 22:47:33] APScheduler arrêté
[2025-07-05 22:47:41] Fetching challenges...
[2025-07-05 22:47:41] Fetch initial des challenges pour initialiser le décompte...
[2025-07-05 22:47:41] Fetching challenges...
[2025-07-05 22:47:41] Décompte programmé à 22:48:00
[2025-07-05 22:47:41] APScheduler démarré avec succès
[2025-07-05 22:47:43] Challenges fetching ...
[2025-07-05 22:47:43] Erreur calcul temps restant pour 5 Hours: time data '05/07/2025, 23:35' does not match format '%d/%m/%Y, %H:%M:%S'
[2025-07-05 22:47:43] Erreur calcul temps restant pour Shooting Cool Tones: time data '06/07/2025, 19:10' does not match format '%d/%m/%Y, %H:%M:%S'
[2025-07-05 22:47:43] Erreur calcul temps restant pour Open Theme : time data '06/07/2025, 19:30' does not match format '%d/%m/%Y, %H:%M:%S'
[2025-07-05 22:47:43] Lancement automatique des stratégies de fin pour 3 nouveaux challenges...
[2025-07-05 22:47:43] Nouveau challenge détecté pour bruno: 5 Hours
[2025-07-05 22:47:43] Nouveau challenge détecté pour bruno: Open Theme 
[2025-07-05 22:47:43] Nouveau challenge détecté pour bruno: Shooting Cool Tones
[2025-07-05 22:47:43] Challenges fetched successfully for bruno!
[2025-07-05 22:47:43] Challenges fetching ...
[2025-07-05 22:47:43] Erreur calcul temps restant pour 5 Hours: time data '05/07/2025, 23:35' does not match format '%d/%m/%Y, %H:%M:%S'
[2025-07-05 22:47:43] Erreur calcul temps restant pour Shooting Cool Tones: time data '06/07/2025, 19:10' does not match format '%d/%m/%Y, %H:%M:%S'
[2025-07-05 22:47:43] Erreur calcul temps restant pour Open Theme : time data '06/07/2025, 19:30' does not match format '%d/%m/%Y, %H:%M:%S'
[2025-07-05 22:47:43] Challenges fetched successfully for bruno!
[2025-07-05 22:47:45] === STRATÉGIES ET JOBS EN COURS ===

📅 JOBS APSCHEDULER PROGRAMMÉS:
--------------------------------------------------
📊 Système | Démarrage du décompte au changement de minute
   ID: initial_countdown
   Prochaine exécution: 05/07/2025 22:48:00

🔍 Nettoyage | Vérification des processus bloqués
   ID: check_stalled_processes
   Prochaine exécution: 05/07/2025 22:48:41

🗑️ Purge | Suppression des challenges fermés
   ID: purge_closed_challenges
   Prochaine exécution: 05/07/2025 22:52:41

🔄 Sync | Synchronisation avec le serveur
   ID: server_sync
   Prochaine exécution: 05/07/2025 22:52:41

⚙️ PROCESSUS LEGACY:
--------------------------------------------------
🔄 Processus: film-noir27-vote-70-left-0H:4M: waiting
🔄 Processus: film-noir27-vote-35-left-0H:3M: waiting
🔄 Processus: film-noir27-vote-35-left-0H:2M: waiting
🔄 Processus: film-noir27-vote-35-left-0H:1M: waiting
🔄 Processus: film-noir27-vote-35-left-0H:0M: waiting

============================================================

[2025-07-05 22:48:00] Décompte local démarré - mise à jour toutes les 10 secondes
[2025-07-05 22:52:44] Resynchronisation avec le serveur...
[2025-07-05 22:52:44] Fetching challenges...
[2025-07-05 22:52:45] Challenges fetching ...
[2025-07-05 22:52:45] Erreur calcul temps restant pour 5 Hours: time data '05/07/2025, 23:35' does not match format '%d/%m/%Y, %H:%M:%S'
[2025-07-05 22:52:45] Erreur calcul temps restant pour Shooting Cool Tones: time data '06/07/2025, 19:10' does not match format '%d/%m/%Y, %H:%M:%S'
[2025-07-05 22:52:45] Erreur calcul temps restant pour Open Theme : time data '06/07/2025, 19:30' does not match format '%d/%m/%Y, %H:%M:%S'
[2025-07-05 22:52:45] Challenges fetched successfully for bruno!
[2025-07-05 22:53:13] Fetching challenges...
[2025-07-05 22:53:13] Fetch initial des challenges pour initialiser le décompte...
[2025-07-05 22:53:13] Fetching challenges...
[2025-07-05 22:53:13] Décompte programmé à 22:54:00
[2025-07-05 22:53:13] APScheduler démarré avec succès
[2025-07-05 22:53:14] Challenges fetching ...
[2025-07-05 22:53:14] Erreur calcul temps restant pour 5 Hours: time data '05/07/2025, 23:35' does not match format '%d/%m/%Y, %H:%M:%S'
[2025-07-05 22:53:14] Erreur calcul temps restant pour Shooting Cool Tones: time data '06/07/2025, 19:10' does not match format '%d/%m/%Y, %H:%M:%S'
[2025-07-05 22:53:14] Erreur calcul temps restant pour Open Theme : time data '06/07/2025, 19:30' does not match format '%d/%m/%Y, %H:%M:%S'
[2025-07-05 22:53:14] Lancement automatique des stratégies de fin pour 3 nouveaux challenges...
[2025-07-05 22:53:14] Nouveau challenge détecté pour bruno: 5 Hours
[2025-07-05 22:53:14] Nouveau challenge détecté pour bruno: Open Theme 
[2025-07-05 22:53:14] Nouveau challenge détecté pour bruno: Shooting Cool Tones
[2025-07-05 22:53:14] Challenges fetched successfully for bruno!
[2025-07-05 22:53:14] Challenges fetching ...
[2025-07-05 22:53:14] Erreur calcul temps restant pour 5 Hours: time data '05/07/2025, 23:35' does not match format '%d/%m/%Y, %H:%M:%S'
[2025-07-05 22:53:14] Erreur calcul temps restant pour Shooting Cool Tones: time data '06/07/2025, 19:10' does not match format '%d/%m/%Y, %H:%M:%S'
[2025-07-05 22:53:14] Erreur calcul temps restant pour Open Theme : time data '06/07/2025, 19:30' does not match format '%d/%m/%Y, %H:%M:%S'
[2025-07-05 22:53:14] Challenges fetched successfully for bruno!
[2025-07-05 22:53:17] === STRATÉGIES ET JOBS EN COURS ===

📅 JOBS APSCHEDULER PROGRAMMÉS:
--------------------------------------------------
📊 Système | Démarrage du décompte au changement de minute
   ID: initial_countdown
   Prochaine exécution: 05/07/2025 22:54:00

🔍 Nettoyage | Vérification des processus bloqués
   ID: check_stalled_processes
   Prochaine exécution: 05/07/2025 22:54:13

🗑️ Purge | Suppression des challenges fermés
   ID: purge_closed_challenges
   Prochaine exécution: 05/07/2025 22:58:13

🔄 Sync | Synchronisation avec le serveur
   ID: server_sync
   Prochaine exécution: 05/07/2025 22:58:13

⚙️ PROCESSUS LEGACY:
--------------------------------------------------
🔄 Processus: film-noir27-vote-70-left-0H:4M: waiting
🔄 Processus: film-noir27-vote-35-left-0H:3M: waiting
🔄 Processus: film-noir27-vote-35-left-0H:2M: waiting
🔄 Processus: film-noir27-vote-35-left-0H:1M: waiting
🔄 Processus: film-noir27-vote-35-left-0H:0M: waiting

============================================================

[2025-07-05 22:53:20] Aucun challenge sélectionné
[2025-07-05 22:54:00] Décompte local démarré - mise à jour toutes les 10 secondes
[2025-07-05 22:57:21] APScheduler arrêté
[2025-07-05 22:57:34] Fetching challenges...
[2025-07-05 22:57:34] Fetch initial des challenges pour initialiser le décompte...
[2025-07-05 22:57:34] Fetching challenges...
[2025-07-05 22:57:34] Décompte programmé à 22:58:00
[2025-07-05 22:57:34] APScheduler démarré avec succès
[2025-07-05 22:57:36] Challenges fetching ...
[2025-07-05 22:57:36] Erreur calcul temps restant pour 5 Hours: time data '05/07/2025, 23:35' does not match format '%d/%m/%Y, %H:%M:%S'
[2025-07-05 22:57:36] Erreur calcul temps restant pour Shooting Cool Tones: time data '06/07/2025, 19:10' does not match format '%d/%m/%Y, %H:%M:%S'
[2025-07-05 22:57:36] Erreur calcul temps restant pour Open Theme : time data '06/07/2025, 19:30' does not match format '%d/%m/%Y, %H:%M:%S'
[2025-07-05 22:57:36] Lancement automatique des stratégies de fin pour 3 nouveaux challenges...
[2025-07-05 22:57:36] Nouveau challenge détecté pour bruno: 5 Hours
[2025-07-05 22:57:36] Nouveau challenge détecté pour bruno: Open Theme 
[2025-07-05 22:57:36] Nouveau challenge détecté pour bruno: Shooting Cool Tones
[2025-07-05 22:57:36] Challenges fetched successfully for bruno!
[2025-07-05 22:57:36] Challenges fetching ...
[2025-07-05 22:57:36] Erreur calcul temps restant pour 5 Hours: time data '05/07/2025, 23:35' does not match format '%d/%m/%Y, %H:%M:%S'
[2025-07-05 22:57:36] Erreur calcul temps restant pour Shooting Cool Tones: time data '06/07/2025, 19:10' does not match format '%d/%m/%Y, %H:%M:%S'
[2025-07-05 22:57:36] Erreur calcul temps restant pour Open Theme : time data '06/07/2025, 19:30' does not match format '%d/%m/%Y, %H:%M:%S'
[2025-07-05 22:57:36] Challenges fetched successfully for bruno!
[2025-07-05 22:57:40] Aucun challenge sélectionné
[2025-07-05 22:57:42] === STRATÉGIES ET JOBS EN COURS ===

📅 JOBS APSCHEDULER PROGRAMMÉS:
--------------------------------------------------
📊 Système | Démarrage du décompte au changement de minute
   ID: initial_countdown
   Prochaine exécution: 05/07/2025 22:58:00

🔍 Nettoyage | Vérification des processus bloqués
   ID: check_stalled_processes
   Prochaine exécution: 05/07/2025 22:58:34

🗑️ Purge | Suppression des challenges fermés
   ID: purge_closed_challenges
   Prochaine exécution: 05/07/2025 23:02:34

🔄 Sync | Synchronisation avec le serveur
   ID: server_sync
   Prochaine exécution: 05/07/2025 23:02:34

⚙️ PROCESSUS LEGACY:
--------------------------------------------------
🔄 Processus: film-noir27-vote-70-left-0H:4M: waiting
🔄 Processus: film-noir27-vote-35-left-0H:3M: waiting
🔄 Processus: film-noir27-vote-35-left-0H:2M: waiting
🔄 Processus: film-noir27-vote-35-left-0H:1M: waiting
🔄 Processus: film-noir27-vote-35-left-0H:0M: waiting

============================================================

[2025-07-05 22:57:45]    🔥 📊 Système supprimé: Démarrage du décompte au changement de minute (ID: initial_countdown)
[2025-07-05 22:57:45]    🔥 🔍 Nettoyage supprimé: Vérification des processus bloqués (ID: check_stalled_processes)
[2025-07-05 22:57:45]    🔥 🗑️ Purge supprimé: Suppression des challenges fermés (ID: purge_closed_challenges)
[2025-07-05 22:57:45]    🔥 🔄 Sync supprimé: Synchronisation avec le serveur (ID: server_sync)
[2025-07-05 22:57:45] Processus supprimé pour bruno: film-noir27-vote-70-left-0H:4M - stopped
[2025-07-05 22:57:45] Processus mis à jour pour bruno: film-noir27-vote-70-left-0H:4M - stopped
[2025-07-05 22:57:45]    🔄 Processus legacy arrêté: film-noir27-vote-70-left-0H:4M
[2025-07-05 22:57:45] Processus supprimé pour bruno: film-noir27-vote-35-left-0H:3M - stopped
[2025-07-05 22:57:45] Processus mis à jour pour bruno: film-noir27-vote-35-left-0H:3M - stopped
[2025-07-05 22:57:45]    🔄 Processus legacy arrêté: film-noir27-vote-35-left-0H:3M
[2025-07-05 22:57:45] Processus supprimé pour bruno: film-noir27-vote-35-left-0H:2M - stopped
[2025-07-05 22:57:45] Processus mis à jour pour bruno: film-noir27-vote-35-left-0H:2M - stopped
[2025-07-05 22:57:45]    🔄 Processus legacy arrêté: film-noir27-vote-35-left-0H:2M
[2025-07-05 22:57:45] Processus supprimé pour bruno: film-noir27-vote-35-left-0H:1M - stopped
[2025-07-05 22:57:45] Processus mis à jour pour bruno: film-noir27-vote-35-left-0H:1M - stopped
[2025-07-05 22:57:45]    🔄 Processus legacy arrêté: film-noir27-vote-35-left-0H:1M
[2025-07-05 22:57:45] Processus supprimé pour bruno: film-noir27-vote-35-left-0H:0M - stopped
[2025-07-05 22:57:45] Processus mis à jour pour bruno: film-noir27-vote-35-left-0H:0M - stopped
[2025-07-05 22:57:45]    🔄 Processus legacy arrêté: film-noir27-vote-35-left-0H:0M
[2025-07-05 22:57:45] === 🛑 PURGE COMPLÈTE DE TOUS LES JOBS ===

⚠️  ATTENTION: Suppression de TOUS les jobs APScheduler!
    (votes, décompte, sync, nettoyage, etc.)

🗑️ TOUS les jobs APScheduler supprimés: 4
🔄 Processus legacy arrêtés: 5

📊 RÉSUMÉ FINAL:
   • TOUS les jobs APScheduler supprimés: 4
   • Processus legacy arrêtés: 5

🔥 PURGE COMPLÈTE TERMINÉE !
⚠️  TOUS les jobs ont été supprimés !
💡 Il faudra redémarrer l'application pour réactiver les jobs système.

[2025-07-05 22:58:04] Aucun challenge sélectionné
[2025-07-05 22:58:08] === STRATÉGIES ET JOBS EN COURS ===

📅 JOBS APSCHEDULER PROGRAMMÉS:
--------------------------------------------------
Aucun job programmé.

⚙️ PROCESSUS LEGACY:
--------------------------------------------------
Aucun processus legacy en cours.

============================================================

[2025-07-05 22:58:18] Total: 0 stratégies de timing chargées
[2025-07-05 22:58:18] Aucune stratégie de timing disponible
[2025-07-05 22:58:25] === STRATÉGIES ET JOBS EN COURS ===

📅 JOBS APSCHEDULER PROGRAMMÉS:
--------------------------------------------------
Aucun job programmé.

⚙️ PROCESSUS LEGACY:
--------------------------------------------------
Aucun processus legacy en cours.

============================================================

[2025-07-05 22:58:34] Refreshing challenges...
[2025-07-05 22:58:34] Fetching challenges...
[2025-07-05 22:58:34] Challenges fetching ...
[2025-07-05 22:58:34] Erreur calcul temps restant pour 5 Hours: time data '05/07/2025, 23:35' does not match format '%d/%m/%Y, %H:%M:%S'
[2025-07-05 22:58:34] Erreur calcul temps restant pour Shooting Cool Tones: time data '06/07/2025, 19:10' does not match format '%d/%m/%Y, %H:%M:%S'
[2025-07-05 22:58:34] Erreur calcul temps restant pour Open Theme : time data '06/07/2025, 19:30' does not match format '%d/%m/%Y, %H:%M:%S'
[2025-07-05 22:58:34] Challenges fetched successfully for bruno!
[2025-07-05 22:58:37] Refresh automatique désactivé
[2025-07-05 22:58:42] APScheduler arrêté
[2025-07-05 22:59:03] Fetching challenges...
[2025-07-05 22:59:03] Fetch initial des challenges pour initialiser le décompte...
[2025-07-05 22:59:03] Fetching challenges...
[2025-07-05 22:59:03] Décompte programmé à 23:00:00
[2025-07-05 22:59:03] APScheduler démarré avec succès
[2025-07-05 22:59:04] Challenges fetching ...
[2025-07-05 22:59:04] Erreur calcul temps restant pour 5 Hours: time data '05/07/2025, 23:35' does not match format '%d/%m/%Y, %H:%M:%S'
[2025-07-05 22:59:04] Erreur calcul temps restant pour Shooting Cool Tones: time data '06/07/2025, 19:10' does not match format '%d/%m/%Y, %H:%M:%S'
[2025-07-05 22:59:04] Erreur calcul temps restant pour Open Theme : time data '06/07/2025, 19:30' does not match format '%d/%m/%Y, %H:%M:%S'
[2025-07-05 22:59:04] Lancement automatique des stratégies de fin pour 3 nouveaux challenges...
[2025-07-05 22:59:04] Nouveau challenge détecté pour bruno: 5 Hours
[2025-07-05 22:59:04] Nouveau challenge détecté pour bruno: Open Theme 
[2025-07-05 22:59:04] Nouveau challenge détecté pour bruno: Shooting Cool Tones
[2025-07-05 22:59:04] Challenges fetched successfully for bruno!
[2025-07-05 22:59:04] Challenges fetching ...
[2025-07-05 22:59:04] Erreur calcul temps restant pour 5 Hours: time data '05/07/2025, 23:35' does not match format '%d/%m/%Y, %H:%M:%S'
[2025-07-05 22:59:04] Erreur calcul temps restant pour Shooting Cool Tones: time data '06/07/2025, 19:10' does not match format '%d/%m/%Y, %H:%M:%S'
[2025-07-05 22:59:04] Erreur calcul temps restant pour Open Theme : time data '06/07/2025, 19:30' does not match format '%d/%m/%Y, %H:%M:%S'
[2025-07-05 22:59:04] Challenges fetched successfully for bruno!
[2025-07-05 22:59:19] === STRATÉGIES ET JOBS EN COURS ===

📅 JOBS APSCHEDULER PROGRAMMÉS:
--------------------------------------------------
📊 Système | Démarrage du décompte au changement de minute
   ID: initial_countdown
   Prochaine exécution: 05/07/2025 23:00:00

🔍 Nettoyage | Vérification des processus bloqués
   ID: check_stalled_processes
   Prochaine exécution: 05/07/2025 23:00:03

🗑️ Purge | Suppression des challenges fermés
   ID: purge_closed_challenges
   Prochaine exécution: 05/07/2025 23:04:03

🔄 Sync | Synchronisation avec le serveur
   ID: server_sync
   Prochaine exécution: 05/07/2025 23:04:03

⚙️ PROCESSUS LEGACY:
--------------------------------------------------
Aucun processus legacy en cours.

============================================================

[2025-07-05 23:00:00] Décompte local démarré - mise à jour toutes les 10 secondes
[2025-07-05 23:01:14] Fetching challenges...
[2025-07-05 23:01:14] Fetch initial des challenges pour initialiser le décompte...
[2025-07-05 23:01:14] Fetching challenges...
[2025-07-05 23:01:14] Décompte programmé à 23:02:00
[2025-07-05 23:01:14] APScheduler démarré avec succès
[2025-07-05 23:01:19] Challenges fetching ...
[2025-07-05 23:06:14] Resynchronisation avec le serveur...
[2025-07-05 23:10:22] Fetching challenges...
[2025-07-05 23:10:22] Fetch initial des challenges pour initialiser le décompte...
[2025-07-05 23:10:22] Fetching challenges...
[2025-07-05 23:10:22] Décompte programmé à 23:11:00
[2025-07-05 23:10:22] APScheduler démarré avec succès
[2025-07-05 23:10:30] Challenges fetching ...
[2025-07-05 23:10:30] Erreur calcul temps restant pour 5 Hours: time data '05/07/2025, 23:35' does not match format '%d/%m/%Y, %H:%M:%S'
[2025-07-05 23:10:30] Erreur calcul temps restant pour Shooting Cool Tones: time data '06/07/2025, 19:10' does not match format '%d/%m/%Y, %H:%M:%S'
[2025-07-05 23:10:30] Erreur calcul temps restant pour Open Theme : time data '06/07/2025, 19:30' does not match format '%d/%m/%Y, %H:%M:%S'
[2025-07-05 23:10:35] Lancement automatique des stratégies de fin pour 3 nouveaux challenges...
[2025-07-05 23:10:35] Nouveau challenge détecté pour bruno: Open Theme 
[2025-07-05 23:10:35] Nouveau challenge détecté pour bruno: 5 Hours
[2025-07-05 23:10:35] Nouveau challenge détecté pour bruno: Shooting Cool Tones
[2025-07-05 23:10:35] Challenges fetched successfully for bruno!
[2025-07-05 23:10:35] Challenges fetching ...
[2025-07-05 23:10:35] Erreur calcul temps restant pour 5 Hours: time data '05/07/2025, 23:35' does not match format '%d/%m/%Y, %H:%M:%S'
[2025-07-05 23:10:35] Erreur calcul temps restant pour Shooting Cool Tones: time data '06/07/2025, 19:10' does not match format '%d/%m/%Y, %H:%M:%S'
[2025-07-05 23:10:35] Erreur calcul temps restant pour Open Theme : time data '06/07/2025, 19:30' does not match format '%d/%m/%Y, %H:%M:%S'
[2025-07-05 23:10:35] Challenges fetched successfully for bruno!
[2025-07-05 23:11:06] Décompte local démarré - mise à jour toutes les 10 secondes
[2025-07-05 23:15:23] Resynchronisation avec le serveur...
[2025-07-05 23:15:23] Fetching challenges...
[2025-07-05 23:15:24] Challenges fetching ...
[2025-07-05 23:15:24] Erreur calcul temps restant pour 5 Hours: time data '05/07/2025, 23:35' does not match format '%d/%m/%Y, %H:%M:%S'
[2025-07-05 23:15:24] Erreur calcul temps restant pour Shooting Cool Tones: time data '06/07/2025, 19:10' does not match format '%d/%m/%Y, %H:%M:%S'
[2025-07-05 23:15:24] Erreur calcul temps restant pour Open Theme : time data '06/07/2025, 19:30' does not match format '%d/%m/%Y, %H:%M:%S'
[2025-07-05 23:15:24] Challenges fetched successfully for bruno!
[2025-07-05 23:23:23] Fetching challenges...
[2025-07-05 23:23:23] Fetch initial des challenges pour initialiser le décompte...
[2025-07-05 23:23:23] Fetching challenges...
[2025-07-05 23:23:23] Décompte programmé à 23:24:00
[2025-07-05 23:23:23] APScheduler démarré avec succès
[2025-07-05 23:23:25] Challenges fetching ...
[2025-07-05 23:23:25] Erreur calcul temps restant pour 5 Hours: time data '05/07/2025, 23:35' does not match format '%d/%m/%Y, %H:%M:%S'
[2025-07-05 23:23:25] Erreur calcul temps restant pour Shooting Cool Tones: time data '06/07/2025, 19:10' does not match format '%d/%m/%Y, %H:%M:%S'
[2025-07-05 23:23:25] Erreur calcul temps restant pour Open Theme : time data '06/07/2025, 19:30' does not match format '%d/%m/%Y, %H:%M:%S'
[2025-07-05 23:23:25] Lancement automatique des stratégies de fin pour 3 nouveaux challenges...
[2025-07-05 23:23:25] Nouveau challenge détecté pour bruno: Open Theme 
[2025-07-05 23:23:25] Nouveau challenge détecté pour bruno: 5 Hours
[2025-07-05 23:23:25] Nouveau challenge détecté pour bruno: Shooting Cool Tones
[2025-07-05 23:23:25] Challenges fetched successfully for bruno!
[2025-07-05 23:23:26] Challenges fetching ...
[2025-07-05 23:23:26] Erreur calcul temps restant pour 5 Hours: time data '05/07/2025, 23:35' does not match format '%d/%m/%Y, %H:%M:%S'
[2025-07-05 23:23:26] Erreur calcul temps restant pour Shooting Cool Tones: time data '06/07/2025, 19:10' does not match format '%d/%m/%Y, %H:%M:%S'
[2025-07-05 23:23:26] Erreur calcul temps restant pour Open Theme : time data '06/07/2025, 19:30' does not match format '%d/%m/%Y, %H:%M:%S'
[2025-07-05 23:23:26] Challenges fetched successfully for bruno!
[2025-07-05 23:23:42] Total: 0 stratégies de timing chargées
[2025-07-05 23:23:42] Aucune stratégie de timing disponible
[2025-07-05 23:23:57] === STRATÉGIES ET JOBS EN COURS ===

📅 JOBS APSCHEDULER PROGRAMMÉS:
--------------------------------------------------
📊 Système | Démarrage du décompte au changement de minute
   ID: initial_countdown
   Prochaine exécution: 05/07/2025 23:24:00

🔍 Nettoyage | Vérification des processus bloqués
   ID: check_stalled_processes
   Prochaine exécution: 05/07/2025 23:24:23

🗑️ Purge | Suppression des challenges fermés
   ID: purge_closed_challenges
   Prochaine exécution: 05/07/2025 23:28:23

🔄 Sync | Synchronisation avec le serveur
   ID: server_sync
   Prochaine exécution: 05/07/2025 23:28:23

⚙️ PROCESSUS LEGACY:
--------------------------------------------------
Aucun processus legacy en cours.

============================================================

[2025-07-05 23:27:35] Décompte local démarré - mise à jour toutes les 10 secondes
[2025-07-05 23:28:23] Resynchronisation avec le serveur...
[2025-07-05 23:28:23] Fetching challenges...
[2025-07-05 23:28:24] Challenges fetching ...
[2025-07-05 23:28:24] Erreur calcul temps restant pour 5 Hours: time data '05/07/2025, 23:35' does not match format '%d/%m/%Y, %H:%M:%S'
[2025-07-05 23:28:24] Erreur calcul temps restant pour Shooting Cool Tones: time data '06/07/2025, 19:10' does not match format '%d/%m/%Y, %H:%M:%S'
[2025-07-05 23:28:24] Erreur calcul temps restant pour Open Theme : time data '06/07/2025, 19:30' does not match format '%d/%m/%Y, %H:%M:%S'
[2025-07-05 23:28:24] Challenges fetched successfully for bruno!
[2025-07-05 23:29:20] Refreshing challenges...
[2025-07-05 23:29:20] Fetching challenges...
[2025-07-05 23:29:21] Challenges fetching ...
[2025-07-05 23:29:21] Erreur calcul temps restant pour 5 Hours: time data '05/07/2025, 23:35' does not match format '%d/%m/%Y, %H:%M:%S'
[2025-07-05 23:29:21] Erreur calcul temps restant pour Shooting Cool Tones: time data '06/07/2025, 19:10' does not match format '%d/%m/%Y, %H:%M:%S'
[2025-07-05 23:29:21] Erreur calcul temps restant pour Open Theme : time data '06/07/2025, 19:30' does not match format '%d/%m/%Y, %H:%M:%S'
[2025-07-05 23:29:21] Challenges fetched successfully for bruno!
[2025-07-05 23:29:29] Refreshing challenges...
[2025-07-05 23:29:29] Fetching challenges...
[2025-07-05 23:29:30] Challenges fetching ...
[2025-07-05 23:29:30] Erreur calcul temps restant pour 5 Hours: time data '05/07/2025, 23:35' does not match format '%d/%m/%Y, %H:%M:%S'
[2025-07-05 23:29:30] Erreur calcul temps restant pour Shooting Cool Tones: time data '06/07/2025, 19:10' does not match format '%d/%m/%Y, %H:%M:%S'
[2025-07-05 23:29:30] Erreur calcul temps restant pour Open Theme : time data '06/07/2025, 19:30' does not match format '%d/%m/%Y, %H:%M:%S'
[2025-07-05 23:29:30] Challenges fetched successfully for bruno!
[2025-07-05 23:33:33] Resynchronisation avec le serveur...
[2025-07-05 23:36:48] Fetching challenges...
[2025-07-05 23:36:48] Fetch initial des challenges pour initialiser le décompte...
[2025-07-05 23:36:48] Fetching challenges...
[2025-07-05 23:36:48] Décompte programmé à 23:37:00
[2025-07-05 23:36:48] APScheduler démarré avec succès
[2025-07-05 23:36:49] Challenges fetching ...
[2025-07-05 23:36:49] Erreur calcul temps restant pour 5 Hours: time data '05/07/2025, 23:35' does not match format '%d/%m/%Y, %H:%M:%S'
[2025-07-05 23:36:49] Erreur calcul temps restant pour Shooting Cool Tones: time data '06/07/2025, 19:10' does not match format '%d/%m/%Y, %H:%M:%S'
[2025-07-05 23:36:49] Erreur calcul temps restant pour Open Theme : time data '06/07/2025, 19:30' does not match format '%d/%m/%Y, %H:%M:%S'
[2025-07-05 23:36:49] Lancement automatique des stratégies de fin pour 3 nouveaux challenges...
[2025-07-05 23:36:49] Nouveau challenge détecté pour bruno: 5 Hours
[2025-07-05 23:36:49] Nouveau challenge détecté pour bruno: Shooting Cool Tones
[2025-07-05 23:36:49] Nouveau challenge détecté pour bruno: Open Theme 
[2025-07-05 23:36:49] Challenges fetched successfully for bruno!
[2025-07-05 23:36:49] Challenges fetching ...
[2025-07-05 23:36:49] Erreur calcul temps restant pour 5 Hours: time data '05/07/2025, 23:35' does not match format '%d/%m/%Y, %H:%M:%S'
[2025-07-05 23:36:49] Erreur calcul temps restant pour Shooting Cool Tones: time data '06/07/2025, 19:10' does not match format '%d/%m/%Y, %H:%M:%S'
[2025-07-05 23:36:49] Erreur calcul temps restant pour Open Theme : time data '06/07/2025, 19:30' does not match format '%d/%m/%Y, %H:%M:%S'
[2025-07-05 23:36:49] Challenges fetched successfully for bruno!
[2025-07-05 23:37:00] Décompte local démarré - mise à jour toutes les 10 secondes
[2025-07-05 23:38:27] Refreshing challenges...
[2025-07-05 23:38:27] Fetching challenges...
[2025-07-05 23:38:27] Challenges fetching ...
[2025-07-05 23:38:27] Erreur calcul temps restant pour 5 Hours: time data '05/07/2025, 23:35' does not match format '%d/%m/%Y, %H:%M:%S'
[2025-07-05 23:38:27] Erreur calcul temps restant pour Shooting Cool Tones: time data '06/07/2025, 19:10' does not match format '%d/%m/%Y, %H:%M:%S'
[2025-07-05 23:38:27] Erreur calcul temps restant pour Open Theme : time data '06/07/2025, 19:30' does not match format '%d/%m/%Y, %H:%M:%S'
[2025-07-05 23:38:28] Challenges fetched successfully for bruno!
[2025-07-05 23:40:43] Fetching challenges...
[2025-07-05 23:40:43] Fetch initial des challenges pour initialiser le décompte...
[2025-07-05 23:40:43] Fetching challenges...
[2025-07-05 23:40:43] Décompte programmé à 23:41:00
[2025-07-05 23:40:43] APScheduler démarré avec succès
[2025-07-05 23:40:44] Challenges fetching ...
[2025-07-05 23:40:44] Erreur calcul temps restant pour Shooting Cool Tones: time data '06/07/2025, 19:10' does not match format '%d/%m/%Y, %H:%M:%S'
[2025-07-05 23:40:44] Erreur calcul temps restant pour Open Theme : time data '06/07/2025, 19:30' does not match format '%d/%m/%Y, %H:%M:%S'
[2025-07-05 23:40:44] Lancement automatique des stratégies de fin pour 2 nouveaux challenges...
[2025-07-05 23:40:44] Nouveau challenge détecté pour bruno: Open Theme 
[2025-07-05 23:40:44] Nouveau challenge détecté pour bruno: Shooting Cool Tones
[2025-07-05 23:40:44] Challenges fetched successfully for bruno!
[2025-07-05 23:40:44] Challenges fetching ...
[2025-07-05 23:40:44] Erreur calcul temps restant pour Shooting Cool Tones: time data '06/07/2025, 19:10' does not match format '%d/%m/%Y, %H:%M:%S'
[2025-07-05 23:40:44] Erreur calcul temps restant pour Open Theme : time data '06/07/2025, 19:30' does not match format '%d/%m/%Y, %H:%M:%S'
[2025-07-05 23:40:44] Challenges fetched successfully for bruno!
[2025-07-05 23:41:00] Décompte local démarré - mise à jour toutes les 10 secondes
[2025-07-05 23:41:15] Refreshing challenges...
[2025-07-05 23:41:15] Fetching challenges...
[2025-07-05 23:41:16] Challenges fetching ...
[2025-07-05 23:41:16] Erreur calcul temps restant pour Shooting Cool Tones: time data '06/07/2025, 19:10' does not match format '%d/%m/%Y, %H:%M:%S'
[2025-07-05 23:41:16] Erreur calcul temps restant pour Open Theme : time data '06/07/2025, 19:30' does not match format '%d/%m/%Y, %H:%M:%S'
[2025-07-05 23:41:16] Challenges fetched successfully for bruno!
[2025-07-05 23:41:17] Refreshing challenges...
[2025-07-05 23:41:17] Fetching challenges...
[2025-07-05 23:41:17] Challenges fetching ...
[2025-07-05 23:41:17] Erreur calcul temps restant pour Shooting Cool Tones: time data '06/07/2025, 19:10' does not match format '%d/%m/%Y, %H:%M:%S'
[2025-07-05 23:41:17] Erreur calcul temps restant pour Open Theme : time data '06/07/2025, 19:30' does not match format '%d/%m/%Y, %H:%M:%S'
[2025-07-05 23:41:17] Challenges fetched successfully for bruno!
[2025-07-05 23:41:27] Refreshing challenges...
[2025-07-05 23:41:27] Fetching challenges...
[2025-07-05 23:41:28] Challenges fetching ...
[2025-07-05 23:41:28] Erreur calcul temps restant pour Shooting Cool Tones: time data '06/07/2025, 19:10' does not match format '%d/%m/%Y, %H:%M:%S'
[2025-07-05 23:41:28] Erreur calcul temps restant pour Open Theme : time data '06/07/2025, 19:30' does not match format '%d/%m/%Y, %H:%M:%S'
[2025-07-05 23:41:28] Challenges fetched successfully for bruno!
[2025-07-05 23:45:43] Resynchronisation avec le serveur...
[2025-07-05 23:45:43] Fetching challenges...
[2025-07-05 23:45:44] Challenges fetching ...
[2025-07-05 23:45:44] Erreur calcul temps restant pour Shooting Cool Tones: time data '06/07/2025, 19:10' does not match format '%d/%m/%Y, %H:%M:%S'
[2025-07-05 23:45:44] Erreur calcul temps restant pour Open Theme : time data '06/07/2025, 19:30' does not match format '%d/%m/%Y, %H:%M:%S'
[2025-07-05 23:45:44] Challenges fetched successfully for bruno!
[2025-07-05 23:48:34] Fetching challenges...
[2025-07-05 23:48:34] Fetch initial des challenges pour initialiser le décompte...
[2025-07-05 23:48:34] Fetching challenges...
[2025-07-05 23:48:34] Décompte programmé à 23:49:00
[2025-07-05 23:48:34] APScheduler démarré avec succès
[2025-07-05 23:48:36] Challenges fetching ...
[2025-07-05 23:48:36] Erreur calcul temps restant pour Shooting Cool Tones: time data '06/07/2025, 19:10' does not match format '%d/%m/%Y, %H:%M:%S'
[2025-07-05 23:48:36] Erreur calcul temps restant pour Open Theme : time data '06/07/2025, 19:30' does not match format '%d/%m/%Y, %H:%M:%S'
[2025-07-05 23:48:36] Lancement automatique des stratégies de fin pour 2 nouveaux challenges...
[2025-07-05 23:48:36] Nouveau challenge détecté pour bruno: Open Theme 
[2025-07-05 23:48:36] Nouveau challenge détecté pour bruno: Shooting Cool Tones
[2025-07-05 23:48:36] Challenges fetched successfully for bruno!
[2025-07-05 23:48:37] Challenges fetching ...
[2025-07-05 23:48:37] Erreur calcul temps restant pour Shooting Cool Tones: time data '06/07/2025, 19:10' does not match format '%d/%m/%Y, %H:%M:%S'
[2025-07-05 23:48:37] Erreur calcul temps restant pour Open Theme : time data '06/07/2025, 19:30' does not match format '%d/%m/%Y, %H:%M:%S'
[2025-07-05 23:48:37] Challenges fetched successfully for bruno!
[2025-07-05 23:48:40] Refreshing challenges...
[2025-07-05 23:48:40] Fetching challenges...
[2025-07-05 23:48:40] Challenges fetching ...
[2025-07-05 23:48:40] Erreur calcul temps restant pour Shooting Cool Tones: time data '06/07/2025, 19:10' does not match format '%d/%m/%Y, %H:%M:%S'
[2025-07-05 23:48:40] Erreur calcul temps restant pour Open Theme : time data '06/07/2025, 19:30' does not match format '%d/%m/%Y, %H:%M:%S'
[2025-07-05 23:48:40] Challenges fetched successfully for bruno!
[2025-07-05 23:49:00] Décompte local démarré - mise à jour toutes les 10 secondes
[2025-07-05 23:53:40] Resynchronisation avec le serveur...
[2025-07-05 23:53:40] Fetching challenges...
[2025-07-05 23:53:40] Challenges fetching ...
[2025-07-05 23:53:40] Erreur calcul temps restant pour Shooting Cool Tones: time data '06/07/2025, 19:10' does not match format '%d/%m/%Y, %H:%M:%S'
[2025-07-05 23:53:40] Erreur calcul temps restant pour Open Theme : time data '06/07/2025, 19:30' does not match format '%d/%m/%Y, %H:%M:%S'
[2025-07-05 23:53:40] Challenges fetched successfully for bruno!
[2025-07-05 23:58:34] Resynchronisation avec le serveur...
[2025-07-05 23:58:34] Fetching challenges...
[2025-07-05 23:58:35] Challenges fetching ...
[2025-07-05 23:58:35] Erreur calcul temps restant pour Shooting Cool Tones: time data '06/07/2025, 19:10' does not match format '%d/%m/%Y, %H:%M:%S'
[2025-07-05 23:58:35] Erreur calcul temps restant pour Open Theme : time data '06/07/2025, 19:30' does not match format '%d/%m/%Y, %H:%M:%S'
[2025-07-05 23:58:35] Challenges fetched successfully for bruno!
