[2025-06-12 00:13:40] Refreshing challenges...
[2025-06-12 00:13:40] Fetching challenges...
[2025-06-12 00:13:41] Challenges fetching ...
[2025-06-12 00:13:41] Lancement automatique des stratégies de fin pour 7 nouveaux challenges...
[2025-06-12 00:13:41] Nouveau challenge détecté pour pascale: Closed
[2025-06-12 00:13:41] Nouveau challenge détecté pour pascale: Unforgettable Moments
[2025-06-12 00:13:41] Nouveau challenge détecté pour pascale: 3 Forms of Water
[2025-06-12 00:13:41] Nouveau challenge détecté pour pascale: Green Everywhere
[2025-06-12 00:13:41] Nouveau challenge détecté pour pascale: City Creatures
[2025-06-12 00:13:41] Nouveau challenge détecté pour pascale: Top Photographer
[2025-06-12 00:13:41] Nouveau challenge détecté pour pascale: 500 Guru's Picks
[2025-06-12 00:13:41] Challenges fetched successfully for pascale!
[2025-06-12 00:13:43] Refreshing challenges...
[2025-06-12 00:13:43] Fetching challenges...
[2025-06-12 00:13:44] Challenges fetching ...
[2025-06-12 00:13:44] Challenges fetched successfully for pascale!
[2025-06-12 00:13:45] Sélection de tous les challenges

[2025-06-12 00:13:47] Traveling The World get vote panel
[2025-06-12 00:13:47] Unforgettable Moments get vote panel
[2025-06-12 00:13:47] City Creatures get vote panel
[2025-06-12 00:13:47] Best of Black & White get vote panel
[2025-06-12 00:13:47] Green Everywhere get vote panel
[2025-06-12 00:13:47] My Exhibition Shot get vote panel
[2025-06-12 00:13:47] 500 Guru's Picks get vote panel
[2025-06-12 00:13:47] Photography Sessions get vote panel
[2025-06-12 00:13:47] Closed get vote panel
[2025-06-12 00:13:47] Solo - Single Subject get vote panel
[2025-06-12 00:13:47] I Don't Like It get vote panel
[2025-06-12 00:13:47] Guru of The Week get vote panel
[2025-06-12 00:13:47] Top Photographer get vote panel
[2025-06-12 00:13:47] Photographer of the Week get vote panel
[2025-06-12 00:13:47] Dramatic Lighting get vote panel
[2025-06-12 00:13:47] Photo of the Week! get vote panel
[2025-06-12 00:13:47] 3 Forms of Water get vote panel
[2025-06-12 00:13:47] Filling challenges: {101794, 101636, 101605, 101222, 101639, 101223, 102473, 101637, 101643, 102164, 101621, 101622, 102231, 101653, 102229, 101789, 102238, 101663}
Filled Traveling The World with strategy end4
Filled Unforgettable Moments with strategy end4
Filled City Creatures with strategy end4
Filled Best of Black & White with strategy end4
Filled Green Everywhere with strategy end4
Filled My Exhibition Shot with strategy end4
Filled 500 Guru's Picks with strategy end4
Filled Photography Sessions with strategy end4
Filled Closed with strategy end4
Filled Solo - Single Subject with strategy end4
Filled I Don't Like It with strategy end4
Filled Guru of The Week with strategy end4
Filled Top Photographer with strategy end4
Filled Photographer of the Week with strategy end4
Filled Dramatic Lighting with strategy end4
Filled Photo of the Week! with strategy end4
Filled 3 Forms of Water with strategy end4

[2025-06-12 00:13:47] Récupération des données de vote pour Traveling The World (URL: travel-stories6, HEADER:{'User-Agent': 'Mozilla/5.0 (X11; Linux i686; rv:39.0) Gecko/20100101 Firefox/39.0', 'x-api-version': '8', 'x-env': 'WEB', 'X-requested-with': 'XMLHttpRequest', 'X-token': 'f96bbe3a7e7f833329e7129767a69abbfa6dfce3152e3c2a311eb49d89b5c3bb2b12b66b402f03dce682b8b2b6a005cd'})
[2025-06-12 00:13:47] Récupération des données de vote pour Unforgettable Moments (URL: unforgettable-moments2, HEADER:{'User-Agent': 'Mozilla/5.0 (X11; Linux i686; rv:39.0) Gecko/20100101 Firefox/39.0', 'x-api-version': '8', 'x-env': 'WEB', 'X-requested-with': 'XMLHttpRequest', 'X-token': 'f96bbe3a7e7f833329e7129767a69abbfa6dfce3152e3c2a311eb49d89b5c3bb2b12b66b402f03dce682b8b2b6a005cd'})
[2025-06-12 00:13:47] Récupération des données de vote pour City Creatures (URL: city-creatures2, HEADER:{'User-Agent': 'Mozilla/5.0 (X11; Linux i686; rv:39.0) Gecko/20100101 Firefox/39.0', 'x-api-version': '8', 'x-env': 'WEB', 'X-requested-with': 'XMLHttpRequest', 'X-token': 'f96bbe3a7e7f833329e7129767a69abbfa6dfce3152e3c2a311eb49d89b5c3bb2b12b66b402f03dce682b8b2b6a005cd'})
[2025-06-12 00:13:47] Récupération des données de vote pour Best of Black & White (URL: best-of-black-white29, HEADER:{'User-Agent': 'Mozilla/5.0 (X11; Linux i686; rv:39.0) Gecko/20100101 Firefox/39.0', 'x-api-version': '8', 'x-env': 'WEB', 'X-requested-with': 'XMLHttpRequest', 'X-token': 'f96bbe3a7e7f833329e7129767a69abbfa6dfce3152e3c2a311eb49d89b5c3bb2b12b66b402f03dce682b8b2b6a005cd'})
[2025-06-12 00:13:47] Récupération des données de vote pour Green Everywhere (URL: green-everywhere, HEADER:{'User-Agent': 'Mozilla/5.0 (X11; Linux i686; rv:39.0) Gecko/20100101 Firefox/39.0', 'x-api-version': '8', 'x-env': 'WEB', 'X-requested-with': 'XMLHttpRequest', 'X-token': 'f96bbe3a7e7f833329e7129767a69abbfa6dfce3152e3c2a311eb49d89b5c3bb2b12b66b402f03dce682b8b2b6a005cd'})
[2025-06-12 00:13:47] Récupération des données de vote pour My Exhibition Shot (URL: my-exhibition-shot14, HEADER:{'User-Agent': 'Mozilla/5.0 (X11; Linux i686; rv:39.0) Gecko/20100101 Firefox/39.0', 'x-api-version': '8', 'x-env': 'WEB', 'X-requested-with': 'XMLHttpRequest', 'X-token': 'f96bbe3a7e7f833329e7129767a69abbfa6dfce3152e3c2a311eb49d89b5c3bb2b12b66b402f03dce682b8b2b6a005cd'})
[2025-06-12 00:13:47] Récupération des données de vote pour 500 Guru's Picks (URL: 500-guru-s-picks79, HEADER:{'User-Agent': 'Mozilla/5.0 (X11; Linux i686; rv:39.0) Gecko/20100101 Firefox/39.0', 'x-api-version': '8', 'x-env': 'WEB', 'X-requested-with': 'XMLHttpRequest', 'X-token': 'f96bbe3a7e7f833329e7129767a69abbfa6dfce3152e3c2a311eb49d89b5c3bb2b12b66b402f03dce682b8b2b6a005cd'})
[2025-06-12 00:13:47] Récupération des données de vote pour Photography Sessions (URL: photography-sessions, HEADER:{'User-Agent': 'Mozilla/5.0 (X11; Linux i686; rv:39.0) Gecko/20100101 Firefox/39.0', 'x-api-version': '8', 'x-env': 'WEB', 'X-requested-with': 'XMLHttpRequest', 'X-token': 'f96bbe3a7e7f833329e7129767a69abbfa6dfce3152e3c2a311eb49d89b5c3bb2b12b66b402f03dce682b8b2b6a005cd'})
[2025-06-12 00:13:47] Récupération des données de vote pour Closed (URL: closed27, HEADER:{'User-Agent': 'Mozilla/5.0 (X11; Linux i686; rv:39.0) Gecko/20100101 Firefox/39.0', 'x-api-version': '8', 'x-env': 'WEB', 'X-requested-with': 'XMLHttpRequest', 'X-token': 'f96bbe3a7e7f833329e7129767a69abbfa6dfce3152e3c2a311eb49d89b5c3bb2b12b66b402f03dce682b8b2b6a005cd'})
[2025-06-12 00:13:47] Récupération des données de vote pour Solo - Single Subject (URL: solo-single-subject32, HEADER:{'User-Agent': 'Mozilla/5.0 (X11; Linux i686; rv:39.0) Gecko/20100101 Firefox/39.0', 'x-api-version': '8', 'x-env': 'WEB', 'X-requested-with': 'XMLHttpRequest', 'X-token': 'f96bbe3a7e7f833329e7129767a69abbfa6dfce3152e3c2a311eb49d89b5c3bb2b12b66b402f03dce682b8b2b6a005cd'})
[2025-06-12 00:13:47] Récupération des données de vote pour I Don't Like It (URL: i-don-t-like-it, HEADER:{'User-Agent': 'Mozilla/5.0 (X11; Linux i686; rv:39.0) Gecko/20100101 Firefox/39.0', 'x-api-version': '8', 'x-env': 'WEB', 'X-requested-with': 'XMLHttpRequest', 'X-token': 'f96bbe3a7e7f833329e7129767a69abbfa6dfce3152e3c2a311eb49d89b5c3bb2b12b66b402f03dce682b8b2b6a005cd'})
[2025-06-12 00:13:47] Récupération des données de vote pour Guru of The Week (URL: guru-of-the-week37, HEADER:{'User-Agent': 'Mozilla/5.0 (X11; Linux i686; rv:39.0) Gecko/20100101 Firefox/39.0', 'x-api-version': '8', 'x-env': 'WEB', 'X-requested-with': 'XMLHttpRequest', 'X-token': 'f96bbe3a7e7f833329e7129767a69abbfa6dfce3152e3c2a311eb49d89b5c3bb2b12b66b402f03dce682b8b2b6a005cd'})
[2025-06-12 00:13:47] Récupération des données de vote pour Top Photographer (URL: top-photographer33, HEADER:{'User-Agent': 'Mozilla/5.0 (X11; Linux i686; rv:39.0) Gecko/20100101 Firefox/39.0', 'x-api-version': '8', 'x-env': 'WEB', 'X-requested-with': 'XMLHttpRequest', 'X-token': 'f96bbe3a7e7f833329e7129767a69abbfa6dfce3152e3c2a311eb49d89b5c3bb2b12b66b402f03dce682b8b2b6a005cd'})
[2025-06-12 00:13:47] Récupération des données de vote pour Photographer of the Week (URL: photographer-of-the-week211, HEADER:{'User-Agent': 'Mozilla/5.0 (X11; Linux i686; rv:39.0) Gecko/20100101 Firefox/39.0', 'x-api-version': '8', 'x-env': 'WEB', 'X-requested-with': 'XMLHttpRequest', 'X-token': 'f96bbe3a7e7f833329e7129767a69abbfa6dfce3152e3c2a311eb49d89b5c3bb2b12b66b402f03dce682b8b2b6a005cd'})
[2025-06-12 00:13:47] Récupération des données de vote pour Dramatic Lighting (URL: dramatic-lighting11, HEADER:{'User-Agent': 'Mozilla/5.0 (X11; Linux i686; rv:39.0) Gecko/20100101 Firefox/39.0', 'x-api-version': '8', 'x-env': 'WEB', 'X-requested-with': 'XMLHttpRequest', 'X-token': 'f96bbe3a7e7f833329e7129767a69abbfa6dfce3152e3c2a311eb49d89b5c3bb2b12b66b402f03dce682b8b2b6a005cd'})
[2025-06-12 00:13:47] Récupération des données de vote pour Photo of the Week! (URL: photo-of-the-week-300, HEADER:{'User-Agent': 'Mozilla/5.0 (X11; Linux i686; rv:39.0) Gecko/20100101 Firefox/39.0', 'x-api-version': '8', 'x-env': 'WEB', 'X-requested-with': 'XMLHttpRequest', 'X-token': 'f96bbe3a7e7f833329e7129767a69abbfa6dfce3152e3c2a311eb49d89b5c3bb2b12b66b402f03dce682b8b2b6a005cd'})
[2025-06-12 00:13:47] Récupération des données de vote pour 3 Forms of Water (URL: liquid-gas-or-ice, HEADER:{'User-Agent': 'Mozilla/5.0 (X11; Linux i686; rv:39.0) Gecko/20100101 Firefox/39.0', 'x-api-version': '8', 'x-env': 'WEB', 'X-requested-with': 'XMLHttpRequest', 'X-token': 'f96bbe3a7e7f833329e7129767a69abbfa6dfce3152e3c2a311eb49d89b5c3bb2b12b66b402f03dce682b8b2b6a005cd'})
[2025-06-12 00:13:48] Récupération réussie: 200 images pour City Creatures
[2025-06-12 00:13:48] Voting fetching ...
[2025-06-12 00:13:48] City Creatures voting 35 images
[2025-06-12 00:13:51] City Creatures voting 35 images
[2025-06-12 00:13:51] Récupération réussie: 200 images pour Unforgettable Moments
[2025-06-12 00:13:51] Voting fetching ...
[2025-06-12 00:13:51] Unforgettable Moments voting 35 images
[2025-06-12 00:13:54] Unforgettable Moments voting 35 images
[2025-06-12 00:13:54] Récupération réussie: 200 images pour Guru of The Week
[2025-06-12 00:13:54] Voting fetching ...
[2025-06-12 00:13:54] Guru of The Week voting 35 images
[2025-06-12 00:13:57] Guru of The Week voting 35 images
[2025-06-12 00:13:57] Récupération réussie: 200 images pour Photography Sessions
[2025-06-12 00:13:57] Voting fetching ...
[2025-06-12 00:13:57] Photography Sessions voting 35 images
[2025-06-12 00:14:00] Photography Sessions voting 35 images
[2025-06-12 00:14:00] Récupération réussie: 200 images pour 500 Guru's Picks
[2025-06-12 00:14:00] Voting fetching ...
[2025-06-12 00:14:00] 500 Guru's Picks voting 35 images
[2025-06-12 00:14:03] 500 Guru's Picks voting 35 images
[2025-06-12 00:14:03] Récupération réussie: 200 images pour 3 Forms of Water
[2025-06-12 00:14:03] Voting fetching ...
[2025-06-12 00:14:03] 3 Forms of Water voting 35 images
[2025-06-12 00:14:06] 3 Forms of Water voting 35 images
[2025-06-12 00:14:06] Récupération réussie: 200 images pour Closed
[2025-06-12 00:14:06] Voting fetching ...
[2025-06-12 00:14:06] Closed voting 35 images
[2025-06-12 00:14:09] Closed voting 35 images
[2025-06-12 00:14:09] Récupération réussie: 200 images pour Photo of the Week!
[2025-06-12 00:14:09] Voting fetching ...
[2025-06-12 00:14:09] Photo of the Week! voting 35 images
[2025-06-12 00:14:13] Photo of the Week! voting 35 images
[2025-06-12 00:14:13] Récupération réussie: 200 images pour I Don't Like It
[2025-06-12 00:14:13] Voting fetching ...
[2025-06-12 00:14:13] I Don't Like It voting 35 images
[2025-06-12 00:14:16] I Don't Like It voting 35 images
[2025-06-12 00:14:16] Récupération réussie: 200 images pour Top Photographer
[2025-06-12 00:14:16] Voting fetching ...
[2025-06-12 00:14:16] Top Photographer voting 35 images
[2025-06-12 00:14:19] Top Photographer voting 35 images
[2025-06-12 00:14:19] Récupération réussie: 200 images pour Green Everywhere
[2025-06-12 00:14:19] Voting fetching ...
[2025-06-12 00:14:19] Green Everywhere voting 35 images
[2025-06-12 00:14:22] Green Everywhere voting 35 images
[2025-06-12 00:14:22] Récupération réussie: 200 images pour Solo - Single Subject
[2025-06-12 00:14:22] Voting fetching ...
[2025-06-12 00:14:22] Solo - Single Subject voting 35 images
[2025-06-12 00:14:25] Solo - Single Subject voting 35 images
[2025-06-12 00:14:25] Récupération réussie: 200 images pour Photographer of the Week
[2025-06-12 00:14:25] Voting fetching ...
[2025-06-12 00:14:25] Photographer of the Week voting 35 images
[2025-06-12 00:14:28] Photographer of the Week voting 35 images
[2025-06-12 00:14:28] Récupération réussie: 200 images pour My Exhibition Shot
[2025-06-12 00:14:28] Voting fetching ...
[2025-06-12 00:14:28] My Exhibition Shot voting 35 images
[2025-06-12 00:14:31] My Exhibition Shot voting 35 images
[2025-06-12 00:14:31] Récupération réussie: 200 images pour Traveling The World
[2025-06-12 00:14:31] Voting fetching ...
[2025-06-12 00:14:31] Traveling The World voting 35 images
[2025-06-12 00:14:34] Traveling The World voting 35 images
[2025-06-12 00:14:34] Récupération réussie: 200 images pour Best of Black & White
[2025-06-12 00:14:34] Voting fetching ...
[2025-06-12 00:14:34] Best of Black & White voting 35 images
[2025-06-12 00:14:37] Best of Black & White voting 35 images
[2025-06-12 00:14:37] Récupération réussie: 200 images pour Dramatic Lighting
[2025-06-12 00:14:37] Voting fetching ...
[2025-06-12 00:14:37] Dramatic Lighting voting 35 images
[2025-06-12 00:14:40] Dramatic Lighting voting 35 images
[2025-06-12 00:14:41] City Creatures voted successfully
[2025-06-12 00:14:43] City Creatures voted successfully
[2025-06-12 00:14:45] Unforgettable Moments voted successfully
[2025-06-12 00:14:47] Photography Sessions voted successfully
[2025-06-12 00:14:49] Guru of The Week voted successfully
[2025-06-12 00:14:51] Guru of The Week voted successfully
[2025-06-12 00:14:53] Unforgettable Moments voted successfully
[2025-06-12 00:14:55] Photography Sessions voted successfully
[2025-06-12 00:14:57] Closed voted successfully
[2025-06-12 00:14:59] 3 Forms of Water voted successfully
[2025-06-12 00:15:01] Photo of the Week! voted successfully
[2025-06-12 00:15:03] 500 Guru's Picks voted successfully
[2025-06-12 00:15:05] Photo of the Week! voted successfully
[2025-06-12 00:15:07] Closed voted successfully
[2025-06-12 00:15:09] Top Photographer voted successfully
[2025-06-12 00:15:11] I Don't Like It voted successfully
[2025-06-12 00:15:13] I Don't Like It voted successfully
[2025-06-12 00:15:15] 500 Guru's Picks voted successfully
[2025-06-12 00:15:17] My Exhibition Shot voted successfully
[2025-06-12 00:15:19] Green Everywhere voted successfully
[2025-06-12 00:15:21] Traveling The World voted successfully
[2025-06-12 00:15:23] Green Everywhere voted successfully
[2025-06-12 00:15:23] Stratégie chargée depuis gsgui.ini pour bruno/Best of Black & White: end4
[2025-06-12 00:15:23] Désélection de tous les challenges

[2025-06-12 00:15:25] Refreshing challenges...
[2025-06-12 00:15:25] Fetching challenges...
[2025-06-12 00:15:25] Solo - Single Subject voted successfully
[2025-06-12 00:15:26] Challenges fetching ...
[2025-06-12 00:15:26] Stratégie chargée depuis gsgui.ini pour bruno/Best of Black & White: end4
[2025-06-12 00:15:26] Challenges fetched successfully for bruno!
[2025-06-12 00:15:26] Stratégie chargée depuis gsgui.ini pour bruno/Best of Black & White: end4
[2025-06-12 00:15:27] Top Photographer voted successfully
[2025-06-12 00:15:29] My Exhibition Shot voted successfully
[2025-06-12 00:15:31] Photographer of the Week voted successfully
[2025-06-12 00:15:33] Dramatic Lighting voted successfully
[2025-06-12 00:15:35] Solo - Single Subject voted successfully
[2025-06-12 00:15:37] Best of Black & White voted successfully
[2025-06-12 00:15:39] Photographer of the Week voted successfully
[2025-06-12 00:15:41] Best of Black & White voted successfully
[2025-06-12 00:15:43] Traveling The World voted successfully
[2025-06-12 00:15:45] 3 Forms of Water voted successfully
[2025-06-12 00:15:47] Dramatic Lighting voted successfully
[2025-06-12 00:15:50] Challenges fetching ...
[2025-06-12 00:15:50] Challenges fetched successfully for pascale!
[2025-06-12 00:15:51] Challenges fetching ...
[2025-06-12 00:15:51] Challenges fetched successfully for pascale!
[2025-06-12 00:15:51] Challenges fetching ...
[2025-06-12 00:15:51] Challenges fetched successfully for pascale!
[2025-06-12 00:15:51] Challenges fetching ...
[2025-06-12 00:15:51] Challenges fetched successfully for pascale!
[2025-06-12 00:15:51] Challenges fetching ...
[2025-06-12 00:15:51] Challenges fetched successfully for pascale!
[2025-06-12 00:15:51] Challenges fetching ...
[2025-06-12 00:15:51] Challenges fetched successfully for pascale!
[2025-06-12 00:15:51] Challenges fetching ...
[2025-06-12 00:15:51] Challenges fetched successfully for pascale!
[2025-06-12 00:15:51] Challenges fetching ...
[2025-06-12 00:15:51] Challenges fetched successfully for pascale!
[2025-06-12 00:15:51] Challenges fetching ...
[2025-06-12 00:15:51] Challenges fetched successfully for pascale!
[2025-06-12 00:15:51] Challenges fetching ...
[2025-06-12 00:15:52] Challenges fetched successfully for pascale!
[2025-06-12 00:15:52] Challenges fetching ...
[2025-06-12 00:15:52] Challenges fetched successfully for pascale!
[2025-06-12 00:15:52] Challenges fetching ...
[2025-06-12 00:15:52] Challenges fetched successfully for pascale!
[2025-06-12 00:15:52] Challenges fetching ...
[2025-06-12 00:15:52] Challenges fetched successfully for pascale!
[2025-06-12 00:15:52] Challenges fetching ...
[2025-06-12 00:15:52] Challenges fetched successfully for pascale!
[2025-06-12 00:15:52] Challenges fetching ...
[2025-06-12 00:15:52] Challenges fetched successfully for pascale!
[2025-06-12 00:15:52] Challenges fetching ...
[2025-06-12 00:15:52] Challenges fetched successfully for pascale!
[2025-06-12 00:15:52] Challenges fetching ...
[2025-06-12 00:15:52] Challenges fetched successfully for pascale!
[2025-06-12 00:15:52] Challenges fetching ...
[2025-06-12 00:15:52] Challenges fetched successfully for pascale!
[2025-06-12 00:15:52] Challenges fetching ...
[2025-06-12 00:15:52] Challenges fetched successfully for pascale!
[2025-06-12 00:15:52] Challenges fetching ...
[2025-06-12 00:15:53] Challenges fetched successfully for pascale!
[2025-06-12 00:15:53] Challenges fetching ...
[2025-06-12 00:15:53] Challenges fetched successfully for pascale!
[2025-06-12 00:15:53] Challenges fetching ...
[2025-06-12 00:15:53] Challenges fetched successfully for pascale!
[2025-06-12 00:15:53] Challenges fetching ...
[2025-06-12 00:15:53] Challenges fetched successfully for pascale!
[2025-06-12 00:15:53] Challenges fetching ...
[2025-06-12 00:15:53] Challenges fetched successfully for pascale!
[2025-06-12 00:15:53] Challenges fetching ...
[2025-06-12 00:15:53] Challenges fetched successfully for pascale!
[2025-06-12 00:15:53] Challenges fetching ...
[2025-06-12 00:15:53] Challenges fetched successfully for pascale!
[2025-06-12 00:15:53] Challenges fetching ...
[2025-06-12 00:15:53] Challenges fetched successfully for pascale!
[2025-06-12 00:15:53] Challenges fetching ...
[2025-06-12 00:15:53] Challenges fetched successfully for pascale!
[2025-06-12 00:15:53] Challenges fetching ...
[2025-06-12 00:15:53] Challenges fetched successfully for pascale!
[2025-06-12 00:15:53] Challenges fetching ...
[2025-06-12 00:15:53] Challenges fetched successfully for pascale!
[2025-06-12 00:15:53] Challenges fetching ...
[2025-06-12 00:15:53] Challenges fetched successfully for pascale!
[2025-06-12 00:15:53] Challenges fetching ...
[2025-06-12 00:15:53] Challenges fetched successfully for pascale!
[2025-06-12 00:15:53] Challenges fetching ...
[2025-06-12 00:15:53] Challenges fetched successfully for pascale!
[2025-06-12 00:15:54] Challenges fetching ...
[2025-06-12 00:15:54] Challenges fetched successfully for pascale!
[2025-06-12 01:01:20] Traveling The World get vote panel
[2025-06-12 01:01:20] Unforgettable Moments get vote panel
[2025-06-12 01:01:20] City Creatures get vote panel
[2025-06-12 01:01:20] Best of Black & White get vote panel
[2025-06-12 01:01:20] Green Everywhere get vote panel
[2025-06-12 01:01:20] My Exhibition Shot get vote panel
[2025-06-12 01:01:20] 500 Guru's Picks get vote panel
[2025-06-12 01:01:20] Photography Sessions get vote panel
[2025-06-12 01:01:20] Closed get vote panel
[2025-06-12 01:01:20] Solo - Single Subject get vote panel
[2025-06-12 01:01:20] I Don't Like It get vote panel
[2025-06-12 01:01:20] Guru of The Week get vote panel
[2025-06-12 01:01:20] Top Photographer get vote panel
[2025-06-12 01:01:20] Photographer of the Week get vote panel
[2025-06-12 01:01:20] Dramatic Lighting get vote panel
[2025-06-12 01:01:20] Photo of the Week! get vote panel
[2025-06-12 01:01:20] 3 Forms of Water get vote panel
[2025-06-12 01:01:20] Filling challenges: {101794, 101636, 101605, 101222, 101639, 101223, 102473, 101637, 101643, 102164, 101621, 101622, 102231, 101653, 102229, 101789, 102238, 101663}
Filled Traveling The World with strategy end4
Filled Unforgettable Moments with strategy end4
Filled City Creatures with strategy end4
Filled Best of Black & White with strategy end4
Filled Green Everywhere with strategy end4
Filled My Exhibition Shot with strategy end4
Filled 500 Guru's Picks with strategy end4
Filled Photography Sessions with strategy end4
Filled Closed with strategy end4
Filled Solo - Single Subject with strategy end4
Filled I Don't Like It with strategy end4
Filled Guru of The Week with strategy end4
Filled Top Photographer with strategy end4
Filled Photographer of the Week with strategy end4
Filled Dramatic Lighting with strategy end4
Filled Photo of the Week! with strategy end4
Filled 3 Forms of Water with strategy end4

[2025-06-12 01:01:20] Récupération des données de vote pour Traveling The World (URL: travel-stories6, HEADER:{'User-Agent': 'Mozilla/5.0 (X11; Linux i686; rv:39.0) Gecko/20100101 Firefox/39.0', 'x-api-version': '8', 'x-env': 'WEB', 'X-requested-with': 'XMLHttpRequest', 'X-token': 'f96bbe3a7e7f833329e7129767a69abbfa6dfce3152e3c2a311eb49d89b5c3bb2b12b66b402f03dce682b8b2b6a005cd'})
[2025-06-12 01:01:20] Récupération des données de vote pour Unforgettable Moments (URL: unforgettable-moments2, HEADER:{'User-Agent': 'Mozilla/5.0 (X11; Linux i686; rv:39.0) Gecko/20100101 Firefox/39.0', 'x-api-version': '8', 'x-env': 'WEB', 'X-requested-with': 'XMLHttpRequest', 'X-token': 'f96bbe3a7e7f833329e7129767a69abbfa6dfce3152e3c2a311eb49d89b5c3bb2b12b66b402f03dce682b8b2b6a005cd'})
[2025-06-12 01:01:20] Récupération des données de vote pour City Creatures (URL: city-creatures2, HEADER:{'User-Agent': 'Mozilla/5.0 (X11; Linux i686; rv:39.0) Gecko/20100101 Firefox/39.0', 'x-api-version': '8', 'x-env': 'WEB', 'X-requested-with': 'XMLHttpRequest', 'X-token': 'f96bbe3a7e7f833329e7129767a69abbfa6dfce3152e3c2a311eb49d89b5c3bb2b12b66b402f03dce682b8b2b6a005cd'})
[2025-06-12 01:01:20] Récupération des données de vote pour Best of Black & White (URL: best-of-black-white29, HEADER:{'User-Agent': 'Mozilla/5.0 (X11; Linux i686; rv:39.0) Gecko/20100101 Firefox/39.0', 'x-api-version': '8', 'x-env': 'WEB', 'X-requested-with': 'XMLHttpRequest', 'X-token': 'f96bbe3a7e7f833329e7129767a69abbfa6dfce3152e3c2a311eb49d89b5c3bb2b12b66b402f03dce682b8b2b6a005cd'})
[2025-06-12 01:01:20] Récupération des données de vote pour Green Everywhere (URL: green-everywhere, HEADER:{'User-Agent': 'Mozilla/5.0 (X11; Linux i686; rv:39.0) Gecko/20100101 Firefox/39.0', 'x-api-version': '8', 'x-env': 'WEB', 'X-requested-with': 'XMLHttpRequest', 'X-token': 'f96bbe3a7e7f833329e7129767a69abbfa6dfce3152e3c2a311eb49d89b5c3bb2b12b66b402f03dce682b8b2b6a005cd'})
[2025-06-12 01:01:20] Récupération des données de vote pour My Exhibition Shot (URL: my-exhibition-shot14, HEADER:{'User-Agent': 'Mozilla/5.0 (X11; Linux i686; rv:39.0) Gecko/20100101 Firefox/39.0', 'x-api-version': '8', 'x-env': 'WEB', 'X-requested-with': 'XMLHttpRequest', 'X-token': 'f96bbe3a7e7f833329e7129767a69abbfa6dfce3152e3c2a311eb49d89b5c3bb2b12b66b402f03dce682b8b2b6a005cd'})
[2025-06-12 01:01:20] Récupération des données de vote pour 500 Guru's Picks (URL: 500-guru-s-picks79, HEADER:{'User-Agent': 'Mozilla/5.0 (X11; Linux i686; rv:39.0) Gecko/20100101 Firefox/39.0', 'x-api-version': '8', 'x-env': 'WEB', 'X-requested-with': 'XMLHttpRequest', 'X-token': 'f96bbe3a7e7f833329e7129767a69abbfa6dfce3152e3c2a311eb49d89b5c3bb2b12b66b402f03dce682b8b2b6a005cd'})
[2025-06-12 01:01:20] Récupération des données de vote pour Photography Sessions (URL: photography-sessions, HEADER:{'User-Agent': 'Mozilla/5.0 (X11; Linux i686; rv:39.0) Gecko/20100101 Firefox/39.0', 'x-api-version': '8', 'x-env': 'WEB', 'X-requested-with': 'XMLHttpRequest', 'X-token': 'f96bbe3a7e7f833329e7129767a69abbfa6dfce3152e3c2a311eb49d89b5c3bb2b12b66b402f03dce682b8b2b6a005cd'})
[2025-06-12 01:01:20] Récupération des données de vote pour Closed (URL: closed27, HEADER:{'User-Agent': 'Mozilla/5.0 (X11; Linux i686; rv:39.0) Gecko/20100101 Firefox/39.0', 'x-api-version': '8', 'x-env': 'WEB', 'X-requested-with': 'XMLHttpRequest', 'X-token': 'f96bbe3a7e7f833329e7129767a69abbfa6dfce3152e3c2a311eb49d89b5c3bb2b12b66b402f03dce682b8b2b6a005cd'})
[2025-06-12 01:01:20] Récupération des données de vote pour Solo - Single Subject (URL: solo-single-subject32, HEADER:{'User-Agent': 'Mozilla/5.0 (X11; Linux i686; rv:39.0) Gecko/20100101 Firefox/39.0', 'x-api-version': '8', 'x-env': 'WEB', 'X-requested-with': 'XMLHttpRequest', 'X-token': 'f96bbe3a7e7f833329e7129767a69abbfa6dfce3152e3c2a311eb49d89b5c3bb2b12b66b402f03dce682b8b2b6a005cd'})
[2025-06-12 01:01:20] Récupération des données de vote pour I Don't Like It (URL: i-don-t-like-it, HEADER:{'User-Agent': 'Mozilla/5.0 (X11; Linux i686; rv:39.0) Gecko/20100101 Firefox/39.0', 'x-api-version': '8', 'x-env': 'WEB', 'X-requested-with': 'XMLHttpRequest', 'X-token': 'f96bbe3a7e7f833329e7129767a69abbfa6dfce3152e3c2a311eb49d89b5c3bb2b12b66b402f03dce682b8b2b6a005cd'})
[2025-06-12 01:01:20] Récupération des données de vote pour Guru of The Week (URL: guru-of-the-week37, HEADER:{'User-Agent': 'Mozilla/5.0 (X11; Linux i686; rv:39.0) Gecko/20100101 Firefox/39.0', 'x-api-version': '8', 'x-env': 'WEB', 'X-requested-with': 'XMLHttpRequest', 'X-token': 'f96bbe3a7e7f833329e7129767a69abbfa6dfce3152e3c2a311eb49d89b5c3bb2b12b66b402f03dce682b8b2b6a005cd'})
[2025-06-12 01:01:20] Récupération des données de vote pour Top Photographer (URL: top-photographer33, HEADER:{'User-Agent': 'Mozilla/5.0 (X11; Linux i686; rv:39.0) Gecko/20100101 Firefox/39.0', 'x-api-version': '8', 'x-env': 'WEB', 'X-requested-with': 'XMLHttpRequest', 'X-token': 'f96bbe3a7e7f833329e7129767a69abbfa6dfce3152e3c2a311eb49d89b5c3bb2b12b66b402f03dce682b8b2b6a005cd'})
[2025-06-12 01:01:20] Récupération des données de vote pour Photographer of the Week (URL: photographer-of-the-week211, HEADER:{'User-Agent': 'Mozilla/5.0 (X11; Linux i686; rv:39.0) Gecko/20100101 Firefox/39.0', 'x-api-version': '8', 'x-env': 'WEB', 'X-requested-with': 'XMLHttpRequest', 'X-token': 'f96bbe3a7e7f833329e7129767a69abbfa6dfce3152e3c2a311eb49d89b5c3bb2b12b66b402f03dce682b8b2b6a005cd'})
[2025-06-12 01:01:20] Récupération des données de vote pour Dramatic Lighting (URL: dramatic-lighting11, HEADER:{'User-Agent': 'Mozilla/5.0 (X11; Linux i686; rv:39.0) Gecko/20100101 Firefox/39.0', 'x-api-version': '8', 'x-env': 'WEB', 'X-requested-with': 'XMLHttpRequest', 'X-token': 'f96bbe3a7e7f833329e7129767a69abbfa6dfce3152e3c2a311eb49d89b5c3bb2b12b66b402f03dce682b8b2b6a005cd'})
[2025-06-12 01:01:20] Récupération des données de vote pour Photo of the Week! (URL: photo-of-the-week-300, HEADER:{'User-Agent': 'Mozilla/5.0 (X11; Linux i686; rv:39.0) Gecko/20100101 Firefox/39.0', 'x-api-version': '8', 'x-env': 'WEB', 'X-requested-with': 'XMLHttpRequest', 'X-token': 'f96bbe3a7e7f833329e7129767a69abbfa6dfce3152e3c2a311eb49d89b5c3bb2b12b66b402f03dce682b8b2b6a005cd'})
[2025-06-12 01:01:20] Récupération des données de vote pour 3 Forms of Water (URL: liquid-gas-or-ice, HEADER:{'User-Agent': 'Mozilla/5.0 (X11; Linux i686; rv:39.0) Gecko/20100101 Firefox/39.0', 'x-api-version': '8', 'x-env': 'WEB', 'X-requested-with': 'XMLHttpRequest', 'X-token': 'f96bbe3a7e7f833329e7129767a69abbfa6dfce3152e3c2a311eb49d89b5c3bb2b12b66b402f03dce682b8b2b6a005cd'})
[2025-06-12 01:01:21] Récupération réussie: 200 images pour City Creatures
[2025-06-12 01:01:21] Voting fetching ...
[2025-06-12 01:01:21] City Creatures voting 35 images
[2025-06-12 01:01:24] City Creatures voting 35 images
[2025-06-12 01:01:24] Récupération réussie: 200 images pour Unforgettable Moments
[2025-06-12 01:01:24] Voting fetching ...
[2025-06-12 01:01:24] Unforgettable Moments voting 35 images
[2025-06-12 01:01:27] Unforgettable Moments voting 35 images
[2025-06-12 01:01:27] Récupération réussie: 200 images pour Guru of The Week
[2025-06-12 01:01:27] Voting fetching ...
[2025-06-12 01:01:27] Guru of The Week voting 35 images
[2025-06-12 01:01:30] Guru of The Week voting 35 images
[2025-06-12 01:01:30] Récupération réussie: 200 images pour Top Photographer
[2025-06-12 01:01:30] Voting fetching ...
[2025-06-12 01:01:30] Top Photographer voting 35 images
[2025-06-12 01:01:33] Top Photographer voting 35 images
[2025-06-12 01:01:33] Récupération réussie: 200 images pour Closed
[2025-06-12 01:01:33] Voting fetching ...
[2025-06-12 01:01:33] Closed voting 35 images
[2025-06-12 01:01:36] Closed voting 35 images
[2025-06-12 01:01:36] Récupération réussie: 200 images pour Photo of the Week!
[2025-06-12 01:01:36] Voting fetching ...
[2025-06-12 01:01:36] Photo of the Week! voting 35 images
[2025-06-12 01:01:39] Photo of the Week! voting 35 images
[2025-06-12 01:01:39] Récupération réussie: 200 images pour 3 Forms of Water
[2025-06-12 01:01:39] Voting fetching ...
[2025-06-12 01:01:39] 3 Forms of Water voting 35 images
[2025-06-12 01:01:42] 3 Forms of Water voting 35 images
[2025-06-12 01:01:43] Récupération réussie: 200 images pour 500 Guru's Picks
[2025-06-12 01:01:43] Voting fetching ...
[2025-06-12 01:01:43] 500 Guru's Picks voting 35 images
[2025-06-12 01:01:46] 500 Guru's Picks voting 35 images
[2025-06-12 01:01:46] Récupération réussie: 200 images pour Photographer of the Week
[2025-06-12 01:01:46] Voting fetching ...
[2025-06-12 01:01:46] Photographer of the Week voting 35 images
[2025-06-12 01:01:49] Photographer of the Week voting 35 images
[2025-06-12 01:01:49] Récupération réussie: 200 images pour Photography Sessions
[2025-06-12 01:01:49] Voting fetching ...
[2025-06-12 01:01:49] Photography Sessions voting 35 images
[2025-06-12 01:01:52] Photography Sessions voting 35 images
[2025-06-12 01:01:52] Récupération réussie: 200 images pour I Don't Like It
[2025-06-12 01:01:52] Voting fetching ...
[2025-06-12 01:01:52] I Don't Like It voting 35 images
[2025-06-12 01:01:55] I Don't Like It voting 35 images
[2025-06-12 01:01:55] Récupération réussie: 200 images pour Green Everywhere
[2025-06-12 01:01:55] Voting fetching ...
[2025-06-12 01:01:55] Green Everywhere voting 35 images
[2025-06-12 01:01:58] Green Everywhere voting 35 images
[2025-06-12 01:01:58] Récupération réussie: 200 images pour Solo - Single Subject
[2025-06-12 01:01:58] Voting fetching ...
[2025-06-12 01:01:58] Solo - Single Subject voting 35 images
[2025-06-12 01:02:01] Solo - Single Subject voting 35 images
[2025-06-12 01:02:01] Récupération réussie: 200 images pour My Exhibition Shot
[2025-06-12 01:02:01] Voting fetching ...
[2025-06-12 01:02:01] My Exhibition Shot voting 35 images
[2025-06-12 01:02:04] My Exhibition Shot voting 35 images
[2025-06-12 01:02:04] Récupération réussie: 200 images pour Traveling The World
[2025-06-12 01:02:04] Voting fetching ...
[2025-06-12 01:02:04] Traveling The World voting 35 images
[2025-06-12 01:02:07] Traveling The World voting 35 images
[2025-06-12 01:02:07] Récupération réussie: 200 images pour Best of Black & White
[2025-06-12 01:02:07] Voting fetching ...
[2025-06-12 01:02:07] Best of Black & White voting 35 images
[2025-06-12 01:02:10] Best of Black & White voting 35 images
[2025-06-12 01:02:10] Récupération réussie: 200 images pour Dramatic Lighting
[2025-06-12 01:02:10] Voting fetching ...
[2025-06-12 01:02:10] Dramatic Lighting voting 35 images
[2025-06-12 01:02:13] Dramatic Lighting voting 35 images
[2025-06-12 01:02:15] City Creatures voted successfully
[2025-06-12 01:02:17] City Creatures voted successfully
[2025-06-12 01:02:19] Guru of The Week voted successfully
[2025-06-12 01:02:21] Guru of The Week voted successfully
[2025-06-12 01:02:23] Unforgettable Moments voted successfully
[2025-06-12 01:02:25] Closed voted successfully
[2025-06-12 01:02:27] Closed voted successfully
[2025-06-12 01:02:29] Unforgettable Moments voted successfully
[2025-06-12 01:02:31] Photo of the Week! voted successfully
[2025-06-12 01:02:33] Photo of the Week! voted successfully
[2025-06-12 01:02:35] 3 Forms of Water voted successfully
[2025-06-12 01:02:37] 3 Forms of Water voted successfully
[2025-06-12 01:02:39] 500 Guru's Picks voted successfully
[2025-06-12 01:02:41] Photographer of the Week voted successfully
[2025-06-12 01:02:43] I Don't Like It voted successfully
[2025-06-12 01:02:45] Solo - Single Subject voted successfully
[2025-06-12 01:02:47] 500 Guru's Picks voted successfully
[2025-06-12 01:02:49] Photography Sessions voted successfully
[2025-06-12 01:02:51] I Don't Like It voted successfully
[2025-06-12 01:02:53] Top Photographer voted successfully
[2025-06-12 01:02:55] Photographer of the Week voted successfully
[2025-06-12 01:02:57] Photography Sessions voted successfully
[2025-06-12 01:02:59] Solo - Single Subject voted successfully
[2025-06-12 01:03:01] My Exhibition Shot voted successfully
[2025-06-12 01:03:03] My Exhibition Shot voted successfully
[2025-06-12 01:03:05] Traveling The World voted successfully
[2025-06-12 01:03:07] Best of Black & White voted successfully
[2025-06-12 01:03:09] Dramatic Lighting voted successfully
[2025-06-12 01:03:11] Best of Black & White voted successfully
[2025-06-12 01:03:13] Dramatic Lighting voted successfully
[2025-06-12 01:03:15] Green Everywhere voted successfully
[2025-06-12 01:03:17] Top Photographer voted successfully
[2025-06-12 01:03:19] Green Everywhere voted successfully
[2025-06-12 01:03:21] Traveling The World voted successfully
[2025-06-12 01:03:24] Challenges fetching ...
[2025-06-12 01:03:24] Challenges fetched successfully for pascale!
[2025-06-12 01:03:25] Challenges fetching ...
[2025-06-12 01:03:25] Challenges fetched successfully for pascale!
[2025-06-12 01:03:25] Challenges fetching ...
[2025-06-12 01:03:25] Challenges fetched successfully for pascale!
[2025-06-12 01:03:25] Challenges fetching ...
[2025-06-12 01:03:25] Challenges fetched successfully for pascale!
[2025-06-12 01:03:25] Challenges fetching ...
[2025-06-12 01:03:25] Challenges fetched successfully for pascale!
[2025-06-12 01:03:25] Challenges fetching ...
[2025-06-12 01:03:25] Challenges fetched successfully for pascale!
[2025-06-12 01:03:25] Challenges fetching ...
[2025-06-12 01:03:25] Challenges fetched successfully for pascale!
[2025-06-12 01:03:25] Challenges fetching ...
[2025-06-12 01:03:25] Challenges fetched successfully for pascale!
[2025-06-12 01:03:25] Challenges fetching ...
[2025-06-12 01:03:25] Challenges fetched successfully for pascale!
[2025-06-12 01:03:25] Challenges fetching ...
[2025-06-12 01:03:25] Challenges fetched successfully for pascale!
[2025-06-12 01:03:25] Challenges fetching ...
[2025-06-12 01:03:25] Challenges fetched successfully for pascale!
[2025-06-12 01:03:25] Challenges fetching ...
[2025-06-12 01:03:26] Challenges fetched successfully for pascale!
[2025-06-12 01:03:26] Challenges fetching ...
[2025-06-12 01:03:26] Challenges fetched successfully for pascale!
[2025-06-12 01:03:26] Challenges fetching ...
[2025-06-12 01:03:26] Challenges fetched successfully for pascale!
[2025-06-12 01:03:26] Challenges fetching ...
[2025-06-12 01:03:26] Challenges fetched successfully for pascale!
[2025-06-12 01:03:26] Challenges fetching ...
[2025-06-12 01:03:26] Challenges fetched successfully for pascale!
[2025-06-12 01:03:26] Challenges fetching ...
[2025-06-12 01:03:26] Challenges fetched successfully for pascale!
[2025-06-12 01:03:26] Challenges fetching ...
[2025-06-12 01:03:26] Challenges fetched successfully for pascale!
[2025-06-12 01:03:26] Challenges fetching ...
[2025-06-12 01:03:26] Challenges fetched successfully for pascale!
[2025-06-12 01:03:26] Challenges fetching ...
[2025-06-12 01:03:26] Challenges fetched successfully for pascale!
[2025-06-12 01:03:26] Challenges fetching ...
[2025-06-12 01:03:26] Challenges fetched successfully for pascale!
[2025-06-12 01:03:26] Challenges fetching ...
[2025-06-12 01:03:26] Challenges fetched successfully for pascale!
[2025-06-12 01:03:26] Challenges fetching ...
[2025-06-12 01:03:26] Challenges fetched successfully for pascale!
[2025-06-12 01:03:26] Challenges fetching ...
[2025-06-12 01:03:26] Challenges fetched successfully for pascale!
[2025-06-12 01:03:26] Challenges fetching ...
[2025-06-12 01:03:26] Challenges fetched successfully for pascale!
[2025-06-12 01:03:27] Challenges fetching ...
[2025-06-12 01:03:27] Challenges fetched successfully for pascale!
[2025-06-12 01:03:27] Challenges fetching ...
[2025-06-12 01:03:27] Challenges fetched successfully for pascale!
[2025-06-12 01:03:27] Challenges fetching ...
[2025-06-12 01:03:27] Challenges fetched successfully for pascale!
[2025-06-12 01:03:27] Challenges fetching ...
[2025-06-12 01:03:27] Challenges fetched successfully for pascale!
[2025-06-12 01:03:27] Challenges fetching ...
[2025-06-12 01:03:27] Challenges fetched successfully for pascale!
[2025-06-12 01:03:27] Challenges fetching ...
[2025-06-12 01:03:27] Challenges fetched successfully for pascale!
[2025-06-12 01:03:27] Challenges fetching ...
[2025-06-12 01:03:27] Challenges fetched successfully for pascale!
[2025-06-12 01:03:27] Challenges fetching ...
[2025-06-12 01:03:27] Challenges fetched successfully for pascale!
[2025-06-12 01:03:27] Challenges fetching ...
[2025-06-12 01:03:27] Challenges fetched successfully for pascale!
[2025-06-12 09:25:22] Désélection de tous les challenges

[2025-06-12 09:25:23] Refreshing challenges...
[2025-06-12 09:25:23] Fetching challenges...
[2025-06-12 09:25:24] Challenges fetching ...
[2025-06-12 09:25:24] Challenges fetched successfully for pascale!
[2025-06-12 09:25:47] Unforgettable Moments get vote panel
[2025-06-12 09:25:47] I Don't Like It get vote panel
[2025-06-12 09:25:47] Filling challenges: {101636, 101621}
Filled Unforgettable Moments with strategy end4
Filled I Don't Like It with strategy end4

[2025-06-12 09:25:47] Récupération des données de vote pour Unforgettable Moments (URL: unforgettable-moments2, HEADER:{'User-Agent': 'Mozilla/5.0 (X11; Linux i686; rv:39.0) Gecko/20100101 Firefox/39.0', 'x-api-version': '8', 'x-env': 'WEB', 'X-requested-with': 'XMLHttpRequest', 'X-token': 'f96bbe3a7e7f833329e7129767a69abbfa6dfce3152e3c2a311eb49d89b5c3bb2b12b66b402f03dce682b8b2b6a005cd'})
[2025-06-12 09:25:47] Récupération des données de vote pour I Don't Like It (URL: i-don-t-like-it, HEADER:{'User-Agent': 'Mozilla/5.0 (X11; Linux i686; rv:39.0) Gecko/20100101 Firefox/39.0', 'x-api-version': '8', 'x-env': 'WEB', 'X-requested-with': 'XMLHttpRequest', 'X-token': 'f96bbe3a7e7f833329e7129767a69abbfa6dfce3152e3c2a311eb49d89b5c3bb2b12b66b402f03dce682b8b2b6a005cd'})
[2025-06-12 09:25:48] Récupération réussie: 200 images pour Unforgettable Moments
[2025-06-12 09:25:48] Voting fetching ...
[2025-06-12 09:25:48] Unforgettable Moments voting 35 images
[2025-06-12 09:25:51] Unforgettable Moments voting 35 images
[2025-06-12 09:25:51] Récupération réussie: 200 images pour I Don't Like It
[2025-06-12 09:25:51] Voting fetching ...
[2025-06-12 09:25:51] I Don't Like It voting 35 images
[2025-06-12 09:25:54] I Don't Like It voting 35 images
[2025-06-12 09:25:55] I Don't Like It voted successfully
[2025-06-12 09:25:57] Unforgettable Moments voted successfully
[2025-06-12 09:25:59] I Don't Like It voted successfully
[2025-06-12 09:26:01] Unforgettable Moments voted successfully
[2025-06-12 09:26:04] Challenges fetching ...
[2025-06-12 09:26:04] Challenges fetched successfully for pascale!
[2025-06-12 09:26:04] Challenges fetching ...
[2025-06-12 09:26:04] Challenges fetched successfully for pascale!
[2025-06-12 09:26:04] Challenges fetching ...
[2025-06-12 09:26:04] Challenges fetched successfully for pascale!
[2025-06-12 09:26:04] Challenges fetching ...
[2025-06-12 09:26:04] Challenges fetched successfully for pascale!
[2025-06-12 09:26:13] Unforgettable Moments get vote panel
[2025-06-12 09:26:13] Filling challenges: {101636}
Filled Unforgettable Moments with strategy end4

[2025-06-12 09:26:14] Récupération des données de vote pour Unforgettable Moments (URL: unforgettable-moments2, HEADER:{'User-Agent': 'Mozilla/5.0 (X11; Linux i686; rv:39.0) Gecko/20100101 Firefox/39.0', 'x-api-version': '8', 'x-env': 'WEB', 'X-requested-with': 'XMLHttpRequest', 'X-token': 'f96bbe3a7e7f833329e7129767a69abbfa6dfce3152e3c2a311eb49d89b5c3bb2b12b66b402f03dce682b8b2b6a005cd'})
[2025-06-12 09:26:14] Récupération réussie: 200 images pour Unforgettable Moments
[2025-06-12 09:26:14] Voting fetching ...
[2025-06-12 09:26:14] Unforgettable Moments voting 35 images
[2025-06-12 09:26:17] Unforgettable Moments voting 35 images
[2025-06-12 09:26:18] Unforgettable Moments voted successfully
[2025-06-12 09:26:20] Unforgettable Moments voted successfully
[2025-06-12 09:26:24] Challenges fetching ...
[2025-06-12 09:26:24] Challenges fetched successfully for pascale!
[2025-06-12 09:26:24] Challenges fetching ...
[2025-06-12 09:26:24] Challenges fetched successfully for pascale!
[2025-06-12 09:34:01] Fetching challenges...
[2025-06-12 09:34:03] Challenges fetching ...
[2025-06-12 09:34:03] Stratégie chargée depuis gsgui.ini pour bruno/Best of Black & White: end4
[2025-06-12 09:34:03] Lancement automatique des stratégies de fin pour 13 nouveaux challenges...
[2025-06-12 09:34:03] Nouveau challenge détecté pour bruno: 3 Forms of Water
[2025-06-12 09:34:03] Nouveau challenge détecté pour bruno: Closed
[2025-06-12 09:34:03] Nouveau challenge détecté pour bruno: Architectural Curves
[2025-06-12 09:34:03] Nouveau challenge détecté pour bruno: To Be Young
[2025-06-12 09:34:03] Nouveau challenge détecté pour bruno: Unforgettable Moments
[2025-06-12 09:34:03] Nouveau challenge détecté pour bruno: Mud, Dust and Dirt!
[2025-06-12 09:34:03] Nouveau challenge détecté pour bruno: Dramatic Lighting
[2025-06-12 09:34:03] Nouveau challenge détecté pour bruno: Puppies
[2025-06-12 09:34:03] Nouveau challenge détecté pour bruno: Best of Black & White
[2025-06-12 09:34:03] Nouveau challenge détecté pour bruno: City Creatures
[2025-06-12 09:34:03] Nouveau challenge détecté pour bruno: 500 Guru's Picks
[2025-06-12 09:34:03] Nouveau challenge détecté pour bruno: Top Photographer
[2025-06-12 09:34:03] Nouveau challenge détecté pour bruno: Photo of the Week!
[2025-06-12 09:34:03] Challenges fetched successfully for bruno!
[2025-06-12 09:34:03] Stratégie chargée depuis gsgui.ini pour bruno/Best of Black & White: end4
[2025-06-12 09:34:32] Refreshing challenges...
[2025-06-12 09:34:32] Fetching challenges...
[2025-06-12 09:34:33] Challenges fetching ...
[2025-06-12 09:34:33] Stratégie chargée depuis gsgui.ini pour bruno/Best of Black & White: end4
[2025-06-12 09:34:33] Challenges fetched successfully for bruno!
[2025-06-12 09:34:33] Stratégie chargée depuis gsgui.ini pour bruno/Best of Black & White: end4
[2025-06-12 09:37:37] Fetching challenges...
[2025-06-12 09:37:38] Challenges fetching ...
[2025-06-12 09:37:38] Stratégie chargée depuis gsgui.ini pour bruno/Best of Black & White: end4
[2025-06-12 09:37:38] Lancement automatique des stratégies de fin pour 13 nouveaux challenges...
[2025-06-12 09:37:38] Nouveau challenge détecté pour bruno: 3 Forms of Water
[2025-06-12 09:37:38] Nouveau challenge détecté pour bruno: Closed
[2025-06-12 09:37:38] Nouveau challenge détecté pour bruno: Architectural Curves
[2025-06-12 09:37:38] Nouveau challenge détecté pour bruno: To Be Young
[2025-06-12 09:37:38] Nouveau challenge détecté pour bruno: Unforgettable Moments
[2025-06-12 09:37:38] Nouveau challenge détecté pour bruno: Mud, Dust and Dirt!
[2025-06-12 09:37:38] Nouveau challenge détecté pour bruno: Dramatic Lighting
[2025-06-12 09:37:38] Nouveau challenge détecté pour bruno: Puppies
[2025-06-12 09:37:38] Nouveau challenge détecté pour bruno: Best of Black & White
[2025-06-12 09:37:38] Nouveau challenge détecté pour bruno: City Creatures
[2025-06-12 09:37:38] Nouveau challenge détecté pour bruno: 500 Guru's Picks
[2025-06-12 09:37:38] Nouveau challenge détecté pour bruno: Top Photographer
[2025-06-12 09:37:38] Nouveau challenge détecté pour bruno: Photo of the Week!
[2025-06-12 09:37:38] Challenges fetched successfully for bruno!
[2025-06-12 09:37:38] Stratégie chargée depuis gsgui.ini pour bruno/Best of Black & White: end4
[2025-06-12 09:45:54] Fetching challenges...
[2025-06-12 09:45:56] Challenges fetching ...
[2025-06-12 09:45:56] Stratégie chargée depuis gsgui.ini pour bruno/Best of Black & White: end4
[2025-06-12 09:45:56] Lancement automatique des stratégies de fin pour 13 nouveaux challenges...
[2025-06-12 09:45:56] Nouveau challenge détecté pour bruno: 3 Forms of Water
[2025-06-12 09:45:56] Nouveau challenge détecté pour bruno: Closed
[2025-06-12 09:45:56] Nouveau challenge détecté pour bruno: To Be Young
[2025-06-12 09:45:56] Nouveau challenge détecté pour bruno: Unforgettable Moments
[2025-06-12 09:45:56] Nouveau challenge détecté pour bruno: Mud, Dust and Dirt!
[2025-06-12 09:45:56] Nouveau challenge détecté pour bruno: Dramatic Lighting
[2025-06-12 09:45:56] Nouveau challenge détecté pour bruno: Puppies
[2025-06-12 09:45:56] Nouveau challenge détecté pour bruno: Best of Black & White
[2025-06-12 09:45:56] Nouveau challenge détecté pour bruno: Architectural Curves
[2025-06-12 09:45:56] Nouveau challenge détecté pour bruno: City Creatures
[2025-06-12 09:45:56] Nouveau challenge détecté pour bruno: 500 Guru's Picks
[2025-06-12 09:45:56] Nouveau challenge détecté pour bruno: Top Photographer
[2025-06-12 09:45:56] Nouveau challenge détecté pour bruno: Photo of the Week!
[2025-06-12 09:45:56] Challenges fetched successfully for bruno!
[2025-06-12 09:45:56] Stratégie chargée depuis gsgui.ini pour bruno/Best of Black & White: end4
[2025-06-12 09:50:55] Fetching challenges...
[2025-06-12 09:50:56] Challenges fetching ...
[2025-06-12 09:50:56] Stratégie chargée depuis gsgui.ini pour bruno/Best of Black & White: end4
[2025-06-12 09:50:56] Lancement automatique des stratégies de fin pour 13 nouveaux challenges...
[2025-06-12 09:50:56] Nouveau challenge détecté pour bruno: 3 Forms of Water
[2025-06-12 09:50:56] Nouveau challenge détecté pour bruno: Closed
[2025-06-12 09:50:56] Nouveau challenge détecté pour bruno: To Be Young
[2025-06-12 09:50:56] Nouveau challenge détecté pour bruno: Unforgettable Moments
[2025-06-12 09:50:56] Nouveau challenge détecté pour bruno: Mud, Dust and Dirt!
[2025-06-12 09:50:56] Nouveau challenge détecté pour bruno: Dramatic Lighting
[2025-06-12 09:50:56] Nouveau challenge détecté pour bruno: Puppies
[2025-06-12 09:50:56] Nouveau challenge détecté pour bruno: Best of Black & White
[2025-06-12 09:50:56] Nouveau challenge détecté pour bruno: Architectural Curves
[2025-06-12 09:50:56] Nouveau challenge détecté pour bruno: City Creatures
[2025-06-12 09:50:56] Nouveau challenge détecté pour bruno: 500 Guru's Picks
[2025-06-12 09:50:56] Nouveau challenge détecté pour bruno: Top Photographer
[2025-06-12 09:50:56] Nouveau challenge détecté pour bruno: Photo of the Week!
[2025-06-12 09:50:56] Challenges fetched successfully for bruno!
[2025-06-12 09:50:56] Stratégie chargée depuis gsgui.ini pour bruno/Best of Black & White: end4
[2025-06-12 09:53:03] Fetching challenges...
[2025-06-12 09:53:04] Challenges fetching ...
[2025-06-12 09:53:04] Stratégie chargée depuis gsgui.ini pour bruno/Best of Black & White: end4
[2025-06-12 09:53:04] Lancement automatique des stratégies de fin pour 13 nouveaux challenges...
[2025-06-12 09:53:04] Nouveau challenge détecté pour bruno: 3 Forms of Water
[2025-06-12 09:53:04] Nouveau challenge détecté pour bruno: To Be Young
[2025-06-12 09:53:04] Nouveau challenge détecté pour bruno: Top Photographer
[2025-06-12 09:53:04] Nouveau challenge détecté pour bruno: Architectural Curves
[2025-06-12 09:53:04] Nouveau challenge détecté pour bruno: City Creatures
[2025-06-12 09:53:04] Nouveau challenge détecté pour bruno: Mud, Dust and Dirt!
[2025-06-12 09:53:04] Nouveau challenge détecté pour bruno: Best of Black & White
[2025-06-12 09:53:04] Nouveau challenge détecté pour bruno: Puppies
[2025-06-12 09:53:04] Nouveau challenge détecté pour bruno: Photo of the Week!
[2025-06-12 09:53:04] Nouveau challenge détecté pour bruno: 500 Guru's Picks
[2025-06-12 09:53:04] Nouveau challenge détecté pour bruno: Closed
[2025-06-12 09:53:04] Nouveau challenge détecté pour bruno: Unforgettable Moments
[2025-06-12 09:53:04] Nouveau challenge détecté pour bruno: Dramatic Lighting
[2025-06-12 09:53:04] Challenges fetched successfully for bruno!
[2025-06-12 09:53:04] Stratégie chargée depuis gsgui.ini pour bruno/Best of Black & White: end4
[2025-06-12 09:54:33] Fetching challenges...
[2025-06-12 09:54:35] Challenges fetching ...
[2025-06-12 09:54:35] Stratégie chargée depuis gsgui.ini pour bruno/Best of Black & White: end4
[2025-06-12 09:54:35] Lancement automatique des stratégies de fin pour 13 nouveaux challenges...
[2025-06-12 09:54:35] Nouveau challenge détecté pour bruno: 3 Forms of Water
[2025-06-12 09:54:35] Nouveau challenge détecté pour bruno: To Be Young
[2025-06-12 09:54:35] Nouveau challenge détecté pour bruno: Top Photographer
[2025-06-12 09:54:35] Nouveau challenge détecté pour bruno: Architectural Curves
[2025-06-12 09:54:35] Nouveau challenge détecté pour bruno: Unforgettable Moments
[2025-06-12 09:54:35] Nouveau challenge détecté pour bruno: Mud, Dust and Dirt!
[2025-06-12 09:54:35] Nouveau challenge détecté pour bruno: Best of Black & White
[2025-06-12 09:54:35] Nouveau challenge détecté pour bruno: Puppies
[2025-06-12 09:54:35] Nouveau challenge détecté pour bruno: City Creatures
[2025-06-12 09:54:35] Nouveau challenge détecté pour bruno: Photo of the Week!
[2025-06-12 09:54:35] Nouveau challenge détecté pour bruno: 500 Guru's Picks
[2025-06-12 09:54:35] Nouveau challenge détecté pour bruno: Closed
[2025-06-12 09:54:35] Nouveau challenge détecté pour bruno: Dramatic Lighting
[2025-06-12 09:54:35] Challenges fetched successfully for bruno!
[2025-06-12 09:54:35] Stratégie chargée depuis gsgui.ini pour bruno/Best of Black & White: end4
[2025-06-12 09:55:41] Refreshing challenges...
[2025-06-12 09:55:41] Fetching challenges...
[2025-06-12 09:55:42] Challenges fetching ...
[2025-06-12 09:55:42] Stratégie chargée depuis gsgui.ini pour bruno/Best of Black & White: end4
[2025-06-12 09:55:42] Challenges fetched successfully for bruno!
[2025-06-12 09:55:42] Stratégie chargée depuis gsgui.ini pour bruno/Best of Black & White: end4
[2025-06-12 09:55:56] Stratégie chargée depuis gsgui.ini pour bruno/Best of Black & White: end4
[2025-06-12 09:55:56] Sélection de tous les challenges

[2025-06-12 09:55:59] To Be Young get vote panel
[2025-06-12 09:55:59] Architectural Curves get vote panel
[2025-06-12 09:55:59] Unforgettable Moments get vote panel
[2025-06-12 09:55:59] Mud, Dust and Dirt! get vote panel
[2025-06-12 09:55:59] Best of Black & White get vote panel
[2025-06-12 09:55:59] City Creatures get vote panel
[2025-06-12 09:55:59] 500 Guru's Picks get vote panel
[2025-06-12 09:55:59] Closed get vote panel
[2025-06-12 09:55:59] Top Photographer get vote panel
[2025-06-12 09:55:59] Puppies get vote panel
[2025-06-12 09:55:59] Dramatic Lighting get vote panel
[2025-06-12 09:55:59] Photo of the Week! get vote panel
[2025-06-12 09:55:59] 3 Forms of Water get vote panel
[2025-06-12 09:55:59] Filling challenges: {101600, 101633, 101636, 101669, 101222, 101605, 102473, 101643, 101653, 101656, 101789, 102238, 101663}
Filled To Be Young with strategy end4
Filled Architectural Curves with strategy end4
Filled Unforgettable Moments with strategy end4
Filled Mud, Dust and Dirt! with strategy end4
Filled Best of Black & White with strategy end4
Filled City Creatures with strategy end4
Filled 500 Guru's Picks with strategy end4
Filled Closed with strategy end4
Filled Top Photographer with strategy end4
Filled Puppies with strategy end4
Filled Dramatic Lighting with strategy end4
Filled Photo of the Week! with strategy end4
Filled 3 Forms of Water with strategy end4

[2025-06-12 09:55:59] Stratégie chargée depuis gsgui.ini pour bruno/Best of Black & White: end4
[2025-06-12 09:55:59] Récupération des données de vote pour To Be Young (URL: blooming-youth, HEADER:{'User-Agent': 'Mozilla/5.0 (X11; Linux i686; rv:39.0) Gecko/20100101 Firefox/39.0', 'x-api-version': '8', 'x-env': 'WEB', 'X-requested-with': 'XMLHttpRequest', 'X-token': 'a1cad95a6d480c14f51dd0eba4914c8337b893c789ec6278bb440c7c9a673b162f042470c62684e6da2bd342ffea7777'})
[2025-06-12 09:55:59] Récupération des données de vote pour Architectural Curves (URL: architectural-curves, HEADER:{'User-Agent': 'Mozilla/5.0 (X11; Linux i686; rv:39.0) Gecko/20100101 Firefox/39.0', 'x-api-version': '8', 'x-env': 'WEB', 'X-requested-with': 'XMLHttpRequest', 'X-token': 'a1cad95a6d480c14f51dd0eba4914c8337b893c789ec6278bb440c7c9a673b162f042470c62684e6da2bd342ffea7777'})
[2025-06-12 09:55:59] Récupération des données de vote pour Unforgettable Moments (URL: unforgettable-moments2, HEADER:{'User-Agent': 'Mozilla/5.0 (X11; Linux i686; rv:39.0) Gecko/20100101 Firefox/39.0', 'x-api-version': '8', 'x-env': 'WEB', 'X-requested-with': 'XMLHttpRequest', 'X-token': 'a1cad95a6d480c14f51dd0eba4914c8337b893c789ec6278bb440c7c9a673b162f042470c62684e6da2bd342ffea7777'})
[2025-06-12 09:55:59] Récupération des données de vote pour Mud, Dust and Dirt! (URL: mud-dust-and-dirt-23, HEADER:{'User-Agent': 'Mozilla/5.0 (X11; Linux i686; rv:39.0) Gecko/20100101 Firefox/39.0', 'x-api-version': '8', 'x-env': 'WEB', 'X-requested-with': 'XMLHttpRequest', 'X-token': 'a1cad95a6d480c14f51dd0eba4914c8337b893c789ec6278bb440c7c9a673b162f042470c62684e6da2bd342ffea7777'})
[2025-06-12 09:55:59] Récupération des données de vote pour Best of Black & White (URL: best-of-black-white29, HEADER:{'User-Agent': 'Mozilla/5.0 (X11; Linux i686; rv:39.0) Gecko/20100101 Firefox/39.0', 'x-api-version': '8', 'x-env': 'WEB', 'X-requested-with': 'XMLHttpRequest', 'X-token': 'a1cad95a6d480c14f51dd0eba4914c8337b893c789ec6278bb440c7c9a673b162f042470c62684e6da2bd342ffea7777'})
[2025-06-12 09:55:59] Récupération des données de vote pour City Creatures (URL: city-creatures2, HEADER:{'User-Agent': 'Mozilla/5.0 (X11; Linux i686; rv:39.0) Gecko/20100101 Firefox/39.0', 'x-api-version': '8', 'x-env': 'WEB', 'X-requested-with': 'XMLHttpRequest', 'X-token': 'a1cad95a6d480c14f51dd0eba4914c8337b893c789ec6278bb440c7c9a673b162f042470c62684e6da2bd342ffea7777'})
[2025-06-12 09:55:59] Récupération des données de vote pour 500 Guru's Picks (URL: 500-guru-s-picks79, HEADER:{'User-Agent': 'Mozilla/5.0 (X11; Linux i686; rv:39.0) Gecko/20100101 Firefox/39.0', 'x-api-version': '8', 'x-env': 'WEB', 'X-requested-with': 'XMLHttpRequest', 'X-token': 'a1cad95a6d480c14f51dd0eba4914c8337b893c789ec6278bb440c7c9a673b162f042470c62684e6da2bd342ffea7777'})
[2025-06-12 09:55:59] Récupération des données de vote pour Closed (URL: closed27, HEADER:{'User-Agent': 'Mozilla/5.0 (X11; Linux i686; rv:39.0) Gecko/20100101 Firefox/39.0', 'x-api-version': '8', 'x-env': 'WEB', 'X-requested-with': 'XMLHttpRequest', 'X-token': 'a1cad95a6d480c14f51dd0eba4914c8337b893c789ec6278bb440c7c9a673b162f042470c62684e6da2bd342ffea7777'})
[2025-06-12 09:55:59] Récupération des données de vote pour Top Photographer (URL: top-photographer33, HEADER:{'User-Agent': 'Mozilla/5.0 (X11; Linux i686; rv:39.0) Gecko/20100101 Firefox/39.0', 'x-api-version': '8', 'x-env': 'WEB', 'X-requested-with': 'XMLHttpRequest', 'X-token': 'a1cad95a6d480c14f51dd0eba4914c8337b893c789ec6278bb440c7c9a673b162f042470c62684e6da2bd342ffea7777'})
[2025-06-12 09:55:59] Récupération des données de vote pour Puppies (URL: puppies8, HEADER:{'User-Agent': 'Mozilla/5.0 (X11; Linux i686; rv:39.0) Gecko/20100101 Firefox/39.0', 'x-api-version': '8', 'x-env': 'WEB', 'X-requested-with': 'XMLHttpRequest', 'X-token': 'a1cad95a6d480c14f51dd0eba4914c8337b893c789ec6278bb440c7c9a673b162f042470c62684e6da2bd342ffea7777'})
[2025-06-12 09:55:59] Récupération des données de vote pour Dramatic Lighting (URL: dramatic-lighting11, HEADER:{'User-Agent': 'Mozilla/5.0 (X11; Linux i686; rv:39.0) Gecko/20100101 Firefox/39.0', 'x-api-version': '8', 'x-env': 'WEB', 'X-requested-with': 'XMLHttpRequest', 'X-token': 'a1cad95a6d480c14f51dd0eba4914c8337b893c789ec6278bb440c7c9a673b162f042470c62684e6da2bd342ffea7777'})
[2025-06-12 09:55:59] Récupération des données de vote pour Photo of the Week! (URL: photo-of-the-week-300, HEADER:{'User-Agent': 'Mozilla/5.0 (X11; Linux i686; rv:39.0) Gecko/20100101 Firefox/39.0', 'x-api-version': '8', 'x-env': 'WEB', 'X-requested-with': 'XMLHttpRequest', 'X-token': 'a1cad95a6d480c14f51dd0eba4914c8337b893c789ec6278bb440c7c9a673b162f042470c62684e6da2bd342ffea7777'})
[2025-06-12 09:55:59] Récupération des données de vote pour 3 Forms of Water (URL: liquid-gas-or-ice, HEADER:{'User-Agent': 'Mozilla/5.0 (X11; Linux i686; rv:39.0) Gecko/20100101 Firefox/39.0', 'x-api-version': '8', 'x-env': 'WEB', 'X-requested-with': 'XMLHttpRequest', 'X-token': 'a1cad95a6d480c14f51dd0eba4914c8337b893c789ec6278bb440c7c9a673b162f042470c62684e6da2bd342ffea7777'})
[2025-06-12 09:55:59] Récupération réussie: 200 images pour Mud, Dust and Dirt!
[2025-06-12 09:55:59] Voting fetching ...
[2025-06-12 09:55:59] Mud, Dust and Dirt! voting 35 images
[2025-06-12 09:55:59] Stratégie chargée depuis gsgui.ini pour bruno/Best of Black & White: end4
[2025-06-12 09:56:02] Mud, Dust and Dirt! voting 35 images
[2025-06-12 09:56:02] Stratégie chargée depuis gsgui.ini pour bruno/Best of Black & White: end4
[2025-06-12 09:56:02] Récupération réussie: 200 images pour 3 Forms of Water
[2025-06-12 09:56:02] Voting fetching ...
[2025-06-12 09:56:02] 3 Forms of Water voting 35 images
[2025-06-12 09:56:02] Stratégie chargée depuis gsgui.ini pour bruno/Best of Black & White: end4
[2025-06-12 09:56:06] 3 Forms of Water voting 35 images
[2025-06-12 09:56:06] Stratégie chargée depuis gsgui.ini pour bruno/Best of Black & White: end4
[2025-06-12 09:56:06] Récupération réussie: 200 images pour City Creatures
[2025-06-12 09:56:06] Voting fetching ...
[2025-06-12 09:56:06] City Creatures voting 35 images
[2025-06-12 09:56:06] Stratégie chargée depuis gsgui.ini pour bruno/Best of Black & White: end4
[2025-06-12 09:56:09] City Creatures voting 35 images
[2025-06-12 09:56:09] Stratégie chargée depuis gsgui.ini pour bruno/Best of Black & White: end4
[2025-06-12 09:56:09] Récupération réussie: 200 images pour To Be Young
[2025-06-12 09:56:09] Voting fetching ...
[2025-06-12 09:56:09] To Be Young voting 35 images
[2025-06-12 09:56:09] Stratégie chargée depuis gsgui.ini pour bruno/Best of Black & White: end4
[2025-06-12 09:56:12] To Be Young voting 35 images
[2025-06-12 09:56:12] Stratégie chargée depuis gsgui.ini pour bruno/Best of Black & White: end4
[2025-06-12 09:56:12] Récupération réussie: 200 images pour Photo of the Week!
[2025-06-12 09:56:12] Voting fetching ...
[2025-06-12 09:56:12] Photo of the Week! voting 35 images
[2025-06-12 09:56:12] Stratégie chargée depuis gsgui.ini pour bruno/Best of Black & White: end4
[2025-06-12 09:56:15] Photo of the Week! voting 35 images
[2025-06-12 09:56:15] Stratégie chargée depuis gsgui.ini pour bruno/Best of Black & White: end4
[2025-06-12 09:56:15] Récupération réussie: 200 images pour Architectural Curves
[2025-06-12 09:56:15] Voting fetching ...
[2025-06-12 09:56:15] Architectural Curves voting 35 images
[2025-06-12 09:56:15] Stratégie chargée depuis gsgui.ini pour bruno/Best of Black & White: end4
[2025-06-12 09:56:18] Architectural Curves voting 35 images
[2025-06-12 09:56:18] Stratégie chargée depuis gsgui.ini pour bruno/Best of Black & White: end4
[2025-06-12 09:56:18] Récupération réussie: 200 images pour Puppies
[2025-06-12 09:56:18] Voting fetching ...
[2025-06-12 09:56:18] Puppies voting 35 images
[2025-06-12 09:56:18] Stratégie chargée depuis gsgui.ini pour bruno/Best of Black & White: end4
[2025-06-12 09:56:21] Puppies voting 35 images
[2025-06-12 09:56:21] Stratégie chargée depuis gsgui.ini pour bruno/Best of Black & White: end4
[2025-06-12 09:56:21] Récupération réussie: 200 images pour Closed
[2025-06-12 09:56:21] Voting fetching ...
[2025-06-12 09:56:21] Closed voting 35 images
[2025-06-12 09:56:21] Stratégie chargée depuis gsgui.ini pour bruno/Best of Black & White: end4
[2025-06-12 09:56:24] Closed voting 35 images
[2025-06-12 09:56:24] Stratégie chargée depuis gsgui.ini pour bruno/Best of Black & White: end4
[2025-06-12 09:56:24] Récupération réussie: 200 images pour Unforgettable Moments
[2025-06-12 09:56:24] Voting fetching ...
[2025-06-12 09:56:24] Unforgettable Moments voting 35 images
[2025-06-12 09:56:24] Stratégie chargée depuis gsgui.ini pour bruno/Best of Black & White: end4
[2025-06-12 09:56:27] Unforgettable Moments voting 35 images
[2025-06-12 09:56:27] Stratégie chargée depuis gsgui.ini pour bruno/Best of Black & White: end4
[2025-06-12 09:56:27] Récupération réussie: 200 images pour 500 Guru's Picks
[2025-06-12 09:56:27] Voting fetching ...
[2025-06-12 09:56:27] 500 Guru's Picks voting 35 images
[2025-06-12 09:56:27] Stratégie chargée depuis gsgui.ini pour bruno/Best of Black & White: end4
[2025-06-12 09:56:30] 500 Guru's Picks voting 35 images
[2025-06-12 09:56:30] Stratégie chargée depuis gsgui.ini pour bruno/Best of Black & White: end4
[2025-06-12 09:56:30] Récupération réussie: 200 images pour Top Photographer
[2025-06-12 09:56:30] Voting fetching ...
[2025-06-12 09:56:30] Top Photographer voting 35 images
[2025-06-12 09:56:30] Stratégie chargée depuis gsgui.ini pour bruno/Best of Black & White: end4
[2025-06-12 09:56:33] Top Photographer voting 35 images
[2025-06-12 09:56:33] Stratégie chargée depuis gsgui.ini pour bruno/Best of Black & White: end4
[2025-06-12 09:56:33] Récupération réussie: 200 images pour Dramatic Lighting
[2025-06-12 09:56:33] Voting fetching ...
[2025-06-12 09:56:33] Dramatic Lighting voting 35 images
[2025-06-12 09:56:33] Stratégie chargée depuis gsgui.ini pour bruno/Best of Black & White: end4
[2025-06-12 09:56:36] Dramatic Lighting voting 35 images
[2025-06-12 09:56:36] Stratégie chargée depuis gsgui.ini pour bruno/Best of Black & White: end4
[2025-06-12 09:56:36] Récupération réussie: 200 images pour Best of Black & White
[2025-06-12 09:56:36] Voting fetching ...
[2025-06-12 09:56:36] Best of Black & White voting 35 images
[2025-06-12 09:56:36] Stratégie chargée depuis gsgui.ini pour bruno/Best of Black & White: end4
[2025-06-12 09:56:39] Best of Black & White voting 35 images
[2025-06-12 09:56:39] Stratégie chargée depuis gsgui.ini pour bruno/Best of Black & White: end4
[2025-06-12 09:56:40] 3 Forms of Water voted successfully
[2025-06-12 09:56:42] City Creatures voted successfully
[2025-06-12 09:56:44] City Creatures voted successfully
[2025-06-12 09:56:46] Mud, Dust and Dirt! voted successfully
[2025-06-12 09:56:48] 3 Forms of Water voted successfully
[2025-06-12 09:56:50] Mud, Dust and Dirt! voted successfully
[2025-06-12 09:56:52] To Be Young voted successfully
[2025-06-12 09:56:54] Photo of the Week! voted successfully
[2025-06-12 09:56:56] Photo of the Week! voted successfully
[2025-06-12 09:56:58] Architectural Curves voted successfully
[2025-06-12 09:57:00] Puppies voted successfully
[2025-06-12 09:57:02] To Be Young voted successfully
[2025-06-12 09:57:04] Puppies voted successfully
[2025-06-12 09:57:06] Architectural Curves voted successfully
[2025-06-12 09:57:08] 500 Guru's Picks voted successfully
[2025-06-12 09:57:10] Unforgettable Moments voted successfully
[2025-06-12 09:57:12] Closed voted successfully
[2025-06-12 09:57:14] Closed voted successfully
[2025-06-12 09:57:16] Best of Black & White voted successfully
[2025-06-12 09:57:18] Unforgettable Moments voted successfully
[2025-06-12 09:57:20] 500 Guru's Picks voted successfully
[2025-06-12 09:57:22] Best of Black & White voted successfully
[2025-06-12 09:57:24] Dramatic Lighting voted successfully
[2025-06-12 09:57:26] Dramatic Lighting voted successfully
[2025-06-12 09:57:28] Top Photographer voted successfully
[2025-06-12 09:57:30] Top Photographer voted successfully
[2025-06-12 09:57:33] Challenges fetching ...
[2025-06-12 09:57:33] Stratégie chargée depuis gsgui.ini pour bruno/Best of Black & White: end4
[2025-06-12 09:57:33] Challenges fetched successfully for bruno!
[2025-06-12 09:57:33] Stratégie chargée depuis gsgui.ini pour bruno/Best of Black & White: end4
[2025-06-12 09:57:34] Challenges fetching ...
[2025-06-12 09:57:34] Stratégie chargée depuis gsgui.ini pour bruno/Best of Black & White: end4
[2025-06-12 09:57:34] Challenges fetched successfully for bruno!
[2025-06-12 09:57:34] Stratégie chargée depuis gsgui.ini pour bruno/Best of Black & White: end4
[2025-06-12 09:57:34] Challenges fetching ...
[2025-06-12 09:57:34] Stratégie chargée depuis gsgui.ini pour bruno/Best of Black & White: end4
[2025-06-12 09:57:34] Challenges fetched successfully for bruno!
[2025-06-12 09:57:34] Stratégie chargée depuis gsgui.ini pour bruno/Best of Black & White: end4
[2025-06-12 09:57:34] Challenges fetching ...
[2025-06-12 09:57:34] Stratégie chargée depuis gsgui.ini pour bruno/Best of Black & White: end4
[2025-06-12 09:57:34] Challenges fetched successfully for bruno!
[2025-06-12 09:57:34] Stratégie chargée depuis gsgui.ini pour bruno/Best of Black & White: end4
[2025-06-12 09:57:34] Challenges fetching ...
[2025-06-12 09:57:34] Stratégie chargée depuis gsgui.ini pour bruno/Best of Black & White: end4
[2025-06-12 09:57:34] Challenges fetched successfully for bruno!
[2025-06-12 09:57:34] Stratégie chargée depuis gsgui.ini pour bruno/Best of Black & White: end4
[2025-06-12 09:57:34] Challenges fetching ...
[2025-06-12 09:57:34] Stratégie chargée depuis gsgui.ini pour bruno/Best of Black & White: end4
[2025-06-12 09:57:34] Challenges fetched successfully for bruno!
[2025-06-12 09:57:34] Stratégie chargée depuis gsgui.ini pour bruno/Best of Black & White: end4
[2025-06-12 09:57:34] Challenges fetching ...
[2025-06-12 09:57:34] Stratégie chargée depuis gsgui.ini pour bruno/Best of Black & White: end4
[2025-06-12 09:57:34] Challenges fetched successfully for bruno!
[2025-06-12 09:57:34] Stratégie chargée depuis gsgui.ini pour bruno/Best of Black & White: end4
[2025-06-12 09:57:34] Challenges fetching ...
[2025-06-12 09:57:34] Stratégie chargée depuis gsgui.ini pour bruno/Best of Black & White: end4
[2025-06-12 09:57:34] Challenges fetched successfully for bruno!
[2025-06-12 09:57:34] Stratégie chargée depuis gsgui.ini pour bruno/Best of Black & White: end4
[2025-06-12 09:57:34] Challenges fetching ...
[2025-06-12 09:57:34] Stratégie chargée depuis gsgui.ini pour bruno/Best of Black & White: end4
[2025-06-12 09:57:34] Challenges fetched successfully for bruno!
[2025-06-12 09:57:34] Stratégie chargée depuis gsgui.ini pour bruno/Best of Black & White: end4
[2025-06-12 09:57:34] Challenges fetching ...
[2025-06-12 09:57:34] Stratégie chargée depuis gsgui.ini pour bruno/Best of Black & White: end4
[2025-06-12 09:57:34] Challenges fetched successfully for bruno!
[2025-06-12 09:57:34] Stratégie chargée depuis gsgui.ini pour bruno/Best of Black & White: end4
[2025-06-12 09:57:34] Challenges fetching ...
[2025-06-12 09:57:34] Stratégie chargée depuis gsgui.ini pour bruno/Best of Black & White: end4
[2025-06-12 09:57:34] Challenges fetched successfully for bruno!
[2025-06-12 09:57:34] Stratégie chargée depuis gsgui.ini pour bruno/Best of Black & White: end4
[2025-06-12 09:57:34] Challenges fetching ...
[2025-06-12 09:57:34] Stratégie chargée depuis gsgui.ini pour bruno/Best of Black & White: end4
[2025-06-12 09:57:34] Challenges fetched successfully for bruno!
[2025-06-12 09:57:34] Stratégie chargée depuis gsgui.ini pour bruno/Best of Black & White: end4
[2025-06-12 09:57:34] Challenges fetching ...
[2025-06-12 09:57:34] Stratégie chargée depuis gsgui.ini pour bruno/Best of Black & White: end4
[2025-06-12 09:57:34] Challenges fetched successfully for bruno!
[2025-06-12 09:57:34] Stratégie chargée depuis gsgui.ini pour bruno/Best of Black & White: end4
[2025-06-12 09:57:34] Challenges fetching ...
[2025-06-12 09:57:34] Stratégie chargée depuis gsgui.ini pour bruno/Best of Black & White: end4
[2025-06-12 09:57:34] Challenges fetched successfully for bruno!
[2025-06-12 09:57:34] Stratégie chargée depuis gsgui.ini pour bruno/Best of Black & White: end4
[2025-06-12 09:57:34] Challenges fetching ...
[2025-06-12 09:57:34] Stratégie chargée depuis gsgui.ini pour bruno/Best of Black & White: end4
[2025-06-12 09:57:34] Challenges fetched successfully for bruno!
[2025-06-12 09:57:34] Stratégie chargée depuis gsgui.ini pour bruno/Best of Black & White: end4
[2025-06-12 09:57:34] Challenges fetching ...
[2025-06-12 09:57:34] Stratégie chargée depuis gsgui.ini pour bruno/Best of Black & White: end4
[2025-06-12 09:57:34] Challenges fetched successfully for bruno!
[2025-06-12 09:57:34] Stratégie chargée depuis gsgui.ini pour bruno/Best of Black & White: end4
[2025-06-12 09:57:35] Challenges fetching ...
[2025-06-12 09:57:35] Stratégie chargée depuis gsgui.ini pour bruno/Best of Black & White: end4
[2025-06-12 09:57:35] Challenges fetched successfully for bruno!
[2025-06-12 09:57:35] Stratégie chargée depuis gsgui.ini pour bruno/Best of Black & White: end4
[2025-06-12 09:57:35] Challenges fetching ...
[2025-06-12 09:57:35] Stratégie chargée depuis gsgui.ini pour bruno/Best of Black & White: end4
[2025-06-12 09:57:35] Challenges fetched successfully for bruno!
[2025-06-12 09:57:35] Stratégie chargée depuis gsgui.ini pour bruno/Best of Black & White: end4
[2025-06-12 09:57:35] Challenges fetching ...
[2025-06-12 09:57:35] Stratégie chargée depuis gsgui.ini pour bruno/Best of Black & White: end4
[2025-06-12 09:57:35] Challenges fetched successfully for bruno!
[2025-06-12 09:57:35] Stratégie chargée depuis gsgui.ini pour bruno/Best of Black & White: end4
[2025-06-12 09:57:35] Challenges fetching ...
[2025-06-12 09:57:35] Stratégie chargée depuis gsgui.ini pour bruno/Best of Black & White: end4
[2025-06-12 09:57:35] Challenges fetched successfully for bruno!
[2025-06-12 09:57:35] Stratégie chargée depuis gsgui.ini pour bruno/Best of Black & White: end4
[2025-06-12 09:57:35] Challenges fetching ...
[2025-06-12 09:57:35] Stratégie chargée depuis gsgui.ini pour bruno/Best of Black & White: end4
[2025-06-12 09:57:35] Challenges fetched successfully for bruno!
[2025-06-12 09:57:35] Stratégie chargée depuis gsgui.ini pour bruno/Best of Black & White: end4
[2025-06-12 09:57:35] Challenges fetching ...
[2025-06-12 09:57:35] Stratégie chargée depuis gsgui.ini pour bruno/Best of Black & White: end4
[2025-06-12 09:57:35] Challenges fetched successfully for bruno!
[2025-06-12 09:57:35] Stratégie chargée depuis gsgui.ini pour bruno/Best of Black & White: end4
[2025-06-12 09:57:35] Challenges fetching ...
[2025-06-12 09:57:35] Stratégie chargée depuis gsgui.ini pour bruno/Best of Black & White: end4
[2025-06-12 09:57:35] Challenges fetched successfully for bruno!
[2025-06-12 09:57:35] Stratégie chargée depuis gsgui.ini pour bruno/Best of Black & White: end4
[2025-06-12 09:57:35] Challenges fetching ...
[2025-06-12 09:57:35] Stratégie chargée depuis gsgui.ini pour bruno/Best of Black & White: end4
[2025-06-12 09:57:35] Challenges fetched successfully for bruno!
[2025-06-12 09:57:35] Stratégie chargée depuis gsgui.ini pour bruno/Best of Black & White: end4
[2025-06-12 09:57:35] Challenges fetching ...
[2025-06-12 09:57:35] Stratégie chargée depuis gsgui.ini pour bruno/Best of Black & White: end4
[2025-06-12 09:57:35] Challenges fetched successfully for bruno!
[2025-06-12 09:57:35] Stratégie chargée depuis gsgui.ini pour bruno/Best of Black & White: end4
[2025-06-12 09:57:35] Challenges fetching ...
[2025-06-12 09:57:35] Stratégie chargée depuis gsgui.ini pour bruno/Best of Black & White: end4
[2025-06-12 09:57:35] Challenges fetched successfully for bruno!
[2025-06-12 09:57:35] Stratégie chargée depuis gsgui.ini pour bruno/Best of Black & White: end4
[2025-06-12 10:01:10] Fetching challenges...
[2025-06-12 10:01:13] Challenges fetching ...
[2025-06-12 10:01:13] Lancement automatique des stratégies de fin pour 15 nouveaux challenges...
[2025-06-12 10:01:13] Nouveau challenge détecté pour pascale: Top Photographer
[2025-06-12 10:01:13] Nouveau challenge détecté pour pascale: Traveling The World
[2025-06-12 10:01:13] Nouveau challenge détecté pour pascale: I Don't Like It
[2025-06-12 10:01:13] Nouveau challenge détecté pour pascale: Guru of The Week
[2025-06-12 10:01:13] Nouveau challenge détecté pour pascale: Closed
[2025-06-12 10:01:13] Nouveau challenge détecté pour pascale: Best of Black & White
[2025-06-12 10:01:13] Nouveau challenge détecté pour pascale: Photo of the Week!
[2025-06-12 10:01:13] Nouveau challenge détecté pour pascale: Dramatic Lighting
[2025-06-12 10:01:13] Nouveau challenge détecté pour pascale: Photographer of the Week
[2025-06-12 10:01:13] Nouveau challenge détecté pour pascale: Unforgettable Moments
[2025-06-12 10:01:13] Nouveau challenge détecté pour pascale: 3 Forms of Water
[2025-06-12 10:01:13] Nouveau challenge détecté pour pascale: City Creatures
[2025-06-12 10:01:13] Nouveau challenge détecté pour pascale: My Exhibition Shot
[2025-06-12 10:01:13] Nouveau challenge détecté pour pascale: 500 Guru's Picks
[2025-06-12 10:01:13] Nouveau challenge détecté pour pascale: Solo - Single Subject
[2025-06-12 10:01:13] Challenges fetched successfully for pascale!
[2025-06-12 10:11:54] Top Photographer get vote panel
[2025-06-12 10:11:54] Filling challenges: {101653}
Filled Top Photographer with strategy end4

[2025-06-12 10:11:55] Récupération des données de vote pour Top Photographer (URL: top-photographer33, HEADER:{'User-Agent': 'Mozilla/5.0 (X11; Linux i686; rv:39.0) Gecko/20100101 Firefox/39.0', 'x-api-version': '8', 'x-env': 'WEB', 'X-requested-with': 'XMLHttpRequest', 'X-token': 'f96bbe3a7e7f833329e7129767a69abbfa6dfce3152e3c2a311eb49d89b5c3bb2b12b66b402f03dce682b8b2b6a005cd'})
[2025-06-12 10:11:56] Récupération réussie: 200 images pour Top Photographer
[2025-06-12 10:11:56] Voting fetching ...
[2025-06-12 10:11:56] Top Photographer voting 35 images
[2025-06-12 10:11:59] Top Photographer voting 35 images
[2025-06-12 10:12:00] Top Photographer voted successfully
[2025-06-12 10:12:02] Top Photographer voted successfully
[2025-06-12 10:12:05] Top Photographer get vote panel
[2025-06-12 10:12:05] Filling challenges: {101653}
Filled Top Photographer with strategy end4

[2025-06-12 10:12:05] Récupération des données de vote pour Top Photographer (URL: top-photographer33, HEADER:{'User-Agent': 'Mozilla/5.0 (X11; Linux i686; rv:39.0) Gecko/20100101 Firefox/39.0', 'x-api-version': '8', 'x-env': 'WEB', 'X-requested-with': 'XMLHttpRequest', 'X-token': 'f96bbe3a7e7f833329e7129767a69abbfa6dfce3152e3c2a311eb49d89b5c3bb2b12b66b402f03dce682b8b2b6a005cd'})
[2025-06-12 10:12:06] Récupération réussie: 200 images pour Top Photographer
[2025-06-12 10:12:06] Voting fetching ...
[2025-06-12 10:12:06] Top Photographer voting 35 images
[2025-06-12 10:12:09] Top Photographer voting 35 images
[2025-06-12 10:12:10] Challenges fetching ...
[2025-06-12 10:12:10] Challenges fetched successfully for pascale!
[2025-06-12 10:12:10] Challenges fetching ...
[2025-06-12 10:12:10] Challenges fetched successfully for pascale!
[2025-06-12 10:12:11] Top Photographer voted successfully
[2025-06-12 10:12:13] Top Photographer voted successfully
[2025-06-12 10:12:17] Challenges fetching ...
[2025-06-12 10:12:17] Challenges fetched successfully for pascale!
[2025-06-12 10:12:17] Challenges fetching ...
[2025-06-12 10:12:17] Challenges fetched successfully for pascale!
[2025-06-12 10:47:42] Stratégie chargée depuis gsgui.ini pour bruno/Best of Black & White: end4
[2025-06-12 10:47:42] Désélection de tous les challenges

[2025-06-12 10:47:52] Lancement de la stratégie end4 pour To Be Young
[2025-06-12 10:47:52] Nouveau processus ajouté pour bruno: blooming-youth-vote-70-left-0H:4M - Statut: init
[2025-06-12 10:47:52] Traitement du challenge pour bruno: blooming-youth
[2025-06-12 10:47:52] Nouveau processus ajouté pour bruno: blooming-youth-vote-20-left-0H:3M - Statut: init
[2025-06-12 10:47:52] Traitement du challenge pour bruno: blooming-youth
[2025-06-12 10:47:52] Nouveau processus ajouté pour bruno: blooming-youth-vote-20-left-0H:2M - Statut: init
[2025-06-12 10:47:52] Traitement du challenge pour bruno: blooming-youth
[2025-06-12 10:47:52] Processus mis à jour pour bruno: blooming-youth-vote-70-left-0H:4M - waiting
[2025-06-12 10:47:52] Nouveau processus ajouté pour bruno: blooming-youth-vote-20-left-0H:1M - Statut: init
[2025-06-12 10:47:52] Traitement du challenge pour bruno: blooming-youth
[2025-06-12 10:47:52] Processus mis à jour pour bruno: blooming-youth-vote-20-left-0H:3M - waiting
[2025-06-12 10:47:52] Processus mis à jour pour bruno: blooming-youth-vote-20-left-0H:2M - waiting
[2025-06-12 10:47:52] Processus mis à jour pour bruno: blooming-youth-vote-20-left-0H:1M - waiting
[2025-06-12 10:47:52] Stratégie chargée depuis gsgui.ini pour bruno/Best of Black & White: end4
[2025-06-12 10:47:52] Lancement de la stratégie end4 pour Unforgettable Moments
[2025-06-12 10:47:52] Nouveau processus ajouté pour bruno: unforgettable-moments2-vote-70-left-0H:4M - Statut: init
[2025-06-12 10:47:52] Traitement du challenge pour bruno: unforgettable-moments2
[2025-06-12 10:47:52] Nouveau processus ajouté pour bruno: unforgettable-moments2-vote-20-left-0H:3M - Statut: init
[2025-06-12 10:47:52] Traitement du challenge pour bruno: unforgettable-moments2
[2025-06-12 10:47:52] Nouveau processus ajouté pour bruno: unforgettable-moments2-vote-20-left-0H:2M - Statut: init
[2025-06-12 10:47:52] Processus mis à jour pour bruno: unforgettable-moments2-vote-70-left-0H:4M - waiting
[2025-06-12 10:47:52] Traitement du challenge pour bruno: unforgettable-moments2
[2025-06-12 10:47:52] Nouveau processus ajouté pour bruno: unforgettable-moments2-vote-20-left-0H:1M - Statut: init
[2025-06-12 10:47:52] Processus mis à jour pour bruno: unforgettable-moments2-vote-20-left-0H:3M - waiting
[2025-06-12 10:47:52] Traitement du challenge pour bruno: unforgettable-moments2
[2025-06-12 10:47:52] Processus mis à jour pour bruno: unforgettable-moments2-vote-20-left-0H:2M - waiting
[2025-06-12 10:47:52] Processus mis à jour pour bruno: unforgettable-moments2-vote-20-left-0H:1M - waiting
[2025-06-12 10:47:52] Stratégie chargée depuis gsgui.ini pour bruno/Best of Black & White: end4
[2025-06-12 10:47:52] Lancement de la stratégie end4 pour Best of Black & White
[2025-06-12 10:47:52] Nouveau processus ajouté pour bruno: best-of-black-white29-vote-70-left-0H:4M - Statut: init
[2025-06-12 10:47:52] Traitement du challenge pour bruno: best-of-black-white29
[2025-06-12 10:47:52] Nouveau processus ajouté pour bruno: best-of-black-white29-vote-20-left-0H:3M - Statut: init
[2025-06-12 10:47:52] Traitement du challenge pour bruno: best-of-black-white29
[2025-06-12 10:47:52] Processus mis à jour pour bruno: best-of-black-white29-vote-70-left-0H:4M - waiting
[2025-06-12 10:47:52] Nouveau processus ajouté pour bruno: best-of-black-white29-vote-20-left-0H:2M - Statut: init
[2025-06-12 10:47:52] Nouveau processus ajouté pour bruno: best-of-black-white29-vote-20-left-0H:1M - Statut: init
[2025-06-12 10:47:52] Traitement du challenge pour bruno: best-of-black-white29
[2025-06-12 10:47:52] Traitement du challenge pour bruno: best-of-black-white29
[2025-06-12 10:47:52] Processus mis à jour pour bruno: best-of-black-white29-vote-20-left-0H:3M - waiting
[2025-06-12 10:47:52] Processus mis à jour pour bruno: best-of-black-white29-vote-20-left-0H:2M - waiting
[2025-06-12 10:47:52] Processus mis à jour pour bruno: best-of-black-white29-vote-20-left-0H:1M - waiting
[2025-06-12 10:47:52] Stratégie chargée depuis gsgui.ini pour bruno/Best of Black & White: end4
[2025-06-12 10:47:52] Lancement de la stratégie end4 pour Top Photographer
[2025-06-12 10:47:52] Nouveau processus ajouté pour bruno: top-photographer33-vote-70-left-0H:4M - Statut: init
[2025-06-12 10:47:52] Traitement du challenge pour bruno: top-photographer33
[2025-06-12 10:47:52] Nouveau processus ajouté pour bruno: top-photographer33-vote-20-left-0H:3M - Statut: init
[2025-06-12 10:47:52] Traitement du challenge pour bruno: top-photographer33
[2025-06-12 10:47:52] Nouveau processus ajouté pour bruno: top-photographer33-vote-20-left-0H:2M - Statut: init
[2025-06-12 10:47:52] Traitement du challenge pour bruno: top-photographer33
[2025-06-12 10:47:52] Processus mis à jour pour bruno: top-photographer33-vote-70-left-0H:4M - waiting
[2025-06-12 10:47:52] Nouveau processus ajouté pour bruno: top-photographer33-vote-20-left-0H:1M - Statut: init
[2025-06-12 10:47:52] Processus mis à jour pour bruno: top-photographer33-vote-20-left-0H:3M - waiting
[2025-06-12 10:47:52] Processus mis à jour pour bruno: top-photographer33-vote-20-left-0H:2M - waiting
[2025-06-12 10:47:52] Traitement du challenge pour bruno: top-photographer33
[2025-06-12 10:47:52] Processus mis à jour pour bruno: top-photographer33-vote-20-left-0H:1M - waiting
[2025-06-12 10:47:52] Stratégie chargée depuis gsgui.ini pour bruno/Best of Black & White: end4
[2025-06-12 10:47:52] Lancement de la stratégie end4 pour Puppies
[2025-06-12 10:47:52] Nouveau processus ajouté pour bruno: puppies8-vote-70-left-0H:4M - Statut: init
[2025-06-12 10:47:52] Nouveau processus ajouté pour bruno: puppies8-vote-20-left-0H:3M - Statut: init
[2025-06-12 10:47:52] Traitement du challenge pour bruno: puppies8
[2025-06-12 10:47:52] Traitement du challenge pour bruno: puppies8
[2025-06-12 10:47:52] Nouveau processus ajouté pour bruno: puppies8-vote-20-left-0H:2M - Statut: init
[2025-06-12 10:47:52] Processus mis à jour pour bruno: puppies8-vote-70-left-0H:4M - waiting
[2025-06-12 10:47:52] Traitement du challenge pour bruno: puppies8
[2025-06-12 10:47:52] Processus mis à jour pour bruno: puppies8-vote-20-left-0H:3M - waiting
[2025-06-12 10:47:52] Nouveau processus ajouté pour bruno: puppies8-vote-20-left-0H:1M - Statut: init
[2025-06-12 10:47:52] Traitement du challenge pour bruno: puppies8
[2025-06-12 10:47:52] Processus mis à jour pour bruno: puppies8-vote-20-left-0H:2M - waiting
[2025-06-12 10:47:52] Processus mis à jour pour bruno: puppies8-vote-20-left-0H:1M - waiting
[2025-06-12 10:47:52] Stratégie chargée depuis gsgui.ini pour bruno/Best of Black & White: end4
[2025-06-12 10:47:52] Application des stratégies pour les challenges sélectionnés:
- To Be Young avec stratégie end4
- Unforgettable Moments avec stratégie end4
- Best of Black & White avec stratégie end4
- Top Photographer avec stratégie end4
- Puppies avec stratégie end4

[2025-06-12 11:28:35] Erreur lors du rafraîchissement API, utilisation du cache: HTTPSConnectionPool(host='api.gurushots.com', port=443): Max retries exceeded with url: /rest/get_my_active_challenges (Caused by NameResolutionError("<urllib3.connection.HTTPSConnection object at 0x11cbe6d50>: Failed to resolve 'api.gurushots.com' ([Errno 8] nodename nor servname provided, or not known)"))
[2025-06-12 11:28:35] Erreur lors du rafraîchissement API, utilisation du cache: HTTPSConnectionPool(host='api.gurushots.com', port=443): Max retries exceeded with url: /rest/get_my_active_challenges (Caused by NameResolutionError("<urllib3.connection.HTTPSConnection object at 0x11a3e39d0>: Failed to resolve 'api.gurushots.com' ([Errno 8] nodename nor servname provided, or not known)"))
[2025-06-12 11:28:35] Erreur lors du rafraîchissement API, utilisation du cache: HTTPSConnectionPool(host='api.gurushots.com', port=443): Max retries exceeded with url: /rest/get_my_active_challenges (Caused by NameResolutionError("<urllib3.connection.HTTPSConnection object at 0x11a8b3250>: Failed to resolve 'api.gurushots.com' ([Errno 8] nodename nor servname provided, or not known)"))
[2025-06-12 11:28:35] Erreur lors du rafraîchissement API, utilisation du cache: HTTPSConnectionPool(host='api.gurushots.com', port=443): Max retries exceeded with url: /rest/get_my_active_challenges (Caused by NameResolutionError("<urllib3.connection.HTTPSConnection object at 0x11a8b2490>: Failed to resolve 'api.gurushots.com' ([Errno 8] nodename nor servname provided, or not known)"))
[2025-06-12 11:28:35] Erreur lors du rafraîchissement API, utilisation du cache: HTTPSConnectionPool(host='api.gurushots.com', port=443): Max retries exceeded with url: /rest/get_my_active_challenges (Caused by NameResolutionError("<urllib3.connection.HTTPSConnection object at 0x11cbe5450>: Failed to resolve 'api.gurushots.com' ([Errno 8] nodename nor servname provided, or not known)"))
[2025-06-12 11:28:35] Erreur lors du rafraîchissement API, utilisation du cache: HTTPSConnectionPool(host='api.gurushots.com', port=443): Max retries exceeded with url: /rest/get_my_active_challenges (Caused by NameResolutionError("<urllib3.connection.HTTPSConnection object at 0x11a3e3610>: Failed to resolve 'api.gurushots.com' ([Errno 8] nodename nor servname provided, or not known)"))
[2025-06-12 11:28:35] Erreur lors du rafraîchissement API, utilisation du cache: HTTPSConnectionPool(host='api.gurushots.com', port=443): Max retries exceeded with url: /rest/get_my_active_challenges (Caused by NameResolutionError("<urllib3.connection.HTTPSConnection object at 0x11a8b3d90>: Failed to resolve 'api.gurushots.com' ([Errno 8] nodename nor servname provided, or not known)"))
[2025-06-12 11:28:35] Erreur lors du rafraîchissement API, utilisation du cache: HTTPSConnectionPool(host='api.gurushots.com', port=443): Max retries exceeded with url: /rest/get_my_active_challenges (Caused by NameResolutionError("<urllib3.connection.HTTPSConnection object at 0x11cbe5810>: Failed to resolve 'api.gurushots.com' ([Errno 8] nodename nor servname provided, or not known)"))
[2025-06-12 11:28:35] Erreur lors du rafraîchissement API, utilisation du cache: HTTPSConnectionPool(host='api.gurushots.com', port=443): Max retries exceeded with url: /rest/get_my_active_challenges (Caused by NameResolutionError("<urllib3.connection.HTTPSConnection object at 0x11a8b3b10>: Failed to resolve 'api.gurushots.com' ([Errno 8] nodename nor servname provided, or not known)"))
[2025-06-12 11:28:35] Erreur lors du rafraîchissement API, utilisation du cache: HTTPSConnectionPool(host='api.gurushots.com', port=443): Max retries exceeded with url: /rest/get_my_active_challenges (Caused by NameResolutionError("<urllib3.connection.HTTPSConnection object at 0x11a8b0050>: Failed to resolve 'api.gurushots.com' ([Errno 8] nodename nor servname provided, or not known)"))
[2025-06-12 11:28:35] Erreur lors du rafraîchissement API, utilisation du cache: HTTPSConnectionPool(host='api.gurushots.com', port=443): Max retries exceeded with url: /rest/get_my_active_challenges (Caused by NameResolutionError("<urllib3.connection.HTTPSConnection object at 0x11a8b1e50>: Failed to resolve 'api.gurushots.com' ([Errno 8] nodename nor servname provided, or not known)"))
[2025-06-12 11:28:35] Erreur lors du rafraîchissement API, utilisation du cache: HTTPSConnectionPool(host='api.gurushots.com', port=443): Max retries exceeded with url: /rest/get_my_active_challenges (Caused by NameResolutionError("<urllib3.connection.HTTPSConnection object at 0x11a8b07d0>: Failed to resolve 'api.gurushots.com' ([Errno 8] nodename nor servname provided, or not known)"))
[2025-06-12 11:28:35] Erreur lors du rafraîchissement API, utilisation du cache: HTTPSConnectionPool(host='api.gurushots.com', port=443): Max retries exceeded with url: /rest/get_my_active_challenges (Caused by NameResolutionError("<urllib3.connection.HTTPSConnection object at 0x11a8b3390>: Failed to resolve 'api.gurushots.com' ([Errno 8] nodename nor servname provided, or not known)"))
[2025-06-12 11:28:37] Erreur lors du rafraîchissement API, utilisation du cache: HTTPSConnectionPool(host='api.gurushots.com', port=443): Max retries exceeded with url: /rest/get_my_active_challenges (Caused by NameResolutionError("<urllib3.connection.HTTPSConnection object at 0x11aa65950>: Failed to resolve 'api.gurushots.com' ([Errno 8] nodename nor servname provided, or not known)"))
[2025-06-12 11:28:37] Erreur lors du rafraîchissement API, utilisation du cache: HTTPSConnectionPool(host='api.gurushots.com', port=443): Max retries exceeded with url: /rest/get_my_active_challenges (Caused by NameResolutionError("<urllib3.connection.HTTPSConnection object at 0x11aa65d10>: Failed to resolve 'api.gurushots.com' ([Errno 8] nodename nor servname provided, or not known)"))
[2025-06-12 11:28:42] Erreur lors du rafraîchissement API, utilisation du cache: HTTPSConnectionPool(host='api.gurushots.com', port=443): Max retries exceeded with url: /rest/get_my_active_challenges (Caused by NameResolutionError("<urllib3.connection.HTTPSConnection object at 0x11a3e39d0>: Failed to resolve 'api.gurushots.com' ([Errno 8] nodename nor servname provided, or not known)"))
[2025-06-12 11:28:42] Erreur lors du rafraîchissement API, utilisation du cache: HTTPSConnectionPool(host='api.gurushots.com', port=443): Max retries exceeded with url: /rest/get_my_active_challenges (Caused by NameResolutionError("<urllib3.connection.HTTPSConnection object at 0x11cbe5810>: Failed to resolve 'api.gurushots.com' ([Errno 8] nodename nor servname provided, or not known)"))
[2025-06-12 11:28:42] Erreur lors du rafraîchissement API, utilisation du cache: HTTPSConnectionPool(host='api.gurushots.com', port=443): Max retries exceeded with url: /rest/get_my_active_challenges (Caused by NameResolutionError("<urllib3.connection.HTTPSConnection object at 0x11a8b3250>: Failed to resolve 'api.gurushots.com' ([Errno 8] nodename nor servname provided, or not known)"))
[2025-06-12 13:19:59] Erreur lors du rafraîchissement API, utilisation du cache: HTTPSConnectionPool(host='api.gurushots.com', port=443): Max retries exceeded with url: /rest/get_my_active_challenges (Caused by NameResolutionError("<urllib3.connection.HTTPSConnection object at 0x11a8b3b10>: Failed to resolve 'api.gurushots.com' ([Errno 8] nodename nor servname provided, or not known)"))
[2025-06-12 13:19:59] Erreur lors du rafraîchissement API, utilisation du cache: HTTPSConnectionPool(host='api.gurushots.com', port=443): Max retries exceeded with url: /rest/get_my_active_challenges (Caused by NameResolutionError("<urllib3.connection.HTTPSConnection object at 0x11a8b2850>: Failed to resolve 'api.gurushots.com' ([Errno 8] nodename nor servname provided, or not known)"))
[2025-06-12 13:19:59] Erreur lors du rafraîchissement API, utilisation du cache: HTTPSConnectionPool(host='api.gurushots.com', port=443): Max retries exceeded with url: /rest/get_my_active_challenges (Caused by NameResolutionError("<urllib3.connection.HTTPSConnection object at 0x11aa64a50>: Failed to resolve 'api.gurushots.com' ([Errno 8] nodename nor servname provided, or not known)"))
[2025-06-12 13:19:59] Erreur lors du rafraîchissement API, utilisation du cache: HTTPSConnectionPool(host='api.gurushots.com', port=443): Max retries exceeded with url: /rest/get_my_active_challenges (Caused by NameResolutionError("<urllib3.connection.HTTPSConnection object at 0x11aa65bd0>: Failed to resolve 'api.gurushots.com' ([Errno 8] nodename nor servname provided, or not known)"))
[2025-06-12 13:19:59] Erreur lors du rafraîchissement API, utilisation du cache: HTTPSConnectionPool(host='api.gurushots.com', port=443): Max retries exceeded with url: /rest/get_my_active_challenges (Caused by NameResolutionError("<urllib3.connection.HTTPSConnection object at 0x11a8b3890>: Failed to resolve 'api.gurushots.com' ([Errno 8] nodename nor servname provided, or not known)"))
[2025-06-12 13:19:59] Erreur lors du rafraîchissement API, utilisation du cache: HTTPSConnectionPool(host='api.gurushots.com', port=443): Max retries exceeded with url: /rest/get_my_active_challenges (Caused by NameResolutionError("<urllib3.connection.HTTPSConnection object at 0x11aa65a90>: Failed to resolve 'api.gurushots.com' ([Errno 8] nodename nor servname provided, or not known)"))
[2025-06-12 13:19:59] Erreur lors du rafraîchissement API, utilisation du cache: HTTPSConnectionPool(host='api.gurushots.com', port=443): Max retries exceeded with url: /rest/get_my_active_challenges (Caused by NameResolutionError("<urllib3.connection.HTTPSConnection object at 0x11aa64410>: Failed to resolve 'api.gurushots.com' ([Errno 8] nodename nor servname provided, or not known)"))
[2025-06-12 13:19:59] Erreur lors du rafraîchissement API, utilisation du cache: HTTPSConnectionPool(host='api.gurushots.com', port=443): Max retries exceeded with url: /rest/get_my_active_challenges (Caused by NameResolutionError("<urllib3.connection.HTTPSConnection object at 0x11aa64b90>: Failed to resolve 'api.gurushots.com' ([Errno 8] nodename nor servname provided, or not known)"))
[2025-06-12 13:19:59] Erreur lors du rafraîchissement API, utilisation du cache: HTTPSConnectionPool(host='api.gurushots.com', port=443): Max retries exceeded with url: /rest/get_my_active_challenges (Caused by NameResolutionError("<urllib3.connection.HTTPSConnection object at 0x11aa65950>: Failed to resolve 'api.gurushots.com' ([Errno 8] nodename nor servname provided, or not known)"))
[2025-06-12 13:19:59] Erreur lors du rafraîchissement API, utilisation du cache: HTTPSConnectionPool(host='api.gurushots.com', port=443): Max retries exceeded with url: /rest/get_my_active_challenges (Caused by NameResolutionError("<urllib3.connection.HTTPSConnection object at 0x11aa65310>: Failed to resolve 'api.gurushots.com' ([Errno 8] nodename nor servname provided, or not known)"))
[2025-06-12 13:19:59] Erreur lors du rafraîchissement API, utilisation du cache: HTTPSConnectionPool(host='api.gurushots.com', port=443): Max retries exceeded with url: /rest/get_my_active_challenges (Caused by NameResolutionError("<urllib3.connection.HTTPSConnection object at 0x11aa64cd0>: Failed to resolve 'api.gurushots.com' ([Errno 8] nodename nor servname provided, or not known)"))
[2025-06-12 13:19:59] Erreur lors du rafraîchissement API, utilisation du cache: HTTPSConnectionPool(host='api.gurushots.com', port=443): Max retries exceeded with url: /rest/get_my_active_challenges (Caused by NameResolutionError("<urllib3.connection.HTTPSConnection object at 0x11aa64690>: Failed to resolve 'api.gurushots.com' ([Errno 8] nodename nor servname provided, or not known)"))
[2025-06-12 13:19:59] Erreur lors du rafraîchissement API, utilisation du cache: HTTPSConnectionPool(host='api.gurushots.com', port=443): Max retries exceeded with url: /rest/get_my_active_challenges (Caused by NameResolutionError("<urllib3.connection.HTTPSConnection object at 0x11aa64550>: Failed to resolve 'api.gurushots.com' ([Errno 8] nodename nor servname provided, or not known)"))
[2025-06-12 13:20:00] Erreur lors du rafraîchissement API, utilisation du cache: HTTPSConnectionPool(host='api.gurushots.com', port=443): Max retries exceeded with url: /rest/get_my_active_challenges (Caused by NameResolutionError("<urllib3.connection.HTTPSConnection object at 0x11cbe5450>: Failed to resolve 'api.gurushots.com' ([Errno 8] nodename nor servname provided, or not known)"))
[2025-06-12 13:20:01] Erreur lors du rafraîchissement API, utilisation du cache: HTTPSConnectionPool(host='api.gurushots.com', port=443): Max retries exceeded with url: /rest/get_my_active_challenges (Caused by NameResolutionError("<urllib3.connection.HTTPSConnection object at 0x11aa660d0>: Failed to resolve 'api.gurushots.com' ([Errno 8] nodename nor servname provided, or not known)"))
[2025-06-12 13:20:04] Erreur lors du rafraîchissement API, utilisation du cache: HTTPSConnectionPool(host='api.gurushots.com', port=443): Read timed out. (read timeout=None)
[2025-06-12 13:20:04] Erreur lors du rafraîchissement API, utilisation du cache: HTTPSConnectionPool(host='api.gurushots.com', port=443): Read timed out. (read timeout=None)
[2025-06-12 13:20:06] Erreur lors du rafraîchissement API, utilisation du cache: HTTPSConnectionPool(host='api.gurushots.com', port=443): Max retries exceeded with url: /rest/get_my_active_challenges (Caused by NameResolutionError("<urllib3.connection.HTTPSConnection object at 0x11aa66710>: Failed to resolve 'api.gurushots.com' ([Errno 8] nodename nor servname provided, or not known)"))
[2025-06-12 13:20:06] Erreur lors du rafraîchissement API, utilisation du cache: HTTPSConnectionPool(host='api.gurushots.com', port=443): Max retries exceeded with url: /rest/get_my_active_challenges (Caused by NameResolutionError("<urllib3.connection.HTTPSConnection object at 0x11aa66850>: Failed to resolve 'api.gurushots.com' ([Errno 8] nodename nor servname provided, or not known)"))
[2025-06-12 13:20:06] Erreur lors du rafraîchissement API, utilisation du cache: HTTPSConnectionPool(host='api.gurushots.com', port=443): Max retries exceeded with url: /rest/get_my_active_challenges (Caused by NameResolutionError("<urllib3.connection.HTTPSConnection object at 0x11aa66e90>: Failed to resolve 'api.gurushots.com' ([Errno 8] nodename nor servname provided, or not known)"))
[2025-06-12 13:20:14] Erreur lors du rafraîchissement API, utilisation du cache: HTTPSConnectionPool(host='api.gurushots.com', port=443): Max retries exceeded with url: /rest/get_my_active_challenges (Caused by NameResolutionError("<urllib3.connection.HTTPSConnection object at 0x11aa67250>: Failed to resolve 'api.gurushots.com' ([Errno 8] nodename nor servname provided, or not known)"))
[2025-06-12 13:20:14] Erreur lors du rafraîchissement API, utilisation du cache: HTTPSConnectionPool(host='api.gurushots.com', port=443): Max retries exceeded with url: /rest/get_my_active_challenges (Caused by NameResolutionError("<urllib3.connection.HTTPSConnection object at 0x11aa674d0>: Failed to resolve 'api.gurushots.com' ([Errno 8] nodename nor servname provided, or not known)"))
[2025-06-12 13:20:14] Erreur lors du rafraîchissement API, utilisation du cache: HTTPSConnectionPool(host='api.gurushots.com', port=443): Max retries exceeded with url: /rest/get_my_active_challenges (Caused by NameResolutionError("<urllib3.connection.HTTPSConnection object at 0x11aa67390>: Failed to resolve 'api.gurushots.com' ([Errno 8] nodename nor servname provided, or not known)"))
[2025-06-12 13:20:14] Erreur lors du rafraîchissement API, utilisation du cache: HTTPSConnectionPool(host='api.gurushots.com', port=443): Max retries exceeded with url: /rest/get_my_active_challenges (Caused by NameResolutionError("<urllib3.connection.HTTPSConnection object at 0x11a5b8050>: Failed to resolve 'api.gurushots.com' ([Errno 8] nodename nor servname provided, or not known)"))
[2025-06-12 13:20:14] Erreur lors du rafraîchissement API, utilisation du cache: HTTPSConnectionPool(host='api.gurushots.com', port=443): Max retries exceeded with url: /rest/get_my_active_challenges (Caused by NameResolutionError("<urllib3.connection.HTTPSConnection object at 0x11aa67d90>: Failed to resolve 'api.gurushots.com' ([Errno 8] nodename nor servname provided, or not known)"))
[2025-06-12 13:20:14] Erreur lors du rafraîchissement API, utilisation du cache: HTTPSConnectionPool(host='api.gurushots.com', port=443): Max retries exceeded with url: /rest/get_my_active_challenges (Caused by NameResolutionError("<urllib3.connection.HTTPSConnection object at 0x11cbe7ed0>: Failed to resolve 'api.gurushots.com' ([Errno 8] nodename nor servname provided, or not known)"))
[2025-06-12 13:20:14] Erreur lors du rafraîchissement API, utilisation du cache: HTTPSConnectionPool(host='api.gurushots.com', port=443): Max retries exceeded with url: /rest/get_my_active_challenges (Caused by NameResolutionError("<urllib3.connection.HTTPSConnection object at 0x11aa67ed0>: Failed to resolve 'api.gurushots.com' ([Errno 8] nodename nor servname provided, or not known)"))
[2025-06-12 13:20:14] Erreur lors du rafraîchissement API, utilisation du cache: HTTPSConnectionPool(host='api.gurushots.com', port=443): Max retries exceeded with url: /rest/get_my_active_challenges (Caused by NameResolutionError("<urllib3.connection.HTTPSConnection object at 0x11a3e0550>: Failed to resolve 'api.gurushots.com' ([Errno 8] nodename nor servname provided, or not known)"))
[2025-06-12 13:20:14] Erreur lors du rafraîchissement API, utilisation du cache: HTTPSConnectionPool(host='api.gurushots.com', port=443): Max retries exceeded with url: /rest/get_my_active_challenges (Caused by NameResolutionError("<urllib3.connection.HTTPSConnection object at 0x11aa67250>: Failed to resolve 'api.gurushots.com' ([Errno 8] nodename nor servname provided, or not known)"))
[2025-06-12 13:20:14] Erreur lors du rafraîchissement API, utilisation du cache: HTTPSConnectionPool(host='api.gurushots.com', port=443): Max retries exceeded with url: /rest/get_my_active_challenges (Caused by NameResolutionError("<urllib3.connection.HTTPSConnection object at 0x11aa66850>: Failed to resolve 'api.gurushots.com' ([Errno 8] nodename nor servname provided, or not known)"))
[2025-06-12 13:20:14] Erreur lors du rafraîchissement API, utilisation du cache: HTTPSConnectionPool(host='api.gurushots.com', port=443): Max retries exceeded with url: /rest/get_my_active_challenges (Caused by NameResolutionError("<urllib3.connection.HTTPSConnection object at 0x11cbe5450>: Failed to resolve 'api.gurushots.com' ([Errno 8] nodename nor servname provided, or not known)"))
[2025-06-12 13:20:14] Erreur lors du rafraîchissement API, utilisation du cache: HTTPSConnectionPool(host='api.gurushots.com', port=443): Max retries exceeded with url: /rest/get_my_active_challenges (Caused by NameResolutionError("<urllib3.connection.HTTPSConnection object at 0x11aa66e90>: Failed to resolve 'api.gurushots.com' ([Errno 8] nodename nor servname provided, or not known)"))
[2025-06-12 13:20:14] Erreur lors du rafraîchissement API, utilisation du cache: HTTPSConnectionPool(host='api.gurushots.com', port=443): Max retries exceeded with url: /rest/get_my_active_challenges (Caused by NameResolutionError("<urllib3.connection.HTTPSConnection object at 0x11aa665d0>: Failed to resolve 'api.gurushots.com' ([Errno 8] nodename nor servname provided, or not known)"))
[2025-06-12 13:20:15] Erreur lors du rafraîchissement API, utilisation du cache: HTTPSConnectionPool(host='api.gurushots.com', port=443): Max retries exceeded with url: /rest/get_my_active_challenges (Caused by NameResolutionError("<urllib3.connection.HTTPSConnection object at 0x11a8b07d0>: Failed to resolve 'api.gurushots.com' ([Errno 8] nodename nor servname provided, or not known)"))
[2025-06-12 13:20:16] Erreur lors du rafraîchissement API, utilisation du cache: HTTPSConnectionPool(host='api.gurushots.com', port=443): Max retries exceeded with url: /rest/get_my_active_challenges (Caused by NameResolutionError("<urllib3.connection.HTTPSConnection object at 0x11a8b3250>: Failed to resolve 'api.gurushots.com' ([Errno 8] nodename nor servname provided, or not known)"))
[2025-06-12 13:20:19] Erreur lors du rafraîchissement API, utilisation du cache: HTTPSConnectionPool(host='api.gurushots.com', port=443): Max retries exceeded with url: /rest/get_my_active_challenges (Caused by NameResolutionError("<urllib3.connection.HTTPSConnection object at 0x11a5b8410>: Failed to resolve 'api.gurushots.com' ([Errno 8] nodename nor servname provided, or not known)"))
[2025-06-12 13:20:19] Erreur lors du rafraîchissement API, utilisation du cache: HTTPSConnectionPool(host='api.gurushots.com', port=443): Max retries exceeded with url: /rest/get_my_active_challenges (Caused by NameResolutionError("<urllib3.connection.HTTPSConnection object at 0x11a5b87d0>: Failed to resolve 'api.gurushots.com' ([Errno 8] nodename nor servname provided, or not known)"))
[2025-06-12 13:20:21] Erreur lors du rafraîchissement API, utilisation du cache: HTTPSConnectionPool(host='api.gurushots.com', port=443): Max retries exceeded with url: /rest/get_my_active_challenges (Caused by NameResolutionError("<urllib3.connection.HTTPSConnection object at 0x11a5b8b90>: Failed to resolve 'api.gurushots.com' ([Errno 8] nodename nor servname provided, or not known)"))
[2025-06-12 13:20:21] Erreur lors du rafraîchissement API, utilisation du cache: HTTPSConnectionPool(host='api.gurushots.com', port=443): Max retries exceeded with url: /rest/get_my_active_challenges (Caused by NameResolutionError("<urllib3.connection.HTTPSConnection object at 0x11a5b8cd0>: Failed to resolve 'api.gurushots.com' ([Errno 8] nodename nor servname provided, or not known)"))
[2025-06-12 13:20:21] Erreur lors du rafraîchissement API, utilisation du cache: HTTPSConnectionPool(host='api.gurushots.com', port=443): Max retries exceeded with url: /rest/get_my_active_challenges (Caused by NameResolutionError("<urllib3.connection.HTTPSConnection object at 0x11a5b9090>: Failed to resolve 'api.gurushots.com' ([Errno 8] nodename nor servname provided, or not known)"))
[2025-06-12 13:33:15] Erreur lors du rafraîchissement API, utilisation du cache: HTTPSConnectionPool(host='api.gurushots.com', port=443): Max retries exceeded with url: /rest/get_my_active_challenges (Caused by NameResolutionError("<urllib3.connection.HTTPSConnection object at 0x11a5b96d0>: Failed to resolve 'api.gurushots.com' ([Errno 8] nodename nor servname provided, or not known)"))
[2025-06-12 13:33:15] Erreur lors du rafraîchissement API, utilisation du cache: HTTPSConnectionPool(host='api.gurushots.com', port=443): Max retries exceeded with url: /rest/get_my_active_challenges (Caused by NameResolutionError("<urllib3.connection.HTTPSConnection object at 0x11a5b9a90>: Failed to resolve 'api.gurushots.com' ([Errno 8] nodename nor servname provided, or not known)"))
[2025-06-12 13:33:15] Erreur lors du rafraîchissement API, utilisation du cache: HTTPSConnectionPool(host='api.gurushots.com', port=443): Max retries exceeded with url: /rest/get_my_active_challenges (Caused by NameResolutionError("<urllib3.connection.HTTPSConnection object at 0x11a5b9e50>: Failed to resolve 'api.gurushots.com' ([Errno 8] nodename nor servname provided, or not known)"))
[2025-06-12 13:33:15] Erreur lors du rafraîchissement API, utilisation du cache: HTTPSConnectionPool(host='api.gurushots.com', port=443): Max retries exceeded with url: /rest/get_my_active_challenges (Caused by NameResolutionError("<urllib3.connection.HTTPSConnection object at 0x11a5ba350>: Failed to resolve 'api.gurushots.com' ([Errno 8] nodename nor servname provided, or not known)"))
[2025-06-12 13:33:15] Erreur lors du rafraîchissement API, utilisation du cache: HTTPSConnectionPool(host='api.gurushots.com', port=443): Max retries exceeded with url: /rest/get_my_active_challenges (Caused by NameResolutionError("<urllib3.connection.HTTPSConnection object at 0x11a5ba210>: Failed to resolve 'api.gurushots.com' ([Errno 8] nodename nor servname provided, or not known)"))
[2025-06-12 13:33:15] Erreur lors du rafraîchissement API, utilisation du cache: HTTPSConnectionPool(host='api.gurushots.com', port=443): Max retries exceeded with url: /rest/get_my_active_challenges (Caused by NameResolutionError("<urllib3.connection.HTTPSConnection object at 0x11a8b07d0>: Failed to resolve 'api.gurushots.com' ([Errno 8] nodename nor servname provided, or not known)"))
[2025-06-12 13:33:15] Erreur lors du rafraîchissement API, utilisation du cache: HTTPSConnectionPool(host='api.gurushots.com', port=443): Max retries exceeded with url: /rest/get_my_active_challenges (Caused by NameResolutionError("<urllib3.connection.HTTPSConnection object at 0x11a3e39d0>: Failed to resolve 'api.gurushots.com' ([Errno 8] nodename nor servname provided, or not known)"))
[2025-06-12 13:33:15] Erreur lors du rafraîchissement API, utilisation du cache: HTTPSConnectionPool(host='api.gurushots.com', port=443): Max retries exceeded with url: /rest/get_my_active_challenges (Caused by NameResolutionError("<urllib3.connection.HTTPSConnection object at 0x11aa64550>: Failed to resolve 'api.gurushots.com' ([Errno 8] nodename nor servname provided, or not known)"))
[2025-06-12 13:33:15] Erreur lors du rafraîchissement API, utilisation du cache: HTTPSConnectionPool(host='api.gurushots.com', port=443): Max retries exceeded with url: /rest/get_my_active_challenges (Caused by NameResolutionError("<urllib3.connection.HTTPSConnection object at 0x11a3e0550>: Failed to resolve 'api.gurushots.com' ([Errno 8] nodename nor servname provided, or not known)"))
[2025-06-12 13:33:15] Erreur lors du rafraîchissement API, utilisation du cache: HTTPSConnectionPool(host='api.gurushots.com', port=443): Max retries exceeded with url: /rest/get_my_active_challenges (Caused by NameResolutionError("<urllib3.connection.HTTPSConnection object at 0x11aa66490>: Failed to resolve 'api.gurushots.com' ([Errno 8] nodename nor servname provided, or not known)"))
[2025-06-12 13:33:15] Erreur lors du rafraîchissement API, utilisation du cache: HTTPSConnectionPool(host='api.gurushots.com', port=443): Max retries exceeded with url: /rest/get_my_active_challenges (Caused by NameResolutionError("<urllib3.connection.HTTPSConnection object at 0x11a8b3d90>: Failed to resolve 'api.gurushots.com' ([Errno 8] nodename nor servname provided, or not known)"))
[2025-06-12 13:33:15] Erreur lors du rafraîchissement API, utilisation du cache: HTTPSConnectionPool(host='api.gurushots.com', port=443): Max retries exceeded with url: /rest/get_my_active_challenges (Caused by NameResolutionError("<urllib3.connection.HTTPSConnection object at 0x11aa65f90>: Failed to resolve 'api.gurushots.com' ([Errno 8] nodename nor servname provided, or not known)"))
[2025-06-12 13:33:15] Erreur lors du rafraîchissement API, utilisation du cache: HTTPSConnectionPool(host='api.gurushots.com', port=443): Max retries exceeded with url: /rest/get_my_active_challenges (Caused by NameResolutionError("<urllib3.connection.HTTPSConnection object at 0x11aa66710>: Failed to resolve 'api.gurushots.com' ([Errno 8] nodename nor servname provided, or not known)"))
[2025-06-12 13:33:16] Erreur lors du rafraîchissement API, utilisation du cache: HTTPSConnectionPool(host='api.gurushots.com', port=443): Max retries exceeded with url: /rest/get_my_active_challenges (Caused by NameResolutionError("<urllib3.connection.HTTPSConnection object at 0x11aa67750>: Failed to resolve 'api.gurushots.com' ([Errno 8] nodename nor servname provided, or not known)"))
[2025-06-12 13:33:17] Erreur lors du rafraîchissement API, utilisation du cache: HTTPSConnectionPool(host='api.gurushots.com', port=443): Max retries exceeded with url: /rest/get_my_active_challenges (Caused by NameResolutionError("<urllib3.connection.HTTPSConnection object at 0x11cbe5450>: Failed to resolve 'api.gurushots.com' ([Errno 8] nodename nor servname provided, or not known)"))
[2025-06-12 14:05:13] Refreshing challenges...
[2025-06-12 14:05:13] Fetching challenges...
[2025-06-12 14:05:14] Challenges fetching ...
[2025-06-12 14:05:14] Challenges fetched successfully for pascale!
[2025-06-12 14:06:58] Refreshing challenges...
[2025-06-12 14:06:58] Fetching challenges...
[2025-06-12 14:07:00] Challenges fetching ...
[2025-06-12 14:07:00] Challenges fetched successfully for pascale!
[2025-06-12 16:05:16] Processus mis à jour pour bruno: unforgettable-moments2-vote-70-left-0H:4M - executing
[2025-06-12 16:05:16] Traitement de vote pour Unforgettable Moments
[2025-06-12 16:05:16] Unforgettable Moments get vote panel
[2025-06-12 16:05:16] Processus associé: unforgettable-moments2-vote-70-left-0H:4M
[2025-06-12 16:05:16] Récupération des données de vote pour Unforgettable Moments (URL: unforgettable-moments2, HEADER:{'User-Agent': 'Mozilla/5.0 (X11; Linux i686; rv:39.0) Gecko/20100101 Firefox/39.0', 'x-api-version': '8', 'x-env': 'WEB', 'X-requested-with': 'XMLHttpRequest', 'X-token': 'a1cad95a6d480c14f51dd0eba4914c8337b893c789ec6278bb440c7c9a673b162f042470c62684e6da2bd342ffea7777'})
[2025-06-12 16:05:19] Récupération réussie: 200 images pour Unforgettable Moments
[2025-06-12 16:05:19] Voting fetching ...
[2025-06-12 16:05:19] Unforgettable Moments voting 70 images
[2025-06-12 16:05:19] Stratégie chargée depuis gsgui.ini pour bruno/Best of Black & White: end4
[2025-06-12 16:05:24] Unforgettable Moments voting 70 images
[2025-06-12 16:05:24] Stratégie chargée depuis gsgui.ini pour bruno/Best of Black & White: end4
[2025-06-12 16:05:27] Unforgettable Moments voted successfully
[2025-06-12 16:05:27] Processus supprimé pour bruno: unforgettable-moments2-vote-70-left-0H:4M - success
[2025-06-12 16:05:27] Processus mis à jour pour bruno: unforgettable-moments2-vote-70-left-0H:4M - success
[2025-06-12 16:05:27] Stratégie chargée depuis gsgui.ini pour bruno/Best of Black & White: end4
[2025-06-12 16:05:27] Processus unforgettable-moments2-vote-70-left-0H:4M terminé avec succès (profil: bruno)
[2025-06-12 16:05:29] Unforgettable Moments voted successfully
[2025-06-12 16:05:35] Challenges fetching ...
[2025-06-12 16:05:35] Stratégie chargée depuis gsgui.ini pour bruno/Best of Black & White: end4
[2025-06-12 16:05:35] Challenges fetched successfully for bruno!
[2025-06-12 16:05:35] Stratégie chargée depuis gsgui.ini pour bruno/Best of Black & White: end4
[2025-06-12 16:05:35] Challenges fetching ...
[2025-06-12 16:05:35] Stratégie chargée depuis gsgui.ini pour bruno/Best of Black & White: end4
[2025-06-12 16:05:35] Challenges fetched successfully for bruno!
[2025-06-12 16:05:35] Stratégie chargée depuis gsgui.ini pour bruno/Best of Black & White: end4
[2025-06-12 16:06:13] Processus mis à jour pour bruno: unforgettable-moments2-vote-20-left-0H:3M - executing
[2025-06-12 16:06:13] Traitement de vote pour Unforgettable Moments
[2025-06-12 16:06:13] Unforgettable Moments get vote panel
[2025-06-12 16:06:13] Processus associé: unforgettable-moments2-vote-20-left-0H:3M
[2025-06-12 16:06:13] Récupération des données de vote pour Unforgettable Moments (URL: unforgettable-moments2, HEADER:{'User-Agent': 'Mozilla/5.0 (X11; Linux i686; rv:39.0) Gecko/20100101 Firefox/39.0', 'x-api-version': '8', 'x-env': 'WEB', 'X-requested-with': 'XMLHttpRequest', 'X-token': 'a1cad95a6d480c14f51dd0eba4914c8337b893c789ec6278bb440c7c9a673b162f042470c62684e6da2bd342ffea7777'})
[2025-06-12 16:06:16] Récupération réussie: 200 images pour Unforgettable Moments
[2025-06-12 16:06:16] Voting fetching ...
[2025-06-12 16:06:16] Unforgettable Moments voting 20 images
[2025-06-12 16:06:16] Stratégie chargée depuis gsgui.ini pour bruno/Best of Black & White: end4
[2025-06-12 16:06:19] Unforgettable Moments voting 20 images
[2025-06-12 16:06:19] Stratégie chargée depuis gsgui.ini pour bruno/Best of Black & White: end4
[2025-06-12 16:06:22] Unforgettable Moments voted successfully
[2025-06-12 16:06:22] Processus supprimé pour bruno: unforgettable-moments2-vote-20-left-0H:3M - success
[2025-06-12 16:06:22] Processus mis à jour pour bruno: unforgettable-moments2-vote-20-left-0H:3M - success
[2025-06-12 16:06:22] Stratégie chargée depuis gsgui.ini pour bruno/Best of Black & White: end4
[2025-06-12 16:06:22] Processus unforgettable-moments2-vote-20-left-0H:3M terminé avec succès (profil: bruno)
[2025-06-12 16:06:24] Unforgettable Moments voted successfully
[2025-06-12 16:06:32] Challenges fetching ...
[2025-06-12 16:06:32] Stratégie chargée depuis gsgui.ini pour bruno/Best of Black & White: end4
[2025-06-12 16:06:32] Challenges fetched successfully for bruno!
[2025-06-12 16:06:33] Stratégie chargée depuis gsgui.ini pour bruno/Best of Black & White: end4
[2025-06-12 16:06:33] Challenges fetching ...
[2025-06-12 16:06:33] Stratégie chargée depuis gsgui.ini pour bruno/Best of Black & White: end4
[2025-06-12 16:06:33] Challenges fetched successfully for bruno!
[2025-06-12 16:06:33] Stratégie chargée depuis gsgui.ini pour bruno/Best of Black & White: end4
[2025-06-12 16:07:02] Processus mis à jour pour bruno: unforgettable-moments2-vote-20-left-0H:2M - executing
[2025-06-12 16:07:02] Traitement de vote pour Unforgettable Moments
[2025-06-12 16:07:02] Unforgettable Moments get vote panel
[2025-06-12 16:07:02] Processus associé: unforgettable-moments2-vote-20-left-0H:2M
[2025-06-12 16:07:02] Récupération des données de vote pour Unforgettable Moments (URL: unforgettable-moments2, HEADER:{'User-Agent': 'Mozilla/5.0 (X11; Linux i686; rv:39.0) Gecko/20100101 Firefox/39.0', 'x-api-version': '8', 'x-env': 'WEB', 'X-requested-with': 'XMLHttpRequest', 'X-token': 'a1cad95a6d480c14f51dd0eba4914c8337b893c789ec6278bb440c7c9a673b162f042470c62684e6da2bd342ffea7777'})
[2025-06-12 16:07:06] Récupération réussie: 200 images pour Unforgettable Moments
[2025-06-12 16:07:06] Voting fetching ...
[2025-06-12 16:07:06] Unforgettable Moments voting 20 images
[2025-06-12 16:07:06] Stratégie chargée depuis gsgui.ini pour bruno/Best of Black & White: end4
[2025-06-12 16:07:09] Unforgettable Moments voting 20 images
[2025-06-12 16:07:09] Stratégie chargée depuis gsgui.ini pour bruno/Best of Black & White: end4
[2025-06-12 16:07:11] Unforgettable Moments voted successfully
[2025-06-12 16:07:11] Processus supprimé pour bruno: unforgettable-moments2-vote-20-left-0H:2M - success
[2025-06-12 16:07:11] Processus mis à jour pour bruno: unforgettable-moments2-vote-20-left-0H:2M - success
[2025-06-12 16:07:11] Stratégie chargée depuis gsgui.ini pour bruno/Best of Black & White: end4
[2025-06-12 16:07:11] Processus unforgettable-moments2-vote-20-left-0H:2M terminé avec succès (profil: bruno)
[2025-06-12 16:07:13] Unforgettable Moments voted successfully
[2025-06-12 16:07:19] Challenges fetching ...
[2025-06-12 16:07:19] Stratégie chargée depuis gsgui.ini pour bruno/Best of Black & White: end4
[2025-06-12 16:07:19] Challenges fetched successfully for bruno!
[2025-06-12 16:07:19] Stratégie chargée depuis gsgui.ini pour bruno/Best of Black & White: end4
[2025-06-12 16:07:19] Challenges fetching ...
[2025-06-12 16:07:19] Stratégie chargée depuis gsgui.ini pour bruno/Best of Black & White: end4
[2025-06-12 16:07:19] Challenges fetched successfully for bruno!
[2025-06-12 16:07:19] Stratégie chargée depuis gsgui.ini pour bruno/Best of Black & White: end4
[2025-06-12 16:08:07] Processus mis à jour pour bruno: unforgettable-moments2-vote-20-left-0H:1M - executing
[2025-06-12 16:08:07] Traitement de vote pour Unforgettable Moments
[2025-06-12 16:08:07] Unforgettable Moments get vote panel
[2025-06-12 16:08:07] Processus associé: unforgettable-moments2-vote-20-left-0H:1M
[2025-06-12 16:08:07] Récupération des données de vote pour Unforgettable Moments (URL: unforgettable-moments2, HEADER:{'User-Agent': 'Mozilla/5.0 (X11; Linux i686; rv:39.0) Gecko/20100101 Firefox/39.0', 'x-api-version': '8', 'x-env': 'WEB', 'X-requested-with': 'XMLHttpRequest', 'X-token': 'a1cad95a6d480c14f51dd0eba4914c8337b893c789ec6278bb440c7c9a673b162f042470c62684e6da2bd342ffea7777'})
[2025-06-12 16:08:08] Erreur HTTP 403: <html>
<head><title>403 Forbidden</title></head>
<body>
<center><h1>403 Forbidden</h1></center>
...
[2025-06-12 16:08:08] Voting fetching ...
[2025-06-12 16:08:08] Erreur lors de la récupération des données de vote: {'success': False, 'message': 'HTTP 403: <html>\r\n<head><title>403 Forbidden</title></head>\r\n<body>\r\n<center><h1>403 Forbidden</h1></center>\r\n</body>\r\n</html>\r\n', 'challenge': {'close_time': 0}}
[2025-06-12 16:08:12] Erreur lors de la récupération des données de vote: {'success': False, 'message': 'HTTP 403: <html>\r\n<head><title>403 Forbidden</title></head>\r\n<body>\r\n<center><h1>403 Forbidden</h1></center>\r\n</body>\r\n</html>\r\n', 'challenge': {'close_time': 0}}
[2025-06-12 16:13:55] Processus bloqué détecté pour bruno/Unforgettable Moments: unforgettable-moments2-vote-20-left-0H:1M
[2025-06-12 16:13:55] Processus supprimé pour bruno: unforgettable-moments2-vote-20-left-0H:1M - timeout
[2025-06-12 16:13:55] Processus mis à jour pour bruno: unforgettable-moments2-vote-20-left-0H:1M - timeout
[2025-06-12 16:13:55] Stratégie chargée depuis gsgui.ini pour bruno/Best of Black & White: end4
[2025-06-12 16:13:55] Processus unforgettable-moments2-vote-20-left-0H:1M nettoyé après timeout (profil: bruno)
[2025-06-12 18:22:54] Stratégie chargée depuis gsgui.ini pour bruno/Best of Black & White: end4
[2025-06-12 18:22:54] Désélection de tous les challenges

[2025-06-12 18:22:57] Refreshing challenges...
[2025-06-12 18:22:57] Fetching challenges...
[2025-06-12 18:22:59] Challenges fetching ...
[2025-06-12 18:22:59] Stratégie chargée depuis gsgui.ini pour bruno/Best of Black & White: end4
[2025-06-12 18:22:59] Challenges fetched successfully for bruno!
[2025-06-12 18:22:59] Stratégie chargée depuis gsgui.ini pour bruno/Best of Black & White: end4
[2025-06-12 18:25:54] Fetching challenges...
[2025-06-12 18:25:59] Challenges fetching ...
[2025-06-12 18:26:00] Stratégie chargée depuis gsgui.ini pour bruno/Best of Black & White: end4
[2025-06-12 18:26:00] Lancement automatique des stratégies de fin pour 12 nouveaux challenges...
[2025-06-12 18:26:00] Nouveau challenge détecté pour bruno: 3 Forms of Water
[2025-06-12 18:26:00] Nouveau challenge détecté pour bruno: Dramatic Lighting
[2025-06-12 18:26:00] Nouveau challenge détecté pour bruno: Puppies
[2025-06-12 18:26:00] Nouveau challenge détecté pour bruno: Architectural Curves
[2025-06-12 18:26:00] Nouveau challenge détecté pour bruno: Mud, Dust and Dirt!
[2025-06-12 18:26:00] Nouveau challenge détecté pour bruno: Closed
[2025-06-12 18:26:00] Nouveau challenge détecté pour bruno: To Be Young
[2025-06-12 18:26:00] Nouveau challenge détecté pour bruno: Best of Black & White
[2025-06-12 18:26:00] Nouveau challenge détecté pour bruno: City Creatures
[2025-06-12 18:26:00] Nouveau challenge détecté pour bruno: Photo of the Week!
[2025-06-12 18:26:00] Nouveau challenge détecté pour bruno: 500 Guru's Picks
[2025-06-12 18:26:00] Nouveau challenge détecté pour bruno: Top Photographer
[2025-06-12 18:26:00] Challenges fetched successfully for bruno!
[2025-06-12 18:26:00] Stratégie chargée depuis gsgui.ini pour bruno/Best of Black & White: end4
[2025-06-12 19:25:54] Refreshing challenges...
[2025-06-12 19:25:54] Fetching challenges...
[2025-06-12 19:25:56] Challenges fetching ...
[2025-06-12 19:25:56] Lancement automatique des stratégies de fin pour 4 nouveaux challenges...
[2025-06-12 19:25:56] Nouveau challenge détecté pour pascale: To Be Young
[2025-06-12 19:25:56] Nouveau challenge détecté pour pascale: Finding Alignment
[2025-06-12 19:25:56] Nouveau challenge détecté pour pascale: 10 Hours
[2025-06-12 19:25:56] Nouveau challenge détecté pour pascale: You On GS Instagram
[2025-06-12 19:25:56] Challenges fetched successfully for pascale!
[2025-06-12 22:55:29] Refreshing challenges...
[2025-06-12 22:55:29] Fetching challenges...
[2025-06-12 22:55:31] Challenges fetching ...
[2025-06-12 22:55:31] Challenges fetched successfully for pascale!
[2025-06-12 22:56:34] Refreshing challenges...
[2025-06-12 22:56:34] Fetching challenges...
[2025-06-12 22:56:36] Challenges fetching ...
[2025-06-12 22:56:36] Challenges fetched successfully for pascale!
[2025-06-12 22:56:48] Refreshing challenges...
[2025-06-12 22:56:48] Fetching challenges...
[2025-06-12 22:56:49] Challenges fetching ...
[2025-06-12 22:56:49] Challenges fetched successfully for bruno!
[2025-06-12 23:02:24] Fetching challenges...
[2025-06-12 23:02:26] Challenges fetching ...
[2025-06-12 23:02:26] Lancement automatique des stratégies de fin pour 14 nouveaux challenges...
[2025-06-12 23:02:26] Nouveau challenge détecté pour pascale: Finding Alignment
[2025-06-12 23:02:26] Nouveau challenge détecté pour pascale: Traveling The World
[2025-06-12 23:02:26] Nouveau challenge détecté pour pascale: Guru of The Week
[2025-06-12 23:02:26] Nouveau challenge détecté pour pascale: 500 Guru's Picks
[2025-06-12 23:02:26] Nouveau challenge détecté pour pascale: City Creatures
[2025-06-12 23:02:26] Nouveau challenge détecté pour pascale: Dramatic Lighting
[2025-06-12 23:02:26] Nouveau challenge détecté pour pascale: Photo of the Week!
[2025-06-12 23:02:26] Nouveau challenge détecté pour pascale: Photographer of the Week
[2025-06-12 23:02:26] Nouveau challenge détecté pour pascale: To Be Young
[2025-06-12 23:02:26] Nouveau challenge détecté pour pascale: 3 Forms of Water
[2025-06-12 23:02:26] Nouveau challenge détecté pour pascale: My Exhibition Shot
[2025-06-12 23:02:26] Nouveau challenge détecté pour pascale: You On GS Instagram
[2025-06-12 23:02:26] Nouveau challenge détecté pour pascale: Closed
[2025-06-12 23:02:26] Nouveau challenge détecté pour pascale: Solo - Single Subject
[2025-06-12 23:02:26] Challenges fetched successfully for pascale!
[2025-06-12 23:02:51] Traveling The World get vote panel
[2025-06-12 23:02:51] Solo - Single Subject get vote panel
[2025-06-12 23:02:51] Photographer of the Week get vote panel
[2025-06-12 23:02:51] Dramatic Lighting get vote panel
[2025-06-12 23:02:51] Filling challenges: {101794, 102164, 102229, 101789}
Filled Traveling The World with strategy end4
Filled Solo - Single Subject with strategy end4
Filled Photographer of the Week with strategy end4
Filled Dramatic Lighting with strategy end4

[2025-06-12 23:02:51] Récupération des données de vote pour Traveling The World (URL: travel-stories6, HEADER:{'User-Agent': 'Mozilla/5.0 (X11; Linux i686; rv:39.0) Gecko/20100101 Firefox/39.0', 'x-api-version': '8', 'x-env': 'WEB', 'X-requested-with': 'XMLHttpRequest', 'X-token': 'f96bbe3a7e7f833329e7129767a69abbfa6dfce3152e3c2a311eb49d89b5c3bb2b12b66b402f03dce682b8b2b6a005cd'})
[2025-06-12 23:02:51] Récupération des données de vote pour Solo - Single Subject (URL: solo-single-subject32, HEADER:{'User-Agent': 'Mozilla/5.0 (X11; Linux i686; rv:39.0) Gecko/20100101 Firefox/39.0', 'x-api-version': '8', 'x-env': 'WEB', 'X-requested-with': 'XMLHttpRequest', 'X-token': 'f96bbe3a7e7f833329e7129767a69abbfa6dfce3152e3c2a311eb49d89b5c3bb2b12b66b402f03dce682b8b2b6a005cd'})
[2025-06-12 23:02:51] Récupération des données de vote pour Photographer of the Week (URL: photographer-of-the-week211, HEADER:{'User-Agent': 'Mozilla/5.0 (X11; Linux i686; rv:39.0) Gecko/20100101 Firefox/39.0', 'x-api-version': '8', 'x-env': 'WEB', 'X-requested-with': 'XMLHttpRequest', 'X-token': 'f96bbe3a7e7f833329e7129767a69abbfa6dfce3152e3c2a311eb49d89b5c3bb2b12b66b402f03dce682b8b2b6a005cd'})
[2025-06-12 23:02:51] Récupération des données de vote pour Dramatic Lighting (URL: dramatic-lighting11, HEADER:{'User-Agent': 'Mozilla/5.0 (X11; Linux i686; rv:39.0) Gecko/20100101 Firefox/39.0', 'x-api-version': '8', 'x-env': 'WEB', 'X-requested-with': 'XMLHttpRequest', 'X-token': 'f96bbe3a7e7f833329e7129767a69abbfa6dfce3152e3c2a311eb49d89b5c3bb2b12b66b402f03dce682b8b2b6a005cd'})
[2025-06-12 23:02:52] Récupération réussie: 200 images pour Solo - Single Subject
[2025-06-12 23:02:52] Voting fetching ...
[2025-06-12 23:02:52] Solo - Single Subject voting 35 images
[2025-06-12 23:02:55] Solo - Single Subject voting 35 images
[2025-06-12 23:02:55] Récupération réussie: 200 images pour Photographer of the Week
[2025-06-12 23:02:55] Voting fetching ...
[2025-06-12 23:02:55] Photographer of the Week voting 35 images
[2025-06-12 23:02:58] Photographer of the Week voting 35 images
[2025-06-12 23:02:58] Récupération réussie: 200 images pour Traveling The World
[2025-06-12 23:02:58] Voting fetching ...
[2025-06-12 23:02:58] Traveling The World voting 35 images
[2025-06-12 23:03:01] Traveling The World voting 35 images
[2025-06-12 23:03:01] Récupération réussie: 200 images pour Dramatic Lighting
[2025-06-12 23:03:01] Voting fetching ...
[2025-06-12 23:03:01] Dramatic Lighting voting 35 images
[2025-06-12 23:03:04] Dramatic Lighting voting 35 images
[2025-06-12 23:03:05] Traveling The World voted successfully
[2025-06-12 23:03:07] Solo - Single Subject voted successfully
[2025-06-12 23:03:09] Photographer of the Week voted successfully
[2025-06-12 23:03:11] Solo - Single Subject voted successfully
[2025-06-12 23:03:13] Photographer of the Week voted successfully
[2025-06-12 23:03:15] Traveling The World voted successfully
[2025-06-12 23:03:17] Dramatic Lighting voted successfully
[2025-06-12 23:03:19] Dramatic Lighting voted successfully
[2025-06-12 23:03:22] Challenges fetching ...
[2025-06-12 23:03:22] Challenges fetched successfully for pascale!
[2025-06-12 23:03:22] Challenges fetching ...
[2025-06-12 23:03:22] Challenges fetched successfully for pascale!
[2025-06-12 23:03:22] Challenges fetching ...
[2025-06-12 23:03:22] Challenges fetched successfully for pascale!
[2025-06-12 23:03:22] Challenges fetching ...
[2025-06-12 23:03:22] Challenges fetched successfully for pascale!
[2025-06-12 23:03:22] Challenges fetching ...
[2025-06-12 23:03:22] Challenges fetched successfully for pascale!
[2025-06-12 23:03:22] Challenges fetching ...
[2025-06-12 23:03:22] Challenges fetched successfully for pascale!
[2025-06-12 23:03:22] Challenges fetching ...
[2025-06-12 23:03:22] Challenges fetched successfully for pascale!
[2025-06-12 23:03:22] Challenges fetching ...
[2025-06-12 23:03:22] Challenges fetched successfully for pascale!
[2025-06-12 23:03:23] Désélection de tous les challenges

[2025-06-12 23:03:29] Finding Alignment get vote panel
[2025-06-12 23:03:29] Filling challenges: {101612}
Filled Finding Alignment with strategy end4

[2025-06-12 23:03:29] Récupération des données de vote pour Finding Alignment (URL: finding-alignment, HEADER:{'User-Agent': 'Mozilla/5.0 (X11; Linux i686; rv:39.0) Gecko/20100101 Firefox/39.0', 'x-api-version': '8', 'x-env': 'WEB', 'X-requested-with': 'XMLHttpRequest', 'X-token': 'f96bbe3a7e7f833329e7129767a69abbfa6dfce3152e3c2a311eb49d89b5c3bb2b12b66b402f03dce682b8b2b6a005cd'})
[2025-06-12 23:03:30] Récupération réussie: 200 images pour Finding Alignment
[2025-06-12 23:03:30] Voting fetching ...
[2025-06-12 23:03:30] Finding Alignment voting 35 images
[2025-06-12 23:03:33] Finding Alignment voting 35 images
[2025-06-12 23:03:33] Finding Alignment voted successfully
[2025-06-12 23:03:35] Finding Alignment voted successfully
[2025-06-12 23:03:39] Challenges fetching ...
[2025-06-12 23:03:39] Challenges fetched successfully for pascale!
[2025-06-12 23:03:39] Challenges fetching ...
[2025-06-12 23:03:39] Challenges fetched successfully for pascale!
