[2025-06-09 00:05:12] Processus mis à jour pour bruno: windows38-vote-70-left-0H:4M - executing
[2025-06-09 00:05:12] Traitement de vote pour Windows
[2025-06-09 00:05:12] Windows get vote panel
[2025-06-09 00:05:12] Processus associé: windows38-vote-70-left-0H:4M
[2025-06-09 00:05:12] Récupération des données de vote pour Windows (URL: windows38, HEADER:{'User-Agent': 'Mozilla/5.0 (X11; Linux i686; rv:39.0) Gecko/20100101 Firefox/39.0', 'x-api-version': '8', 'x-env': 'WEB', 'X-requested-with': 'XMLHttpRequest', 'X-token': 'a1cad95a6d480c14f51dd0eba4914c8337b893c789ec6278bb440c7c9a673b162f042470c62684e6da2bd342ffea7777'})
[2025-06-09 00:05:13] Récupération réussie: 200 images pour Windows
[2025-06-09 00:05:13] Voting fetching ...
[2025-06-09 00:05:13] Windows voting 70 images
[2025-06-09 00:05:14] Windows voted successfully
[2025-06-09 00:05:14] Processus supprimé pour bruno: windows38-vote-70-left-0H:4M - success
[2025-06-09 00:05:14] Processus mis à jour pour bruno: windows38-vote-70-left-0H:4M - success
[2025-06-09 00:05:14] Processus windows38-vote-70-left-0H:4M terminé avec succès (profil: bruno)
[2025-06-09 00:05:31] Challenges fetching ...
[2025-06-09 00:05:31] Challenges fetched successfully for bruno!
[2025-06-09 00:06:03] Processus mis à jour pour bruno: windows38-vote-20-left-0H:3M - executing
[2025-06-09 00:06:03] Traitement de vote pour Windows
[2025-06-09 00:06:03] Windows get vote panel
[2025-06-09 00:06:03] Processus associé: windows38-vote-20-left-0H:3M
[2025-06-09 00:06:03] Récupération des données de vote pour Windows (URL: windows38, HEADER:{'User-Agent': 'Mozilla/5.0 (X11; Linux i686; rv:39.0) Gecko/20100101 Firefox/39.0', 'x-api-version': '8', 'x-env': 'WEB', 'X-requested-with': 'XMLHttpRequest', 'X-token': 'a1cad95a6d480c14f51dd0eba4914c8337b893c789ec6278bb440c7c9a673b162f042470c62684e6da2bd342ffea7777'})
[2025-06-09 00:06:04] Récupération réussie: 200 images pour Windows
[2025-06-09 00:06:04] Voting fetching ...
[2025-06-09 00:06:04] Windows voting 20 images
[2025-06-09 00:06:05] Windows voted successfully
[2025-06-09 00:06:05] Processus supprimé pour bruno: windows38-vote-20-left-0H:3M - success
[2025-06-09 00:06:05] Processus mis à jour pour bruno: windows38-vote-20-left-0H:3M - success
[2025-06-09 00:06:05] Processus windows38-vote-20-left-0H:3M terminé avec succès (profil: bruno)
[2025-06-09 00:06:08] Challenges fetching ...
[2025-06-09 00:06:09] Challenges fetched successfully for bruno!
[2025-06-09 00:07:08] Processus mis à jour pour bruno: windows38-vote-20-left-0H:2M - executing
[2025-06-09 00:07:08] Traitement de vote pour Windows
[2025-06-09 00:07:08] Windows get vote panel
[2025-06-09 00:07:08] Processus associé: windows38-vote-20-left-0H:2M
[2025-06-09 00:07:08] Récupération des données de vote pour Windows (URL: windows38, HEADER:{'User-Agent': 'Mozilla/5.0 (X11; Linux i686; rv:39.0) Gecko/20100101 Firefox/39.0', 'x-api-version': '8', 'x-env': 'WEB', 'X-requested-with': 'XMLHttpRequest', 'X-token': 'a1cad95a6d480c14f51dd0eba4914c8337b893c789ec6278bb440c7c9a673b162f042470c62684e6da2bd342ffea7777'})
[2025-06-09 00:07:09] Récupération réussie: 200 images pour Windows
[2025-06-09 00:07:09] Voting fetching ...
[2025-06-09 00:07:09] Windows voting 20 images
[2025-06-09 00:07:10] Windows voted successfully
[2025-06-09 00:07:10] Processus supprimé pour bruno: windows38-vote-20-left-0H:2M - success
[2025-06-09 00:07:10] Processus mis à jour pour bruno: windows38-vote-20-left-0H:2M - success
[2025-06-09 00:07:10] Processus windows38-vote-20-left-0H:2M terminé avec succès (profil: bruno)
[2025-06-09 00:07:18] Challenges fetching ...
[2025-06-09 00:07:18] Challenges fetched successfully for bruno!
[2025-06-09 00:08:13] Processus mis à jour pour bruno: windows38-vote-20-left-0H:1M - executing
[2025-06-09 00:08:13] Traitement de vote pour Windows
[2025-06-09 00:08:13] Windows get vote panel
[2025-06-09 00:08:13] Processus associé: windows38-vote-20-left-0H:1M
[2025-06-09 00:08:13] Récupération des données de vote pour Windows (URL: windows38, HEADER:{'User-Agent': 'Mozilla/5.0 (X11; Linux i686; rv:39.0) Gecko/20100101 Firefox/39.0', 'x-api-version': '8', 'x-env': 'WEB', 'X-requested-with': 'XMLHttpRequest', 'X-token': 'a1cad95a6d480c14f51dd0eba4914c8337b893c789ec6278bb440c7c9a673b162f042470c62684e6da2bd342ffea7777'})
[2025-06-09 00:08:14] Récupération réussie: 200 images pour Windows
[2025-06-09 00:08:14] Voting fetching ...
[2025-06-09 00:08:14] Windows voting 20 images
[2025-06-09 00:08:15] Windows voted successfully
[2025-06-09 00:08:15] Processus supprimé pour bruno: windows38-vote-20-left-0H:1M - success
[2025-06-09 00:08:15] Processus mis à jour pour bruno: windows38-vote-20-left-0H:1M - success
[2025-06-09 00:08:15] Processus windows38-vote-20-left-0H:1M terminé avec succès (profil: bruno)
[2025-06-09 00:08:19] Challenges fetching ...
[2025-06-09 00:08:19] Challenges fetched successfully for bruno!
[2025-06-09 00:09:39] Sélection de tous les challenges

[2025-06-09 00:09:47] Windows get vote panel
[2025-06-09 00:09:47] Color Drained get vote panel
[2025-06-09 00:09:47] Best of Black & White get vote panel
[2025-06-09 00:09:47] Pools & Swimming get vote panel
[2025-06-09 00:09:47] Still Life get vote panel
[2025-06-09 00:09:47] Dramatic Lighting get vote panel
[2025-06-09 00:09:47] Photo of the Week! get vote panel
[2025-06-09 00:09:47] Filling challenges: {101632, 101589, 101222, 101577, 101466, 101789, 101790}
Filled Windows with strategy end4
Filled Color Drained with strategy end4
Filled Best of Black & White with strategy end4
Filled Pools & Swimming with strategy end4
Filled Still Life with strategy end4
Filled Dramatic Lighting with strategy end4
Filled Photo of the Week! with strategy end4

[2025-06-09 00:09:47] Récupération des données de vote pour Windows (URL: windows38, HEADER:{'User-Agent': 'Mozilla/5.0 (X11; Linux i686; rv:39.0) Gecko/20100101 Firefox/39.0', 'x-api-version': '8', 'x-env': 'WEB', 'X-requested-with': 'XMLHttpRequest', 'X-token': 'a1cad95a6d480c14f51dd0eba4914c8337b893c789ec6278bb440c7c9a673b162f042470c62684e6da2bd342ffea7777'})
[2025-06-09 00:09:47] Récupération des données de vote pour Color Drained (URL: depleted-color, HEADER:{'User-Agent': 'Mozilla/5.0 (X11; Linux i686; rv:39.0) Gecko/20100101 Firefox/39.0', 'x-api-version': '8', 'x-env': 'WEB', 'X-requested-with': 'XMLHttpRequest', 'X-token': 'a1cad95a6d480c14f51dd0eba4914c8337b893c789ec6278bb440c7c9a673b162f042470c62684e6da2bd342ffea7777'})
[2025-06-09 00:09:47] Récupération des données de vote pour Best of Black & White (URL: best-of-black-white29, HEADER:{'User-Agent': 'Mozilla/5.0 (X11; Linux i686; rv:39.0) Gecko/20100101 Firefox/39.0', 'x-api-version': '8', 'x-env': 'WEB', 'X-requested-with': 'XMLHttpRequest', 'X-token': 'a1cad95a6d480c14f51dd0eba4914c8337b893c789ec6278bb440c7c9a673b162f042470c62684e6da2bd342ffea7777'})
[2025-06-09 00:09:47] Récupération des données de vote pour Pools & Swimming (URL: pools-swimming1, HEADER:{'User-Agent': 'Mozilla/5.0 (X11; Linux i686; rv:39.0) Gecko/20100101 Firefox/39.0', 'x-api-version': '8', 'x-env': 'WEB', 'X-requested-with': 'XMLHttpRequest', 'X-token': 'a1cad95a6d480c14f51dd0eba4914c8337b893c789ec6278bb440c7c9a673b162f042470c62684e6da2bd342ffea7777'})
[2025-06-09 00:09:47] Récupération des données de vote pour Still Life (URL: still-life5, HEADER:{'User-Agent': 'Mozilla/5.0 (X11; Linux i686; rv:39.0) Gecko/20100101 Firefox/39.0', 'x-api-version': '8', 'x-env': 'WEB', 'X-requested-with': 'XMLHttpRequest', 'X-token': 'a1cad95a6d480c14f51dd0eba4914c8337b893c789ec6278bb440c7c9a673b162f042470c62684e6da2bd342ffea7777'})
[2025-06-09 00:09:47] Récupération des données de vote pour Dramatic Lighting (URL: dramatic-lighting11, HEADER:{'User-Agent': 'Mozilla/5.0 (X11; Linux i686; rv:39.0) Gecko/20100101 Firefox/39.0', 'x-api-version': '8', 'x-env': 'WEB', 'X-requested-with': 'XMLHttpRequest', 'X-token': 'a1cad95a6d480c14f51dd0eba4914c8337b893c789ec6278bb440c7c9a673b162f042470c62684e6da2bd342ffea7777'})
[2025-06-09 00:09:47] Récupération des données de vote pour Photo of the Week! (URL: photo-of-the-week-299, HEADER:{'User-Agent': 'Mozilla/5.0 (X11; Linux i686; rv:39.0) Gecko/20100101 Firefox/39.0', 'x-api-version': '8', 'x-env': 'WEB', 'X-requested-with': 'XMLHttpRequest', 'X-token': 'a1cad95a6d480c14f51dd0eba4914c8337b893c789ec6278bb440c7c9a673b162f042470c62684e6da2bd342ffea7777'})
[2025-06-09 00:09:48] Récupération réussie: 200 images pour Pools & Swimming
[2025-06-09 00:09:48] Voting fetching ...
[2025-06-09 00:09:48] Pools & Swimming voting 35 images
[2025-06-09 00:09:48] Récupération réussie: 200 images pour Photo of the Week!
[2025-06-09 00:09:48] Voting fetching ...
[2025-06-09 00:09:48] Photo of the Week! voting 35 images
[2025-06-09 00:09:48] Récupération réussie: 200 images pour Color Drained
[2025-06-09 00:09:48] Voting fetching ...
[2025-06-09 00:09:48] Color Drained voting 35 images
[2025-06-09 00:09:48] Récupération réussie: 200 images pour Windows
[2025-06-09 00:09:48] Voting fetching ...
[2025-06-09 00:09:48] Windows voting 35 images
[2025-06-09 00:09:48] Récupération réussie: 200 images pour Still Life
[2025-06-09 00:09:48] Voting fetching ...
[2025-06-09 00:09:48] Still Life voting 35 images
[2025-06-09 00:09:48] Récupération réussie: 200 images pour Dramatic Lighting
[2025-06-09 00:09:48] Voting fetching ...
[2025-06-09 00:09:48] Dramatic Lighting voting 35 images
[2025-06-09 00:09:49] Pools & Swimming voted successfully
[2025-06-09 00:09:51] Récupération réussie: 200 images pour Best of Black & White
[2025-06-09 00:09:51] Voting fetching ...
[2025-06-09 00:09:51] Best of Black & White voting 35 images
[2025-06-09 00:09:51] Color Drained voted successfully
[2025-06-09 00:09:53] Photo of the Week! voted successfully
[2025-06-09 00:09:55] Windows voted successfully
[2025-06-09 00:09:57] Still Life voted successfully
[2025-06-09 00:09:59] Dramatic Lighting voted successfully
[2025-06-09 00:10:01] Best of Black & White voted successfully
[2025-06-09 00:10:03] Challenges fetching ...
[2025-06-09 00:10:03] Challenges fetched successfully for bruno!
[2025-06-09 00:10:03] Challenges fetching ...
[2025-06-09 00:10:03] Challenges fetched successfully for bruno!
[2025-06-09 00:10:03] Challenges fetching ...
[2025-06-09 00:10:03] Challenges fetched successfully for bruno!
[2025-06-09 00:10:03] Challenges fetching ...
[2025-06-09 00:10:03] Challenges fetched successfully for bruno!
[2025-06-09 00:10:04] Challenges fetching ...
[2025-06-09 00:10:04] Challenges fetched successfully for bruno!
[2025-06-09 00:10:04] Challenges fetching ...
[2025-06-09 00:10:04] Challenges fetched successfully for bruno!
[2025-06-09 00:10:04] Challenges fetching ...
[2025-06-09 00:10:04] Challenges fetched successfully for bruno!
[2025-06-09 00:10:10] Windows get vote panel
[2025-06-09 00:10:10] Color Drained get vote panel
[2025-06-09 00:10:10] Best of Black & White get vote panel
[2025-06-09 00:10:10] Pools & Swimming get vote panel
[2025-06-09 00:10:10] Still Life get vote panel
[2025-06-09 00:10:10] Dramatic Lighting get vote panel
[2025-06-09 00:10:10] Photo of the Week! get vote panel
[2025-06-09 00:10:10] Filling challenges: {101632, 101589, 101222, 101577, 101466, 101789, 101790}
Filled Windows with strategy end4
Filled Color Drained with strategy end4
Filled Best of Black & White with strategy end4
Filled Pools & Swimming with strategy end4
Filled Still Life with strategy end4
Filled Dramatic Lighting with strategy end4
Filled Photo of the Week! with strategy end4

[2025-06-09 00:10:10] Récupération des données de vote pour Windows (URL: windows38, HEADER:{'User-Agent': 'Mozilla/5.0 (X11; Linux i686; rv:39.0) Gecko/20100101 Firefox/39.0', 'x-api-version': '8', 'x-env': 'WEB', 'X-requested-with': 'XMLHttpRequest', 'X-token': 'a1cad95a6d480c14f51dd0eba4914c8337b893c789ec6278bb440c7c9a673b162f042470c62684e6da2bd342ffea7777'})
[2025-06-09 00:10:10] Récupération des données de vote pour Color Drained (URL: depleted-color, HEADER:{'User-Agent': 'Mozilla/5.0 (X11; Linux i686; rv:39.0) Gecko/20100101 Firefox/39.0', 'x-api-version': '8', 'x-env': 'WEB', 'X-requested-with': 'XMLHttpRequest', 'X-token': 'a1cad95a6d480c14f51dd0eba4914c8337b893c789ec6278bb440c7c9a673b162f042470c62684e6da2bd342ffea7777'})
[2025-06-09 00:10:10] Récupération des données de vote pour Best of Black & White (URL: best-of-black-white29, HEADER:{'User-Agent': 'Mozilla/5.0 (X11; Linux i686; rv:39.0) Gecko/20100101 Firefox/39.0', 'x-api-version': '8', 'x-env': 'WEB', 'X-requested-with': 'XMLHttpRequest', 'X-token': 'a1cad95a6d480c14f51dd0eba4914c8337b893c789ec6278bb440c7c9a673b162f042470c62684e6da2bd342ffea7777'})
[2025-06-09 00:10:10] Récupération des données de vote pour Pools & Swimming (URL: pools-swimming1, HEADER:{'User-Agent': 'Mozilla/5.0 (X11; Linux i686; rv:39.0) Gecko/20100101 Firefox/39.0', 'x-api-version': '8', 'x-env': 'WEB', 'X-requested-with': 'XMLHttpRequest', 'X-token': 'a1cad95a6d480c14f51dd0eba4914c8337b893c789ec6278bb440c7c9a673b162f042470c62684e6da2bd342ffea7777'})
[2025-06-09 00:10:10] Récupération des données de vote pour Still Life (URL: still-life5, HEADER:{'User-Agent': 'Mozilla/5.0 (X11; Linux i686; rv:39.0) Gecko/20100101 Firefox/39.0', 'x-api-version': '8', 'x-env': 'WEB', 'X-requested-with': 'XMLHttpRequest', 'X-token': 'a1cad95a6d480c14f51dd0eba4914c8337b893c789ec6278bb440c7c9a673b162f042470c62684e6da2bd342ffea7777'})
[2025-06-09 00:10:10] Récupération des données de vote pour Dramatic Lighting (URL: dramatic-lighting11, HEADER:{'User-Agent': 'Mozilla/5.0 (X11; Linux i686; rv:39.0) Gecko/20100101 Firefox/39.0', 'x-api-version': '8', 'x-env': 'WEB', 'X-requested-with': 'XMLHttpRequest', 'X-token': 'a1cad95a6d480c14f51dd0eba4914c8337b893c789ec6278bb440c7c9a673b162f042470c62684e6da2bd342ffea7777'})
[2025-06-09 00:10:10] Récupération des données de vote pour Photo of the Week! (URL: photo-of-the-week-299, HEADER:{'User-Agent': 'Mozilla/5.0 (X11; Linux i686; rv:39.0) Gecko/20100101 Firefox/39.0', 'x-api-version': '8', 'x-env': 'WEB', 'X-requested-with': 'XMLHttpRequest', 'X-token': 'a1cad95a6d480c14f51dd0eba4914c8337b893c789ec6278bb440c7c9a673b162f042470c62684e6da2bd342ffea7777'})
[2025-06-09 00:10:11] Récupération réussie: 200 images pour Pools & Swimming
[2025-06-09 00:10:11] Voting fetching ...
[2025-06-09 00:10:11] Pools & Swimming voting 35 images
[2025-06-09 00:10:11] Récupération réussie: 200 images pour Photo of the Week!
[2025-06-09 00:10:11] Voting fetching ...
[2025-06-09 00:10:11] Photo of the Week! voting 35 images
[2025-06-09 00:10:11] Récupération réussie: 200 images pour Color Drained
[2025-06-09 00:10:11] Voting fetching ...
[2025-06-09 00:10:11] Color Drained voting 35 images
[2025-06-09 00:10:11] Récupération réussie: 200 images pour Windows
[2025-06-09 00:10:11] Voting fetching ...
[2025-06-09 00:10:11] Windows voting 35 images
[2025-06-09 00:10:11] Récupération réussie: 200 images pour Dramatic Lighting
[2025-06-09 00:10:11] Voting fetching ...
[2025-06-09 00:10:11] Dramatic Lighting voting 35 images
[2025-06-09 00:10:11] Récupération réussie: 200 images pour Still Life
[2025-06-09 00:10:11] Voting fetching ...
[2025-06-09 00:10:11] Still Life voting 35 images
[2025-06-09 00:10:11] Récupération réussie: 200 images pour Best of Black & White
[2025-06-09 00:10:11] Voting fetching ...
[2025-06-09 00:10:11] Best of Black & White voting 35 images
[2025-06-09 00:10:11] Pools & Swimming voted successfully
[2025-06-09 00:10:13] Windows voted successfully
[2025-06-09 00:10:15] Color Drained voted successfully
[2025-06-09 00:10:17] Photo of the Week! voted successfully
[2025-06-09 00:10:19] Désélection de tous les challenges

[2025-06-09 00:10:20] Dramatic Lighting voted successfully
[2025-06-09 00:10:21] Refreshing challenges...
[2025-06-09 00:10:21] Fetching challenges...
[2025-06-09 00:10:22] Still Life voted successfully
[2025-06-09 00:10:22] Challenges fetching ...
[2025-06-09 00:10:22] Lancement automatique des stratégies de fin pour 8 nouveaux challenges...
[2025-06-09 00:10:22] Nouveau challenge détecté pour pascale: Screen Stars - Blossom Glow
[2025-06-09 00:10:22] Nouveau challenge détecté pour pascale: Windows
[2025-06-09 00:10:22] Nouveau challenge détecté pour pascale: Sentimental Value
[2025-06-09 00:10:22] Nouveau challenge détecté pour pascale: Feeling Liberated
[2025-06-09 00:10:22] Nouveau challenge détecté pour pascale: My Exhibition Shot
[2025-06-09 00:10:22] Nouveau challenge détecté pour pascale: Guru of The Week
[2025-06-09 00:10:22] Nouveau challenge détecté pour pascale: The Art of the Shoe
[2025-06-09 00:10:22] Nouveau challenge détecté pour pascale: SOOC (Straight Out Of Camera)
[2025-06-09 00:10:22] Challenges fetched successfully for pascale!
[2025-06-09 00:10:24] Best of Black & White voted successfully
[2025-06-09 00:10:26] Challenges fetching ...
[2025-06-09 00:10:26] Challenges fetched successfully for bruno!
[2025-06-09 00:10:26] Challenges fetching ...
[2025-06-09 00:10:26] Challenges fetched successfully for bruno!
[2025-06-09 00:10:26] Challenges fetching ...
[2025-06-09 00:10:26] Challenges fetched successfully for bruno!
[2025-06-09 00:10:26] Challenges fetching ...
[2025-06-09 00:10:26] Challenges fetched successfully for bruno!
[2025-06-09 00:10:27] Challenges fetching ...
[2025-06-09 00:10:27] Challenges fetched successfully for bruno!
[2025-06-09 00:10:27] Challenges fetching ...
[2025-06-09 00:10:27] Challenges fetched successfully for bruno!
[2025-06-09 00:10:27] Challenges fetching ...
[2025-06-09 00:10:27] Challenges fetched successfully for bruno!
[2025-06-09 00:10:35] Sélection de tous les challenges

[2025-06-09 00:10:37] Windows get vote panel
[2025-06-09 00:10:37] Traveling The World get vote panel
[2025-06-09 00:10:37] Outdoor Furniture get vote panel
[2025-06-09 00:10:37] Feeling Liberated get vote panel
[2025-06-09 00:10:37] Still Life get vote panel
[2025-06-09 00:10:37] Best of Black & White get vote panel
[2025-06-09 00:10:37] My Exhibition Shot get vote panel
[2025-06-09 00:10:37] Pools & Swimming get vote panel
[2025-06-09 00:10:37] Guru of The Week get vote panel
[2025-06-09 00:10:37] The Art of the Shoe get vote panel
[2025-06-09 00:10:37] SOOC (Straight Out Of Camera) get vote panel
[2025-06-09 00:10:37] Solo - Single Subject get vote panel
[2025-06-09 00:10:37] Color Drained get vote panel
[2025-06-09 00:10:37] Photographer of the Week get vote panel
[2025-06-09 00:10:37] Sentimental Value get vote panel
[2025-06-09 00:10:37] Screen Stars - Blossom Glow get vote panel
[2025-06-09 00:10:37] Dramatic Lighting get vote panel
[2025-06-09 00:10:37] Filling challenges: {101632, 101794, 101602, 101635, 101466, 101222, 101223, 101577, 102231, 101615, 101585, 102164, 101589, 102229, 101591, 102234, 101789}
Filled Windows with strategy end4
Filled Traveling The World with strategy end4
Filled Outdoor Furniture with strategy end4
Filled Feeling Liberated with strategy end4
Filled Still Life with strategy end4
Filled Best of Black & White with strategy end4
Filled My Exhibition Shot with strategy end4
Filled Pools & Swimming with strategy end4
Filled Guru of The Week with strategy end4
Filled The Art of the Shoe with strategy end4
Filled SOOC (Straight Out Of Camera) with strategy end4
Filled Solo - Single Subject with strategy end4
Filled Color Drained with strategy end4
Filled Photographer of the Week with strategy end4
Filled Sentimental Value with strategy end4
Filled Screen Stars - Blossom Glow with strategy end4
Filled Dramatic Lighting with strategy end4

[2025-06-09 00:10:37] Récupération des données de vote pour Windows (URL: windows38, HEADER:{'User-Agent': 'Mozilla/5.0 (X11; Linux i686; rv:39.0) Gecko/20100101 Firefox/39.0', 'x-api-version': '8', 'x-env': 'WEB', 'X-requested-with': 'XMLHttpRequest', 'X-token': 'f96bbe3a7e7f833329e7129767a69abbfa6dfce3152e3c2a311eb49d89b5c3bb2b12b66b402f03dce682b8b2b6a005cd'})
[2025-06-09 00:10:37] Récupération des données de vote pour Traveling The World (URL: travel-stories6, HEADER:{'User-Agent': 'Mozilla/5.0 (X11; Linux i686; rv:39.0) Gecko/20100101 Firefox/39.0', 'x-api-version': '8', 'x-env': 'WEB', 'X-requested-with': 'XMLHttpRequest', 'X-token': 'f96bbe3a7e7f833329e7129767a69abbfa6dfce3152e3c2a311eb49d89b5c3bb2b12b66b402f03dce682b8b2b6a005cd'})
[2025-06-09 00:10:37] Récupération des données de vote pour Outdoor Furniture (URL: outdoor-furniture48, HEADER:{'User-Agent': 'Mozilla/5.0 (X11; Linux i686; rv:39.0) Gecko/20100101 Firefox/39.0', 'x-api-version': '8', 'x-env': 'WEB', 'X-requested-with': 'XMLHttpRequest', 'X-token': 'f96bbe3a7e7f833329e7129767a69abbfa6dfce3152e3c2a311eb49d89b5c3bb2b12b66b402f03dce682b8b2b6a005cd'})
[2025-06-09 00:10:37] Récupération des données de vote pour Feeling Liberated (URL: feeling-liberated, HEADER:{'User-Agent': 'Mozilla/5.0 (X11; Linux i686; rv:39.0) Gecko/20100101 Firefox/39.0', 'x-api-version': '8', 'x-env': 'WEB', 'X-requested-with': 'XMLHttpRequest', 'X-token': 'f96bbe3a7e7f833329e7129767a69abbfa6dfce3152e3c2a311eb49d89b5c3bb2b12b66b402f03dce682b8b2b6a005cd'})
[2025-06-09 00:10:37] Récupération des données de vote pour Still Life (URL: still-life5, HEADER:{'User-Agent': 'Mozilla/5.0 (X11; Linux i686; rv:39.0) Gecko/20100101 Firefox/39.0', 'x-api-version': '8', 'x-env': 'WEB', 'X-requested-with': 'XMLHttpRequest', 'X-token': 'f96bbe3a7e7f833329e7129767a69abbfa6dfce3152e3c2a311eb49d89b5c3bb2b12b66b402f03dce682b8b2b6a005cd'})
[2025-06-09 00:10:37] Récupération des données de vote pour Best of Black & White (URL: best-of-black-white29, HEADER:{'User-Agent': 'Mozilla/5.0 (X11; Linux i686; rv:39.0) Gecko/20100101 Firefox/39.0', 'x-api-version': '8', 'x-env': 'WEB', 'X-requested-with': 'XMLHttpRequest', 'X-token': 'f96bbe3a7e7f833329e7129767a69abbfa6dfce3152e3c2a311eb49d89b5c3bb2b12b66b402f03dce682b8b2b6a005cd'})
[2025-06-09 00:10:37] Récupération des données de vote pour My Exhibition Shot (URL: my-exhibition-shot14, HEADER:{'User-Agent': 'Mozilla/5.0 (X11; Linux i686; rv:39.0) Gecko/20100101 Firefox/39.0', 'x-api-version': '8', 'x-env': 'WEB', 'X-requested-with': 'XMLHttpRequest', 'X-token': 'f96bbe3a7e7f833329e7129767a69abbfa6dfce3152e3c2a311eb49d89b5c3bb2b12b66b402f03dce682b8b2b6a005cd'})
[2025-06-09 00:10:37] Récupération des données de vote pour Pools & Swimming (URL: pools-swimming1, HEADER:{'User-Agent': 'Mozilla/5.0 (X11; Linux i686; rv:39.0) Gecko/20100101 Firefox/39.0', 'x-api-version': '8', 'x-env': 'WEB', 'X-requested-with': 'XMLHttpRequest', 'X-token': 'f96bbe3a7e7f833329e7129767a69abbfa6dfce3152e3c2a311eb49d89b5c3bb2b12b66b402f03dce682b8b2b6a005cd'})
[2025-06-09 00:10:37] Récupération des données de vote pour Guru of The Week (URL: guru-of-the-week37, HEADER:{'User-Agent': 'Mozilla/5.0 (X11; Linux i686; rv:39.0) Gecko/20100101 Firefox/39.0', 'x-api-version': '8', 'x-env': 'WEB', 'X-requested-with': 'XMLHttpRequest', 'X-token': 'f96bbe3a7e7f833329e7129767a69abbfa6dfce3152e3c2a311eb49d89b5c3bb2b12b66b402f03dce682b8b2b6a005cd'})
[2025-06-09 00:10:37] Récupération des données de vote pour The Art of the Shoe (URL: the-art-of-the-shoe, HEADER:{'User-Agent': 'Mozilla/5.0 (X11; Linux i686; rv:39.0) Gecko/20100101 Firefox/39.0', 'x-api-version': '8', 'x-env': 'WEB', 'X-requested-with': 'XMLHttpRequest', 'X-token': 'f96bbe3a7e7f833329e7129767a69abbfa6dfce3152e3c2a311eb49d89b5c3bb2b12b66b402f03dce682b8b2b6a005cd'})
[2025-06-09 00:10:37] Récupération des données de vote pour SOOC (Straight Out Of Camera) (URL: sooc-straight-out-of-camera-23, HEADER:{'User-Agent': 'Mozilla/5.0 (X11; Linux i686; rv:39.0) Gecko/20100101 Firefox/39.0', 'x-api-version': '8', 'x-env': 'WEB', 'X-requested-with': 'XMLHttpRequest', 'X-token': 'f96bbe3a7e7f833329e7129767a69abbfa6dfce3152e3c2a311eb49d89b5c3bb2b12b66b402f03dce682b8b2b6a005cd'})
[2025-06-09 00:10:37] Récupération des données de vote pour Solo - Single Subject (URL: solo-single-subject32, HEADER:{'User-Agent': 'Mozilla/5.0 (X11; Linux i686; rv:39.0) Gecko/20100101 Firefox/39.0', 'x-api-version': '8', 'x-env': 'WEB', 'X-requested-with': 'XMLHttpRequest', 'X-token': 'f96bbe3a7e7f833329e7129767a69abbfa6dfce3152e3c2a311eb49d89b5c3bb2b12b66b402f03dce682b8b2b6a005cd'})
[2025-06-09 00:10:37] Récupération des données de vote pour Color Drained (URL: depleted-color, HEADER:{'User-Agent': 'Mozilla/5.0 (X11; Linux i686; rv:39.0) Gecko/20100101 Firefox/39.0', 'x-api-version': '8', 'x-env': 'WEB', 'X-requested-with': 'XMLHttpRequest', 'X-token': 'f96bbe3a7e7f833329e7129767a69abbfa6dfce3152e3c2a311eb49d89b5c3bb2b12b66b402f03dce682b8b2b6a005cd'})
[2025-06-09 00:10:37] Récupération des données de vote pour Photographer of the Week (URL: photographer-of-the-week211, HEADER:{'User-Agent': 'Mozilla/5.0 (X11; Linux i686; rv:39.0) Gecko/20100101 Firefox/39.0', 'x-api-version': '8', 'x-env': 'WEB', 'X-requested-with': 'XMLHttpRequest', 'X-token': 'f96bbe3a7e7f833329e7129767a69abbfa6dfce3152e3c2a311eb49d89b5c3bb2b12b66b402f03dce682b8b2b6a005cd'})
[2025-06-09 00:10:37] Récupération des données de vote pour Sentimental Value (URL: sentimental-value25, HEADER:{'User-Agent': 'Mozilla/5.0 (X11; Linux i686; rv:39.0) Gecko/20100101 Firefox/39.0', 'x-api-version': '8', 'x-env': 'WEB', 'X-requested-with': 'XMLHttpRequest', 'X-token': 'f96bbe3a7e7f833329e7129767a69abbfa6dfce3152e3c2a311eb49d89b5c3bb2b12b66b402f03dce682b8b2b6a005cd'})
[2025-06-09 00:10:37] Récupération des données de vote pour Screen Stars - Blossom Glow (URL: screen-stars-blossom, HEADER:{'User-Agent': 'Mozilla/5.0 (X11; Linux i686; rv:39.0) Gecko/20100101 Firefox/39.0', 'x-api-version': '8', 'x-env': 'WEB', 'X-requested-with': 'XMLHttpRequest', 'X-token': 'f96bbe3a7e7f833329e7129767a69abbfa6dfce3152e3c2a311eb49d89b5c3bb2b12b66b402f03dce682b8b2b6a005cd'})
[2025-06-09 00:10:37] Récupération des données de vote pour Dramatic Lighting (URL: dramatic-lighting11, HEADER:{'User-Agent': 'Mozilla/5.0 (X11; Linux i686; rv:39.0) Gecko/20100101 Firefox/39.0', 'x-api-version': '8', 'x-env': 'WEB', 'X-requested-with': 'XMLHttpRequest', 'X-token': 'f96bbe3a7e7f833329e7129767a69abbfa6dfce3152e3c2a311eb49d89b5c3bb2b12b66b402f03dce682b8b2b6a005cd'})
[2025-06-09 00:10:37] Pas d'images disponibles pour Windows, {'success': False, 'error_code': 2027, 'message': 'Challenge is closed for voting'}
[2025-06-09 00:10:37] Voting fetching ...
[2025-06-09 00:10:37] Erreur lors de la récupération des données de vote: {'success': False, 'message': 'No images available', 'challenge': {'close_time': 0}}
[2025-06-09 00:10:38] Récupération réussie: 200 images pour Pools & Swimming
[2025-06-09 00:10:38] Voting fetching ...
[2025-06-09 00:10:38] Pools & Swimming voting 35 images
[2025-06-09 00:10:38] Récupération réussie: 200 images pour Guru of The Week
[2025-06-09 00:10:38] Voting fetching ...
[2025-06-09 00:10:38] Guru of The Week voting 35 images
[2025-06-09 00:10:38] Récupération réussie: 200 images pour The Art of the Shoe
[2025-06-09 00:10:38] Voting fetching ...
[2025-06-09 00:10:38] The Art of the Shoe voting 35 images
[2025-06-09 00:10:38] Récupération réussie: 200 images pour Sentimental Value
[2025-06-09 00:10:38] Voting fetching ...
[2025-06-09 00:10:38] Sentimental Value voting 35 images
[2025-06-09 00:10:38] Récupération réussie: 200 images pour Color Drained
[2025-06-09 00:10:38] Voting fetching ...
[2025-06-09 00:10:38] Color Drained voting 35 images
[2025-06-09 00:10:38] Récupération réussie: 200 images pour Feeling Liberated
[2025-06-09 00:10:38] Voting fetching ...
[2025-06-09 00:10:38] Feeling Liberated voting 35 images
[2025-06-09 00:10:38] Récupération réussie: 200 images pour Solo - Single Subject
[2025-06-09 00:10:38] Voting fetching ...
[2025-06-09 00:10:38] Solo - Single Subject voting 35 images
[2025-06-09 00:10:38] Récupération réussie: 200 images pour Photographer of the Week
[2025-06-09 00:10:38] Voting fetching ...
[2025-06-09 00:10:38] Photographer of the Week voting 35 images
[2025-06-09 00:10:38] Récupération réussie: 200 images pour Screen Stars - Blossom Glow
[2025-06-09 00:10:38] Voting fetching ...
[2025-06-09 00:10:38] Screen Stars - Blossom Glow voting 35 images
[2025-06-09 00:10:38] Récupération réussie: 200 images pour SOOC (Straight Out Of Camera)
[2025-06-09 00:10:38] Voting fetching ...
[2025-06-09 00:10:38] SOOC (Straight Out Of Camera) voting 35 images
[2025-06-09 00:10:38] Récupération réussie: 200 images pour Traveling The World
[2025-06-09 00:10:38] Voting fetching ...
[2025-06-09 00:10:38] Traveling The World voting 35 images
[2025-06-09 00:10:38] Récupération réussie: 200 images pour Outdoor Furniture
[2025-06-09 00:10:38] Voting fetching ...
[2025-06-09 00:10:38] Outdoor Furniture voting 35 images
[2025-06-09 00:10:38] Récupération réussie: 200 images pour Dramatic Lighting
[2025-06-09 00:10:38] Voting fetching ...
[2025-06-09 00:10:38] Dramatic Lighting voting 35 images
[2025-06-09 00:10:38] Récupération réussie: 200 images pour Still Life
[2025-06-09 00:10:38] Voting fetching ...
[2025-06-09 00:10:38] Still Life voting 35 images
[2025-06-09 00:10:39] Récupération réussie: 200 images pour Best of Black & White
[2025-06-09 00:10:39] Voting fetching ...
[2025-06-09 00:10:39] Best of Black & White voting 35 images
[2025-06-09 00:10:39] Récupération réussie: 200 images pour My Exhibition Shot
[2025-06-09 00:10:39] Voting fetching ...
[2025-06-09 00:10:39] My Exhibition Shot voting 35 images
[2025-06-09 00:10:39] Color Drained voted successfully
[2025-06-09 00:10:41] Pools & Swimming voted successfully
[2025-06-09 00:10:43] Guru of The Week voted successfully
[2025-06-09 00:10:45] Sentimental Value voted successfully
[2025-06-09 00:10:47] The Art of the Shoe voted successfully
[2025-06-09 00:10:49] SOOC (Straight Out Of Camera) voted successfully
[2025-06-09 00:10:51] Solo - Single Subject voted successfully
[2025-06-09 00:10:53] Traveling The World voted successfully
[2025-06-09 00:10:55] Screen Stars - Blossom Glow voted successfully
[2025-06-09 00:10:57] Outdoor Furniture voted successfully
[2025-06-09 00:10:59] My Exhibition Shot voted successfully
[2025-06-09 00:11:01] Photographer of the Week voted successfully
[2025-06-09 00:11:03] Still Life voted successfully
[2025-06-09 00:11:05] Dramatic Lighting voted successfully
[2025-06-09 00:11:07] Feeling Liberated voted successfully
[2025-06-09 00:11:09] Best of Black & White voted successfully
[2025-06-09 00:11:13] Challenges fetching ...
[2025-06-09 00:11:13] Challenges fetched successfully for pascale!
[2025-06-09 00:11:13] Challenges fetching ...
[2025-06-09 00:11:13] Challenges fetched successfully for pascale!
[2025-06-09 00:11:13] Challenges fetching ...
[2025-06-09 00:11:13] Challenges fetched successfully for pascale!
[2025-06-09 00:11:13] Challenges fetching ...
[2025-06-09 00:11:13] Challenges fetched successfully for pascale!
[2025-06-09 00:11:13] Challenges fetching ...
[2025-06-09 00:11:13] Challenges fetched successfully for pascale!
[2025-06-09 00:11:13] Challenges fetching ...
[2025-06-09 00:11:13] Challenges fetched successfully for pascale!
[2025-06-09 00:11:13] Challenges fetching ...
[2025-06-09 00:11:13] Challenges fetched successfully for pascale!
[2025-06-09 00:11:13] Challenges fetching ...
[2025-06-09 00:11:13] Challenges fetched successfully for pascale!
[2025-06-09 00:11:13] Challenges fetching ...
[2025-06-09 00:11:13] Challenges fetched successfully for pascale!
[2025-06-09 00:11:13] Challenges fetching ...
[2025-06-09 00:11:13] Challenges fetched successfully for pascale!
[2025-06-09 00:11:13] Challenges fetching ...
[2025-06-09 00:11:13] Challenges fetched successfully for pascale!
[2025-06-09 00:11:13] Challenges fetching ...
[2025-06-09 00:11:13] Challenges fetched successfully for pascale!
[2025-06-09 00:11:13] Challenges fetching ...
[2025-06-09 00:11:13] Challenges fetched successfully for pascale!
[2025-06-09 00:11:14] Challenges fetching ...
[2025-06-09 00:11:14] Challenges fetched successfully for pascale!
[2025-06-09 00:11:14] Challenges fetching ...
[2025-06-09 00:11:14] Challenges fetched successfully for pascale!
[2025-06-09 00:11:14] Challenges fetching ...
[2025-06-09 00:11:14] Challenges fetched successfully for pascale!
[2025-06-09 00:11:17] Windows get vote panel
[2025-06-09 00:11:17] Traveling The World get vote panel
[2025-06-09 00:11:17] Outdoor Furniture get vote panel
[2025-06-09 00:11:17] Feeling Liberated get vote panel
[2025-06-09 00:11:17] Still Life get vote panel
[2025-06-09 00:11:17] Best of Black & White get vote panel
[2025-06-09 00:11:17] My Exhibition Shot get vote panel
[2025-06-09 00:11:17] Pools & Swimming get vote panel
[2025-06-09 00:11:17] Guru of The Week get vote panel
[2025-06-09 00:11:17] The Art of the Shoe get vote panel
[2025-06-09 00:11:17] SOOC (Straight Out Of Camera) get vote panel
[2025-06-09 00:11:17] Solo - Single Subject get vote panel
[2025-06-09 00:11:17] Color Drained get vote panel
[2025-06-09 00:11:17] Photographer of the Week get vote panel
[2025-06-09 00:11:17] Sentimental Value get vote panel
[2025-06-09 00:11:17] Screen Stars - Blossom Glow get vote panel
[2025-06-09 00:11:17] Dramatic Lighting get vote panel
[2025-06-09 00:11:17] Filling challenges: {101632, 101794, 101602, 101635, 101466, 101222, 101223, 101577, 102231, 101615, 101585, 102164, 101589, 102229, 101591, 102234, 101789}
Filled Windows with strategy end4
Filled Traveling The World with strategy end4
Filled Outdoor Furniture with strategy end4
Filled Feeling Liberated with strategy end4
Filled Still Life with strategy end4
Filled Best of Black & White with strategy end4
Filled My Exhibition Shot with strategy end4
Filled Pools & Swimming with strategy end4
Filled Guru of The Week with strategy end4
Filled The Art of the Shoe with strategy end4
Filled SOOC (Straight Out Of Camera) with strategy end4
Filled Solo - Single Subject with strategy end4
Filled Color Drained with strategy end4
Filled Photographer of the Week with strategy end4
Filled Sentimental Value with strategy end4
Filled Screen Stars - Blossom Glow with strategy end4
Filled Dramatic Lighting with strategy end4

[2025-06-09 00:11:17] Récupération des données de vote pour Windows (URL: windows38, HEADER:{'User-Agent': 'Mozilla/5.0 (X11; Linux i686; rv:39.0) Gecko/20100101 Firefox/39.0', 'x-api-version': '8', 'x-env': 'WEB', 'X-requested-with': 'XMLHttpRequest', 'X-token': 'f96bbe3a7e7f833329e7129767a69abbfa6dfce3152e3c2a311eb49d89b5c3bb2b12b66b402f03dce682b8b2b6a005cd'})
[2025-06-09 00:11:17] Récupération des données de vote pour Traveling The World (URL: travel-stories6, HEADER:{'User-Agent': 'Mozilla/5.0 (X11; Linux i686; rv:39.0) Gecko/20100101 Firefox/39.0', 'x-api-version': '8', 'x-env': 'WEB', 'X-requested-with': 'XMLHttpRequest', 'X-token': 'f96bbe3a7e7f833329e7129767a69abbfa6dfce3152e3c2a311eb49d89b5c3bb2b12b66b402f03dce682b8b2b6a005cd'})
[2025-06-09 00:11:17] Récupération des données de vote pour Outdoor Furniture (URL: outdoor-furniture48, HEADER:{'User-Agent': 'Mozilla/5.0 (X11; Linux i686; rv:39.0) Gecko/20100101 Firefox/39.0', 'x-api-version': '8', 'x-env': 'WEB', 'X-requested-with': 'XMLHttpRequest', 'X-token': 'f96bbe3a7e7f833329e7129767a69abbfa6dfce3152e3c2a311eb49d89b5c3bb2b12b66b402f03dce682b8b2b6a005cd'})
[2025-06-09 00:11:17] Récupération des données de vote pour Feeling Liberated (URL: feeling-liberated, HEADER:{'User-Agent': 'Mozilla/5.0 (X11; Linux i686; rv:39.0) Gecko/20100101 Firefox/39.0', 'x-api-version': '8', 'x-env': 'WEB', 'X-requested-with': 'XMLHttpRequest', 'X-token': 'f96bbe3a7e7f833329e7129767a69abbfa6dfce3152e3c2a311eb49d89b5c3bb2b12b66b402f03dce682b8b2b6a005cd'})
[2025-06-09 00:11:17] Récupération des données de vote pour Still Life (URL: still-life5, HEADER:{'User-Agent': 'Mozilla/5.0 (X11; Linux i686; rv:39.0) Gecko/20100101 Firefox/39.0', 'x-api-version': '8', 'x-env': 'WEB', 'X-requested-with': 'XMLHttpRequest', 'X-token': 'f96bbe3a7e7f833329e7129767a69abbfa6dfce3152e3c2a311eb49d89b5c3bb2b12b66b402f03dce682b8b2b6a005cd'})
[2025-06-09 00:11:17] Récupération des données de vote pour Best of Black & White (URL: best-of-black-white29, HEADER:{'User-Agent': 'Mozilla/5.0 (X11; Linux i686; rv:39.0) Gecko/20100101 Firefox/39.0', 'x-api-version': '8', 'x-env': 'WEB', 'X-requested-with': 'XMLHttpRequest', 'X-token': 'f96bbe3a7e7f833329e7129767a69abbfa6dfce3152e3c2a311eb49d89b5c3bb2b12b66b402f03dce682b8b2b6a005cd'})
[2025-06-09 00:11:17] Récupération des données de vote pour My Exhibition Shot (URL: my-exhibition-shot14, HEADER:{'User-Agent': 'Mozilla/5.0 (X11; Linux i686; rv:39.0) Gecko/20100101 Firefox/39.0', 'x-api-version': '8', 'x-env': 'WEB', 'X-requested-with': 'XMLHttpRequest', 'X-token': 'f96bbe3a7e7f833329e7129767a69abbfa6dfce3152e3c2a311eb49d89b5c3bb2b12b66b402f03dce682b8b2b6a005cd'})
[2025-06-09 00:11:17] Récupération des données de vote pour Pools & Swimming (URL: pools-swimming1, HEADER:{'User-Agent': 'Mozilla/5.0 (X11; Linux i686; rv:39.0) Gecko/20100101 Firefox/39.0', 'x-api-version': '8', 'x-env': 'WEB', 'X-requested-with': 'XMLHttpRequest', 'X-token': 'f96bbe3a7e7f833329e7129767a69abbfa6dfce3152e3c2a311eb49d89b5c3bb2b12b66b402f03dce682b8b2b6a005cd'})
[2025-06-09 00:11:17] Récupération des données de vote pour Guru of The Week (URL: guru-of-the-week37, HEADER:{'User-Agent': 'Mozilla/5.0 (X11; Linux i686; rv:39.0) Gecko/20100101 Firefox/39.0', 'x-api-version': '8', 'x-env': 'WEB', 'X-requested-with': 'XMLHttpRequest', 'X-token': 'f96bbe3a7e7f833329e7129767a69abbfa6dfce3152e3c2a311eb49d89b5c3bb2b12b66b402f03dce682b8b2b6a005cd'})
[2025-06-09 00:11:17] Récupération des données de vote pour The Art of the Shoe (URL: the-art-of-the-shoe, HEADER:{'User-Agent': 'Mozilla/5.0 (X11; Linux i686; rv:39.0) Gecko/20100101 Firefox/39.0', 'x-api-version': '8', 'x-env': 'WEB', 'X-requested-with': 'XMLHttpRequest', 'X-token': 'f96bbe3a7e7f833329e7129767a69abbfa6dfce3152e3c2a311eb49d89b5c3bb2b12b66b402f03dce682b8b2b6a005cd'})
[2025-06-09 00:11:17] Récupération des données de vote pour SOOC (Straight Out Of Camera) (URL: sooc-straight-out-of-camera-23, HEADER:{'User-Agent': 'Mozilla/5.0 (X11; Linux i686; rv:39.0) Gecko/20100101 Firefox/39.0', 'x-api-version': '8', 'x-env': 'WEB', 'X-requested-with': 'XMLHttpRequest', 'X-token': 'f96bbe3a7e7f833329e7129767a69abbfa6dfce3152e3c2a311eb49d89b5c3bb2b12b66b402f03dce682b8b2b6a005cd'})
[2025-06-09 00:11:17] Récupération des données de vote pour Solo - Single Subject (URL: solo-single-subject32, HEADER:{'User-Agent': 'Mozilla/5.0 (X11; Linux i686; rv:39.0) Gecko/20100101 Firefox/39.0', 'x-api-version': '8', 'x-env': 'WEB', 'X-requested-with': 'XMLHttpRequest', 'X-token': 'f96bbe3a7e7f833329e7129767a69abbfa6dfce3152e3c2a311eb49d89b5c3bb2b12b66b402f03dce682b8b2b6a005cd'})
[2025-06-09 00:11:17] Récupération des données de vote pour Color Drained (URL: depleted-color, HEADER:{'User-Agent': 'Mozilla/5.0 (X11; Linux i686; rv:39.0) Gecko/20100101 Firefox/39.0', 'x-api-version': '8', 'x-env': 'WEB', 'X-requested-with': 'XMLHttpRequest', 'X-token': 'f96bbe3a7e7f833329e7129767a69abbfa6dfce3152e3c2a311eb49d89b5c3bb2b12b66b402f03dce682b8b2b6a005cd'})
[2025-06-09 00:11:17] Récupération des données de vote pour Photographer of the Week (URL: photographer-of-the-week211, HEADER:{'User-Agent': 'Mozilla/5.0 (X11; Linux i686; rv:39.0) Gecko/20100101 Firefox/39.0', 'x-api-version': '8', 'x-env': 'WEB', 'X-requested-with': 'XMLHttpRequest', 'X-token': 'f96bbe3a7e7f833329e7129767a69abbfa6dfce3152e3c2a311eb49d89b5c3bb2b12b66b402f03dce682b8b2b6a005cd'})
[2025-06-09 00:11:17] Récupération des données de vote pour Sentimental Value (URL: sentimental-value25, HEADER:{'User-Agent': 'Mozilla/5.0 (X11; Linux i686; rv:39.0) Gecko/20100101 Firefox/39.0', 'x-api-version': '8', 'x-env': 'WEB', 'X-requested-with': 'XMLHttpRequest', 'X-token': 'f96bbe3a7e7f833329e7129767a69abbfa6dfce3152e3c2a311eb49d89b5c3bb2b12b66b402f03dce682b8b2b6a005cd'})
[2025-06-09 00:11:17] Récupération des données de vote pour Screen Stars - Blossom Glow (URL: screen-stars-blossom, HEADER:{'User-Agent': 'Mozilla/5.0 (X11; Linux i686; rv:39.0) Gecko/20100101 Firefox/39.0', 'x-api-version': '8', 'x-env': 'WEB', 'X-requested-with': 'XMLHttpRequest', 'X-token': 'f96bbe3a7e7f833329e7129767a69abbfa6dfce3152e3c2a311eb49d89b5c3bb2b12b66b402f03dce682b8b2b6a005cd'})
[2025-06-09 00:11:17] Récupération des données de vote pour Dramatic Lighting (URL: dramatic-lighting11, HEADER:{'User-Agent': 'Mozilla/5.0 (X11; Linux i686; rv:39.0) Gecko/20100101 Firefox/39.0', 'x-api-version': '8', 'x-env': 'WEB', 'X-requested-with': 'XMLHttpRequest', 'X-token': 'f96bbe3a7e7f833329e7129767a69abbfa6dfce3152e3c2a311eb49d89b5c3bb2b12b66b402f03dce682b8b2b6a005cd'})
[2025-06-09 00:11:18] Pas d'images disponibles pour Windows, {'success': False, 'error_code': 2027, 'message': 'Challenge is closed for voting'}
[2025-06-09 00:11:18] Voting fetching ...
[2025-06-09 00:11:18] Erreur lors de la récupération des données de vote: {'success': False, 'message': 'No images available', 'challenge': {'close_time': 0}}
[2025-06-09 00:11:18] Récupération réussie: 200 images pour Pools & Swimming
[2025-06-09 00:11:18] Voting fetching ...
[2025-06-09 00:11:18] Pools & Swimming voting 35 images
[2025-06-09 00:11:18] Récupération réussie: 200 images pour Color Drained
[2025-06-09 00:11:18] Voting fetching ...
[2025-06-09 00:11:18] Color Drained voting 35 images
[2025-06-09 00:11:18] Récupération réussie: 200 images pour Guru of The Week
[2025-06-09 00:11:18] Voting fetching ...
[2025-06-09 00:11:18] Guru of The Week voting 35 images
[2025-06-09 00:11:18] Récupération réussie: 200 images pour Outdoor Furniture
[2025-06-09 00:11:18] Voting fetching ...
[2025-06-09 00:11:18] Outdoor Furniture voting 35 images
[2025-06-09 00:11:18] Récupération réussie: 200 images pour SOOC (Straight Out Of Camera)
[2025-06-09 00:11:18] Voting fetching ...
[2025-06-09 00:11:18] SOOC (Straight Out Of Camera) voting 35 images
[2025-06-09 00:11:18] Récupération réussie: 200 images pour The Art of the Shoe
[2025-06-09 00:11:18] Voting fetching ...
[2025-06-09 00:11:18] The Art of the Shoe voting 35 images
[2025-06-09 00:11:18] Récupération réussie: 200 images pour Photographer of the Week
[2025-06-09 00:11:18] Voting fetching ...
[2025-06-09 00:11:18] Photographer of the Week voting 35 images
[2025-06-09 00:11:18] Récupération réussie: 200 images pour Sentimental Value
[2025-06-09 00:11:18] Voting fetching ...
[2025-06-09 00:11:18] Sentimental Value voting 35 images
[2025-06-09 00:11:18] Récupération réussie: 200 images pour Feeling Liberated
[2025-06-09 00:11:18] Voting fetching ...
[2025-06-09 00:11:18] Feeling Liberated voting 35 images
[2025-06-09 00:11:18] Récupération réussie: 200 images pour Screen Stars - Blossom Glow
[2025-06-09 00:11:18] Voting fetching ...
[2025-06-09 00:11:18] Screen Stars - Blossom Glow voting 35 images
[2025-06-09 00:11:19] Récupération réussie: 200 images pour Solo - Single Subject
[2025-06-09 00:11:19] Voting fetching ...
[2025-06-09 00:11:19] Solo - Single Subject voting 35 images
[2025-06-09 00:11:19] Récupération réussie: 200 images pour Traveling The World
[2025-06-09 00:11:19] Voting fetching ...
[2025-06-09 00:11:19] Traveling The World voting 35 images
[2025-06-09 00:11:19] Récupération réussie: 200 images pour Dramatic Lighting
[2025-06-09 00:11:19] Voting fetching ...
[2025-06-09 00:11:19] Dramatic Lighting voting 35 images
[2025-06-09 00:11:19] Récupération réussie: 200 images pour Still Life
[2025-06-09 00:11:19] Voting fetching ...
[2025-06-09 00:11:19] Still Life voting 35 images
[2025-06-09 00:11:19] Récupération réussie: 200 images pour Best of Black & White
[2025-06-09 00:11:19] Voting fetching ...
[2025-06-09 00:11:19] Best of Black & White voting 35 images
[2025-06-09 00:11:19] Récupération réussie: 200 images pour My Exhibition Shot
[2025-06-09 00:11:19] Voting fetching ...
[2025-06-09 00:11:19] My Exhibition Shot voting 35 images
[2025-06-09 00:11:19] Pools & Swimming voted successfully
[2025-06-09 00:11:21] Color Drained voted successfully
[2025-06-09 00:11:23] Guru of The Week voted successfully
[2025-06-09 00:11:25] SOOC (Straight Out Of Camera) voted successfully
[2025-06-09 00:11:27] Photographer of the Week voted successfully
[2025-06-09 00:11:29] The Art of the Shoe voted successfully
[2025-06-09 00:11:31] Feeling Liberated voted successfully
[2025-06-09 00:11:33] Sentimental Value voted successfully
[2025-06-09 00:11:35] Outdoor Furniture voted successfully
[2025-06-09 00:11:37] Screen Stars - Blossom Glow voted successfully
[2025-06-09 00:11:39] Traveling The World voted successfully
[2025-06-09 00:11:41] Solo - Single Subject voted successfully
[2025-06-09 00:11:43] Best of Black & White voted successfully
[2025-06-09 00:11:45] Still Life voted successfully
[2025-06-09 00:11:47] My Exhibition Shot voted successfully
[2025-06-09 00:11:49] Dramatic Lighting voted successfully
[2025-06-09 00:11:53] Challenges fetching ...
[2025-06-09 00:11:53] Challenges fetched successfully for pascale!
[2025-06-09 00:11:53] Challenges fetching ...
[2025-06-09 00:11:53] Challenges fetched successfully for pascale!
[2025-06-09 00:11:53] Challenges fetching ...
[2025-06-09 00:11:53] Challenges fetched successfully for pascale!
[2025-06-09 00:11:53] Challenges fetching ...
[2025-06-09 00:11:53] Challenges fetched successfully for pascale!
[2025-06-09 00:11:53] Challenges fetching ...
[2025-06-09 00:11:53] Challenges fetched successfully for pascale!
[2025-06-09 00:11:53] Challenges fetching ...
[2025-06-09 00:11:53] Challenges fetched successfully for pascale!
[2025-06-09 00:11:53] Challenges fetching ...
[2025-06-09 00:11:53] Challenges fetched successfully for pascale!
[2025-06-09 00:11:53] Challenges fetching ...
[2025-06-09 00:11:53] Challenges fetched successfully for pascale!
[2025-06-09 00:11:53] Challenges fetching ...
[2025-06-09 00:11:53] Challenges fetched successfully for pascale!
[2025-06-09 00:11:53] Challenges fetching ...
[2025-06-09 00:11:53] Challenges fetched successfully for pascale!
[2025-06-09 00:11:53] Challenges fetching ...
[2025-06-09 00:11:53] Challenges fetched successfully for pascale!
[2025-06-09 00:11:53] Challenges fetching ...
[2025-06-09 00:11:53] Challenges fetched successfully for pascale!
[2025-06-09 00:11:54] Challenges fetching ...
[2025-06-09 00:11:54] Challenges fetched successfully for pascale!
[2025-06-09 00:11:55] Challenges fetching ...
[2025-06-09 00:11:55] Challenges fetched successfully for pascale!
[2025-06-09 00:11:55] Challenges fetching ...
[2025-06-09 00:11:55] Challenges fetched successfully for pascale!
[2025-06-09 00:11:56] Challenges fetching ...
[2025-06-09 00:11:56] Challenges fetched successfully for pascale!
[2025-06-09 00:12:20] Désélection de tous les challenges

[2025-06-09 00:12:25] Feeling Liberated get vote panel
[2025-06-09 00:12:25] Filling challenges: {101635}
Filled Feeling Liberated with strategy end4

[2025-06-09 00:12:25] Récupération des données de vote pour Feeling Liberated (URL: feeling-liberated, HEADER:{'User-Agent': 'Mozilla/5.0 (X11; Linux i686; rv:39.0) Gecko/20100101 Firefox/39.0', 'x-api-version': '8', 'x-env': 'WEB', 'X-requested-with': 'XMLHttpRequest', 'X-token': 'f96bbe3a7e7f833329e7129767a69abbfa6dfce3152e3c2a311eb49d89b5c3bb2b12b66b402f03dce682b8b2b6a005cd'})
[2025-06-09 00:12:26] Récupération réussie: 200 images pour Feeling Liberated
[2025-06-09 00:12:26] Voting fetching ...
[2025-06-09 00:12:26] Feeling Liberated voting 35 images
[2025-06-09 00:12:26] Feeling Liberated voted successfully
[2025-06-09 00:12:29] Challenges fetching ...
[2025-06-09 00:12:29] Challenges fetched successfully for pascale!
[2025-06-09 00:12:46] Désélection de tous les challenges

[2025-06-09 00:13:02] Lancement de la stratégie end4 pour Pools & Swimming
[2025-06-09 00:13:02] Nouveau processus ajouté pour bruno: pools-swimming1-vote-70-left-0H:4M - Statut: init
[2025-06-09 00:13:02] Traitement du challenge pour bruno: pools-swimming1
[2025-06-09 00:13:02] Nouveau processus ajouté pour bruno: pools-swimming1-vote-20-left-0H:3M - Statut: init
[2025-06-09 00:13:03] Traitement du challenge pour bruno: pools-swimming1
[2025-06-09 00:13:03] Nouveau processus ajouté pour bruno: pools-swimming1-vote-20-left-0H:2M - Statut: init
[2025-06-09 00:13:03] Traitement du challenge pour bruno: pools-swimming1
[2025-06-09 00:13:03] Processus mis à jour pour bruno: pools-swimming1-vote-70-left-0H:4M - waiting
[2025-06-09 00:13:03] Nouveau processus ajouté pour bruno: pools-swimming1-vote-20-left-0H:1M - Statut: init
[2025-06-09 00:13:03] Processus mis à jour pour bruno: pools-swimming1-vote-20-left-0H:3M - waiting
[2025-06-09 00:13:03] Traitement du challenge pour bruno: pools-swimming1
[2025-06-09 00:13:03] Processus mis à jour pour bruno: pools-swimming1-vote-20-left-0H:2M - waiting
[2025-06-09 00:13:03] Processus mis à jour pour bruno: pools-swimming1-vote-20-left-0H:1M - waiting
[2025-06-09 00:13:03] Lancement de la stratégie end4 pour Color Drained
[2025-06-09 00:13:03] Nouveau processus ajouté pour bruno: depleted-color-vote-70-left-0H:4M - Statut: init
[2025-06-09 00:13:03] Traitement du challenge pour bruno: depleted-color
[2025-06-09 00:13:03] Nouveau processus ajouté pour bruno: depleted-color-vote-20-left-0H:3M - Statut: init
[2025-06-09 00:13:03] Traitement du challenge pour bruno: depleted-color
[2025-06-09 00:13:03] Nouveau processus ajouté pour bruno: depleted-color-vote-20-left-0H:2M - Statut: init
[2025-06-09 00:13:03] Traitement du challenge pour bruno: depleted-color
[2025-06-09 00:13:03] Processus mis à jour pour bruno: depleted-color-vote-70-left-0H:4M - waiting
[2025-06-09 00:13:03] Nouveau processus ajouté pour bruno: depleted-color-vote-20-left-0H:1M - Statut: init
[2025-06-09 00:13:03] Traitement du challenge pour bruno: depleted-color
[2025-06-09 00:13:03] Processus mis à jour pour bruno: depleted-color-vote-20-left-0H:3M - waiting
[2025-06-09 00:13:03] Processus mis à jour pour bruno: depleted-color-vote-20-left-0H:2M - waiting
[2025-06-09 00:13:03] Processus mis à jour pour bruno: depleted-color-vote-20-left-0H:1M - waiting
[2025-06-09 00:13:03] Lancement de la stratégie end4 pour Photo of the Week!
[2025-06-09 00:13:03] Nouveau processus ajouté pour bruno: photo-of-the-week-299-vote-70-left-0H:4M - Statut: init
[2025-06-09 00:13:03] Nouveau processus ajouté pour bruno: photo-of-the-week-299-vote-20-left-0H:3M - Statut: init
[2025-06-09 00:13:03] Traitement du challenge pour bruno: photo-of-the-week-299
[2025-06-09 00:13:03] Traitement du challenge pour bruno: photo-of-the-week-299
[2025-06-09 00:13:03] Nouveau processus ajouté pour bruno: photo-of-the-week-299-vote-20-left-0H:2M - Statut: init
[2025-06-09 00:13:03] Processus mis à jour pour bruno: photo-of-the-week-299-vote-70-left-0H:4M - waiting
[2025-06-09 00:13:03] Traitement du challenge pour bruno: photo-of-the-week-299
[2025-06-09 00:13:03] Nouveau processus ajouté pour bruno: photo-of-the-week-299-vote-20-left-0H:1M - Statut: init
[2025-06-09 00:13:03] Processus mis à jour pour bruno: photo-of-the-week-299-vote-20-left-0H:3M - waiting
[2025-06-09 00:13:03] Traitement du challenge pour bruno: photo-of-the-week-299
[2025-06-09 00:13:03] Processus mis à jour pour bruno: photo-of-the-week-299-vote-20-left-0H:2M - waiting
[2025-06-09 00:13:03] Processus mis à jour pour bruno: photo-of-the-week-299-vote-20-left-0H:1M - waiting
[2025-06-09 00:13:03] Application des stratégies pour les challenges sélectionnés:
- Pools & Swimming avec stratégie end4
- Color Drained avec stratégie end4
- Photo of the Week! avec stratégie end4

[2025-06-09 01:55:09] Processus mis à jour pour bruno: depleted-color-vote-70-left-0H:4M - executing
[2025-06-09 01:55:09] Traitement de vote pour Color Drained
[2025-06-09 01:55:09] Color Drained get vote panel
[2025-06-09 01:55:09] Processus associé: depleted-color-vote-70-left-0H:4M
[2025-06-09 01:55:09] Récupération des données de vote pour Color Drained (URL: depleted-color, HEADER:{'User-Agent': 'Mozilla/5.0 (X11; Linux i686; rv:39.0) Gecko/20100101 Firefox/39.0', 'x-api-version': '8', 'x-env': 'WEB', 'X-requested-with': 'XMLHttpRequest', 'X-token': 'a1cad95a6d480c14f51dd0eba4914c8337b893c789ec6278bb440c7c9a673b162f042470c62684e6da2bd342ffea7777'})
[2025-06-09 01:55:10] Récupération réussie: 200 images pour Color Drained
[2025-06-09 01:55:10] Voting fetching ...
[2025-06-09 01:55:10] Color Drained voting 70 images
[2025-06-09 01:55:11] Color Drained voted successfully
[2025-06-09 01:55:11] Processus supprimé pour bruno: depleted-color-vote-70-left-0H:4M - success
[2025-06-09 01:55:11] Processus mis à jour pour bruno: depleted-color-vote-70-left-0H:4M - success
[2025-06-09 01:55:11] Processus depleted-color-vote-70-left-0H:4M terminé avec succès (profil: bruno)
[2025-06-09 01:55:14] Challenges fetching ...
[2025-06-09 01:55:14] Challenges fetched successfully for bruno!
[2025-06-09 01:56:12] Processus mis à jour pour bruno: depleted-color-vote-20-left-0H:3M - executing
[2025-06-09 01:56:12] Traitement de vote pour Color Drained
[2025-06-09 01:56:12] Color Drained get vote panel
[2025-06-09 01:56:12] Processus associé: depleted-color-vote-20-left-0H:3M
[2025-06-09 01:56:12] Récupération des données de vote pour Color Drained (URL: depleted-color, HEADER:{'User-Agent': 'Mozilla/5.0 (X11; Linux i686; rv:39.0) Gecko/20100101 Firefox/39.0', 'x-api-version': '8', 'x-env': 'WEB', 'X-requested-with': 'XMLHttpRequest', 'X-token': 'a1cad95a6d480c14f51dd0eba4914c8337b893c789ec6278bb440c7c9a673b162f042470c62684e6da2bd342ffea7777'})
[2025-06-09 01:56:13] Récupération réussie: 200 images pour Color Drained
[2025-06-09 01:56:13] Voting fetching ...
[2025-06-09 01:56:13] Color Drained voting 20 images
[2025-06-09 01:56:14] Color Drained voted successfully
[2025-06-09 01:56:14] Processus supprimé pour bruno: depleted-color-vote-20-left-0H:3M - success
[2025-06-09 01:56:14] Processus mis à jour pour bruno: depleted-color-vote-20-left-0H:3M - success
[2025-06-09 01:56:14] Processus depleted-color-vote-20-left-0H:3M terminé avec succès (profil: bruno)
[2025-06-09 01:56:18] Challenges fetching ...
[2025-06-09 01:56:18] Challenges fetched successfully for bruno!
[2025-06-09 01:57:10] Processus mis à jour pour bruno: depleted-color-vote-20-left-0H:2M - executing
[2025-06-09 01:57:10] Traitement de vote pour Color Drained
[2025-06-09 01:57:10] Color Drained get vote panel
[2025-06-09 01:57:10] Processus associé: depleted-color-vote-20-left-0H:2M
[2025-06-09 01:57:10] Récupération des données de vote pour Color Drained (URL: depleted-color, HEADER:{'User-Agent': 'Mozilla/5.0 (X11; Linux i686; rv:39.0) Gecko/20100101 Firefox/39.0', 'x-api-version': '8', 'x-env': 'WEB', 'X-requested-with': 'XMLHttpRequest', 'X-token': 'a1cad95a6d480c14f51dd0eba4914c8337b893c789ec6278bb440c7c9a673b162f042470c62684e6da2bd342ffea7777'})
[2025-06-09 01:57:11] Récupération réussie: 200 images pour Color Drained
[2025-06-09 01:57:11] Voting fetching ...
[2025-06-09 01:57:11] Color Drained voting 20 images
[2025-06-09 01:57:12] Color Drained voted successfully
[2025-06-09 01:57:12] Processus supprimé pour bruno: depleted-color-vote-20-left-0H:2M - success
[2025-06-09 01:57:12] Processus mis à jour pour bruno: depleted-color-vote-20-left-0H:2M - success
[2025-06-09 01:57:12] Processus depleted-color-vote-20-left-0H:2M terminé avec succès (profil: bruno)
[2025-06-09 01:57:15] Challenges fetching ...
[2025-06-09 01:57:15] Challenges fetched successfully for bruno!
[2025-06-09 01:58:13] Processus mis à jour pour bruno: depleted-color-vote-20-left-0H:1M - executing
[2025-06-09 01:58:13] Traitement de vote pour Color Drained
[2025-06-09 01:58:13] Color Drained get vote panel
[2025-06-09 01:58:13] Processus associé: depleted-color-vote-20-left-0H:1M
[2025-06-09 01:58:13] Récupération des données de vote pour Color Drained (URL: depleted-color, HEADER:{'User-Agent': 'Mozilla/5.0 (X11; Linux i686; rv:39.0) Gecko/20100101 Firefox/39.0', 'x-api-version': '8', 'x-env': 'WEB', 'X-requested-with': 'XMLHttpRequest', 'X-token': 'a1cad95a6d480c14f51dd0eba4914c8337b893c789ec6278bb440c7c9a673b162f042470c62684e6da2bd342ffea7777'})
[2025-06-09 01:58:14] Récupération réussie: 200 images pour Color Drained
[2025-06-09 01:58:14] Voting fetching ...
[2025-06-09 01:58:14] Color Drained voting 20 images
[2025-06-09 01:58:15] Color Drained voted successfully
[2025-06-09 01:58:15] Processus supprimé pour bruno: depleted-color-vote-20-left-0H:1M - success
[2025-06-09 01:58:15] Processus mis à jour pour bruno: depleted-color-vote-20-left-0H:1M - success
[2025-06-09 01:58:15] Processus depleted-color-vote-20-left-0H:1M terminé avec succès (profil: bruno)
[2025-06-09 01:58:18] Challenges fetching ...
[2025-06-09 01:58:18] Challenges fetched successfully for bruno!
[2025-06-09 06:55:12] Processus mis à jour pour bruno: pools-swimming1-vote-70-left-0H:4M - executing
[2025-06-09 06:55:12] Traitement de vote pour Pools & Swimming
[2025-06-09 06:55:12] Pools & Swimming get vote panel
[2025-06-09 06:55:12] Processus associé: pools-swimming1-vote-70-left-0H:4M
[2025-06-09 06:55:12] Récupération des données de vote pour Pools & Swimming (URL: pools-swimming1, HEADER:{'User-Agent': 'Mozilla/5.0 (X11; Linux i686; rv:39.0) Gecko/20100101 Firefox/39.0', 'x-api-version': '8', 'x-env': 'WEB', 'X-requested-with': 'XMLHttpRequest', 'X-token': 'a1cad95a6d480c14f51dd0eba4914c8337b893c789ec6278bb440c7c9a673b162f042470c62684e6da2bd342ffea7777'})
[2025-06-09 06:55:13] Récupération réussie: 200 images pour Pools & Swimming
[2025-06-09 06:55:13] Voting fetching ...
[2025-06-09 06:55:13] Pools & Swimming voting 70 images
[2025-06-09 06:55:14] Pools & Swimming voted successfully
[2025-06-09 06:55:14] Processus supprimé pour bruno: pools-swimming1-vote-70-left-0H:4M - success
[2025-06-09 06:55:14] Processus mis à jour pour bruno: pools-swimming1-vote-70-left-0H:4M - success
[2025-06-09 06:55:14] Processus pools-swimming1-vote-70-left-0H:4M terminé avec succès (profil: bruno)
[2025-06-09 06:55:17] Challenges fetching ...
[2025-06-09 06:55:17] Challenges fetched successfully for bruno!
[2025-06-09 06:56:09] Processus mis à jour pour bruno: pools-swimming1-vote-20-left-0H:3M - executing
[2025-06-09 06:56:09] Traitement de vote pour Pools & Swimming
[2025-06-09 06:56:09] Pools & Swimming get vote panel
[2025-06-09 06:56:09] Processus associé: pools-swimming1-vote-20-left-0H:3M
[2025-06-09 06:56:09] Récupération des données de vote pour Pools & Swimming (URL: pools-swimming1, HEADER:{'User-Agent': 'Mozilla/5.0 (X11; Linux i686; rv:39.0) Gecko/20100101 Firefox/39.0', 'x-api-version': '8', 'x-env': 'WEB', 'X-requested-with': 'XMLHttpRequest', 'X-token': 'a1cad95a6d480c14f51dd0eba4914c8337b893c789ec6278bb440c7c9a673b162f042470c62684e6da2bd342ffea7777'})
[2025-06-09 06:56:10] Récupération réussie: 200 images pour Pools & Swimming
[2025-06-09 06:56:10] Voting fetching ...
[2025-06-09 06:56:10] Pools & Swimming voting 20 images
[2025-06-09 06:56:11] Pools & Swimming voted successfully
[2025-06-09 06:56:11] Processus supprimé pour bruno: pools-swimming1-vote-20-left-0H:3M - success
[2025-06-09 06:56:11] Processus mis à jour pour bruno: pools-swimming1-vote-20-left-0H:3M - success
[2025-06-09 06:56:11] Processus pools-swimming1-vote-20-left-0H:3M terminé avec succès (profil: bruno)
[2025-06-09 06:56:15] Challenges fetching ...
[2025-06-09 06:56:15] Challenges fetched successfully for bruno!
[2025-06-09 06:57:16] Processus mis à jour pour bruno: pools-swimming1-vote-20-left-0H:2M - executing
[2025-06-09 06:57:16] Traitement de vote pour Pools & Swimming
[2025-06-09 06:57:16] Pools & Swimming get vote panel
[2025-06-09 06:57:16] Processus associé: pools-swimming1-vote-20-left-0H:2M
[2025-06-09 06:57:16] Récupération des données de vote pour Pools & Swimming (URL: pools-swimming1, HEADER:{'User-Agent': 'Mozilla/5.0 (X11; Linux i686; rv:39.0) Gecko/20100101 Firefox/39.0', 'x-api-version': '8', 'x-env': 'WEB', 'X-requested-with': 'XMLHttpRequest', 'X-token': 'a1cad95a6d480c14f51dd0eba4914c8337b893c789ec6278bb440c7c9a673b162f042470c62684e6da2bd342ffea7777'})
[2025-06-09 06:57:17] Récupération réussie: 200 images pour Pools & Swimming
[2025-06-09 06:57:17] Voting fetching ...
[2025-06-09 06:57:17] Pools & Swimming voting 20 images
[2025-06-09 06:57:17] Pools & Swimming voted successfully
[2025-06-09 06:57:17] Processus supprimé pour bruno: pools-swimming1-vote-20-left-0H:2M - success
[2025-06-09 06:57:17] Processus mis à jour pour bruno: pools-swimming1-vote-20-left-0H:2M - success
[2025-06-09 06:57:17] Processus pools-swimming1-vote-20-left-0H:2M terminé avec succès (profil: bruno)
[2025-06-09 06:57:21] Challenges fetching ...
[2025-06-09 06:57:21] Challenges fetched successfully for bruno!
[2025-06-09 06:58:16] Processus mis à jour pour bruno: pools-swimming1-vote-20-left-0H:1M - executing
[2025-06-09 06:58:16] Traitement de vote pour Pools & Swimming
[2025-06-09 06:58:16] Pools & Swimming get vote panel
[2025-06-09 06:58:16] Processus associé: pools-swimming1-vote-20-left-0H:1M
[2025-06-09 06:58:16] Récupération des données de vote pour Pools & Swimming (URL: pools-swimming1, HEADER:{'User-Agent': 'Mozilla/5.0 (X11; Linux i686; rv:39.0) Gecko/20100101 Firefox/39.0', 'x-api-version': '8', 'x-env': 'WEB', 'X-requested-with': 'XMLHttpRequest', 'X-token': 'a1cad95a6d480c14f51dd0eba4914c8337b893c789ec6278bb440c7c9a673b162f042470c62684e6da2bd342ffea7777'})
[2025-06-09 06:58:17] Récupération réussie: 200 images pour Pools & Swimming
[2025-06-09 06:58:17] Voting fetching ...
[2025-06-09 06:58:17] Pools & Swimming voting 20 images
[2025-06-09 06:58:18] Pools & Swimming voted successfully
[2025-06-09 06:58:18] Processus supprimé pour bruno: pools-swimming1-vote-20-left-0H:1M - success
[2025-06-09 06:58:18] Processus mis à jour pour bruno: pools-swimming1-vote-20-left-0H:1M - success
[2025-06-09 06:58:18] Processus pools-swimming1-vote-20-left-0H:1M terminé avec succès (profil: bruno)
[2025-06-09 06:58:21] Challenges fetching ...
[2025-06-09 06:58:21] Challenges fetched successfully for bruno!
[2025-06-09 16:55:11] Processus mis à jour pour bruno: photo-of-the-week-299-vote-70-left-0H:4M - executing
[2025-06-09 16:55:11] Traitement de vote pour Photo of the Week!
[2025-06-09 16:55:11] Photo of the Week! get vote panel
[2025-06-09 16:55:12] Processus associé: photo-of-the-week-299-vote-70-left-0H:4M
[2025-06-09 16:55:12] Récupération des données de vote pour Photo of the Week! (URL: photo-of-the-week-299, HEADER:{'User-Agent': 'Mozilla/5.0 (X11; Linux i686; rv:39.0) Gecko/20100101 Firefox/39.0', 'x-api-version': '8', 'x-env': 'WEB', 'X-requested-with': 'XMLHttpRequest', 'X-token': 'a1cad95a6d480c14f51dd0eba4914c8337b893c789ec6278bb440c7c9a673b162f042470c62684e6da2bd342ffea7777'})
[2025-06-09 16:55:13] Récupération réussie: 200 images pour Photo of the Week!
[2025-06-09 16:55:13] Voting fetching ...
[2025-06-09 16:55:13] Photo of the Week! voting 70 images
[2025-06-09 16:55:15] Photo of the Week! voted successfully
[2025-06-09 16:55:15] Processus supprimé pour bruno: photo-of-the-week-299-vote-70-left-0H:4M - success
[2025-06-09 16:55:15] Processus mis à jour pour bruno: photo-of-the-week-299-vote-70-left-0H:4M - success
[2025-06-09 16:55:15] Processus photo-of-the-week-299-vote-70-left-0H:4M terminé avec succès (profil: bruno)
[2025-06-09 16:55:19] Challenges fetching ...
[2025-06-09 16:55:19] Lancement automatique des stratégies de fin pour 5 nouveaux challenges...
[2025-06-09 16:55:19] Nouveau challenge détecté pour bruno: At The Railroad
[2025-06-09 16:55:19] Nouveau challenge détecté pour bruno: Two Colors
[2025-06-09 16:55:19] Nouveau challenge détecté pour bruno: Delicious Desserts
[2025-06-09 16:55:19] Nouveau challenge détecté pour bruno: The Art of the Shoe
[2025-06-09 16:55:19] Nouveau challenge détecté pour bruno: For My Portfolio
[2025-06-09 16:55:19] Challenges fetched successfully for bruno!
[2025-06-09 16:56:14] Processus mis à jour pour bruno: photo-of-the-week-299-vote-20-left-0H:3M - executing
[2025-06-09 16:56:15] Traitement de vote pour Photo of the Week!
[2025-06-09 16:56:15] Photo of the Week! get vote panel
[2025-06-09 16:56:15] Processus associé: photo-of-the-week-299-vote-20-left-0H:3M
[2025-06-09 16:56:15] Récupération des données de vote pour Photo of the Week! (URL: photo-of-the-week-299, HEADER:{'User-Agent': 'Mozilla/5.0 (X11; Linux i686; rv:39.0) Gecko/20100101 Firefox/39.0', 'x-api-version': '8', 'x-env': 'WEB', 'X-requested-with': 'XMLHttpRequest', 'X-token': 'a1cad95a6d480c14f51dd0eba4914c8337b893c789ec6278bb440c7c9a673b162f042470c62684e6da2bd342ffea7777'})
[2025-06-09 16:56:15] Récupération réussie: 200 images pour Photo of the Week!
[2025-06-09 16:56:15] Voting fetching ...
[2025-06-09 16:56:15] Photo of the Week! voting 20 images
[2025-06-09 16:56:16] Photo of the Week! voted successfully
[2025-06-09 16:56:16] Processus supprimé pour bruno: photo-of-the-week-299-vote-20-left-0H:3M - success
[2025-06-09 16:56:16] Processus mis à jour pour bruno: photo-of-the-week-299-vote-20-left-0H:3M - success
[2025-06-09 16:56:16] Processus photo-of-the-week-299-vote-20-left-0H:3M terminé avec succès (profil: bruno)
[2025-06-09 16:56:20] Challenges fetching ...
[2025-06-09 16:56:20] Challenges fetched successfully for bruno!
[2025-06-09 16:57:07] Processus mis à jour pour bruno: photo-of-the-week-299-vote-20-left-0H:2M - executing
[2025-06-09 16:57:07] Traitement de vote pour Photo of the Week!
[2025-06-09 16:57:07] Photo of the Week! get vote panel
[2025-06-09 16:57:07] Processus associé: photo-of-the-week-299-vote-20-left-0H:2M
[2025-06-09 16:57:07] Récupération des données de vote pour Photo of the Week! (URL: photo-of-the-week-299, HEADER:{'User-Agent': 'Mozilla/5.0 (X11; Linux i686; rv:39.0) Gecko/20100101 Firefox/39.0', 'x-api-version': '8', 'x-env': 'WEB', 'X-requested-with': 'XMLHttpRequest', 'X-token': 'a1cad95a6d480c14f51dd0eba4914c8337b893c789ec6278bb440c7c9a673b162f042470c62684e6da2bd342ffea7777'})
[2025-06-09 16:57:08] Récupération réussie: 200 images pour Photo of the Week!
[2025-06-09 16:57:08] Voting fetching ...
[2025-06-09 16:57:08] Photo of the Week! voting 20 images
[2025-06-09 16:57:09] Photo of the Week! voted successfully
[2025-06-09 16:57:09] Processus supprimé pour bruno: photo-of-the-week-299-vote-20-left-0H:2M - success
[2025-06-09 16:57:09] Processus mis à jour pour bruno: photo-of-the-week-299-vote-20-left-0H:2M - success
[2025-06-09 16:57:09] Processus photo-of-the-week-299-vote-20-left-0H:2M terminé avec succès (profil: bruno)
[2025-06-09 16:57:12] Challenges fetching ...
[2025-06-09 16:57:12] Challenges fetched successfully for bruno!
[2025-06-09 16:58:01] Processus mis à jour pour bruno: photo-of-the-week-299-vote-20-left-0H:1M - executing
[2025-06-09 16:58:01] Traitement de vote pour Photo of the Week!
[2025-06-09 16:58:01] Photo of the Week! get vote panel
[2025-06-09 16:58:01] Processus associé: photo-of-the-week-299-vote-20-left-0H:1M
[2025-06-09 16:58:01] Récupération des données de vote pour Photo of the Week! (URL: photo-of-the-week-299, HEADER:{'User-Agent': 'Mozilla/5.0 (X11; Linux i686; rv:39.0) Gecko/20100101 Firefox/39.0', 'x-api-version': '8', 'x-env': 'WEB', 'X-requested-with': 'XMLHttpRequest', 'X-token': 'a1cad95a6d480c14f51dd0eba4914c8337b893c789ec6278bb440c7c9a673b162f042470c62684e6da2bd342ffea7777'})
[2025-06-09 16:58:02] Récupération réussie: 200 images pour Photo of the Week!
[2025-06-09 16:58:02] Voting fetching ...
[2025-06-09 16:58:02] Photo of the Week! voting 20 images
[2025-06-09 16:58:03] Photo of the Week! voted successfully
[2025-06-09 16:58:03] Processus supprimé pour bruno: photo-of-the-week-299-vote-20-left-0H:1M - success
[2025-06-09 16:58:03] Processus mis à jour pour bruno: photo-of-the-week-299-vote-20-left-0H:1M - success
[2025-06-09 16:58:03] Processus photo-of-the-week-299-vote-20-left-0H:1M terminé avec succès (profil: bruno)
[2025-06-09 16:58:06] Challenges fetching ...
[2025-06-09 16:58:06] Challenges fetched successfully for bruno!
[2025-06-09 22:54:56] Refreshing challenges...
[2025-06-09 22:54:56] Fetching challenges...
[2025-06-09 22:54:58] Challenges fetching ...
[2025-06-09 22:54:58] Lancement automatique des stratégies de fin pour 4 nouveaux challenges...
[2025-06-09 22:54:58] Nouveau challenge détecté pour pascale: Two Colors
[2025-06-09 22:54:58] Nouveau challenge détecté pour pascale: At The Railroad
[2025-06-09 22:54:58] Nouveau challenge détecté pour pascale: For My Portfolio
[2025-06-09 22:54:58] Nouveau challenge détecté pour pascale: Juxtaposition
[2025-06-09 22:54:58] Challenges fetched successfully for pascale!
[2025-06-09 22:55:02] Sélection de tous les challenges

[2025-06-09 22:55:13] Traveling The World get vote panel
[2025-06-09 22:55:13] Best of Black & White get vote panel
[2025-06-09 22:55:13] My Exhibition Shot get vote panel
[2025-06-09 22:55:13] Two Colors get vote panel
[2025-06-09 22:55:13] SOOC (Straight Out Of Camera) get vote panel
[2025-06-09 22:55:13] Solo - Single Subject get vote panel
[2025-06-09 22:55:13] Photographer of the Week get vote panel
[2025-06-09 22:55:13] At The Railroad get vote panel
[2025-06-09 22:55:13] Guru of The Week get vote panel
[2025-06-09 22:55:13] Juxtaposition get vote panel
[2025-06-09 22:55:13] Dramatic Lighting get vote panel
[2025-06-09 22:55:13] Filling challenges: {101794, 101222, 101223, 101611, 101585, 102164, 102229, 101622, 102231, 101628, 101789}
Filled Traveling The World with strategy end4
Filled Best of Black & White with strategy end4
Filled My Exhibition Shot with strategy end4
Filled Two Colors with strategy end4
Filled SOOC (Straight Out Of Camera) with strategy end4
Filled Solo - Single Subject with strategy end4
Filled Photographer of the Week with strategy end4
Filled At The Railroad with strategy end4
Filled Guru of The Week with strategy end4
Filled Juxtaposition with strategy end4
Filled Dramatic Lighting with strategy end4

[2025-06-09 22:55:13] Récupération des données de vote pour Traveling The World (URL: travel-stories6, HEADER:{'User-Agent': 'Mozilla/5.0 (X11; Linux i686; rv:39.0) Gecko/20100101 Firefox/39.0', 'x-api-version': '8', 'x-env': 'WEB', 'X-requested-with': 'XMLHttpRequest', 'X-token': 'f96bbe3a7e7f833329e7129767a69abbfa6dfce3152e3c2a311eb49d89b5c3bb2b12b66b402f03dce682b8b2b6a005cd'})
[2025-06-09 22:55:13] Récupération des données de vote pour Best of Black & White (URL: best-of-black-white29, HEADER:{'User-Agent': 'Mozilla/5.0 (X11; Linux i686; rv:39.0) Gecko/20100101 Firefox/39.0', 'x-api-version': '8', 'x-env': 'WEB', 'X-requested-with': 'XMLHttpRequest', 'X-token': 'f96bbe3a7e7f833329e7129767a69abbfa6dfce3152e3c2a311eb49d89b5c3bb2b12b66b402f03dce682b8b2b6a005cd'})
[2025-06-09 22:55:13] Récupération des données de vote pour My Exhibition Shot (URL: my-exhibition-shot14, HEADER:{'User-Agent': 'Mozilla/5.0 (X11; Linux i686; rv:39.0) Gecko/20100101 Firefox/39.0', 'x-api-version': '8', 'x-env': 'WEB', 'X-requested-with': 'XMLHttpRequest', 'X-token': 'f96bbe3a7e7f833329e7129767a69abbfa6dfce3152e3c2a311eb49d89b5c3bb2b12b66b402f03dce682b8b2b6a005cd'})
[2025-06-09 22:55:13] Récupération des données de vote pour Two Colors (URL: two-colors26, HEADER:{'User-Agent': 'Mozilla/5.0 (X11; Linux i686; rv:39.0) Gecko/20100101 Firefox/39.0', 'x-api-version': '8', 'x-env': 'WEB', 'X-requested-with': 'XMLHttpRequest', 'X-token': 'f96bbe3a7e7f833329e7129767a69abbfa6dfce3152e3c2a311eb49d89b5c3bb2b12b66b402f03dce682b8b2b6a005cd'})
[2025-06-09 22:55:13] Récupération des données de vote pour SOOC (Straight Out Of Camera) (URL: sooc-straight-out-of-camera-23, HEADER:{'User-Agent': 'Mozilla/5.0 (X11; Linux i686; rv:39.0) Gecko/20100101 Firefox/39.0', 'x-api-version': '8', 'x-env': 'WEB', 'X-requested-with': 'XMLHttpRequest', 'X-token': 'f96bbe3a7e7f833329e7129767a69abbfa6dfce3152e3c2a311eb49d89b5c3bb2b12b66b402f03dce682b8b2b6a005cd'})
[2025-06-09 22:55:13] Récupération des données de vote pour Solo - Single Subject (URL: solo-single-subject32, HEADER:{'User-Agent': 'Mozilla/5.0 (X11; Linux i686; rv:39.0) Gecko/20100101 Firefox/39.0', 'x-api-version': '8', 'x-env': 'WEB', 'X-requested-with': 'XMLHttpRequest', 'X-token': 'f96bbe3a7e7f833329e7129767a69abbfa6dfce3152e3c2a311eb49d89b5c3bb2b12b66b402f03dce682b8b2b6a005cd'})
[2025-06-09 22:55:13] Récupération des données de vote pour Photographer of the Week (URL: photographer-of-the-week211, HEADER:{'User-Agent': 'Mozilla/5.0 (X11; Linux i686; rv:39.0) Gecko/20100101 Firefox/39.0', 'x-api-version': '8', 'x-env': 'WEB', 'X-requested-with': 'XMLHttpRequest', 'X-token': 'f96bbe3a7e7f833329e7129767a69abbfa6dfce3152e3c2a311eb49d89b5c3bb2b12b66b402f03dce682b8b2b6a005cd'})
[2025-06-09 22:55:13] Récupération des données de vote pour At The Railroad (URL: at-the-railroad, HEADER:{'User-Agent': 'Mozilla/5.0 (X11; Linux i686; rv:39.0) Gecko/20100101 Firefox/39.0', 'x-api-version': '8', 'x-env': 'WEB', 'X-requested-with': 'XMLHttpRequest', 'X-token': 'f96bbe3a7e7f833329e7129767a69abbfa6dfce3152e3c2a311eb49d89b5c3bb2b12b66b402f03dce682b8b2b6a005cd'})
[2025-06-09 22:55:13] Récupération des données de vote pour Guru of The Week (URL: guru-of-the-week37, HEADER:{'User-Agent': 'Mozilla/5.0 (X11; Linux i686; rv:39.0) Gecko/20100101 Firefox/39.0', 'x-api-version': '8', 'x-env': 'WEB', 'X-requested-with': 'XMLHttpRequest', 'X-token': 'f96bbe3a7e7f833329e7129767a69abbfa6dfce3152e3c2a311eb49d89b5c3bb2b12b66b402f03dce682b8b2b6a005cd'})
[2025-06-09 22:55:13] Récupération des données de vote pour Juxtaposition (URL: juxtaposition28, HEADER:{'User-Agent': 'Mozilla/5.0 (X11; Linux i686; rv:39.0) Gecko/20100101 Firefox/39.0', 'x-api-version': '8', 'x-env': 'WEB', 'X-requested-with': 'XMLHttpRequest', 'X-token': 'f96bbe3a7e7f833329e7129767a69abbfa6dfce3152e3c2a311eb49d89b5c3bb2b12b66b402f03dce682b8b2b6a005cd'})
[2025-06-09 22:55:13] Récupération des données de vote pour Dramatic Lighting (URL: dramatic-lighting11, HEADER:{'User-Agent': 'Mozilla/5.0 (X11; Linux i686; rv:39.0) Gecko/20100101 Firefox/39.0', 'x-api-version': '8', 'x-env': 'WEB', 'X-requested-with': 'XMLHttpRequest', 'X-token': 'f96bbe3a7e7f833329e7129767a69abbfa6dfce3152e3c2a311eb49d89b5c3bb2b12b66b402f03dce682b8b2b6a005cd'})
[2025-06-09 22:55:14] Récupération réussie: 200 images pour Guru of The Week
[2025-06-09 22:55:14] Voting fetching ...
[2025-06-09 22:55:14] Guru of The Week voting 35 images
[2025-06-09 22:55:14] Récupération réussie: 200 images pour Juxtaposition
[2025-06-09 22:55:14] Voting fetching ...
[2025-06-09 22:55:14] Juxtaposition voting 35 images
[2025-06-09 22:55:14] Récupération réussie: 200 images pour At The Railroad
[2025-06-09 22:55:14] Voting fetching ...
[2025-06-09 22:55:14] At The Railroad voting 35 images
[2025-06-09 22:55:14] Récupération réussie: 200 images pour SOOC (Straight Out Of Camera)
[2025-06-09 22:55:14] Voting fetching ...
[2025-06-09 22:55:14] SOOC (Straight Out Of Camera) voting 35 images
[2025-06-09 22:55:14] Récupération réussie: 200 images pour Photographer of the Week
[2025-06-09 22:55:14] Voting fetching ...
[2025-06-09 22:55:14] Photographer of the Week voting 35 images
[2025-06-09 22:55:14] Récupération réussie: 200 images pour Two Colors
[2025-06-09 22:55:14] Voting fetching ...
[2025-06-09 22:55:15] Two Colors voting 35 images
[2025-06-09 22:55:15] Récupération réussie: 200 images pour Solo - Single Subject
[2025-06-09 22:55:15] Voting fetching ...
[2025-06-09 22:55:15] Solo - Single Subject voting 35 images
[2025-06-09 22:55:15] Récupération réussie: 200 images pour Traveling The World
[2025-06-09 22:55:15] Voting fetching ...
[2025-06-09 22:55:15] Traveling The World voting 35 images
[2025-06-09 22:55:15] Récupération réussie: 200 images pour Dramatic Lighting
[2025-06-09 22:55:15] Voting fetching ...
[2025-06-09 22:55:15] Dramatic Lighting voting 35 images
[2025-06-09 22:55:15] Récupération réussie: 200 images pour Best of Black & White
[2025-06-09 22:55:15] Voting fetching ...
[2025-06-09 22:55:15] Best of Black & White voting 35 images
[2025-06-09 22:55:15] Récupération réussie: 200 images pour My Exhibition Shot
[2025-06-09 22:55:15] Voting fetching ...
[2025-06-09 22:55:15] My Exhibition Shot voting 35 images
[2025-06-09 22:55:16] Juxtaposition voted successfully
[2025-06-09 22:55:18] At The Railroad voted successfully
[2025-06-09 22:55:20] SOOC (Straight Out Of Camera) voted successfully
[2025-06-09 22:55:22] Photographer of the Week voted successfully
[2025-06-09 22:55:24] Guru of The Week voted successfully
[2025-06-09 22:55:26] Solo - Single Subject voted successfully
[2025-06-09 22:55:28] Traveling The World voted successfully
[2025-06-09 22:55:30] My Exhibition Shot voted successfully
[2025-06-09 22:55:32] Best of Black & White voted successfully
[2025-06-09 22:55:34] Dramatic Lighting voted successfully
[2025-06-09 22:55:36] Two Colors voted successfully
[2025-06-09 22:55:39] Challenges fetching ...
[2025-06-09 22:55:39] Challenges fetched successfully for pascale!
[2025-06-09 22:55:39] Challenges fetching ...
[2025-06-09 22:55:39] Challenges fetched successfully for pascale!
[2025-06-09 22:55:39] Challenges fetching ...
[2025-06-09 22:55:39] Challenges fetched successfully for pascale!
[2025-06-09 22:55:39] Challenges fetching ...
[2025-06-09 22:55:39] Challenges fetched successfully for pascale!
[2025-06-09 22:55:39] Challenges fetching ...
[2025-06-09 22:55:39] Challenges fetched successfully for pascale!
[2025-06-09 22:55:39] Challenges fetching ...
[2025-06-09 22:55:39] Challenges fetched successfully for pascale!
[2025-06-09 22:55:39] Challenges fetching ...
[2025-06-09 22:55:39] Challenges fetched successfully for pascale!
[2025-06-09 22:55:39] Challenges fetching ...
[2025-06-09 22:55:39] Challenges fetched successfully for pascale!
[2025-06-09 22:55:39] Challenges fetching ...
[2025-06-09 22:55:39] Challenges fetched successfully for pascale!
[2025-06-09 22:55:40] Challenges fetching ...
[2025-06-09 22:55:40] Challenges fetched successfully for pascale!
[2025-06-09 22:55:40] Challenges fetching ...
[2025-06-09 22:55:40] Challenges fetched successfully for pascale!
[2025-06-09 22:55:44] Traveling The World get vote panel
[2025-06-09 22:55:44] Best of Black & White get vote panel
[2025-06-09 22:55:44] My Exhibition Shot get vote panel
[2025-06-09 22:55:44] Two Colors get vote panel
[2025-06-09 22:55:44] SOOC (Straight Out Of Camera) get vote panel
[2025-06-09 22:55:44] Solo - Single Subject get vote panel
[2025-06-09 22:55:44] Photographer of the Week get vote panel
[2025-06-09 22:55:44] At The Railroad get vote panel
[2025-06-09 22:55:44] Guru of The Week get vote panel
[2025-06-09 22:55:44] Juxtaposition get vote panel
[2025-06-09 22:55:44] Dramatic Lighting get vote panel
[2025-06-09 22:55:44] Filling challenges: {101794, 101222, 101223, 101611, 101585, 102164, 102229, 101622, 102231, 101628, 101789}
Filled Traveling The World with strategy end4
Filled Best of Black & White with strategy end4
Filled My Exhibition Shot with strategy end4
Filled Two Colors with strategy end4
Filled SOOC (Straight Out Of Camera) with strategy end4
Filled Solo - Single Subject with strategy end4
Filled Photographer of the Week with strategy end4
Filled At The Railroad with strategy end4
Filled Guru of The Week with strategy end4
Filled Juxtaposition with strategy end4
Filled Dramatic Lighting with strategy end4

[2025-06-09 22:55:44] Récupération des données de vote pour Traveling The World (URL: travel-stories6, HEADER:{'User-Agent': 'Mozilla/5.0 (X11; Linux i686; rv:39.0) Gecko/20100101 Firefox/39.0', 'x-api-version': '8', 'x-env': 'WEB', 'X-requested-with': 'XMLHttpRequest', 'X-token': 'f96bbe3a7e7f833329e7129767a69abbfa6dfce3152e3c2a311eb49d89b5c3bb2b12b66b402f03dce682b8b2b6a005cd'})
[2025-06-09 22:55:44] Récupération des données de vote pour Best of Black & White (URL: best-of-black-white29, HEADER:{'User-Agent': 'Mozilla/5.0 (X11; Linux i686; rv:39.0) Gecko/20100101 Firefox/39.0', 'x-api-version': '8', 'x-env': 'WEB', 'X-requested-with': 'XMLHttpRequest', 'X-token': 'f96bbe3a7e7f833329e7129767a69abbfa6dfce3152e3c2a311eb49d89b5c3bb2b12b66b402f03dce682b8b2b6a005cd'})
[2025-06-09 22:55:44] Récupération des données de vote pour My Exhibition Shot (URL: my-exhibition-shot14, HEADER:{'User-Agent': 'Mozilla/5.0 (X11; Linux i686; rv:39.0) Gecko/20100101 Firefox/39.0', 'x-api-version': '8', 'x-env': 'WEB', 'X-requested-with': 'XMLHttpRequest', 'X-token': 'f96bbe3a7e7f833329e7129767a69abbfa6dfce3152e3c2a311eb49d89b5c3bb2b12b66b402f03dce682b8b2b6a005cd'})
[2025-06-09 22:55:44] Récupération des données de vote pour Two Colors (URL: two-colors26, HEADER:{'User-Agent': 'Mozilla/5.0 (X11; Linux i686; rv:39.0) Gecko/20100101 Firefox/39.0', 'x-api-version': '8', 'x-env': 'WEB', 'X-requested-with': 'XMLHttpRequest', 'X-token': 'f96bbe3a7e7f833329e7129767a69abbfa6dfce3152e3c2a311eb49d89b5c3bb2b12b66b402f03dce682b8b2b6a005cd'})
[2025-06-09 22:55:44] Récupération des données de vote pour SOOC (Straight Out Of Camera) (URL: sooc-straight-out-of-camera-23, HEADER:{'User-Agent': 'Mozilla/5.0 (X11; Linux i686; rv:39.0) Gecko/20100101 Firefox/39.0', 'x-api-version': '8', 'x-env': 'WEB', 'X-requested-with': 'XMLHttpRequest', 'X-token': 'f96bbe3a7e7f833329e7129767a69abbfa6dfce3152e3c2a311eb49d89b5c3bb2b12b66b402f03dce682b8b2b6a005cd'})
[2025-06-09 22:55:44] Récupération des données de vote pour Solo - Single Subject (URL: solo-single-subject32, HEADER:{'User-Agent': 'Mozilla/5.0 (X11; Linux i686; rv:39.0) Gecko/20100101 Firefox/39.0', 'x-api-version': '8', 'x-env': 'WEB', 'X-requested-with': 'XMLHttpRequest', 'X-token': 'f96bbe3a7e7f833329e7129767a69abbfa6dfce3152e3c2a311eb49d89b5c3bb2b12b66b402f03dce682b8b2b6a005cd'})
[2025-06-09 22:55:44] Récupération des données de vote pour Photographer of the Week (URL: photographer-of-the-week211, HEADER:{'User-Agent': 'Mozilla/5.0 (X11; Linux i686; rv:39.0) Gecko/20100101 Firefox/39.0', 'x-api-version': '8', 'x-env': 'WEB', 'X-requested-with': 'XMLHttpRequest', 'X-token': 'f96bbe3a7e7f833329e7129767a69abbfa6dfce3152e3c2a311eb49d89b5c3bb2b12b66b402f03dce682b8b2b6a005cd'})
[2025-06-09 22:55:44] Récupération des données de vote pour At The Railroad (URL: at-the-railroad, HEADER:{'User-Agent': 'Mozilla/5.0 (X11; Linux i686; rv:39.0) Gecko/20100101 Firefox/39.0', 'x-api-version': '8', 'x-env': 'WEB', 'X-requested-with': 'XMLHttpRequest', 'X-token': 'f96bbe3a7e7f833329e7129767a69abbfa6dfce3152e3c2a311eb49d89b5c3bb2b12b66b402f03dce682b8b2b6a005cd'})
[2025-06-09 22:55:44] Récupération des données de vote pour Guru of The Week (URL: guru-of-the-week37, HEADER:{'User-Agent': 'Mozilla/5.0 (X11; Linux i686; rv:39.0) Gecko/20100101 Firefox/39.0', 'x-api-version': '8', 'x-env': 'WEB', 'X-requested-with': 'XMLHttpRequest', 'X-token': 'f96bbe3a7e7f833329e7129767a69abbfa6dfce3152e3c2a311eb49d89b5c3bb2b12b66b402f03dce682b8b2b6a005cd'})
[2025-06-09 22:55:44] Récupération des données de vote pour Juxtaposition (URL: juxtaposition28, HEADER:{'User-Agent': 'Mozilla/5.0 (X11; Linux i686; rv:39.0) Gecko/20100101 Firefox/39.0', 'x-api-version': '8', 'x-env': 'WEB', 'X-requested-with': 'XMLHttpRequest', 'X-token': 'f96bbe3a7e7f833329e7129767a69abbfa6dfce3152e3c2a311eb49d89b5c3bb2b12b66b402f03dce682b8b2b6a005cd'})
[2025-06-09 22:55:44] Récupération des données de vote pour Dramatic Lighting (URL: dramatic-lighting11, HEADER:{'User-Agent': 'Mozilla/5.0 (X11; Linux i686; rv:39.0) Gecko/20100101 Firefox/39.0', 'x-api-version': '8', 'x-env': 'WEB', 'X-requested-with': 'XMLHttpRequest', 'X-token': 'f96bbe3a7e7f833329e7129767a69abbfa6dfce3152e3c2a311eb49d89b5c3bb2b12b66b402f03dce682b8b2b6a005cd'})
[2025-06-09 22:55:45] Récupération réussie: 200 images pour Juxtaposition
[2025-06-09 22:55:45] Voting fetching ...
[2025-06-09 22:55:45] Juxtaposition voting 35 images
[2025-06-09 22:55:45] Récupération réussie: 200 images pour Guru of The Week
[2025-06-09 22:55:45] Voting fetching ...
[2025-06-09 22:55:45] Guru of The Week voting 35 images
[2025-06-09 22:55:45] Récupération réussie: 200 images pour Photographer of the Week
[2025-06-09 22:55:45] Voting fetching ...
[2025-06-09 22:55:45] Photographer of the Week voting 35 images
[2025-06-09 22:55:45] Récupération réussie: 200 images pour At The Railroad
[2025-06-09 22:55:45] Voting fetching ...
[2025-06-09 22:55:45] At The Railroad voting 35 images
[2025-06-09 22:55:45] Récupération réussie: 200 images pour SOOC (Straight Out Of Camera)
[2025-06-09 22:55:45] Voting fetching ...
[2025-06-09 22:55:45] SOOC (Straight Out Of Camera) voting 35 images
[2025-06-09 22:55:45] Récupération réussie: 200 images pour Two Colors
[2025-06-09 22:55:45] Voting fetching ...
[2025-06-09 22:55:45] Two Colors voting 35 images
[2025-06-09 22:55:45] Récupération réussie: 200 images pour Solo - Single Subject
[2025-06-09 22:55:45] Voting fetching ...
[2025-06-09 22:55:45] Solo - Single Subject voting 35 images
[2025-06-09 22:55:45] Récupération réussie: 200 images pour Traveling The World
[2025-06-09 22:55:45] Voting fetching ...
[2025-06-09 22:55:45] Traveling The World voting 35 images
[2025-06-09 22:55:45] Récupération réussie: 200 images pour Dramatic Lighting
[2025-06-09 22:55:45] Voting fetching ...
[2025-06-09 22:55:45] Dramatic Lighting voting 35 images
[2025-06-09 22:55:45] Récupération réussie: 200 images pour Best of Black & White
[2025-06-09 22:55:45] Voting fetching ...
[2025-06-09 22:55:45] Best of Black & White voting 35 images
[2025-06-09 22:55:45] Récupération réussie: 200 images pour My Exhibition Shot
[2025-06-09 22:55:45] Voting fetching ...
[2025-06-09 22:55:45] My Exhibition Shot voting 35 images
[2025-06-09 22:55:46] Juxtaposition voted successfully
[2025-06-09 22:55:48] Guru of The Week voted successfully
[2025-06-09 22:55:50] Photographer of the Week voted successfully
[2025-06-09 22:55:52] Traveling The World voted successfully
[2025-06-09 22:55:54] At The Railroad voted successfully
[2025-06-09 22:55:56] Solo - Single Subject voted successfully
[2025-06-09 22:55:58] Dramatic Lighting voted successfully
[2025-06-09 22:56:00] SOOC (Straight Out Of Camera) voted successfully
[2025-06-09 22:56:02] Two Colors voted successfully
[2025-06-09 22:56:04] My Exhibition Shot voted successfully
[2025-06-09 22:56:06] Best of Black & White voted successfully
[2025-06-09 22:56:09] Challenges fetching ...
[2025-06-09 22:56:09] Challenges fetched successfully for pascale!
[2025-06-09 22:56:09] Challenges fetching ...
[2025-06-09 22:56:09] Challenges fetched successfully for pascale!
[2025-06-09 22:56:09] Challenges fetching ...
[2025-06-09 22:56:09] Challenges fetched successfully for pascale!
[2025-06-09 22:56:09] Challenges fetching ...
[2025-06-09 22:56:09] Challenges fetched successfully for pascale!
[2025-06-09 22:56:09] Challenges fetching ...
[2025-06-09 22:56:10] Challenges fetched successfully for pascale!
[2025-06-09 22:56:10] Challenges fetching ...
[2025-06-09 22:56:10] Challenges fetched successfully for pascale!
[2025-06-09 22:56:10] Challenges fetching ...
[2025-06-09 22:56:10] Challenges fetched successfully for pascale!
[2025-06-09 22:56:10] Challenges fetching ...
[2025-06-09 22:56:10] Challenges fetched successfully for pascale!
[2025-06-09 22:56:10] Challenges fetching ...
[2025-06-09 22:56:10] Challenges fetched successfully for pascale!
[2025-06-09 22:56:10] Challenges fetching ...
[2025-06-09 22:56:10] Challenges fetched successfully for pascale!
[2025-06-09 22:56:10] Challenges fetching ...
[2025-06-09 22:56:10] Challenges fetched successfully for pascale!
[2025-06-09 22:56:21] Désélection de tous les challenges

[2025-06-09 22:56:24] Two Colors get vote panel
[2025-06-09 22:56:24] Filling challenges: {101611}
Filled Two Colors with strategy end4

[2025-06-09 22:56:24] Récupération des données de vote pour Two Colors (URL: two-colors26, HEADER:{'User-Agent': 'Mozilla/5.0 (X11; Linux i686; rv:39.0) Gecko/20100101 Firefox/39.0', 'x-api-version': '8', 'x-env': 'WEB', 'X-requested-with': 'XMLHttpRequest', 'X-token': 'f96bbe3a7e7f833329e7129767a69abbfa6dfce3152e3c2a311eb49d89b5c3bb2b12b66b402f03dce682b8b2b6a005cd'})
[2025-06-09 22:56:25] Récupération réussie: 200 images pour Two Colors
[2025-06-09 22:56:25] Voting fetching ...
[2025-06-09 22:56:25] Two Colors voting 35 images
[2025-06-09 22:56:26] Two Colors voted successfully
[2025-06-09 22:56:29] Challenges fetching ...
[2025-06-09 22:56:29] Challenges fetched successfully for pascale!
[2025-06-09 22:56:42] Photographer of the Week get vote panel
[2025-06-09 22:56:42] Filling challenges: {102229}
Filled Photographer of the Week with strategy end4

[2025-06-09 22:56:42] Récupération des données de vote pour Photographer of the Week (URL: photographer-of-the-week211, HEADER:{'User-Agent': 'Mozilla/5.0 (X11; Linux i686; rv:39.0) Gecko/20100101 Firefox/39.0', 'x-api-version': '8', 'x-env': 'WEB', 'X-requested-with': 'XMLHttpRequest', 'X-token': 'f96bbe3a7e7f833329e7129767a69abbfa6dfce3152e3c2a311eb49d89b5c3bb2b12b66b402f03dce682b8b2b6a005cd'})
[2025-06-09 22:56:43] Récupération réussie: 200 images pour Photographer of the Week
[2025-06-09 22:56:43] Voting fetching ...
[2025-06-09 22:56:43] Photographer of the Week voting 35 images
[2025-06-09 22:56:44] Photographer of the Week voted successfully
[2025-06-09 22:56:47] Challenges fetching ...
[2025-06-09 22:56:47] Challenges fetched successfully for pascale!
[2025-06-09 22:57:50] Désélection de tous les challenges

[2025-06-09 22:57:51] Refreshing challenges...
[2025-06-09 22:57:51] Fetching challenges...
[2025-06-09 22:57:53] Challenges fetching ...
[2025-06-09 22:57:53] Challenges fetched successfully for bruno!
[2025-06-09 22:58:10] Best of Black & White get vote panel
[2025-06-09 22:58:10] Two Colors get vote panel
[2025-06-09 22:58:10] Delicious Desserts get vote panel
[2025-06-09 22:58:10] At The Railroad get vote panel
[2025-06-09 22:58:10] Dramatic Lighting get vote panel
[2025-06-09 22:58:10] Filling challenges: {101222, 101611, 101618, 101622, 101789}
Filled Best of Black & White with strategy end4
Filled Two Colors with strategy end4
Filled Delicious Desserts with strategy end4
Filled At The Railroad with strategy end4
Filled Dramatic Lighting with strategy end4

[2025-06-09 22:58:10] Récupération des données de vote pour Best of Black & White (URL: best-of-black-white29, HEADER:{'User-Agent': 'Mozilla/5.0 (X11; Linux i686; rv:39.0) Gecko/20100101 Firefox/39.0', 'x-api-version': '8', 'x-env': 'WEB', 'X-requested-with': 'XMLHttpRequest', 'X-token': 'a1cad95a6d480c14f51dd0eba4914c8337b893c789ec6278bb440c7c9a673b162f042470c62684e6da2bd342ffea7777'})
[2025-06-09 22:58:10] Récupération des données de vote pour Two Colors (URL: two-colors26, HEADER:{'User-Agent': 'Mozilla/5.0 (X11; Linux i686; rv:39.0) Gecko/20100101 Firefox/39.0', 'x-api-version': '8', 'x-env': 'WEB', 'X-requested-with': 'XMLHttpRequest', 'X-token': 'a1cad95a6d480c14f51dd0eba4914c8337b893c789ec6278bb440c7c9a673b162f042470c62684e6da2bd342ffea7777'})
[2025-06-09 22:58:10] Récupération des données de vote pour Delicious Desserts (URL: delicious-desserts25, HEADER:{'User-Agent': 'Mozilla/5.0 (X11; Linux i686; rv:39.0) Gecko/20100101 Firefox/39.0', 'x-api-version': '8', 'x-env': 'WEB', 'X-requested-with': 'XMLHttpRequest', 'X-token': 'a1cad95a6d480c14f51dd0eba4914c8337b893c789ec6278bb440c7c9a673b162f042470c62684e6da2bd342ffea7777'})
[2025-06-09 22:58:10] Récupération des données de vote pour At The Railroad (URL: at-the-railroad, HEADER:{'User-Agent': 'Mozilla/5.0 (X11; Linux i686; rv:39.0) Gecko/20100101 Firefox/39.0', 'x-api-version': '8', 'x-env': 'WEB', 'X-requested-with': 'XMLHttpRequest', 'X-token': 'a1cad95a6d480c14f51dd0eba4914c8337b893c789ec6278bb440c7c9a673b162f042470c62684e6da2bd342ffea7777'})
[2025-06-09 22:58:10] Récupération des données de vote pour Dramatic Lighting (URL: dramatic-lighting11, HEADER:{'User-Agent': 'Mozilla/5.0 (X11; Linux i686; rv:39.0) Gecko/20100101 Firefox/39.0', 'x-api-version': '8', 'x-env': 'WEB', 'X-requested-with': 'XMLHttpRequest', 'X-token': 'a1cad95a6d480c14f51dd0eba4914c8337b893c789ec6278bb440c7c9a673b162f042470c62684e6da2bd342ffea7777'})
[2025-06-09 22:58:11] Récupération réussie: 200 images pour Delicious Desserts
[2025-06-09 22:58:11] Voting fetching ...
[2025-06-09 22:58:11] Delicious Desserts voting 35 images
[2025-06-09 22:58:11] Récupération réussie: 200 images pour At The Railroad
[2025-06-09 22:58:11] Voting fetching ...
[2025-06-09 22:58:11] At The Railroad voting 35 images
[2025-06-09 22:58:11] Récupération réussie: 200 images pour Two Colors
[2025-06-09 22:58:11] Voting fetching ...
[2025-06-09 22:58:11] Two Colors voting 35 images
[2025-06-09 22:58:11] Récupération réussie: 200 images pour Dramatic Lighting
[2025-06-09 22:58:11] Voting fetching ...
[2025-06-09 22:58:11] Dramatic Lighting voting 35 images
[2025-06-09 22:58:11] Récupération réussie: 200 images pour Best of Black & White
[2025-06-09 22:58:11] Voting fetching ...
[2025-06-09 22:58:11] Best of Black & White voting 35 images
[2025-06-09 22:58:12] Delicious Desserts voted successfully
[2025-06-09 22:58:14] Two Colors voted successfully
[2025-06-09 22:58:16] At The Railroad voted successfully
[2025-06-09 22:58:18] Dramatic Lighting voted successfully
[2025-06-09 22:58:20] Best of Black & White voted successfully
[2025-06-09 22:58:23] Challenges fetching ...
[2025-06-09 22:58:23] Challenges fetched successfully for bruno!
[2025-06-09 22:58:23] Challenges fetching ...
[2025-06-09 22:58:23] Challenges fetched successfully for bruno!
[2025-06-09 22:58:23] Challenges fetching ...
[2025-06-09 22:58:23] Challenges fetched successfully for bruno!
[2025-06-09 22:58:23] Challenges fetching ...
[2025-06-09 22:58:23] Challenges fetched successfully for bruno!
[2025-06-09 22:58:23] Challenges fetching ...
[2025-06-09 22:58:23] Challenges fetched successfully for bruno!
[2025-06-09 22:58:38] Best of Black & White get vote panel
[2025-06-09 22:58:38] Two Colors get vote panel
[2025-06-09 22:58:38] Delicious Desserts get vote panel
[2025-06-09 22:58:38] At The Railroad get vote panel
[2025-06-09 22:58:38] Dramatic Lighting get vote panel
[2025-06-09 22:58:38] Filling challenges: {101222, 101611, 101618, 101622, 101789}
Filled Best of Black & White with strategy end4
Filled Two Colors with strategy end4
Filled Delicious Desserts with strategy end4
Filled At The Railroad with strategy end4
Filled Dramatic Lighting with strategy end4

[2025-06-09 22:58:38] Récupération des données de vote pour Best of Black & White (URL: best-of-black-white29, HEADER:{'User-Agent': 'Mozilla/5.0 (X11; Linux i686; rv:39.0) Gecko/20100101 Firefox/39.0', 'x-api-version': '8', 'x-env': 'WEB', 'X-requested-with': 'XMLHttpRequest', 'X-token': 'a1cad95a6d480c14f51dd0eba4914c8337b893c789ec6278bb440c7c9a673b162f042470c62684e6da2bd342ffea7777'})
[2025-06-09 22:58:38] Récupération des données de vote pour Two Colors (URL: two-colors26, HEADER:{'User-Agent': 'Mozilla/5.0 (X11; Linux i686; rv:39.0) Gecko/20100101 Firefox/39.0', 'x-api-version': '8', 'x-env': 'WEB', 'X-requested-with': 'XMLHttpRequest', 'X-token': 'a1cad95a6d480c14f51dd0eba4914c8337b893c789ec6278bb440c7c9a673b162f042470c62684e6da2bd342ffea7777'})
[2025-06-09 22:58:38] Récupération des données de vote pour Delicious Desserts (URL: delicious-desserts25, HEADER:{'User-Agent': 'Mozilla/5.0 (X11; Linux i686; rv:39.0) Gecko/20100101 Firefox/39.0', 'x-api-version': '8', 'x-env': 'WEB', 'X-requested-with': 'XMLHttpRequest', 'X-token': 'a1cad95a6d480c14f51dd0eba4914c8337b893c789ec6278bb440c7c9a673b162f042470c62684e6da2bd342ffea7777'})
[2025-06-09 22:58:38] Récupération des données de vote pour At The Railroad (URL: at-the-railroad, HEADER:{'User-Agent': 'Mozilla/5.0 (X11; Linux i686; rv:39.0) Gecko/20100101 Firefox/39.0', 'x-api-version': '8', 'x-env': 'WEB', 'X-requested-with': 'XMLHttpRequest', 'X-token': 'a1cad95a6d480c14f51dd0eba4914c8337b893c789ec6278bb440c7c9a673b162f042470c62684e6da2bd342ffea7777'})
[2025-06-09 22:58:38] Récupération des données de vote pour Dramatic Lighting (URL: dramatic-lighting11, HEADER:{'User-Agent': 'Mozilla/5.0 (X11; Linux i686; rv:39.0) Gecko/20100101 Firefox/39.0', 'x-api-version': '8', 'x-env': 'WEB', 'X-requested-with': 'XMLHttpRequest', 'X-token': 'a1cad95a6d480c14f51dd0eba4914c8337b893c789ec6278bb440c7c9a673b162f042470c62684e6da2bd342ffea7777'})
[2025-06-09 22:58:39] Récupération réussie: 200 images pour Delicious Desserts
[2025-06-09 22:58:39] Voting fetching ...
[2025-06-09 22:58:39] Delicious Desserts voting 35 images
[2025-06-09 22:58:39] Récupération réussie: 200 images pour At The Railroad
[2025-06-09 22:58:39] Voting fetching ...
[2025-06-09 22:58:39] At The Railroad voting 35 images
[2025-06-09 22:58:39] Récupération réussie: 200 images pour Two Colors
[2025-06-09 22:58:39] Voting fetching ...
[2025-06-09 22:58:39] Two Colors voting 35 images
[2025-06-09 22:58:40] Récupération réussie: 200 images pour Dramatic Lighting
[2025-06-09 22:58:40] Voting fetching ...
[2025-06-09 22:58:40] Dramatic Lighting voting 35 images
[2025-06-09 22:58:40] Récupération réussie: 200 images pour Best of Black & White
[2025-06-09 22:58:40] Voting fetching ...
[2025-06-09 22:58:40] Best of Black & White voting 35 images
[2025-06-09 22:58:40] At The Railroad voted successfully
[2025-06-09 22:58:42] Delicious Desserts voted successfully
[2025-06-09 22:58:44] Two Colors voted successfully
[2025-06-09 22:58:46] Dramatic Lighting voted successfully
[2025-06-09 22:58:48] Best of Black & White voted successfully
[2025-06-09 22:58:50] Challenges fetching ...
[2025-06-09 22:58:50] Challenges fetched successfully for bruno!
[2025-06-09 22:58:50] Challenges fetching ...
[2025-06-09 22:58:50] Challenges fetched successfully for bruno!
[2025-06-09 22:58:50] Challenges fetching ...
[2025-06-09 22:58:50] Challenges fetched successfully for bruno!
[2025-06-09 22:58:51] Challenges fetching ...
[2025-06-09 22:58:51] Challenges fetched successfully for bruno!
[2025-06-09 22:58:51] Challenges fetching ...
[2025-06-09 22:58:51] Challenges fetched successfully for bruno!
[2025-06-09 22:58:56] Désélection de tous les challenges

[2025-06-09 22:59:01] Refreshing challenges...
[2025-06-09 22:59:01] Fetching challenges...
[2025-06-09 22:59:02] Challenges fetching ...
[2025-06-09 22:59:02] Challenges fetched successfully for bruno!
[2025-06-09 22:59:08] Two Colors get vote panel
[2025-06-09 22:59:08] Filling challenges: {101611}
Filled Two Colors with strategy end4

[2025-06-09 22:59:08] Récupération des données de vote pour Two Colors (URL: two-colors26, HEADER:{'User-Agent': 'Mozilla/5.0 (X11; Linux i686; rv:39.0) Gecko/20100101 Firefox/39.0', 'x-api-version': '8', 'x-env': 'WEB', 'X-requested-with': 'XMLHttpRequest', 'X-token': 'a1cad95a6d480c14f51dd0eba4914c8337b893c789ec6278bb440c7c9a673b162f042470c62684e6da2bd342ffea7777'})
[2025-06-09 22:59:09] Récupération réussie: 200 images pour Two Colors
[2025-06-09 22:59:09] Voting fetching ...
[2025-06-09 22:59:09] Two Colors voting 35 images
[2025-06-09 22:59:10] Two Colors voted successfully
[2025-06-09 22:59:13] Challenges fetching ...
[2025-06-09 22:59:13] Challenges fetched successfully for bruno!
[2025-06-09 22:59:23] Lancement de la stratégie end4 pour For My Portfolio
[2025-06-09 22:59:23] Nouveau processus ajouté pour bruno: for-my-portfolio-vote-70-left-0H:4M - Statut: init
[2025-06-09 22:59:23] Traitement du challenge pour bruno: for-my-portfolio
[2025-06-09 22:59:23] Nouveau processus ajouté pour bruno: for-my-portfolio-vote-20-left-0H:3M - Statut: init
[2025-06-09 22:59:23] Traitement du challenge pour bruno: for-my-portfolio
[2025-06-09 22:59:23] Processus mis à jour pour bruno: for-my-portfolio-vote-70-left-0H:4M - waiting
[2025-06-09 22:59:23] Nouveau processus ajouté pour bruno: for-my-portfolio-vote-20-left-0H:2M - Statut: init
[2025-06-09 22:59:23] Nouveau processus ajouté pour bruno: for-my-portfolio-vote-20-left-0H:1M - Statut: init
[2025-06-09 22:59:23] Traitement du challenge pour bruno: for-my-portfolio
[2025-06-09 22:59:23] Traitement du challenge pour bruno: for-my-portfolio
[2025-06-09 22:59:23] Processus mis à jour pour bruno: for-my-portfolio-vote-20-left-0H:3M - waiting
[2025-06-09 22:59:23] Processus mis à jour pour bruno: for-my-portfolio-vote-20-left-0H:2M - waiting
[2025-06-09 22:59:23] Processus mis à jour pour bruno: for-my-portfolio-vote-20-left-0H:1M - waiting
[2025-06-09 22:59:23] Lancement de la stratégie end4 pour The Art of the Shoe
[2025-06-09 22:59:23] Nouveau processus ajouté pour bruno: the-art-of-the-shoe-vote-70-left-0H:4M - Statut: init
[2025-06-09 22:59:23] Traitement du challenge pour bruno: the-art-of-the-shoe
[2025-06-09 22:59:23] Nouveau processus ajouté pour bruno: the-art-of-the-shoe-vote-20-left-0H:3M - Statut: init
[2025-06-09 22:59:23] Traitement du challenge pour bruno: the-art-of-the-shoe
[2025-06-09 22:59:23] Nouveau processus ajouté pour bruno: the-art-of-the-shoe-vote-20-left-0H:2M - Statut: init
[2025-06-09 22:59:23] Traitement du challenge pour bruno: the-art-of-the-shoe
[2025-06-09 22:59:23] Processus mis à jour pour bruno: the-art-of-the-shoe-vote-70-left-0H:4M - waiting
[2025-06-09 22:59:23] Nouveau processus ajouté pour bruno: the-art-of-the-shoe-vote-20-left-0H:1M - Statut: init
[2025-06-09 22:59:23] Traitement du challenge pour bruno: the-art-of-the-shoe
[2025-06-09 22:59:23] Processus mis à jour pour bruno: the-art-of-the-shoe-vote-20-left-0H:3M - waiting
[2025-06-09 22:59:23] Processus mis à jour pour bruno: the-art-of-the-shoe-vote-20-left-0H:2M - waiting
[2025-06-09 22:59:23] Processus mis à jour pour bruno: the-art-of-the-shoe-vote-20-left-0H:1M - waiting
[2025-06-09 22:59:23] Application des stratégies pour les challenges sélectionnés:
- For My Portfolio avec stratégie end4
- The Art of the Shoe avec stratégie end4

