[2025-06-04 00:05:08] Processus mis à jour pour bruno: incredible-skies-vote-70-left-0H:4M - executing
[2025-06-04 00:05:08] Traitement de vote pour Incredible Skies
[2025-06-04 00:05:08] Incredible Skies get vote panel
[2025-06-04 00:05:09] Processus associé: incredible-skies-vote-70-left-0H:4M
[2025-06-04 00:05:30] Récupération des données de vote pour Incredible Skies (URL: incredible-skies, HEADER:{'User-Agent': 'Mozilla/5.0 (X11; Linux i686; rv:39.0) Gecko/20100101 Firefox/39.0', 'x-api-version': '8', 'x-env': 'WEB', 'X-requested-with': 'XMLHttpRequest', 'X-token': 'a1cad95a6d480c14f51dd0eba4914c8337b893c789ec6278bb440c7c9a673b162f042470c62684e6da2bd342ffea7777'})
[2025-06-04 00:05:30] Récupération des données de vote pour Incredible Skies (URL: incredible-skies, HEADER:{'User-Agent': 'Mozilla/5.0 (X11; Linux i686; rv:39.0) Gecko/20100101 Firefox/39.0', 'x-api-version': '8', 'x-env': 'WEB', 'X-requested-with': 'XMLHttpRequest', 'X-token': 'a1cad95a6d480c14f51dd0eba4914c8337b893c789ec6278bb440c7c9a673b162f042470c62684e6da2bd342ffea7777'})
[2025-06-04 00:05:30] Récupération des données de vote pour Incredible Skies (URL: incredible-skies, HEADER:{'User-Agent': 'Mozilla/5.0 (X11; Linux i686; rv:39.0) Gecko/20100101 Firefox/39.0', 'x-api-version': '8', 'x-env': 'WEB', 'X-requested-with': 'XMLHttpRequest', 'X-token': 'a1cad95a6d480c14f51dd0eba4914c8337b893c789ec6278bb440c7c9a673b162f042470c62684e6da2bd342ffea7777'})
[2025-06-04 00:05:30] Récupération des données de vote pour Incredible Skies (URL: incredible-skies, HEADER:{'User-Agent': 'Mozilla/5.0 (X11; Linux i686; rv:39.0) Gecko/20100101 Firefox/39.0', 'x-api-version': '8', 'x-env': 'WEB', 'X-requested-with': 'XMLHttpRequest', 'X-token': 'a1cad95a6d480c14f51dd0eba4914c8337b893c789ec6278bb440c7c9a673b162f042470c62684e6da2bd342ffea7777'})
[2025-06-04 00:05:30] Récupération des données de vote pour Incredible Skies (URL: incredible-skies, HEADER:{'User-Agent': 'Mozilla/5.0 (X11; Linux i686; rv:39.0) Gecko/20100101 Firefox/39.0', 'x-api-version': '8', 'x-env': 'WEB', 'X-requested-with': 'XMLHttpRequest', 'X-token': 'a1cad95a6d480c14f51dd0eba4914c8337b893c789ec6278bb440c7c9a673b162f042470c62684e6da2bd342ffea7777'})
[2025-06-04 00:05:30] Récupération des données de vote pour Incredible Skies (URL: incredible-skies, HEADER:{'User-Agent': 'Mozilla/5.0 (X11; Linux i686; rv:39.0) Gecko/20100101 Firefox/39.0', 'x-api-version': '8', 'x-env': 'WEB', 'X-requested-with': 'XMLHttpRequest', 'X-token': 'a1cad95a6d480c14f51dd0eba4914c8337b893c789ec6278bb440c7c9a673b162f042470c62684e6da2bd342ffea7777'})
[2025-06-04 00:05:30] Récupération des données de vote pour Incredible Skies (URL: incredible-skies, HEADER:{'User-Agent': 'Mozilla/5.0 (X11; Linux i686; rv:39.0) Gecko/20100101 Firefox/39.0', 'x-api-version': '8', 'x-env': 'WEB', 'X-requested-with': 'XMLHttpRequest', 'X-token': 'a1cad95a6d480c14f51dd0eba4914c8337b893c789ec6278bb440c7c9a673b162f042470c62684e6da2bd342ffea7777'})
[2025-06-04 00:05:31] Récupération réussie: 200 images pour Incredible Skies
[2025-06-04 00:05:31] Voting fetching ...
[2025-06-04 00:05:31] Incredible Skies voting 10 images
[2025-06-04 00:05:31] Récupération réussie: 200 images pour Incredible Skies
[2025-06-04 00:05:31] Voting fetching ...
[2025-06-04 00:05:31] Incredible Skies voting 10 images
[2025-06-04 00:05:31] Récupération réussie: 200 images pour Incredible Skies
[2025-06-04 00:05:31] Voting fetching ...
[2025-06-04 00:05:31] Incredible Skies voting 10 images
[2025-06-04 00:05:31] Récupération réussie: 200 images pour Incredible Skies
[2025-06-04 00:05:31] Voting fetching ...
[2025-06-04 00:05:32] Incredible Skies voting 10 images
[2025-06-04 00:05:32] Récupération réussie: 200 images pour Incredible Skies
[2025-06-04 00:05:32] Voting fetching ...
[2025-06-04 00:05:32] Incredible Skies voting 10 images
[2025-06-04 00:05:32] Récupération réussie: 200 images pour Incredible Skies
[2025-06-04 00:05:32] Voting fetching ...
[2025-06-04 00:05:32] Incredible Skies voting 10 images
[2025-06-04 00:05:32] Récupération réussie: 200 images pour Incredible Skies
[2025-06-04 00:05:32] Voting fetching ...
[2025-06-04 00:05:32] Incredible Skies voting 10 images
[2025-06-04 00:05:33] Incredible Skies voted successfully
[2025-06-04 00:05:33] Processus supprimé pour bruno: incredible-skies-vote-70-left-0H:4M - success
[2025-06-04 00:05:33] Processus mis à jour pour bruno: incredible-skies-vote-70-left-0H:4M - success
[2025-06-04 00:05:33] Processus incredible-skies-vote-70-left-0H:4M terminé avec succès (profil: bruno)
[2025-06-04 00:05:35] Incredible Skies voted successfully
[2025-06-04 00:05:37] Incredible Skies voted successfully
[2025-06-04 00:05:40] Incredible Skies voted successfully
[2025-06-04 00:05:42] Incredible Skies voted successfully
[2025-06-04 00:05:44] Incredible Skies voted successfully
[2025-06-04 00:05:46] Incredible Skies voted successfully
[2025-06-04 00:05:50] Challenges fetching ...
[2025-06-04 00:05:50] Challenges fetched successfully for bruno!
[2025-06-04 00:05:50] Challenges fetching ...
[2025-06-04 00:05:50] Challenges fetched successfully for bruno!
[2025-06-04 00:05:50] Challenges fetching ...
[2025-06-04 00:05:50] Challenges fetched successfully for bruno!
[2025-06-04 00:05:50] Challenges fetching ...
[2025-06-04 00:05:50] Challenges fetched successfully for bruno!
[2025-06-04 00:05:50] Challenges fetching ...
[2025-06-04 00:05:50] Challenges fetched successfully for bruno!
[2025-06-04 00:05:51] Challenges fetching ...
[2025-06-04 00:05:51] Challenges fetched successfully for bruno!
[2025-06-04 00:05:51] Challenges fetching ...
[2025-06-04 00:05:51] Challenges fetched successfully for bruno!
[2025-06-04 00:06:12] Processus mis à jour pour bruno: incredible-skies-vote-20-left-0H:3M - executing
[2025-06-04 00:06:12] Traitement de vote pour Incredible Skies
[2025-06-04 00:06:12] Incredible Skies get vote panel
[2025-06-04 00:06:12] Processus associé: incredible-skies-vote-20-left-0H:3M
[2025-06-04 00:06:18] Récupération des données de vote pour Incredible Skies (URL: incredible-skies, HEADER:{'User-Agent': 'Mozilla/5.0 (X11; Linux i686; rv:39.0) Gecko/20100101 Firefox/39.0', 'x-api-version': '8', 'x-env': 'WEB', 'X-requested-with': 'XMLHttpRequest', 'X-token': 'a1cad95a6d480c14f51dd0eba4914c8337b893c789ec6278bb440c7c9a673b162f042470c62684e6da2bd342ffea7777'})
[2025-06-04 00:06:18] Récupération des données de vote pour Incredible Skies (URL: incredible-skies, HEADER:{'User-Agent': 'Mozilla/5.0 (X11; Linux i686; rv:39.0) Gecko/20100101 Firefox/39.0', 'x-api-version': '8', 'x-env': 'WEB', 'X-requested-with': 'XMLHttpRequest', 'X-token': 'a1cad95a6d480c14f51dd0eba4914c8337b893c789ec6278bb440c7c9a673b162f042470c62684e6da2bd342ffea7777'})
[2025-06-04 00:06:20] Récupération réussie: 200 images pour Incredible Skies
[2025-06-04 00:06:20] Voting fetching ...
[2025-06-04 00:06:20] Incredible Skies voting 10 images
[2025-06-04 00:06:20] Récupération réussie: 200 images pour Incredible Skies
[2025-06-04 00:06:20] Voting fetching ...
[2025-06-04 00:06:20] Incredible Skies voting 10 images
[2025-06-04 00:06:21] Incredible Skies voted successfully
[2025-06-04 00:06:21] Processus supprimé pour bruno: incredible-skies-vote-20-left-0H:3M - success
[2025-06-04 00:06:21] Processus mis à jour pour bruno: incredible-skies-vote-20-left-0H:3M - success
[2025-06-04 00:06:21] Processus incredible-skies-vote-20-left-0H:3M terminé avec succès (profil: bruno)
[2025-06-04 00:06:23] Incredible Skies voted successfully
[2025-06-04 00:06:26] Challenges fetching ...
[2025-06-04 00:06:26] Challenges fetched successfully for bruno!
[2025-06-04 00:06:26] Challenges fetching ...
[2025-06-04 00:06:26] Challenges fetched successfully for bruno!
[2025-06-04 00:07:16] Processus mis à jour pour bruno: incredible-skies-vote-20-left-0H:2M - executing
[2025-06-04 00:07:16] Traitement de vote pour Incredible Skies
[2025-06-04 00:07:16] Incredible Skies get vote panel
[2025-06-04 00:07:16] Processus associé: incredible-skies-vote-20-left-0H:2M
[2025-06-04 00:07:22] Récupération des données de vote pour Incredible Skies (URL: incredible-skies, HEADER:{'User-Agent': 'Mozilla/5.0 (X11; Linux i686; rv:39.0) Gecko/20100101 Firefox/39.0', 'x-api-version': '8', 'x-env': 'WEB', 'X-requested-with': 'XMLHttpRequest', 'X-token': 'a1cad95a6d480c14f51dd0eba4914c8337b893c789ec6278bb440c7c9a673b162f042470c62684e6da2bd342ffea7777'})
[2025-06-04 00:07:22] Récupération des données de vote pour Incredible Skies (URL: incredible-skies, HEADER:{'User-Agent': 'Mozilla/5.0 (X11; Linux i686; rv:39.0) Gecko/20100101 Firefox/39.0', 'x-api-version': '8', 'x-env': 'WEB', 'X-requested-with': 'XMLHttpRequest', 'X-token': 'a1cad95a6d480c14f51dd0eba4914c8337b893c789ec6278bb440c7c9a673b162f042470c62684e6da2bd342ffea7777'})
[2025-06-04 00:07:23] Récupération réussie: 200 images pour Incredible Skies
[2025-06-04 00:07:23] Voting fetching ...
[2025-06-04 00:07:23] Incredible Skies voting 10 images
[2025-06-04 00:07:24] Récupération réussie: 200 images pour Incredible Skies
[2025-06-04 00:07:24] Voting fetching ...
[2025-06-04 00:07:24] Incredible Skies voting 10 images
[2025-06-04 00:07:24] Incredible Skies voted successfully
[2025-06-04 00:07:24] Processus supprimé pour bruno: incredible-skies-vote-20-left-0H:2M - success
[2025-06-04 00:07:24] Processus mis à jour pour bruno: incredible-skies-vote-20-left-0H:2M - success
[2025-06-04 00:07:25] Processus incredible-skies-vote-20-left-0H:2M terminé avec succès (profil: bruno)
[2025-06-04 00:07:28] Incredible Skies voted successfully
[2025-06-04 00:07:31] Challenges fetching ...
[2025-06-04 00:07:31] Challenges fetched successfully for bruno!
[2025-06-04 00:07:31] Challenges fetching ...
[2025-06-04 00:07:31] Challenges fetched successfully for bruno!
[2025-06-04 00:08:05] Processus mis à jour pour bruno: incredible-skies-vote-20-left-0H:1M - executing
[2025-06-04 00:08:05] Traitement de vote pour Incredible Skies
[2025-06-04 00:08:05] Incredible Skies get vote panel
[2025-06-04 00:08:05] Processus associé: incredible-skies-vote-20-left-0H:1M
[2025-06-04 00:08:11] Récupération des données de vote pour Incredible Skies (URL: incredible-skies, HEADER:{'User-Agent': 'Mozilla/5.0 (X11; Linux i686; rv:39.0) Gecko/20100101 Firefox/39.0', 'x-api-version': '8', 'x-env': 'WEB', 'X-requested-with': 'XMLHttpRequest', 'X-token': 'a1cad95a6d480c14f51dd0eba4914c8337b893c789ec6278bb440c7c9a673b162f042470c62684e6da2bd342ffea7777'})
[2025-06-04 00:08:11] Récupération des données de vote pour Incredible Skies (URL: incredible-skies, HEADER:{'User-Agent': 'Mozilla/5.0 (X11; Linux i686; rv:39.0) Gecko/20100101 Firefox/39.0', 'x-api-version': '8', 'x-env': 'WEB', 'X-requested-with': 'XMLHttpRequest', 'X-token': 'a1cad95a6d480c14f51dd0eba4914c8337b893c789ec6278bb440c7c9a673b162f042470c62684e6da2bd342ffea7777'})
[2025-06-04 00:08:12] Récupération réussie: 200 images pour Incredible Skies
[2025-06-04 00:08:12] Voting fetching ...
[2025-06-04 00:08:12] Incredible Skies voting 10 images
[2025-06-04 00:08:12] Récupération réussie: 200 images pour Incredible Skies
[2025-06-04 00:08:12] Voting fetching ...
[2025-06-04 00:08:12] Incredible Skies voting 10 images
[2025-06-04 00:08:13] Incredible Skies voted successfully
[2025-06-04 00:08:13] Processus supprimé pour bruno: incredible-skies-vote-20-left-0H:1M - success
[2025-06-04 00:08:13] Processus mis à jour pour bruno: incredible-skies-vote-20-left-0H:1M - success
[2025-06-04 00:08:13] Processus incredible-skies-vote-20-left-0H:1M terminé avec succès (profil: bruno)
[2025-06-04 00:08:16] Incredible Skies voted successfully
[2025-06-04 00:08:19] Challenges fetching ...
[2025-06-04 00:08:19] Challenges fetched successfully for bruno!
[2025-06-04 00:08:19] Challenges fetching ...
[2025-06-04 00:08:19] Challenges fetched successfully for bruno!
[2025-06-04 10:34:18] Refreshing challenges...
[2025-06-04 10:34:18] Fetching challenges...
[2025-06-04 10:34:20] Challenges fetching ...
[2025-06-04 10:34:20] Challenges fetched successfully for bruno!
[2025-06-04 10:34:41] Asphalt Streets get vote panel
[2025-06-04 10:34:48] Désélection de tous les challenges

[2025-06-04 10:34:54] Refreshing challenges...
[2025-06-04 10:34:54] Fetching challenges...
[2025-06-04 10:34:55] Challenges fetching ...
[2025-06-04 10:34:55] Challenges fetched successfully for pascale!
[2025-06-04 10:35:02] Filling challenges: {101561}
Filled Asphalt Streets with strategy end4

[2025-06-04 10:35:02] Récupération des données de vote pour Asphalt Streets (URL: asphalt-streets, HEADER:{'User-Agent': 'Mozilla/5.0 (X11; Linux i686; rv:39.0) Gecko/20100101 Firefox/39.0', 'x-api-version': '8', 'x-env': 'WEB', 'X-requested-with': 'XMLHttpRequest', 'X-token': 'a1cad95a6d480c14f51dd0eba4914c8337b893c789ec6278bb440c7c9a673b162f042470c62684e6da2bd342ffea7777'})
[2025-06-04 10:35:02] Récupération des données de vote pour Asphalt Streets (URL: asphalt-streets, HEADER:{'User-Agent': 'Mozilla/5.0 (X11; Linux i686; rv:39.0) Gecko/20100101 Firefox/39.0', 'x-api-version': '8', 'x-env': 'WEB', 'X-requested-with': 'XMLHttpRequest', 'X-token': 'a1cad95a6d480c14f51dd0eba4914c8337b893c789ec6278bb440c7c9a673b162f042470c62684e6da2bd342ffea7777'})
[2025-06-04 10:35:02] Récupération des données de vote pour Asphalt Streets (URL: asphalt-streets, HEADER:{'User-Agent': 'Mozilla/5.0 (X11; Linux i686; rv:39.0) Gecko/20100101 Firefox/39.0', 'x-api-version': '8', 'x-env': 'WEB', 'X-requested-with': 'XMLHttpRequest', 'X-token': 'a1cad95a6d480c14f51dd0eba4914c8337b893c789ec6278bb440c7c9a673b162f042470c62684e6da2bd342ffea7777'})
[2025-06-04 10:35:02] Récupération des données de vote pour Asphalt Streets (URL: asphalt-streets, HEADER:{'User-Agent': 'Mozilla/5.0 (X11; Linux i686; rv:39.0) Gecko/20100101 Firefox/39.0', 'x-api-version': '8', 'x-env': 'WEB', 'X-requested-with': 'XMLHttpRequest', 'X-token': 'a1cad95a6d480c14f51dd0eba4914c8337b893c789ec6278bb440c7c9a673b162f042470c62684e6da2bd342ffea7777'})
[2025-06-04 10:35:02] Récupération des données de vote pour Asphalt Streets (URL: asphalt-streets, HEADER:{'User-Agent': 'Mozilla/5.0 (X11; Linux i686; rv:39.0) Gecko/20100101 Firefox/39.0', 'x-api-version': '8', 'x-env': 'WEB', 'X-requested-with': 'XMLHttpRequest', 'X-token': 'a1cad95a6d480c14f51dd0eba4914c8337b893c789ec6278bb440c7c9a673b162f042470c62684e6da2bd342ffea7777'})
[2025-06-04 10:35:02] Récupération des données de vote pour Asphalt Streets (URL: asphalt-streets, HEADER:{'User-Agent': 'Mozilla/5.0 (X11; Linux i686; rv:39.0) Gecko/20100101 Firefox/39.0', 'x-api-version': '8', 'x-env': 'WEB', 'X-requested-with': 'XMLHttpRequest', 'X-token': 'a1cad95a6d480c14f51dd0eba4914c8337b893c789ec6278bb440c7c9a673b162f042470c62684e6da2bd342ffea7777'})
[2025-06-04 10:35:02] Récupération des données de vote pour Asphalt Streets (URL: asphalt-streets, HEADER:{'User-Agent': 'Mozilla/5.0 (X11; Linux i686; rv:39.0) Gecko/20100101 Firefox/39.0', 'x-api-version': '8', 'x-env': 'WEB', 'X-requested-with': 'XMLHttpRequest', 'X-token': 'a1cad95a6d480c14f51dd0eba4914c8337b893c789ec6278bb440c7c9a673b162f042470c62684e6da2bd342ffea7777'})
[2025-06-04 10:35:03] Récupération réussie: 200 images pour Asphalt Streets
[2025-06-04 10:35:03] Voting fetching ...
[2025-06-04 10:35:03] Asphalt Streets voting 10 images
[2025-06-04 10:35:03] Récupération réussie: 200 images pour Asphalt Streets
[2025-06-04 10:35:03] Voting fetching ...
[2025-06-04 10:35:03] Asphalt Streets voting 10 images
[2025-06-04 10:35:03] Récupération réussie: 200 images pour Asphalt Streets
[2025-06-04 10:35:03] Voting fetching ...
[2025-06-04 10:35:03] Asphalt Streets voting 10 images
[2025-06-04 10:35:03] Récupération réussie: 200 images pour Asphalt Streets
[2025-06-04 10:35:03] Voting fetching ...
[2025-06-04 10:35:03] Asphalt Streets voting 10 images
[2025-06-04 10:35:03] Récupération réussie: 200 images pour Asphalt Streets
[2025-06-04 10:35:03] Voting fetching ...
[2025-06-04 10:35:03] Asphalt Streets voting 10 images
[2025-06-04 10:35:03] Récupération réussie: 200 images pour Asphalt Streets
[2025-06-04 10:35:03] Voting fetching ...
[2025-06-04 10:35:03] Asphalt Streets voting 10 images
[2025-06-04 10:35:03] Récupération réussie: 200 images pour Asphalt Streets
[2025-06-04 10:35:03] Voting fetching ...
[2025-06-04 10:35:03] Asphalt Streets voting 10 images
[2025-06-04 10:35:04] Asphalt Streets voted successfully
[2025-06-04 10:35:05] Lancement de la stratégie end4 pour Asphalt Streets
[2025-06-04 10:35:05] Nouveau processus ajouté pour pascale: asphalt-streets-vote-70-left-0H:4M - Statut: init
[2025-06-04 10:35:05] Traitement du challenge pour pascale: asphalt-streets
[2025-06-04 10:35:05] Nouveau processus ajouté pour pascale: asphalt-streets-vote-20-left-0H:3M - Statut: init
[2025-06-04 10:35:05] Traitement du challenge pour pascale: asphalt-streets
[2025-06-04 10:35:05] Processus mis à jour pour pascale: asphalt-streets-vote-70-left-0H:4M - waiting
[2025-06-04 10:35:05] Nouveau processus ajouté pour pascale: asphalt-streets-vote-20-left-0H:2M - Statut: init
[2025-06-04 10:35:05] Traitement du challenge pour pascale: asphalt-streets
[2025-06-04 10:35:05] Nouveau processus ajouté pour pascale: asphalt-streets-vote-20-left-0H:1M - Statut: init
[2025-06-04 10:35:05] Processus mis à jour pour pascale: asphalt-streets-vote-20-left-0H:3M - waiting
[2025-06-04 10:35:05] Traitement du challenge pour pascale: asphalt-streets
[2025-06-04 10:35:05] Processus mis à jour pour pascale: asphalt-streets-vote-20-left-0H:2M - waiting
[2025-06-04 10:35:05] Processus mis à jour pour pascale: asphalt-streets-vote-20-left-0H:1M - waiting
[2025-06-04 10:35:05] Application des stratégies pour les challenges sélectionnés:
- Asphalt Streets avec stratégie end4

[2025-06-04 10:35:06] Asphalt Streets voted successfully
[2025-06-04 10:35:08] Asphalt Streets voted successfully
[2025-06-04 10:35:10] Asphalt Streets voted successfully
[2025-06-04 10:35:12] Asphalt Streets voted successfully
[2025-06-04 10:35:14] Asphalt Streets voted successfully
[2025-06-04 10:35:16] Asphalt Streets voted successfully
[2025-06-04 10:35:19] Challenges fetching ...
[2025-06-04 10:35:19] Challenges fetched successfully for bruno!
[2025-06-04 10:35:19] Challenges fetching ...
[2025-06-04 10:35:19] Challenges fetched successfully for bruno!
[2025-06-04 10:35:19] Challenges fetching ...
[2025-06-04 10:35:19] Challenges fetched successfully for bruno!
[2025-06-04 10:35:19] Challenges fetching ...
[2025-06-04 10:35:19] Challenges fetched successfully for bruno!
[2025-06-04 10:35:19] Challenges fetching ...
[2025-06-04 10:35:19] Challenges fetched successfully for bruno!
[2025-06-04 10:35:19] Challenges fetching ...
[2025-06-04 10:35:19] Challenges fetched successfully for bruno!
[2025-06-04 10:35:19] Challenges fetching ...
[2025-06-04 10:35:19] Challenges fetched successfully for bruno!
[2025-06-04 12:39:20] Refreshing challenges...
[2025-06-04 12:39:20] Fetching challenges...
[2025-06-04 12:39:21] Challenges fetching ...
[2025-06-04 12:39:21] Challenges fetched successfully for pascale!
[2025-06-04 12:39:36] Lancement de la stratégie end4 pour Buildings Next To Water
[2025-06-04 12:39:36] Nouveau processus ajouté pour pascale: buildings-next-to-water-vote-70-left-0H:4M - Statut: init
[2025-06-04 12:39:36] Traitement du challenge pour pascale: buildings-next-to-water
[2025-06-04 12:39:36] Nouveau processus ajouté pour pascale: buildings-next-to-water-vote-20-left-0H:3M - Statut: init
[2025-06-04 12:39:36] Traitement du challenge pour pascale: buildings-next-to-water
[2025-06-04 12:39:36] Processus mis à jour pour pascale: buildings-next-to-water-vote-70-left-0H:4M - waiting
[2025-06-04 12:39:36] Nouveau processus ajouté pour pascale: buildings-next-to-water-vote-20-left-0H:2M - Statut: init
[2025-06-04 12:39:36] Nouveau processus ajouté pour pascale: buildings-next-to-water-vote-20-left-0H:1M - Statut: init
[2025-06-04 12:39:36] Traitement du challenge pour pascale: buildings-next-to-water
[2025-06-04 12:39:36] Traitement du challenge pour pascale: buildings-next-to-water
[2025-06-04 12:39:36] Processus mis à jour pour pascale: buildings-next-to-water-vote-20-left-0H:3M - waiting
[2025-06-04 12:39:36] Processus mis à jour pour pascale: buildings-next-to-water-vote-20-left-0H:2M - waiting
[2025-06-04 12:39:36] Processus mis à jour pour pascale: buildings-next-to-water-vote-20-left-0H:1M - waiting
[2025-06-04 12:39:36] Application des stratégies pour les challenges sélectionnés:
- Buildings Next To Water avec stratégie end4

[2025-06-04 12:40:06] Refreshing challenges...
[2025-06-04 12:40:06] Fetching challenges...
[2025-06-04 12:40:07] Challenges fetching ...
[2025-06-04 12:40:07] Challenges fetched successfully for bruno!
[2025-06-04 12:40:08] Sélection de tous les challenges

[2025-06-04 12:40:10] Lancement de la stratégie end4 pour Artworks on Walls
[2025-06-04 12:40:10] Nouveau processus ajouté pour bruno: artworks-on-walls-vote-70-left-0H:4M - Statut: init
[2025-06-04 12:40:10] Traitement du challenge pour bruno: artworks-on-walls
[2025-06-04 12:40:10] Nouveau processus ajouté pour bruno: artworks-on-walls-vote-20-left-0H:3M - Statut: init
[2025-06-04 12:40:10] Traitement du challenge pour bruno: artworks-on-walls
[2025-06-04 12:40:10] Nouveau processus ajouté pour bruno: artworks-on-walls-vote-20-left-0H:2M - Statut: init
[2025-06-04 12:40:10] Traitement du challenge pour bruno: artworks-on-walls
[2025-06-04 12:40:10] Processus mis à jour pour bruno: artworks-on-walls-vote-70-left-0H:4M - waiting
[2025-06-04 12:40:10] Processus mis à jour pour bruno: artworks-on-walls-vote-20-left-0H:3M - waiting
[2025-06-04 12:40:10] Nouveau processus ajouté pour bruno: artworks-on-walls-vote-20-left-0H:1M - Statut: init
[2025-06-04 12:40:10] Processus mis à jour pour bruno: artworks-on-walls-vote-20-left-0H:2M - waiting
[2025-06-04 12:40:10] Traitement du challenge pour bruno: artworks-on-walls
[2025-06-04 12:40:10] Processus mis à jour pour bruno: artworks-on-walls-vote-20-left-0H:1M - waiting
[2025-06-04 12:40:10] Lancement de la stratégie end4 pour Joined Together
[2025-06-04 12:40:10] Nouveau processus ajouté pour bruno: joined-together1-vote-70-left-0H:4M - Statut: init
[2025-06-04 12:40:10] Traitement du challenge pour bruno: joined-together1
[2025-06-04 12:40:10] Nouveau processus ajouté pour bruno: joined-together1-vote-20-left-0H:3M - Statut: init
[2025-06-04 12:40:10] Traitement du challenge pour bruno: joined-together1
[2025-06-04 12:40:10] Nouveau processus ajouté pour bruno: joined-together1-vote-20-left-0H:2M - Statut: init
[2025-06-04 12:40:10] Processus mis à jour pour bruno: joined-together1-vote-70-left-0H:4M - waiting
[2025-06-04 12:40:10] Traitement du challenge pour bruno: joined-together1
[2025-06-04 12:40:10] Nouveau processus ajouté pour bruno: joined-together1-vote-20-left-0H:1M - Statut: init
[2025-06-04 12:40:10] Processus mis à jour pour bruno: joined-together1-vote-20-left-0H:3M - waiting
[2025-06-04 12:40:10] Traitement du challenge pour bruno: joined-together1
[2025-06-04 12:40:10] Processus mis à jour pour bruno: joined-together1-vote-20-left-0H:2M - waiting
[2025-06-04 12:40:10] Processus mis à jour pour bruno: joined-together1-vote-20-left-0H:1M - waiting
[2025-06-04 12:40:10] Lancement de la stratégie end4 pour Artistic Still Life
[2025-06-04 12:40:10] Nouveau processus ajouté pour bruno: artistic-still-life5-vote-70-left-0H:4M - Statut: init
[2025-06-04 12:40:10] Traitement du challenge pour bruno: artistic-still-life5
[2025-06-04 12:40:10] Nouveau processus ajouté pour bruno: artistic-still-life5-vote-20-left-0H:3M - Statut: init
[2025-06-04 12:40:10] Traitement du challenge pour bruno: artistic-still-life5
[2025-06-04 12:40:10] Processus mis à jour pour bruno: artistic-still-life5-vote-70-left-0H:4M - waiting
[2025-06-04 12:40:10] Nouveau processus ajouté pour bruno: artistic-still-life5-vote-20-left-0H:2M - Statut: init
[2025-06-04 12:40:10] Nouveau processus ajouté pour bruno: artistic-still-life5-vote-20-left-0H:1M - Statut: init
[2025-06-04 12:40:10] Traitement du challenge pour bruno: artistic-still-life5
[2025-06-04 12:40:10] Traitement du challenge pour bruno: artistic-still-life5
[2025-06-04 12:40:10] Processus mis à jour pour bruno: artistic-still-life5-vote-20-left-0H:3M - waiting
[2025-06-04 12:40:10] Processus mis à jour pour bruno: artistic-still-life5-vote-20-left-0H:2M - waiting
[2025-06-04 12:40:10] Processus mis à jour pour bruno: artistic-still-life5-vote-20-left-0H:1M - waiting
[2025-06-04 12:40:10] Lancement de la stratégie end4 pour Feeling Down
[2025-06-04 12:40:10] Nouveau processus ajouté pour bruno: feeling-down3-vote-70-left-0H:4M - Statut: init
[2025-06-04 12:40:10] Traitement du challenge pour bruno: feeling-down3
[2025-06-04 12:40:10] Nouveau processus ajouté pour bruno: feeling-down3-vote-20-left-0H:3M - Statut: init
[2025-06-04 12:40:10] Traitement du challenge pour bruno: feeling-down3
[2025-06-04 12:40:10] Processus mis à jour pour bruno: feeling-down3-vote-70-left-0H:4M - waiting
[2025-06-04 12:40:10] Nouveau processus ajouté pour bruno: feeling-down3-vote-20-left-0H:2M - Statut: init
[2025-06-04 12:40:10] Traitement du challenge pour bruno: feeling-down3
[2025-06-04 12:40:10] Nouveau processus ajouté pour bruno: feeling-down3-vote-20-left-0H:1M - Statut: init
[2025-06-04 12:40:10] Traitement du challenge pour bruno: feeling-down3
[2025-06-04 12:40:10] Processus mis à jour pour bruno: feeling-down3-vote-20-left-0H:3M - waiting
[2025-06-04 12:40:10] Processus mis à jour pour bruno: feeling-down3-vote-20-left-0H:2M - waiting
[2025-06-04 12:40:10] Processus mis à jour pour bruno: feeling-down3-vote-20-left-0H:1M - waiting
[2025-06-04 12:40:10] Lancement de la stratégie end4 pour Asphalt Streets
[2025-06-04 12:40:10] Nouveau processus ajouté pour bruno: asphalt-streets-vote-70-left-0H:4M - Statut: init
[2025-06-04 12:40:10] Traitement du challenge pour bruno: asphalt-streets
[2025-06-04 12:40:10] Nouveau processus ajouté pour bruno: asphalt-streets-vote-20-left-0H:3M - Statut: init
[2025-06-04 12:40:10] Traitement du challenge pour bruno: asphalt-streets
[2025-06-04 12:40:10] Processus mis à jour pour bruno: asphalt-streets-vote-70-left-0H:4M - waiting
[2025-06-04 12:40:10] Nouveau processus ajouté pour bruno: asphalt-streets-vote-20-left-0H:2M - Statut: init
[2025-06-04 12:40:10] Nouveau processus ajouté pour bruno: asphalt-streets-vote-20-left-0H:1M - Statut: init
[2025-06-04 12:40:10] Traitement du challenge pour bruno: asphalt-streets
[2025-06-04 12:40:10] Traitement du challenge pour bruno: asphalt-streets
[2025-06-04 12:40:10] Processus mis à jour pour bruno: asphalt-streets-vote-20-left-0H:3M - waiting
[2025-06-04 12:40:10] Processus mis à jour pour bruno: asphalt-streets-vote-20-left-0H:1M - waiting
[2025-06-04 12:40:10] Processus mis à jour pour bruno: asphalt-streets-vote-20-left-0H:2M - waiting
[2025-06-04 12:40:10] Lancement de la stratégie end4 pour Buildings Next To Water
[2025-06-04 12:40:10] Nouveau processus ajouté pour bruno: buildings-next-to-water-vote-70-left-0H:4M - Statut: init
[2025-06-04 12:40:10] Traitement du challenge pour bruno: buildings-next-to-water
[2025-06-04 12:40:10] Nouveau processus ajouté pour bruno: buildings-next-to-water-vote-20-left-0H:3M - Statut: init
[2025-06-04 12:40:10] Traitement du challenge pour bruno: buildings-next-to-water
[2025-06-04 12:40:10] Nouveau processus ajouté pour bruno: buildings-next-to-water-vote-20-left-0H:2M - Statut: init
[2025-06-04 12:40:10] Traitement du challenge pour bruno: buildings-next-to-water
[2025-06-04 12:40:10] Processus mis à jour pour bruno: buildings-next-to-water-vote-70-left-0H:4M - waiting
[2025-06-04 12:40:10] Nouveau processus ajouté pour bruno: buildings-next-to-water-vote-20-left-0H:1M - Statut: init
[2025-06-04 12:40:10] Processus mis à jour pour bruno: buildings-next-to-water-vote-20-left-0H:3M - waiting
[2025-06-04 12:40:10] Traitement du challenge pour bruno: buildings-next-to-water
[2025-06-04 12:40:10] Processus mis à jour pour bruno: buildings-next-to-water-vote-20-left-0H:2M - waiting
[2025-06-04 12:40:10] Processus mis à jour pour bruno: buildings-next-to-water-vote-20-left-0H:1M - waiting
[2025-06-04 12:40:10] Lancement de la stratégie end4 pour Photo of the Week!
[2025-06-04 12:40:10] Nouveau processus ajouté pour bruno: photo-of-the-week-299-vote-70-left-0H:4M - Statut: init
[2025-06-04 12:40:10] Traitement du challenge pour bruno: photo-of-the-week-299
[2025-06-04 12:40:10] Nouveau processus ajouté pour bruno: photo-of-the-week-299-vote-20-left-0H:3M - Statut: init
[2025-06-04 12:40:10] Traitement du challenge pour bruno: photo-of-the-week-299
[2025-06-04 12:40:10] Nouveau processus ajouté pour bruno: photo-of-the-week-299-vote-20-left-0H:2M - Statut: init
[2025-06-04 12:40:10] Traitement du challenge pour bruno: photo-of-the-week-299
[2025-06-04 12:40:10] Processus mis à jour pour bruno: photo-of-the-week-299-vote-70-left-0H:4M - waiting
[2025-06-04 12:40:10] Nouveau processus ajouté pour bruno: photo-of-the-week-299-vote-20-left-0H:1M - Statut: init
[2025-06-04 12:40:10] Traitement du challenge pour bruno: photo-of-the-week-299
[2025-06-04 12:40:10] Processus mis à jour pour bruno: photo-of-the-week-299-vote-20-left-0H:2M - waiting
[2025-06-04 12:40:10] Processus mis à jour pour bruno: photo-of-the-week-299-vote-20-left-0H:3M - waiting
[2025-06-04 12:40:10] Processus mis à jour pour bruno: photo-of-the-week-299-vote-20-left-0H:1M - waiting
[2025-06-04 12:40:10] Application des stratégies pour les challenges sélectionnés:
- Artworks on Walls avec stratégie end4
- Joined Together avec stratégie end4
- Artistic Still Life avec stratégie end4
- Feeling Down avec stratégie end4
- Asphalt Streets avec stratégie end4
- Buildings Next To Water avec stratégie end4
- Photo of the Week! avec stratégie end4

[2025-06-04 12:40:13] Artworks on Walls get vote panel
[2025-06-04 12:40:34] Joined Together get vote panel
[2025-06-04 12:40:55] Artistic Still Life get vote panel
[2025-06-04 12:41:16] Feeling Down get vote panel
[2025-06-04 12:41:37] Asphalt Streets get vote panel
[2025-06-04 12:41:58] Buildings Next To Water get vote panel
[2025-06-04 12:42:19] Photo of the Week! get vote panel
[2025-06-04 12:42:40] Filling challenges: {101568, 101570, 101557, 101560, 101561, 101563, 101790}
Filled Artworks on Walls with strategy end4
Filled Joined Together with strategy end4
Filled Artistic Still Life with strategy end4
Filled Feeling Down with strategy end4
Filled Asphalt Streets with strategy end4
Filled Buildings Next To Water with strategy end4
Filled Photo of the Week! with strategy end4

[2025-06-04 12:42:40] Récupération des données de vote pour Artworks on Walls (URL: artworks-on-walls, HEADER:{'User-Agent': 'Mozilla/5.0 (X11; Linux i686; rv:39.0) Gecko/20100101 Firefox/39.0', 'x-api-version': '8', 'x-env': 'WEB', 'X-requested-with': 'XMLHttpRequest', 'X-token': 'a1cad95a6d480c14f51dd0eba4914c8337b893c789ec6278bb440c7c9a673b162f042470c62684e6da2bd342ffea7777'})
[2025-06-04 12:42:40] Récupération des données de vote pour Artworks on Walls (URL: artworks-on-walls, HEADER:{'User-Agent': 'Mozilla/5.0 (X11; Linux i686; rv:39.0) Gecko/20100101 Firefox/39.0', 'x-api-version': '8', 'x-env': 'WEB', 'X-requested-with': 'XMLHttpRequest', 'X-token': 'a1cad95a6d480c14f51dd0eba4914c8337b893c789ec6278bb440c7c9a673b162f042470c62684e6da2bd342ffea7777'})
[2025-06-04 12:42:40] Récupération des données de vote pour Artworks on Walls (URL: artworks-on-walls, HEADER:{'User-Agent': 'Mozilla/5.0 (X11; Linux i686; rv:39.0) Gecko/20100101 Firefox/39.0', 'x-api-version': '8', 'x-env': 'WEB', 'X-requested-with': 'XMLHttpRequest', 'X-token': 'a1cad95a6d480c14f51dd0eba4914c8337b893c789ec6278bb440c7c9a673b162f042470c62684e6da2bd342ffea7777'})
[2025-06-04 12:42:40] Récupération des données de vote pour Artworks on Walls (URL: artworks-on-walls, HEADER:{'User-Agent': 'Mozilla/5.0 (X11; Linux i686; rv:39.0) Gecko/20100101 Firefox/39.0', 'x-api-version': '8', 'x-env': 'WEB', 'X-requested-with': 'XMLHttpRequest', 'X-token': 'a1cad95a6d480c14f51dd0eba4914c8337b893c789ec6278bb440c7c9a673b162f042470c62684e6da2bd342ffea7777'})
[2025-06-04 12:42:40] Récupération des données de vote pour Artworks on Walls (URL: artworks-on-walls, HEADER:{'User-Agent': 'Mozilla/5.0 (X11; Linux i686; rv:39.0) Gecko/20100101 Firefox/39.0', 'x-api-version': '8', 'x-env': 'WEB', 'X-requested-with': 'XMLHttpRequest', 'X-token': 'a1cad95a6d480c14f51dd0eba4914c8337b893c789ec6278bb440c7c9a673b162f042470c62684e6da2bd342ffea7777'})
[2025-06-04 12:42:40] Récupération des données de vote pour Artworks on Walls (URL: artworks-on-walls, HEADER:{'User-Agent': 'Mozilla/5.0 (X11; Linux i686; rv:39.0) Gecko/20100101 Firefox/39.0', 'x-api-version': '8', 'x-env': 'WEB', 'X-requested-with': 'XMLHttpRequest', 'X-token': 'a1cad95a6d480c14f51dd0eba4914c8337b893c789ec6278bb440c7c9a673b162f042470c62684e6da2bd342ffea7777'})
[2025-06-04 12:42:40] Récupération des données de vote pour Artworks on Walls (URL: artworks-on-walls, HEADER:{'User-Agent': 'Mozilla/5.0 (X11; Linux i686; rv:39.0) Gecko/20100101 Firefox/39.0', 'x-api-version': '8', 'x-env': 'WEB', 'X-requested-with': 'XMLHttpRequest', 'X-token': 'a1cad95a6d480c14f51dd0eba4914c8337b893c789ec6278bb440c7c9a673b162f042470c62684e6da2bd342ffea7777'})
[2025-06-04 12:42:40] Récupération des données de vote pour Joined Together (URL: joined-together1, HEADER:{'User-Agent': 'Mozilla/5.0 (X11; Linux i686; rv:39.0) Gecko/20100101 Firefox/39.0', 'x-api-version': '8', 'x-env': 'WEB', 'X-requested-with': 'XMLHttpRequest', 'X-token': 'a1cad95a6d480c14f51dd0eba4914c8337b893c789ec6278bb440c7c9a673b162f042470c62684e6da2bd342ffea7777'})
[2025-06-04 12:42:40] Récupération des données de vote pour Joined Together (URL: joined-together1, HEADER:{'User-Agent': 'Mozilla/5.0 (X11; Linux i686; rv:39.0) Gecko/20100101 Firefox/39.0', 'x-api-version': '8', 'x-env': 'WEB', 'X-requested-with': 'XMLHttpRequest', 'X-token': 'a1cad95a6d480c14f51dd0eba4914c8337b893c789ec6278bb440c7c9a673b162f042470c62684e6da2bd342ffea7777'})
[2025-06-04 12:42:40] Récupération des données de vote pour Joined Together (URL: joined-together1, HEADER:{'User-Agent': 'Mozilla/5.0 (X11; Linux i686; rv:39.0) Gecko/20100101 Firefox/39.0', 'x-api-version': '8', 'x-env': 'WEB', 'X-requested-with': 'XMLHttpRequest', 'X-token': 'a1cad95a6d480c14f51dd0eba4914c8337b893c789ec6278bb440c7c9a673b162f042470c62684e6da2bd342ffea7777'})
[2025-06-04 12:42:40] Récupération des données de vote pour Joined Together (URL: joined-together1, HEADER:{'User-Agent': 'Mozilla/5.0 (X11; Linux i686; rv:39.0) Gecko/20100101 Firefox/39.0', 'x-api-version': '8', 'x-env': 'WEB', 'X-requested-with': 'XMLHttpRequest', 'X-token': 'a1cad95a6d480c14f51dd0eba4914c8337b893c789ec6278bb440c7c9a673b162f042470c62684e6da2bd342ffea7777'})
[2025-06-04 12:42:40] Récupération des données de vote pour Joined Together (URL: joined-together1, HEADER:{'User-Agent': 'Mozilla/5.0 (X11; Linux i686; rv:39.0) Gecko/20100101 Firefox/39.0', 'x-api-version': '8', 'x-env': 'WEB', 'X-requested-with': 'XMLHttpRequest', 'X-token': 'a1cad95a6d480c14f51dd0eba4914c8337b893c789ec6278bb440c7c9a673b162f042470c62684e6da2bd342ffea7777'})
[2025-06-04 12:42:40] Récupération des données de vote pour Joined Together (URL: joined-together1, HEADER:{'User-Agent': 'Mozilla/5.0 (X11; Linux i686; rv:39.0) Gecko/20100101 Firefox/39.0', 'x-api-version': '8', 'x-env': 'WEB', 'X-requested-with': 'XMLHttpRequest', 'X-token': 'a1cad95a6d480c14f51dd0eba4914c8337b893c789ec6278bb440c7c9a673b162f042470c62684e6da2bd342ffea7777'})
[2025-06-04 12:42:40] Récupération des données de vote pour Joined Together (URL: joined-together1, HEADER:{'User-Agent': 'Mozilla/5.0 (X11; Linux i686; rv:39.0) Gecko/20100101 Firefox/39.0', 'x-api-version': '8', 'x-env': 'WEB', 'X-requested-with': 'XMLHttpRequest', 'X-token': 'a1cad95a6d480c14f51dd0eba4914c8337b893c789ec6278bb440c7c9a673b162f042470c62684e6da2bd342ffea7777'})
[2025-06-04 12:42:40] Récupération des données de vote pour Artistic Still Life (URL: artistic-still-life5, HEADER:{'User-Agent': 'Mozilla/5.0 (X11; Linux i686; rv:39.0) Gecko/20100101 Firefox/39.0', 'x-api-version': '8', 'x-env': 'WEB', 'X-requested-with': 'XMLHttpRequest', 'X-token': 'a1cad95a6d480c14f51dd0eba4914c8337b893c789ec6278bb440c7c9a673b162f042470c62684e6da2bd342ffea7777'})
[2025-06-04 12:42:40] Récupération des données de vote pour Artistic Still Life (URL: artistic-still-life5, HEADER:{'User-Agent': 'Mozilla/5.0 (X11; Linux i686; rv:39.0) Gecko/20100101 Firefox/39.0', 'x-api-version': '8', 'x-env': 'WEB', 'X-requested-with': 'XMLHttpRequest', 'X-token': 'a1cad95a6d480c14f51dd0eba4914c8337b893c789ec6278bb440c7c9a673b162f042470c62684e6da2bd342ffea7777'})
[2025-06-04 12:42:40] Récupération des données de vote pour Artistic Still Life (URL: artistic-still-life5, HEADER:{'User-Agent': 'Mozilla/5.0 (X11; Linux i686; rv:39.0) Gecko/20100101 Firefox/39.0', 'x-api-version': '8', 'x-env': 'WEB', 'X-requested-with': 'XMLHttpRequest', 'X-token': 'a1cad95a6d480c14f51dd0eba4914c8337b893c789ec6278bb440c7c9a673b162f042470c62684e6da2bd342ffea7777'})
[2025-06-04 12:42:40] Récupération des données de vote pour Artistic Still Life (URL: artistic-still-life5, HEADER:{'User-Agent': 'Mozilla/5.0 (X11; Linux i686; rv:39.0) Gecko/20100101 Firefox/39.0', 'x-api-version': '8', 'x-env': 'WEB', 'X-requested-with': 'XMLHttpRequest', 'X-token': 'a1cad95a6d480c14f51dd0eba4914c8337b893c789ec6278bb440c7c9a673b162f042470c62684e6da2bd342ffea7777'})
[2025-06-04 12:42:40] Récupération des données de vote pour Artistic Still Life (URL: artistic-still-life5, HEADER:{'User-Agent': 'Mozilla/5.0 (X11; Linux i686; rv:39.0) Gecko/20100101 Firefox/39.0', 'x-api-version': '8', 'x-env': 'WEB', 'X-requested-with': 'XMLHttpRequest', 'X-token': 'a1cad95a6d480c14f51dd0eba4914c8337b893c789ec6278bb440c7c9a673b162f042470c62684e6da2bd342ffea7777'})
[2025-06-04 12:42:40] Récupération des données de vote pour Artistic Still Life (URL: artistic-still-life5, HEADER:{'User-Agent': 'Mozilla/5.0 (X11; Linux i686; rv:39.0) Gecko/20100101 Firefox/39.0', 'x-api-version': '8', 'x-env': 'WEB', 'X-requested-with': 'XMLHttpRequest', 'X-token': 'a1cad95a6d480c14f51dd0eba4914c8337b893c789ec6278bb440c7c9a673b162f042470c62684e6da2bd342ffea7777'})
[2025-06-04 12:42:40] Récupération des données de vote pour Artistic Still Life (URL: artistic-still-life5, HEADER:{'User-Agent': 'Mozilla/5.0 (X11; Linux i686; rv:39.0) Gecko/20100101 Firefox/39.0', 'x-api-version': '8', 'x-env': 'WEB', 'X-requested-with': 'XMLHttpRequest', 'X-token': 'a1cad95a6d480c14f51dd0eba4914c8337b893c789ec6278bb440c7c9a673b162f042470c62684e6da2bd342ffea7777'})
[2025-06-04 12:42:40] Récupération des données de vote pour Feeling Down (URL: feeling-down3, HEADER:{'User-Agent': 'Mozilla/5.0 (X11; Linux i686; rv:39.0) Gecko/20100101 Firefox/39.0', 'x-api-version': '8', 'x-env': 'WEB', 'X-requested-with': 'XMLHttpRequest', 'X-token': 'a1cad95a6d480c14f51dd0eba4914c8337b893c789ec6278bb440c7c9a673b162f042470c62684e6da2bd342ffea7777'})
[2025-06-04 12:42:40] Récupération des données de vote pour Feeling Down (URL: feeling-down3, HEADER:{'User-Agent': 'Mozilla/5.0 (X11; Linux i686; rv:39.0) Gecko/20100101 Firefox/39.0', 'x-api-version': '8', 'x-env': 'WEB', 'X-requested-with': 'XMLHttpRequest', 'X-token': 'a1cad95a6d480c14f51dd0eba4914c8337b893c789ec6278bb440c7c9a673b162f042470c62684e6da2bd342ffea7777'})
[2025-06-04 12:42:40] Récupération des données de vote pour Feeling Down (URL: feeling-down3, HEADER:{'User-Agent': 'Mozilla/5.0 (X11; Linux i686; rv:39.0) Gecko/20100101 Firefox/39.0', 'x-api-version': '8', 'x-env': 'WEB', 'X-requested-with': 'XMLHttpRequest', 'X-token': 'a1cad95a6d480c14f51dd0eba4914c8337b893c789ec6278bb440c7c9a673b162f042470c62684e6da2bd342ffea7777'})
[2025-06-04 12:42:40] Récupération des données de vote pour Feeling Down (URL: feeling-down3, HEADER:{'User-Agent': 'Mozilla/5.0 (X11; Linux i686; rv:39.0) Gecko/20100101 Firefox/39.0', 'x-api-version': '8', 'x-env': 'WEB', 'X-requested-with': 'XMLHttpRequest', 'X-token': 'a1cad95a6d480c14f51dd0eba4914c8337b893c789ec6278bb440c7c9a673b162f042470c62684e6da2bd342ffea7777'})
[2025-06-04 12:42:40] Récupération des données de vote pour Feeling Down (URL: feeling-down3, HEADER:{'User-Agent': 'Mozilla/5.0 (X11; Linux i686; rv:39.0) Gecko/20100101 Firefox/39.0', 'x-api-version': '8', 'x-env': 'WEB', 'X-requested-with': 'XMLHttpRequest', 'X-token': 'a1cad95a6d480c14f51dd0eba4914c8337b893c789ec6278bb440c7c9a673b162f042470c62684e6da2bd342ffea7777'})
[2025-06-04 12:42:40] Récupération des données de vote pour Feeling Down (URL: feeling-down3, HEADER:{'User-Agent': 'Mozilla/5.0 (X11; Linux i686; rv:39.0) Gecko/20100101 Firefox/39.0', 'x-api-version': '8', 'x-env': 'WEB', 'X-requested-with': 'XMLHttpRequest', 'X-token': 'a1cad95a6d480c14f51dd0eba4914c8337b893c789ec6278bb440c7c9a673b162f042470c62684e6da2bd342ffea7777'})
[2025-06-04 12:42:40] Récupération des données de vote pour Feeling Down (URL: feeling-down3, HEADER:{'User-Agent': 'Mozilla/5.0 (X11; Linux i686; rv:39.0) Gecko/20100101 Firefox/39.0', 'x-api-version': '8', 'x-env': 'WEB', 'X-requested-with': 'XMLHttpRequest', 'X-token': 'a1cad95a6d480c14f51dd0eba4914c8337b893c789ec6278bb440c7c9a673b162f042470c62684e6da2bd342ffea7777'})
[2025-06-04 12:42:40] Récupération des données de vote pour Asphalt Streets (URL: asphalt-streets, HEADER:{'User-Agent': 'Mozilla/5.0 (X11; Linux i686; rv:39.0) Gecko/20100101 Firefox/39.0', 'x-api-version': '8', 'x-env': 'WEB', 'X-requested-with': 'XMLHttpRequest', 'X-token': 'a1cad95a6d480c14f51dd0eba4914c8337b893c789ec6278bb440c7c9a673b162f042470c62684e6da2bd342ffea7777'})
[2025-06-04 12:42:40] Récupération des données de vote pour Asphalt Streets (URL: asphalt-streets, HEADER:{'User-Agent': 'Mozilla/5.0 (X11; Linux i686; rv:39.0) Gecko/20100101 Firefox/39.0', 'x-api-version': '8', 'x-env': 'WEB', 'X-requested-with': 'XMLHttpRequest', 'X-token': 'a1cad95a6d480c14f51dd0eba4914c8337b893c789ec6278bb440c7c9a673b162f042470c62684e6da2bd342ffea7777'})
[2025-06-04 12:42:40] Récupération des données de vote pour Asphalt Streets (URL: asphalt-streets, HEADER:{'User-Agent': 'Mozilla/5.0 (X11; Linux i686; rv:39.0) Gecko/20100101 Firefox/39.0', 'x-api-version': '8', 'x-env': 'WEB', 'X-requested-with': 'XMLHttpRequest', 'X-token': 'a1cad95a6d480c14f51dd0eba4914c8337b893c789ec6278bb440c7c9a673b162f042470c62684e6da2bd342ffea7777'})
[2025-06-04 12:42:40] Récupération des données de vote pour Asphalt Streets (URL: asphalt-streets, HEADER:{'User-Agent': 'Mozilla/5.0 (X11; Linux i686; rv:39.0) Gecko/20100101 Firefox/39.0', 'x-api-version': '8', 'x-env': 'WEB', 'X-requested-with': 'XMLHttpRequest', 'X-token': 'a1cad95a6d480c14f51dd0eba4914c8337b893c789ec6278bb440c7c9a673b162f042470c62684e6da2bd342ffea7777'})
[2025-06-04 12:42:40] Récupération des données de vote pour Asphalt Streets (URL: asphalt-streets, HEADER:{'User-Agent': 'Mozilla/5.0 (X11; Linux i686; rv:39.0) Gecko/20100101 Firefox/39.0', 'x-api-version': '8', 'x-env': 'WEB', 'X-requested-with': 'XMLHttpRequest', 'X-token': 'a1cad95a6d480c14f51dd0eba4914c8337b893c789ec6278bb440c7c9a673b162f042470c62684e6da2bd342ffea7777'})
[2025-06-04 12:42:40] Récupération des données de vote pour Asphalt Streets (URL: asphalt-streets, HEADER:{'User-Agent': 'Mozilla/5.0 (X11; Linux i686; rv:39.0) Gecko/20100101 Firefox/39.0', 'x-api-version': '8', 'x-env': 'WEB', 'X-requested-with': 'XMLHttpRequest', 'X-token': 'a1cad95a6d480c14f51dd0eba4914c8337b893c789ec6278bb440c7c9a673b162f042470c62684e6da2bd342ffea7777'})
[2025-06-04 12:42:40] Récupération des données de vote pour Asphalt Streets (URL: asphalt-streets, HEADER:{'User-Agent': 'Mozilla/5.0 (X11; Linux i686; rv:39.0) Gecko/20100101 Firefox/39.0', 'x-api-version': '8', 'x-env': 'WEB', 'X-requested-with': 'XMLHttpRequest', 'X-token': 'a1cad95a6d480c14f51dd0eba4914c8337b893c789ec6278bb440c7c9a673b162f042470c62684e6da2bd342ffea7777'})
[2025-06-04 12:42:40] Récupération des données de vote pour Buildings Next To Water (URL: buildings-next-to-water, HEADER:{'User-Agent': 'Mozilla/5.0 (X11; Linux i686; rv:39.0) Gecko/20100101 Firefox/39.0', 'x-api-version': '8', 'x-env': 'WEB', 'X-requested-with': 'XMLHttpRequest', 'X-token': 'a1cad95a6d480c14f51dd0eba4914c8337b893c789ec6278bb440c7c9a673b162f042470c62684e6da2bd342ffea7777'})
[2025-06-04 12:42:40] Récupération des données de vote pour Buildings Next To Water (URL: buildings-next-to-water, HEADER:{'User-Agent': 'Mozilla/5.0 (X11; Linux i686; rv:39.0) Gecko/20100101 Firefox/39.0', 'x-api-version': '8', 'x-env': 'WEB', 'X-requested-with': 'XMLHttpRequest', 'X-token': 'a1cad95a6d480c14f51dd0eba4914c8337b893c789ec6278bb440c7c9a673b162f042470c62684e6da2bd342ffea7777'})
[2025-06-04 12:42:40] Récupération des données de vote pour Buildings Next To Water (URL: buildings-next-to-water, HEADER:{'User-Agent': 'Mozilla/5.0 (X11; Linux i686; rv:39.0) Gecko/20100101 Firefox/39.0', 'x-api-version': '8', 'x-env': 'WEB', 'X-requested-with': 'XMLHttpRequest', 'X-token': 'a1cad95a6d480c14f51dd0eba4914c8337b893c789ec6278bb440c7c9a673b162f042470c62684e6da2bd342ffea7777'})
[2025-06-04 12:42:40] Récupération des données de vote pour Buildings Next To Water (URL: buildings-next-to-water, HEADER:{'User-Agent': 'Mozilla/5.0 (X11; Linux i686; rv:39.0) Gecko/20100101 Firefox/39.0', 'x-api-version': '8', 'x-env': 'WEB', 'X-requested-with': 'XMLHttpRequest', 'X-token': 'a1cad95a6d480c14f51dd0eba4914c8337b893c789ec6278bb440c7c9a673b162f042470c62684e6da2bd342ffea7777'})
[2025-06-04 12:42:40] Récupération des données de vote pour Buildings Next To Water (URL: buildings-next-to-water, HEADER:{'User-Agent': 'Mozilla/5.0 (X11; Linux i686; rv:39.0) Gecko/20100101 Firefox/39.0', 'x-api-version': '8', 'x-env': 'WEB', 'X-requested-with': 'XMLHttpRequest', 'X-token': 'a1cad95a6d480c14f51dd0eba4914c8337b893c789ec6278bb440c7c9a673b162f042470c62684e6da2bd342ffea7777'})
[2025-06-04 12:42:40] Récupération des données de vote pour Buildings Next To Water (URL: buildings-next-to-water, HEADER:{'User-Agent': 'Mozilla/5.0 (X11; Linux i686; rv:39.0) Gecko/20100101 Firefox/39.0', 'x-api-version': '8', 'x-env': 'WEB', 'X-requested-with': 'XMLHttpRequest', 'X-token': 'a1cad95a6d480c14f51dd0eba4914c8337b893c789ec6278bb440c7c9a673b162f042470c62684e6da2bd342ffea7777'})
[2025-06-04 12:42:40] Récupération des données de vote pour Buildings Next To Water (URL: buildings-next-to-water, HEADER:{'User-Agent': 'Mozilla/5.0 (X11; Linux i686; rv:39.0) Gecko/20100101 Firefox/39.0', 'x-api-version': '8', 'x-env': 'WEB', 'X-requested-with': 'XMLHttpRequest', 'X-token': 'a1cad95a6d480c14f51dd0eba4914c8337b893c789ec6278bb440c7c9a673b162f042470c62684e6da2bd342ffea7777'})
[2025-06-04 12:42:40] Récupération des données de vote pour Photo of the Week! (URL: photo-of-the-week-299, HEADER:{'User-Agent': 'Mozilla/5.0 (X11; Linux i686; rv:39.0) Gecko/20100101 Firefox/39.0', 'x-api-version': '8', 'x-env': 'WEB', 'X-requested-with': 'XMLHttpRequest', 'X-token': 'a1cad95a6d480c14f51dd0eba4914c8337b893c789ec6278bb440c7c9a673b162f042470c62684e6da2bd342ffea7777'})
[2025-06-04 12:42:40] Récupération des données de vote pour Photo of the Week! (URL: photo-of-the-week-299, HEADER:{'User-Agent': 'Mozilla/5.0 (X11; Linux i686; rv:39.0) Gecko/20100101 Firefox/39.0', 'x-api-version': '8', 'x-env': 'WEB', 'X-requested-with': 'XMLHttpRequest', 'X-token': 'a1cad95a6d480c14f51dd0eba4914c8337b893c789ec6278bb440c7c9a673b162f042470c62684e6da2bd342ffea7777'})
[2025-06-04 12:42:40] Récupération des données de vote pour Photo of the Week! (URL: photo-of-the-week-299, HEADER:{'User-Agent': 'Mozilla/5.0 (X11; Linux i686; rv:39.0) Gecko/20100101 Firefox/39.0', 'x-api-version': '8', 'x-env': 'WEB', 'X-requested-with': 'XMLHttpRequest', 'X-token': 'a1cad95a6d480c14f51dd0eba4914c8337b893c789ec6278bb440c7c9a673b162f042470c62684e6da2bd342ffea7777'})
[2025-06-04 12:42:40] Récupération des données de vote pour Photo of the Week! (URL: photo-of-the-week-299, HEADER:{'User-Agent': 'Mozilla/5.0 (X11; Linux i686; rv:39.0) Gecko/20100101 Firefox/39.0', 'x-api-version': '8', 'x-env': 'WEB', 'X-requested-with': 'XMLHttpRequest', 'X-token': 'a1cad95a6d480c14f51dd0eba4914c8337b893c789ec6278bb440c7c9a673b162f042470c62684e6da2bd342ffea7777'})
[2025-06-04 12:42:40] Récupération des données de vote pour Photo of the Week! (URL: photo-of-the-week-299, HEADER:{'User-Agent': 'Mozilla/5.0 (X11; Linux i686; rv:39.0) Gecko/20100101 Firefox/39.0', 'x-api-version': '8', 'x-env': 'WEB', 'X-requested-with': 'XMLHttpRequest', 'X-token': 'a1cad95a6d480c14f51dd0eba4914c8337b893c789ec6278bb440c7c9a673b162f042470c62684e6da2bd342ffea7777'})
[2025-06-04 12:42:40] Récupération des données de vote pour Photo of the Week! (URL: photo-of-the-week-299, HEADER:{'User-Agent': 'Mozilla/5.0 (X11; Linux i686; rv:39.0) Gecko/20100101 Firefox/39.0', 'x-api-version': '8', 'x-env': 'WEB', 'X-requested-with': 'XMLHttpRequest', 'X-token': 'a1cad95a6d480c14f51dd0eba4914c8337b893c789ec6278bb440c7c9a673b162f042470c62684e6da2bd342ffea7777'})
[2025-06-04 12:42:40] Récupération des données de vote pour Photo of the Week! (URL: photo-of-the-week-299, HEADER:{'User-Agent': 'Mozilla/5.0 (X11; Linux i686; rv:39.0) Gecko/20100101 Firefox/39.0', 'x-api-version': '8', 'x-env': 'WEB', 'X-requested-with': 'XMLHttpRequest', 'X-token': 'a1cad95a6d480c14f51dd0eba4914c8337b893c789ec6278bb440c7c9a673b162f042470c62684e6da2bd342ffea7777'})
[2025-06-04 12:42:41] Récupération réussie: 200 images pour Feeling Down
[2025-06-04 12:42:41] Voting fetching ...
[2025-06-04 12:42:41] Feeling Down voting 10 images
[2025-06-04 12:42:41] Récupération réussie: 200 images pour Artworks on Walls
[2025-06-04 12:42:41] Voting fetching ...
[2025-06-04 12:42:41] Artworks on Walls voting 10 images
[2025-06-04 12:42:41] Récupération réussie: 200 images pour Feeling Down
[2025-06-04 12:42:41] Voting fetching ...
[2025-06-04 12:42:41] Feeling Down voting 10 images
[2025-06-04 12:42:41] Récupération réussie: 200 images pour Feeling Down
[2025-06-04 12:42:41] Voting fetching ...
[2025-06-04 12:42:41] Feeling Down voting 10 images
[2025-06-04 12:42:41] Récupération réussie: 200 images pour Feeling Down
[2025-06-04 12:42:41] Voting fetching ...
[2025-06-04 12:42:41] Feeling Down voting 10 images
[2025-06-04 12:42:42] Récupération réussie: 200 images pour Artistic Still Life
[2025-06-04 12:42:42] Voting fetching ...
[2025-06-04 12:42:42] Artistic Still Life voting 10 images
[2025-06-04 12:42:42] Récupération réussie: 200 images pour Photo of the Week!
[2025-06-04 12:42:42] Voting fetching ...
[2025-06-04 12:42:42] Photo of the Week! voting 10 images
[2025-06-04 12:42:42] Récupération réussie: 200 images pour Artworks on Walls
[2025-06-04 12:42:42] Voting fetching ...
[2025-06-04 12:42:42] Artworks on Walls voting 10 images
[2025-06-04 12:42:42] Récupération réussie: 200 images pour Feeling Down
[2025-06-04 12:42:42] Voting fetching ...
[2025-06-04 12:42:42] Feeling Down voting 10 images
[2025-06-04 12:42:42] Récupération réussie: 200 images pour Artistic Still Life
[2025-06-04 12:42:42] Voting fetching ...
[2025-06-04 12:42:42] Artistic Still Life voting 10 images
[2025-06-04 12:42:42] Récupération réussie: 200 images pour Feeling Down
[2025-06-04 12:42:42] Voting fetching ...
[2025-06-04 12:42:42] Feeling Down voting 10 images
[2025-06-04 12:42:42] Récupération réussie: 200 images pour Artistic Still Life
[2025-06-04 12:42:42] Voting fetching ...
[2025-06-04 12:42:42] Artistic Still Life voting 10 images
[2025-06-04 12:42:42] Récupération réussie: 200 images pour Artworks on Walls
[2025-06-04 12:42:42] Voting fetching ...
[2025-06-04 12:42:42] Artworks on Walls voting 10 images
[2025-06-04 12:42:42] Récupération réussie: 200 images pour Artistic Still Life
[2025-06-04 12:42:42] Voting fetching ...
[2025-06-04 12:42:42] Artistic Still Life voting 10 images
[2025-06-04 12:42:42] Récupération réussie: 200 images pour Photo of the Week!
[2025-06-04 12:42:42] Voting fetching ...
[2025-06-04 12:42:42] Photo of the Week! voting 10 images
[2025-06-04 12:42:42] Récupération réussie: 200 images pour Artworks on Walls
[2025-06-04 12:42:42] Voting fetching ...
[2025-06-04 12:42:42] Artworks on Walls voting 10 images
[2025-06-04 12:42:42] Récupération réussie: 200 images pour Artistic Still Life
[2025-06-04 12:42:42] Voting fetching ...
[2025-06-04 12:42:42] Artistic Still Life voting 10 images
[2025-06-04 12:42:42] Récupération réussie: 200 images pour Photo of the Week!
[2025-06-04 12:42:42] Voting fetching ...
[2025-06-04 12:42:42] Photo of the Week! voting 10 images
[2025-06-04 12:42:42] Récupération réussie: 200 images pour Artworks on Walls
[2025-06-04 12:42:42] Voting fetching ...
[2025-06-04 12:42:42] Artworks on Walls voting 10 images
[2025-06-04 12:42:42] Récupération réussie: 200 images pour Artistic Still Life
[2025-06-04 12:42:42] Voting fetching ...
[2025-06-04 12:42:42] Artistic Still Life voting 10 images
[2025-06-04 12:42:42] Récupération réussie: 200 images pour Photo of the Week!
[2025-06-04 12:42:42] Voting fetching ...
[2025-06-04 12:42:42] Photo of the Week! voting 10 images
[2025-06-04 12:42:42] Récupération réussie: 200 images pour Photo of the Week!
[2025-06-04 12:42:42] Voting fetching ...
[2025-06-04 12:42:42] Photo of the Week! voting 10 images
[2025-06-04 12:42:42] Récupération réussie: 200 images pour Joined Together
[2025-06-04 12:42:42] Voting fetching ...
[2025-06-04 12:42:42] Joined Together voting 10 images
[2025-06-04 12:42:42] Récupération réussie: 200 images pour Joined Together
[2025-06-04 12:42:42] Voting fetching ...
[2025-06-04 12:42:42] Joined Together voting 10 images
[2025-06-04 12:42:42] Récupération réussie: 200 images pour Artistic Still Life
[2025-06-04 12:42:42] Voting fetching ...
[2025-06-04 12:42:42] Artistic Still Life voting 10 images
[2025-06-04 12:42:42] Récupération réussie: 200 images pour Artworks on Walls
[2025-06-04 12:42:42] Voting fetching ...
[2025-06-04 12:42:42] Artworks on Walls voting 10 images
[2025-06-04 12:42:42] Récupération réussie: 200 images pour Feeling Down
[2025-06-04 12:42:42] Voting fetching ...
[2025-06-04 12:42:42] Feeling Down voting 10 images
[2025-06-04 12:42:42] Récupération réussie: 200 images pour Joined Together
[2025-06-04 12:42:42] Voting fetching ...
[2025-06-04 12:42:42] Joined Together voting 10 images
[2025-06-04 12:42:42] Récupération réussie: 200 images pour Artworks on Walls
[2025-06-04 12:42:42] Voting fetching ...
[2025-06-04 12:42:42] Artworks on Walls voting 10 images
[2025-06-04 12:42:42] Récupération réussie: 200 images pour Joined Together
[2025-06-04 12:42:42] Voting fetching ...
[2025-06-04 12:42:42] Joined Together voting 10 images
[2025-06-04 12:42:42] Récupération réussie: 200 images pour Photo of the Week!
[2025-06-04 12:42:42] Voting fetching ...
[2025-06-04 12:42:42] Photo of the Week! voting 10 images
[2025-06-04 12:42:42] Récupération réussie: 200 images pour Joined Together
[2025-06-04 12:42:42] Voting fetching ...
[2025-06-04 12:42:42] Joined Together voting 10 images
[2025-06-04 12:42:42] Récupération réussie: 200 images pour Buildings Next To Water
[2025-06-04 12:42:42] Voting fetching ...
[2025-06-04 12:42:42] Buildings Next To Water voting 10 images
[2025-06-04 12:42:42] Récupération réussie: 200 images pour Buildings Next To Water
[2025-06-04 12:42:42] Voting fetching ...
[2025-06-04 12:42:42] Buildings Next To Water voting 10 images
[2025-06-04 12:42:42] Récupération réussie: 200 images pour Photo of the Week!
[2025-06-04 12:42:42] Voting fetching ...
[2025-06-04 12:42:42] Photo of the Week! voting 10 images
[2025-06-04 12:42:42] Récupération réussie: 200 images pour Buildings Next To Water
[2025-06-04 12:42:42] Voting fetching ...
[2025-06-04 12:42:42] Buildings Next To Water voting 10 images
[2025-06-04 12:42:42] Récupération réussie: 200 images pour Joined Together
[2025-06-04 12:42:42] Voting fetching ...
[2025-06-04 12:42:42] Joined Together voting 10 images
[2025-06-04 12:42:42] Récupération réussie: 200 images pour Joined Together
[2025-06-04 12:42:42] Voting fetching ...
[2025-06-04 12:42:42] Joined Together voting 10 images
[2025-06-04 12:42:42] Récupération réussie: 200 images pour Buildings Next To Water
[2025-06-04 12:42:42] Voting fetching ...
[2025-06-04 12:42:42] Buildings Next To Water voting 10 images
[2025-06-04 12:42:42] Récupération réussie: 200 images pour Buildings Next To Water
[2025-06-04 12:42:42] Voting fetching ...
[2025-06-04 12:42:42] Buildings Next To Water voting 10 images
[2025-06-04 12:42:42] Récupération réussie: 200 images pour Buildings Next To Water
[2025-06-04 12:42:42] Voting fetching ...
[2025-06-04 12:42:42] Buildings Next To Water voting 10 images
[2025-06-04 12:42:42] Récupération réussie: 200 images pour Buildings Next To Water
[2025-06-04 12:42:42] Voting fetching ...
[2025-06-04 12:42:42] Buildings Next To Water voting 10 images
[2025-06-04 12:42:42] Récupération réussie: 200 images pour Asphalt Streets
[2025-06-04 12:42:42] Voting fetching ...
[2025-06-04 12:42:42] Asphalt Streets voting 10 images
[2025-06-04 12:42:42] Récupération réussie: 200 images pour Asphalt Streets
[2025-06-04 12:42:42] Voting fetching ...
[2025-06-04 12:42:42] Asphalt Streets voting 10 images
[2025-06-04 12:42:42] Récupération réussie: 200 images pour Asphalt Streets
[2025-06-04 12:42:42] Voting fetching ...
[2025-06-04 12:42:42] Asphalt Streets voting 10 images
[2025-06-04 12:42:42] Récupération réussie: 200 images pour Asphalt Streets
[2025-06-04 12:42:42] Voting fetching ...
[2025-06-04 12:42:42] Asphalt Streets voting 10 images
[2025-06-04 12:42:42] Récupération réussie: 200 images pour Asphalt Streets
[2025-06-04 12:42:42] Voting fetching ...
[2025-06-04 12:42:42] Asphalt Streets voting 10 images
[2025-06-04 12:42:42] Récupération réussie: 200 images pour Asphalt Streets
[2025-06-04 12:42:42] Voting fetching ...
[2025-06-04 12:42:42] Asphalt Streets voting 10 images
[2025-06-04 12:42:42] Récupération réussie: 200 images pour Asphalt Streets
[2025-06-04 12:42:42] Voting fetching ...
[2025-06-04 12:42:42] Asphalt Streets voting 10 images
[2025-06-04 12:42:43] Feeling Down voted successfully
[2025-06-04 12:42:45] Feeling Down voted successfully
[2025-06-04 12:42:47] Artworks on Walls voted successfully
[2025-06-04 12:42:49] Feeling Down voted successfully
[2025-06-04 12:42:51] Artworks on Walls voted successfully
[2025-06-04 12:42:53] Artworks on Walls voted successfully
[2025-06-04 12:42:55] Artistic Still Life voted successfully
[2025-06-04 12:42:57] Artistic Still Life voted successfully
[2025-06-04 12:42:59] Feeling Down voted successfully
[2025-06-04 12:43:01] Photo of the Week! voted successfully
[2025-06-04 12:43:03] Feeling Down voted successfully
[2025-06-04 12:43:05] Artistic Still Life voted successfully
[2025-06-04 12:43:07] Photo of the Week! voted successfully
[2025-06-04 12:43:09] Artistic Still Life voted successfully
[2025-06-04 12:43:11] Buildings Next To Water voted successfully
[2025-06-04 12:43:13] Photo of the Week! voted successfully
[2025-06-04 12:43:15] Joined Together voted successfully
[2025-06-04 12:43:17] Artworks on Walls voted successfully
[2025-06-04 12:43:19] Artistic Still Life voted successfully
[2025-06-04 12:43:21] Photo of the Week! voted successfully
[2025-06-04 12:43:23] Artworks on Walls voted successfully
[2025-06-04 12:43:25] Artistic Still Life voted successfully
[2025-06-04 12:43:27] Joined Together voted successfully
[2025-06-04 12:43:29] Buildings Next To Water voted successfully
[2025-06-04 12:43:31] Photo of the Week! voted successfully
[2025-06-04 12:43:33] Photo of the Week! voted successfully
[2025-06-04 12:43:35] Buildings Next To Water voted successfully
[2025-06-04 12:43:37] Artworks on Walls voted successfully
[2025-06-04 12:43:39] Artistic Still Life voted successfully
[2025-06-04 12:43:41] Joined Together voted successfully
[2025-06-04 12:43:43] Joined Together voted successfully
[2025-06-04 12:43:45] Joined Together voted successfully
[2025-06-04 12:43:47] Feeling Down voted successfully
[2025-06-04 12:43:49] Photo of the Week! voted successfully
[2025-06-04 12:43:51] Feeling Down voted successfully
[2025-06-04 12:43:53] Joined Together voted successfully
[2025-06-04 12:43:55] Buildings Next To Water voted successfully
[2025-06-04 12:43:57] Buildings Next To Water voted successfully
[2025-06-04 12:43:59] Asphalt Streets voted successfully
[2025-06-04 12:44:01] Artworks on Walls voted successfully
[2025-06-04 12:44:03] Buildings Next To Water voted successfully
[2025-06-04 12:44:05] Joined Together voted successfully
[2025-06-04 12:44:07] Asphalt Streets voted successfully
[2025-06-04 12:44:09] Buildings Next To Water voted successfully
[2025-06-04 12:44:11] Asphalt Streets voted successfully
[2025-06-04 12:44:13] Asphalt Streets voted successfully
[2025-06-04 12:44:15] Asphalt Streets voted successfully
[2025-06-04 12:44:17] Asphalt Streets voted successfully
[2025-06-04 12:44:19] Asphalt Streets voted successfully
[2025-06-04 12:44:22] Challenges fetching ...
[2025-06-04 12:44:22] Challenges fetched successfully for bruno!
[2025-06-04 12:44:22] Challenges fetching ...
[2025-06-04 12:44:22] Challenges fetched successfully for bruno!
[2025-06-04 12:44:22] Challenges fetching ...
[2025-06-04 12:44:22] Challenges fetched successfully for bruno!
[2025-06-04 12:44:22] Challenges fetching ...
[2025-06-04 12:44:22] Challenges fetched successfully for bruno!
[2025-06-04 12:44:22] Challenges fetching ...
[2025-06-04 12:44:22] Challenges fetched successfully for bruno!
[2025-06-04 12:44:22] Challenges fetching ...
[2025-06-04 12:44:22] Challenges fetched successfully for bruno!
[2025-06-04 12:44:22] Challenges fetching ...
[2025-06-04 12:44:22] Challenges fetched successfully for bruno!
[2025-06-04 12:44:22] Challenges fetching ...
[2025-06-04 12:44:22] Challenges fetched successfully for bruno!
[2025-06-04 12:44:22] Challenges fetching ...
[2025-06-04 12:44:22] Challenges fetched successfully for bruno!
[2025-06-04 12:44:22] Challenges fetching ...
[2025-06-04 12:44:22] Challenges fetched successfully for bruno!
[2025-06-04 12:44:22] Challenges fetching ...
[2025-06-04 12:44:22] Challenges fetched successfully for bruno!
[2025-06-04 12:44:22] Challenges fetching ...
[2025-06-04 12:44:22] Challenges fetched successfully for bruno!
[2025-06-04 12:44:22] Challenges fetching ...
[2025-06-04 12:44:22] Challenges fetched successfully for bruno!
[2025-06-04 12:44:22] Challenges fetching ...
[2025-06-04 12:44:22] Challenges fetched successfully for bruno!
[2025-06-04 12:44:22] Challenges fetching ...
[2025-06-04 12:44:22] Challenges fetched successfully for bruno!
[2025-06-04 12:44:22] Challenges fetching ...
[2025-06-04 12:44:22] Challenges fetched successfully for bruno!
[2025-06-04 12:44:22] Challenges fetching ...
[2025-06-04 12:44:22] Challenges fetched successfully for bruno!
[2025-06-04 12:44:22] Challenges fetching ...
[2025-06-04 12:44:22] Challenges fetched successfully for bruno!
[2025-06-04 12:44:22] Challenges fetching ...
[2025-06-04 12:44:22] Challenges fetched successfully for bruno!
[2025-06-04 12:44:22] Challenges fetching ...
[2025-06-04 12:44:22] Challenges fetched successfully for bruno!
[2025-06-04 12:44:22] Challenges fetching ...
[2025-06-04 12:44:22] Challenges fetched successfully for bruno!
[2025-06-04 12:44:22] Challenges fetching ...
[2025-06-04 12:44:22] Challenges fetched successfully for bruno!
[2025-06-04 12:44:22] Challenges fetching ...
[2025-06-04 12:44:22] Challenges fetched successfully for bruno!
[2025-06-04 12:44:22] Challenges fetching ...
[2025-06-04 12:44:22] Challenges fetched successfully for bruno!
[2025-06-04 12:44:22] Challenges fetching ...
[2025-06-04 12:44:22] Challenges fetched successfully for bruno!
[2025-06-04 12:44:22] Challenges fetching ...
[2025-06-04 12:44:22] Challenges fetched successfully for bruno!
[2025-06-04 12:44:22] Challenges fetching ...
[2025-06-04 12:44:22] Challenges fetched successfully for bruno!
[2025-06-04 12:44:22] Challenges fetching ...
[2025-06-04 12:44:22] Challenges fetched successfully for bruno!
[2025-06-04 12:44:22] Challenges fetching ...
[2025-06-04 12:44:22] Challenges fetched successfully for bruno!
[2025-06-04 12:44:22] Challenges fetching ...
[2025-06-04 12:44:22] Challenges fetched successfully for bruno!
[2025-06-04 12:44:22] Challenges fetching ...
[2025-06-04 12:44:22] Challenges fetched successfully for bruno!
[2025-06-04 12:44:22] Challenges fetching ...
[2025-06-04 12:44:22] Challenges fetched successfully for bruno!
[2025-06-04 12:44:22] Challenges fetching ...
[2025-06-04 12:44:22] Challenges fetched successfully for bruno!
[2025-06-04 12:44:22] Challenges fetching ...
[2025-06-04 12:44:22] Challenges fetched successfully for bruno!
[2025-06-04 12:44:22] Challenges fetching ...
[2025-06-04 12:44:22] Challenges fetched successfully for bruno!
[2025-06-04 12:44:22] Challenges fetching ...
[2025-06-04 12:44:22] Challenges fetched successfully for bruno!
[2025-06-04 12:44:22] Challenges fetching ...
[2025-06-04 12:44:22] Challenges fetched successfully for bruno!
[2025-06-04 12:44:22] Challenges fetching ...
[2025-06-04 12:44:22] Challenges fetched successfully for bruno!
[2025-06-04 12:44:22] Challenges fetching ...
[2025-06-04 12:44:22] Challenges fetched successfully for bruno!
[2025-06-04 12:44:22] Challenges fetching ...
[2025-06-04 12:44:22] Challenges fetched successfully for bruno!
[2025-06-04 12:44:22] Challenges fetching ...
[2025-06-04 12:44:22] Challenges fetched successfully for bruno!
[2025-06-04 12:44:22] Challenges fetching ...
[2025-06-04 12:44:22] Challenges fetched successfully for bruno!
[2025-06-04 12:44:22] Challenges fetching ...
[2025-06-04 12:44:22] Challenges fetched successfully for bruno!
[2025-06-04 12:44:22] Challenges fetching ...
[2025-06-04 12:44:22] Challenges fetched successfully for bruno!
[2025-06-04 12:44:22] Challenges fetching ...
[2025-06-04 12:44:22] Challenges fetched successfully for bruno!
[2025-06-04 12:44:22] Challenges fetching ...
[2025-06-04 12:44:22] Challenges fetched successfully for bruno!
[2025-06-04 12:44:22] Challenges fetching ...
[2025-06-04 12:44:22] Challenges fetched successfully for bruno!
[2025-06-04 12:44:22] Challenges fetching ...
[2025-06-04 12:44:22] Challenges fetched successfully for bruno!
[2025-06-04 12:44:22] Challenges fetching ...
[2025-06-04 12:44:22] Challenges fetched successfully for bruno!
[2025-06-04 12:44:23] Challenge non trouvé: feeling-down3
[2025-06-04 12:44:23] Processus mis à jour pour bruno: feeling-down3-vote-20-left-0H:3M - executing
[2025-06-04 12:44:23] Objet challenge créé pour le thread de profil bruno: feeling-down3
[2025-06-04 12:44:23] Traitement de vote pour Challenge feeling-down3
[2025-06-04 12:44:23] Challenge feeling-down3 get vote panel
[2025-06-04 12:44:23] Processus associé: feeling-down3-vote-20-left-0H:3M
[2025-06-04 12:44:23] Challenge non trouvé: asphalt-streets
[2025-06-04 12:44:23] Processus mis à jour pour bruno: asphalt-streets-vote-20-left-0H:2M - executing
[2025-06-04 12:44:23] Objet challenge créé pour le thread de profil bruno: asphalt-streets
[2025-06-04 12:44:23] Traitement de vote pour Challenge asphalt-streets
[2025-06-04 12:44:23] Challenge non trouvé: artistic-still-life5
[2025-06-04 12:44:23] Processus mis à jour pour bruno: artistic-still-life5-vote-20-left-0H:3M - executing
[2025-06-04 12:44:23] Objet challenge créé pour le thread de profil bruno: artistic-still-life5
[2025-06-04 12:44:23] Traitement de vote pour Challenge artistic-still-life5
[2025-06-04 12:44:23] Challenge non trouvé: artworks-on-walls
[2025-06-04 12:44:23] Processus mis à jour pour bruno: artworks-on-walls-vote-20-left-0H:3M - executing
[2025-06-04 12:44:23] Objet challenge créé pour le thread de profil bruno: artworks-on-walls
[2025-06-04 12:44:23] Traitement de vote pour Challenge artworks-on-walls
[2025-06-04 12:44:23] Challenge non trouvé: feeling-down3
[2025-06-04 12:44:23] Processus mis à jour pour bruno: feeling-down3-vote-20-left-0H:1M - executing
[2025-06-04 12:44:23] Objet challenge créé pour le thread de profil bruno: feeling-down3
[2025-06-04 12:44:23] Traitement de vote pour Challenge feeling-down3
[2025-06-04 12:44:23] Challenge non trouvé: joined-together1
[2025-06-04 12:44:23] Processus mis à jour pour bruno: joined-together1-vote-20-left-0H:2M - executing
[2025-06-04 12:44:23] Objet challenge créé pour le thread de profil bruno: joined-together1
[2025-06-04 12:44:23] Traitement de vote pour Challenge joined-together1
[2025-06-04 12:44:23] Challenge non trouvé: artistic-still-life5
[2025-06-04 12:44:23] Processus mis à jour pour bruno: artistic-still-life5-vote-20-left-0H:2M - executing
[2025-06-04 12:44:23] Objet challenge créé pour le thread de profil bruno: artistic-still-life5
[2025-06-04 12:44:23] Traitement de vote pour Challenge artistic-still-life5
[2025-06-04 12:44:23] Challenge non trouvé: asphalt-streets
[2025-06-04 12:44:23] Challenge non trouvé: artworks-on-walls
[2025-06-04 12:44:23] Processus mis à jour pour bruno: asphalt-streets-vote-70-left-0H:4M - executing
[2025-06-04 12:44:23] Objet challenge créé pour le thread de profil bruno: asphalt-streets
[2025-06-04 12:44:23] Processus mis à jour pour bruno: artworks-on-walls-vote-20-left-0H:2M - executing
[2025-06-04 12:44:23] Traitement de vote pour Challenge asphalt-streets
[2025-06-04 12:44:23] Objet challenge créé pour le thread de profil bruno: artworks-on-walls
[2025-06-04 12:44:23] Traitement de vote pour Challenge artworks-on-walls
[2025-06-04 12:44:23] Challenge non trouvé: artworks-on-walls
[2025-06-04 12:44:23] Challenge non trouvé: joined-together1
[2025-06-04 12:44:23] Processus mis à jour pour bruno: artworks-on-walls-vote-20-left-0H:1M - executing
[2025-06-04 12:44:23] Objet challenge créé pour le thread de profil bruno: artworks-on-walls
[2025-06-04 12:44:23] Traitement de vote pour Challenge artworks-on-walls
[2025-06-04 12:44:23] Processus mis à jour pour bruno: joined-together1-vote-70-left-0H:4M - executing
[2025-06-04 12:44:23] Objet challenge créé pour le thread de profil bruno: joined-together1
[2025-06-04 12:44:23] Traitement de vote pour Challenge joined-together1
[2025-06-04 12:44:23] Challenge non trouvé: feeling-down3
[2025-06-04 12:44:23] Processus mis à jour pour bruno: feeling-down3-vote-20-left-0H:2M - executing
[2025-06-04 12:44:23] Objet challenge créé pour le thread de profil bruno: feeling-down3
[2025-06-04 12:44:23] Traitement de vote pour Challenge feeling-down3
[2025-06-04 12:44:23] Challenge non trouvé: buildings-next-to-water
[2025-06-04 12:44:23] Processus mis à jour pour bruno: buildings-next-to-water-vote-20-left-0H:3M - executing
[2025-06-04 12:44:23] Objet challenge créé pour le thread de profil bruno: buildings-next-to-water
[2025-06-04 12:44:23] Traitement de vote pour Challenge buildings-next-to-water
[2025-06-04 12:44:23] Challenge non trouvé: photo-of-the-week-299
[2025-06-04 12:44:23] Processus mis à jour pour bruno: photo-of-the-week-299-vote-20-left-0H:1M - executing
[2025-06-04 12:44:23] Objet challenge créé pour le thread de profil bruno: photo-of-the-week-299
[2025-06-04 12:44:23] Traitement de vote pour Challenge photo-of-the-week-299
[2025-06-04 12:44:23] Challenge non trouvé: buildings-next-to-water
[2025-06-04 12:44:23] Processus mis à jour pour bruno: buildings-next-to-water-vote-70-left-0H:4M - executing
[2025-06-04 12:44:23] Objet challenge créé pour le thread de profil bruno: buildings-next-to-water
[2025-06-04 12:44:23] Traitement de vote pour Challenge buildings-next-to-water
[2025-06-04 12:44:23] Challenge non trouvé: buildings-next-to-water
[2025-06-04 12:44:23] Processus mis à jour pour bruno: buildings-next-to-water-vote-20-left-0H:1M - executing
[2025-06-04 12:44:23] Objet challenge créé pour le thread de profil bruno: buildings-next-to-water
[2025-06-04 12:44:23] Traitement de vote pour Challenge buildings-next-to-water
[2025-06-04 12:44:23] Challenge non trouvé: joined-together1
[2025-06-04 12:44:23] Processus mis à jour pour bruno: joined-together1-vote-20-left-0H:3M - executing
[2025-06-04 12:44:23] Objet challenge créé pour le thread de profil bruno: joined-together1
[2025-06-04 12:44:23] Traitement de vote pour Challenge joined-together1
[2025-06-04 12:44:23] Challenge non trouvé: photo-of-the-week-299
[2025-06-04 12:44:23] Processus mis à jour pour bruno: photo-of-the-week-299-vote-70-left-0H:4M - executing
[2025-06-04 12:44:23] Challenge non trouvé: asphalt-streets
[2025-06-04 12:44:23] Objet challenge créé pour le thread de profil bruno: photo-of-the-week-299
[2025-06-04 12:44:23] Traitement de vote pour Challenge photo-of-the-week-299
[2025-06-04 12:44:23] Processus mis à jour pour bruno: asphalt-streets-vote-20-left-0H:3M - executing
[2025-06-04 12:44:23] Objet challenge créé pour le thread de profil bruno: asphalt-streets
[2025-06-04 12:44:23] Traitement de vote pour Challenge asphalt-streets
[2025-06-04 12:44:23] Challenge non trouvé: artistic-still-life5
[2025-06-04 12:44:23] Processus mis à jour pour bruno: artistic-still-life5-vote-70-left-0H:4M - executing
[2025-06-04 12:44:23] Objet challenge créé pour le thread de profil bruno: artistic-still-life5
[2025-06-04 12:44:23] Traitement de vote pour Challenge artistic-still-life5
[2025-06-04 12:44:23] Challenge non trouvé: asphalt-streets
[2025-06-04 12:44:23] Processus mis à jour pour bruno: asphalt-streets-vote-20-left-0H:1M - executing
[2025-06-04 12:44:23] Objet challenge créé pour le thread de profil bruno: asphalt-streets
[2025-06-04 12:44:23] Traitement de vote pour Challenge asphalt-streets
[2025-06-04 12:44:24] Challenge non trouvé: buildings-next-to-water
[2025-06-04 12:44:24] Processus mis à jour pour bruno: buildings-next-to-water-vote-20-left-0H:2M - executing
[2025-06-04 12:44:24] Objet challenge créé pour le thread de profil bruno: buildings-next-to-water
[2025-06-04 12:44:24] Traitement de vote pour Challenge buildings-next-to-water
[2025-06-04 12:44:24] Challenge non trouvé: photo-of-the-week-299
[2025-06-04 12:44:24] Processus mis à jour pour bruno: photo-of-the-week-299-vote-20-left-0H:3M - executing
[2025-06-04 12:44:24] Objet challenge créé pour le thread de profil bruno: photo-of-the-week-299
[2025-06-04 12:44:24] Traitement de vote pour Challenge photo-of-the-week-299
[2025-06-04 12:44:24] Challenge non trouvé: feeling-down3
[2025-06-04 12:44:24] Processus mis à jour pour bruno: feeling-down3-vote-70-left-0H:4M - executing
[2025-06-04 12:44:24] Objet challenge créé pour le thread de profil bruno: feeling-down3
[2025-06-04 12:44:24] Traitement de vote pour Challenge feeling-down3
[2025-06-04 12:44:24] Challenge non trouvé: joined-together1
[2025-06-04 12:44:24] Processus mis à jour pour bruno: joined-together1-vote-20-left-0H:1M - executing
[2025-06-04 12:44:24] Objet challenge créé pour le thread de profil bruno: joined-together1
[2025-06-04 12:44:24] Traitement de vote pour Challenge joined-together1
[2025-06-04 12:44:24] Challenge non trouvé: photo-of-the-week-299
[2025-06-04 12:44:24] Processus mis à jour pour bruno: photo-of-the-week-299-vote-20-left-0H:2M - executing
[2025-06-04 12:44:24] Objet challenge créé pour le thread de profil bruno: photo-of-the-week-299
[2025-06-04 12:44:24] Traitement de vote pour Challenge photo-of-the-week-299
[2025-06-04 12:44:24] Challenge non trouvé: artistic-still-life5
[2025-06-04 12:44:24] Processus mis à jour pour bruno: artistic-still-life5-vote-20-left-0H:1M - executing
[2025-06-04 12:44:24] Objet challenge créé pour le thread de profil bruno: artistic-still-life5
[2025-06-04 12:44:24] Traitement de vote pour Challenge artistic-still-life5
[2025-06-04 12:44:24] Challenge non trouvé: artworks-on-walls
[2025-06-04 12:44:24] Processus mis à jour pour bruno: artworks-on-walls-vote-70-left-0H:4M - executing
[2025-06-04 12:44:24] Objet challenge créé pour le thread de profil bruno: artworks-on-walls
[2025-06-04 12:44:24] Traitement de vote pour Challenge artworks-on-walls
[2025-06-04 12:44:29] Challenge asphalt-streets get vote panel
[2025-06-04 12:44:29] Processus associé: asphalt-streets-vote-20-left-0H:2M
[2025-06-04 12:44:35] Challenge artistic-still-life5 get vote panel
[2025-06-04 12:44:35] Processus associé: artistic-still-life5-vote-20-left-0H:3M
[2025-06-04 12:44:41] Challenge artworks-on-walls get vote panel
[2025-06-04 12:44:41] Processus associé: artworks-on-walls-vote-20-left-0H:3M
[2025-06-04 12:44:47] Challenge feeling-down3 get vote panel
[2025-06-04 12:44:47] Processus associé: feeling-down3-vote-20-left-0H:1M
[2025-06-04 12:44:53] Challenge joined-together1 get vote panel
[2025-06-04 12:44:53] Processus associé: joined-together1-vote-20-left-0H:2M
[2025-06-04 12:44:59] Challenge artistic-still-life5 get vote panel
[2025-06-04 12:44:59] Processus associé: artistic-still-life5-vote-20-left-0H:2M
[2025-06-04 12:45:05] Challenge asphalt-streets get vote panel
[2025-06-04 12:45:05] Processus associé: asphalt-streets-vote-70-left-0H:4M
[2025-06-04 12:45:26] Challenge artworks-on-walls get vote panel
[2025-06-04 12:45:26] Processus associé: artworks-on-walls-vote-20-left-0H:2M
[2025-06-04 12:45:32] Challenge artworks-on-walls get vote panel
[2025-06-04 12:45:32] Processus associé: artworks-on-walls-vote-20-left-0H:1M
[2025-06-04 12:45:38] Challenge joined-together1 get vote panel
[2025-06-04 12:45:38] Processus associé: joined-together1-vote-70-left-0H:4M
[2025-06-04 12:45:59] Challenge feeling-down3 get vote panel
[2025-06-04 12:45:59] Processus associé: feeling-down3-vote-20-left-0H:2M
[2025-06-04 12:46:05] Challenge buildings-next-to-water get vote panel
[2025-06-04 12:46:05] Processus associé: buildings-next-to-water-vote-20-left-0H:3M
[2025-06-04 12:46:11] Challenge photo-of-the-week-299 get vote panel
[2025-06-04 12:46:11] Processus associé: photo-of-the-week-299-vote-20-left-0H:1M
[2025-06-04 12:46:17] Challenge buildings-next-to-water get vote panel
[2025-06-04 12:46:17] Processus associé: buildings-next-to-water-vote-70-left-0H:4M
[2025-06-04 12:46:38] Challenge buildings-next-to-water get vote panel
[2025-06-04 12:46:38] Processus associé: buildings-next-to-water-vote-20-left-0H:1M
[2025-06-04 12:46:44] Challenge joined-together1 get vote panel
[2025-06-04 12:46:44] Processus associé: joined-together1-vote-20-left-0H:3M
[2025-06-04 12:46:50] Challenge photo-of-the-week-299 get vote panel
[2025-06-04 12:46:50] Processus associé: photo-of-the-week-299-vote-70-left-0H:4M
[2025-06-04 12:47:11] Challenge asphalt-streets get vote panel
[2025-06-04 12:47:11] Processus associé: asphalt-streets-vote-20-left-0H:3M
[2025-06-04 12:47:17] Challenge artistic-still-life5 get vote panel
[2025-06-04 12:47:17] Processus associé: artistic-still-life5-vote-70-left-0H:4M
[2025-06-04 12:47:38] Challenge asphalt-streets get vote panel
[2025-06-04 12:47:38] Processus associé: asphalt-streets-vote-20-left-0H:1M
[2025-06-04 12:47:44] Challenge buildings-next-to-water get vote panel
[2025-06-04 12:47:44] Processus associé: buildings-next-to-water-vote-20-left-0H:2M
[2025-06-04 12:47:50] Challenge photo-of-the-week-299 get vote panel
[2025-06-04 12:47:50] Processus associé: photo-of-the-week-299-vote-20-left-0H:3M
[2025-06-04 12:47:56] Challenge feeling-down3 get vote panel
[2025-06-04 12:47:56] Processus associé: feeling-down3-vote-70-left-0H:4M
[2025-06-04 12:48:17] Challenge joined-together1 get vote panel
[2025-06-04 12:48:17] Processus associé: joined-together1-vote-20-left-0H:1M
[2025-06-04 12:48:23] Challenge photo-of-the-week-299 get vote panel
[2025-06-04 12:48:23] Processus associé: photo-of-the-week-299-vote-20-left-0H:2M
[2025-06-04 12:48:29] Challenge artistic-still-life5 get vote panel
[2025-06-04 12:48:29] Processus associé: artistic-still-life5-vote-20-left-0H:1M
[2025-06-04 12:48:35] Challenge artworks-on-walls get vote panel
[2025-06-04 12:48:35] Processus associé: artworks-on-walls-vote-70-left-0H:4M
[2025-06-04 12:48:56] Récupération des données de vote pour Challenge feeling-down3 (URL: feeling-down3, HEADER:{'User-Agent': 'Mozilla/5.0 (X11; Linux i686; rv:39.0) Gecko/20100101 Firefox/39.0', 'x-api-version': '8', 'x-env': 'WEB', 'X-requested-with': 'XMLHttpRequest', 'X-token': 'a1cad95a6d480c14f51dd0eba4914c8337b893c789ec6278bb440c7c9a673b162f042470c62684e6da2bd342ffea7777'})
[2025-06-04 12:48:56] Récupération des données de vote pour Challenge feeling-down3 (URL: feeling-down3, HEADER:{'User-Agent': 'Mozilla/5.0 (X11; Linux i686; rv:39.0) Gecko/20100101 Firefox/39.0', 'x-api-version': '8', 'x-env': 'WEB', 'X-requested-with': 'XMLHttpRequest', 'X-token': 'a1cad95a6d480c14f51dd0eba4914c8337b893c789ec6278bb440c7c9a673b162f042470c62684e6da2bd342ffea7777'})
[2025-06-04 12:48:56] Récupération des données de vote pour Challenge asphalt-streets (URL: asphalt-streets, HEADER:{'User-Agent': 'Mozilla/5.0 (X11; Linux i686; rv:39.0) Gecko/20100101 Firefox/39.0', 'x-api-version': '8', 'x-env': 'WEB', 'X-requested-with': 'XMLHttpRequest', 'X-token': 'a1cad95a6d480c14f51dd0eba4914c8337b893c789ec6278bb440c7c9a673b162f042470c62684e6da2bd342ffea7777'})
[2025-06-04 12:48:56] Récupération des données de vote pour Challenge asphalt-streets (URL: asphalt-streets, HEADER:{'User-Agent': 'Mozilla/5.0 (X11; Linux i686; rv:39.0) Gecko/20100101 Firefox/39.0', 'x-api-version': '8', 'x-env': 'WEB', 'X-requested-with': 'XMLHttpRequest', 'X-token': 'a1cad95a6d480c14f51dd0eba4914c8337b893c789ec6278bb440c7c9a673b162f042470c62684e6da2bd342ffea7777'})
[2025-06-04 12:48:56] Récupération des données de vote pour Challenge artistic-still-life5 (URL: artistic-still-life5, HEADER:{'User-Agent': 'Mozilla/5.0 (X11; Linux i686; rv:39.0) Gecko/20100101 Firefox/39.0', 'x-api-version': '8', 'x-env': 'WEB', 'X-requested-with': 'XMLHttpRequest', 'X-token': 'a1cad95a6d480c14f51dd0eba4914c8337b893c789ec6278bb440c7c9a673b162f042470c62684e6da2bd342ffea7777'})
[2025-06-04 12:48:56] Récupération des données de vote pour Challenge artistic-still-life5 (URL: artistic-still-life5, HEADER:{'User-Agent': 'Mozilla/5.0 (X11; Linux i686; rv:39.0) Gecko/20100101 Firefox/39.0', 'x-api-version': '8', 'x-env': 'WEB', 'X-requested-with': 'XMLHttpRequest', 'X-token': 'a1cad95a6d480c14f51dd0eba4914c8337b893c789ec6278bb440c7c9a673b162f042470c62684e6da2bd342ffea7777'})
[2025-06-04 12:48:56] Processus suspect (format de date invalide): artworks-on-walls-vote-70-left-0H:4M (profil: bruno)
[2025-06-04 12:48:56] Processus supprimé pour bruno: artworks-on-walls-vote-70-left-0H:4M - zombie
[2025-06-04 12:48:56] Processus mis à jour pour bruno: artworks-on-walls-vote-70-left-0H:4M - zombie
[2025-06-04 12:48:56] Processus suspect (format de date invalide): artworks-on-walls-vote-20-left-0H:3M (profil: bruno)
[2025-06-04 12:48:56] Processus supprimé pour bruno: artworks-on-walls-vote-20-left-0H:3M - zombie
[2025-06-04 12:48:56] Processus mis à jour pour bruno: artworks-on-walls-vote-20-left-0H:3M - zombie
[2025-06-04 12:48:56] Processus suspect (format de date invalide): artworks-on-walls-vote-20-left-0H:2M (profil: bruno)
[2025-06-04 12:48:56] Processus supprimé pour bruno: artworks-on-walls-vote-20-left-0H:2M - zombie
[2025-06-04 12:48:56] Processus mis à jour pour bruno: artworks-on-walls-vote-20-left-0H:2M - zombie
[2025-06-04 12:48:56] Processus suspect (format de date invalide): artworks-on-walls-vote-20-left-0H:1M (profil: bruno)
[2025-06-04 12:48:56] Processus supprimé pour bruno: artworks-on-walls-vote-20-left-0H:1M - zombie
[2025-06-04 12:48:56] Processus mis à jour pour bruno: artworks-on-walls-vote-20-left-0H:1M - zombie
[2025-06-04 12:48:56] Processus suspect (format de date invalide): joined-together1-vote-70-left-0H:4M (profil: bruno)
[2025-06-04 12:48:56] Processus supprimé pour bruno: joined-together1-vote-70-left-0H:4M - zombie
[2025-06-04 12:48:56] Processus mis à jour pour bruno: joined-together1-vote-70-left-0H:4M - zombie
[2025-06-04 12:48:56] Processus suspect (format de date invalide): joined-together1-vote-20-left-0H:3M (profil: bruno)
[2025-06-04 12:48:56] Processus supprimé pour bruno: joined-together1-vote-20-left-0H:3M - zombie
[2025-06-04 12:48:56] Processus mis à jour pour bruno: joined-together1-vote-20-left-0H:3M - zombie
[2025-06-04 12:48:56] Processus suspect (format de date invalide): joined-together1-vote-20-left-0H:2M (profil: bruno)
[2025-06-04 12:48:56] Processus supprimé pour bruno: joined-together1-vote-20-left-0H:2M - zombie
[2025-06-04 12:48:56] Processus mis à jour pour bruno: joined-together1-vote-20-left-0H:2M - zombie
[2025-06-04 12:48:56] Processus suspect (format de date invalide): joined-together1-vote-20-left-0H:1M (profil: bruno)
[2025-06-04 12:48:56] Processus supprimé pour bruno: joined-together1-vote-20-left-0H:1M - zombie
[2025-06-04 12:48:56] Processus mis à jour pour bruno: joined-together1-vote-20-left-0H:1M - zombie
[2025-06-04 12:48:56] Processus suspect (format de date invalide): artistic-still-life5-vote-70-left-0H:4M (profil: bruno)
[2025-06-04 12:48:56] Processus supprimé pour bruno: artistic-still-life5-vote-70-left-0H:4M - zombie
[2025-06-04 12:48:56] Processus mis à jour pour bruno: artistic-still-life5-vote-70-left-0H:4M - zombie
[2025-06-04 12:48:56] Processus suspect (format de date invalide): artistic-still-life5-vote-20-left-0H:3M (profil: bruno)
[2025-06-04 12:48:56] Processus supprimé pour bruno: artistic-still-life5-vote-20-left-0H:3M - zombie
[2025-06-04 12:48:56] Processus mis à jour pour bruno: artistic-still-life5-vote-20-left-0H:3M - zombie
[2025-06-04 12:48:56] Processus suspect (format de date invalide): artistic-still-life5-vote-20-left-0H:2M (profil: bruno)
[2025-06-04 12:48:56] Processus supprimé pour bruno: artistic-still-life5-vote-20-left-0H:2M - zombie
[2025-06-04 12:48:56] Processus mis à jour pour bruno: artistic-still-life5-vote-20-left-0H:2M - zombie
[2025-06-04 12:48:56] Processus suspect (format de date invalide): artistic-still-life5-vote-20-left-0H:1M (profil: bruno)
[2025-06-04 12:48:56] Processus supprimé pour bruno: artistic-still-life5-vote-20-left-0H:1M - zombie
[2025-06-04 12:48:56] Processus mis à jour pour bruno: artistic-still-life5-vote-20-left-0H:1M - zombie
[2025-06-04 12:48:56] Processus suspect (format de date invalide): feeling-down3-vote-70-left-0H:4M (profil: bruno)
[2025-06-04 12:48:56] Processus supprimé pour bruno: feeling-down3-vote-70-left-0H:4M - zombie
[2025-06-04 12:48:56] Processus mis à jour pour bruno: feeling-down3-vote-70-left-0H:4M - zombie
[2025-06-04 12:48:56] Processus suspect (format de date invalide): feeling-down3-vote-20-left-0H:3M (profil: bruno)
[2025-06-04 12:48:56] Processus supprimé pour bruno: feeling-down3-vote-20-left-0H:3M - zombie
[2025-06-04 12:48:56] Processus mis à jour pour bruno: feeling-down3-vote-20-left-0H:3M - zombie
[2025-06-04 12:48:56] Processus suspect (format de date invalide): feeling-down3-vote-20-left-0H:2M (profil: bruno)
[2025-06-04 12:48:56] Processus supprimé pour bruno: feeling-down3-vote-20-left-0H:2M - zombie
[2025-06-04 12:48:56] Processus mis à jour pour bruno: feeling-down3-vote-20-left-0H:2M - zombie
[2025-06-04 12:48:56] Processus suspect (format de date invalide): feeling-down3-vote-20-left-0H:1M (profil: bruno)
[2025-06-04 12:48:56] Processus supprimé pour bruno: feeling-down3-vote-20-left-0H:1M - zombie
[2025-06-04 12:48:56] Processus mis à jour pour bruno: feeling-down3-vote-20-left-0H:1M - zombie
[2025-06-04 12:48:56] Processus suspect (format de date invalide): asphalt-streets-vote-70-left-0H:4M (profil: bruno)
[2025-06-04 12:48:56] Processus supprimé pour bruno: asphalt-streets-vote-70-left-0H:4M - zombie
[2025-06-04 12:48:56] Processus mis à jour pour bruno: asphalt-streets-vote-70-left-0H:4M - zombie
[2025-06-04 12:48:56] Processus suspect (format de date invalide): asphalt-streets-vote-20-left-0H:3M (profil: bruno)
[2025-06-04 12:48:56] Processus supprimé pour bruno: asphalt-streets-vote-20-left-0H:3M - zombie
[2025-06-04 12:48:56] Processus mis à jour pour bruno: asphalt-streets-vote-20-left-0H:3M - zombie
[2025-06-04 12:48:56] Processus suspect (format de date invalide): asphalt-streets-vote-20-left-0H:2M (profil: bruno)
[2025-06-04 12:48:56] Processus supprimé pour bruno: asphalt-streets-vote-20-left-0H:2M - zombie
[2025-06-04 12:48:56] Processus mis à jour pour bruno: asphalt-streets-vote-20-left-0H:2M - zombie
[2025-06-04 12:48:56] Processus suspect (format de date invalide): asphalt-streets-vote-20-left-0H:1M (profil: bruno)
[2025-06-04 12:48:56] Processus supprimé pour bruno: asphalt-streets-vote-20-left-0H:1M - zombie
[2025-06-04 12:48:56] Processus mis à jour pour bruno: asphalt-streets-vote-20-left-0H:1M - zombie
[2025-06-04 12:48:56] Processus suspect (format de date invalide): buildings-next-to-water-vote-70-left-0H:4M (profil: bruno)
[2025-06-04 12:48:56] Processus supprimé pour bruno: buildings-next-to-water-vote-70-left-0H:4M - zombie
[2025-06-04 12:48:56] Processus mis à jour pour bruno: buildings-next-to-water-vote-70-left-0H:4M - zombie
[2025-06-04 12:48:56] Processus suspect (format de date invalide): buildings-next-to-water-vote-20-left-0H:3M (profil: bruno)
[2025-06-04 12:48:56] Processus supprimé pour bruno: buildings-next-to-water-vote-20-left-0H:3M - zombie
[2025-06-04 12:48:56] Processus mis à jour pour bruno: buildings-next-to-water-vote-20-left-0H:3M - zombie
[2025-06-04 12:48:56] Processus suspect (format de date invalide): buildings-next-to-water-vote-20-left-0H:2M (profil: bruno)
[2025-06-04 12:48:56] Processus supprimé pour bruno: buildings-next-to-water-vote-20-left-0H:2M - zombie
[2025-06-04 12:48:56] Processus mis à jour pour bruno: buildings-next-to-water-vote-20-left-0H:2M - zombie
[2025-06-04 12:48:56] Processus suspect (format de date invalide): buildings-next-to-water-vote-20-left-0H:1M (profil: bruno)
[2025-06-04 12:48:56] Processus supprimé pour bruno: buildings-next-to-water-vote-20-left-0H:1M - zombie
[2025-06-04 12:48:56] Processus mis à jour pour bruno: buildings-next-to-water-vote-20-left-0H:1M - zombie
[2025-06-04 12:48:56] Processus suspect (format de date invalide): photo-of-the-week-299-vote-70-left-0H:4M (profil: bruno)
[2025-06-04 12:48:56] Processus supprimé pour bruno: photo-of-the-week-299-vote-70-left-0H:4M - zombie
[2025-06-04 12:48:56] Processus mis à jour pour bruno: photo-of-the-week-299-vote-70-left-0H:4M - zombie
[2025-06-04 12:48:56] Processus suspect (format de date invalide): photo-of-the-week-299-vote-20-left-0H:3M (profil: bruno)
[2025-06-04 12:48:56] Processus supprimé pour bruno: photo-of-the-week-299-vote-20-left-0H:3M - zombie
[2025-06-04 12:48:56] Processus mis à jour pour bruno: photo-of-the-week-299-vote-20-left-0H:3M - zombie
[2025-06-04 12:48:56] Processus suspect (format de date invalide): photo-of-the-week-299-vote-20-left-0H:2M (profil: bruno)
[2025-06-04 12:48:56] Processus supprimé pour bruno: photo-of-the-week-299-vote-20-left-0H:2M - zombie
[2025-06-04 12:48:56] Processus mis à jour pour bruno: photo-of-the-week-299-vote-20-left-0H:2M - zombie
[2025-06-04 12:48:56] Processus suspect (format de date invalide): photo-of-the-week-299-vote-20-left-0H:1M (profil: bruno)
[2025-06-04 12:48:56] Processus supprimé pour bruno: photo-of-the-week-299-vote-20-left-0H:1M - zombie
[2025-06-04 12:48:56] Processus mis à jour pour bruno: photo-of-the-week-299-vote-20-left-0H:1M - zombie
[2025-06-04 12:48:56] Récupération des données de vote pour Challenge artworks-on-walls (URL: artworks-on-walls, HEADER:{'User-Agent': 'Mozilla/5.0 (X11; Linux i686; rv:39.0) Gecko/20100101 Firefox/39.0', 'x-api-version': '8', 'x-env': 'WEB', 'X-requested-with': 'XMLHttpRequest', 'X-token': 'a1cad95a6d480c14f51dd0eba4914c8337b893c789ec6278bb440c7c9a673b162f042470c62684e6da2bd342ffea7777'})
[2025-06-04 12:48:56] Récupération des données de vote pour Challenge artworks-on-walls (URL: artworks-on-walls, HEADER:{'User-Agent': 'Mozilla/5.0 (X11; Linux i686; rv:39.0) Gecko/20100101 Firefox/39.0', 'x-api-version': '8', 'x-env': 'WEB', 'X-requested-with': 'XMLHttpRequest', 'X-token': 'a1cad95a6d480c14f51dd0eba4914c8337b893c789ec6278bb440c7c9a673b162f042470c62684e6da2bd342ffea7777'})
[2025-06-04 12:48:56] Récupération des données de vote pour Challenge feeling-down3 (URL: feeling-down3, HEADER:{'User-Agent': 'Mozilla/5.0 (X11; Linux i686; rv:39.0) Gecko/20100101 Firefox/39.0', 'x-api-version': '8', 'x-env': 'WEB', 'X-requested-with': 'XMLHttpRequest', 'X-token': 'a1cad95a6d480c14f51dd0eba4914c8337b893c789ec6278bb440c7c9a673b162f042470c62684e6da2bd342ffea7777'})
[2025-06-04 12:48:56] Récupération des données de vote pour Challenge feeling-down3 (URL: feeling-down3, HEADER:{'User-Agent': 'Mozilla/5.0 (X11; Linux i686; rv:39.0) Gecko/20100101 Firefox/39.0', 'x-api-version': '8', 'x-env': 'WEB', 'X-requested-with': 'XMLHttpRequest', 'X-token': 'a1cad95a6d480c14f51dd0eba4914c8337b893c789ec6278bb440c7c9a673b162f042470c62684e6da2bd342ffea7777'})
[2025-06-04 12:48:56] Récupération des données de vote pour Challenge joined-together1 (URL: joined-together1, HEADER:{'User-Agent': 'Mozilla/5.0 (X11; Linux i686; rv:39.0) Gecko/20100101 Firefox/39.0', 'x-api-version': '8', 'x-env': 'WEB', 'X-requested-with': 'XMLHttpRequest', 'X-token': 'a1cad95a6d480c14f51dd0eba4914c8337b893c789ec6278bb440c7c9a673b162f042470c62684e6da2bd342ffea7777'})
[2025-06-04 12:48:56] Récupération des données de vote pour Challenge joined-together1 (URL: joined-together1, HEADER:{'User-Agent': 'Mozilla/5.0 (X11; Linux i686; rv:39.0) Gecko/20100101 Firefox/39.0', 'x-api-version': '8', 'x-env': 'WEB', 'X-requested-with': 'XMLHttpRequest', 'X-token': 'a1cad95a6d480c14f51dd0eba4914c8337b893c789ec6278bb440c7c9a673b162f042470c62684e6da2bd342ffea7777'})
[2025-06-04 12:48:56] Récupération des données de vote pour Challenge artistic-still-life5 (URL: artistic-still-life5, HEADER:{'User-Agent': 'Mozilla/5.0 (X11; Linux i686; rv:39.0) Gecko/20100101 Firefox/39.0', 'x-api-version': '8', 'x-env': 'WEB', 'X-requested-with': 'XMLHttpRequest', 'X-token': 'a1cad95a6d480c14f51dd0eba4914c8337b893c789ec6278bb440c7c9a673b162f042470c62684e6da2bd342ffea7777'})
[2025-06-04 12:48:56] Récupération des données de vote pour Challenge artistic-still-life5 (URL: artistic-still-life5, HEADER:{'User-Agent': 'Mozilla/5.0 (X11; Linux i686; rv:39.0) Gecko/20100101 Firefox/39.0', 'x-api-version': '8', 'x-env': 'WEB', 'X-requested-with': 'XMLHttpRequest', 'X-token': 'a1cad95a6d480c14f51dd0eba4914c8337b893c789ec6278bb440c7c9a673b162f042470c62684e6da2bd342ffea7777'})
[2025-06-04 12:48:56] Récupération des données de vote pour Challenge asphalt-streets (URL: asphalt-streets, HEADER:{'User-Agent': 'Mozilla/5.0 (X11; Linux i686; rv:39.0) Gecko/20100101 Firefox/39.0', 'x-api-version': '8', 'x-env': 'WEB', 'X-requested-with': 'XMLHttpRequest', 'X-token': 'a1cad95a6d480c14f51dd0eba4914c8337b893c789ec6278bb440c7c9a673b162f042470c62684e6da2bd342ffea7777'})
[2025-06-04 12:48:56] Récupération des données de vote pour Challenge asphalt-streets (URL: asphalt-streets, HEADER:{'User-Agent': 'Mozilla/5.0 (X11; Linux i686; rv:39.0) Gecko/20100101 Firefox/39.0', 'x-api-version': '8', 'x-env': 'WEB', 'X-requested-with': 'XMLHttpRequest', 'X-token': 'a1cad95a6d480c14f51dd0eba4914c8337b893c789ec6278bb440c7c9a673b162f042470c62684e6da2bd342ffea7777'})
[2025-06-04 12:48:56] Récupération des données de vote pour Challenge asphalt-streets (URL: asphalt-streets, HEADER:{'User-Agent': 'Mozilla/5.0 (X11; Linux i686; rv:39.0) Gecko/20100101 Firefox/39.0', 'x-api-version': '8', 'x-env': 'WEB', 'X-requested-with': 'XMLHttpRequest', 'X-token': 'a1cad95a6d480c14f51dd0eba4914c8337b893c789ec6278bb440c7c9a673b162f042470c62684e6da2bd342ffea7777'})
[2025-06-04 12:48:56] Récupération des données de vote pour Challenge asphalt-streets (URL: asphalt-streets, HEADER:{'User-Agent': 'Mozilla/5.0 (X11; Linux i686; rv:39.0) Gecko/20100101 Firefox/39.0', 'x-api-version': '8', 'x-env': 'WEB', 'X-requested-with': 'XMLHttpRequest', 'X-token': 'a1cad95a6d480c14f51dd0eba4914c8337b893c789ec6278bb440c7c9a673b162f042470c62684e6da2bd342ffea7777'})
[2025-06-04 12:48:56] Récupération des données de vote pour Challenge asphalt-streets (URL: asphalt-streets, HEADER:{'User-Agent': 'Mozilla/5.0 (X11; Linux i686; rv:39.0) Gecko/20100101 Firefox/39.0', 'x-api-version': '8', 'x-env': 'WEB', 'X-requested-with': 'XMLHttpRequest', 'X-token': 'a1cad95a6d480c14f51dd0eba4914c8337b893c789ec6278bb440c7c9a673b162f042470c62684e6da2bd342ffea7777'})
[2025-06-04 12:48:56] Récupération des données de vote pour Challenge asphalt-streets (URL: asphalt-streets, HEADER:{'User-Agent': 'Mozilla/5.0 (X11; Linux i686; rv:39.0) Gecko/20100101 Firefox/39.0', 'x-api-version': '8', 'x-env': 'WEB', 'X-requested-with': 'XMLHttpRequest', 'X-token': 'a1cad95a6d480c14f51dd0eba4914c8337b893c789ec6278bb440c7c9a673b162f042470c62684e6da2bd342ffea7777'})
[2025-06-04 12:48:56] Récupération des données de vote pour Challenge asphalt-streets (URL: asphalt-streets, HEADER:{'User-Agent': 'Mozilla/5.0 (X11; Linux i686; rv:39.0) Gecko/20100101 Firefox/39.0', 'x-api-version': '8', 'x-env': 'WEB', 'X-requested-with': 'XMLHttpRequest', 'X-token': 'a1cad95a6d480c14f51dd0eba4914c8337b893c789ec6278bb440c7c9a673b162f042470c62684e6da2bd342ffea7777'})
[2025-06-04 12:48:56] Récupération des données de vote pour Challenge artworks-on-walls (URL: artworks-on-walls, HEADER:{'User-Agent': 'Mozilla/5.0 (X11; Linux i686; rv:39.0) Gecko/20100101 Firefox/39.0', 'x-api-version': '8', 'x-env': 'WEB', 'X-requested-with': 'XMLHttpRequest', 'X-token': 'a1cad95a6d480c14f51dd0eba4914c8337b893c789ec6278bb440c7c9a673b162f042470c62684e6da2bd342ffea7777'})
[2025-06-04 12:48:56] Récupération des données de vote pour Challenge artworks-on-walls (URL: artworks-on-walls, HEADER:{'User-Agent': 'Mozilla/5.0 (X11; Linux i686; rv:39.0) Gecko/20100101 Firefox/39.0', 'x-api-version': '8', 'x-env': 'WEB', 'X-requested-with': 'XMLHttpRequest', 'X-token': 'a1cad95a6d480c14f51dd0eba4914c8337b893c789ec6278bb440c7c9a673b162f042470c62684e6da2bd342ffea7777'})
[2025-06-04 12:48:56] Récupération des données de vote pour Challenge artworks-on-walls (URL: artworks-on-walls, HEADER:{'User-Agent': 'Mozilla/5.0 (X11; Linux i686; rv:39.0) Gecko/20100101 Firefox/39.0', 'x-api-version': '8', 'x-env': 'WEB', 'X-requested-with': 'XMLHttpRequest', 'X-token': 'a1cad95a6d480c14f51dd0eba4914c8337b893c789ec6278bb440c7c9a673b162f042470c62684e6da2bd342ffea7777'})
[2025-06-04 12:48:56] Récupération des données de vote pour Challenge artworks-on-walls (URL: artworks-on-walls, HEADER:{'User-Agent': 'Mozilla/5.0 (X11; Linux i686; rv:39.0) Gecko/20100101 Firefox/39.0', 'x-api-version': '8', 'x-env': 'WEB', 'X-requested-with': 'XMLHttpRequest', 'X-token': 'a1cad95a6d480c14f51dd0eba4914c8337b893c789ec6278bb440c7c9a673b162f042470c62684e6da2bd342ffea7777'})
[2025-06-04 12:48:56] Récupération des données de vote pour Challenge joined-together1 (URL: joined-together1, HEADER:{'User-Agent': 'Mozilla/5.0 (X11; Linux i686; rv:39.0) Gecko/20100101 Firefox/39.0', 'x-api-version': '8', 'x-env': 'WEB', 'X-requested-with': 'XMLHttpRequest', 'X-token': 'a1cad95a6d480c14f51dd0eba4914c8337b893c789ec6278bb440c7c9a673b162f042470c62684e6da2bd342ffea7777'})
[2025-06-04 12:48:56] Récupération des données de vote pour Challenge joined-together1 (URL: joined-together1, HEADER:{'User-Agent': 'Mozilla/5.0 (X11; Linux i686; rv:39.0) Gecko/20100101 Firefox/39.0', 'x-api-version': '8', 'x-env': 'WEB', 'X-requested-with': 'XMLHttpRequest', 'X-token': 'a1cad95a6d480c14f51dd0eba4914c8337b893c789ec6278bb440c7c9a673b162f042470c62684e6da2bd342ffea7777'})
[2025-06-04 12:48:56] Récupération des données de vote pour Challenge joined-together1 (URL: joined-together1, HEADER:{'User-Agent': 'Mozilla/5.0 (X11; Linux i686; rv:39.0) Gecko/20100101 Firefox/39.0', 'x-api-version': '8', 'x-env': 'WEB', 'X-requested-with': 'XMLHttpRequest', 'X-token': 'a1cad95a6d480c14f51dd0eba4914c8337b893c789ec6278bb440c7c9a673b162f042470c62684e6da2bd342ffea7777'})
[2025-06-04 12:48:56] Récupération des données de vote pour Challenge joined-together1 (URL: joined-together1, HEADER:{'User-Agent': 'Mozilla/5.0 (X11; Linux i686; rv:39.0) Gecko/20100101 Firefox/39.0', 'x-api-version': '8', 'x-env': 'WEB', 'X-requested-with': 'XMLHttpRequest', 'X-token': 'a1cad95a6d480c14f51dd0eba4914c8337b893c789ec6278bb440c7c9a673b162f042470c62684e6da2bd342ffea7777'})
[2025-06-04 12:48:56] Récupération des données de vote pour Challenge joined-together1 (URL: joined-together1, HEADER:{'User-Agent': 'Mozilla/5.0 (X11; Linux i686; rv:39.0) Gecko/20100101 Firefox/39.0', 'x-api-version': '8', 'x-env': 'WEB', 'X-requested-with': 'XMLHttpRequest', 'X-token': 'a1cad95a6d480c14f51dd0eba4914c8337b893c789ec6278bb440c7c9a673b162f042470c62684e6da2bd342ffea7777'})
[2025-06-04 12:48:56] Récupération des données de vote pour Challenge joined-together1 (URL: joined-together1, HEADER:{'User-Agent': 'Mozilla/5.0 (X11; Linux i686; rv:39.0) Gecko/20100101 Firefox/39.0', 'x-api-version': '8', 'x-env': 'WEB', 'X-requested-with': 'XMLHttpRequest', 'X-token': 'a1cad95a6d480c14f51dd0eba4914c8337b893c789ec6278bb440c7c9a673b162f042470c62684e6da2bd342ffea7777'})
[2025-06-04 12:48:56] Récupération des données de vote pour Challenge joined-together1 (URL: joined-together1, HEADER:{'User-Agent': 'Mozilla/5.0 (X11; Linux i686; rv:39.0) Gecko/20100101 Firefox/39.0', 'x-api-version': '8', 'x-env': 'WEB', 'X-requested-with': 'XMLHttpRequest', 'X-token': 'a1cad95a6d480c14f51dd0eba4914c8337b893c789ec6278bb440c7c9a673b162f042470c62684e6da2bd342ffea7777'})
[2025-06-04 12:48:56] Récupération des données de vote pour Challenge feeling-down3 (URL: feeling-down3, HEADER:{'User-Agent': 'Mozilla/5.0 (X11; Linux i686; rv:39.0) Gecko/20100101 Firefox/39.0', 'x-api-version': '8', 'x-env': 'WEB', 'X-requested-with': 'XMLHttpRequest', 'X-token': 'a1cad95a6d480c14f51dd0eba4914c8337b893c789ec6278bb440c7c9a673b162f042470c62684e6da2bd342ffea7777'})
[2025-06-04 12:48:56] Récupération des données de vote pour Challenge feeling-down3 (URL: feeling-down3, HEADER:{'User-Agent': 'Mozilla/5.0 (X11; Linux i686; rv:39.0) Gecko/20100101 Firefox/39.0', 'x-api-version': '8', 'x-env': 'WEB', 'X-requested-with': 'XMLHttpRequest', 'X-token': 'a1cad95a6d480c14f51dd0eba4914c8337b893c789ec6278bb440c7c9a673b162f042470c62684e6da2bd342ffea7777'})
[2025-06-04 12:48:56] Récupération des données de vote pour Challenge buildings-next-to-water (URL: buildings-next-to-water, HEADER:{'User-Agent': 'Mozilla/5.0 (X11; Linux i686; rv:39.0) Gecko/20100101 Firefox/39.0', 'x-api-version': '8', 'x-env': 'WEB', 'X-requested-with': 'XMLHttpRequest', 'X-token': 'a1cad95a6d480c14f51dd0eba4914c8337b893c789ec6278bb440c7c9a673b162f042470c62684e6da2bd342ffea7777'})
[2025-06-04 12:48:56] Récupération des données de vote pour Challenge buildings-next-to-water (URL: buildings-next-to-water, HEADER:{'User-Agent': 'Mozilla/5.0 (X11; Linux i686; rv:39.0) Gecko/20100101 Firefox/39.0', 'x-api-version': '8', 'x-env': 'WEB', 'X-requested-with': 'XMLHttpRequest', 'X-token': 'a1cad95a6d480c14f51dd0eba4914c8337b893c789ec6278bb440c7c9a673b162f042470c62684e6da2bd342ffea7777'})
[2025-06-04 12:48:56] Récupération des données de vote pour Challenge photo-of-the-week-299 (URL: photo-of-the-week-299, HEADER:{'User-Agent': 'Mozilla/5.0 (X11; Linux i686; rv:39.0) Gecko/20100101 Firefox/39.0', 'x-api-version': '8', 'x-env': 'WEB', 'X-requested-with': 'XMLHttpRequest', 'X-token': 'a1cad95a6d480c14f51dd0eba4914c8337b893c789ec6278bb440c7c9a673b162f042470c62684e6da2bd342ffea7777'})
[2025-06-04 12:48:56] Récupération des données de vote pour Challenge photo-of-the-week-299 (URL: photo-of-the-week-299, HEADER:{'User-Agent': 'Mozilla/5.0 (X11; Linux i686; rv:39.0) Gecko/20100101 Firefox/39.0', 'x-api-version': '8', 'x-env': 'WEB', 'X-requested-with': 'XMLHttpRequest', 'X-token': 'a1cad95a6d480c14f51dd0eba4914c8337b893c789ec6278bb440c7c9a673b162f042470c62684e6da2bd342ffea7777'})
[2025-06-04 12:48:56] Récupération des données de vote pour Challenge buildings-next-to-water (URL: buildings-next-to-water, HEADER:{'User-Agent': 'Mozilla/5.0 (X11; Linux i686; rv:39.0) Gecko/20100101 Firefox/39.0', 'x-api-version': '8', 'x-env': 'WEB', 'X-requested-with': 'XMLHttpRequest', 'X-token': 'a1cad95a6d480c14f51dd0eba4914c8337b893c789ec6278bb440c7c9a673b162f042470c62684e6da2bd342ffea7777'})
[2025-06-04 12:48:56] Récupération des données de vote pour Challenge buildings-next-to-water (URL: buildings-next-to-water, HEADER:{'User-Agent': 'Mozilla/5.0 (X11; Linux i686; rv:39.0) Gecko/20100101 Firefox/39.0', 'x-api-version': '8', 'x-env': 'WEB', 'X-requested-with': 'XMLHttpRequest', 'X-token': 'a1cad95a6d480c14f51dd0eba4914c8337b893c789ec6278bb440c7c9a673b162f042470c62684e6da2bd342ffea7777'})
[2025-06-04 12:48:56] Récupération des données de vote pour Challenge buildings-next-to-water (URL: buildings-next-to-water, HEADER:{'User-Agent': 'Mozilla/5.0 (X11; Linux i686; rv:39.0) Gecko/20100101 Firefox/39.0', 'x-api-version': '8', 'x-env': 'WEB', 'X-requested-with': 'XMLHttpRequest', 'X-token': 'a1cad95a6d480c14f51dd0eba4914c8337b893c789ec6278bb440c7c9a673b162f042470c62684e6da2bd342ffea7777'})
[2025-06-04 12:48:56] Récupération des données de vote pour Challenge buildings-next-to-water (URL: buildings-next-to-water, HEADER:{'User-Agent': 'Mozilla/5.0 (X11; Linux i686; rv:39.0) Gecko/20100101 Firefox/39.0', 'x-api-version': '8', 'x-env': 'WEB', 'X-requested-with': 'XMLHttpRequest', 'X-token': 'a1cad95a6d480c14f51dd0eba4914c8337b893c789ec6278bb440c7c9a673b162f042470c62684e6da2bd342ffea7777'})
[2025-06-04 12:48:56] Récupération des données de vote pour Challenge buildings-next-to-water (URL: buildings-next-to-water, HEADER:{'User-Agent': 'Mozilla/5.0 (X11; Linux i686; rv:39.0) Gecko/20100101 Firefox/39.0', 'x-api-version': '8', 'x-env': 'WEB', 'X-requested-with': 'XMLHttpRequest', 'X-token': 'a1cad95a6d480c14f51dd0eba4914c8337b893c789ec6278bb440c7c9a673b162f042470c62684e6da2bd342ffea7777'})
[2025-06-04 12:48:56] Récupération des données de vote pour Challenge buildings-next-to-water (URL: buildings-next-to-water, HEADER:{'User-Agent': 'Mozilla/5.0 (X11; Linux i686; rv:39.0) Gecko/20100101 Firefox/39.0', 'x-api-version': '8', 'x-env': 'WEB', 'X-requested-with': 'XMLHttpRequest', 'X-token': 'a1cad95a6d480c14f51dd0eba4914c8337b893c789ec6278bb440c7c9a673b162f042470c62684e6da2bd342ffea7777'})
[2025-06-04 12:48:56] Récupération des données de vote pour Challenge buildings-next-to-water (URL: buildings-next-to-water, HEADER:{'User-Agent': 'Mozilla/5.0 (X11; Linux i686; rv:39.0) Gecko/20100101 Firefox/39.0', 'x-api-version': '8', 'x-env': 'WEB', 'X-requested-with': 'XMLHttpRequest', 'X-token': 'a1cad95a6d480c14f51dd0eba4914c8337b893c789ec6278bb440c7c9a673b162f042470c62684e6da2bd342ffea7777'})
[2025-06-04 12:48:56] Récupération des données de vote pour Challenge buildings-next-to-water (URL: buildings-next-to-water, HEADER:{'User-Agent': 'Mozilla/5.0 (X11; Linux i686; rv:39.0) Gecko/20100101 Firefox/39.0', 'x-api-version': '8', 'x-env': 'WEB', 'X-requested-with': 'XMLHttpRequest', 'X-token': 'a1cad95a6d480c14f51dd0eba4914c8337b893c789ec6278bb440c7c9a673b162f042470c62684e6da2bd342ffea7777'})
[2025-06-04 12:48:56] Récupération des données de vote pour Challenge buildings-next-to-water (URL: buildings-next-to-water, HEADER:{'User-Agent': 'Mozilla/5.0 (X11; Linux i686; rv:39.0) Gecko/20100101 Firefox/39.0', 'x-api-version': '8', 'x-env': 'WEB', 'X-requested-with': 'XMLHttpRequest', 'X-token': 'a1cad95a6d480c14f51dd0eba4914c8337b893c789ec6278bb440c7c9a673b162f042470c62684e6da2bd342ffea7777'})
[2025-06-04 12:48:56] Récupération des données de vote pour Challenge joined-together1 (URL: joined-together1, HEADER:{'User-Agent': 'Mozilla/5.0 (X11; Linux i686; rv:39.0) Gecko/20100101 Firefox/39.0', 'x-api-version': '8', 'x-env': 'WEB', 'X-requested-with': 'XMLHttpRequest', 'X-token': 'a1cad95a6d480c14f51dd0eba4914c8337b893c789ec6278bb440c7c9a673b162f042470c62684e6da2bd342ffea7777'})
[2025-06-04 12:48:56] Récupération des données de vote pour Challenge joined-together1 (URL: joined-together1, HEADER:{'User-Agent': 'Mozilla/5.0 (X11; Linux i686; rv:39.0) Gecko/20100101 Firefox/39.0', 'x-api-version': '8', 'x-env': 'WEB', 'X-requested-with': 'XMLHttpRequest', 'X-token': 'a1cad95a6d480c14f51dd0eba4914c8337b893c789ec6278bb440c7c9a673b162f042470c62684e6da2bd342ffea7777'})
[2025-06-04 12:48:56] Récupération des données de vote pour Challenge photo-of-the-week-299 (URL: photo-of-the-week-299, HEADER:{'User-Agent': 'Mozilla/5.0 (X11; Linux i686; rv:39.0) Gecko/20100101 Firefox/39.0', 'x-api-version': '8', 'x-env': 'WEB', 'X-requested-with': 'XMLHttpRequest', 'X-token': 'a1cad95a6d480c14f51dd0eba4914c8337b893c789ec6278bb440c7c9a673b162f042470c62684e6da2bd342ffea7777'})
[2025-06-04 12:48:56] Récupération des données de vote pour Challenge photo-of-the-week-299 (URL: photo-of-the-week-299, HEADER:{'User-Agent': 'Mozilla/5.0 (X11; Linux i686; rv:39.0) Gecko/20100101 Firefox/39.0', 'x-api-version': '8', 'x-env': 'WEB', 'X-requested-with': 'XMLHttpRequest', 'X-token': 'a1cad95a6d480c14f51dd0eba4914c8337b893c789ec6278bb440c7c9a673b162f042470c62684e6da2bd342ffea7777'})
[2025-06-04 12:48:56] Récupération des données de vote pour Challenge photo-of-the-week-299 (URL: photo-of-the-week-299, HEADER:{'User-Agent': 'Mozilla/5.0 (X11; Linux i686; rv:39.0) Gecko/20100101 Firefox/39.0', 'x-api-version': '8', 'x-env': 'WEB', 'X-requested-with': 'XMLHttpRequest', 'X-token': 'a1cad95a6d480c14f51dd0eba4914c8337b893c789ec6278bb440c7c9a673b162f042470c62684e6da2bd342ffea7777'})
[2025-06-04 12:48:56] Récupération des données de vote pour Challenge photo-of-the-week-299 (URL: photo-of-the-week-299, HEADER:{'User-Agent': 'Mozilla/5.0 (X11; Linux i686; rv:39.0) Gecko/20100101 Firefox/39.0', 'x-api-version': '8', 'x-env': 'WEB', 'X-requested-with': 'XMLHttpRequest', 'X-token': 'a1cad95a6d480c14f51dd0eba4914c8337b893c789ec6278bb440c7c9a673b162f042470c62684e6da2bd342ffea7777'})
[2025-06-04 12:48:56] Récupération des données de vote pour Challenge photo-of-the-week-299 (URL: photo-of-the-week-299, HEADER:{'User-Agent': 'Mozilla/5.0 (X11; Linux i686; rv:39.0) Gecko/20100101 Firefox/39.0', 'x-api-version': '8', 'x-env': 'WEB', 'X-requested-with': 'XMLHttpRequest', 'X-token': 'a1cad95a6d480c14f51dd0eba4914c8337b893c789ec6278bb440c7c9a673b162f042470c62684e6da2bd342ffea7777'})
[2025-06-04 12:48:56] Récupération des données de vote pour Challenge photo-of-the-week-299 (URL: photo-of-the-week-299, HEADER:{'User-Agent': 'Mozilla/5.0 (X11; Linux i686; rv:39.0) Gecko/20100101 Firefox/39.0', 'x-api-version': '8', 'x-env': 'WEB', 'X-requested-with': 'XMLHttpRequest', 'X-token': 'a1cad95a6d480c14f51dd0eba4914c8337b893c789ec6278bb440c7c9a673b162f042470c62684e6da2bd342ffea7777'})
[2025-06-04 12:48:56] Récupération des données de vote pour Challenge photo-of-the-week-299 (URL: photo-of-the-week-299, HEADER:{'User-Agent': 'Mozilla/5.0 (X11; Linux i686; rv:39.0) Gecko/20100101 Firefox/39.0', 'x-api-version': '8', 'x-env': 'WEB', 'X-requested-with': 'XMLHttpRequest', 'X-token': 'a1cad95a6d480c14f51dd0eba4914c8337b893c789ec6278bb440c7c9a673b162f042470c62684e6da2bd342ffea7777'})
[2025-06-04 12:48:56] Récupération des données de vote pour Challenge asphalt-streets (URL: asphalt-streets, HEADER:{'User-Agent': 'Mozilla/5.0 (X11; Linux i686; rv:39.0) Gecko/20100101 Firefox/39.0', 'x-api-version': '8', 'x-env': 'WEB', 'X-requested-with': 'XMLHttpRequest', 'X-token': 'a1cad95a6d480c14f51dd0eba4914c8337b893c789ec6278bb440c7c9a673b162f042470c62684e6da2bd342ffea7777'})
[2025-06-04 12:48:56] Récupération des données de vote pour Challenge asphalt-streets (URL: asphalt-streets, HEADER:{'User-Agent': 'Mozilla/5.0 (X11; Linux i686; rv:39.0) Gecko/20100101 Firefox/39.0', 'x-api-version': '8', 'x-env': 'WEB', 'X-requested-with': 'XMLHttpRequest', 'X-token': 'a1cad95a6d480c14f51dd0eba4914c8337b893c789ec6278bb440c7c9a673b162f042470c62684e6da2bd342ffea7777'})
[2025-06-04 12:48:56] Récupération des données de vote pour Challenge artistic-still-life5 (URL: artistic-still-life5, HEADER:{'User-Agent': 'Mozilla/5.0 (X11; Linux i686; rv:39.0) Gecko/20100101 Firefox/39.0', 'x-api-version': '8', 'x-env': 'WEB', 'X-requested-with': 'XMLHttpRequest', 'X-token': 'a1cad95a6d480c14f51dd0eba4914c8337b893c789ec6278bb440c7c9a673b162f042470c62684e6da2bd342ffea7777'})
[2025-06-04 12:48:56] Récupération des données de vote pour Challenge artistic-still-life5 (URL: artistic-still-life5, HEADER:{'User-Agent': 'Mozilla/5.0 (X11; Linux i686; rv:39.0) Gecko/20100101 Firefox/39.0', 'x-api-version': '8', 'x-env': 'WEB', 'X-requested-with': 'XMLHttpRequest', 'X-token': 'a1cad95a6d480c14f51dd0eba4914c8337b893c789ec6278bb440c7c9a673b162f042470c62684e6da2bd342ffea7777'})
[2025-06-04 12:48:56] Récupération des données de vote pour Challenge artistic-still-life5 (URL: artistic-still-life5, HEADER:{'User-Agent': 'Mozilla/5.0 (X11; Linux i686; rv:39.0) Gecko/20100101 Firefox/39.0', 'x-api-version': '8', 'x-env': 'WEB', 'X-requested-with': 'XMLHttpRequest', 'X-token': 'a1cad95a6d480c14f51dd0eba4914c8337b893c789ec6278bb440c7c9a673b162f042470c62684e6da2bd342ffea7777'})
[2025-06-04 12:48:56] Récupération des données de vote pour Challenge artistic-still-life5 (URL: artistic-still-life5, HEADER:{'User-Agent': 'Mozilla/5.0 (X11; Linux i686; rv:39.0) Gecko/20100101 Firefox/39.0', 'x-api-version': '8', 'x-env': 'WEB', 'X-requested-with': 'XMLHttpRequest', 'X-token': 'a1cad95a6d480c14f51dd0eba4914c8337b893c789ec6278bb440c7c9a673b162f042470c62684e6da2bd342ffea7777'})
[2025-06-04 12:48:56] Récupération des données de vote pour Challenge artistic-still-life5 (URL: artistic-still-life5, HEADER:{'User-Agent': 'Mozilla/5.0 (X11; Linux i686; rv:39.0) Gecko/20100101 Firefox/39.0', 'x-api-version': '8', 'x-env': 'WEB', 'X-requested-with': 'XMLHttpRequest', 'X-token': 'a1cad95a6d480c14f51dd0eba4914c8337b893c789ec6278bb440c7c9a673b162f042470c62684e6da2bd342ffea7777'})
[2025-06-04 12:48:56] Récupération des données de vote pour Challenge artistic-still-life5 (URL: artistic-still-life5, HEADER:{'User-Agent': 'Mozilla/5.0 (X11; Linux i686; rv:39.0) Gecko/20100101 Firefox/39.0', 'x-api-version': '8', 'x-env': 'WEB', 'X-requested-with': 'XMLHttpRequest', 'X-token': 'a1cad95a6d480c14f51dd0eba4914c8337b893c789ec6278bb440c7c9a673b162f042470c62684e6da2bd342ffea7777'})
[2025-06-04 12:48:56] Récupération des données de vote pour Challenge artistic-still-life5 (URL: artistic-still-life5, HEADER:{'User-Agent': 'Mozilla/5.0 (X11; Linux i686; rv:39.0) Gecko/20100101 Firefox/39.0', 'x-api-version': '8', 'x-env': 'WEB', 'X-requested-with': 'XMLHttpRequest', 'X-token': 'a1cad95a6d480c14f51dd0eba4914c8337b893c789ec6278bb440c7c9a673b162f042470c62684e6da2bd342ffea7777'})
[2025-06-04 12:48:56] Récupération des données de vote pour Challenge asphalt-streets (URL: asphalt-streets, HEADER:{'User-Agent': 'Mozilla/5.0 (X11; Linux i686; rv:39.0) Gecko/20100101 Firefox/39.0', 'x-api-version': '8', 'x-env': 'WEB', 'X-requested-with': 'XMLHttpRequest', 'X-token': 'a1cad95a6d480c14f51dd0eba4914c8337b893c789ec6278bb440c7c9a673b162f042470c62684e6da2bd342ffea7777'})
[2025-06-04 12:48:56] Récupération des données de vote pour Challenge asphalt-streets (URL: asphalt-streets, HEADER:{'User-Agent': 'Mozilla/5.0 (X11; Linux i686; rv:39.0) Gecko/20100101 Firefox/39.0', 'x-api-version': '8', 'x-env': 'WEB', 'X-requested-with': 'XMLHttpRequest', 'X-token': 'a1cad95a6d480c14f51dd0eba4914c8337b893c789ec6278bb440c7c9a673b162f042470c62684e6da2bd342ffea7777'})
[2025-06-04 12:48:56] Récupération des données de vote pour Challenge buildings-next-to-water (URL: buildings-next-to-water, HEADER:{'User-Agent': 'Mozilla/5.0 (X11; Linux i686; rv:39.0) Gecko/20100101 Firefox/39.0', 'x-api-version': '8', 'x-env': 'WEB', 'X-requested-with': 'XMLHttpRequest', 'X-token': 'a1cad95a6d480c14f51dd0eba4914c8337b893c789ec6278bb440c7c9a673b162f042470c62684e6da2bd342ffea7777'})
[2025-06-04 12:48:56] Récupération des données de vote pour Challenge buildings-next-to-water (URL: buildings-next-to-water, HEADER:{'User-Agent': 'Mozilla/5.0 (X11; Linux i686; rv:39.0) Gecko/20100101 Firefox/39.0', 'x-api-version': '8', 'x-env': 'WEB', 'X-requested-with': 'XMLHttpRequest', 'X-token': 'a1cad95a6d480c14f51dd0eba4914c8337b893c789ec6278bb440c7c9a673b162f042470c62684e6da2bd342ffea7777'})
[2025-06-04 12:48:56] Récupération des données de vote pour Challenge photo-of-the-week-299 (URL: photo-of-the-week-299, HEADER:{'User-Agent': 'Mozilla/5.0 (X11; Linux i686; rv:39.0) Gecko/20100101 Firefox/39.0', 'x-api-version': '8', 'x-env': 'WEB', 'X-requested-with': 'XMLHttpRequest', 'X-token': 'a1cad95a6d480c14f51dd0eba4914c8337b893c789ec6278bb440c7c9a673b162f042470c62684e6da2bd342ffea7777'})
[2025-06-04 12:48:56] Récupération des données de vote pour Challenge photo-of-the-week-299 (URL: photo-of-the-week-299, HEADER:{'User-Agent': 'Mozilla/5.0 (X11; Linux i686; rv:39.0) Gecko/20100101 Firefox/39.0', 'x-api-version': '8', 'x-env': 'WEB', 'X-requested-with': 'XMLHttpRequest', 'X-token': 'a1cad95a6d480c14f51dd0eba4914c8337b893c789ec6278bb440c7c9a673b162f042470c62684e6da2bd342ffea7777'})
[2025-06-04 12:48:56] Récupération des données de vote pour Challenge feeling-down3 (URL: feeling-down3, HEADER:{'User-Agent': 'Mozilla/5.0 (X11; Linux i686; rv:39.0) Gecko/20100101 Firefox/39.0', 'x-api-version': '8', 'x-env': 'WEB', 'X-requested-with': 'XMLHttpRequest', 'X-token': 'a1cad95a6d480c14f51dd0eba4914c8337b893c789ec6278bb440c7c9a673b162f042470c62684e6da2bd342ffea7777'})
[2025-06-04 12:48:56] Récupération des données de vote pour Challenge feeling-down3 (URL: feeling-down3, HEADER:{'User-Agent': 'Mozilla/5.0 (X11; Linux i686; rv:39.0) Gecko/20100101 Firefox/39.0', 'x-api-version': '8', 'x-env': 'WEB', 'X-requested-with': 'XMLHttpRequest', 'X-token': 'a1cad95a6d480c14f51dd0eba4914c8337b893c789ec6278bb440c7c9a673b162f042470c62684e6da2bd342ffea7777'})
[2025-06-04 12:48:56] Récupération des données de vote pour Challenge feeling-down3 (URL: feeling-down3, HEADER:{'User-Agent': 'Mozilla/5.0 (X11; Linux i686; rv:39.0) Gecko/20100101 Firefox/39.0', 'x-api-version': '8', 'x-env': 'WEB', 'X-requested-with': 'XMLHttpRequest', 'X-token': 'a1cad95a6d480c14f51dd0eba4914c8337b893c789ec6278bb440c7c9a673b162f042470c62684e6da2bd342ffea7777'})
[2025-06-04 12:48:56] Récupération des données de vote pour Challenge feeling-down3 (URL: feeling-down3, HEADER:{'User-Agent': 'Mozilla/5.0 (X11; Linux i686; rv:39.0) Gecko/20100101 Firefox/39.0', 'x-api-version': '8', 'x-env': 'WEB', 'X-requested-with': 'XMLHttpRequest', 'X-token': 'a1cad95a6d480c14f51dd0eba4914c8337b893c789ec6278bb440c7c9a673b162f042470c62684e6da2bd342ffea7777'})
[2025-06-04 12:48:56] Récupération des données de vote pour Challenge feeling-down3 (URL: feeling-down3, HEADER:{'User-Agent': 'Mozilla/5.0 (X11; Linux i686; rv:39.0) Gecko/20100101 Firefox/39.0', 'x-api-version': '8', 'x-env': 'WEB', 'X-requested-with': 'XMLHttpRequest', 'X-token': 'a1cad95a6d480c14f51dd0eba4914c8337b893c789ec6278bb440c7c9a673b162f042470c62684e6da2bd342ffea7777'})
[2025-06-04 12:48:56] Récupération des données de vote pour Challenge feeling-down3 (URL: feeling-down3, HEADER:{'User-Agent': 'Mozilla/5.0 (X11; Linux i686; rv:39.0) Gecko/20100101 Firefox/39.0', 'x-api-version': '8', 'x-env': 'WEB', 'X-requested-with': 'XMLHttpRequest', 'X-token': 'a1cad95a6d480c14f51dd0eba4914c8337b893c789ec6278bb440c7c9a673b162f042470c62684e6da2bd342ffea7777'})
[2025-06-04 12:48:56] Récupération des données de vote pour Challenge feeling-down3 (URL: feeling-down3, HEADER:{'User-Agent': 'Mozilla/5.0 (X11; Linux i686; rv:39.0) Gecko/20100101 Firefox/39.0', 'x-api-version': '8', 'x-env': 'WEB', 'X-requested-with': 'XMLHttpRequest', 'X-token': 'a1cad95a6d480c14f51dd0eba4914c8337b893c789ec6278bb440c7c9a673b162f042470c62684e6da2bd342ffea7777'})
[2025-06-04 12:48:56] Récupération des données de vote pour Challenge joined-together1 (URL: joined-together1, HEADER:{'User-Agent': 'Mozilla/5.0 (X11; Linux i686; rv:39.0) Gecko/20100101 Firefox/39.0', 'x-api-version': '8', 'x-env': 'WEB', 'X-requested-with': 'XMLHttpRequest', 'X-token': 'a1cad95a6d480c14f51dd0eba4914c8337b893c789ec6278bb440c7c9a673b162f042470c62684e6da2bd342ffea7777'})
[2025-06-04 12:48:56] Récupération des données de vote pour Challenge joined-together1 (URL: joined-together1, HEADER:{'User-Agent': 'Mozilla/5.0 (X11; Linux i686; rv:39.0) Gecko/20100101 Firefox/39.0', 'x-api-version': '8', 'x-env': 'WEB', 'X-requested-with': 'XMLHttpRequest', 'X-token': 'a1cad95a6d480c14f51dd0eba4914c8337b893c789ec6278bb440c7c9a673b162f042470c62684e6da2bd342ffea7777'})
[2025-06-04 12:48:56] Récupération des données de vote pour Challenge photo-of-the-week-299 (URL: photo-of-the-week-299, HEADER:{'User-Agent': 'Mozilla/5.0 (X11; Linux i686; rv:39.0) Gecko/20100101 Firefox/39.0', 'x-api-version': '8', 'x-env': 'WEB', 'X-requested-with': 'XMLHttpRequest', 'X-token': 'a1cad95a6d480c14f51dd0eba4914c8337b893c789ec6278bb440c7c9a673b162f042470c62684e6da2bd342ffea7777'})
[2025-06-04 12:48:56] Récupération des données de vote pour Challenge photo-of-the-week-299 (URL: photo-of-the-week-299, HEADER:{'User-Agent': 'Mozilla/5.0 (X11; Linux i686; rv:39.0) Gecko/20100101 Firefox/39.0', 'x-api-version': '8', 'x-env': 'WEB', 'X-requested-with': 'XMLHttpRequest', 'X-token': 'a1cad95a6d480c14f51dd0eba4914c8337b893c789ec6278bb440c7c9a673b162f042470c62684e6da2bd342ffea7777'})
[2025-06-04 12:48:56] Récupération des données de vote pour Challenge artistic-still-life5 (URL: artistic-still-life5, HEADER:{'User-Agent': 'Mozilla/5.0 (X11; Linux i686; rv:39.0) Gecko/20100101 Firefox/39.0', 'x-api-version': '8', 'x-env': 'WEB', 'X-requested-with': 'XMLHttpRequest', 'X-token': 'a1cad95a6d480c14f51dd0eba4914c8337b893c789ec6278bb440c7c9a673b162f042470c62684e6da2bd342ffea7777'})
[2025-06-04 12:48:56] Récupération des données de vote pour Challenge artistic-still-life5 (URL: artistic-still-life5, HEADER:{'User-Agent': 'Mozilla/5.0 (X11; Linux i686; rv:39.0) Gecko/20100101 Firefox/39.0', 'x-api-version': '8', 'x-env': 'WEB', 'X-requested-with': 'XMLHttpRequest', 'X-token': 'a1cad95a6d480c14f51dd0eba4914c8337b893c789ec6278bb440c7c9a673b162f042470c62684e6da2bd342ffea7777'})
[2025-06-04 12:48:56] Récupération des données de vote pour Challenge artworks-on-walls (URL: artworks-on-walls, HEADER:{'User-Agent': 'Mozilla/5.0 (X11; Linux i686; rv:39.0) Gecko/20100101 Firefox/39.0', 'x-api-version': '8', 'x-env': 'WEB', 'X-requested-with': 'XMLHttpRequest', 'X-token': 'a1cad95a6d480c14f51dd0eba4914c8337b893c789ec6278bb440c7c9a673b162f042470c62684e6da2bd342ffea7777'})
[2025-06-04 12:48:56] Récupération des données de vote pour Challenge artworks-on-walls (URL: artworks-on-walls, HEADER:{'User-Agent': 'Mozilla/5.0 (X11; Linux i686; rv:39.0) Gecko/20100101 Firefox/39.0', 'x-api-version': '8', 'x-env': 'WEB', 'X-requested-with': 'XMLHttpRequest', 'X-token': 'a1cad95a6d480c14f51dd0eba4914c8337b893c789ec6278bb440c7c9a673b162f042470c62684e6da2bd342ffea7777'})
[2025-06-04 12:48:56] Récupération des données de vote pour Challenge artworks-on-walls (URL: artworks-on-walls, HEADER:{'User-Agent': 'Mozilla/5.0 (X11; Linux i686; rv:39.0) Gecko/20100101 Firefox/39.0', 'x-api-version': '8', 'x-env': 'WEB', 'X-requested-with': 'XMLHttpRequest', 'X-token': 'a1cad95a6d480c14f51dd0eba4914c8337b893c789ec6278bb440c7c9a673b162f042470c62684e6da2bd342ffea7777'})
[2025-06-04 12:48:56] Récupération des données de vote pour Challenge artworks-on-walls (URL: artworks-on-walls, HEADER:{'User-Agent': 'Mozilla/5.0 (X11; Linux i686; rv:39.0) Gecko/20100101 Firefox/39.0', 'x-api-version': '8', 'x-env': 'WEB', 'X-requested-with': 'XMLHttpRequest', 'X-token': 'a1cad95a6d480c14f51dd0eba4914c8337b893c789ec6278bb440c7c9a673b162f042470c62684e6da2bd342ffea7777'})
[2025-06-04 12:48:56] Récupération des données de vote pour Challenge artworks-on-walls (URL: artworks-on-walls, HEADER:{'User-Agent': 'Mozilla/5.0 (X11; Linux i686; rv:39.0) Gecko/20100101 Firefox/39.0', 'x-api-version': '8', 'x-env': 'WEB', 'X-requested-with': 'XMLHttpRequest', 'X-token': 'a1cad95a6d480c14f51dd0eba4914c8337b893c789ec6278bb440c7c9a673b162f042470c62684e6da2bd342ffea7777'})
[2025-06-04 12:48:56] Récupération des données de vote pour Challenge artworks-on-walls (URL: artworks-on-walls, HEADER:{'User-Agent': 'Mozilla/5.0 (X11; Linux i686; rv:39.0) Gecko/20100101 Firefox/39.0', 'x-api-version': '8', 'x-env': 'WEB', 'X-requested-with': 'XMLHttpRequest', 'X-token': 'a1cad95a6d480c14f51dd0eba4914c8337b893c789ec6278bb440c7c9a673b162f042470c62684e6da2bd342ffea7777'})
[2025-06-04 12:48:56] Récupération des données de vote pour Challenge artworks-on-walls (URL: artworks-on-walls, HEADER:{'User-Agent': 'Mozilla/5.0 (X11; Linux i686; rv:39.0) Gecko/20100101 Firefox/39.0', 'x-api-version': '8', 'x-env': 'WEB', 'X-requested-with': 'XMLHttpRequest', 'X-token': 'a1cad95a6d480c14f51dd0eba4914c8337b893c789ec6278bb440c7c9a673b162f042470c62684e6da2bd342ffea7777'})
[2025-06-04 12:48:57] Récupération réussie: 200 images pour Challenge feeling-down3
[2025-06-04 12:48:57] Voting fetching ...
[2025-06-04 12:48:57] Challenge feeling-down3 voting 10 images
[2025-06-04 12:48:57] Récupération réussie: 200 images pour Challenge feeling-down3
[2025-06-04 12:48:57] Voting fetching ...
[2025-06-04 12:48:57] Challenge feeling-down3 voting 10 images
[2025-06-04 12:48:57] Récupération réussie: 200 images pour Challenge feeling-down3
[2025-06-04 12:48:57] Voting fetching ...
[2025-06-04 12:48:57] Challenge feeling-down3 voting 10 images
[2025-06-04 12:48:57] Récupération réussie: 200 images pour Challenge feeling-down3
[2025-06-04 12:48:57] Voting fetching ...
[2025-06-04 12:48:57] Challenge feeling-down3 voting 10 images
[2025-06-04 12:48:57] Récupération réussie: 200 images pour Challenge photo-of-the-week-299
[2025-06-04 12:48:57] Voting fetching ...
[2025-06-04 12:48:57] Challenge photo-of-the-week-299 voting 10 images
[2025-06-04 12:48:57] Récupération réussie: 200 images pour Challenge artworks-on-walls
[2025-06-04 12:48:57] Voting fetching ...
[2025-06-04 12:48:57] Challenge artworks-on-walls voting 10 images
[2025-06-04 12:48:57] Récupération réussie: 200 images pour Challenge artistic-still-life5
[2025-06-04 12:48:57] Voting fetching ...
[2025-06-04 12:48:57] Challenge artistic-still-life5 voting 10 images
[2025-06-04 12:48:57] Récupération réussie: 200 images pour Challenge artworks-on-walls
[2025-06-04 12:48:57] Voting fetching ...
[2025-06-04 12:48:57] Challenge artworks-on-walls voting 10 images
[2025-06-04 12:48:57] Récupération réussie: 200 images pour Challenge artistic-still-life5
[2025-06-04 12:48:57] Voting fetching ...
[2025-06-04 12:48:57] Challenge artistic-still-life5 voting 10 images
[2025-06-04 12:48:57] Récupération réussie: 200 images pour Challenge feeling-down3
[2025-06-04 12:48:57] Voting fetching ...
[2025-06-04 12:48:57] Challenge feeling-down3 voting 10 images
[2025-06-04 12:48:57] Récupération réussie: 200 images pour Challenge feeling-down3
[2025-06-04 12:48:57] Voting fetching ...
[2025-06-04 12:48:57] Challenge feeling-down3 voting 10 images
[2025-06-04 12:48:57] Récupération réussie: 200 images pour Challenge artworks-on-walls
[2025-06-04 12:48:57] Voting fetching ...
[2025-06-04 12:48:57] Challenge artworks-on-walls voting 10 images
[2025-06-04 12:48:57] Récupération réussie: 200 images pour Challenge photo-of-the-week-299
[2025-06-04 12:48:57] Voting fetching ...
[2025-06-04 12:48:57] Challenge photo-of-the-week-299 voting 10 images
[2025-06-04 12:48:57] Récupération réussie: 200 images pour Challenge artistic-still-life5
[2025-06-04 12:48:57] Voting fetching ...
[2025-06-04 12:48:57] Challenge artistic-still-life5 voting 10 images
[2025-06-04 12:48:57] Récupération réussie: 200 images pour Challenge photo-of-the-week-299
[2025-06-04 12:48:57] Voting fetching ...
[2025-06-04 12:48:57] Challenge photo-of-the-week-299 voting 10 images
[2025-06-04 12:48:57] Récupération réussie: 200 images pour Challenge photo-of-the-week-299
[2025-06-04 12:48:57] Voting fetching ...
[2025-06-04 12:48:57] Challenge photo-of-the-week-299 voting 10 images
[2025-06-04 12:48:57] Récupération réussie: 200 images pour Challenge feeling-down3
[2025-06-04 12:48:57] Voting fetching ...
[2025-06-04 12:48:57] Challenge feeling-down3 voting 10 images
[2025-06-04 12:48:57] Récupération réussie: 200 images pour Challenge photo-of-the-week-299
[2025-06-04 12:48:57] Voting fetching ...
[2025-06-04 12:48:57] Challenge photo-of-the-week-299 voting 10 images
[2025-06-04 12:48:57] Récupération réussie: 200 images pour Challenge artworks-on-walls
[2025-06-04 12:48:57] Voting fetching ...
[2025-06-04 12:48:57] Challenge artworks-on-walls voting 10 images
[2025-06-04 12:48:57] Récupération réussie: 200 images pour Challenge feeling-down3
[2025-06-04 12:48:57] Voting fetching ...
[2025-06-04 12:48:57] Challenge feeling-down3 voting 10 images
[2025-06-04 12:48:57] Récupération réussie: 200 images pour Challenge photo-of-the-week-299
[2025-06-04 12:48:57] Voting fetching ...
[2025-06-04 12:48:57] Challenge photo-of-the-week-299 voting 10 images
[2025-06-04 12:48:57] Récupération réussie: 200 images pour Challenge photo-of-the-week-299
[2025-06-04 12:48:57] Voting fetching ...
[2025-06-04 12:48:57] Challenge photo-of-the-week-299 voting 10 images
[2025-06-04 12:48:57] Récupération réussie: 200 images pour Challenge feeling-down3
[2025-06-04 12:48:57] Voting fetching ...
[2025-06-04 12:48:57] Challenge feeling-down3 voting 10 images
[2025-06-04 12:48:57] Récupération réussie: 200 images pour Challenge feeling-down3
[2025-06-04 12:48:57] Voting fetching ...
[2025-06-04 12:48:57] Challenge feeling-down3 voting 10 images
[2025-06-04 12:48:57] Récupération réussie: 200 images pour Challenge photo-of-the-week-299
[2025-06-04 12:48:57] Voting fetching ...
[2025-06-04 12:48:57] Challenge photo-of-the-week-299 voting 10 images
[2025-06-04 12:48:57] Récupération réussie: 200 images pour Challenge feeling-down3
[2025-06-04 12:48:57] Voting fetching ...
[2025-06-04 12:48:57] Challenge feeling-down3 voting 10 images
[2025-06-04 12:48:57] Récupération réussie: 200 images pour Challenge joined-together1
[2025-06-04 12:48:57] Voting fetching ...
[2025-06-04 12:48:57] Challenge joined-together1 voting 10 images
[2025-06-04 12:48:57] Récupération réussie: 200 images pour Challenge photo-of-the-week-299
[2025-06-04 12:48:57] Voting fetching ...
[2025-06-04 12:48:57] Challenge photo-of-the-week-299 voting 10 images
[2025-06-04 12:48:57] Récupération réussie: 200 images pour Challenge feeling-down3
[2025-06-04 12:48:57] Voting fetching ...
[2025-06-04 12:48:57] Challenge feeling-down3 voting 10 images
[2025-06-04 12:48:57] Récupération réussie: 200 images pour Challenge feeling-down3
[2025-06-04 12:48:57] Voting fetching ...
[2025-06-04 12:48:57] Challenge feeling-down3 voting 10 images
[2025-06-04 12:48:57] Récupération réussie: 200 images pour Challenge artistic-still-life5
[2025-06-04 12:48:57] Voting fetching ...
[2025-06-04 12:48:57] Challenge artistic-still-life5 voting 10 images
[2025-06-04 12:48:57] Récupération réussie: 200 images pour Challenge artworks-on-walls
[2025-06-04 12:48:57] Voting fetching ...
[2025-06-04 12:48:57] Challenge artworks-on-walls voting 10 images
[2025-06-04 12:48:57] Récupération réussie: 200 images pour Challenge photo-of-the-week-299
[2025-06-04 12:48:57] Voting fetching ...
[2025-06-04 12:48:57] Challenge photo-of-the-week-299 voting 10 images
[2025-06-04 12:48:57] Récupération réussie: 200 images pour Challenge artistic-still-life5
[2025-06-04 12:48:57] Voting fetching ...
[2025-06-04 12:48:57] Challenge artistic-still-life5 voting 10 images
[2025-06-04 12:48:57] Récupération réussie: 200 images pour Challenge artistic-still-life5
[2025-06-04 12:48:57] Voting fetching ...
[2025-06-04 12:48:57] Challenge artistic-still-life5 voting 10 images
[2025-06-04 12:48:57] Récupération réussie: 200 images pour Challenge joined-together1
[2025-06-04 12:48:57] Voting fetching ...
[2025-06-04 12:48:57] Challenge joined-together1 voting 10 images
[2025-06-04 12:48:57] Récupération réussie: 200 images pour Challenge photo-of-the-week-299
[2025-06-04 12:48:57] Voting fetching ...
[2025-06-04 12:48:57] Challenge photo-of-the-week-299 voting 10 images
[2025-06-04 12:48:57] Récupération réussie: 200 images pour Challenge artistic-still-life5
[2025-06-04 12:48:57] Voting fetching ...
[2025-06-04 12:48:57] Challenge artistic-still-life5 voting 10 images
[2025-06-04 12:48:57] Récupération réussie: 200 images pour Challenge buildings-next-to-water
[2025-06-04 12:48:57] Voting fetching ...
[2025-06-04 12:48:57] Challenge buildings-next-to-water voting 10 images
[2025-06-04 12:48:57] Récupération réussie: 200 images pour Challenge joined-together1
[2025-06-04 12:48:57] Voting fetching ...
[2025-06-04 12:48:57] Challenge joined-together1 voting 10 images
[2025-06-04 12:48:57] Récupération réussie: 200 images pour Challenge artistic-still-life5
[2025-06-04 12:48:57] Voting fetching ...
[2025-06-04 12:48:57] Challenge artistic-still-life5 voting 10 images
[2025-06-04 12:48:57] Récupération réussie: 200 images pour Challenge photo-of-the-week-299
[2025-06-04 12:48:57] Voting fetching ...
[2025-06-04 12:48:57] Challenge photo-of-the-week-299 voting 10 images
[2025-06-04 12:48:57] Récupération réussie: 200 images pour Challenge artistic-still-life5
[2025-06-04 12:48:57] Voting fetching ...
[2025-06-04 12:48:57] Challenge artistic-still-life5 voting 10 images
[2025-06-04 12:48:57] Récupération réussie: 200 images pour Challenge buildings-next-to-water
[2025-06-04 12:48:57] Voting fetching ...
[2025-06-04 12:48:57] Challenge buildings-next-to-water voting 10 images
[2025-06-04 12:48:57] Récupération réussie: 200 images pour Challenge photo-of-the-week-299
[2025-06-04 12:48:57] Voting fetching ...
[2025-06-04 12:48:57] Challenge photo-of-the-week-299 voting 10 images
[2025-06-04 12:48:57] Récupération réussie: 200 images pour Challenge buildings-next-to-water
[2025-06-04 12:48:57] Voting fetching ...
[2025-06-04 12:48:57] Challenge buildings-next-to-water voting 10 images
[2025-06-04 12:48:57] Récupération réussie: 200 images pour Challenge joined-together1
[2025-06-04 12:48:57] Voting fetching ...
[2025-06-04 12:48:57] Challenge joined-together1 voting 10 images
[2025-06-04 12:48:57] Récupération réussie: 200 images pour Challenge artworks-on-walls
[2025-06-04 12:48:57] Voting fetching ...
[2025-06-04 12:48:57] Challenge artworks-on-walls voting 10 images
[2025-06-04 12:48:57] Challenge feeling-down3 vote failed: Vote failed: The 'image_ids/viewed_image_ids' parameter seems to be empty
[2025-06-04 12:48:57] Processus supprimé pour bruno: feeling-down3-vote-20-left-0H:1M - error
[2025-06-04 12:48:57] Processus mis à jour pour bruno: feeling-down3-vote-20-left-0H:1M - error
[2025-06-04 12:48:57] Processus feeling-down3-vote-20-left-0H:1M terminé avec erreur
[2025-06-04 12:48:59] Récupération réussie: 200 images pour Challenge artistic-still-life5
[2025-06-04 12:48:59] Voting fetching ...
[2025-06-04 12:48:59] Challenge artistic-still-life5 voting 10 images
[2025-06-04 12:48:59] Challenge feeling-down3 vote failed: Vote failed: The 'image_ids/viewed_image_ids' parameter seems to be empty
[2025-06-04 12:48:59] Processus supprimé pour bruno: feeling-down3-vote-20-left-0H:3M - error
[2025-06-04 12:48:59] Processus mis à jour pour bruno: feeling-down3-vote-20-left-0H:3M - error
[2025-06-04 12:48:59] Processus feeling-down3-vote-20-left-0H:3M terminé avec erreur
[2025-06-04 12:49:01] Récupération réussie: 200 images pour Challenge artworks-on-walls
[2025-06-04 12:49:01] Voting fetching ...
[2025-06-04 12:49:01] Challenge artworks-on-walls voting 10 images
[2025-06-04 12:49:01] Récupération réussie: 200 images pour Challenge artistic-still-life5
[2025-06-04 12:49:01] Voting fetching ...
[2025-06-04 12:49:01] Challenge artistic-still-life5 voting 10 images
[2025-06-04 12:49:01] Récupération réussie: 200 images pour Challenge artworks-on-walls
[2025-06-04 12:49:01] Voting fetching ...
[2025-06-04 12:49:01] Challenge artworks-on-walls voting 10 images
[2025-06-04 12:49:01] Récupération réussie: 200 images pour Challenge joined-together1
[2025-06-04 12:49:01] Voting fetching ...
[2025-06-04 12:49:01] Challenge joined-together1 voting 10 images
[2025-06-04 12:49:01] Récupération réussie: 200 images pour Challenge asphalt-streets
[2025-06-04 12:49:01] Voting fetching ...
[2025-06-04 12:49:01] Challenge asphalt-streets voting 10 images
[2025-06-04 12:49:01] Challenge feeling-down3 vote failed: Vote failed: The 'image_ids/viewed_image_ids' parameter seems to be empty
[2025-06-04 12:49:03] Challenge feeling-down3 vote failed: Vote failed: The 'image_ids/viewed_image_ids' parameter seems to be empty
[2025-06-04 12:49:05] Récupération réussie: 200 images pour Challenge artworks-on-walls
[2025-06-04 12:49:05] Voting fetching ...
[2025-06-04 12:49:05] Challenge artworks-on-walls voting 10 images
[2025-06-04 12:49:05] Récupération réussie: 200 images pour Challenge artworks-on-walls
[2025-06-04 12:49:05] Voting fetching ...
[2025-06-04 12:49:05] Challenge artworks-on-walls voting 10 images
[2025-06-04 12:49:05] Récupération réussie: 200 images pour Challenge joined-together1
[2025-06-04 12:49:05] Voting fetching ...
[2025-06-04 12:49:05] Challenge joined-together1 voting 10 images
[2025-06-04 12:49:05] Récupération réussie: 200 images pour Challenge buildings-next-to-water
[2025-06-04 12:49:05] Voting fetching ...
[2025-06-04 12:49:05] Challenge buildings-next-to-water voting 10 images
[2025-06-04 12:49:05] Récupération réussie: 200 images pour Challenge artistic-still-life5
[2025-06-04 12:49:05] Voting fetching ...
[2025-06-04 12:49:05] Challenge artistic-still-life5 voting 10 images
[2025-06-04 12:49:05] Récupération réussie: 200 images pour Challenge artworks-on-walls
[2025-06-04 12:49:05] Voting fetching ...
[2025-06-04 12:49:05] Challenge artworks-on-walls voting 10 images
[2025-06-04 12:49:05] Récupération réussie: 200 images pour Challenge buildings-next-to-water
[2025-06-04 12:49:05] Voting fetching ...
[2025-06-04 12:49:05] Challenge buildings-next-to-water voting 10 images
[2025-06-04 12:49:05] Récupération réussie: 200 images pour Challenge joined-together1
[2025-06-04 12:49:05] Voting fetching ...
[2025-06-04 12:49:05] Challenge joined-together1 voting 10 images
[2025-06-04 12:49:05] Récupération réussie: 200 images pour Challenge artworks-on-walls
[2025-06-04 12:49:05] Voting fetching ...
[2025-06-04 12:49:05] Challenge artworks-on-walls voting 10 images
[2025-06-04 12:49:05] Récupération réussie: 200 images pour Challenge buildings-next-to-water
[2025-06-04 12:49:05] Voting fetching ...
[2025-06-04 12:49:05] Challenge buildings-next-to-water voting 10 images
[2025-06-04 12:49:05] Récupération réussie: 200 images pour Challenge asphalt-streets
[2025-06-04 12:49:05] Voting fetching ...
[2025-06-04 12:49:05] Challenge asphalt-streets voting 10 images
[2025-06-04 12:49:05] Récupération réussie: 200 images pour Challenge asphalt-streets
[2025-06-04 12:49:05] Voting fetching ...
[2025-06-04 12:49:05] Challenge asphalt-streets voting 10 images
[2025-06-04 12:49:05] Récupération réussie: 200 images pour Challenge buildings-next-to-water
[2025-06-04 12:49:05] Voting fetching ...
[2025-06-04 12:49:05] Challenge buildings-next-to-water voting 10 images
[2025-06-04 12:49:05] Récupération réussie: 200 images pour Challenge artworks-on-walls
[2025-06-04 12:49:05] Voting fetching ...
[2025-06-04 12:49:05] Challenge artworks-on-walls voting 10 images
[2025-06-04 12:49:05] Récupération réussie: 200 images pour Challenge artistic-still-life5
[2025-06-04 12:49:05] Voting fetching ...
[2025-06-04 12:49:05] Challenge artistic-still-life5 voting 10 images
[2025-06-04 12:49:05] Récupération réussie: 200 images pour Challenge buildings-next-to-water
[2025-06-04 12:49:05] Voting fetching ...
[2025-06-04 12:49:05] Challenge buildings-next-to-water voting 10 images
[2025-06-04 12:49:05] Récupération réussie: 200 images pour Challenge joined-together1
[2025-06-04 12:49:05] Voting fetching ...
[2025-06-04 12:49:05] Challenge joined-together1 voting 10 images
[2025-06-04 12:49:05] Récupération réussie: 200 images pour Challenge joined-together1
[2025-06-04 12:49:05] Voting fetching ...
[2025-06-04 12:49:05] Challenge joined-together1 voting 10 images
[2025-06-04 12:49:05] Récupération réussie: 200 images pour Challenge asphalt-streets
[2025-06-04 12:49:05] Voting fetching ...
[2025-06-04 12:49:05] Challenge asphalt-streets voting 10 images
[2025-06-04 12:49:05] Récupération réussie: 200 images pour Challenge asphalt-streets
[2025-06-04 12:49:05] Voting fetching ...
[2025-06-04 12:49:05] Challenge asphalt-streets voting 10 images
[2025-06-04 12:49:05] Récupération réussie: 200 images pour Challenge asphalt-streets
[2025-06-04 12:49:05] Voting fetching ...
[2025-06-04 12:49:05] Challenge asphalt-streets voting 10 images
[2025-06-04 12:49:05] Récupération réussie: 200 images pour Challenge asphalt-streets
[2025-06-04 12:49:05] Voting fetching ...
[2025-06-04 12:49:05] Challenge asphalt-streets voting 10 images
[2025-06-04 12:49:05] Récupération réussie: 200 images pour Challenge buildings-next-to-water
[2025-06-04 12:49:05] Voting fetching ...
[2025-06-04 12:49:05] Challenge buildings-next-to-water voting 10 images
[2025-06-04 12:49:05] Récupération réussie: 200 images pour Challenge buildings-next-to-water
[2025-06-04 12:49:05] Voting fetching ...
[2025-06-04 12:49:05] Challenge buildings-next-to-water voting 10 images
[2025-06-04 12:49:05] Récupération réussie: 200 images pour Challenge asphalt-streets
[2025-06-04 12:49:05] Voting fetching ...
[2025-06-04 12:49:05] Challenge asphalt-streets voting 10 images
[2025-06-04 12:49:05] Récupération réussie: 200 images pour Challenge joined-together1
[2025-06-04 12:49:05] Voting fetching ...
[2025-06-04 12:49:05] Challenge joined-together1 voting 10 images
[2025-06-04 12:49:05] Récupération réussie: 200 images pour Challenge buildings-next-to-water
[2025-06-04 12:49:05] Voting fetching ...
[2025-06-04 12:49:05] Challenge buildings-next-to-water voting 10 images
[2025-06-04 12:49:05] Récupération réussie: 200 images pour Challenge joined-together1
[2025-06-04 12:49:05] Voting fetching ...
[2025-06-04 12:49:05] Challenge joined-together1 voting 10 images
[2025-06-04 12:49:05] Récupération réussie: 200 images pour Challenge joined-together1
[2025-06-04 12:49:05] Voting fetching ...
[2025-06-04 12:49:05] Challenge joined-together1 voting 10 images
[2025-06-04 12:49:05] Récupération réussie: 200 images pour Challenge asphalt-streets
[2025-06-04 12:49:05] Voting fetching ...
[2025-06-04 12:49:05] Challenge asphalt-streets voting 10 images
[2025-06-04 12:49:05] Challenge photo-of-the-week-299 vote failed: Vote failed: The 'image_ids/viewed_image_ids' parameter seems to be empty
[2025-06-04 12:49:05] Processus supprimé pour bruno: photo-of-the-week-299-vote-20-left-0H:1M - error
[2025-06-04 12:49:05] Processus mis à jour pour bruno: photo-of-the-week-299-vote-20-left-0H:1M - error
[2025-06-04 12:49:05] Processus photo-of-the-week-299-vote-20-left-0H:1M terminé avec erreur
[2025-06-04 12:49:07] Récupération réussie: 200 images pour Challenge asphalt-streets
[2025-06-04 12:49:07] Voting fetching ...
[2025-06-04 12:49:07] Challenge asphalt-streets voting 10 images
[2025-06-04 12:49:07] Challenge artworks-on-walls vote failed: Vote failed: The 'image_ids/viewed_image_ids' parameter seems to be empty
[2025-06-04 12:49:07] Processus supprimé pour bruno: artworks-on-walls-vote-20-left-0H:3M - error
[2025-06-04 12:49:07] Processus mis à jour pour bruno: artworks-on-walls-vote-20-left-0H:3M - error
[2025-06-04 12:49:07] Processus artworks-on-walls-vote-20-left-0H:3M terminé avec erreur
[2025-06-04 12:49:10] Récupération réussie: 200 images pour Challenge joined-together1
[2025-06-04 12:49:10] Voting fetching ...
[2025-06-04 12:49:10] Challenge joined-together1 voting 10 images
[2025-06-04 12:49:10] Récupération réussie: 200 images pour Challenge buildings-next-to-water
[2025-06-04 12:49:10] Voting fetching ...
[2025-06-04 12:49:10] Challenge buildings-next-to-water voting 10 images
[2025-06-04 12:49:10] Récupération réussie: 200 images pour Challenge buildings-next-to-water
[2025-06-04 12:49:10] Voting fetching ...
[2025-06-04 12:49:10] Challenge buildings-next-to-water voting 10 images
[2025-06-04 12:49:10] Récupération réussie: 200 images pour Challenge asphalt-streets
[2025-06-04 12:49:10] Voting fetching ...
[2025-06-04 12:49:10] Challenge asphalt-streets voting 10 images
[2025-06-04 12:49:10] Récupération réussie: 200 images pour Challenge asphalt-streets
[2025-06-04 12:49:10] Voting fetching ...
[2025-06-04 12:49:10] Challenge asphalt-streets voting 10 images
[2025-06-04 12:49:10] Récupération réussie: 200 images pour Challenge asphalt-streets
[2025-06-04 12:49:10] Voting fetching ...
[2025-06-04 12:49:10] Challenge asphalt-streets voting 10 images
[2025-06-04 12:49:10] Challenge artistic-still-life5 vote failed: Vote failed: The 'image_ids/viewed_image_ids' parameter seems to be empty
[2025-06-04 12:49:10] Processus supprimé pour bruno: artistic-still-life5-vote-20-left-0H:3M - error
[2025-06-04 12:49:10] Processus mis à jour pour bruno: artistic-still-life5-vote-20-left-0H:3M - error
[2025-06-04 12:49:10] Processus artistic-still-life5-vote-20-left-0H:3M terminé avec erreur
[2025-06-04 12:49:12] Challenge artworks-on-walls vote failed: Vote failed: The 'image_ids/viewed_image_ids' parameter seems to be empty
[2025-06-04 12:49:14] Challenge artistic-still-life5 vote failed: Vote failed: The 'image_ids/viewed_image_ids' parameter seems to be empty
[2025-06-04 12:49:14] Processus supprimé pour bruno: artistic-still-life5-vote-20-left-0H:2M - error
[2025-06-04 12:49:14] Processus mis à jour pour bruno: artistic-still-life5-vote-20-left-0H:2M - error
[2025-06-04 12:49:14] Processus artistic-still-life5-vote-20-left-0H:2M terminé avec erreur
[2025-06-04 12:49:16] Challenge feeling-down3 vote failed: Vote failed: The 'image_ids/viewed_image_ids' parameter seems to be empty
[2025-06-04 12:49:16] Processus supprimé pour bruno: feeling-down3-vote-20-left-0H:2M - error
[2025-06-04 12:49:16] Processus mis à jour pour bruno: feeling-down3-vote-20-left-0H:2M - error
[2025-06-04 12:49:16] Processus feeling-down3-vote-20-left-0H:2M terminé avec erreur
[2025-06-04 12:49:18] Challenge feeling-down3 vote failed: Vote failed: The 'image_ids/viewed_image_ids' parameter seems to be empty
[2025-06-04 12:49:20] Challenge artworks-on-walls vote failed: Vote failed: The 'image_ids/viewed_image_ids' parameter seems to be empty
[2025-06-04 12:49:20] Processus supprimé pour bruno: artworks-on-walls-vote-20-left-0H:1M - error
[2025-06-04 12:49:20] Processus mis à jour pour bruno: artworks-on-walls-vote-20-left-0H:1M - error
[2025-06-04 12:49:20] Processus artworks-on-walls-vote-20-left-0H:1M terminé avec erreur
[2025-06-04 12:49:22] Challenge photo-of-the-week-299 vote failed: Vote failed: The 'image_ids/viewed_image_ids' parameter seems to be empty
[2025-06-04 12:49:22] Processus supprimé pour bruno: photo-of-the-week-299-vote-70-left-0H:4M - error
[2025-06-04 12:49:22] Processus mis à jour pour bruno: photo-of-the-week-299-vote-70-left-0H:4M - error
[2025-06-04 12:49:22] Processus photo-of-the-week-299-vote-70-left-0H:4M terminé avec erreur
[2025-06-04 12:49:24] Challenge artistic-still-life5 vote failed: Vote failed: The 'image_ids/viewed_image_ids' parameter seems to be empty
[2025-06-04 12:49:26] Challenge photo-of-the-week-299 vote failed: Vote failed: The 'image_ids/viewed_image_ids' parameter seems to be empty
[2025-06-04 12:49:28] Challenge photo-of-the-week-299 vote failed: Vote failed: The 'image_ids/viewed_image_ids' parameter seems to be empty
[2025-06-04 12:49:28] Processus supprimé pour bruno: photo-of-the-week-299-vote-20-left-0H:3M - error
[2025-06-04 12:49:28] Processus mis à jour pour bruno: photo-of-the-week-299-vote-20-left-0H:3M - error
[2025-06-04 12:49:28] Processus photo-of-the-week-299-vote-20-left-0H:3M terminé avec erreur
[2025-06-04 12:49:30] Challenge feeling-down3 vote failed: Vote failed: The 'image_ids/viewed_image_ids' parameter seems to be empty
[2025-06-04 12:49:30] Processus supprimé pour bruno: feeling-down3-vote-70-left-0H:4M - error
[2025-06-04 12:49:30] Processus mis à jour pour bruno: feeling-down3-vote-70-left-0H:4M - error
[2025-06-04 12:49:30] Processus feeling-down3-vote-70-left-0H:4M terminé avec erreur
[2025-06-04 12:49:32] Challenge photo-of-the-week-299 vote failed: Vote failed: The 'image_ids/viewed_image_ids' parameter seems to be empty
[2025-06-04 12:49:34] Challenge artistic-still-life5 vote failed: Vote failed: The 'image_ids/viewed_image_ids' parameter seems to be empty
[2025-06-04 12:49:36] Challenge joined-together1 vote failed: Vote failed: The 'image_ids/viewed_image_ids' parameter seems to be empty
[2025-06-04 12:49:36] Processus supprimé pour bruno: joined-together1-vote-20-left-0H:2M - error
[2025-06-04 12:49:36] Processus mis à jour pour bruno: joined-together1-vote-20-left-0H:2M - error
[2025-06-04 12:49:36] Processus joined-together1-vote-20-left-0H:2M terminé avec erreur
[2025-06-04 12:49:38] Challenge artistic-still-life5 vote failed: Vote failed: The 'image_ids/viewed_image_ids' parameter seems to be empty
[2025-06-04 12:49:38] Processus supprimé pour bruno: artistic-still-life5-vote-70-left-0H:4M - error
[2025-06-04 12:49:38] Processus mis à jour pour bruno: artistic-still-life5-vote-70-left-0H:4M - error
[2025-06-04 12:49:38] Processus artistic-still-life5-vote-70-left-0H:4M terminé avec erreur
[2025-06-04 12:49:40] Challenge artistic-still-life5 vote failed: Vote failed: The 'image_ids/viewed_image_ids' parameter seems to be empty
[2025-06-04 12:49:42] Challenge buildings-next-to-water vote failed: Vote failed: The 'image_ids/viewed_image_ids' parameter seems to be empty
[2025-06-04 12:49:42] Processus supprimé pour bruno: buildings-next-to-water-vote-20-left-0H:1M - error
[2025-06-04 12:49:42] Processus mis à jour pour bruno: buildings-next-to-water-vote-20-left-0H:1M - error
[2025-06-04 12:49:42] Processus buildings-next-to-water-vote-20-left-0H:1M terminé avec erreur
[2025-06-04 12:49:44] Challenge photo-of-the-week-299 vote failed: Vote failed: The 'image_ids/viewed_image_ids' parameter seems to be empty
[2025-06-04 12:49:44] Processus supprimé pour bruno: photo-of-the-week-299-vote-20-left-0H:2M - error
[2025-06-04 12:49:44] Processus mis à jour pour bruno: photo-of-the-week-299-vote-20-left-0H:2M - error
[2025-06-04 12:49:44] Processus photo-of-the-week-299-vote-20-left-0H:2M terminé avec erreur
[2025-06-04 12:49:46] Challenge joined-together1 vote failed: Vote failed: The 'image_ids/viewed_image_ids' parameter seems to be empty
[2025-06-04 12:49:46] Processus supprimé pour bruno: joined-together1-vote-70-left-0H:4M - error
[2025-06-04 12:49:46] Processus mis à jour pour bruno: joined-together1-vote-70-left-0H:4M - error
[2025-06-04 12:49:46] Processus joined-together1-vote-70-left-0H:4M terminé avec erreur
[2025-06-04 12:49:48] Challenge photo-of-the-week-299 vote failed: Vote failed: The 'image_ids/viewed_image_ids' parameter seems to be empty
[2025-06-04 12:49:50] Challenge photo-of-the-week-299 vote failed: Vote failed: The 'image_ids/viewed_image_ids' parameter seems to be empty
[2025-06-04 12:49:52] Challenge buildings-next-to-water vote failed: Vote failed: The 'image_ids/viewed_image_ids' parameter seems to be empty
[2025-06-04 12:49:52] Processus supprimé pour bruno: buildings-next-to-water-vote-70-left-0H:4M - error
[2025-06-04 12:49:52] Processus mis à jour pour bruno: buildings-next-to-water-vote-70-left-0H:4M - error
[2025-06-04 12:49:52] Processus buildings-next-to-water-vote-70-left-0H:4M terminé avec erreur
[2025-06-04 12:49:54] Challenge joined-together1 vote failed: Vote failed: The 'image_ids/viewed_image_ids' parameter seems to be empty
[2025-06-04 12:49:56] Challenge artistic-still-life5 vote failed: Vote failed: The 'image_ids/viewed_image_ids' parameter seems to be empty
[2025-06-04 12:49:58] Challenge artistic-still-life5 vote failed: Vote failed: The 'image_ids/viewed_image_ids' parameter seems to be empty
[2025-06-04 12:50:00] Challenge buildings-next-to-water vote failed: Vote failed: The 'image_ids/viewed_image_ids' parameter seems to be empty
[2025-06-04 12:50:00] Processus supprimé pour bruno: buildings-next-to-water-vote-20-left-0H:3M - error
[2025-06-04 12:50:00] Processus mis à jour pour bruno: buildings-next-to-water-vote-20-left-0H:3M - error
[2025-06-04 12:50:00] Processus buildings-next-to-water-vote-20-left-0H:3M terminé avec erreur
[2025-06-04 12:50:02] Challenge artworks-on-walls vote failed: Vote failed: The 'image_ids/viewed_image_ids' parameter seems to be empty
[2025-06-04 12:50:02] Processus supprimé pour bruno: artworks-on-walls-vote-70-left-0H:4M - error
[2025-06-04 12:50:02] Processus mis à jour pour bruno: artworks-on-walls-vote-70-left-0H:4M - error
[2025-06-04 12:50:02] Processus artworks-on-walls-vote-70-left-0H:4M terminé avec erreur
[2025-06-04 12:50:04] Challenge artworks-on-walls vote failed: Vote failed: The 'image_ids/viewed_image_ids' parameter seems to be empty
[2025-06-04 12:50:06] Challenge artworks-on-walls vote failed: Vote failed: The 'image_ids/viewed_image_ids' parameter seems to be empty
[2025-06-04 12:50:08] Challenge artistic-still-life5 vote failed: Vote failed: The 'image_ids/viewed_image_ids' parameter seems to be empty
[2025-06-04 12:50:08] Processus supprimé pour bruno: artistic-still-life5-vote-20-left-0H:1M - error
[2025-06-04 12:50:08] Processus mis à jour pour bruno: artistic-still-life5-vote-20-left-0H:1M - error
[2025-06-04 12:50:08] Processus artistic-still-life5-vote-20-left-0H:1M terminé avec erreur
[2025-06-04 12:50:10] Challenge asphalt-streets vote failed: Vote failed: The 'image_ids/viewed_image_ids' parameter seems to be empty
[2025-06-04 12:50:10] Processus supprimé pour bruno: asphalt-streets-vote-70-left-0H:4M - error
[2025-06-04 12:50:10] Processus mis à jour pour bruno: asphalt-streets-vote-70-left-0H:4M - error
[2025-06-04 12:50:10] Processus asphalt-streets-vote-70-left-0H:4M terminé avec erreur
[2025-06-04 12:50:12] Challenge artistic-still-life5 vote failed: Vote failed: The 'image_ids/viewed_image_ids' parameter seems to be empty
[2025-06-04 12:50:14] Challenge joined-together1 vote failed: Vote failed: The 'image_ids/viewed_image_ids' parameter seems to be empty
[2025-06-04 12:50:16] Challenge joined-together1 vote failed: Vote failed: The 'image_ids/viewed_image_ids' parameter seems to be empty
[2025-06-04 12:50:16] Processus supprimé pour bruno: joined-together1-vote-20-left-0H:3M - error
[2025-06-04 12:50:16] Processus mis à jour pour bruno: joined-together1-vote-20-left-0H:3M - error
[2025-06-04 12:50:16] Processus joined-together1-vote-20-left-0H:3M terminé avec erreur
[2025-06-04 12:50:18] Challenge artworks-on-walls vote failed: Vote failed: The 'image_ids/viewed_image_ids' parameter seems to be empty
[2025-06-04 12:50:18] Processus supprimé pour bruno: artworks-on-walls-vote-20-left-0H:2M - error
[2025-06-04 12:50:18] Processus mis à jour pour bruno: artworks-on-walls-vote-20-left-0H:2M - error
[2025-06-04 12:50:18] Processus artworks-on-walls-vote-20-left-0H:2M terminé avec erreur
[2025-06-04 12:50:20] Challenge artworks-on-walls vote failed: Vote failed: The 'image_ids/viewed_image_ids' parameter seems to be empty
[2025-06-04 12:50:22] Challenge artworks-on-walls vote failed: Vote failed: The 'image_ids/viewed_image_ids' parameter seems to be empty
[2025-06-04 12:50:24] Challenge artistic-still-life5 vote failed: Vote failed: The 'image_ids/viewed_image_ids' parameter seems to be empty
[2025-06-04 12:50:26] Challenge joined-together1 vote failed: Vote failed: The 'image_ids/viewed_image_ids' parameter seems to be empty
[2025-06-04 12:50:28] Challenge buildings-next-to-water vote failed: Vote failed: The 'image_ids/viewed_image_ids' parameter seems to be empty
[2025-06-04 12:50:30] Challenge artworks-on-walls vote failed: Vote failed: The 'image_ids/viewed_image_ids' parameter seems to be empty
[2025-06-04 12:50:32] Challenge asphalt-streets vote failed: Vote failed: The 'image_ids/viewed_image_ids' parameter seems to be empty
[2025-06-04 12:50:34] Challenge buildings-next-to-water vote failed: Vote failed: The 'image_ids/viewed_image_ids' parameter seems to be empty
[2025-06-04 12:50:36] Challenge asphalt-streets vote failed: Vote failed: The 'image_ids/viewed_image_ids' parameter seems to be empty
[2025-06-04 12:50:38] Challenge asphalt-streets vote failed: Vote failed: The 'image_ids/viewed_image_ids' parameter seems to be empty
[2025-06-04 12:50:40] Challenge buildings-next-to-water vote failed: Vote failed: The 'image_ids/viewed_image_ids' parameter seems to be empty
[2025-06-04 12:50:40] Processus supprimé pour bruno: buildings-next-to-water-vote-20-left-0H:2M - error
[2025-06-04 12:50:40] Processus mis à jour pour bruno: buildings-next-to-water-vote-20-left-0H:2M - error
[2025-06-04 12:50:40] Processus buildings-next-to-water-vote-20-left-0H:2M terminé avec erreur
[2025-06-04 12:50:42] Challenge joined-together1 vote failed: Vote failed: The 'image_ids/viewed_image_ids' parameter seems to be empty
[2025-06-04 12:50:44] Challenge asphalt-streets vote failed: Vote failed: The 'image_ids/viewed_image_ids' parameter seems to be empty
[2025-06-04 12:50:44] Processus supprimé pour bruno: asphalt-streets-vote-20-left-0H:1M - error
[2025-06-04 12:50:44] Processus mis à jour pour bruno: asphalt-streets-vote-20-left-0H:1M - error
[2025-06-04 12:50:44] Processus asphalt-streets-vote-20-left-0H:1M terminé avec erreur
[2025-06-04 12:50:46] Challenge joined-together1 vote failed: Vote failed: The 'image_ids/viewed_image_ids' parameter seems to be empty
[2025-06-04 12:50:48] Challenge joined-together1 vote failed: Vote failed: The 'image_ids/viewed_image_ids' parameter seems to be empty
[2025-06-04 12:50:50] Challenge asphalt-streets vote failed: Vote failed: The 'image_ids/viewed_image_ids' parameter seems to be empty
[2025-06-04 12:50:52] Challenge asphalt-streets vote failed: Vote failed: The 'image_ids/viewed_image_ids' parameter seems to be empty
[2025-06-04 12:50:52] Processus supprimé pour bruno: asphalt-streets-vote-20-left-0H:2M - error
[2025-06-04 12:50:52] Processus mis à jour pour bruno: asphalt-streets-vote-20-left-0H:2M - error
[2025-06-04 12:50:52] Processus asphalt-streets-vote-20-left-0H:2M terminé avec erreur
[2025-06-04 12:50:54] Challenge buildings-next-to-water vote failed: Vote failed: The 'image_ids/viewed_image_ids' parameter seems to be empty
[2025-06-04 12:50:56] Challenge asphalt-streets vote failed: Vote failed: The 'image_ids/viewed_image_ids' parameter seems to be empty
[2025-06-04 12:50:56] Processus supprimé pour bruno: asphalt-streets-vote-20-left-0H:3M - error
[2025-06-04 12:50:56] Processus mis à jour pour bruno: asphalt-streets-vote-20-left-0H:3M - error
[2025-06-04 12:50:56] Processus asphalt-streets-vote-20-left-0H:3M terminé avec erreur
[2025-06-04 12:50:58] Challenge buildings-next-to-water vote failed: Vote failed: The 'image_ids/viewed_image_ids' parameter seems to be empty
[2025-06-04 12:51:00] Challenge asphalt-streets vote failed: Vote failed: The 'image_ids/viewed_image_ids' parameter seems to be empty
[2025-06-04 12:51:02] Challenge buildings-next-to-water vote failed: Vote failed: The 'image_ids/viewed_image_ids' parameter seems to be empty
[2025-06-04 12:51:04] Challenge asphalt-streets vote failed: Vote failed: The 'image_ids/viewed_image_ids' parameter seems to be empty
[2025-06-04 12:51:06] Challenge joined-together1 vote failed: Vote failed: The 'image_ids/viewed_image_ids' parameter seems to be empty
[2025-06-04 12:51:06] Processus supprimé pour bruno: joined-together1-vote-20-left-0H:1M - error
[2025-06-04 12:51:06] Processus mis à jour pour bruno: joined-together1-vote-20-left-0H:1M - error
[2025-06-04 12:51:06] Processus joined-together1-vote-20-left-0H:1M terminé avec erreur
[2025-06-04 12:51:08] Challenge asphalt-streets vote failed: Vote failed: The 'image_ids/viewed_image_ids' parameter seems to be empty
[2025-06-04 12:51:10] Challenges fetching ...
[2025-06-04 12:51:10] Lancement automatique des stratégies de fin pour 7 nouveaux challenges...
[2025-06-04 12:51:10] Nouveau challenge détecté pour bruno: Joined Together
[2025-06-04 12:51:10] Nouveau challenge détecté pour bruno: Feeling Down
[2025-06-04 12:51:10] Nouveau challenge détecté pour bruno: Asphalt Streets
[2025-06-04 12:51:10] Nouveau challenge détecté pour bruno: Photo of the Week!
[2025-06-04 12:51:10] Nouveau challenge détecté pour bruno: Buildings Next To Water
[2025-06-04 12:51:10] Nouveau challenge détecté pour bruno: Artworks on Walls
[2025-06-04 12:51:10] Nouveau challenge détecté pour bruno: Artistic Still Life
[2025-06-04 12:51:10] Challenges fetched successfully for bruno!
[2025-06-04 12:51:10] Challenges fetching ...
[2025-06-04 12:51:10] Challenges fetched successfully for bruno!
[2025-06-04 12:51:10] Challenges fetching ...
[2025-06-04 12:51:10] Challenges fetched successfully for bruno!
[2025-06-04 12:51:10] Challenges fetching ...
[2025-06-04 12:51:10] Challenges fetched successfully for bruno!
[2025-06-04 12:51:11] Challenges fetching ...
[2025-06-04 12:51:11] Challenges fetched successfully for bruno!
[2025-06-04 12:51:11] Challenge joined-together1 vote failed: Vote failed: The 'image_ids/viewed_image_ids' parameter seems to be empty
[2025-06-04 12:51:13] Challenge artistic-still-life5 vote failed: Vote failed: The 'image_ids/viewed_image_ids' parameter seems to be empty
[2025-06-04 12:51:15] Challenge artworks-on-walls vote failed: Vote failed: The 'image_ids/viewed_image_ids' parameter seems to be empty
[2025-06-04 12:51:17] Challenge asphalt-streets vote failed: Vote failed: The 'image_ids/viewed_image_ids' parameter seems to be empty
[2025-06-04 12:51:19] Challenge buildings-next-to-water vote failed: Vote failed: The 'image_ids/viewed_image_ids' parameter seems to be empty
[2025-06-04 12:51:21] Challenge asphalt-streets vote failed: Vote failed: The 'image_ids/viewed_image_ids' parameter seems to be empty
[2025-06-04 12:51:23] Challenge joined-together1 vote failed: Vote failed: The 'image_ids/viewed_image_ids' parameter seems to be empty
[2025-06-04 12:51:25] Challenges fetching ...
[2025-06-04 12:51:25] Challenges fetched successfully for bruno!
[2025-06-04 12:51:25] Challenges fetching ...
[2025-06-04 12:51:25] Challenges fetched successfully for bruno!
[2025-06-04 12:51:25] Challenge buildings-next-to-water vote failed: Vote failed: The 'image_ids/viewed_image_ids' parameter seems to be empty
[2025-06-04 12:51:27] Challenge buildings-next-to-water vote failed: Vote failed: The 'image_ids/viewed_image_ids' parameter seems to be empty
[2025-06-04 12:51:29] Challenge buildings-next-to-water vote failed: Vote failed: The 'image_ids/viewed_image_ids' parameter seems to be empty
[2025-06-04 12:51:31] Challenges fetching ...
[2025-06-04 12:51:31] Challenges fetched successfully for bruno!
[2025-06-04 12:51:31] Challenges fetching ...
[2025-06-04 12:51:31] Challenges fetched successfully for bruno!
[2025-06-04 12:51:31] Challenge artworks-on-walls vote failed: Vote failed: The 'image_ids/viewed_image_ids' parameter seems to be empty
[2025-06-04 12:51:33] Challenge feeling-down3 vote failed: Vote failed: The 'image_ids/viewed_image_ids' parameter seems to be empty
[2025-06-04 12:51:35] Challenge photo-of-the-week-299 vote failed: Vote failed: The 'image_ids/viewed_image_ids' parameter seems to be empty
[2025-06-04 12:51:37] Challenge photo-of-the-week-299 vote failed: Vote failed: The 'image_ids/viewed_image_ids' parameter seems to be empty
[2025-06-04 12:51:39] Challenge feeling-down3 vote failed: Vote failed: The 'image_ids/viewed_image_ids' parameter seems to be empty
[2025-06-04 12:51:41] Challenge feeling-down3 vote failed: Vote failed: The 'image_ids/viewed_image_ids' parameter seems to be empty
[2025-06-04 12:51:43] Challenge joined-together1 vote failed: Vote failed: The 'image_ids/viewed_image_ids' parameter seems to be empty
[2025-06-04 12:51:45] Challenge photo-of-the-week-299 vote failed: Vote failed: The 'image_ids/viewed_image_ids' parameter seems to be empty
[2025-06-04 12:51:47] Challenge photo-of-the-week-299 vote failed: Vote failed: The 'image_ids/viewed_image_ids' parameter seems to be empty
[2025-06-04 12:51:49] Challenge feeling-down3 vote failed: Vote failed: The 'image_ids/viewed_image_ids' parameter seems to be empty
[2025-06-04 12:51:51] Challenge feeling-down3 vote failed: Vote failed: The 'image_ids/viewed_image_ids' parameter seems to be empty
[2025-06-04 12:51:53] Challenge feeling-down3 vote failed: Vote failed: The 'image_ids/viewed_image_ids' parameter seems to be empty
[2025-06-04 12:51:55] Challenge artistic-still-life5 vote failed: Vote failed: The 'image_ids/viewed_image_ids' parameter seems to be empty
[2025-06-04 12:51:57] Challenge photo-of-the-week-299 vote failed: Vote failed: The 'image_ids/viewed_image_ids' parameter seems to be empty
[2025-06-04 12:51:59] Challenge artworks-on-walls vote failed: Vote failed: The 'image_ids/viewed_image_ids' parameter seems to be empty
[2025-06-04 12:52:02] Challenges fetching ...
[2025-06-04 12:52:02] Challenges fetched successfully for bruno!
[2025-06-04 12:52:02] Challenges fetching ...
[2025-06-04 12:52:02] Challenges fetched successfully for bruno!
[2025-06-04 12:52:02] Challenges fetching ...
[2025-06-04 12:52:02] Challenges fetched successfully for bruno!
[2025-06-04 12:52:02] Challenges fetching ...
[2025-06-04 12:52:02] Challenges fetched successfully for bruno!
[2025-06-04 12:52:02] Challenges fetching ...
[2025-06-04 12:52:02] Challenges fetched successfully for bruno!
[2025-06-04 12:52:02] Challenges fetching ...
[2025-06-04 12:52:02] Challenges fetched successfully for bruno!
[2025-06-04 12:52:02] Challenges fetching ...
[2025-06-04 12:52:02] Challenges fetched successfully for bruno!
[2025-06-04 12:52:02] Challenges fetching ...
[2025-06-04 12:52:02] Challenges fetched successfully for bruno!
[2025-06-04 12:52:02] Challenges fetching ...
[2025-06-04 12:52:02] Challenges fetched successfully for bruno!
[2025-06-04 12:52:02] Challenges fetching ...
[2025-06-04 12:52:02] Challenges fetched successfully for bruno!
[2025-06-04 12:52:02] Challenges fetching ...
[2025-06-04 12:52:02] Challenges fetched successfully for bruno!
[2025-06-04 12:52:02] Challenges fetching ...
[2025-06-04 12:52:02] Challenges fetched successfully for bruno!
[2025-06-04 12:52:02] Challenges fetching ...
[2025-06-04 12:52:02] Challenges fetched successfully for bruno!
[2025-06-04 12:52:02] Challenges fetching ...
[2025-06-04 12:52:02] Challenges fetched successfully for bruno!
[2025-06-04 12:52:02] Challenges fetching ...
[2025-06-04 12:52:02] Challenges fetched successfully for bruno!
[2025-06-04 12:52:02] Challenges fetching ...
[2025-06-04 12:52:02] Challenges fetched successfully for bruno!
[2025-06-04 12:52:02] Challenges fetching ...
[2025-06-04 12:52:02] Challenges fetched successfully for bruno!
[2025-06-04 12:52:02] Challenges fetching ...
[2025-06-04 12:52:02] Challenges fetched successfully for bruno!
[2025-06-04 12:52:02] Challenges fetching ...
[2025-06-04 12:52:02] Challenges fetched successfully for bruno!
[2025-06-04 12:52:02] Challenges fetching ...
[2025-06-04 12:52:02] Challenges fetched successfully for bruno!
[2025-06-04 12:52:02] Challenges fetching ...
[2025-06-04 12:52:02] Challenges fetched successfully for bruno!
[2025-06-04 12:52:02] Challenges fetching ...
[2025-06-04 12:52:02] Challenges fetched successfully for bruno!
[2025-06-04 12:52:02] Challenges fetching ...
[2025-06-04 12:52:02] Challenges fetched successfully for bruno!
[2025-06-04 12:52:02] Challenges fetching ...
[2025-06-04 12:52:02] Challenges fetched successfully for bruno!
[2025-06-04 12:52:02] Challenges fetching ...
[2025-06-04 12:52:02] Challenges fetched successfully for bruno!
[2025-06-04 12:52:02] Challenges fetching ...
[2025-06-04 12:52:02] Challenges fetched successfully for bruno!
[2025-06-04 12:52:02] Challenges fetching ...
[2025-06-04 12:52:02] Challenges fetched successfully for bruno!
[2025-06-04 12:52:02] Challenges fetching ...
[2025-06-04 12:52:02] Challenges fetched successfully for bruno!
[2025-06-04 12:52:02] Challenges fetching ...
[2025-06-04 12:52:02] Challenges fetched successfully for bruno!
[2025-06-04 12:52:02] Challenges fetching ...
[2025-06-04 12:52:02] Challenges fetched successfully for bruno!
[2025-06-04 12:52:02] Challenges fetching ...
[2025-06-04 12:52:02] Challenges fetched successfully for bruno!
[2025-06-04 12:52:02] Challenges fetching ...
[2025-06-04 12:52:02] Challenges fetched successfully for bruno!
[2025-06-04 12:52:02] Challenges fetching ...
[2025-06-04 12:52:02] Challenges fetched successfully for bruno!
[2025-06-04 12:52:02] Challenges fetching ...
[2025-06-04 12:52:02] Challenges fetched successfully for bruno!
[2025-06-04 12:52:02] Challenges fetching ...
[2025-06-04 12:52:03] Challenges fetched successfully for bruno!
[2025-06-04 12:52:03] Challenges fetching ...
[2025-06-04 12:52:03] Challenges fetched successfully for bruno!
[2025-06-04 12:52:03] Challenges fetching ...
[2025-06-04 12:52:03] Challenges fetched successfully for bruno!
[2025-06-04 12:52:03] Challenges fetching ...
[2025-06-04 12:52:03] Challenges fetched successfully for bruno!
[2025-06-04 12:52:03] Challenges fetching ...
[2025-06-04 12:52:03] Challenges fetched successfully for bruno!
[2025-06-04 12:52:03] Challenges fetching ...
[2025-06-04 12:52:03] Challenges fetched successfully for bruno!
[2025-06-04 12:52:03] Challenges fetching ...
[2025-06-04 12:52:03] Challenges fetched successfully for bruno!
[2025-06-04 12:52:03] Challenges fetching ...
[2025-06-04 12:52:03] Challenges fetched successfully for bruno!
[2025-06-04 12:52:03] Challenges fetching ...
[2025-06-04 12:52:03] Challenges fetched successfully for bruno!
[2025-06-04 12:52:03] Challenges fetching ...
[2025-06-04 12:52:03] Challenges fetched successfully for bruno!
[2025-06-04 12:52:03] Challenges fetching ...
[2025-06-04 12:52:03] Challenges fetched successfully for bruno!
[2025-06-04 12:52:03] Challenges fetching ...
[2025-06-04 12:52:03] Challenges fetched successfully for bruno!
[2025-06-04 12:52:03] Challenges fetching ...
[2025-06-04 12:52:03] Challenges fetched successfully for bruno!
[2025-06-04 12:52:03] Challenges fetching ...
[2025-06-04 12:52:03] Challenges fetched successfully for bruno!
[2025-06-04 12:52:03] Challenges fetching ...
[2025-06-04 12:52:03] Challenges fetched successfully for bruno!
[2025-06-04 12:52:03] Challenges fetching ...
[2025-06-04 12:52:03] Challenges fetched successfully for bruno!
[2025-06-04 12:52:03] Challenges fetching ...
[2025-06-04 12:52:03] Challenges fetched successfully for bruno!
[2025-06-04 12:52:03] Challenges fetching ...
[2025-06-04 12:52:03] Challenges fetched successfully for bruno!
[2025-06-04 12:52:03] Challenges fetching ...
[2025-06-04 12:52:03] Challenges fetched successfully for bruno!
[2025-06-04 12:52:03] Challenges fetching ...
[2025-06-04 12:52:03] Challenges fetched successfully for bruno!
[2025-06-04 12:52:03] Challenges fetching ...
[2025-06-04 12:52:03] Challenges fetched successfully for bruno!
[2025-06-04 12:52:03] Challenges fetching ...
[2025-06-04 12:52:03] Challenges fetched successfully for bruno!
[2025-06-04 12:52:03] Challenges fetching ...
[2025-06-04 12:52:03] Challenges fetched successfully for bruno!
[2025-06-04 12:52:03] Challenges fetching ...
[2025-06-04 12:52:03] Challenges fetched successfully for bruno!
[2025-06-04 12:52:03] Challenges fetching ...
[2025-06-04 12:52:03] Challenges fetched successfully for bruno!
[2025-06-04 12:52:03] Challenges fetching ...
[2025-06-04 12:52:03] Challenges fetched successfully for bruno!
[2025-06-04 12:52:03] Challenges fetching ...
[2025-06-04 12:52:03] Challenges fetched successfully for bruno!
[2025-06-04 12:52:03] Challenges fetching ...
[2025-06-04 12:52:03] Challenges fetched successfully for bruno!
[2025-06-04 12:52:03] Challenges fetching ...
[2025-06-04 12:52:03] Challenges fetched successfully for bruno!
[2025-06-04 12:52:03] Challenges fetching ...
[2025-06-04 12:52:03] Challenges fetched successfully for bruno!
[2025-06-04 12:52:03] Challenges fetching ...
[2025-06-04 12:52:03] Challenges fetched successfully for bruno!
[2025-06-04 12:52:03] Challenges fetching ...
[2025-06-04 12:52:03] Challenges fetched successfully for bruno!
[2025-06-04 12:52:04] Challenges fetching ...
[2025-06-04 12:52:04] Challenges fetched successfully for bruno!
[2025-06-04 12:52:04] Challenges fetching ...
[2025-06-04 12:52:04] Challenges fetched successfully for bruno!
[2025-06-04 12:52:04] Challenges fetching ...
[2025-06-04 12:52:04] Challenges fetched successfully for bruno!
[2025-06-04 12:52:04] Challenges fetching ...
[2025-06-04 12:52:04] Challenges fetched successfully for bruno!
[2025-06-04 12:52:04] Challenges fetching ...
[2025-06-04 12:52:04] Challenges fetched successfully for bruno!
[2025-06-04 12:52:04] Challenges fetching ...
[2025-06-04 12:52:04] Challenges fetched successfully for bruno!
[2025-06-04 12:52:04] Challenges fetching ...
[2025-06-04 12:52:04] Challenges fetched successfully for bruno!
[2025-06-04 12:52:04] Challenges fetching ...
[2025-06-04 12:52:04] Challenges fetched successfully for bruno!
[2025-06-04 12:52:04] Challenges fetching ...
[2025-06-04 12:52:04] Challenges fetched successfully for bruno!
[2025-06-04 12:52:04] Challenges fetching ...
[2025-06-04 12:52:04] Challenges fetched successfully for bruno!
[2025-06-04 12:52:04] Challenges fetching ...
[2025-06-04 12:52:04] Challenges fetched successfully for bruno!
[2025-06-04 12:52:04] Challenges fetching ...
[2025-06-04 12:52:04] Challenges fetched successfully for bruno!
[2025-06-04 12:52:04] Challenges fetching ...
[2025-06-04 12:52:04] Challenges fetched successfully for bruno!
[2025-06-04 12:52:05] Challenges fetching ...
[2025-06-04 12:52:05] Challenges fetched successfully for bruno!
[2025-06-04 12:52:05] Challenges fetching ...
[2025-06-04 12:52:05] Challenges fetched successfully for bruno!
[2025-06-04 12:52:05] Challenges fetching ...
[2025-06-04 12:52:05] Challenges fetched successfully for bruno!
[2025-06-04 16:05:08] Processus mis à jour pour pascale: asphalt-streets-vote-70-left-0H:4M - executing
[2025-06-04 16:05:08] Traitement de vote pour Asphalt Streets
[2025-06-04 16:05:08] Asphalt Streets get vote panel
[2025-06-04 16:05:08] Processus associé: asphalt-streets-vote-70-left-0H:4M
[2025-06-04 16:05:30] Récupération des données de vote pour Asphalt Streets (URL: asphalt-streets, HEADER:{'User-Agent': 'Mozilla/5.0 (X11; Linux i686; rv:39.0) Gecko/20100101 Firefox/39.0', 'x-api-version': '8', 'x-env': 'WEB', 'X-requested-with': 'XMLHttpRequest', 'X-token': 'f96bbe3a7e7f833329e7129767a69abbfa6dfce3152e3c2a311eb49d89b5c3bb2b12b66b402f03dce682b8b2b6a005cd'})
[2025-06-04 16:05:30] Récupération des données de vote pour Asphalt Streets (URL: asphalt-streets, HEADER:{'User-Agent': 'Mozilla/5.0 (X11; Linux i686; rv:39.0) Gecko/20100101 Firefox/39.0', 'x-api-version': '8', 'x-env': 'WEB', 'X-requested-with': 'XMLHttpRequest', 'X-token': 'f96bbe3a7e7f833329e7129767a69abbfa6dfce3152e3c2a311eb49d89b5c3bb2b12b66b402f03dce682b8b2b6a005cd'})
[2025-06-04 16:05:30] Récupération des données de vote pour Asphalt Streets (URL: asphalt-streets, HEADER:{'User-Agent': 'Mozilla/5.0 (X11; Linux i686; rv:39.0) Gecko/20100101 Firefox/39.0', 'x-api-version': '8', 'x-env': 'WEB', 'X-requested-with': 'XMLHttpRequest', 'X-token': 'f96bbe3a7e7f833329e7129767a69abbfa6dfce3152e3c2a311eb49d89b5c3bb2b12b66b402f03dce682b8b2b6a005cd'})
[2025-06-04 16:05:30] Récupération des données de vote pour Asphalt Streets (URL: asphalt-streets, HEADER:{'User-Agent': 'Mozilla/5.0 (X11; Linux i686; rv:39.0) Gecko/20100101 Firefox/39.0', 'x-api-version': '8', 'x-env': 'WEB', 'X-requested-with': 'XMLHttpRequest', 'X-token': 'f96bbe3a7e7f833329e7129767a69abbfa6dfce3152e3c2a311eb49d89b5c3bb2b12b66b402f03dce682b8b2b6a005cd'})
[2025-06-04 16:05:30] Récupération des données de vote pour Asphalt Streets (URL: asphalt-streets, HEADER:{'User-Agent': 'Mozilla/5.0 (X11; Linux i686; rv:39.0) Gecko/20100101 Firefox/39.0', 'x-api-version': '8', 'x-env': 'WEB', 'X-requested-with': 'XMLHttpRequest', 'X-token': 'f96bbe3a7e7f833329e7129767a69abbfa6dfce3152e3c2a311eb49d89b5c3bb2b12b66b402f03dce682b8b2b6a005cd'})
[2025-06-04 16:05:30] Récupération des données de vote pour Asphalt Streets (URL: asphalt-streets, HEADER:{'User-Agent': 'Mozilla/5.0 (X11; Linux i686; rv:39.0) Gecko/20100101 Firefox/39.0', 'x-api-version': '8', 'x-env': 'WEB', 'X-requested-with': 'XMLHttpRequest', 'X-token': 'f96bbe3a7e7f833329e7129767a69abbfa6dfce3152e3c2a311eb49d89b5c3bb2b12b66b402f03dce682b8b2b6a005cd'})
[2025-06-04 16:05:30] Récupération des données de vote pour Asphalt Streets (URL: asphalt-streets, HEADER:{'User-Agent': 'Mozilla/5.0 (X11; Linux i686; rv:39.0) Gecko/20100101 Firefox/39.0', 'x-api-version': '8', 'x-env': 'WEB', 'X-requested-with': 'XMLHttpRequest', 'X-token': 'f96bbe3a7e7f833329e7129767a69abbfa6dfce3152e3c2a311eb49d89b5c3bb2b12b66b402f03dce682b8b2b6a005cd'})
[2025-06-04 16:05:31] Récupération réussie: 200 images pour Asphalt Streets
[2025-06-04 16:05:31] Voting fetching ...
[2025-06-04 16:05:31] Asphalt Streets voting 10 images
[2025-06-04 16:05:31] Récupération réussie: 200 images pour Asphalt Streets
[2025-06-04 16:05:31] Voting fetching ...
[2025-06-04 16:05:31] Asphalt Streets voting 10 images
[2025-06-04 16:05:31] Récupération réussie: 200 images pour Asphalt Streets
[2025-06-04 16:05:31] Voting fetching ...
[2025-06-04 16:05:31] Asphalt Streets voting 10 images
[2025-06-04 16:05:31] Récupération réussie: 200 images pour Asphalt Streets
[2025-06-04 16:05:31] Voting fetching ...
[2025-06-04 16:05:31] Asphalt Streets voting 10 images
[2025-06-04 16:05:31] Récupération réussie: 200 images pour Asphalt Streets
[2025-06-04 16:05:31] Voting fetching ...
[2025-06-04 16:05:31] Asphalt Streets voting 10 images
[2025-06-04 16:05:31] Récupération réussie: 200 images pour Asphalt Streets
[2025-06-04 16:05:31] Voting fetching ...
[2025-06-04 16:05:31] Asphalt Streets voting 10 images
[2025-06-04 16:05:31] Récupération réussie: 200 images pour Asphalt Streets
[2025-06-04 16:05:31] Voting fetching ...
[2025-06-04 16:05:31] Asphalt Streets voting 10 images
[2025-06-04 16:05:32] Asphalt Streets voted successfully
[2025-06-04 16:05:32] Processus supprimé pour pascale: asphalt-streets-vote-70-left-0H:4M - success
[2025-06-04 16:05:32] Processus mis à jour pour pascale: asphalt-streets-vote-70-left-0H:4M - success
[2025-06-04 16:05:32] Processus asphalt-streets-vote-70-left-0H:4M terminé avec succès (profil: pascale)
[2025-06-04 16:05:34] Asphalt Streets voted successfully
[2025-06-04 16:05:36] Asphalt Streets voted successfully
[2025-06-04 16:05:38] Asphalt Streets voted successfully
[2025-06-04 16:05:42] Asphalt Streets voted successfully
[2025-06-04 16:05:44] Asphalt Streets voted successfully
[2025-06-04 16:05:48] Asphalt Streets voted successfully
[2025-06-04 16:05:51] Challenges fetching ...
[2025-06-04 16:05:51] Challenges fetched successfully for pascale!
[2025-06-04 16:05:51] Challenges fetching ...
[2025-06-04 16:05:51] Challenges fetched successfully for pascale!
[2025-06-04 16:05:51] Challenges fetching ...
[2025-06-04 16:05:51] Challenges fetched successfully for pascale!
[2025-06-04 16:05:51] Challenges fetching ...
[2025-06-04 16:05:51] Challenges fetched successfully for pascale!
[2025-06-04 16:05:51] Challenges fetching ...
[2025-06-04 16:05:51] Challenges fetched successfully for pascale!
[2025-06-04 16:05:52] Challenges fetching ...
[2025-06-04 16:05:52] Challenges fetched successfully for pascale!
[2025-06-04 16:05:52] Challenges fetching ...
[2025-06-04 16:05:52] Challenges fetched successfully for pascale!
[2025-06-04 16:06:11] Processus mis à jour pour pascale: asphalt-streets-vote-20-left-0H:3M - executing
[2025-06-04 16:06:11] Traitement de vote pour Asphalt Streets
[2025-06-04 16:06:11] Asphalt Streets get vote panel
[2025-06-04 16:06:11] Processus associé: asphalt-streets-vote-20-left-0H:3M
[2025-06-04 16:06:18] Récupération des données de vote pour Asphalt Streets (URL: asphalt-streets, HEADER:{'User-Agent': 'Mozilla/5.0 (X11; Linux i686; rv:39.0) Gecko/20100101 Firefox/39.0', 'x-api-version': '8', 'x-env': 'WEB', 'X-requested-with': 'XMLHttpRequest', 'X-token': 'f96bbe3a7e7f833329e7129767a69abbfa6dfce3152e3c2a311eb49d89b5c3bb2b12b66b402f03dce682b8b2b6a005cd'})
[2025-06-04 16:06:18] Récupération des données de vote pour Asphalt Streets (URL: asphalt-streets, HEADER:{'User-Agent': 'Mozilla/5.0 (X11; Linux i686; rv:39.0) Gecko/20100101 Firefox/39.0', 'x-api-version': '8', 'x-env': 'WEB', 'X-requested-with': 'XMLHttpRequest', 'X-token': 'f96bbe3a7e7f833329e7129767a69abbfa6dfce3152e3c2a311eb49d89b5c3bb2b12b66b402f03dce682b8b2b6a005cd'})
[2025-06-04 16:06:19] Récupération réussie: 200 images pour Asphalt Streets
[2025-06-04 16:06:19] Voting fetching ...
[2025-06-04 16:06:19] Asphalt Streets voting 10 images
[2025-06-04 16:06:19] Récupération réussie: 200 images pour Asphalt Streets
[2025-06-04 16:06:19] Voting fetching ...
[2025-06-04 16:06:19] Asphalt Streets voting 10 images
[2025-06-04 16:06:20] Asphalt Streets voted successfully
[2025-06-04 16:06:20] Processus supprimé pour pascale: asphalt-streets-vote-20-left-0H:3M - success
[2025-06-04 16:06:20] Processus mis à jour pour pascale: asphalt-streets-vote-20-left-0H:3M - success
[2025-06-04 16:06:20] Processus asphalt-streets-vote-20-left-0H:3M terminé avec succès (profil: pascale)
[2025-06-04 16:06:22] Asphalt Streets voted successfully
[2025-06-04 16:06:25] Challenges fetching ...
[2025-06-04 16:06:25] Challenges fetched successfully for pascale!
[2025-06-04 16:06:25] Challenges fetching ...
[2025-06-04 16:06:25] Challenges fetched successfully for pascale!
[2025-06-04 16:07:04] Processus mis à jour pour pascale: asphalt-streets-vote-20-left-0H:2M - executing
[2025-06-04 16:07:04] Traitement de vote pour Asphalt Streets
[2025-06-04 16:07:04] Asphalt Streets get vote panel
[2025-06-04 16:07:04] Processus associé: asphalt-streets-vote-20-left-0H:2M
[2025-06-04 16:07:10] Récupération des données de vote pour Asphalt Streets (URL: asphalt-streets, HEADER:{'User-Agent': 'Mozilla/5.0 (X11; Linux i686; rv:39.0) Gecko/20100101 Firefox/39.0', 'x-api-version': '8', 'x-env': 'WEB', 'X-requested-with': 'XMLHttpRequest', 'X-token': 'f96bbe3a7e7f833329e7129767a69abbfa6dfce3152e3c2a311eb49d89b5c3bb2b12b66b402f03dce682b8b2b6a005cd'})
[2025-06-04 16:07:10] Récupération des données de vote pour Asphalt Streets (URL: asphalt-streets, HEADER:{'User-Agent': 'Mozilla/5.0 (X11; Linux i686; rv:39.0) Gecko/20100101 Firefox/39.0', 'x-api-version': '8', 'x-env': 'WEB', 'X-requested-with': 'XMLHttpRequest', 'X-token': 'f96bbe3a7e7f833329e7129767a69abbfa6dfce3152e3c2a311eb49d89b5c3bb2b12b66b402f03dce682b8b2b6a005cd'})
[2025-06-04 16:07:11] Récupération réussie: 200 images pour Asphalt Streets
[2025-06-04 16:07:11] Voting fetching ...
[2025-06-04 16:07:11] Asphalt Streets voting 10 images
[2025-06-04 16:07:11] Récupération réussie: 200 images pour Asphalt Streets
[2025-06-04 16:07:11] Voting fetching ...
[2025-06-04 16:07:11] Asphalt Streets voting 10 images
[2025-06-04 16:07:12] Asphalt Streets voted successfully
[2025-06-04 16:07:12] Processus supprimé pour pascale: asphalt-streets-vote-20-left-0H:2M - success
[2025-06-04 16:07:12] Processus mis à jour pour pascale: asphalt-streets-vote-20-left-0H:2M - success
[2025-06-04 16:07:12] Processus asphalt-streets-vote-20-left-0H:2M terminé avec succès (profil: pascale)
[2025-06-04 16:07:14] Asphalt Streets voted successfully
[2025-06-04 16:07:17] Challenges fetching ...
[2025-06-04 16:07:17] Challenges fetched successfully for pascale!
[2025-06-04 16:07:17] Challenges fetching ...
[2025-06-04 16:07:17] Challenges fetched successfully for pascale!
[2025-06-04 16:08:06] Processus mis à jour pour pascale: asphalt-streets-vote-20-left-0H:1M - executing
[2025-06-04 16:08:06] Traitement de vote pour Asphalt Streets
[2025-06-04 16:08:06] Asphalt Streets get vote panel
[2025-06-04 16:08:06] Processus associé: asphalt-streets-vote-20-left-0H:1M
[2025-06-04 16:08:12] Récupération des données de vote pour Asphalt Streets (URL: asphalt-streets, HEADER:{'User-Agent': 'Mozilla/5.0 (X11; Linux i686; rv:39.0) Gecko/20100101 Firefox/39.0', 'x-api-version': '8', 'x-env': 'WEB', 'X-requested-with': 'XMLHttpRequest', 'X-token': 'f96bbe3a7e7f833329e7129767a69abbfa6dfce3152e3c2a311eb49d89b5c3bb2b12b66b402f03dce682b8b2b6a005cd'})
[2025-06-04 16:08:12] Récupération des données de vote pour Asphalt Streets (URL: asphalt-streets, HEADER:{'User-Agent': 'Mozilla/5.0 (X11; Linux i686; rv:39.0) Gecko/20100101 Firefox/39.0', 'x-api-version': '8', 'x-env': 'WEB', 'X-requested-with': 'XMLHttpRequest', 'X-token': 'f96bbe3a7e7f833329e7129767a69abbfa6dfce3152e3c2a311eb49d89b5c3bb2b12b66b402f03dce682b8b2b6a005cd'})
[2025-06-04 16:08:13] Récupération réussie: 200 images pour Asphalt Streets
[2025-06-04 16:08:13] Voting fetching ...
[2025-06-04 16:08:13] Asphalt Streets voting 10 images
[2025-06-04 16:08:13] Récupération réussie: 200 images pour Asphalt Streets
[2025-06-04 16:08:13] Voting fetching ...
[2025-06-04 16:08:13] Asphalt Streets voting 10 images
[2025-06-04 16:08:14] Asphalt Streets voted successfully
[2025-06-04 16:08:14] Processus supprimé pour pascale: asphalt-streets-vote-20-left-0H:1M - success
[2025-06-04 16:08:14] Processus mis à jour pour pascale: asphalt-streets-vote-20-left-0H:1M - success
[2025-06-04 16:08:14] Processus asphalt-streets-vote-20-left-0H:1M terminé avec succès (profil: pascale)
[2025-06-04 16:08:16] Asphalt Streets voted successfully
[2025-06-04 16:08:19] Challenges fetching ...
[2025-06-04 16:08:19] Challenges fetched successfully for pascale!
[2025-06-04 16:08:19] Challenges fetching ...
[2025-06-04 16:08:19] Challenges fetched successfully for pascale!
[2025-06-04 16:26:33] Refreshing challenges...
[2025-06-04 16:26:33] Fetching challenges...
[2025-06-04 16:26:34] Challenges fetching ...
[2025-06-04 16:26:34] Lancement automatique des stratégies de fin pour 4 nouveaux challenges...
[2025-06-04 16:26:34] Nouveau challenge détecté pour bruno: Powerful Smells
[2025-06-04 16:26:34] Nouveau challenge détecté pour bruno: Gone Walking
[2025-06-04 16:26:34] Nouveau challenge détecté pour bruno: Nature’s Soothing Sounds
[2025-06-04 16:26:34] Nouveau challenge détecté pour bruno: Cactus & Succulent Plants
[2025-06-04 16:26:34] Challenges fetched successfully for bruno!
[2025-06-04 16:26:45] Désélection de tous les challenges

[2025-06-04 16:27:01] Lancement de la stratégie end4 pour Buildings Next To Water
[2025-06-04 16:27:01] Nouveau processus ajouté pour bruno: buildings-next-to-water-vote-70-left-0H:4M - Statut: init
[2025-06-04 16:27:01] Nouveau processus ajouté pour bruno: buildings-next-to-water-vote-20-left-0H:3M - Statut: init
[2025-06-04 16:27:01] Traitement du challenge pour bruno: buildings-next-to-water
[2025-06-04 16:27:01] Traitement du challenge pour bruno: buildings-next-to-water
[2025-06-04 16:27:01] Nouveau processus ajouté pour bruno: buildings-next-to-water-vote-20-left-0H:2M - Statut: init
[2025-06-04 16:27:01] Nouveau processus ajouté pour bruno: buildings-next-to-water-vote-20-left-0H:1M - Statut: init
[2025-06-04 16:27:01] Traitement du challenge pour bruno: buildings-next-to-water
[2025-06-04 16:27:01] Traitement du challenge pour bruno: buildings-next-to-water
[2025-06-04 16:27:01] Processus mis à jour pour bruno: buildings-next-to-water-vote-70-left-0H:4M - waiting
[2025-06-04 16:27:01] Processus mis à jour pour bruno: buildings-next-to-water-vote-20-left-0H:3M - waiting
[2025-06-04 16:27:01] Processus mis à jour pour bruno: buildings-next-to-water-vote-20-left-0H:2M - waiting
[2025-06-04 16:27:01] Processus mis à jour pour bruno: buildings-next-to-water-vote-20-left-0H:1M - waiting
[2025-06-04 16:27:01] Application des stratégies pour les challenges sélectionnés:
- Buildings Next To Water avec stratégie end4

[2025-06-04 20:55:06] Processus mis à jour pour pascale: buildings-next-to-water-vote-70-left-0H:4M - executing
[2025-06-04 20:55:06] Traitement de vote pour Buildings Next To Water
[2025-06-04 20:55:06] Buildings Next To Water get vote panel
[2025-06-04 20:55:06] Processus associé: buildings-next-to-water-vote-70-left-0H:4M
[2025-06-04 20:55:12] Processus mis à jour pour bruno: buildings-next-to-water-vote-70-left-0H:4M - executing
[2025-06-04 20:55:12] Traitement de vote pour Buildings Next To Water
[2025-06-04 20:55:12] Buildings Next To Water get vote panel
[2025-06-04 20:55:12] Processus associé: buildings-next-to-water-vote-70-left-0H:4M
[2025-06-04 20:55:32] Récupération des données de vote pour Buildings Next To Water (URL: buildings-next-to-water, HEADER:{'User-Agent': 'Mozilla/5.0 (X11; Linux i686; rv:39.0) Gecko/20100101 Firefox/39.0', 'x-api-version': '8', 'x-env': 'WEB', 'X-requested-with': 'XMLHttpRequest', 'X-token': 'f96bbe3a7e7f833329e7129767a69abbfa6dfce3152e3c2a311eb49d89b5c3bb2b12b66b402f03dce682b8b2b6a005cd'})
[2025-06-04 20:55:32] Récupération des données de vote pour Buildings Next To Water (URL: buildings-next-to-water, HEADER:{'User-Agent': 'Mozilla/5.0 (X11; Linux i686; rv:39.0) Gecko/20100101 Firefox/39.0', 'x-api-version': '8', 'x-env': 'WEB', 'X-requested-with': 'XMLHttpRequest', 'X-token': 'f96bbe3a7e7f833329e7129767a69abbfa6dfce3152e3c2a311eb49d89b5c3bb2b12b66b402f03dce682b8b2b6a005cd'})
[2025-06-04 20:55:32] Récupération des données de vote pour Buildings Next To Water (URL: buildings-next-to-water, HEADER:{'User-Agent': 'Mozilla/5.0 (X11; Linux i686; rv:39.0) Gecko/20100101 Firefox/39.0', 'x-api-version': '8', 'x-env': 'WEB', 'X-requested-with': 'XMLHttpRequest', 'X-token': 'f96bbe3a7e7f833329e7129767a69abbfa6dfce3152e3c2a311eb49d89b5c3bb2b12b66b402f03dce682b8b2b6a005cd'})
[2025-06-04 20:55:32] Récupération des données de vote pour Buildings Next To Water (URL: buildings-next-to-water, HEADER:{'User-Agent': 'Mozilla/5.0 (X11; Linux i686; rv:39.0) Gecko/20100101 Firefox/39.0', 'x-api-version': '8', 'x-env': 'WEB', 'X-requested-with': 'XMLHttpRequest', 'X-token': 'f96bbe3a7e7f833329e7129767a69abbfa6dfce3152e3c2a311eb49d89b5c3bb2b12b66b402f03dce682b8b2b6a005cd'})
[2025-06-04 20:55:32] Récupération des données de vote pour Buildings Next To Water (URL: buildings-next-to-water, HEADER:{'User-Agent': 'Mozilla/5.0 (X11; Linux i686; rv:39.0) Gecko/20100101 Firefox/39.0', 'x-api-version': '8', 'x-env': 'WEB', 'X-requested-with': 'XMLHttpRequest', 'X-token': 'f96bbe3a7e7f833329e7129767a69abbfa6dfce3152e3c2a311eb49d89b5c3bb2b12b66b402f03dce682b8b2b6a005cd'})
[2025-06-04 20:55:32] Récupération des données de vote pour Buildings Next To Water (URL: buildings-next-to-water, HEADER:{'User-Agent': 'Mozilla/5.0 (X11; Linux i686; rv:39.0) Gecko/20100101 Firefox/39.0', 'x-api-version': '8', 'x-env': 'WEB', 'X-requested-with': 'XMLHttpRequest', 'X-token': 'f96bbe3a7e7f833329e7129767a69abbfa6dfce3152e3c2a311eb49d89b5c3bb2b12b66b402f03dce682b8b2b6a005cd'})
[2025-06-04 20:55:32] Récupération des données de vote pour Buildings Next To Water (URL: buildings-next-to-water, HEADER:{'User-Agent': 'Mozilla/5.0 (X11; Linux i686; rv:39.0) Gecko/20100101 Firefox/39.0', 'x-api-version': '8', 'x-env': 'WEB', 'X-requested-with': 'XMLHttpRequest', 'X-token': 'f96bbe3a7e7f833329e7129767a69abbfa6dfce3152e3c2a311eb49d89b5c3bb2b12b66b402f03dce682b8b2b6a005cd'})
[2025-06-04 20:55:33] Récupération réussie: 200 images pour Buildings Next To Water
[2025-06-04 20:55:33] Voting fetching ...
[2025-06-04 20:55:33] Buildings Next To Water voting 10 images
[2025-06-04 20:55:33] Récupération réussie: 200 images pour Buildings Next To Water
[2025-06-04 20:55:33] Voting fetching ...
[2025-06-04 20:55:33] Buildings Next To Water voting 10 images
[2025-06-04 20:55:33] Récupération réussie: 200 images pour Buildings Next To Water
[2025-06-04 20:55:33] Voting fetching ...
[2025-06-04 20:55:33] Buildings Next To Water voting 10 images
[2025-06-04 20:55:33] Récupération réussie: 200 images pour Buildings Next To Water
[2025-06-04 20:55:33] Voting fetching ...
[2025-06-04 20:55:33] Buildings Next To Water voting 10 images
[2025-06-04 20:55:33] Récupération réussie: 200 images pour Buildings Next To Water
[2025-06-04 20:55:33] Voting fetching ...
[2025-06-04 20:55:33] Buildings Next To Water voting 10 images
[2025-06-04 20:55:33] Récupération réussie: 200 images pour Buildings Next To Water
[2025-06-04 20:55:33] Voting fetching ...
[2025-06-04 20:55:33] Buildings Next To Water voting 10 images
[2025-06-04 20:55:33] Récupération réussie: 200 images pour Buildings Next To Water
[2025-06-04 20:55:33] Voting fetching ...
[2025-06-04 20:55:33] Buildings Next To Water voting 10 images
[2025-06-04 20:55:34] Buildings Next To Water voted successfully
[2025-06-04 20:55:34] Processus supprimé pour pascale: buildings-next-to-water-vote-70-left-0H:4M - success
[2025-06-04 20:55:34] Processus mis à jour pour pascale: buildings-next-to-water-vote-70-left-0H:4M - success
[2025-06-04 20:55:34] Processus buildings-next-to-water-vote-70-left-0H:4M terminé avec succès (profil: pascale)
[2025-06-04 20:55:38] Récupération des données de vote pour Buildings Next To Water (URL: buildings-next-to-water, HEADER:{'User-Agent': 'Mozilla/5.0 (X11; Linux i686; rv:39.0) Gecko/20100101 Firefox/39.0', 'x-api-version': '8', 'x-env': 'WEB', 'X-requested-with': 'XMLHttpRequest', 'X-token': 'a1cad95a6d480c14f51dd0eba4914c8337b893c789ec6278bb440c7c9a673b162f042470c62684e6da2bd342ffea7777'})
[2025-06-04 20:55:38] Récupération des données de vote pour Buildings Next To Water (URL: buildings-next-to-water, HEADER:{'User-Agent': 'Mozilla/5.0 (X11; Linux i686; rv:39.0) Gecko/20100101 Firefox/39.0', 'x-api-version': '8', 'x-env': 'WEB', 'X-requested-with': 'XMLHttpRequest', 'X-token': 'a1cad95a6d480c14f51dd0eba4914c8337b893c789ec6278bb440c7c9a673b162f042470c62684e6da2bd342ffea7777'})
[2025-06-04 20:55:38] Récupération des données de vote pour Buildings Next To Water (URL: buildings-next-to-water, HEADER:{'User-Agent': 'Mozilla/5.0 (X11; Linux i686; rv:39.0) Gecko/20100101 Firefox/39.0', 'x-api-version': '8', 'x-env': 'WEB', 'X-requested-with': 'XMLHttpRequest', 'X-token': 'a1cad95a6d480c14f51dd0eba4914c8337b893c789ec6278bb440c7c9a673b162f042470c62684e6da2bd342ffea7777'})
[2025-06-04 20:55:38] Récupération des données de vote pour Buildings Next To Water (URL: buildings-next-to-water, HEADER:{'User-Agent': 'Mozilla/5.0 (X11; Linux i686; rv:39.0) Gecko/20100101 Firefox/39.0', 'x-api-version': '8', 'x-env': 'WEB', 'X-requested-with': 'XMLHttpRequest', 'X-token': 'a1cad95a6d480c14f51dd0eba4914c8337b893c789ec6278bb440c7c9a673b162f042470c62684e6da2bd342ffea7777'})
[2025-06-04 20:55:38] Buildings Next To Water voted successfully
[2025-06-04 20:55:38] Récupération des données de vote pour Buildings Next To Water (URL: buildings-next-to-water, HEADER:{'User-Agent': 'Mozilla/5.0 (X11; Linux i686; rv:39.0) Gecko/20100101 Firefox/39.0', 'x-api-version': '8', 'x-env': 'WEB', 'X-requested-with': 'XMLHttpRequest', 'X-token': 'a1cad95a6d480c14f51dd0eba4914c8337b893c789ec6278bb440c7c9a673b162f042470c62684e6da2bd342ffea7777'})
[2025-06-04 20:55:38] Récupération des données de vote pour Buildings Next To Water (URL: buildings-next-to-water, HEADER:{'User-Agent': 'Mozilla/5.0 (X11; Linux i686; rv:39.0) Gecko/20100101 Firefox/39.0', 'x-api-version': '8', 'x-env': 'WEB', 'X-requested-with': 'XMLHttpRequest', 'X-token': 'a1cad95a6d480c14f51dd0eba4914c8337b893c789ec6278bb440c7c9a673b162f042470c62684e6da2bd342ffea7777'})
[2025-06-04 20:55:38] Récupération des données de vote pour Buildings Next To Water (URL: buildings-next-to-water, HEADER:{'User-Agent': 'Mozilla/5.0 (X11; Linux i686; rv:39.0) Gecko/20100101 Firefox/39.0', 'x-api-version': '8', 'x-env': 'WEB', 'X-requested-with': 'XMLHttpRequest', 'X-token': 'a1cad95a6d480c14f51dd0eba4914c8337b893c789ec6278bb440c7c9a673b162f042470c62684e6da2bd342ffea7777'})
[2025-06-04 20:55:39] Récupération réussie: 200 images pour Buildings Next To Water
[2025-06-04 20:55:39] Voting fetching ...
[2025-06-04 20:55:39] Buildings Next To Water voting 10 images
[2025-06-04 20:55:39] Récupération réussie: 200 images pour Buildings Next To Water
[2025-06-04 20:55:39] Voting fetching ...
[2025-06-04 20:55:39] Buildings Next To Water voting 10 images
[2025-06-04 20:55:39] Récupération réussie: 200 images pour Buildings Next To Water
[2025-06-04 20:55:39] Voting fetching ...
[2025-06-04 20:55:39] Buildings Next To Water voting 10 images
[2025-06-04 20:55:39] Récupération réussie: 200 images pour Buildings Next To Water
[2025-06-04 20:55:39] Voting fetching ...
[2025-06-04 20:55:39] Buildings Next To Water voting 10 images
[2025-06-04 20:55:39] Récupération réussie: 200 images pour Buildings Next To Water
[2025-06-04 20:55:39] Voting fetching ...
[2025-06-04 20:55:39] Buildings Next To Water voting 10 images
[2025-06-04 20:55:39] Récupération réussie: 200 images pour Buildings Next To Water
[2025-06-04 20:55:39] Voting fetching ...
[2025-06-04 20:55:39] Buildings Next To Water voting 10 images
[2025-06-04 20:55:39] Récupération réussie: 200 images pour Buildings Next To Water
[2025-06-04 20:55:39] Voting fetching ...
[2025-06-04 20:55:39] Buildings Next To Water voting 10 images
[2025-06-04 20:55:40] Buildings Next To Water voted successfully
[2025-06-04 20:55:40] Processus supprimé pour bruno: buildings-next-to-water-vote-70-left-0H:4M - success
[2025-06-04 20:55:40] Processus mis à jour pour bruno: buildings-next-to-water-vote-70-left-0H:4M - success
[2025-06-04 20:55:40] Processus buildings-next-to-water-vote-70-left-0H:4M terminé avec succès (profil: bruno)
[2025-06-04 20:55:41] Buildings Next To Water voted successfully
[2025-06-04 20:55:42] Buildings Next To Water voted successfully
[2025-06-04 20:55:44] Buildings Next To Water voted successfully
[2025-06-04 20:55:44] Buildings Next To Water voted successfully
[2025-06-04 20:55:46] Buildings Next To Water voted successfully
[2025-06-04 20:55:50] Buildings Next To Water voted successfully
[2025-06-04 20:55:50] Buildings Next To Water voted successfully
[2025-06-04 20:55:56] Buildings Next To Water voted successfully
[2025-06-04 20:55:56] Buildings Next To Water voted successfully
[2025-06-04 20:56:02] Buildings Next To Water voted successfully
[2025-06-04 20:56:03] Challenges fetching ...
[2025-06-04 20:56:03] Challenges fetched successfully for pascale!
[2025-06-04 20:56:03] Challenges fetching ...
[2025-06-04 20:56:03] Challenges fetched successfully for pascale!
[2025-06-04 20:56:03] Challenges fetching ...
[2025-06-04 20:56:03] Challenges fetched successfully for pascale!
[2025-06-04 20:56:03] Challenges fetching ...
[2025-06-04 20:56:04] Challenges fetched successfully for pascale!
[2025-06-04 20:56:04] Challenges fetching ...
[2025-06-04 20:56:04] Challenges fetched successfully for pascale!
[2025-06-04 20:56:04] Buildings Next To Water voted successfully
[2025-06-04 20:56:04] Challenges fetching ...
[2025-06-04 20:56:04] Challenges fetched successfully for pascale!
[2025-06-04 20:56:04] Challenges fetching ...
[2025-06-04 20:56:04] Challenges fetched successfully for pascale!
[2025-06-04 20:56:09] Challenges fetching ...
[2025-06-04 20:56:09] Challenges fetched successfully for bruno!
[2025-06-04 20:56:09] Challenges fetching ...
[2025-06-04 20:56:09] Challenges fetched successfully for bruno!
[2025-06-04 20:56:09] Challenges fetching ...
[2025-06-04 20:56:10] Challenges fetched successfully for bruno!
[2025-06-04 20:56:10] Challenges fetching ...
[2025-06-04 20:56:10] Challenges fetched successfully for bruno!
[2025-06-04 20:56:10] Challenges fetching ...
[2025-06-04 20:56:10] Challenges fetched successfully for bruno!
[2025-06-04 20:56:10] Challenges fetching ...
[2025-06-04 20:56:10] Challenges fetched successfully for bruno!
[2025-06-04 20:56:10] Challenges fetching ...
[2025-06-04 20:56:10] Processus mis à jour pour bruno: buildings-next-to-water-vote-20-left-0H:3M - executing
[2025-06-04 20:56:10] Traitement de vote pour Buildings Next To Water
[2025-06-04 20:56:10] Challenges fetched successfully for bruno!
[2025-06-04 20:56:10] Buildings Next To Water get vote panel
[2025-06-04 20:56:10] Processus associé: buildings-next-to-water-vote-20-left-0H:3M
[2025-06-04 20:56:13] Processus mis à jour pour pascale: buildings-next-to-water-vote-20-left-0H:3M - executing
[2025-06-04 20:56:13] Traitement de vote pour Buildings Next To Water
[2025-06-04 20:56:13] Buildings Next To Water get vote panel
[2025-06-04 20:56:13] Processus associé: buildings-next-to-water-vote-20-left-0H:3M
[2025-06-04 20:56:17] Récupération des données de vote pour Buildings Next To Water (URL: buildings-next-to-water, HEADER:{'User-Agent': 'Mozilla/5.0 (X11; Linux i686; rv:39.0) Gecko/20100101 Firefox/39.0', 'x-api-version': '8', 'x-env': 'WEB', 'X-requested-with': 'XMLHttpRequest', 'X-token': 'a1cad95a6d480c14f51dd0eba4914c8337b893c789ec6278bb440c7c9a673b162f042470c62684e6da2bd342ffea7777'})
[2025-06-04 20:56:17] Récupération des données de vote pour Buildings Next To Water (URL: buildings-next-to-water, HEADER:{'User-Agent': 'Mozilla/5.0 (X11; Linux i686; rv:39.0) Gecko/20100101 Firefox/39.0', 'x-api-version': '8', 'x-env': 'WEB', 'X-requested-with': 'XMLHttpRequest', 'X-token': 'a1cad95a6d480c14f51dd0eba4914c8337b893c789ec6278bb440c7c9a673b162f042470c62684e6da2bd342ffea7777'})
[2025-06-04 20:56:18] Récupération réussie: 200 images pour Buildings Next To Water
[2025-06-04 20:56:18] Voting fetching ...
[2025-06-04 20:56:18] Buildings Next To Water voting 10 images
[2025-06-04 20:56:18] Récupération réussie: 200 images pour Buildings Next To Water
[2025-06-04 20:56:18] Voting fetching ...
[2025-06-04 20:56:18] Buildings Next To Water voting 10 images
[2025-06-04 20:56:19] Buildings Next To Water voted successfully
[2025-06-04 20:56:19] Processus supprimé pour bruno: buildings-next-to-water-vote-20-left-0H:3M - success
[2025-06-04 20:56:19] Processus mis à jour pour bruno: buildings-next-to-water-vote-20-left-0H:3M - success
[2025-06-04 20:56:19] Processus buildings-next-to-water-vote-20-left-0H:3M terminé avec succès (profil: bruno)
[2025-06-04 20:56:20] Récupération des données de vote pour Buildings Next To Water (URL: buildings-next-to-water, HEADER:{'User-Agent': 'Mozilla/5.0 (X11; Linux i686; rv:39.0) Gecko/20100101 Firefox/39.0', 'x-api-version': '8', 'x-env': 'WEB', 'X-requested-with': 'XMLHttpRequest', 'X-token': 'f96bbe3a7e7f833329e7129767a69abbfa6dfce3152e3c2a311eb49d89b5c3bb2b12b66b402f03dce682b8b2b6a005cd'})
[2025-06-04 20:56:20] Récupération des données de vote pour Buildings Next To Water (URL: buildings-next-to-water, HEADER:{'User-Agent': 'Mozilla/5.0 (X11; Linux i686; rv:39.0) Gecko/20100101 Firefox/39.0', 'x-api-version': '8', 'x-env': 'WEB', 'X-requested-with': 'XMLHttpRequest', 'X-token': 'f96bbe3a7e7f833329e7129767a69abbfa6dfce3152e3c2a311eb49d89b5c3bb2b12b66b402f03dce682b8b2b6a005cd'})
[2025-06-04 20:56:21] Buildings Next To Water voted successfully
[2025-06-04 20:56:21] Récupération réussie: 200 images pour Buildings Next To Water
[2025-06-04 20:56:21] Voting fetching ...
[2025-06-04 20:56:21] Buildings Next To Water voting 10 images
[2025-06-04 20:56:21] Récupération réussie: 200 images pour Buildings Next To Water
[2025-06-04 20:56:21] Voting fetching ...
[2025-06-04 20:56:21] Buildings Next To Water voting 10 images
[2025-06-04 20:56:22] Buildings Next To Water voted successfully
[2025-06-04 20:56:22] Processus supprimé pour pascale: buildings-next-to-water-vote-20-left-0H:3M - success
[2025-06-04 20:56:22] Processus mis à jour pour pascale: buildings-next-to-water-vote-20-left-0H:3M - success
[2025-06-04 20:56:22] Processus buildings-next-to-water-vote-20-left-0H:3M terminé avec succès (profil: pascale)
[2025-06-04 20:56:26] Buildings Next To Water voted successfully
[2025-06-04 20:56:27] Challenges fetching ...
[2025-06-04 20:56:27] Challenges fetched successfully for bruno!
[2025-06-04 20:56:27] Challenges fetching ...
[2025-06-04 20:56:27] Challenges fetched successfully for bruno!
[2025-06-04 20:56:33] Challenges fetching ...
[2025-06-04 20:56:33] Challenges fetched successfully for pascale!
[2025-06-04 20:56:33] Challenges fetching ...
[2025-06-04 20:56:33] Challenges fetched successfully for pascale!
[2025-06-04 20:57:03] Processus mis à jour pour bruno: buildings-next-to-water-vote-20-left-0H:2M - executing
[2025-06-04 20:57:03] Traitement de vote pour Buildings Next To Water
[2025-06-04 20:57:03] Buildings Next To Water get vote panel
[2025-06-04 20:57:03] Processus associé: buildings-next-to-water-vote-20-left-0H:2M
[2025-06-04 20:57:04] Processus mis à jour pour pascale: buildings-next-to-water-vote-20-left-0H:2M - executing
[2025-06-04 20:57:04] Traitement de vote pour Buildings Next To Water
[2025-06-04 20:57:04] Buildings Next To Water get vote panel
[2025-06-04 20:57:04] Processus associé: buildings-next-to-water-vote-20-left-0H:2M
[2025-06-04 20:57:11] Récupération des données de vote pour Buildings Next To Water (URL: buildings-next-to-water, HEADER:{'User-Agent': 'Mozilla/5.0 (X11; Linux i686; rv:39.0) Gecko/20100101 Firefox/39.0', 'x-api-version': '8', 'x-env': 'WEB', 'X-requested-with': 'XMLHttpRequest', 'X-token': 'a1cad95a6d480c14f51dd0eba4914c8337b893c789ec6278bb440c7c9a673b162f042470c62684e6da2bd342ffea7777'})
[2025-06-04 20:57:11] Récupération des données de vote pour Buildings Next To Water (URL: buildings-next-to-water, HEADER:{'User-Agent': 'Mozilla/5.0 (X11; Linux i686; rv:39.0) Gecko/20100101 Firefox/39.0', 'x-api-version': '8', 'x-env': 'WEB', 'X-requested-with': 'XMLHttpRequest', 'X-token': 'f96bbe3a7e7f833329e7129767a69abbfa6dfce3152e3c2a311eb49d89b5c3bb2b12b66b402f03dce682b8b2b6a005cd'})
[2025-06-04 20:57:11] Récupération des données de vote pour Buildings Next To Water (URL: buildings-next-to-water, HEADER:{'User-Agent': 'Mozilla/5.0 (X11; Linux i686; rv:39.0) Gecko/20100101 Firefox/39.0', 'x-api-version': '8', 'x-env': 'WEB', 'X-requested-with': 'XMLHttpRequest', 'X-token': 'f96bbe3a7e7f833329e7129767a69abbfa6dfce3152e3c2a311eb49d89b5c3bb2b12b66b402f03dce682b8b2b6a005cd'})
[2025-06-04 20:57:11] Récupération des données de vote pour Buildings Next To Water (URL: buildings-next-to-water, HEADER:{'User-Agent': 'Mozilla/5.0 (X11; Linux i686; rv:39.0) Gecko/20100101 Firefox/39.0', 'x-api-version': '8', 'x-env': 'WEB', 'X-requested-with': 'XMLHttpRequest', 'X-token': 'a1cad95a6d480c14f51dd0eba4914c8337b893c789ec6278bb440c7c9a673b162f042470c62684e6da2bd342ffea7777'})
[2025-06-04 20:57:12] Récupération réussie: 200 images pour Buildings Next To Water
[2025-06-04 20:57:12] Voting fetching ...
[2025-06-04 20:57:12] Récupération réussie: 200 images pour Buildings Next To Water
[2025-06-04 20:57:12] Voting fetching ...
[2025-06-04 20:57:12] Buildings Next To Water voting 10 images
[2025-06-04 20:57:12] Buildings Next To Water voting 10 images
[2025-06-04 20:57:12] Récupération réussie: 200 images pour Buildings Next To Water
[2025-06-04 20:57:12] Voting fetching ...
[2025-06-04 20:57:12] Buildings Next To Water voting 10 images
[2025-06-04 20:57:12] Récupération réussie: 200 images pour Buildings Next To Water
[2025-06-04 20:57:12] Voting fetching ...
[2025-06-04 20:57:12] Buildings Next To Water voting 10 images
[2025-06-04 20:57:13] Buildings Next To Water voted successfully
[2025-06-04 20:57:13] Processus supprimé pour pascale: buildings-next-to-water-vote-20-left-0H:2M - success
[2025-06-04 20:57:13] Processus mis à jour pour pascale: buildings-next-to-water-vote-20-left-0H:2M - success
[2025-06-04 20:57:13] Buildings Next To Water voted successfully
[2025-06-04 20:57:13] Processus supprimé pour bruno: buildings-next-to-water-vote-20-left-0H:2M - success
[2025-06-04 20:57:13] Processus mis à jour pour bruno: buildings-next-to-water-vote-20-left-0H:2M - success
[2025-06-04 20:57:13] Processus buildings-next-to-water-vote-20-left-0H:2M terminé avec succès (profil: pascale)
[2025-06-04 20:57:13] Processus buildings-next-to-water-vote-20-left-0H:2M terminé avec succès (profil: bruno)
[2025-06-04 20:57:15] Buildings Next To Water voted successfully
[2025-06-04 20:57:15] Buildings Next To Water voted successfully
[2025-06-04 20:57:21] Challenges fetching ...
[2025-06-04 20:57:21] Challenges fetched successfully for bruno!
[2025-06-04 20:57:21] Challenges fetching ...
[2025-06-04 20:57:21] Challenges fetching ...
[2025-06-04 20:57:21] Challenges fetched successfully for bruno!
[2025-06-04 20:57:21] Challenges fetched successfully for pascale!
[2025-06-04 20:57:21] Challenges fetching ...
[2025-06-04 20:57:21] Challenges fetched successfully for pascale!
[2025-06-04 20:58:04] Processus mis à jour pour bruno: buildings-next-to-water-vote-20-left-0H:1M - executing
[2025-06-04 20:58:04] Traitement de vote pour Buildings Next To Water
[2025-06-04 20:58:04] Buildings Next To Water get vote panel
[2025-06-04 20:58:04] Processus associé: buildings-next-to-water-vote-20-left-0H:1M
[2025-06-04 20:58:04] Processus mis à jour pour pascale: buildings-next-to-water-vote-20-left-0H:1M - executing
[2025-06-04 20:58:04] Traitement de vote pour Buildings Next To Water
[2025-06-04 20:58:04] Buildings Next To Water get vote panel
[2025-06-04 20:58:04] Processus associé: buildings-next-to-water-vote-20-left-0H:1M
[2025-06-04 20:58:11] Récupération des données de vote pour Buildings Next To Water (URL: buildings-next-to-water, HEADER:{'User-Agent': 'Mozilla/5.0 (X11; Linux i686; rv:39.0) Gecko/20100101 Firefox/39.0', 'x-api-version': '8', 'x-env': 'WEB', 'X-requested-with': 'XMLHttpRequest', 'X-token': 'a1cad95a6d480c14f51dd0eba4914c8337b893c789ec6278bb440c7c9a673b162f042470c62684e6da2bd342ffea7777'})
[2025-06-04 20:58:11] Récupération des données de vote pour Buildings Next To Water (URL: buildings-next-to-water, HEADER:{'User-Agent': 'Mozilla/5.0 (X11; Linux i686; rv:39.0) Gecko/20100101 Firefox/39.0', 'x-api-version': '8', 'x-env': 'WEB', 'X-requested-with': 'XMLHttpRequest', 'X-token': 'f96bbe3a7e7f833329e7129767a69abbfa6dfce3152e3c2a311eb49d89b5c3bb2b12b66b402f03dce682b8b2b6a005cd'})
[2025-06-04 20:58:11] Récupération des données de vote pour Buildings Next To Water (URL: buildings-next-to-water, HEADER:{'User-Agent': 'Mozilla/5.0 (X11; Linux i686; rv:39.0) Gecko/20100101 Firefox/39.0', 'x-api-version': '8', 'x-env': 'WEB', 'X-requested-with': 'XMLHttpRequest', 'X-token': 'f96bbe3a7e7f833329e7129767a69abbfa6dfce3152e3c2a311eb49d89b5c3bb2b12b66b402f03dce682b8b2b6a005cd'})
[2025-06-04 20:58:11] Récupération des données de vote pour Buildings Next To Water (URL: buildings-next-to-water, HEADER:{'User-Agent': 'Mozilla/5.0 (X11; Linux i686; rv:39.0) Gecko/20100101 Firefox/39.0', 'x-api-version': '8', 'x-env': 'WEB', 'X-requested-with': 'XMLHttpRequest', 'X-token': 'a1cad95a6d480c14f51dd0eba4914c8337b893c789ec6278bb440c7c9a673b162f042470c62684e6da2bd342ffea7777'})
[2025-06-04 20:58:12] Récupération réussie: 200 images pour Buildings Next To Water
[2025-06-04 20:58:12] Voting fetching ...
[2025-06-04 20:58:12] Buildings Next To Water voting 10 images
[2025-06-04 20:58:12] Récupération réussie: 200 images pour Buildings Next To Water
[2025-06-04 20:58:12] Voting fetching ...
[2025-06-04 20:58:12] Buildings Next To Water voting 10 images
[2025-06-04 20:58:12] Récupération réussie: 200 images pour Buildings Next To Water
[2025-06-04 20:58:12] Voting fetching ...
[2025-06-04 20:58:12] Buildings Next To Water voting 10 images
[2025-06-04 20:58:12] Récupération réussie: 200 images pour Buildings Next To Water
[2025-06-04 20:58:12] Voting fetching ...
[2025-06-04 20:58:12] Buildings Next To Water voting 10 images
[2025-06-04 20:58:13] Buildings Next To Water voted successfully
[2025-06-04 20:58:13] Processus supprimé pour bruno: buildings-next-to-water-vote-20-left-0H:1M - success
[2025-06-04 20:58:13] Processus mis à jour pour bruno: buildings-next-to-water-vote-20-left-0H:1M - success
[2025-06-04 20:58:13] Buildings Next To Water voted successfully
[2025-06-04 20:58:13] Processus supprimé pour pascale: buildings-next-to-water-vote-20-left-0H:1M - success
[2025-06-04 20:58:13] Processus mis à jour pour pascale: buildings-next-to-water-vote-20-left-0H:1M - success
[2025-06-04 20:58:13] Processus buildings-next-to-water-vote-20-left-0H:1M terminé avec succès (profil: bruno)
[2025-06-04 20:58:13] Processus buildings-next-to-water-vote-20-left-0H:1M terminé avec succès (profil: pascale)
[2025-06-04 20:58:15] Buildings Next To Water voted successfully
[2025-06-04 20:58:15] Buildings Next To Water voted successfully
[2025-06-04 20:58:21] Challenges fetching ...
[2025-06-04 20:58:21] Challenges fetched successfully for bruno!
[2025-06-04 20:58:21] Challenges fetching ...
[2025-06-04 20:58:21] Challenges fetching ...
[2025-06-04 20:58:21] Challenges fetched successfully for pascale!
[2025-06-04 20:58:21] Challenges fetched successfully for bruno!
[2025-06-04 20:58:21] Challenges fetching ...
[2025-06-04 20:58:21] Challenges fetched successfully for pascale!
[2025-06-04 21:12:44] Refreshing challenges...
[2025-06-04 21:12:44] Fetching challenges...
[2025-06-04 21:12:45] Challenges fetching ...
[2025-06-04 21:12:45] Challenges fetched successfully for bruno!
[2025-06-04 21:12:56] Cactus & Succulent Plants get vote panel
[2025-06-04 21:13:17] Filling challenges: {101579}
Filled Cactus & Succulent Plants with strategy end4

[2025-06-04 21:13:17] Récupération des données de vote pour Cactus & Succulent Plants (URL: cactus-succulent-plants, HEADER:{'User-Agent': 'Mozilla/5.0 (X11; Linux i686; rv:39.0) Gecko/20100101 Firefox/39.0', 'x-api-version': '8', 'x-env': 'WEB', 'X-requested-with': 'XMLHttpRequest', 'X-token': 'a1cad95a6d480c14f51dd0eba4914c8337b893c789ec6278bb440c7c9a673b162f042470c62684e6da2bd342ffea7777'})
[2025-06-04 21:13:17] Récupération des données de vote pour Cactus & Succulent Plants (URL: cactus-succulent-plants, HEADER:{'User-Agent': 'Mozilla/5.0 (X11; Linux i686; rv:39.0) Gecko/20100101 Firefox/39.0', 'x-api-version': '8', 'x-env': 'WEB', 'X-requested-with': 'XMLHttpRequest', 'X-token': 'a1cad95a6d480c14f51dd0eba4914c8337b893c789ec6278bb440c7c9a673b162f042470c62684e6da2bd342ffea7777'})
[2025-06-04 21:13:17] Récupération des données de vote pour Cactus & Succulent Plants (URL: cactus-succulent-plants, HEADER:{'User-Agent': 'Mozilla/5.0 (X11; Linux i686; rv:39.0) Gecko/20100101 Firefox/39.0', 'x-api-version': '8', 'x-env': 'WEB', 'X-requested-with': 'XMLHttpRequest', 'X-token': 'a1cad95a6d480c14f51dd0eba4914c8337b893c789ec6278bb440c7c9a673b162f042470c62684e6da2bd342ffea7777'})
[2025-06-04 21:13:17] Récupération des données de vote pour Cactus & Succulent Plants (URL: cactus-succulent-plants, HEADER:{'User-Agent': 'Mozilla/5.0 (X11; Linux i686; rv:39.0) Gecko/20100101 Firefox/39.0', 'x-api-version': '8', 'x-env': 'WEB', 'X-requested-with': 'XMLHttpRequest', 'X-token': 'a1cad95a6d480c14f51dd0eba4914c8337b893c789ec6278bb440c7c9a673b162f042470c62684e6da2bd342ffea7777'})
[2025-06-04 21:13:17] Récupération des données de vote pour Cactus & Succulent Plants (URL: cactus-succulent-plants, HEADER:{'User-Agent': 'Mozilla/5.0 (X11; Linux i686; rv:39.0) Gecko/20100101 Firefox/39.0', 'x-api-version': '8', 'x-env': 'WEB', 'X-requested-with': 'XMLHttpRequest', 'X-token': 'a1cad95a6d480c14f51dd0eba4914c8337b893c789ec6278bb440c7c9a673b162f042470c62684e6da2bd342ffea7777'})
[2025-06-04 21:13:17] Récupération des données de vote pour Cactus & Succulent Plants (URL: cactus-succulent-plants, HEADER:{'User-Agent': 'Mozilla/5.0 (X11; Linux i686; rv:39.0) Gecko/20100101 Firefox/39.0', 'x-api-version': '8', 'x-env': 'WEB', 'X-requested-with': 'XMLHttpRequest', 'X-token': 'a1cad95a6d480c14f51dd0eba4914c8337b893c789ec6278bb440c7c9a673b162f042470c62684e6da2bd342ffea7777'})
[2025-06-04 21:13:17] Récupération des données de vote pour Cactus & Succulent Plants (URL: cactus-succulent-plants, HEADER:{'User-Agent': 'Mozilla/5.0 (X11; Linux i686; rv:39.0) Gecko/20100101 Firefox/39.0', 'x-api-version': '8', 'x-env': 'WEB', 'X-requested-with': 'XMLHttpRequest', 'X-token': 'a1cad95a6d480c14f51dd0eba4914c8337b893c789ec6278bb440c7c9a673b162f042470c62684e6da2bd342ffea7777'})
[2025-06-04 21:13:18] Récupération réussie: 200 images pour Cactus & Succulent Plants
[2025-06-04 21:13:18] Voting fetching ...
[2025-06-04 21:13:18] Cactus & Succulent Plants voting 10 images
[2025-06-04 21:13:18] Récupération réussie: 200 images pour Cactus & Succulent Plants
[2025-06-04 21:13:18] Voting fetching ...
[2025-06-04 21:13:18] Cactus & Succulent Plants voting 10 images
[2025-06-04 21:13:18] Récupération réussie: 200 images pour Cactus & Succulent Plants
[2025-06-04 21:13:18] Voting fetching ...
[2025-06-04 21:13:18] Cactus & Succulent Plants voting 10 images
[2025-06-04 21:13:18] Récupération réussie: 200 images pour Cactus & Succulent Plants
[2025-06-04 21:13:18] Voting fetching ...
[2025-06-04 21:13:18] Cactus & Succulent Plants voting 10 images
[2025-06-04 21:13:18] Récupération réussie: 200 images pour Cactus & Succulent Plants
[2025-06-04 21:13:18] Voting fetching ...
[2025-06-04 21:13:18] Cactus & Succulent Plants voting 10 images
[2025-06-04 21:13:18] Récupération réussie: 200 images pour Cactus & Succulent Plants
[2025-06-04 21:13:18] Voting fetching ...
[2025-06-04 21:13:18] Cactus & Succulent Plants voting 10 images
[2025-06-04 21:13:18] Récupération réussie: 200 images pour Cactus & Succulent Plants
[2025-06-04 21:13:18] Voting fetching ...
[2025-06-04 21:13:18] Cactus & Succulent Plants voting 10 images
[2025-06-04 21:13:19] Cactus & Succulent Plants voted successfully
[2025-06-04 21:13:21] Cactus & Succulent Plants voted successfully
[2025-06-04 21:13:23] Cactus & Succulent Plants voted successfully
[2025-06-04 21:13:25] Cactus & Succulent Plants voted successfully
[2025-06-04 21:13:27] Cactus & Succulent Plants voted successfully
[2025-06-04 21:13:29] Cactus & Succulent Plants voted successfully
[2025-06-04 21:13:31] Cactus & Succulent Plants voted successfully
[2025-06-04 21:13:34] Challenges fetching ...
[2025-06-04 21:13:34] Challenges fetched successfully for bruno!
[2025-06-04 21:13:34] Challenges fetching ...
[2025-06-04 21:13:34] Challenges fetched successfully for bruno!
[2025-06-04 21:13:34] Challenges fetching ...
[2025-06-04 21:13:34] Challenges fetched successfully for bruno!
[2025-06-04 21:13:34] Challenges fetching ...
[2025-06-04 21:13:34] Challenges fetched successfully for bruno!
[2025-06-04 21:13:34] Challenges fetching ...
[2025-06-04 21:13:34] Challenges fetched successfully for bruno!
[2025-06-04 21:13:34] Challenges fetching ...
[2025-06-04 21:13:34] Challenges fetched successfully for bruno!
[2025-06-04 21:13:34] Challenges fetching ...
[2025-06-04 21:13:34] Challenges fetched successfully for bruno!
[2025-06-04 23:14:28] Refreshing challenges...
[2025-06-04 23:14:28] Fetching challenges...
[2025-06-04 23:14:29] Challenges fetching ...
[2025-06-04 23:14:29] Challenges fetched successfully for pascale!
[2025-06-04 23:14:39] Sélection de tous les challenges

[2025-06-04 23:14:42] Artworks on Walls get vote panel
[2025-06-04 23:15:03] Joined Together get vote panel
[2025-06-04 23:15:24] Best of Black & White get vote panel
[2025-06-04 23:15:45] Photographer of the Week get vote panel
[2025-06-04 23:16:06] Ultimate Exposure get vote panel
[2025-06-04 23:16:27] Landscape Photographer of the Year get vote panel
[2025-06-04 23:16:48] Gone Walking get vote panel
[2025-06-04 23:17:09] Still Life get vote panel
[2025-06-04 23:17:30] Guru of The Week get vote panel
[2025-06-04 23:17:51] Dramatic Lighting get vote panel
[2025-06-04 23:18:12] Filling challenges: {101568, 101570, 101222, 101478, 101734, 100780, 101555, 101466, 101725, 101789}
Filled Artworks on Walls with strategy end4
Filled Joined Together with strategy end4
Filled Best of Black & White with strategy end4
Filled Photographer of the Week with strategy end4
Filled Ultimate Exposure with strategy end4
Filled Landscape Photographer of the Year with strategy end4
Filled Gone Walking with strategy end4
Filled Still Life with strategy end4
Filled Guru of The Week with strategy end4
Filled Dramatic Lighting with strategy end4

[2025-06-04 23:18:12] Récupération des données de vote pour Artworks on Walls (URL: artworks-on-walls, HEADER:{'User-Agent': 'Mozilla/5.0 (X11; Linux i686; rv:39.0) Gecko/20100101 Firefox/39.0', 'x-api-version': '8', 'x-env': 'WEB', 'X-requested-with': 'XMLHttpRequest', 'X-token': 'f96bbe3a7e7f833329e7129767a69abbfa6dfce3152e3c2a311eb49d89b5c3bb2b12b66b402f03dce682b8b2b6a005cd'})
[2025-06-04 23:18:12] Récupération des données de vote pour Artworks on Walls (URL: artworks-on-walls, HEADER:{'User-Agent': 'Mozilla/5.0 (X11; Linux i686; rv:39.0) Gecko/20100101 Firefox/39.0', 'x-api-version': '8', 'x-env': 'WEB', 'X-requested-with': 'XMLHttpRequest', 'X-token': 'f96bbe3a7e7f833329e7129767a69abbfa6dfce3152e3c2a311eb49d89b5c3bb2b12b66b402f03dce682b8b2b6a005cd'})
[2025-06-04 23:18:12] Récupération des données de vote pour Artworks on Walls (URL: artworks-on-walls, HEADER:{'User-Agent': 'Mozilla/5.0 (X11; Linux i686; rv:39.0) Gecko/20100101 Firefox/39.0', 'x-api-version': '8', 'x-env': 'WEB', 'X-requested-with': 'XMLHttpRequest', 'X-token': 'f96bbe3a7e7f833329e7129767a69abbfa6dfce3152e3c2a311eb49d89b5c3bb2b12b66b402f03dce682b8b2b6a005cd'})
[2025-06-04 23:18:12] Récupération des données de vote pour Artworks on Walls (URL: artworks-on-walls, HEADER:{'User-Agent': 'Mozilla/5.0 (X11; Linux i686; rv:39.0) Gecko/20100101 Firefox/39.0', 'x-api-version': '8', 'x-env': 'WEB', 'X-requested-with': 'XMLHttpRequest', 'X-token': 'f96bbe3a7e7f833329e7129767a69abbfa6dfce3152e3c2a311eb49d89b5c3bb2b12b66b402f03dce682b8b2b6a005cd'})
[2025-06-04 23:18:12] Récupération des données de vote pour Artworks on Walls (URL: artworks-on-walls, HEADER:{'User-Agent': 'Mozilla/5.0 (X11; Linux i686; rv:39.0) Gecko/20100101 Firefox/39.0', 'x-api-version': '8', 'x-env': 'WEB', 'X-requested-with': 'XMLHttpRequest', 'X-token': 'f96bbe3a7e7f833329e7129767a69abbfa6dfce3152e3c2a311eb49d89b5c3bb2b12b66b402f03dce682b8b2b6a005cd'})
[2025-06-04 23:18:12] Récupération des données de vote pour Artworks on Walls (URL: artworks-on-walls, HEADER:{'User-Agent': 'Mozilla/5.0 (X11; Linux i686; rv:39.0) Gecko/20100101 Firefox/39.0', 'x-api-version': '8', 'x-env': 'WEB', 'X-requested-with': 'XMLHttpRequest', 'X-token': 'f96bbe3a7e7f833329e7129767a69abbfa6dfce3152e3c2a311eb49d89b5c3bb2b12b66b402f03dce682b8b2b6a005cd'})
[2025-06-04 23:18:12] Récupération des données de vote pour Artworks on Walls (URL: artworks-on-walls, HEADER:{'User-Agent': 'Mozilla/5.0 (X11; Linux i686; rv:39.0) Gecko/20100101 Firefox/39.0', 'x-api-version': '8', 'x-env': 'WEB', 'X-requested-with': 'XMLHttpRequest', 'X-token': 'f96bbe3a7e7f833329e7129767a69abbfa6dfce3152e3c2a311eb49d89b5c3bb2b12b66b402f03dce682b8b2b6a005cd'})
[2025-06-04 23:18:12] Récupération des données de vote pour Joined Together (URL: joined-together1, HEADER:{'User-Agent': 'Mozilla/5.0 (X11; Linux i686; rv:39.0) Gecko/20100101 Firefox/39.0', 'x-api-version': '8', 'x-env': 'WEB', 'X-requested-with': 'XMLHttpRequest', 'X-token': 'f96bbe3a7e7f833329e7129767a69abbfa6dfce3152e3c2a311eb49d89b5c3bb2b12b66b402f03dce682b8b2b6a005cd'})
[2025-06-04 23:18:12] Récupération des données de vote pour Joined Together (URL: joined-together1, HEADER:{'User-Agent': 'Mozilla/5.0 (X11; Linux i686; rv:39.0) Gecko/20100101 Firefox/39.0', 'x-api-version': '8', 'x-env': 'WEB', 'X-requested-with': 'XMLHttpRequest', 'X-token': 'f96bbe3a7e7f833329e7129767a69abbfa6dfce3152e3c2a311eb49d89b5c3bb2b12b66b402f03dce682b8b2b6a005cd'})
[2025-06-04 23:18:12] Récupération des données de vote pour Joined Together (URL: joined-together1, HEADER:{'User-Agent': 'Mozilla/5.0 (X11; Linux i686; rv:39.0) Gecko/20100101 Firefox/39.0', 'x-api-version': '8', 'x-env': 'WEB', 'X-requested-with': 'XMLHttpRequest', 'X-token': 'f96bbe3a7e7f833329e7129767a69abbfa6dfce3152e3c2a311eb49d89b5c3bb2b12b66b402f03dce682b8b2b6a005cd'})
[2025-06-04 23:18:12] Récupération des données de vote pour Joined Together (URL: joined-together1, HEADER:{'User-Agent': 'Mozilla/5.0 (X11; Linux i686; rv:39.0) Gecko/20100101 Firefox/39.0', 'x-api-version': '8', 'x-env': 'WEB', 'X-requested-with': 'XMLHttpRequest', 'X-token': 'f96bbe3a7e7f833329e7129767a69abbfa6dfce3152e3c2a311eb49d89b5c3bb2b12b66b402f03dce682b8b2b6a005cd'})
[2025-06-04 23:18:12] Récupération des données de vote pour Joined Together (URL: joined-together1, HEADER:{'User-Agent': 'Mozilla/5.0 (X11; Linux i686; rv:39.0) Gecko/20100101 Firefox/39.0', 'x-api-version': '8', 'x-env': 'WEB', 'X-requested-with': 'XMLHttpRequest', 'X-token': 'f96bbe3a7e7f833329e7129767a69abbfa6dfce3152e3c2a311eb49d89b5c3bb2b12b66b402f03dce682b8b2b6a005cd'})
[2025-06-04 23:18:12] Récupération des données de vote pour Joined Together (URL: joined-together1, HEADER:{'User-Agent': 'Mozilla/5.0 (X11; Linux i686; rv:39.0) Gecko/20100101 Firefox/39.0', 'x-api-version': '8', 'x-env': 'WEB', 'X-requested-with': 'XMLHttpRequest', 'X-token': 'f96bbe3a7e7f833329e7129767a69abbfa6dfce3152e3c2a311eb49d89b5c3bb2b12b66b402f03dce682b8b2b6a005cd'})
[2025-06-04 23:18:12] Récupération des données de vote pour Joined Together (URL: joined-together1, HEADER:{'User-Agent': 'Mozilla/5.0 (X11; Linux i686; rv:39.0) Gecko/20100101 Firefox/39.0', 'x-api-version': '8', 'x-env': 'WEB', 'X-requested-with': 'XMLHttpRequest', 'X-token': 'f96bbe3a7e7f833329e7129767a69abbfa6dfce3152e3c2a311eb49d89b5c3bb2b12b66b402f03dce682b8b2b6a005cd'})
[2025-06-04 23:18:12] Récupération des données de vote pour Best of Black & White (URL: best-of-black-white29, HEADER:{'User-Agent': 'Mozilla/5.0 (X11; Linux i686; rv:39.0) Gecko/20100101 Firefox/39.0', 'x-api-version': '8', 'x-env': 'WEB', 'X-requested-with': 'XMLHttpRequest', 'X-token': 'f96bbe3a7e7f833329e7129767a69abbfa6dfce3152e3c2a311eb49d89b5c3bb2b12b66b402f03dce682b8b2b6a005cd'})
[2025-06-04 23:18:12] Récupération des données de vote pour Best of Black & White (URL: best-of-black-white29, HEADER:{'User-Agent': 'Mozilla/5.0 (X11; Linux i686; rv:39.0) Gecko/20100101 Firefox/39.0', 'x-api-version': '8', 'x-env': 'WEB', 'X-requested-with': 'XMLHttpRequest', 'X-token': 'f96bbe3a7e7f833329e7129767a69abbfa6dfce3152e3c2a311eb49d89b5c3bb2b12b66b402f03dce682b8b2b6a005cd'})
[2025-06-04 23:18:12] Récupération des données de vote pour Best of Black & White (URL: best-of-black-white29, HEADER:{'User-Agent': 'Mozilla/5.0 (X11; Linux i686; rv:39.0) Gecko/20100101 Firefox/39.0', 'x-api-version': '8', 'x-env': 'WEB', 'X-requested-with': 'XMLHttpRequest', 'X-token': 'f96bbe3a7e7f833329e7129767a69abbfa6dfce3152e3c2a311eb49d89b5c3bb2b12b66b402f03dce682b8b2b6a005cd'})
[2025-06-04 23:18:12] Récupération des données de vote pour Best of Black & White (URL: best-of-black-white29, HEADER:{'User-Agent': 'Mozilla/5.0 (X11; Linux i686; rv:39.0) Gecko/20100101 Firefox/39.0', 'x-api-version': '8', 'x-env': 'WEB', 'X-requested-with': 'XMLHttpRequest', 'X-token': 'f96bbe3a7e7f833329e7129767a69abbfa6dfce3152e3c2a311eb49d89b5c3bb2b12b66b402f03dce682b8b2b6a005cd'})
[2025-06-04 23:18:12] Récupération des données de vote pour Best of Black & White (URL: best-of-black-white29, HEADER:{'User-Agent': 'Mozilla/5.0 (X11; Linux i686; rv:39.0) Gecko/20100101 Firefox/39.0', 'x-api-version': '8', 'x-env': 'WEB', 'X-requested-with': 'XMLHttpRequest', 'X-token': 'f96bbe3a7e7f833329e7129767a69abbfa6dfce3152e3c2a311eb49d89b5c3bb2b12b66b402f03dce682b8b2b6a005cd'})
[2025-06-04 23:18:12] Récupération des données de vote pour Best of Black & White (URL: best-of-black-white29, HEADER:{'User-Agent': 'Mozilla/5.0 (X11; Linux i686; rv:39.0) Gecko/20100101 Firefox/39.0', 'x-api-version': '8', 'x-env': 'WEB', 'X-requested-with': 'XMLHttpRequest', 'X-token': 'f96bbe3a7e7f833329e7129767a69abbfa6dfce3152e3c2a311eb49d89b5c3bb2b12b66b402f03dce682b8b2b6a005cd'})
[2025-06-04 23:18:12] Récupération des données de vote pour Best of Black & White (URL: best-of-black-white29, HEADER:{'User-Agent': 'Mozilla/5.0 (X11; Linux i686; rv:39.0) Gecko/20100101 Firefox/39.0', 'x-api-version': '8', 'x-env': 'WEB', 'X-requested-with': 'XMLHttpRequest', 'X-token': 'f96bbe3a7e7f833329e7129767a69abbfa6dfce3152e3c2a311eb49d89b5c3bb2b12b66b402f03dce682b8b2b6a005cd'})
[2025-06-04 23:18:12] Récupération des données de vote pour Photographer of the Week (URL: photographer-of-the-week210, HEADER:{'User-Agent': 'Mozilla/5.0 (X11; Linux i686; rv:39.0) Gecko/20100101 Firefox/39.0', 'x-api-version': '8', 'x-env': 'WEB', 'X-requested-with': 'XMLHttpRequest', 'X-token': 'f96bbe3a7e7f833329e7129767a69abbfa6dfce3152e3c2a311eb49d89b5c3bb2b12b66b402f03dce682b8b2b6a005cd'})
[2025-06-04 23:18:12] Récupération des données de vote pour Photographer of the Week (URL: photographer-of-the-week210, HEADER:{'User-Agent': 'Mozilla/5.0 (X11; Linux i686; rv:39.0) Gecko/20100101 Firefox/39.0', 'x-api-version': '8', 'x-env': 'WEB', 'X-requested-with': 'XMLHttpRequest', 'X-token': 'f96bbe3a7e7f833329e7129767a69abbfa6dfce3152e3c2a311eb49d89b5c3bb2b12b66b402f03dce682b8b2b6a005cd'})
[2025-06-04 23:18:12] Récupération des données de vote pour Photographer of the Week (URL: photographer-of-the-week210, HEADER:{'User-Agent': 'Mozilla/5.0 (X11; Linux i686; rv:39.0) Gecko/20100101 Firefox/39.0', 'x-api-version': '8', 'x-env': 'WEB', 'X-requested-with': 'XMLHttpRequest', 'X-token': 'f96bbe3a7e7f833329e7129767a69abbfa6dfce3152e3c2a311eb49d89b5c3bb2b12b66b402f03dce682b8b2b6a005cd'})
[2025-06-04 23:18:12] Récupération des données de vote pour Photographer of the Week (URL: photographer-of-the-week210, HEADER:{'User-Agent': 'Mozilla/5.0 (X11; Linux i686; rv:39.0) Gecko/20100101 Firefox/39.0', 'x-api-version': '8', 'x-env': 'WEB', 'X-requested-with': 'XMLHttpRequest', 'X-token': 'f96bbe3a7e7f833329e7129767a69abbfa6dfce3152e3c2a311eb49d89b5c3bb2b12b66b402f03dce682b8b2b6a005cd'})
[2025-06-04 23:18:12] Récupération des données de vote pour Photographer of the Week (URL: photographer-of-the-week210, HEADER:{'User-Agent': 'Mozilla/5.0 (X11; Linux i686; rv:39.0) Gecko/20100101 Firefox/39.0', 'x-api-version': '8', 'x-env': 'WEB', 'X-requested-with': 'XMLHttpRequest', 'X-token': 'f96bbe3a7e7f833329e7129767a69abbfa6dfce3152e3c2a311eb49d89b5c3bb2b12b66b402f03dce682b8b2b6a005cd'})
[2025-06-04 23:18:12] Récupération des données de vote pour Photographer of the Week (URL: photographer-of-the-week210, HEADER:{'User-Agent': 'Mozilla/5.0 (X11; Linux i686; rv:39.0) Gecko/20100101 Firefox/39.0', 'x-api-version': '8', 'x-env': 'WEB', 'X-requested-with': 'XMLHttpRequest', 'X-token': 'f96bbe3a7e7f833329e7129767a69abbfa6dfce3152e3c2a311eb49d89b5c3bb2b12b66b402f03dce682b8b2b6a005cd'})
[2025-06-04 23:18:12] Récupération des données de vote pour Photographer of the Week (URL: photographer-of-the-week210, HEADER:{'User-Agent': 'Mozilla/5.0 (X11; Linux i686; rv:39.0) Gecko/20100101 Firefox/39.0', 'x-api-version': '8', 'x-env': 'WEB', 'X-requested-with': 'XMLHttpRequest', 'X-token': 'f96bbe3a7e7f833329e7129767a69abbfa6dfce3152e3c2a311eb49d89b5c3bb2b12b66b402f03dce682b8b2b6a005cd'})
[2025-06-04 23:18:12] Récupération des données de vote pour Ultimate Exposure (URL: ultimate-exposure80, HEADER:{'User-Agent': 'Mozilla/5.0 (X11; Linux i686; rv:39.0) Gecko/20100101 Firefox/39.0', 'x-api-version': '8', 'x-env': 'WEB', 'X-requested-with': 'XMLHttpRequest', 'X-token': 'f96bbe3a7e7f833329e7129767a69abbfa6dfce3152e3c2a311eb49d89b5c3bb2b12b66b402f03dce682b8b2b6a005cd'})
[2025-06-04 23:18:12] Récupération des données de vote pour Ultimate Exposure (URL: ultimate-exposure80, HEADER:{'User-Agent': 'Mozilla/5.0 (X11; Linux i686; rv:39.0) Gecko/20100101 Firefox/39.0', 'x-api-version': '8', 'x-env': 'WEB', 'X-requested-with': 'XMLHttpRequest', 'X-token': 'f96bbe3a7e7f833329e7129767a69abbfa6dfce3152e3c2a311eb49d89b5c3bb2b12b66b402f03dce682b8b2b6a005cd'})
[2025-06-04 23:18:12] Récupération des données de vote pour Ultimate Exposure (URL: ultimate-exposure80, HEADER:{'User-Agent': 'Mozilla/5.0 (X11; Linux i686; rv:39.0) Gecko/20100101 Firefox/39.0', 'x-api-version': '8', 'x-env': 'WEB', 'X-requested-with': 'XMLHttpRequest', 'X-token': 'f96bbe3a7e7f833329e7129767a69abbfa6dfce3152e3c2a311eb49d89b5c3bb2b12b66b402f03dce682b8b2b6a005cd'})
[2025-06-04 23:18:12] Récupération des données de vote pour Ultimate Exposure (URL: ultimate-exposure80, HEADER:{'User-Agent': 'Mozilla/5.0 (X11; Linux i686; rv:39.0) Gecko/20100101 Firefox/39.0', 'x-api-version': '8', 'x-env': 'WEB', 'X-requested-with': 'XMLHttpRequest', 'X-token': 'f96bbe3a7e7f833329e7129767a69abbfa6dfce3152e3c2a311eb49d89b5c3bb2b12b66b402f03dce682b8b2b6a005cd'})
[2025-06-04 23:18:12] Récupération des données de vote pour Ultimate Exposure (URL: ultimate-exposure80, HEADER:{'User-Agent': 'Mozilla/5.0 (X11; Linux i686; rv:39.0) Gecko/20100101 Firefox/39.0', 'x-api-version': '8', 'x-env': 'WEB', 'X-requested-with': 'XMLHttpRequest', 'X-token': 'f96bbe3a7e7f833329e7129767a69abbfa6dfce3152e3c2a311eb49d89b5c3bb2b12b66b402f03dce682b8b2b6a005cd'})
[2025-06-04 23:18:12] Récupération des données de vote pour Ultimate Exposure (URL: ultimate-exposure80, HEADER:{'User-Agent': 'Mozilla/5.0 (X11; Linux i686; rv:39.0) Gecko/20100101 Firefox/39.0', 'x-api-version': '8', 'x-env': 'WEB', 'X-requested-with': 'XMLHttpRequest', 'X-token': 'f96bbe3a7e7f833329e7129767a69abbfa6dfce3152e3c2a311eb49d89b5c3bb2b12b66b402f03dce682b8b2b6a005cd'})
[2025-06-04 23:18:12] Récupération des données de vote pour Ultimate Exposure (URL: ultimate-exposure80, HEADER:{'User-Agent': 'Mozilla/5.0 (X11; Linux i686; rv:39.0) Gecko/20100101 Firefox/39.0', 'x-api-version': '8', 'x-env': 'WEB', 'X-requested-with': 'XMLHttpRequest', 'X-token': 'f96bbe3a7e7f833329e7129767a69abbfa6dfce3152e3c2a311eb49d89b5c3bb2b12b66b402f03dce682b8b2b6a005cd'})
[2025-06-04 23:18:12] Récupération des données de vote pour Landscape Photographer of the Year (URL: landscape-photographer-of-the-year4, HEADER:{'User-Agent': 'Mozilla/5.0 (X11; Linux i686; rv:39.0) Gecko/20100101 Firefox/39.0', 'x-api-version': '8', 'x-env': 'WEB', 'X-requested-with': 'XMLHttpRequest', 'X-token': 'f96bbe3a7e7f833329e7129767a69abbfa6dfce3152e3c2a311eb49d89b5c3bb2b12b66b402f03dce682b8b2b6a005cd'})
[2025-06-04 23:18:12] Récupération des données de vote pour Landscape Photographer of the Year (URL: landscape-photographer-of-the-year4, HEADER:{'User-Agent': 'Mozilla/5.0 (X11; Linux i686; rv:39.0) Gecko/20100101 Firefox/39.0', 'x-api-version': '8', 'x-env': 'WEB', 'X-requested-with': 'XMLHttpRequest', 'X-token': 'f96bbe3a7e7f833329e7129767a69abbfa6dfce3152e3c2a311eb49d89b5c3bb2b12b66b402f03dce682b8b2b6a005cd'})
[2025-06-04 23:18:12] Récupération des données de vote pour Landscape Photographer of the Year (URL: landscape-photographer-of-the-year4, HEADER:{'User-Agent': 'Mozilla/5.0 (X11; Linux i686; rv:39.0) Gecko/20100101 Firefox/39.0', 'x-api-version': '8', 'x-env': 'WEB', 'X-requested-with': 'XMLHttpRequest', 'X-token': 'f96bbe3a7e7f833329e7129767a69abbfa6dfce3152e3c2a311eb49d89b5c3bb2b12b66b402f03dce682b8b2b6a005cd'})
[2025-06-04 23:18:12] Récupération des données de vote pour Landscape Photographer of the Year (URL: landscape-photographer-of-the-year4, HEADER:{'User-Agent': 'Mozilla/5.0 (X11; Linux i686; rv:39.0) Gecko/20100101 Firefox/39.0', 'x-api-version': '8', 'x-env': 'WEB', 'X-requested-with': 'XMLHttpRequest', 'X-token': 'f96bbe3a7e7f833329e7129767a69abbfa6dfce3152e3c2a311eb49d89b5c3bb2b12b66b402f03dce682b8b2b6a005cd'})
[2025-06-04 23:18:12] Récupération des données de vote pour Landscape Photographer of the Year (URL: landscape-photographer-of-the-year4, HEADER:{'User-Agent': 'Mozilla/5.0 (X11; Linux i686; rv:39.0) Gecko/20100101 Firefox/39.0', 'x-api-version': '8', 'x-env': 'WEB', 'X-requested-with': 'XMLHttpRequest', 'X-token': 'f96bbe3a7e7f833329e7129767a69abbfa6dfce3152e3c2a311eb49d89b5c3bb2b12b66b402f03dce682b8b2b6a005cd'})
[2025-06-04 23:18:12] Récupération des données de vote pour Landscape Photographer of the Year (URL: landscape-photographer-of-the-year4, HEADER:{'User-Agent': 'Mozilla/5.0 (X11; Linux i686; rv:39.0) Gecko/20100101 Firefox/39.0', 'x-api-version': '8', 'x-env': 'WEB', 'X-requested-with': 'XMLHttpRequest', 'X-token': 'f96bbe3a7e7f833329e7129767a69abbfa6dfce3152e3c2a311eb49d89b5c3bb2b12b66b402f03dce682b8b2b6a005cd'})
[2025-06-04 23:18:12] Récupération des données de vote pour Landscape Photographer of the Year (URL: landscape-photographer-of-the-year4, HEADER:{'User-Agent': 'Mozilla/5.0 (X11; Linux i686; rv:39.0) Gecko/20100101 Firefox/39.0', 'x-api-version': '8', 'x-env': 'WEB', 'X-requested-with': 'XMLHttpRequest', 'X-token': 'f96bbe3a7e7f833329e7129767a69abbfa6dfce3152e3c2a311eb49d89b5c3bb2b12b66b402f03dce682b8b2b6a005cd'})
[2025-06-04 23:18:12] Récupération des données de vote pour Gone Walking (URL: gone-walking, HEADER:{'User-Agent': 'Mozilla/5.0 (X11; Linux i686; rv:39.0) Gecko/20100101 Firefox/39.0', 'x-api-version': '8', 'x-env': 'WEB', 'X-requested-with': 'XMLHttpRequest', 'X-token': 'f96bbe3a7e7f833329e7129767a69abbfa6dfce3152e3c2a311eb49d89b5c3bb2b12b66b402f03dce682b8b2b6a005cd'})
[2025-06-04 23:18:12] Récupération des données de vote pour Gone Walking (URL: gone-walking, HEADER:{'User-Agent': 'Mozilla/5.0 (X11; Linux i686; rv:39.0) Gecko/20100101 Firefox/39.0', 'x-api-version': '8', 'x-env': 'WEB', 'X-requested-with': 'XMLHttpRequest', 'X-token': 'f96bbe3a7e7f833329e7129767a69abbfa6dfce3152e3c2a311eb49d89b5c3bb2b12b66b402f03dce682b8b2b6a005cd'})
[2025-06-04 23:18:12] Récupération des données de vote pour Gone Walking (URL: gone-walking, HEADER:{'User-Agent': 'Mozilla/5.0 (X11; Linux i686; rv:39.0) Gecko/20100101 Firefox/39.0', 'x-api-version': '8', 'x-env': 'WEB', 'X-requested-with': 'XMLHttpRequest', 'X-token': 'f96bbe3a7e7f833329e7129767a69abbfa6dfce3152e3c2a311eb49d89b5c3bb2b12b66b402f03dce682b8b2b6a005cd'})
[2025-06-04 23:18:12] Récupération des données de vote pour Gone Walking (URL: gone-walking, HEADER:{'User-Agent': 'Mozilla/5.0 (X11; Linux i686; rv:39.0) Gecko/20100101 Firefox/39.0', 'x-api-version': '8', 'x-env': 'WEB', 'X-requested-with': 'XMLHttpRequest', 'X-token': 'f96bbe3a7e7f833329e7129767a69abbfa6dfce3152e3c2a311eb49d89b5c3bb2b12b66b402f03dce682b8b2b6a005cd'})
[2025-06-04 23:18:12] Récupération des données de vote pour Gone Walking (URL: gone-walking, HEADER:{'User-Agent': 'Mozilla/5.0 (X11; Linux i686; rv:39.0) Gecko/20100101 Firefox/39.0', 'x-api-version': '8', 'x-env': 'WEB', 'X-requested-with': 'XMLHttpRequest', 'X-token': 'f96bbe3a7e7f833329e7129767a69abbfa6dfce3152e3c2a311eb49d89b5c3bb2b12b66b402f03dce682b8b2b6a005cd'})
[2025-06-04 23:18:12] Récupération des données de vote pour Gone Walking (URL: gone-walking, HEADER:{'User-Agent': 'Mozilla/5.0 (X11; Linux i686; rv:39.0) Gecko/20100101 Firefox/39.0', 'x-api-version': '8', 'x-env': 'WEB', 'X-requested-with': 'XMLHttpRequest', 'X-token': 'f96bbe3a7e7f833329e7129767a69abbfa6dfce3152e3c2a311eb49d89b5c3bb2b12b66b402f03dce682b8b2b6a005cd'})
[2025-06-04 23:18:12] Récupération des données de vote pour Gone Walking (URL: gone-walking, HEADER:{'User-Agent': 'Mozilla/5.0 (X11; Linux i686; rv:39.0) Gecko/20100101 Firefox/39.0', 'x-api-version': '8', 'x-env': 'WEB', 'X-requested-with': 'XMLHttpRequest', 'X-token': 'f96bbe3a7e7f833329e7129767a69abbfa6dfce3152e3c2a311eb49d89b5c3bb2b12b66b402f03dce682b8b2b6a005cd'})
[2025-06-04 23:18:12] Récupération des données de vote pour Still Life (URL: still-life5, HEADER:{'User-Agent': 'Mozilla/5.0 (X11; Linux i686; rv:39.0) Gecko/20100101 Firefox/39.0', 'x-api-version': '8', 'x-env': 'WEB', 'X-requested-with': 'XMLHttpRequest', 'X-token': 'f96bbe3a7e7f833329e7129767a69abbfa6dfce3152e3c2a311eb49d89b5c3bb2b12b66b402f03dce682b8b2b6a005cd'})
[2025-06-04 23:18:12] Récupération des données de vote pour Still Life (URL: still-life5, HEADER:{'User-Agent': 'Mozilla/5.0 (X11; Linux i686; rv:39.0) Gecko/20100101 Firefox/39.0', 'x-api-version': '8', 'x-env': 'WEB', 'X-requested-with': 'XMLHttpRequest', 'X-token': 'f96bbe3a7e7f833329e7129767a69abbfa6dfce3152e3c2a311eb49d89b5c3bb2b12b66b402f03dce682b8b2b6a005cd'})
[2025-06-04 23:18:12] Récupération des données de vote pour Still Life (URL: still-life5, HEADER:{'User-Agent': 'Mozilla/5.0 (X11; Linux i686; rv:39.0) Gecko/20100101 Firefox/39.0', 'x-api-version': '8', 'x-env': 'WEB', 'X-requested-with': 'XMLHttpRequest', 'X-token': 'f96bbe3a7e7f833329e7129767a69abbfa6dfce3152e3c2a311eb49d89b5c3bb2b12b66b402f03dce682b8b2b6a005cd'})
[2025-06-04 23:18:12] Récupération des données de vote pour Still Life (URL: still-life5, HEADER:{'User-Agent': 'Mozilla/5.0 (X11; Linux i686; rv:39.0) Gecko/20100101 Firefox/39.0', 'x-api-version': '8', 'x-env': 'WEB', 'X-requested-with': 'XMLHttpRequest', 'X-token': 'f96bbe3a7e7f833329e7129767a69abbfa6dfce3152e3c2a311eb49d89b5c3bb2b12b66b402f03dce682b8b2b6a005cd'})
[2025-06-04 23:18:12] Récupération des données de vote pour Still Life (URL: still-life5, HEADER:{'User-Agent': 'Mozilla/5.0 (X11; Linux i686; rv:39.0) Gecko/20100101 Firefox/39.0', 'x-api-version': '8', 'x-env': 'WEB', 'X-requested-with': 'XMLHttpRequest', 'X-token': 'f96bbe3a7e7f833329e7129767a69abbfa6dfce3152e3c2a311eb49d89b5c3bb2b12b66b402f03dce682b8b2b6a005cd'})
[2025-06-04 23:18:12] Récupération des données de vote pour Still Life (URL: still-life5, HEADER:{'User-Agent': 'Mozilla/5.0 (X11; Linux i686; rv:39.0) Gecko/20100101 Firefox/39.0', 'x-api-version': '8', 'x-env': 'WEB', 'X-requested-with': 'XMLHttpRequest', 'X-token': 'f96bbe3a7e7f833329e7129767a69abbfa6dfce3152e3c2a311eb49d89b5c3bb2b12b66b402f03dce682b8b2b6a005cd'})
[2025-06-04 23:18:12] Récupération des données de vote pour Still Life (URL: still-life5, HEADER:{'User-Agent': 'Mozilla/5.0 (X11; Linux i686; rv:39.0) Gecko/20100101 Firefox/39.0', 'x-api-version': '8', 'x-env': 'WEB', 'X-requested-with': 'XMLHttpRequest', 'X-token': 'f96bbe3a7e7f833329e7129767a69abbfa6dfce3152e3c2a311eb49d89b5c3bb2b12b66b402f03dce682b8b2b6a005cd'})
[2025-06-04 23:18:12] Récupération des données de vote pour Guru of The Week (URL: guru-of-the-week36, HEADER:{'User-Agent': 'Mozilla/5.0 (X11; Linux i686; rv:39.0) Gecko/20100101 Firefox/39.0', 'x-api-version': '8', 'x-env': 'WEB', 'X-requested-with': 'XMLHttpRequest', 'X-token': 'f96bbe3a7e7f833329e7129767a69abbfa6dfce3152e3c2a311eb49d89b5c3bb2b12b66b402f03dce682b8b2b6a005cd'})
[2025-06-04 23:18:12] Récupération des données de vote pour Guru of The Week (URL: guru-of-the-week36, HEADER:{'User-Agent': 'Mozilla/5.0 (X11; Linux i686; rv:39.0) Gecko/20100101 Firefox/39.0', 'x-api-version': '8', 'x-env': 'WEB', 'X-requested-with': 'XMLHttpRequest', 'X-token': 'f96bbe3a7e7f833329e7129767a69abbfa6dfce3152e3c2a311eb49d89b5c3bb2b12b66b402f03dce682b8b2b6a005cd'})
[2025-06-04 23:18:12] Récupération des données de vote pour Guru of The Week (URL: guru-of-the-week36, HEADER:{'User-Agent': 'Mozilla/5.0 (X11; Linux i686; rv:39.0) Gecko/20100101 Firefox/39.0', 'x-api-version': '8', 'x-env': 'WEB', 'X-requested-with': 'XMLHttpRequest', 'X-token': 'f96bbe3a7e7f833329e7129767a69abbfa6dfce3152e3c2a311eb49d89b5c3bb2b12b66b402f03dce682b8b2b6a005cd'})
[2025-06-04 23:18:12] Récupération des données de vote pour Guru of The Week (URL: guru-of-the-week36, HEADER:{'User-Agent': 'Mozilla/5.0 (X11; Linux i686; rv:39.0) Gecko/20100101 Firefox/39.0', 'x-api-version': '8', 'x-env': 'WEB', 'X-requested-with': 'XMLHttpRequest', 'X-token': 'f96bbe3a7e7f833329e7129767a69abbfa6dfce3152e3c2a311eb49d89b5c3bb2b12b66b402f03dce682b8b2b6a005cd'})
[2025-06-04 23:18:12] Récupération des données de vote pour Guru of The Week (URL: guru-of-the-week36, HEADER:{'User-Agent': 'Mozilla/5.0 (X11; Linux i686; rv:39.0) Gecko/20100101 Firefox/39.0', 'x-api-version': '8', 'x-env': 'WEB', 'X-requested-with': 'XMLHttpRequest', 'X-token': 'f96bbe3a7e7f833329e7129767a69abbfa6dfce3152e3c2a311eb49d89b5c3bb2b12b66b402f03dce682b8b2b6a005cd'})
[2025-06-04 23:18:12] Récupération des données de vote pour Guru of The Week (URL: guru-of-the-week36, HEADER:{'User-Agent': 'Mozilla/5.0 (X11; Linux i686; rv:39.0) Gecko/20100101 Firefox/39.0', 'x-api-version': '8', 'x-env': 'WEB', 'X-requested-with': 'XMLHttpRequest', 'X-token': 'f96bbe3a7e7f833329e7129767a69abbfa6dfce3152e3c2a311eb49d89b5c3bb2b12b66b402f03dce682b8b2b6a005cd'})
[2025-06-04 23:18:12] Récupération des données de vote pour Guru of The Week (URL: guru-of-the-week36, HEADER:{'User-Agent': 'Mozilla/5.0 (X11; Linux i686; rv:39.0) Gecko/20100101 Firefox/39.0', 'x-api-version': '8', 'x-env': 'WEB', 'X-requested-with': 'XMLHttpRequest', 'X-token': 'f96bbe3a7e7f833329e7129767a69abbfa6dfce3152e3c2a311eb49d89b5c3bb2b12b66b402f03dce682b8b2b6a005cd'})
[2025-06-04 23:18:12] Récupération des données de vote pour Dramatic Lighting (URL: dramatic-lighting11, HEADER:{'User-Agent': 'Mozilla/5.0 (X11; Linux i686; rv:39.0) Gecko/20100101 Firefox/39.0', 'x-api-version': '8', 'x-env': 'WEB', 'X-requested-with': 'XMLHttpRequest', 'X-token': 'f96bbe3a7e7f833329e7129767a69abbfa6dfce3152e3c2a311eb49d89b5c3bb2b12b66b402f03dce682b8b2b6a005cd'})
[2025-06-04 23:18:12] Récupération des données de vote pour Dramatic Lighting (URL: dramatic-lighting11, HEADER:{'User-Agent': 'Mozilla/5.0 (X11; Linux i686; rv:39.0) Gecko/20100101 Firefox/39.0', 'x-api-version': '8', 'x-env': 'WEB', 'X-requested-with': 'XMLHttpRequest', 'X-token': 'f96bbe3a7e7f833329e7129767a69abbfa6dfce3152e3c2a311eb49d89b5c3bb2b12b66b402f03dce682b8b2b6a005cd'})
[2025-06-04 23:18:12] Récupération des données de vote pour Dramatic Lighting (URL: dramatic-lighting11, HEADER:{'User-Agent': 'Mozilla/5.0 (X11; Linux i686; rv:39.0) Gecko/20100101 Firefox/39.0', 'x-api-version': '8', 'x-env': 'WEB', 'X-requested-with': 'XMLHttpRequest', 'X-token': 'f96bbe3a7e7f833329e7129767a69abbfa6dfce3152e3c2a311eb49d89b5c3bb2b12b66b402f03dce682b8b2b6a005cd'})
[2025-06-04 23:18:12] Récupération des données de vote pour Dramatic Lighting (URL: dramatic-lighting11, HEADER:{'User-Agent': 'Mozilla/5.0 (X11; Linux i686; rv:39.0) Gecko/20100101 Firefox/39.0', 'x-api-version': '8', 'x-env': 'WEB', 'X-requested-with': 'XMLHttpRequest', 'X-token': 'f96bbe3a7e7f833329e7129767a69abbfa6dfce3152e3c2a311eb49d89b5c3bb2b12b66b402f03dce682b8b2b6a005cd'})
[2025-06-04 23:18:12] Récupération des données de vote pour Dramatic Lighting (URL: dramatic-lighting11, HEADER:{'User-Agent': 'Mozilla/5.0 (X11; Linux i686; rv:39.0) Gecko/20100101 Firefox/39.0', 'x-api-version': '8', 'x-env': 'WEB', 'X-requested-with': 'XMLHttpRequest', 'X-token': 'f96bbe3a7e7f833329e7129767a69abbfa6dfce3152e3c2a311eb49d89b5c3bb2b12b66b402f03dce682b8b2b6a005cd'})
[2025-06-04 23:18:12] Récupération des données de vote pour Dramatic Lighting (URL: dramatic-lighting11, HEADER:{'User-Agent': 'Mozilla/5.0 (X11; Linux i686; rv:39.0) Gecko/20100101 Firefox/39.0', 'x-api-version': '8', 'x-env': 'WEB', 'X-requested-with': 'XMLHttpRequest', 'X-token': 'f96bbe3a7e7f833329e7129767a69abbfa6dfce3152e3c2a311eb49d89b5c3bb2b12b66b402f03dce682b8b2b6a005cd'})
[2025-06-04 23:18:12] Récupération des données de vote pour Dramatic Lighting (URL: dramatic-lighting11, HEADER:{'User-Agent': 'Mozilla/5.0 (X11; Linux i686; rv:39.0) Gecko/20100101 Firefox/39.0', 'x-api-version': '8', 'x-env': 'WEB', 'X-requested-with': 'XMLHttpRequest', 'X-token': 'f96bbe3a7e7f833329e7129767a69abbfa6dfce3152e3c2a311eb49d89b5c3bb2b12b66b402f03dce682b8b2b6a005cd'})
[2025-06-04 23:18:13] Récupération réussie: 200 images pour Artworks on Walls
[2025-06-04 23:18:13] Voting fetching ...
[2025-06-04 23:18:13] Artworks on Walls voting 10 images
[2025-06-04 23:18:13] Récupération réussie: 200 images pour Artworks on Walls
[2025-06-04 23:18:13] Voting fetching ...
[2025-06-04 23:18:13] Artworks on Walls voting 10 images
[2025-06-04 23:18:13] Récupération réussie: 200 images pour Joined Together
[2025-06-04 23:18:13] Voting fetching ...
[2025-06-04 23:18:13] Joined Together voting 10 images
[2025-06-04 23:18:14] Récupération réussie: 200 images pour Joined Together
[2025-06-04 23:18:14] Voting fetching ...
[2025-06-04 23:18:14] Joined Together voting 10 images
[2025-06-04 23:18:14] Récupération réussie: 200 images pour Artworks on Walls
[2025-06-04 23:18:14] Voting fetching ...
[2025-06-04 23:18:14] Artworks on Walls voting 10 images
[2025-06-04 23:18:14] Récupération réussie: 200 images pour Artworks on Walls
[2025-06-04 23:18:14] Voting fetching ...
[2025-06-04 23:18:14] Artworks on Walls voting 10 images
[2025-06-04 23:18:14] Récupération réussie: 200 images pour Joined Together
[2025-06-04 23:18:14] Voting fetching ...
[2025-06-04 23:18:14] Joined Together voting 10 images
[2025-06-04 23:18:14] Récupération réussie: 200 images pour Artworks on Walls
[2025-06-04 23:18:14] Voting fetching ...
[2025-06-04 23:18:14] Artworks on Walls voting 10 images
[2025-06-04 23:18:14] Récupération réussie: 200 images pour Joined Together
[2025-06-04 23:18:14] Voting fetching ...
[2025-06-04 23:18:14] Joined Together voting 10 images
[2025-06-04 23:18:14] Récupération réussie: 200 images pour Artworks on Walls
[2025-06-04 23:18:14] Voting fetching ...
[2025-06-04 23:18:14] Artworks on Walls voting 10 images
[2025-06-04 23:18:14] Récupération réussie: 200 images pour Joined Together
[2025-06-04 23:18:14] Voting fetching ...
[2025-06-04 23:18:14] Joined Together voting 10 images
[2025-06-04 23:18:15] Récupération réussie: 200 images pour Artworks on Walls
[2025-06-04 23:18:15] Voting fetching ...
[2025-06-04 23:18:15] Artworks on Walls voting 10 images
[2025-06-04 23:18:15] Récupération réussie: 200 images pour Joined Together
[2025-06-04 23:18:15] Voting fetching ...
[2025-06-04 23:18:15] Joined Together voting 10 images
[2025-06-04 23:18:15] Récupération réussie: 200 images pour Joined Together
[2025-06-04 23:18:15] Voting fetching ...
[2025-06-04 23:18:15] Joined Together voting 10 images
[2025-06-04 23:18:16] Récupération réussie: 200 images pour Gone Walking
[2025-06-04 23:18:16] Voting fetching ...
[2025-06-04 23:18:16] Gone Walking voting 10 images
[2025-06-04 23:18:16] Récupération réussie: 200 images pour Gone Walking
[2025-06-04 23:18:16] Voting fetching ...
[2025-06-04 23:18:16] Gone Walking voting 10 images
[2025-06-04 23:18:16] Récupération réussie: 200 images pour Photographer of the Week
[2025-06-04 23:18:16] Voting fetching ...
[2025-06-04 23:18:16] Photographer of the Week voting 10 images
[2025-06-04 23:18:16] Récupération réussie: 200 images pour Gone Walking
[2025-06-04 23:18:16] Voting fetching ...
[2025-06-04 23:18:16] Gone Walking voting 10 images
[2025-06-04 23:18:16] Récupération réussie: 200 images pour Gone Walking
[2025-06-04 23:18:16] Voting fetching ...
[2025-06-04 23:18:16] Gone Walking voting 10 images
[2025-06-04 23:18:16] Récupération réussie: 200 images pour Gone Walking
[2025-06-04 23:18:16] Voting fetching ...
[2025-06-04 23:18:16] Gone Walking voting 10 images
[2025-06-04 23:18:16] Récupération réussie: 200 images pour Photographer of the Week
[2025-06-04 23:18:16] Voting fetching ...
[2025-06-04 23:18:16] Photographer of the Week voting 10 images
[2025-06-04 23:18:16] Récupération réussie: 200 images pour Gone Walking
[2025-06-04 23:18:16] Voting fetching ...
[2025-06-04 23:18:16] Gone Walking voting 10 images
[2025-06-04 23:18:17] Récupération réussie: 200 images pour Photographer of the Week
[2025-06-04 23:18:17] Voting fetching ...
[2025-06-04 23:18:17] Photographer of the Week voting 10 images
[2025-06-04 23:18:17] Récupération réussie: 200 images pour Photographer of the Week
[2025-06-04 23:18:17] Voting fetching ...
[2025-06-04 23:18:17] Photographer of the Week voting 10 images
[2025-06-04 23:18:17] Récupération réussie: 200 images pour Photographer of the Week
[2025-06-04 23:18:17] Voting fetching ...
[2025-06-04 23:18:17] Photographer of the Week voting 10 images
[2025-06-04 23:18:17] Récupération réussie: 200 images pour Best of Black & White
[2025-06-04 23:18:17] Voting fetching ...
[2025-06-04 23:18:17] Best of Black & White voting 10 images
[2025-06-04 23:18:17] Récupération réussie: 200 images pour Photographer of the Week
[2025-06-04 23:18:17] Voting fetching ...
[2025-06-04 23:18:17] Photographer of the Week voting 10 images
[2025-06-04 23:18:17] Récupération réussie: 200 images pour Photographer of the Week
[2025-06-04 23:18:17] Voting fetching ...
[2025-06-04 23:18:17] Photographer of the Week voting 10 images
[2025-06-04 23:18:17] Récupération réussie: 200 images pour Best of Black & White
[2025-06-04 23:18:17] Voting fetching ...
[2025-06-04 23:18:17] Best of Black & White voting 10 images
[2025-06-04 23:18:17] Récupération réussie: 200 images pour Still Life
[2025-06-04 23:18:17] Voting fetching ...
[2025-06-04 23:18:17] Still Life voting 10 images
[2025-06-04 23:18:17] Récupération réussie: 200 images pour Best of Black & White
[2025-06-04 23:18:17] Voting fetching ...
[2025-06-04 23:18:17] Best of Black & White voting 10 images
[2025-06-04 23:18:17] Récupération réussie: 200 images pour Still Life
[2025-06-04 23:18:17] Voting fetching ...
[2025-06-04 23:18:17] Still Life voting 10 images
[2025-06-04 23:18:18] Récupération réussie: 200 images pour Landscape Photographer of the Year
[2025-06-04 23:18:18] Voting fetching ...
[2025-06-04 23:18:18] Landscape Photographer of the Year voting 10 images
[2025-06-04 23:18:18] Récupération réussie: 200 images pour Landscape Photographer of the Year
[2025-06-04 23:18:18] Voting fetching ...
[2025-06-04 23:18:18] Landscape Photographer of the Year voting 10 images
[2025-06-04 23:18:18] Récupération réussie: 200 images pour Landscape Photographer of the Year
[2025-06-04 23:18:18] Voting fetching ...
[2025-06-04 23:18:18] Landscape Photographer of the Year voting 10 images
[2025-06-04 23:18:18] Récupération réussie: 200 images pour Landscape Photographer of the Year
[2025-06-04 23:18:18] Voting fetching ...
[2025-06-04 23:18:18] Landscape Photographer of the Year voting 10 images
[2025-06-04 23:18:18] Récupération réussie: 200 images pour Ultimate Exposure
[2025-06-04 23:18:18] Voting fetching ...
[2025-06-04 23:18:18] Ultimate Exposure voting 10 images
[2025-06-04 23:18:18] Récupération réussie: 200 images pour Guru of The Week
[2025-06-04 23:18:18] Voting fetching ...
[2025-06-04 23:18:18] Guru of The Week voting 10 images
[2025-06-04 23:18:18] Récupération réussie: 200 images pour Ultimate Exposure
[2025-06-04 23:18:18] Voting fetching ...
[2025-06-04 23:18:18] Ultimate Exposure voting 10 images
[2025-06-04 23:18:18] Récupération réussie: 200 images pour Landscape Photographer of the Year
[2025-06-04 23:18:18] Voting fetching ...
[2025-06-04 23:18:18] Landscape Photographer of the Year voting 10 images
[2025-06-04 23:18:18] Récupération réussie: 200 images pour Ultimate Exposure
[2025-06-04 23:18:18] Voting fetching ...
[2025-06-04 23:18:18] Ultimate Exposure voting 10 images
[2025-06-04 23:18:19] Récupération réussie: 200 images pour Still Life
[2025-06-04 23:18:19] Voting fetching ...
[2025-06-04 23:18:19] Still Life voting 10 images
[2025-06-04 23:18:19] Récupération réussie: 200 images pour Guru of The Week
[2025-06-04 23:18:19] Voting fetching ...
[2025-06-04 23:18:19] Guru of The Week voting 10 images
[2025-06-04 23:18:19] Récupération réussie: 200 images pour Ultimate Exposure
[2025-06-04 23:18:19] Voting fetching ...
[2025-06-04 23:18:19] Ultimate Exposure voting 10 images
[2025-06-04 23:18:19] Récupération réussie: 200 images pour Best of Black & White
[2025-06-04 23:18:19] Voting fetching ...
[2025-06-04 23:18:19] Best of Black & White voting 10 images
[2025-06-04 23:18:19] Récupération réussie: 200 images pour Guru of The Week
[2025-06-04 23:18:19] Voting fetching ...
[2025-06-04 23:18:19] Guru of The Week voting 10 images
[2025-06-04 23:18:19] Récupération réussie: 200 images pour Guru of The Week
[2025-06-04 23:18:19] Voting fetching ...
[2025-06-04 23:18:19] Guru of The Week voting 10 images
[2025-06-04 23:18:19] Récupération réussie: 200 images pour Guru of The Week
[2025-06-04 23:18:19] Voting fetching ...
[2025-06-04 23:18:19] Guru of The Week voting 10 images
[2025-06-04 23:18:19] Récupération réussie: 200 images pour Guru of The Week
[2025-06-04 23:18:19] Voting fetching ...
[2025-06-04 23:18:19] Guru of The Week voting 10 images
[2025-06-04 23:18:20] Récupération réussie: 200 images pour Best of Black & White
[2025-06-04 23:18:20] Voting fetching ...
[2025-06-04 23:18:20] Best of Black & White voting 10 images
[2025-06-04 23:18:20] Récupération réussie: 200 images pour Landscape Photographer of the Year
[2025-06-04 23:18:20] Voting fetching ...
[2025-06-04 23:18:20] Landscape Photographer of the Year voting 10 images
[2025-06-04 23:18:20] Récupération réussie: 200 images pour Still Life
[2025-06-04 23:18:20] Voting fetching ...
[2025-06-04 23:18:20] Still Life voting 10 images
[2025-06-04 23:18:20] Récupération réussie: 200 images pour Landscape Photographer of the Year
[2025-06-04 23:18:20] Voting fetching ...
[2025-06-04 23:18:20] Landscape Photographer of the Year voting 10 images
[2025-06-04 23:18:20] Récupération réussie: 200 images pour Best of Black & White
[2025-06-04 23:18:20] Voting fetching ...
[2025-06-04 23:18:20] Best of Black & White voting 10 images
[2025-06-04 23:18:20] Récupération réussie: 200 images pour Guru of The Week
[2025-06-04 23:18:20] Voting fetching ...
[2025-06-04 23:18:20] Guru of The Week voting 10 images
[2025-06-04 23:18:20] Récupération réussie: 200 images pour Ultimate Exposure
[2025-06-04 23:18:20] Voting fetching ...
[2025-06-04 23:18:20] Ultimate Exposure voting 10 images
[2025-06-04 23:18:20] Récupération réussie: 200 images pour Ultimate Exposure
[2025-06-04 23:18:20] Voting fetching ...
[2025-06-04 23:18:21] Ultimate Exposure voting 10 images
[2025-06-04 23:18:21] Récupération réussie: 200 images pour Ultimate Exposure
[2025-06-04 23:18:21] Voting fetching ...
[2025-06-04 23:18:21] Ultimate Exposure voting 10 images
[2025-06-04 23:18:21] Récupération réussie: 200 images pour Gone Walking
[2025-06-04 23:18:21] Voting fetching ...
[2025-06-04 23:18:21] Gone Walking voting 10 images
[2025-06-04 23:18:21] Récupération réussie: 200 images pour Best of Black & White
[2025-06-04 23:18:21] Voting fetching ...
[2025-06-04 23:18:21] Best of Black & White voting 10 images
[2025-06-04 23:18:21] Récupération réussie: 200 images pour Still Life
[2025-06-04 23:18:21] Voting fetching ...
[2025-06-04 23:18:21] Still Life voting 10 images
[2025-06-04 23:18:21] Récupération réussie: 200 images pour Dramatic Lighting
[2025-06-04 23:18:21] Voting fetching ...
[2025-06-04 23:18:21] Dramatic Lighting voting 10 images
[2025-06-04 23:18:21] Récupération réussie: 200 images pour Dramatic Lighting
[2025-06-04 23:18:21] Voting fetching ...
[2025-06-04 23:18:21] Dramatic Lighting voting 10 images
[2025-06-04 23:18:21] Récupération réussie: 200 images pour Still Life
[2025-06-04 23:18:21] Voting fetching ...
[2025-06-04 23:18:21] Still Life voting 10 images
[2025-06-04 23:18:22] Récupération réussie: 200 images pour Dramatic Lighting
[2025-06-04 23:18:22] Voting fetching ...
[2025-06-04 23:18:22] Dramatic Lighting voting 10 images
[2025-06-04 23:18:22] Récupération réussie: 200 images pour Still Life
[2025-06-04 23:18:22] Voting fetching ...
[2025-06-04 23:18:22] Still Life voting 10 images
[2025-06-04 23:18:22] Récupération réussie: 200 images pour Dramatic Lighting
[2025-06-04 23:18:22] Voting fetching ...
[2025-06-04 23:18:22] Dramatic Lighting voting 10 images
[2025-06-04 23:18:22] Récupération réussie: 200 images pour Dramatic Lighting
[2025-06-04 23:18:22] Voting fetching ...
[2025-06-04 23:18:22] Dramatic Lighting voting 10 images
[2025-06-04 23:18:22] Récupération réussie: 200 images pour Dramatic Lighting
[2025-06-04 23:18:22] Voting fetching ...
[2025-06-04 23:18:22] Dramatic Lighting voting 10 images
[2025-06-04 23:18:22] Récupération réussie: 200 images pour Dramatic Lighting
[2025-06-04 23:18:22] Voting fetching ...
[2025-06-04 23:18:22] Dramatic Lighting voting 10 images
[2025-06-04 23:18:25] Joined Together voted successfully
[2025-06-04 23:18:33] Artworks on Walls voted successfully
[2025-06-04 23:18:35] Joined Together voted successfully
[2025-06-04 23:18:44] Artworks on Walls voted successfully
[2025-06-04 23:18:56] Joined Together voted successfully
[2025-06-04 23:18:58] Artworks on Walls voted successfully
[2025-06-04 23:19:09] Joined Together voted successfully
[2025-06-04 23:19:15] Artworks on Walls voted successfully
[2025-06-04 23:19:17] Artworks on Walls voted successfully
[2025-06-04 23:19:19] Joined Together voted successfully
[2025-06-04 23:19:21] Joined Together voted successfully
[2025-06-04 23:19:23] Artworks on Walls voted successfully
[2025-06-04 23:19:25] Gone Walking voted successfully
[2025-06-04 23:19:27] Joined Together voted successfully
[2025-06-04 23:19:34] Artworks on Walls voted successfully
[2025-06-04 23:19:36] Gone Walking voted successfully
[2025-06-04 23:19:38] Photographer of the Week voted successfully
[2025-06-04 23:19:40] Gone Walking voted successfully
[2025-06-04 23:19:42] Gone Walking voted successfully
[2025-06-04 23:19:45] Guru of The Week voted successfully
[2025-06-04 23:19:47] Gone Walking voted successfully
[2025-06-04 23:19:49] Ultimate Exposure voted successfully
[2025-06-04 23:19:51] Landscape Photographer of the Year voted successfully
[2025-06-04 23:19:53] Landscape Photographer of the Year voted successfully
[2025-06-04 23:19:55] Best of Black & White voted successfully
[2025-06-04 23:19:57] Gone Walking voted successfully
[2025-06-04 23:20:02] Still Life voted successfully
[2025-06-04 23:20:04] Guru of The Week voted successfully
[2025-06-04 23:20:06] Still Life voted successfully
[2025-06-04 23:20:08] Best of Black & White voted successfully
[2025-06-04 23:20:10] Landscape Photographer of the Year voted successfully
[2025-06-04 23:20:12] Photographer of the Week voted successfully
[2025-06-04 23:20:14] Still Life voted successfully
[2025-06-04 23:20:16] Best of Black & White voted successfully
[2025-06-04 23:20:19] Photographer of the Week voted successfully
[2025-06-04 23:20:22] Still Life voted successfully
[2025-06-04 23:20:29] Ultimate Exposure voted successfully
[2025-06-04 23:20:32] Photographer of the Week voted successfully
[2025-06-04 23:20:34] Photographer of the Week voted successfully
[2025-06-04 23:20:36] Still Life voted successfully
[2025-06-04 23:20:38] Landscape Photographer of the Year voted successfully
[2025-06-04 23:20:40] Dramatic Lighting voted successfully
[2025-06-04 23:20:42] Ultimate Exposure voted successfully
[2025-06-04 23:20:44] Gone Walking voted successfully
[2025-06-04 23:20:46] Best of Black & White voted successfully
[2025-06-04 23:20:48] Dramatic Lighting voted successfully
[2025-06-04 23:20:50] Photographer of the Week voted successfully
[2025-06-04 23:20:52] Landscape Photographer of the Year voted successfully
[2025-06-04 23:20:57] Photographer of the Week voted successfully
[2025-06-04 23:20:59] Guru of The Week voted successfully
[2025-06-04 23:21:01] Guru of The Week voted successfully
[2025-06-04 23:21:03] Dramatic Lighting voted successfully
[2025-06-04 23:21:05] Guru of The Week voted successfully
[2025-06-04 23:21:14] Guru of The Week voted successfully
[2025-06-04 23:21:16] Dramatic Lighting voted successfully
[2025-06-04 23:21:19] Best of Black & White voted successfully
[2025-06-04 23:21:23] Still Life voted successfully
[2025-06-04 23:21:25] Landscape Photographer of the Year voted successfully
[2025-06-04 23:21:27] Ultimate Exposure voted successfully
[2025-06-04 23:21:34] Dramatic Lighting voted successfully
[2025-06-04 23:21:36] Best of Black & White voted successfully
[2025-06-04 23:21:44] Best of Black & White voted successfully
[2025-06-04 23:21:46] Dramatic Lighting voted successfully
[2025-06-04 23:21:48] Guru of The Week voted successfully
[2025-06-04 23:21:50] Ultimate Exposure voted successfully
[2025-06-04 23:21:55] Ultimate Exposure voted successfully
[2025-06-04 23:22:00] Dramatic Lighting voted successfully
[2025-06-04 23:22:12] Landscape Photographer of the Year voted successfully
[2025-06-04 23:22:17] Still Life voted successfully
[2025-06-04 23:22:19] Ultimate Exposure voted successfully
[2025-06-04 23:22:25] Challenges fetching ...
[2025-06-04 23:22:25] Challenges fetched successfully for pascale!
[2025-06-04 23:22:25] Challenges fetching ...
[2025-06-04 23:22:25] Challenges fetched successfully for pascale!
[2025-06-04 23:22:26] Challenges fetching ...
[2025-06-04 23:22:26] Challenges fetched successfully for pascale!
[2025-06-04 23:22:26] Challenges fetching ...
[2025-06-04 23:22:26] Challenges fetched successfully for pascale!
[2025-06-04 23:22:26] Challenges fetching ...
[2025-06-04 23:22:26] Challenges fetched successfully for pascale!
[2025-06-04 23:22:27] Challenges fetching ...
[2025-06-04 23:22:27] Challenges fetched successfully for pascale!
[2025-06-04 23:22:27] Challenges fetching ...
[2025-06-04 23:22:27] Challenges fetched successfully for pascale!
[2025-06-04 23:22:27] Challenges fetching ...
[2025-06-04 23:22:27] Challenges fetched successfully for pascale!
[2025-06-04 23:22:27] Challenges fetching ...
[2025-06-04 23:22:27] Challenges fetched successfully for pascale!
[2025-06-04 23:22:28] Challenges fetching ...
[2025-06-04 23:22:28] Challenges fetched successfully for pascale!
[2025-06-04 23:22:28] Challenges fetching ...
[2025-06-04 23:22:28] Challenges fetched successfully for pascale!
[2025-06-04 23:22:28] Challenges fetching ...
[2025-06-04 23:22:28] Challenges fetched successfully for pascale!
[2025-06-04 23:22:28] Challenges fetching ...
[2025-06-04 23:22:28] Challenges fetched successfully for pascale!
[2025-06-04 23:22:28] Challenges fetching ...
[2025-06-04 23:22:28] Challenges fetched successfully for pascale!
[2025-06-04 23:22:29] Challenges fetching ...
[2025-06-04 23:22:29] Challenges fetched successfully for pascale!
[2025-06-04 23:22:29] Challenges fetching ...
[2025-06-04 23:22:29] Challenges fetched successfully for pascale!
[2025-06-04 23:22:29] Challenges fetching ...
[2025-06-04 23:22:29] Challenges fetched successfully for pascale!
[2025-06-04 23:22:29] Challenges fetching ...
[2025-06-04 23:22:29] Challenges fetched successfully for pascale!
[2025-06-04 23:22:29] Challenges fetching ...
[2025-06-04 23:22:29] Challenges fetched successfully for pascale!
[2025-06-04 23:22:30] Challenges fetching ...
[2025-06-04 23:22:30] Challenges fetched successfully for pascale!
[2025-06-04 23:22:30] Challenges fetching ...
[2025-06-04 23:22:30] Challenges fetched successfully for pascale!
[2025-06-04 23:22:30] Challenges fetching ...
[2025-06-04 23:22:30] Challenges fetched successfully for pascale!
[2025-06-04 23:22:30] Challenges fetching ...
[2025-06-04 23:22:30] Challenges fetched successfully for pascale!
[2025-06-04 23:22:31] Challenges fetching ...
[2025-06-04 23:22:31] Challenges fetched successfully for pascale!
[2025-06-04 23:22:31] Challenges fetching ...
[2025-06-04 23:22:31] Challenges fetched successfully for pascale!
[2025-06-04 23:22:31] Challenges fetching ...
[2025-06-04 23:22:31] Challenges fetched successfully for pascale!
[2025-06-04 23:22:31] Challenges fetching ...
[2025-06-04 23:22:31] Challenges fetched successfully for pascale!
[2025-06-04 23:22:31] Challenges fetching ...
[2025-06-04 23:22:32] Challenges fetched successfully for pascale!
[2025-06-04 23:22:32] Challenges fetching ...
[2025-06-04 23:22:32] Challenges fetched successfully for pascale!
[2025-06-04 23:22:32] Challenges fetching ...
[2025-06-04 23:22:32] Challenges fetched successfully for pascale!
[2025-06-04 23:22:32] Challenges fetching ...
[2025-06-04 23:22:32] Challenges fetched successfully for pascale!
[2025-06-04 23:22:32] Challenges fetching ...
[2025-06-04 23:22:32] Challenges fetched successfully for pascale!
[2025-06-04 23:22:33] Challenges fetching ...
[2025-06-04 23:22:33] Challenges fetched successfully for pascale!
[2025-06-04 23:22:33] Challenges fetching ...
[2025-06-04 23:22:33] Challenges fetched successfully for pascale!
[2025-06-04 23:22:33] Challenges fetching ...
[2025-06-04 23:22:33] Challenges fetched successfully for pascale!
[2025-06-04 23:22:33] Challenges fetching ...
[2025-06-04 23:22:33] Challenges fetched successfully for pascale!
[2025-06-04 23:22:34] Challenges fetching ...
[2025-06-04 23:22:34] Challenges fetched successfully for pascale!
[2025-06-04 23:22:34] Challenges fetching ...
[2025-06-04 23:22:34] Challenges fetched successfully for pascale!
[2025-06-04 23:22:34] Challenges fetching ...
[2025-06-04 23:22:34] Challenges fetched successfully for pascale!
[2025-06-04 23:22:34] Challenges fetching ...
[2025-06-04 23:22:34] Challenges fetched successfully for pascale!
[2025-06-04 23:22:35] Challenges fetching ...
[2025-06-04 23:22:35] Challenges fetched successfully for pascale!
[2025-06-04 23:22:35] Challenges fetching ...
[2025-06-04 23:22:35] Challenges fetched successfully for pascale!
[2025-06-04 23:22:35] Challenges fetching ...
[2025-06-04 23:22:35] Challenges fetched successfully for pascale!
[2025-06-04 23:22:35] Challenges fetching ...
[2025-06-04 23:22:35] Challenges fetched successfully for pascale!
[2025-06-04 23:22:35] Challenges fetching ...
[2025-06-04 23:22:35] Challenges fetched successfully for pascale!
[2025-06-04 23:22:35] Challenges fetching ...
[2025-06-04 23:22:35] Challenges fetched successfully for pascale!
[2025-06-04 23:22:35] Challenges fetching ...
[2025-06-04 23:22:35] Challenges fetched successfully for pascale!
[2025-06-04 23:22:35] Challenges fetching ...
[2025-06-04 23:22:35] Challenges fetched successfully for pascale!
[2025-06-04 23:22:35] Challenges fetching ...
[2025-06-04 23:22:35] Challenges fetched successfully for pascale!
[2025-06-04 23:22:35] Challenges fetching ...
[2025-06-04 23:22:35] Challenges fetched successfully for pascale!
[2025-06-04 23:22:35] Challenges fetching ...
[2025-06-04 23:22:35] Challenges fetched successfully for pascale!
[2025-06-04 23:22:35] Challenges fetching ...
[2025-06-04 23:22:35] Challenges fetched successfully for pascale!
[2025-06-04 23:22:35] Challenges fetching ...
[2025-06-04 23:22:35] Challenges fetched successfully for pascale!
[2025-06-04 23:22:35] Challenges fetching ...
[2025-06-04 23:22:36] Challenges fetched successfully for pascale!
[2025-06-04 23:22:36] Challenges fetching ...
[2025-06-04 23:22:36] Challenges fetched successfully for pascale!
[2025-06-04 23:22:36] Challenges fetching ...
[2025-06-04 23:22:36] Challenges fetched successfully for pascale!
[2025-06-04 23:22:36] Challenges fetching ...
[2025-06-04 23:22:36] Challenges fetched successfully for pascale!
[2025-06-04 23:22:36] Challenges fetching ...
[2025-06-04 23:22:36] Challenges fetched successfully for pascale!
[2025-06-04 23:22:36] Challenges fetching ...
[2025-06-04 23:22:36] Challenges fetched successfully for pascale!
[2025-06-04 23:22:36] Challenges fetching ...
[2025-06-04 23:22:36] Challenges fetched successfully for pascale!
[2025-06-04 23:22:36] Challenges fetching ...
[2025-06-04 23:22:36] Challenges fetched successfully for pascale!
[2025-06-04 23:22:36] Challenges fetching ...
[2025-06-04 23:22:36] Challenges fetched successfully for pascale!
[2025-06-04 23:22:36] Challenges fetching ...
[2025-06-04 23:22:36] Challenges fetched successfully for pascale!
[2025-06-04 23:22:36] Challenges fetching ...
[2025-06-04 23:22:36] Challenges fetched successfully for pascale!
[2025-06-04 23:22:36] Challenges fetching ...
[2025-06-04 23:22:36] Challenges fetched successfully for pascale!
[2025-06-04 23:22:36] Challenges fetching ...
[2025-06-04 23:22:36] Challenges fetched successfully for pascale!
[2025-06-04 23:22:36] Challenges fetching ...
[2025-06-04 23:22:36] Challenges fetched successfully for pascale!
[2025-06-04 23:22:36] Challenges fetching ...
[2025-06-04 23:22:36] Challenges fetched successfully for pascale!
[2025-06-04 23:22:36] Challenges fetching ...
[2025-06-04 23:22:36] Challenges fetched successfully for pascale!
[2025-06-04 23:22:37] Challenges fetching ...
[2025-06-04 23:22:37] Challenges fetched successfully for pascale!
[2025-06-04 23:49:28] Refreshing challenges...
[2025-06-04 23:49:28] Fetching challenges...
[2025-06-04 23:49:29] Challenges fetching ...
[2025-06-04 23:49:30] Lancement automatique des stratégies de fin pour 6 nouveaux challenges...
[2025-06-04 23:49:30] Nouveau challenge détecté pour bruno: Show me your World
[2025-06-04 23:49:30] Nouveau challenge détecté pour bruno: Tell a Story
[2025-06-04 23:49:30] Nouveau challenge détecté pour bruno: Beautiful Eyes
[2025-06-04 23:49:30] Nouveau challenge détecté pour bruno: Ultimate Exposure
[2025-06-04 23:49:30] Nouveau challenge détecté pour bruno: Great Mistakes
[2025-06-04 23:49:30] Nouveau challenge détecté pour bruno: Photo of the Day
[2025-06-04 23:49:30] Challenges fetched successfully for bruno!
[2025-06-04 23:50:09] Artworks on Walls get vote panel
[2025-06-04 23:50:30] Nature’s Soothing Sounds get vote panel
[2025-06-04 23:50:51] Joined Together get vote panel
[2025-06-04 23:51:12] Beautiful Eyes get vote panel
[2025-06-04 23:51:33] Show me your World get vote panel
[2025-06-04 23:51:54] Ultimate Exposure get vote panel
[2025-06-04 23:52:15] Powerful Smells get vote panel
[2025-06-04 23:52:36] Tell a Story get vote panel
[2025-06-04 23:52:57] Gone Walking get vote panel
[2025-06-04 23:53:18] Artistic Still Life get vote panel
[2025-06-04 23:53:39] Feeling Down get vote panel
[2025-06-04 23:54:00] Great Mistakes get vote panel
[2025-06-04 23:54:21] Photo of the Week! get vote panel
[2025-06-04 23:54:42] Photo of the Day get vote panel
[2025-06-04 23:55:03] Filling challenges: {101568, 101569, 101570, 101573, 101574, 101734, 101582, 101583, 101555, 101557, 101560, 101566, 101790, 101791}
Filled Artworks on Walls with strategy end4
Filled Nature’s Soothing Sounds with strategy end4
Filled Joined Together with strategy end4
Filled Beautiful Eyes with strategy end4
Filled Show me your World with strategy end4
Filled Ultimate Exposure with strategy end4
Filled Powerful Smells with strategy end4
Filled Tell a Story with strategy end4
Filled Gone Walking with strategy end4
Filled Artistic Still Life with strategy end4
Filled Feeling Down with strategy end4
Filled Great Mistakes with strategy end4
Filled Photo of the Week! with strategy end4
Filled Photo of the Day with strategy end4

[2025-06-04 23:55:03] Récupération des données de vote pour Artworks on Walls (URL: artworks-on-walls, HEADER:{'User-Agent': 'Mozilla/5.0 (X11; Linux i686; rv:39.0) Gecko/20100101 Firefox/39.0', 'x-api-version': '8', 'x-env': 'WEB', 'X-requested-with': 'XMLHttpRequest', 'X-token': 'a1cad95a6d480c14f51dd0eba4914c8337b893c789ec6278bb440c7c9a673b162f042470c62684e6da2bd342ffea7777'})
[2025-06-04 23:55:03] Récupération des données de vote pour Artworks on Walls (URL: artworks-on-walls, HEADER:{'User-Agent': 'Mozilla/5.0 (X11; Linux i686; rv:39.0) Gecko/20100101 Firefox/39.0', 'x-api-version': '8', 'x-env': 'WEB', 'X-requested-with': 'XMLHttpRequest', 'X-token': 'a1cad95a6d480c14f51dd0eba4914c8337b893c789ec6278bb440c7c9a673b162f042470c62684e6da2bd342ffea7777'})
[2025-06-04 23:55:03] Récupération des données de vote pour Artworks on Walls (URL: artworks-on-walls, HEADER:{'User-Agent': 'Mozilla/5.0 (X11; Linux i686; rv:39.0) Gecko/20100101 Firefox/39.0', 'x-api-version': '8', 'x-env': 'WEB', 'X-requested-with': 'XMLHttpRequest', 'X-token': 'a1cad95a6d480c14f51dd0eba4914c8337b893c789ec6278bb440c7c9a673b162f042470c62684e6da2bd342ffea7777'})
[2025-06-04 23:55:03] Récupération des données de vote pour Artworks on Walls (URL: artworks-on-walls, HEADER:{'User-Agent': 'Mozilla/5.0 (X11; Linux i686; rv:39.0) Gecko/20100101 Firefox/39.0', 'x-api-version': '8', 'x-env': 'WEB', 'X-requested-with': 'XMLHttpRequest', 'X-token': 'a1cad95a6d480c14f51dd0eba4914c8337b893c789ec6278bb440c7c9a673b162f042470c62684e6da2bd342ffea7777'})
[2025-06-04 23:55:03] Récupération des données de vote pour Artworks on Walls (URL: artworks-on-walls, HEADER:{'User-Agent': 'Mozilla/5.0 (X11; Linux i686; rv:39.0) Gecko/20100101 Firefox/39.0', 'x-api-version': '8', 'x-env': 'WEB', 'X-requested-with': 'XMLHttpRequest', 'X-token': 'a1cad95a6d480c14f51dd0eba4914c8337b893c789ec6278bb440c7c9a673b162f042470c62684e6da2bd342ffea7777'})
[2025-06-04 23:55:03] Récupération des données de vote pour Artworks on Walls (URL: artworks-on-walls, HEADER:{'User-Agent': 'Mozilla/5.0 (X11; Linux i686; rv:39.0) Gecko/20100101 Firefox/39.0', 'x-api-version': '8', 'x-env': 'WEB', 'X-requested-with': 'XMLHttpRequest', 'X-token': 'a1cad95a6d480c14f51dd0eba4914c8337b893c789ec6278bb440c7c9a673b162f042470c62684e6da2bd342ffea7777'})
[2025-06-04 23:55:03] Récupération des données de vote pour Artworks on Walls (URL: artworks-on-walls, HEADER:{'User-Agent': 'Mozilla/5.0 (X11; Linux i686; rv:39.0) Gecko/20100101 Firefox/39.0', 'x-api-version': '8', 'x-env': 'WEB', 'X-requested-with': 'XMLHttpRequest', 'X-token': 'a1cad95a6d480c14f51dd0eba4914c8337b893c789ec6278bb440c7c9a673b162f042470c62684e6da2bd342ffea7777'})
[2025-06-04 23:55:03] Récupération des données de vote pour Nature’s Soothing Sounds (URL: nature-s-soothing-sounds1, HEADER:{'User-Agent': 'Mozilla/5.0 (X11; Linux i686; rv:39.0) Gecko/20100101 Firefox/39.0', 'x-api-version': '8', 'x-env': 'WEB', 'X-requested-with': 'XMLHttpRequest', 'X-token': 'a1cad95a6d480c14f51dd0eba4914c8337b893c789ec6278bb440c7c9a673b162f042470c62684e6da2bd342ffea7777'})
[2025-06-04 23:55:03] Récupération des données de vote pour Nature’s Soothing Sounds (URL: nature-s-soothing-sounds1, HEADER:{'User-Agent': 'Mozilla/5.0 (X11; Linux i686; rv:39.0) Gecko/20100101 Firefox/39.0', 'x-api-version': '8', 'x-env': 'WEB', 'X-requested-with': 'XMLHttpRequest', 'X-token': 'a1cad95a6d480c14f51dd0eba4914c8337b893c789ec6278bb440c7c9a673b162f042470c62684e6da2bd342ffea7777'})
[2025-06-04 23:55:03] Récupération des données de vote pour Nature’s Soothing Sounds (URL: nature-s-soothing-sounds1, HEADER:{'User-Agent': 'Mozilla/5.0 (X11; Linux i686; rv:39.0) Gecko/20100101 Firefox/39.0', 'x-api-version': '8', 'x-env': 'WEB', 'X-requested-with': 'XMLHttpRequest', 'X-token': 'a1cad95a6d480c14f51dd0eba4914c8337b893c789ec6278bb440c7c9a673b162f042470c62684e6da2bd342ffea7777'})
[2025-06-04 23:55:03] Récupération des données de vote pour Nature’s Soothing Sounds (URL: nature-s-soothing-sounds1, HEADER:{'User-Agent': 'Mozilla/5.0 (X11; Linux i686; rv:39.0) Gecko/20100101 Firefox/39.0', 'x-api-version': '8', 'x-env': 'WEB', 'X-requested-with': 'XMLHttpRequest', 'X-token': 'a1cad95a6d480c14f51dd0eba4914c8337b893c789ec6278bb440c7c9a673b162f042470c62684e6da2bd342ffea7777'})
[2025-06-04 23:55:03] Récupération des données de vote pour Nature’s Soothing Sounds (URL: nature-s-soothing-sounds1, HEADER:{'User-Agent': 'Mozilla/5.0 (X11; Linux i686; rv:39.0) Gecko/20100101 Firefox/39.0', 'x-api-version': '8', 'x-env': 'WEB', 'X-requested-with': 'XMLHttpRequest', 'X-token': 'a1cad95a6d480c14f51dd0eba4914c8337b893c789ec6278bb440c7c9a673b162f042470c62684e6da2bd342ffea7777'})
[2025-06-04 23:55:03] Récupération des données de vote pour Nature’s Soothing Sounds (URL: nature-s-soothing-sounds1, HEADER:{'User-Agent': 'Mozilla/5.0 (X11; Linux i686; rv:39.0) Gecko/20100101 Firefox/39.0', 'x-api-version': '8', 'x-env': 'WEB', 'X-requested-with': 'XMLHttpRequest', 'X-token': 'a1cad95a6d480c14f51dd0eba4914c8337b893c789ec6278bb440c7c9a673b162f042470c62684e6da2bd342ffea7777'})
[2025-06-04 23:55:03] Récupération des données de vote pour Nature’s Soothing Sounds (URL: nature-s-soothing-sounds1, HEADER:{'User-Agent': 'Mozilla/5.0 (X11; Linux i686; rv:39.0) Gecko/20100101 Firefox/39.0', 'x-api-version': '8', 'x-env': 'WEB', 'X-requested-with': 'XMLHttpRequest', 'X-token': 'a1cad95a6d480c14f51dd0eba4914c8337b893c789ec6278bb440c7c9a673b162f042470c62684e6da2bd342ffea7777'})
[2025-06-04 23:55:03] Récupération des données de vote pour Joined Together (URL: joined-together1, HEADER:{'User-Agent': 'Mozilla/5.0 (X11; Linux i686; rv:39.0) Gecko/20100101 Firefox/39.0', 'x-api-version': '8', 'x-env': 'WEB', 'X-requested-with': 'XMLHttpRequest', 'X-token': 'a1cad95a6d480c14f51dd0eba4914c8337b893c789ec6278bb440c7c9a673b162f042470c62684e6da2bd342ffea7777'})
[2025-06-04 23:55:03] Récupération des données de vote pour Joined Together (URL: joined-together1, HEADER:{'User-Agent': 'Mozilla/5.0 (X11; Linux i686; rv:39.0) Gecko/20100101 Firefox/39.0', 'x-api-version': '8', 'x-env': 'WEB', 'X-requested-with': 'XMLHttpRequest', 'X-token': 'a1cad95a6d480c14f51dd0eba4914c8337b893c789ec6278bb440c7c9a673b162f042470c62684e6da2bd342ffea7777'})
[2025-06-04 23:55:03] Récupération des données de vote pour Joined Together (URL: joined-together1, HEADER:{'User-Agent': 'Mozilla/5.0 (X11; Linux i686; rv:39.0) Gecko/20100101 Firefox/39.0', 'x-api-version': '8', 'x-env': 'WEB', 'X-requested-with': 'XMLHttpRequest', 'X-token': 'a1cad95a6d480c14f51dd0eba4914c8337b893c789ec6278bb440c7c9a673b162f042470c62684e6da2bd342ffea7777'})
[2025-06-04 23:55:03] Récupération des données de vote pour Joined Together (URL: joined-together1, HEADER:{'User-Agent': 'Mozilla/5.0 (X11; Linux i686; rv:39.0) Gecko/20100101 Firefox/39.0', 'x-api-version': '8', 'x-env': 'WEB', 'X-requested-with': 'XMLHttpRequest', 'X-token': 'a1cad95a6d480c14f51dd0eba4914c8337b893c789ec6278bb440c7c9a673b162f042470c62684e6da2bd342ffea7777'})
[2025-06-04 23:55:03] Récupération des données de vote pour Joined Together (URL: joined-together1, HEADER:{'User-Agent': 'Mozilla/5.0 (X11; Linux i686; rv:39.0) Gecko/20100101 Firefox/39.0', 'x-api-version': '8', 'x-env': 'WEB', 'X-requested-with': 'XMLHttpRequest', 'X-token': 'a1cad95a6d480c14f51dd0eba4914c8337b893c789ec6278bb440c7c9a673b162f042470c62684e6da2bd342ffea7777'})
[2025-06-04 23:55:03] Récupération des données de vote pour Joined Together (URL: joined-together1, HEADER:{'User-Agent': 'Mozilla/5.0 (X11; Linux i686; rv:39.0) Gecko/20100101 Firefox/39.0', 'x-api-version': '8', 'x-env': 'WEB', 'X-requested-with': 'XMLHttpRequest', 'X-token': 'a1cad95a6d480c14f51dd0eba4914c8337b893c789ec6278bb440c7c9a673b162f042470c62684e6da2bd342ffea7777'})
[2025-06-04 23:55:03] Récupération des données de vote pour Joined Together (URL: joined-together1, HEADER:{'User-Agent': 'Mozilla/5.0 (X11; Linux i686; rv:39.0) Gecko/20100101 Firefox/39.0', 'x-api-version': '8', 'x-env': 'WEB', 'X-requested-with': 'XMLHttpRequest', 'X-token': 'a1cad95a6d480c14f51dd0eba4914c8337b893c789ec6278bb440c7c9a673b162f042470c62684e6da2bd342ffea7777'})
[2025-06-04 23:55:03] Récupération des données de vote pour Beautiful Eyes (URL: attractive-eyes, HEADER:{'User-Agent': 'Mozilla/5.0 (X11; Linux i686; rv:39.0) Gecko/20100101 Firefox/39.0', 'x-api-version': '8', 'x-env': 'WEB', 'X-requested-with': 'XMLHttpRequest', 'X-token': 'a1cad95a6d480c14f51dd0eba4914c8337b893c789ec6278bb440c7c9a673b162f042470c62684e6da2bd342ffea7777'})
[2025-06-04 23:55:03] Récupération des données de vote pour Beautiful Eyes (URL: attractive-eyes, HEADER:{'User-Agent': 'Mozilla/5.0 (X11; Linux i686; rv:39.0) Gecko/20100101 Firefox/39.0', 'x-api-version': '8', 'x-env': 'WEB', 'X-requested-with': 'XMLHttpRequest', 'X-token': 'a1cad95a6d480c14f51dd0eba4914c8337b893c789ec6278bb440c7c9a673b162f042470c62684e6da2bd342ffea7777'})
[2025-06-04 23:55:03] Récupération des données de vote pour Beautiful Eyes (URL: attractive-eyes, HEADER:{'User-Agent': 'Mozilla/5.0 (X11; Linux i686; rv:39.0) Gecko/20100101 Firefox/39.0', 'x-api-version': '8', 'x-env': 'WEB', 'X-requested-with': 'XMLHttpRequest', 'X-token': 'a1cad95a6d480c14f51dd0eba4914c8337b893c789ec6278bb440c7c9a673b162f042470c62684e6da2bd342ffea7777'})
[2025-06-04 23:55:03] Récupération des données de vote pour Beautiful Eyes (URL: attractive-eyes, HEADER:{'User-Agent': 'Mozilla/5.0 (X11; Linux i686; rv:39.0) Gecko/20100101 Firefox/39.0', 'x-api-version': '8', 'x-env': 'WEB', 'X-requested-with': 'XMLHttpRequest', 'X-token': 'a1cad95a6d480c14f51dd0eba4914c8337b893c789ec6278bb440c7c9a673b162f042470c62684e6da2bd342ffea7777'})
[2025-06-04 23:55:03] Récupération des données de vote pour Beautiful Eyes (URL: attractive-eyes, HEADER:{'User-Agent': 'Mozilla/5.0 (X11; Linux i686; rv:39.0) Gecko/20100101 Firefox/39.0', 'x-api-version': '8', 'x-env': 'WEB', 'X-requested-with': 'XMLHttpRequest', 'X-token': 'a1cad95a6d480c14f51dd0eba4914c8337b893c789ec6278bb440c7c9a673b162f042470c62684e6da2bd342ffea7777'})
[2025-06-04 23:55:03] Récupération des données de vote pour Beautiful Eyes (URL: attractive-eyes, HEADER:{'User-Agent': 'Mozilla/5.0 (X11; Linux i686; rv:39.0) Gecko/20100101 Firefox/39.0', 'x-api-version': '8', 'x-env': 'WEB', 'X-requested-with': 'XMLHttpRequest', 'X-token': 'a1cad95a6d480c14f51dd0eba4914c8337b893c789ec6278bb440c7c9a673b162f042470c62684e6da2bd342ffea7777'})
[2025-06-04 23:55:03] Récupération des données de vote pour Beautiful Eyes (URL: attractive-eyes, HEADER:{'User-Agent': 'Mozilla/5.0 (X11; Linux i686; rv:39.0) Gecko/20100101 Firefox/39.0', 'x-api-version': '8', 'x-env': 'WEB', 'X-requested-with': 'XMLHttpRequest', 'X-token': 'a1cad95a6d480c14f51dd0eba4914c8337b893c789ec6278bb440c7c9a673b162f042470c62684e6da2bd342ffea7777'})
[2025-06-04 23:55:03] Récupération des données de vote pour Show me your World (URL: show-me-your-world27, HEADER:{'User-Agent': 'Mozilla/5.0 (X11; Linux i686; rv:39.0) Gecko/20100101 Firefox/39.0', 'x-api-version': '8', 'x-env': 'WEB', 'X-requested-with': 'XMLHttpRequest', 'X-token': 'a1cad95a6d480c14f51dd0eba4914c8337b893c789ec6278bb440c7c9a673b162f042470c62684e6da2bd342ffea7777'})
[2025-06-04 23:55:03] Récupération des données de vote pour Show me your World (URL: show-me-your-world27, HEADER:{'User-Agent': 'Mozilla/5.0 (X11; Linux i686; rv:39.0) Gecko/20100101 Firefox/39.0', 'x-api-version': '8', 'x-env': 'WEB', 'X-requested-with': 'XMLHttpRequest', 'X-token': 'a1cad95a6d480c14f51dd0eba4914c8337b893c789ec6278bb440c7c9a673b162f042470c62684e6da2bd342ffea7777'})
[2025-06-04 23:55:03] Récupération des données de vote pour Show me your World (URL: show-me-your-world27, HEADER:{'User-Agent': 'Mozilla/5.0 (X11; Linux i686; rv:39.0) Gecko/20100101 Firefox/39.0', 'x-api-version': '8', 'x-env': 'WEB', 'X-requested-with': 'XMLHttpRequest', 'X-token': 'a1cad95a6d480c14f51dd0eba4914c8337b893c789ec6278bb440c7c9a673b162f042470c62684e6da2bd342ffea7777'})
[2025-06-04 23:55:03] Récupération des données de vote pour Show me your World (URL: show-me-your-world27, HEADER:{'User-Agent': 'Mozilla/5.0 (X11; Linux i686; rv:39.0) Gecko/20100101 Firefox/39.0', 'x-api-version': '8', 'x-env': 'WEB', 'X-requested-with': 'XMLHttpRequest', 'X-token': 'a1cad95a6d480c14f51dd0eba4914c8337b893c789ec6278bb440c7c9a673b162f042470c62684e6da2bd342ffea7777'})
[2025-06-04 23:55:03] Récupération des données de vote pour Show me your World (URL: show-me-your-world27, HEADER:{'User-Agent': 'Mozilla/5.0 (X11; Linux i686; rv:39.0) Gecko/20100101 Firefox/39.0', 'x-api-version': '8', 'x-env': 'WEB', 'X-requested-with': 'XMLHttpRequest', 'X-token': 'a1cad95a6d480c14f51dd0eba4914c8337b893c789ec6278bb440c7c9a673b162f042470c62684e6da2bd342ffea7777'})
[2025-06-04 23:55:03] Récupération des données de vote pour Show me your World (URL: show-me-your-world27, HEADER:{'User-Agent': 'Mozilla/5.0 (X11; Linux i686; rv:39.0) Gecko/20100101 Firefox/39.0', 'x-api-version': '8', 'x-env': 'WEB', 'X-requested-with': 'XMLHttpRequest', 'X-token': 'a1cad95a6d480c14f51dd0eba4914c8337b893c789ec6278bb440c7c9a673b162f042470c62684e6da2bd342ffea7777'})
[2025-06-04 23:55:03] Récupération des données de vote pour Show me your World (URL: show-me-your-world27, HEADER:{'User-Agent': 'Mozilla/5.0 (X11; Linux i686; rv:39.0) Gecko/20100101 Firefox/39.0', 'x-api-version': '8', 'x-env': 'WEB', 'X-requested-with': 'XMLHttpRequest', 'X-token': 'a1cad95a6d480c14f51dd0eba4914c8337b893c789ec6278bb440c7c9a673b162f042470c62684e6da2bd342ffea7777'})
[2025-06-04 23:55:03] Récupération des données de vote pour Ultimate Exposure (URL: ultimate-exposure80, HEADER:{'User-Agent': 'Mozilla/5.0 (X11; Linux i686; rv:39.0) Gecko/20100101 Firefox/39.0', 'x-api-version': '8', 'x-env': 'WEB', 'X-requested-with': 'XMLHttpRequest', 'X-token': 'a1cad95a6d480c14f51dd0eba4914c8337b893c789ec6278bb440c7c9a673b162f042470c62684e6da2bd342ffea7777'})
[2025-06-04 23:55:03] Récupération des données de vote pour Ultimate Exposure (URL: ultimate-exposure80, HEADER:{'User-Agent': 'Mozilla/5.0 (X11; Linux i686; rv:39.0) Gecko/20100101 Firefox/39.0', 'x-api-version': '8', 'x-env': 'WEB', 'X-requested-with': 'XMLHttpRequest', 'X-token': 'a1cad95a6d480c14f51dd0eba4914c8337b893c789ec6278bb440c7c9a673b162f042470c62684e6da2bd342ffea7777'})
[2025-06-04 23:55:03] Récupération des données de vote pour Ultimate Exposure (URL: ultimate-exposure80, HEADER:{'User-Agent': 'Mozilla/5.0 (X11; Linux i686; rv:39.0) Gecko/20100101 Firefox/39.0', 'x-api-version': '8', 'x-env': 'WEB', 'X-requested-with': 'XMLHttpRequest', 'X-token': 'a1cad95a6d480c14f51dd0eba4914c8337b893c789ec6278bb440c7c9a673b162f042470c62684e6da2bd342ffea7777'})
[2025-06-04 23:55:03] Récupération des données de vote pour Ultimate Exposure (URL: ultimate-exposure80, HEADER:{'User-Agent': 'Mozilla/5.0 (X11; Linux i686; rv:39.0) Gecko/20100101 Firefox/39.0', 'x-api-version': '8', 'x-env': 'WEB', 'X-requested-with': 'XMLHttpRequest', 'X-token': 'a1cad95a6d480c14f51dd0eba4914c8337b893c789ec6278bb440c7c9a673b162f042470c62684e6da2bd342ffea7777'})
[2025-06-04 23:55:03] Récupération des données de vote pour Ultimate Exposure (URL: ultimate-exposure80, HEADER:{'User-Agent': 'Mozilla/5.0 (X11; Linux i686; rv:39.0) Gecko/20100101 Firefox/39.0', 'x-api-version': '8', 'x-env': 'WEB', 'X-requested-with': 'XMLHttpRequest', 'X-token': 'a1cad95a6d480c14f51dd0eba4914c8337b893c789ec6278bb440c7c9a673b162f042470c62684e6da2bd342ffea7777'})
[2025-06-04 23:55:03] Récupération des données de vote pour Ultimate Exposure (URL: ultimate-exposure80, HEADER:{'User-Agent': 'Mozilla/5.0 (X11; Linux i686; rv:39.0) Gecko/20100101 Firefox/39.0', 'x-api-version': '8', 'x-env': 'WEB', 'X-requested-with': 'XMLHttpRequest', 'X-token': 'a1cad95a6d480c14f51dd0eba4914c8337b893c789ec6278bb440c7c9a673b162f042470c62684e6da2bd342ffea7777'})
[2025-06-04 23:55:03] Récupération des données de vote pour Ultimate Exposure (URL: ultimate-exposure80, HEADER:{'User-Agent': 'Mozilla/5.0 (X11; Linux i686; rv:39.0) Gecko/20100101 Firefox/39.0', 'x-api-version': '8', 'x-env': 'WEB', 'X-requested-with': 'XMLHttpRequest', 'X-token': 'a1cad95a6d480c14f51dd0eba4914c8337b893c789ec6278bb440c7c9a673b162f042470c62684e6da2bd342ffea7777'})
[2025-06-04 23:55:03] Récupération des données de vote pour Powerful Smells (URL: powerful-smells, HEADER:{'User-Agent': 'Mozilla/5.0 (X11; Linux i686; rv:39.0) Gecko/20100101 Firefox/39.0', 'x-api-version': '8', 'x-env': 'WEB', 'X-requested-with': 'XMLHttpRequest', 'X-token': 'a1cad95a6d480c14f51dd0eba4914c8337b893c789ec6278bb440c7c9a673b162f042470c62684e6da2bd342ffea7777'})
[2025-06-04 23:55:03] Récupération des données de vote pour Powerful Smells (URL: powerful-smells, HEADER:{'User-Agent': 'Mozilla/5.0 (X11; Linux i686; rv:39.0) Gecko/20100101 Firefox/39.0', 'x-api-version': '8', 'x-env': 'WEB', 'X-requested-with': 'XMLHttpRequest', 'X-token': 'a1cad95a6d480c14f51dd0eba4914c8337b893c789ec6278bb440c7c9a673b162f042470c62684e6da2bd342ffea7777'})
[2025-06-04 23:55:03] Récupération des données de vote pour Powerful Smells (URL: powerful-smells, HEADER:{'User-Agent': 'Mozilla/5.0 (X11; Linux i686; rv:39.0) Gecko/20100101 Firefox/39.0', 'x-api-version': '8', 'x-env': 'WEB', 'X-requested-with': 'XMLHttpRequest', 'X-token': 'a1cad95a6d480c14f51dd0eba4914c8337b893c789ec6278bb440c7c9a673b162f042470c62684e6da2bd342ffea7777'})
[2025-06-04 23:55:03] Récupération des données de vote pour Powerful Smells (URL: powerful-smells, HEADER:{'User-Agent': 'Mozilla/5.0 (X11; Linux i686; rv:39.0) Gecko/20100101 Firefox/39.0', 'x-api-version': '8', 'x-env': 'WEB', 'X-requested-with': 'XMLHttpRequest', 'X-token': 'a1cad95a6d480c14f51dd0eba4914c8337b893c789ec6278bb440c7c9a673b162f042470c62684e6da2bd342ffea7777'})
[2025-06-04 23:55:03] Récupération des données de vote pour Powerful Smells (URL: powerful-smells, HEADER:{'User-Agent': 'Mozilla/5.0 (X11; Linux i686; rv:39.0) Gecko/20100101 Firefox/39.0', 'x-api-version': '8', 'x-env': 'WEB', 'X-requested-with': 'XMLHttpRequest', 'X-token': 'a1cad95a6d480c14f51dd0eba4914c8337b893c789ec6278bb440c7c9a673b162f042470c62684e6da2bd342ffea7777'})
[2025-06-04 23:55:03] Récupération des données de vote pour Powerful Smells (URL: powerful-smells, HEADER:{'User-Agent': 'Mozilla/5.0 (X11; Linux i686; rv:39.0) Gecko/20100101 Firefox/39.0', 'x-api-version': '8', 'x-env': 'WEB', 'X-requested-with': 'XMLHttpRequest', 'X-token': 'a1cad95a6d480c14f51dd0eba4914c8337b893c789ec6278bb440c7c9a673b162f042470c62684e6da2bd342ffea7777'})
[2025-06-04 23:55:03] Récupération des données de vote pour Powerful Smells (URL: powerful-smells, HEADER:{'User-Agent': 'Mozilla/5.0 (X11; Linux i686; rv:39.0) Gecko/20100101 Firefox/39.0', 'x-api-version': '8', 'x-env': 'WEB', 'X-requested-with': 'XMLHttpRequest', 'X-token': 'a1cad95a6d480c14f51dd0eba4914c8337b893c789ec6278bb440c7c9a673b162f042470c62684e6da2bd342ffea7777'})
[2025-06-04 23:55:03] Récupération des données de vote pour Tell a Story (URL: tell-a-story40, HEADER:{'User-Agent': 'Mozilla/5.0 (X11; Linux i686; rv:39.0) Gecko/20100101 Firefox/39.0', 'x-api-version': '8', 'x-env': 'WEB', 'X-requested-with': 'XMLHttpRequest', 'X-token': 'a1cad95a6d480c14f51dd0eba4914c8337b893c789ec6278bb440c7c9a673b162f042470c62684e6da2bd342ffea7777'})
[2025-06-04 23:55:03] Récupération des données de vote pour Tell a Story (URL: tell-a-story40, HEADER:{'User-Agent': 'Mozilla/5.0 (X11; Linux i686; rv:39.0) Gecko/20100101 Firefox/39.0', 'x-api-version': '8', 'x-env': 'WEB', 'X-requested-with': 'XMLHttpRequest', 'X-token': 'a1cad95a6d480c14f51dd0eba4914c8337b893c789ec6278bb440c7c9a673b162f042470c62684e6da2bd342ffea7777'})
[2025-06-04 23:55:03] Récupération des données de vote pour Tell a Story (URL: tell-a-story40, HEADER:{'User-Agent': 'Mozilla/5.0 (X11; Linux i686; rv:39.0) Gecko/20100101 Firefox/39.0', 'x-api-version': '8', 'x-env': 'WEB', 'X-requested-with': 'XMLHttpRequest', 'X-token': 'a1cad95a6d480c14f51dd0eba4914c8337b893c789ec6278bb440c7c9a673b162f042470c62684e6da2bd342ffea7777'})
[2025-06-04 23:55:03] Récupération des données de vote pour Tell a Story (URL: tell-a-story40, HEADER:{'User-Agent': 'Mozilla/5.0 (X11; Linux i686; rv:39.0) Gecko/20100101 Firefox/39.0', 'x-api-version': '8', 'x-env': 'WEB', 'X-requested-with': 'XMLHttpRequest', 'X-token': 'a1cad95a6d480c14f51dd0eba4914c8337b893c789ec6278bb440c7c9a673b162f042470c62684e6da2bd342ffea7777'})
[2025-06-04 23:55:03] Récupération des données de vote pour Tell a Story (URL: tell-a-story40, HEADER:{'User-Agent': 'Mozilla/5.0 (X11; Linux i686; rv:39.0) Gecko/20100101 Firefox/39.0', 'x-api-version': '8', 'x-env': 'WEB', 'X-requested-with': 'XMLHttpRequest', 'X-token': 'a1cad95a6d480c14f51dd0eba4914c8337b893c789ec6278bb440c7c9a673b162f042470c62684e6da2bd342ffea7777'})
[2025-06-04 23:55:03] Récupération des données de vote pour Tell a Story (URL: tell-a-story40, HEADER:{'User-Agent': 'Mozilla/5.0 (X11; Linux i686; rv:39.0) Gecko/20100101 Firefox/39.0', 'x-api-version': '8', 'x-env': 'WEB', 'X-requested-with': 'XMLHttpRequest', 'X-token': 'a1cad95a6d480c14f51dd0eba4914c8337b893c789ec6278bb440c7c9a673b162f042470c62684e6da2bd342ffea7777'})
[2025-06-04 23:55:03] Récupération des données de vote pour Tell a Story (URL: tell-a-story40, HEADER:{'User-Agent': 'Mozilla/5.0 (X11; Linux i686; rv:39.0) Gecko/20100101 Firefox/39.0', 'x-api-version': '8', 'x-env': 'WEB', 'X-requested-with': 'XMLHttpRequest', 'X-token': 'a1cad95a6d480c14f51dd0eba4914c8337b893c789ec6278bb440c7c9a673b162f042470c62684e6da2bd342ffea7777'})
[2025-06-04 23:55:03] Récupération des données de vote pour Gone Walking (URL: gone-walking, HEADER:{'User-Agent': 'Mozilla/5.0 (X11; Linux i686; rv:39.0) Gecko/20100101 Firefox/39.0', 'x-api-version': '8', 'x-env': 'WEB', 'X-requested-with': 'XMLHttpRequest', 'X-token': 'a1cad95a6d480c14f51dd0eba4914c8337b893c789ec6278bb440c7c9a673b162f042470c62684e6da2bd342ffea7777'})
[2025-06-04 23:55:03] Récupération des données de vote pour Gone Walking (URL: gone-walking, HEADER:{'User-Agent': 'Mozilla/5.0 (X11; Linux i686; rv:39.0) Gecko/20100101 Firefox/39.0', 'x-api-version': '8', 'x-env': 'WEB', 'X-requested-with': 'XMLHttpRequest', 'X-token': 'a1cad95a6d480c14f51dd0eba4914c8337b893c789ec6278bb440c7c9a673b162f042470c62684e6da2bd342ffea7777'})
[2025-06-04 23:55:03] Récupération des données de vote pour Gone Walking (URL: gone-walking, HEADER:{'User-Agent': 'Mozilla/5.0 (X11; Linux i686; rv:39.0) Gecko/20100101 Firefox/39.0', 'x-api-version': '8', 'x-env': 'WEB', 'X-requested-with': 'XMLHttpRequest', 'X-token': 'a1cad95a6d480c14f51dd0eba4914c8337b893c789ec6278bb440c7c9a673b162f042470c62684e6da2bd342ffea7777'})
[2025-06-04 23:55:03] Récupération des données de vote pour Gone Walking (URL: gone-walking, HEADER:{'User-Agent': 'Mozilla/5.0 (X11; Linux i686; rv:39.0) Gecko/20100101 Firefox/39.0', 'x-api-version': '8', 'x-env': 'WEB', 'X-requested-with': 'XMLHttpRequest', 'X-token': 'a1cad95a6d480c14f51dd0eba4914c8337b893c789ec6278bb440c7c9a673b162f042470c62684e6da2bd342ffea7777'})
[2025-06-04 23:55:03] Récupération des données de vote pour Gone Walking (URL: gone-walking, HEADER:{'User-Agent': 'Mozilla/5.0 (X11; Linux i686; rv:39.0) Gecko/20100101 Firefox/39.0', 'x-api-version': '8', 'x-env': 'WEB', 'X-requested-with': 'XMLHttpRequest', 'X-token': 'a1cad95a6d480c14f51dd0eba4914c8337b893c789ec6278bb440c7c9a673b162f042470c62684e6da2bd342ffea7777'})
[2025-06-04 23:55:03] Récupération des données de vote pour Gone Walking (URL: gone-walking, HEADER:{'User-Agent': 'Mozilla/5.0 (X11; Linux i686; rv:39.0) Gecko/20100101 Firefox/39.0', 'x-api-version': '8', 'x-env': 'WEB', 'X-requested-with': 'XMLHttpRequest', 'X-token': 'a1cad95a6d480c14f51dd0eba4914c8337b893c789ec6278bb440c7c9a673b162f042470c62684e6da2bd342ffea7777'})
[2025-06-04 23:55:03] Récupération des données de vote pour Gone Walking (URL: gone-walking, HEADER:{'User-Agent': 'Mozilla/5.0 (X11; Linux i686; rv:39.0) Gecko/20100101 Firefox/39.0', 'x-api-version': '8', 'x-env': 'WEB', 'X-requested-with': 'XMLHttpRequest', 'X-token': 'a1cad95a6d480c14f51dd0eba4914c8337b893c789ec6278bb440c7c9a673b162f042470c62684e6da2bd342ffea7777'})
[2025-06-04 23:55:03] Récupération des données de vote pour Artistic Still Life (URL: artistic-still-life5, HEADER:{'User-Agent': 'Mozilla/5.0 (X11; Linux i686; rv:39.0) Gecko/20100101 Firefox/39.0', 'x-api-version': '8', 'x-env': 'WEB', 'X-requested-with': 'XMLHttpRequest', 'X-token': 'a1cad95a6d480c14f51dd0eba4914c8337b893c789ec6278bb440c7c9a673b162f042470c62684e6da2bd342ffea7777'})
[2025-06-04 23:55:03] Récupération des données de vote pour Artistic Still Life (URL: artistic-still-life5, HEADER:{'User-Agent': 'Mozilla/5.0 (X11; Linux i686; rv:39.0) Gecko/20100101 Firefox/39.0', 'x-api-version': '8', 'x-env': 'WEB', 'X-requested-with': 'XMLHttpRequest', 'X-token': 'a1cad95a6d480c14f51dd0eba4914c8337b893c789ec6278bb440c7c9a673b162f042470c62684e6da2bd342ffea7777'})
[2025-06-04 23:55:03] Récupération des données de vote pour Artistic Still Life (URL: artistic-still-life5, HEADER:{'User-Agent': 'Mozilla/5.0 (X11; Linux i686; rv:39.0) Gecko/20100101 Firefox/39.0', 'x-api-version': '8', 'x-env': 'WEB', 'X-requested-with': 'XMLHttpRequest', 'X-token': 'a1cad95a6d480c14f51dd0eba4914c8337b893c789ec6278bb440c7c9a673b162f042470c62684e6da2bd342ffea7777'})
[2025-06-04 23:55:03] Récupération des données de vote pour Artistic Still Life (URL: artistic-still-life5, HEADER:{'User-Agent': 'Mozilla/5.0 (X11; Linux i686; rv:39.0) Gecko/20100101 Firefox/39.0', 'x-api-version': '8', 'x-env': 'WEB', 'X-requested-with': 'XMLHttpRequest', 'X-token': 'a1cad95a6d480c14f51dd0eba4914c8337b893c789ec6278bb440c7c9a673b162f042470c62684e6da2bd342ffea7777'})
[2025-06-04 23:55:03] Récupération des données de vote pour Artistic Still Life (URL: artistic-still-life5, HEADER:{'User-Agent': 'Mozilla/5.0 (X11; Linux i686; rv:39.0) Gecko/20100101 Firefox/39.0', 'x-api-version': '8', 'x-env': 'WEB', 'X-requested-with': 'XMLHttpRequest', 'X-token': 'a1cad95a6d480c14f51dd0eba4914c8337b893c789ec6278bb440c7c9a673b162f042470c62684e6da2bd342ffea7777'})
[2025-06-04 23:55:03] Récupération des données de vote pour Artistic Still Life (URL: artistic-still-life5, HEADER:{'User-Agent': 'Mozilla/5.0 (X11; Linux i686; rv:39.0) Gecko/20100101 Firefox/39.0', 'x-api-version': '8', 'x-env': 'WEB', 'X-requested-with': 'XMLHttpRequest', 'X-token': 'a1cad95a6d480c14f51dd0eba4914c8337b893c789ec6278bb440c7c9a673b162f042470c62684e6da2bd342ffea7777'})
[2025-06-04 23:55:03] Récupération des données de vote pour Artistic Still Life (URL: artistic-still-life5, HEADER:{'User-Agent': 'Mozilla/5.0 (X11; Linux i686; rv:39.0) Gecko/20100101 Firefox/39.0', 'x-api-version': '8', 'x-env': 'WEB', 'X-requested-with': 'XMLHttpRequest', 'X-token': 'a1cad95a6d480c14f51dd0eba4914c8337b893c789ec6278bb440c7c9a673b162f042470c62684e6da2bd342ffea7777'})
[2025-06-04 23:55:03] Récupération des données de vote pour Feeling Down (URL: feeling-down3, HEADER:{'User-Agent': 'Mozilla/5.0 (X11; Linux i686; rv:39.0) Gecko/20100101 Firefox/39.0', 'x-api-version': '8', 'x-env': 'WEB', 'X-requested-with': 'XMLHttpRequest', 'X-token': 'a1cad95a6d480c14f51dd0eba4914c8337b893c789ec6278bb440c7c9a673b162f042470c62684e6da2bd342ffea7777'})
[2025-06-04 23:55:03] Récupération des données de vote pour Feeling Down (URL: feeling-down3, HEADER:{'User-Agent': 'Mozilla/5.0 (X11; Linux i686; rv:39.0) Gecko/20100101 Firefox/39.0', 'x-api-version': '8', 'x-env': 'WEB', 'X-requested-with': 'XMLHttpRequest', 'X-token': 'a1cad95a6d480c14f51dd0eba4914c8337b893c789ec6278bb440c7c9a673b162f042470c62684e6da2bd342ffea7777'})
[2025-06-04 23:55:03] Récupération des données de vote pour Feeling Down (URL: feeling-down3, HEADER:{'User-Agent': 'Mozilla/5.0 (X11; Linux i686; rv:39.0) Gecko/20100101 Firefox/39.0', 'x-api-version': '8', 'x-env': 'WEB', 'X-requested-with': 'XMLHttpRequest', 'X-token': 'a1cad95a6d480c14f51dd0eba4914c8337b893c789ec6278bb440c7c9a673b162f042470c62684e6da2bd342ffea7777'})
[2025-06-04 23:55:03] Récupération des données de vote pour Feeling Down (URL: feeling-down3, HEADER:{'User-Agent': 'Mozilla/5.0 (X11; Linux i686; rv:39.0) Gecko/20100101 Firefox/39.0', 'x-api-version': '8', 'x-env': 'WEB', 'X-requested-with': 'XMLHttpRequest', 'X-token': 'a1cad95a6d480c14f51dd0eba4914c8337b893c789ec6278bb440c7c9a673b162f042470c62684e6da2bd342ffea7777'})
[2025-06-04 23:55:03] Récupération des données de vote pour Feeling Down (URL: feeling-down3, HEADER:{'User-Agent': 'Mozilla/5.0 (X11; Linux i686; rv:39.0) Gecko/20100101 Firefox/39.0', 'x-api-version': '8', 'x-env': 'WEB', 'X-requested-with': 'XMLHttpRequest', 'X-token': 'a1cad95a6d480c14f51dd0eba4914c8337b893c789ec6278bb440c7c9a673b162f042470c62684e6da2bd342ffea7777'})
[2025-06-04 23:55:03] Récupération des données de vote pour Feeling Down (URL: feeling-down3, HEADER:{'User-Agent': 'Mozilla/5.0 (X11; Linux i686; rv:39.0) Gecko/20100101 Firefox/39.0', 'x-api-version': '8', 'x-env': 'WEB', 'X-requested-with': 'XMLHttpRequest', 'X-token': 'a1cad95a6d480c14f51dd0eba4914c8337b893c789ec6278bb440c7c9a673b162f042470c62684e6da2bd342ffea7777'})
[2025-06-04 23:55:03] Récupération des données de vote pour Feeling Down (URL: feeling-down3, HEADER:{'User-Agent': 'Mozilla/5.0 (X11; Linux i686; rv:39.0) Gecko/20100101 Firefox/39.0', 'x-api-version': '8', 'x-env': 'WEB', 'X-requested-with': 'XMLHttpRequest', 'X-token': 'a1cad95a6d480c14f51dd0eba4914c8337b893c789ec6278bb440c7c9a673b162f042470c62684e6da2bd342ffea7777'})
[2025-06-04 23:55:03] Récupération des données de vote pour Great Mistakes (URL: great-mistakes, HEADER:{'User-Agent': 'Mozilla/5.0 (X11; Linux i686; rv:39.0) Gecko/20100101 Firefox/39.0', 'x-api-version': '8', 'x-env': 'WEB', 'X-requested-with': 'XMLHttpRequest', 'X-token': 'a1cad95a6d480c14f51dd0eba4914c8337b893c789ec6278bb440c7c9a673b162f042470c62684e6da2bd342ffea7777'})
[2025-06-04 23:55:03] Récupération des données de vote pour Great Mistakes (URL: great-mistakes, HEADER:{'User-Agent': 'Mozilla/5.0 (X11; Linux i686; rv:39.0) Gecko/20100101 Firefox/39.0', 'x-api-version': '8', 'x-env': 'WEB', 'X-requested-with': 'XMLHttpRequest', 'X-token': 'a1cad95a6d480c14f51dd0eba4914c8337b893c789ec6278bb440c7c9a673b162f042470c62684e6da2bd342ffea7777'})
[2025-06-04 23:55:03] Récupération des données de vote pour Great Mistakes (URL: great-mistakes, HEADER:{'User-Agent': 'Mozilla/5.0 (X11; Linux i686; rv:39.0) Gecko/20100101 Firefox/39.0', 'x-api-version': '8', 'x-env': 'WEB', 'X-requested-with': 'XMLHttpRequest', 'X-token': 'a1cad95a6d480c14f51dd0eba4914c8337b893c789ec6278bb440c7c9a673b162f042470c62684e6da2bd342ffea7777'})
[2025-06-04 23:55:03] Récupération des données de vote pour Great Mistakes (URL: great-mistakes, HEADER:{'User-Agent': 'Mozilla/5.0 (X11; Linux i686; rv:39.0) Gecko/20100101 Firefox/39.0', 'x-api-version': '8', 'x-env': 'WEB', 'X-requested-with': 'XMLHttpRequest', 'X-token': 'a1cad95a6d480c14f51dd0eba4914c8337b893c789ec6278bb440c7c9a673b162f042470c62684e6da2bd342ffea7777'})
[2025-06-04 23:55:03] Récupération des données de vote pour Great Mistakes (URL: great-mistakes, HEADER:{'User-Agent': 'Mozilla/5.0 (X11; Linux i686; rv:39.0) Gecko/20100101 Firefox/39.0', 'x-api-version': '8', 'x-env': 'WEB', 'X-requested-with': 'XMLHttpRequest', 'X-token': 'a1cad95a6d480c14f51dd0eba4914c8337b893c789ec6278bb440c7c9a673b162f042470c62684e6da2bd342ffea7777'})
[2025-06-04 23:55:03] Récupération des données de vote pour Great Mistakes (URL: great-mistakes, HEADER:{'User-Agent': 'Mozilla/5.0 (X11; Linux i686; rv:39.0) Gecko/20100101 Firefox/39.0', 'x-api-version': '8', 'x-env': 'WEB', 'X-requested-with': 'XMLHttpRequest', 'X-token': 'a1cad95a6d480c14f51dd0eba4914c8337b893c789ec6278bb440c7c9a673b162f042470c62684e6da2bd342ffea7777'})
[2025-06-04 23:55:03] Récupération des données de vote pour Great Mistakes (URL: great-mistakes, HEADER:{'User-Agent': 'Mozilla/5.0 (X11; Linux i686; rv:39.0) Gecko/20100101 Firefox/39.0', 'x-api-version': '8', 'x-env': 'WEB', 'X-requested-with': 'XMLHttpRequest', 'X-token': 'a1cad95a6d480c14f51dd0eba4914c8337b893c789ec6278bb440c7c9a673b162f042470c62684e6da2bd342ffea7777'})
[2025-06-04 23:55:03] Récupération des données de vote pour Photo of the Week! (URL: photo-of-the-week-299, HEADER:{'User-Agent': 'Mozilla/5.0 (X11; Linux i686; rv:39.0) Gecko/20100101 Firefox/39.0', 'x-api-version': '8', 'x-env': 'WEB', 'X-requested-with': 'XMLHttpRequest', 'X-token': 'a1cad95a6d480c14f51dd0eba4914c8337b893c789ec6278bb440c7c9a673b162f042470c62684e6da2bd342ffea7777'})
[2025-06-04 23:55:03] Récupération des données de vote pour Photo of the Week! (URL: photo-of-the-week-299, HEADER:{'User-Agent': 'Mozilla/5.0 (X11; Linux i686; rv:39.0) Gecko/20100101 Firefox/39.0', 'x-api-version': '8', 'x-env': 'WEB', 'X-requested-with': 'XMLHttpRequest', 'X-token': 'a1cad95a6d480c14f51dd0eba4914c8337b893c789ec6278bb440c7c9a673b162f042470c62684e6da2bd342ffea7777'})
[2025-06-04 23:55:03] Récupération des données de vote pour Photo of the Week! (URL: photo-of-the-week-299, HEADER:{'User-Agent': 'Mozilla/5.0 (X11; Linux i686; rv:39.0) Gecko/20100101 Firefox/39.0', 'x-api-version': '8', 'x-env': 'WEB', 'X-requested-with': 'XMLHttpRequest', 'X-token': 'a1cad95a6d480c14f51dd0eba4914c8337b893c789ec6278bb440c7c9a673b162f042470c62684e6da2bd342ffea7777'})
[2025-06-04 23:55:03] Récupération des données de vote pour Photo of the Week! (URL: photo-of-the-week-299, HEADER:{'User-Agent': 'Mozilla/5.0 (X11; Linux i686; rv:39.0) Gecko/20100101 Firefox/39.0', 'x-api-version': '8', 'x-env': 'WEB', 'X-requested-with': 'XMLHttpRequest', 'X-token': 'a1cad95a6d480c14f51dd0eba4914c8337b893c789ec6278bb440c7c9a673b162f042470c62684e6da2bd342ffea7777'})
[2025-06-04 23:55:03] Récupération des données de vote pour Photo of the Week! (URL: photo-of-the-week-299, HEADER:{'User-Agent': 'Mozilla/5.0 (X11; Linux i686; rv:39.0) Gecko/20100101 Firefox/39.0', 'x-api-version': '8', 'x-env': 'WEB', 'X-requested-with': 'XMLHttpRequest', 'X-token': 'a1cad95a6d480c14f51dd0eba4914c8337b893c789ec6278bb440c7c9a673b162f042470c62684e6da2bd342ffea7777'})
[2025-06-04 23:55:03] Récupération des données de vote pour Photo of the Week! (URL: photo-of-the-week-299, HEADER:{'User-Agent': 'Mozilla/5.0 (X11; Linux i686; rv:39.0) Gecko/20100101 Firefox/39.0', 'x-api-version': '8', 'x-env': 'WEB', 'X-requested-with': 'XMLHttpRequest', 'X-token': 'a1cad95a6d480c14f51dd0eba4914c8337b893c789ec6278bb440c7c9a673b162f042470c62684e6da2bd342ffea7777'})
[2025-06-04 23:55:03] Récupération des données de vote pour Photo of the Week! (URL: photo-of-the-week-299, HEADER:{'User-Agent': 'Mozilla/5.0 (X11; Linux i686; rv:39.0) Gecko/20100101 Firefox/39.0', 'x-api-version': '8', 'x-env': 'WEB', 'X-requested-with': 'XMLHttpRequest', 'X-token': 'a1cad95a6d480c14f51dd0eba4914c8337b893c789ec6278bb440c7c9a673b162f042470c62684e6da2bd342ffea7777'})
[2025-06-04 23:55:03] Récupération des données de vote pour Photo of the Day (URL: photo-of-the-day75, HEADER:{'User-Agent': 'Mozilla/5.0 (X11; Linux i686; rv:39.0) Gecko/20100101 Firefox/39.0', 'x-api-version': '8', 'x-env': 'WEB', 'X-requested-with': 'XMLHttpRequest', 'X-token': 'a1cad95a6d480c14f51dd0eba4914c8337b893c789ec6278bb440c7c9a673b162f042470c62684e6da2bd342ffea7777'})
[2025-06-04 23:55:03] Récupération des données de vote pour Photo of the Day (URL: photo-of-the-day75, HEADER:{'User-Agent': 'Mozilla/5.0 (X11; Linux i686; rv:39.0) Gecko/20100101 Firefox/39.0', 'x-api-version': '8', 'x-env': 'WEB', 'X-requested-with': 'XMLHttpRequest', 'X-token': 'a1cad95a6d480c14f51dd0eba4914c8337b893c789ec6278bb440c7c9a673b162f042470c62684e6da2bd342ffea7777'})
[2025-06-04 23:55:03] Récupération des données de vote pour Photo of the Day (URL: photo-of-the-day75, HEADER:{'User-Agent': 'Mozilla/5.0 (X11; Linux i686; rv:39.0) Gecko/20100101 Firefox/39.0', 'x-api-version': '8', 'x-env': 'WEB', 'X-requested-with': 'XMLHttpRequest', 'X-token': 'a1cad95a6d480c14f51dd0eba4914c8337b893c789ec6278bb440c7c9a673b162f042470c62684e6da2bd342ffea7777'})
[2025-06-04 23:55:03] Récupération des données de vote pour Photo of the Day (URL: photo-of-the-day75, HEADER:{'User-Agent': 'Mozilla/5.0 (X11; Linux i686; rv:39.0) Gecko/20100101 Firefox/39.0', 'x-api-version': '8', 'x-env': 'WEB', 'X-requested-with': 'XMLHttpRequest', 'X-token': 'a1cad95a6d480c14f51dd0eba4914c8337b893c789ec6278bb440c7c9a673b162f042470c62684e6da2bd342ffea7777'})
[2025-06-04 23:55:03] Récupération des données de vote pour Photo of the Day (URL: photo-of-the-day75, HEADER:{'User-Agent': 'Mozilla/5.0 (X11; Linux i686; rv:39.0) Gecko/20100101 Firefox/39.0', 'x-api-version': '8', 'x-env': 'WEB', 'X-requested-with': 'XMLHttpRequest', 'X-token': 'a1cad95a6d480c14f51dd0eba4914c8337b893c789ec6278bb440c7c9a673b162f042470c62684e6da2bd342ffea7777'})
[2025-06-04 23:55:03] Récupération des données de vote pour Photo of the Day (URL: photo-of-the-day75, HEADER:{'User-Agent': 'Mozilla/5.0 (X11; Linux i686; rv:39.0) Gecko/20100101 Firefox/39.0', 'x-api-version': '8', 'x-env': 'WEB', 'X-requested-with': 'XMLHttpRequest', 'X-token': 'a1cad95a6d480c14f51dd0eba4914c8337b893c789ec6278bb440c7c9a673b162f042470c62684e6da2bd342ffea7777'})
[2025-06-04 23:55:03] Récupération des données de vote pour Photo of the Day (URL: photo-of-the-day75, HEADER:{'User-Agent': 'Mozilla/5.0 (X11; Linux i686; rv:39.0) Gecko/20100101 Firefox/39.0', 'x-api-version': '8', 'x-env': 'WEB', 'X-requested-with': 'XMLHttpRequest', 'X-token': 'a1cad95a6d480c14f51dd0eba4914c8337b893c789ec6278bb440c7c9a673b162f042470c62684e6da2bd342ffea7777'})
[2025-06-04 23:55:04] Récupération réussie: 200 images pour Artworks on Walls
[2025-06-04 23:55:04] Voting fetching ...
[2025-06-04 23:55:04] Artworks on Walls voting 10 images
[2025-06-04 23:55:04] Récupération réussie: 200 images pour Beautiful Eyes
[2025-06-04 23:55:04] Voting fetching ...
[2025-06-04 23:55:04] Beautiful Eyes voting 10 images
[2025-06-04 23:55:04] Récupération réussie: 200 images pour Artworks on Walls
[2025-06-04 23:55:04] Voting fetching ...
[2025-06-04 23:55:04] Artworks on Walls voting 10 images
[2025-06-04 23:55:05] Récupération réussie: 200 images pour Artworks on Walls
[2025-06-04 23:55:05] Voting fetching ...
[2025-06-04 23:55:05] Artworks on Walls voting 10 images
[2025-06-04 23:55:05] Récupération réussie: 200 images pour Beautiful Eyes
[2025-06-04 23:55:05] Voting fetching ...
[2025-06-04 23:55:05] Beautiful Eyes voting 10 images
[2025-06-04 23:55:05] Récupération réussie: 200 images pour Beautiful Eyes
[2025-06-04 23:55:05] Voting fetching ...
[2025-06-04 23:55:05] Beautiful Eyes voting 10 images
[2025-06-04 23:55:05] Récupération réussie: 200 images pour Artworks on Walls
[2025-06-04 23:55:05] Voting fetching ...
[2025-06-04 23:55:05] Artworks on Walls voting 10 images
[2025-06-04 23:55:05] Récupération réussie: 200 images pour Beautiful Eyes
[2025-06-04 23:55:05] Voting fetching ...
[2025-06-04 23:55:05] Beautiful Eyes voting 10 images
[2025-06-04 23:55:05] Récupération réussie: 200 images pour Beautiful Eyes
[2025-06-04 23:55:05] Voting fetching ...
[2025-06-04 23:55:05] Beautiful Eyes voting 10 images
[2025-06-04 23:55:05] Récupération réussie: 200 images pour Beautiful Eyes
[2025-06-04 23:55:05] Voting fetching ...
[2025-06-04 23:55:05] Beautiful Eyes voting 10 images
[2025-06-04 23:55:05] Récupération réussie: 200 images pour Artworks on Walls
[2025-06-04 23:55:05] Voting fetching ...
[2025-06-04 23:55:05] Artworks on Walls voting 10 images
[2025-06-04 23:55:06] Récupération réussie: 200 images pour Nature’s Soothing Sounds
[2025-06-04 23:55:06] Voting fetching ...
[2025-06-04 23:55:06] Nature’s Soothing Sounds voting 10 images
[2025-06-04 23:55:06] Récupération réussie: 200 images pour Feeling Down
[2025-06-04 23:55:06] Voting fetching ...
[2025-06-04 23:55:06] Feeling Down voting 10 images
[2025-06-04 23:55:06] Récupération réussie: 200 images pour Artworks on Walls
[2025-06-04 23:55:06] Voting fetching ...
[2025-06-04 23:55:06] Artworks on Walls voting 10 images
[2025-06-04 23:55:06] Récupération réussie: 200 images pour Artworks on Walls
[2025-06-04 23:55:06] Voting fetching ...
[2025-06-04 23:55:06] Artworks on Walls voting 10 images
[2025-06-04 23:55:06] Récupération réussie: 200 images pour Feeling Down
[2025-06-04 23:55:06] Voting fetching ...
[2025-06-04 23:55:06] Feeling Down voting 10 images
[2025-06-04 23:55:06] Récupération réussie: 200 images pour Beautiful Eyes
[2025-06-04 23:55:06] Voting fetching ...
[2025-06-04 23:55:06] Beautiful Eyes voting 10 images
[2025-06-04 23:55:06] Récupération réussie: 200 images pour Nature’s Soothing Sounds
[2025-06-04 23:55:06] Voting fetching ...
[2025-06-04 23:55:06] Nature’s Soothing Sounds voting 10 images
[2025-06-04 23:55:07] Récupération réussie: 200 images pour Nature’s Soothing Sounds
[2025-06-04 23:55:07] Voting fetching ...
[2025-06-04 23:55:07] Nature’s Soothing Sounds voting 10 images
[2025-06-04 23:55:07] Récupération réussie: 200 images pour Great Mistakes
[2025-06-04 23:55:07] Voting fetching ...
[2025-06-04 23:55:07] Great Mistakes voting 10 images
[2025-06-04 23:55:07] Récupération réussie: 200 images pour Show me your World
[2025-06-04 23:55:07] Voting fetching ...
[2025-06-04 23:55:07] Show me your World voting 10 images
[2025-06-04 23:55:08] Récupération réussie: 200 images pour Nature’s Soothing Sounds
[2025-06-04 23:55:08] Voting fetching ...
[2025-06-04 23:55:08] Nature’s Soothing Sounds voting 10 images
[2025-06-04 23:55:08] Récupération réussie: 200 images pour Feeling Down
[2025-06-04 23:55:08] Voting fetching ...
[2025-06-04 23:55:08] Feeling Down voting 10 images
[2025-06-04 23:55:08] Récupération réussie: 200 images pour Nature’s Soothing Sounds
[2025-06-04 23:55:08] Voting fetching ...
[2025-06-04 23:55:08] Nature’s Soothing Sounds voting 10 images
[2025-06-04 23:55:08] Récupération réussie: 200 images pour Great Mistakes
[2025-06-04 23:55:08] Voting fetching ...
[2025-06-04 23:55:08] Great Mistakes voting 10 images
[2025-06-04 23:55:08] Récupération réussie: 200 images pour Great Mistakes
[2025-06-04 23:55:08] Voting fetching ...
[2025-06-04 23:55:08] Great Mistakes voting 10 images
[2025-06-04 23:55:08] Récupération réussie: 200 images pour Show me your World
[2025-06-04 23:55:08] Voting fetching ...
[2025-06-04 23:55:08] Show me your World voting 10 images
[2025-06-04 23:55:08] Récupération réussie: 200 images pour Nature’s Soothing Sounds
[2025-06-04 23:55:08] Voting fetching ...
[2025-06-04 23:55:08] Nature’s Soothing Sounds voting 10 images
[2025-06-04 23:55:08] Récupération réussie: 200 images pour Photo of the Week!
[2025-06-04 23:55:08] Voting fetching ...
[2025-06-04 23:55:09] Photo of the Week! voting 10 images
[2025-06-04 23:55:09] Récupération réussie: 200 images pour Great Mistakes
[2025-06-04 23:55:09] Voting fetching ...
[2025-06-04 23:55:09] Great Mistakes voting 10 images
[2025-06-04 23:55:09] Récupération réussie: 200 images pour Feeling Down
[2025-06-04 23:55:09] Voting fetching ...
[2025-06-04 23:55:09] Feeling Down voting 10 images
[2025-06-04 23:55:09] Récupération réussie: 200 images pour Great Mistakes
[2025-06-04 23:55:09] Voting fetching ...
[2025-06-04 23:55:09] Great Mistakes voting 10 images
[2025-06-04 23:55:10] Récupération réussie: 200 images pour Show me your World
[2025-06-04 23:55:10] Voting fetching ...
[2025-06-04 23:55:10] Show me your World voting 10 images
[2025-06-04 23:55:10] Récupération réussie: 200 images pour Feeling Down
[2025-06-04 23:55:10] Voting fetching ...
[2025-06-04 23:55:10] Feeling Down voting 10 images
[2025-06-04 23:55:10] Récupération réussie: 200 images pour Feeling Down
[2025-06-04 23:55:10] Voting fetching ...
[2025-06-04 23:55:10] Feeling Down voting 10 images
[2025-06-04 23:55:10] Récupération réussie: 200 images pour Show me your World
[2025-06-04 23:55:10] Voting fetching ...
[2025-06-04 23:55:10] Show me your World voting 10 images
[2025-06-04 23:55:10] Récupération réussie: 200 images pour Feeling Down
[2025-06-04 23:55:10] Voting fetching ...
[2025-06-04 23:55:10] Feeling Down voting 10 images
[2025-06-04 23:55:10] Récupération réussie: 200 images pour Photo of the Week!
[2025-06-04 23:55:10] Voting fetching ...
[2025-06-04 23:55:10] Photo of the Week! voting 10 images
[2025-06-04 23:55:11] Récupération réussie: 200 images pour Photo of the Week!
[2025-06-04 23:55:11] Voting fetching ...
[2025-06-04 23:55:11] Photo of the Week! voting 10 images
[2025-06-04 23:55:11] Récupération réussie: 200 images pour Photo of the Week!
[2025-06-04 23:55:11] Voting fetching ...
[2025-06-04 23:55:11] Photo of the Week! voting 10 images
[2025-06-04 23:55:11] Récupération réussie: 200 images pour Nature’s Soothing Sounds
[2025-06-04 23:55:11] Voting fetching ...
[2025-06-04 23:55:11] Nature’s Soothing Sounds voting 10 images
[2025-06-04 23:55:11] Récupération réussie: 200 images pour Show me your World
[2025-06-04 23:55:11] Voting fetching ...
[2025-06-04 23:55:11] Show me your World voting 10 images
[2025-06-04 23:55:11] Récupération réussie: 200 images pour Photo of the Week!
[2025-06-04 23:55:11] Voting fetching ...
[2025-06-04 23:55:11] Photo of the Week! voting 10 images
[2025-06-04 23:55:11] Récupération réussie: 200 images pour Great Mistakes
[2025-06-04 23:55:11] Voting fetching ...
[2025-06-04 23:55:11] Great Mistakes voting 10 images
[2025-06-04 23:55:11] Récupération réussie: 200 images pour Joined Together
[2025-06-04 23:55:11] Voting fetching ...
[2025-06-04 23:55:11] Joined Together voting 10 images
[2025-06-04 23:55:11] Récupération réussie: 200 images pour Joined Together
[2025-06-04 23:55:11] Voting fetching ...
[2025-06-04 23:55:11] Joined Together voting 10 images
[2025-06-04 23:55:12] Récupération réussie: 200 images pour Show me your World
[2025-06-04 23:55:12] Voting fetching ...
[2025-06-04 23:55:12] Show me your World voting 10 images
[2025-06-04 23:55:12] Récupération réussie: 200 images pour Show me your World
[2025-06-04 23:55:12] Voting fetching ...
[2025-06-04 23:55:12] Show me your World voting 10 images
[2025-06-04 23:55:12] Récupération réussie: 200 images pour Artistic Still Life
[2025-06-04 23:55:12] Voting fetching ...
[2025-06-04 23:55:12] Artistic Still Life voting 10 images
[2025-06-04 23:55:12] Récupération réussie: 200 images pour Artistic Still Life
[2025-06-04 23:55:12] Voting fetching ...
[2025-06-04 23:55:12] Artistic Still Life voting 10 images
[2025-06-04 23:55:12] Récupération réussie: 200 images pour Photo of the Week!
[2025-06-04 23:55:12] Voting fetching ...
[2025-06-04 23:55:12] Photo of the Week! voting 10 images
[2025-06-04 23:55:12] Récupération réussie: 200 images pour Photo of the Week!
[2025-06-04 23:55:12] Voting fetching ...
[2025-06-04 23:55:12] Photo of the Week! voting 10 images
[2025-06-04 23:55:12] Récupération réussie: 200 images pour Photo of the Day
[2025-06-04 23:55:12] Voting fetching ...
[2025-06-04 23:55:12] Photo of the Day voting 10 images
[2025-06-04 23:55:12] Récupération réussie: 200 images pour Photo of the Day
[2025-06-04 23:55:12] Voting fetching ...
[2025-06-04 23:55:13] Photo of the Day voting 10 images
[2025-06-04 23:55:13] Récupération réussie: 200 images pour Great Mistakes
[2025-06-04 23:55:13] Voting fetching ...
[2025-06-04 23:55:13] Great Mistakes voting 10 images
[2025-06-04 23:55:13] Récupération réussie: 200 images pour Powerful Smells
[2025-06-04 23:55:13] Voting fetching ...
[2025-06-04 23:55:13] Powerful Smells voting 10 images
[2025-06-04 23:55:13] Récupération réussie: 200 images pour Photo of the Day
[2025-06-04 23:55:13] Voting fetching ...
[2025-06-04 23:55:13] Photo of the Day voting 10 images
[2025-06-04 23:55:13] Récupération réussie: 200 images pour Artistic Still Life
[2025-06-04 23:55:13] Voting fetching ...
[2025-06-04 23:55:13] Artistic Still Life voting 10 images
[2025-06-04 23:55:13] Récupération réussie: 200 images pour Joined Together
[2025-06-04 23:55:13] Voting fetching ...
[2025-06-04 23:55:13] Joined Together voting 10 images
[2025-06-04 23:55:13] Récupération réussie: 200 images pour Artistic Still Life
[2025-06-04 23:55:13] Voting fetching ...
[2025-06-04 23:55:13] Artistic Still Life voting 10 images
[2025-06-04 23:55:13] Récupération réussie: 200 images pour Photo of the Day
[2025-06-04 23:55:13] Voting fetching ...
[2025-06-04 23:55:13] Photo of the Day voting 10 images
[2025-06-04 23:55:14] Récupération réussie: 200 images pour Joined Together
[2025-06-04 23:55:14] Voting fetching ...
[2025-06-04 23:55:14] Joined Together voting 10 images
[2025-06-04 23:55:14] Récupération réussie: 200 images pour Tell a Story
[2025-06-04 23:55:14] Voting fetching ...
[2025-06-04 23:55:14] Tell a Story voting 10 images
[2025-06-04 23:55:14] Récupération réussie: 200 images pour Joined Together
[2025-06-04 23:55:14] Voting fetching ...
[2025-06-04 23:55:14] Joined Together voting 10 images
[2025-06-04 23:55:14] Récupération réussie: 200 images pour Powerful Smells
[2025-06-04 23:55:14] Voting fetching ...
[2025-06-04 23:55:14] Powerful Smells voting 10 images
[2025-06-04 23:55:14] Récupération réussie: 200 images pour Powerful Smells
[2025-06-04 23:55:14] Voting fetching ...
[2025-06-04 23:55:14] Powerful Smells voting 10 images
[2025-06-04 23:55:14] Récupération réussie: 200 images pour Tell a Story
[2025-06-04 23:55:14] Voting fetching ...
[2025-06-04 23:55:14] Tell a Story voting 10 images
[2025-06-04 23:55:15] Récupération réussie: 200 images pour Tell a Story
[2025-06-04 23:55:15] Voting fetching ...
[2025-06-04 23:55:15] Tell a Story voting 10 images
[2025-06-04 23:55:15] Récupération réussie: 200 images pour Artistic Still Life
[2025-06-04 23:55:15] Voting fetching ...
[2025-06-04 23:55:15] Artistic Still Life voting 10 images
[2025-06-04 23:55:15] Récupération réussie: 200 images pour Artistic Still Life
[2025-06-04 23:55:15] Voting fetching ...
[2025-06-04 23:55:15] Artistic Still Life voting 10 images
[2025-06-04 23:55:15] Récupération réussie: 200 images pour Photo of the Day
[2025-06-04 23:55:15] Voting fetching ...
[2025-06-04 23:55:15] Photo of the Day voting 10 images
[2025-06-04 23:55:15] Récupération réussie: 200 images pour Photo of the Day
[2025-06-04 23:55:15] Voting fetching ...
[2025-06-04 23:55:15] Photo of the Day voting 10 images
[2025-06-04 23:55:15] Récupération réussie: 200 images pour Powerful Smells
[2025-06-04 23:55:15] Voting fetching ...
[2025-06-04 23:55:15] Powerful Smells voting 10 images
[2025-06-04 23:55:15] Récupération réussie: 200 images pour Powerful Smells
[2025-06-04 23:55:15] Voting fetching ...
[2025-06-04 23:55:15] Powerful Smells voting 10 images
[2025-06-04 23:55:16] Récupération réussie: 200 images pour Artistic Still Life
[2025-06-04 23:55:16] Voting fetching ...
[2025-06-04 23:55:16] Artistic Still Life voting 10 images
[2025-06-04 23:55:16] Récupération réussie: 200 images pour Joined Together
[2025-06-04 23:55:16] Voting fetching ...
[2025-06-04 23:55:16] Joined Together voting 10 images
[2025-06-04 23:55:16] Récupération réussie: 200 images pour Powerful Smells
[2025-06-04 23:55:16] Voting fetching ...
[2025-06-04 23:55:16] Powerful Smells voting 10 images
[2025-06-04 23:55:16] Récupération réussie: 200 images pour Tell a Story
[2025-06-04 23:55:16] Voting fetching ...
[2025-06-04 23:55:16] Tell a Story voting 10 images
[2025-06-04 23:55:16] Récupération réussie: 200 images pour Tell a Story
[2025-06-04 23:55:16] Voting fetching ...
[2025-06-04 23:55:16] Tell a Story voting 10 images
[2025-06-04 23:55:16] Récupération réussie: 200 images pour Gone Walking
[2025-06-04 23:55:16] Voting fetching ...
[2025-06-04 23:55:16] Gone Walking voting 10 images
[2025-06-04 23:55:16] Récupération réussie: 200 images pour Gone Walking
[2025-06-04 23:55:16] Voting fetching ...
[2025-06-04 23:55:16] Gone Walking voting 10 images
[2025-06-04 23:55:17] Récupération réussie: 200 images pour Gone Walking
[2025-06-04 23:55:17] Voting fetching ...
[2025-06-04 23:55:17] Gone Walking voting 10 images
[2025-06-04 23:55:17] Récupération réussie: 200 images pour Gone Walking
[2025-06-04 23:55:17] Voting fetching ...
[2025-06-04 23:55:17] Gone Walking voting 10 images
[2025-06-04 23:55:17] Récupération réussie: 200 images pour Photo of the Day
[2025-06-04 23:55:17] Voting fetching ...
[2025-06-04 23:55:17] Photo of the Day voting 10 images
[2025-06-04 23:55:17] Récupération réussie: 200 images pour Joined Together
[2025-06-04 23:55:17] Voting fetching ...
[2025-06-04 23:55:17] Joined Together voting 10 images
[2025-06-04 23:55:17] Récupération réussie: 200 images pour Tell a Story
[2025-06-04 23:55:17] Voting fetching ...
[2025-06-04 23:55:17] Tell a Story voting 10 images
[2025-06-04 23:55:18] Récupération réussie: 200 images pour Powerful Smells
[2025-06-04 23:55:18] Voting fetching ...
[2025-06-04 23:55:18] Powerful Smells voting 10 images
[2025-06-04 23:55:18] Récupération réussie: 200 images pour Gone Walking
[2025-06-04 23:55:18] Voting fetching ...
[2025-06-04 23:55:18] Gone Walking voting 10 images
[2025-06-04 23:55:18] Récupération réussie: 200 images pour Tell a Story
[2025-06-04 23:55:18] Voting fetching ...
[2025-06-04 23:55:18] Tell a Story voting 10 images
[2025-06-04 23:55:18] Récupération réussie: 200 images pour Gone Walking
[2025-06-04 23:55:18] Voting fetching ...
[2025-06-04 23:55:18] Gone Walking voting 10 images
[2025-06-04 23:55:18] Récupération réussie: 200 images pour Gone Walking
[2025-06-04 23:55:18] Voting fetching ...
[2025-06-04 23:55:18] Gone Walking voting 10 images
[2025-06-04 23:55:18] Récupération réussie: 200 images pour Ultimate Exposure
[2025-06-04 23:55:18] Voting fetching ...
[2025-06-04 23:55:18] Ultimate Exposure voting 10 images
[2025-06-04 23:55:19] Récupération réussie: 200 images pour Ultimate Exposure
[2025-06-04 23:55:19] Voting fetching ...
[2025-06-04 23:55:19] Ultimate Exposure voting 10 images
[2025-06-04 23:55:19] Récupération réussie: 200 images pour Ultimate Exposure
[2025-06-04 23:55:19] Voting fetching ...
[2025-06-04 23:55:19] Ultimate Exposure voting 10 images
[2025-06-04 23:55:19] Récupération réussie: 200 images pour Ultimate Exposure
[2025-06-04 23:55:19] Voting fetching ...
[2025-06-04 23:55:19] Ultimate Exposure voting 10 images
[2025-06-04 23:55:19] Récupération réussie: 200 images pour Ultimate Exposure
[2025-06-04 23:55:19] Voting fetching ...
[2025-06-04 23:55:19] Ultimate Exposure voting 10 images
[2025-06-04 23:55:19] Récupération réussie: 200 images pour Ultimate Exposure
[2025-06-04 23:55:19] Voting fetching ...
[2025-06-04 23:55:19] Ultimate Exposure voting 10 images
[2025-06-04 23:55:19] Récupération réussie: 200 images pour Ultimate Exposure
[2025-06-04 23:55:19] Voting fetching ...
[2025-06-04 23:55:19] Ultimate Exposure voting 10 images
[2025-06-04 23:55:25] Artworks on Walls voted successfully
[2025-06-04 23:55:27] Artworks on Walls voted successfully
[2025-06-04 23:55:34] Beautiful Eyes voted successfully
[2025-06-04 23:55:36] Artistic Still Life voted successfully
[2025-06-04 23:55:38] Powerful Smells voted successfully
[2025-06-04 23:55:40] Tell a Story voted successfully
[2025-06-04 23:55:42] Tell a Story voted successfully
[2025-06-04 23:55:44] Photo of the Day voted successfully
[2025-06-04 23:55:46] Gone Walking voted successfully
[2025-06-04 23:55:48] Ultimate Exposure voted successfully
[2025-06-04 23:55:51] Gone Walking voted successfully
[2025-06-04 23:55:53] Beautiful Eyes voted successfully
[2025-06-04 23:55:55] Ultimate Exposure voted successfully
[2025-06-04 23:55:58] Artworks on Walls voted successfully
[2025-06-04 23:56:00] Tell a Story voted successfully
[2025-06-04 23:56:03] Gone Walking voted successfully
[2025-06-04 23:56:05] Powerful Smells voted successfully
[2025-06-04 23:56:07] Tell a Story voted successfully
[2025-06-04 23:56:09] Beautiful Eyes voted successfully
[2025-06-04 23:56:11] Photo of the Week! voted successfully
[2025-06-04 23:56:13] Great Mistakes voted successfully
[2025-06-04 23:56:15] Great Mistakes voted successfully
[2025-06-04 23:56:17] Artworks on Walls voted successfully
[2025-06-04 23:56:19] Beautiful Eyes voted successfully
[2025-06-04 23:56:21] Feeling Down voted successfully
[2025-06-04 23:56:23] Feeling Down voted successfully
[2025-06-04 23:56:33] Nature’s Soothing Sounds voted successfully
[2025-06-04 23:56:35] Nature’s Soothing Sounds voted successfully
[2025-06-04 23:56:38] Artworks on Walls voted successfully
[2025-06-04 23:56:40] Nature’s Soothing Sounds voted successfully
[2025-06-04 23:56:48] Feeling Down voted successfully
[2025-06-04 23:56:50] Nature’s Soothing Sounds voted successfully
[2025-06-04 23:56:52] Nature’s Soothing Sounds voted successfully
[2025-06-04 23:56:55] Great Mistakes voted successfully
[2025-06-04 23:56:57] Beautiful Eyes voted successfully
[2025-06-04 23:56:59] Feeling Down voted successfully
[2025-06-04 23:57:03] Artworks on Walls voted successfully
[2025-06-04 23:57:07] Nature’s Soothing Sounds voted successfully
[2025-06-04 23:57:09] Show me your World voted successfully
[2025-06-04 23:57:11] Beautiful Eyes voted successfully
[2025-06-04 23:57:13] Show me your World voted successfully
[2025-06-04 23:57:15] Artworks on Walls voted successfully
[2025-06-04 23:57:17] Beautiful Eyes voted successfully
[2025-06-04 23:57:19] Great Mistakes voted successfully
[2025-06-04 23:57:21] Great Mistakes voted successfully
[2025-06-04 23:57:23] Tell a Story voted successfully
[2025-06-04 23:57:25] Photo of the Day voted successfully
[2025-06-04 23:57:27] Joined Together voted successfully
[2025-06-04 23:57:29] Show me your World voted successfully
[2025-06-04 23:57:31] Photo of the Week! voted successfully
[2025-06-04 23:57:33] Show me your World voted successfully
[2025-06-04 23:57:35] Photo of the Week! voted successfully
[2025-06-04 23:57:37] Photo of the Day voted successfully
[2025-06-04 23:57:39] Photo of the Week! voted successfully
[2025-06-04 23:57:41] Joined Together voted successfully
[2025-06-04 23:57:43] Artistic Still Life voted successfully
[2025-06-04 23:57:45] Feeling Down voted successfully
[2025-06-04 23:57:47] Photo of the Week! voted successfully
[2025-06-04 23:57:49] Powerful Smells voted successfully
[2025-06-04 23:57:51] Photo of the Week! voted successfully
[2025-06-04 23:57:53] Show me your World voted successfully
[2025-06-04 23:57:55] Artistic Still Life voted successfully
[2025-06-04 23:57:57] Tell a Story voted successfully
[2025-06-04 23:57:59] Powerful Smells voted successfully
[2025-06-04 23:58:01] Show me your World voted successfully
[2025-06-04 23:58:03] Photo of the Day voted successfully
[2025-06-04 23:58:05] Great Mistakes voted successfully
[2025-06-04 23:58:07] Joined Together voted successfully
[2025-06-04 23:58:09] Joined Together voted successfully
[2025-06-04 23:58:11] Artistic Still Life voted successfully
[2025-06-04 23:58:13] Artistic Still Life voted successfully
[2025-06-04 23:58:15] Joined Together voted successfully
[2025-06-04 23:58:17] Great Mistakes voted successfully
[2025-06-04 23:58:19] Feeling Down voted successfully
[2025-06-04 23:58:21] Feeling Down voted successfully
[2025-06-04 23:58:23] Photo of the Week! voted successfully
[2025-06-04 23:58:25] Artistic Still Life voted successfully
[2025-06-04 23:58:27] Nature’s Soothing Sounds voted successfully
[2025-06-04 23:58:29] Photo of the Day voted successfully
[2025-06-04 23:58:31] Show me your World voted successfully
[2025-06-04 23:58:34] Challenges fetching ...
[2025-06-04 23:58:34] Challenges fetched successfully for bruno!
[2025-06-04 23:58:35] Ultimate Exposure voted successfully
[2025-06-04 23:58:37] Ultimate Exposure voted successfully
[2025-06-04 23:58:39] Gone Walking voted successfully
[2025-06-04 23:58:41] Ultimate Exposure voted successfully
[2025-06-04 23:58:43] Artistic Still Life voted successfully
[2025-06-04 23:58:45] Gone Walking voted successfully
[2025-06-04 23:58:47] Photo of the Day voted successfully
[2025-06-04 23:58:49] Joined Together voted successfully
[2025-06-04 23:58:51] Tell a Story voted successfully
[2025-06-04 23:58:53] Ultimate Exposure voted successfully
[2025-06-04 23:58:59] Gone Walking voted successfully
[2025-06-04 23:59:01] Powerful Smells voted successfully
[2025-06-04 23:59:04] Joined Together voted successfully
[2025-06-04 23:59:13] Powerful Smells voted successfully
[2025-06-04 23:59:15] Ultimate Exposure voted successfully
[2025-06-04 23:59:17] Gone Walking voted successfully
[2025-06-04 23:59:26] Powerful Smells voted successfully
[2025-06-04 23:59:34] Challenges fetching ...
[2025-06-04 23:59:34] Challenges fetched successfully for bruno!
[2025-06-04 23:59:34] Photo of the Day voted successfully
[2025-06-04 23:59:46] Challenges fetching ...
[2025-06-04 23:59:47] Challenges fetched successfully for bruno!
[2025-06-04 23:59:47] Challenges fetching ...
[2025-06-04 23:59:47] Challenges fetched successfully for bruno!
[2025-06-04 23:59:47] Challenges fetching ...
[2025-06-04 23:59:47] Challenges fetched successfully for bruno!
[2025-06-04 23:59:47] Challenges fetching ...
[2025-06-04 23:59:47] Challenges fetched successfully for bruno!
[2025-06-04 23:59:48] Challenges fetching ...
[2025-06-04 23:59:48] Challenges fetched successfully for bruno!
[2025-06-04 23:59:48] Challenges fetching ...
[2025-06-04 23:59:48] Challenges fetched successfully for bruno!
[2025-06-04 23:59:48] Challenges fetching ...
[2025-06-04 23:59:48] Challenges fetched successfully for bruno!
[2025-06-04 23:59:48] Challenges fetching ...
[2025-06-04 23:59:48] Challenges fetched successfully for bruno!
[2025-06-04 23:59:49] Challenges fetching ...
[2025-06-04 23:59:49] Challenges fetched successfully for bruno!
[2025-06-04 23:59:49] Challenges fetching ...
[2025-06-04 23:59:49] Challenges fetched successfully for bruno!
[2025-06-04 23:59:49] Challenges fetching ...
[2025-06-04 23:59:49] Challenges fetched successfully for bruno!
[2025-06-04 23:59:49] Challenges fetching ...
[2025-06-04 23:59:50] Challenges fetched successfully for bruno!
[2025-06-04 23:59:50] Challenges fetching ...
[2025-06-04 23:59:50] Challenges fetched successfully for bruno!
[2025-06-04 23:59:50] Challenges fetching ...
[2025-06-04 23:59:50] Challenges fetched successfully for bruno!
[2025-06-04 23:59:50] Challenges fetching ...
[2025-06-04 23:59:50] Challenges fetched successfully for bruno!
[2025-06-04 23:59:50] Challenges fetching ...
[2025-06-04 23:59:51] Challenges fetched successfully for bruno!
[2025-06-04 23:59:51] Challenges fetching ...
[2025-06-04 23:59:51] Challenges fetched successfully for bruno!
[2025-06-04 23:59:51] Challenges fetching ...
[2025-06-04 23:59:51] Challenges fetched successfully for bruno!
[2025-06-04 23:59:51] Challenges fetching ...
[2025-06-04 23:59:51] Challenges fetched successfully for bruno!
[2025-06-04 23:59:52] Challenges fetching ...
[2025-06-04 23:59:52] Challenges fetched successfully for bruno!
[2025-06-04 23:59:52] Challenges fetching ...
[2025-06-04 23:59:52] Challenges fetched successfully for bruno!
[2025-06-04 23:59:52] Challenges fetching ...
[2025-06-04 23:59:52] Challenges fetched successfully for bruno!
[2025-06-04 23:59:52] Challenges fetching ...
[2025-06-04 23:59:53] Challenges fetched successfully for bruno!
[2025-06-04 23:59:53] Challenges fetching ...
[2025-06-04 23:59:53] Challenges fetched successfully for bruno!
[2025-06-04 23:59:53] Challenges fetching ...
[2025-06-04 23:59:53] Challenges fetched successfully for bruno!
[2025-06-04 23:59:53] Challenges fetching ...
[2025-06-04 23:59:53] Challenges fetched successfully for bruno!
[2025-06-04 23:59:54] Challenges fetching ...
[2025-06-04 23:59:54] Challenges fetched successfully for bruno!
[2025-06-04 23:59:54] Challenges fetching ...
[2025-06-04 23:59:54] Challenges fetched successfully for bruno!
[2025-06-04 23:59:54] Challenges fetching ...
[2025-06-04 23:59:54] Challenges fetched successfully for bruno!
[2025-06-04 23:59:54] Challenges fetching ...
[2025-06-04 23:59:55] Challenges fetched successfully for bruno!
[2025-06-04 23:59:55] Challenges fetching ...
[2025-06-04 23:59:55] Challenges fetched successfully for bruno!
[2025-06-04 23:59:55] Challenges fetching ...
[2025-06-04 23:59:55] Challenges fetched successfully for bruno!
[2025-06-04 23:59:55] Challenges fetching ...
[2025-06-04 23:59:56] Challenges fetched successfully for bruno!
[2025-06-04 23:59:56] Challenges fetching ...
[2025-06-04 23:59:56] Challenges fetched successfully for bruno!
[2025-06-04 23:59:56] Challenges fetching ...
[2025-06-04 23:59:56] Challenges fetched successfully for bruno!
[2025-06-04 23:59:56] Challenges fetching ...
[2025-06-04 23:59:57] Challenges fetched successfully for bruno!
[2025-06-04 23:59:57] Challenges fetching ...
[2025-06-04 23:59:57] Challenges fetched successfully for bruno!
[2025-06-04 23:59:57] Challenges fetching ...
[2025-06-04 23:59:57] Challenges fetched successfully for bruno!
[2025-06-04 23:59:57] Challenges fetching ...
[2025-06-04 23:59:58] Challenges fetched successfully for bruno!
[2025-06-04 23:59:58] Challenges fetching ...
[2025-06-04 23:59:58] Challenges fetched successfully for bruno!
[2025-06-04 23:59:58] Challenges fetching ...
[2025-06-04 23:59:58] Challenges fetched successfully for bruno!
[2025-06-04 23:59:58] Challenges fetching ...
[2025-06-04 23:59:59] Challenges fetched successfully for bruno!
[2025-06-04 23:59:59] Challenges fetching ...
[2025-06-04 23:59:59] Challenges fetched successfully for bruno!
[2025-06-04 23:59:59] Challenges fetching ...
[2025-06-04 23:59:59] Challenges fetched successfully for bruno!
[2025-06-04 23:59:59] Challenges fetching ...
