[2025-07-07 00:01:48] Resynchronisation avec le serveur...
[2025-07-07 00:01:48] Fetching challenges...
[2025-07-07 00:01:49] Challenges fetching ...
[2025-07-07 00:01:49] Challenge Children:
[2025-07-07 00:01:49]   - Temps calculé: 58090.464467s
[2025-07-07 00:01:49]   - Temps serveur brut: 58091s
[2025-07-07 00:01:49]   - Temps serveur corrigé (-30s): 58121s
[2025-07-07 00:01:49]   - Décalage détecté: -0.5s
[2025-07-07 00:01:49] Challenge Rare Or Commonplace:
[2025-07-07 00:01:49]   - Temps calculé: 70090.460201s
[2025-07-07 00:01:49]   - Temps serveur brut: 70091s
[2025-07-07 00:01:49]   - Temps serveur corrigé (-30s): 70121s
[2025-07-07 00:01:49]   - Décalage détecté: -0.5s
[2025-07-07 00:01:49] Challenge Screen Stars - Epic Mountains:
[2025-07-07 00:01:49]   - Temps calculé: 70990.455907s
[2025-07-07 00:01:49]   - Temps serveur brut: 70991s
[2025-07-07 00:01:49]   - Temps serveur corrigé (-30s): 71021s
[2025-07-07 00:01:49]   - Décalage détecté: -0.5s
[2025-07-07 00:01:49] Challenge Furniture:
[2025-07-07 00:01:49]   - Temps calculé: 93490.451608s
[2025-07-07 00:01:49]   - Temps serveur brut: 179891s
[2025-07-07 00:01:49]   - Temps serveur corrigé (-30s): 179921s
[2025-07-07 00:01:49]   - Décalage détecté: -86400.5s
[2025-07-07 00:01:49] Challenges fetched successfully for bruno!
[2025-07-07 00:06:48] Resynchronisation avec le serveur...
[2025-07-07 00:06:48] Fetching challenges...
[2025-07-07 00:06:49] Challenges fetching ...
[2025-07-07 00:06:49] Challenge Children:
[2025-07-07 00:06:49]   - Temps calculé: 57790.584628s
[2025-07-07 00:06:49]   - Temps serveur brut: 57791s
[2025-07-07 00:06:49]   - Temps serveur corrigé (-30s): 57821s
[2025-07-07 00:06:49]   - Décalage détecté: -0.4s
[2025-07-07 00:06:49] Challenge Rare Or Commonplace:
[2025-07-07 00:06:49]   - Temps calculé: 69790.580147s
[2025-07-07 00:06:49]   - Temps serveur brut: 69791s
[2025-07-07 00:06:49]   - Temps serveur corrigé (-30s): 69821s
[2025-07-07 00:06:49]   - Décalage détecté: -0.4s
[2025-07-07 00:06:49] Challenge Screen Stars - Epic Mountains:
[2025-07-07 00:06:49]   - Temps calculé: 70690.575949s
[2025-07-07 00:06:49]   - Temps serveur brut: 70691s
[2025-07-07 00:06:49]   - Temps serveur corrigé (-30s): 70721s
[2025-07-07 00:06:49]   - Décalage détecté: -0.4s
[2025-07-07 00:06:49] Challenge Furniture:
[2025-07-07 00:06:49]   - Temps calculé: 93190.571575s
[2025-07-07 00:06:49]   - Temps serveur brut: 179591s
[2025-07-07 00:06:49]   - Temps serveur corrigé (-30s): 179621s
[2025-07-07 00:06:49]   - Décalage détecté: -86400.4s
[2025-07-07 00:06:49] Challenges fetched successfully for bruno!
[2025-07-07 00:11:48] Resynchronisation avec le serveur...
[2025-07-07 00:11:48] Fetching challenges...
[2025-07-07 00:11:49] Challenges fetching ...
[2025-07-07 00:11:49] Challenge Children:
[2025-07-07 00:11:49]   - Temps calculé: 57490.416372s
[2025-07-07 00:11:49]   - Temps serveur brut: 57491s
[2025-07-07 00:11:49]   - Temps serveur corrigé (-30s): 57521s
[2025-07-07 00:11:49]   - Décalage détecté: -0.6s
[2025-07-07 00:11:49] Challenge Rare Or Commonplace:
[2025-07-07 00:11:49]   - Temps calculé: 69490.412088s
[2025-07-07 00:11:49]   - Temps serveur brut: 69491s
[2025-07-07 00:11:49]   - Temps serveur corrigé (-30s): 69521s
[2025-07-07 00:11:49]   - Décalage détecté: -0.6s
[2025-07-07 00:11:49] Challenge Screen Stars - Epic Mountains:
[2025-07-07 00:11:49]   - Temps calculé: 70390.406782s
[2025-07-07 00:11:49]   - Temps serveur brut: 70391s
[2025-07-07 00:11:49]   - Temps serveur corrigé (-30s): 70421s
[2025-07-07 00:11:49]   - Décalage détecté: -0.6s
[2025-07-07 00:11:49] Challenge Furniture:
[2025-07-07 00:11:49]   - Temps calculé: 92890.40135s
[2025-07-07 00:11:49]   - Temps serveur brut: 179291s
[2025-07-07 00:11:49]   - Temps serveur corrigé (-30s): 179321s
[2025-07-07 00:11:49]   - Décalage détecté: -86400.6s
[2025-07-07 00:11:49] Challenges fetched successfully for bruno!
[2025-07-07 00:16:48] Resynchronisation avec le serveur...
[2025-07-07 00:16:48] Fetching challenges...
[2025-07-07 00:16:49] Challenges fetching ...
[2025-07-07 00:16:49] Challenge Children:
[2025-07-07 00:16:49]   - Temps calculé: 57190.437388s
[2025-07-07 00:16:49]   - Temps serveur brut: 57191s
[2025-07-07 00:16:49]   - Temps serveur corrigé (-30s): 57221s
[2025-07-07 00:16:49]   - Décalage détecté: -0.6s
[2025-07-07 00:16:49] Challenge Rare Or Commonplace:
[2025-07-07 00:16:49]   - Temps calculé: 69190.433149s
[2025-07-07 00:16:49]   - Temps serveur brut: 69191s
[2025-07-07 00:16:49]   - Temps serveur corrigé (-30s): 69221s
[2025-07-07 00:16:49]   - Décalage détecté: -0.6s
[2025-07-07 00:16:49] Challenge Screen Stars - Epic Mountains:
[2025-07-07 00:16:49]   - Temps calculé: 70090.428249s
[2025-07-07 00:16:49]   - Temps serveur brut: 70091s
[2025-07-07 00:16:49]   - Temps serveur corrigé (-30s): 70121s
[2025-07-07 00:16:49]   - Décalage détecté: -0.6s
[2025-07-07 00:16:49] Challenge Furniture:
[2025-07-07 00:16:49]   - Temps calculé: 92590.424122s
[2025-07-07 00:16:49]   - Temps serveur brut: 178991s
[2025-07-07 00:16:49]   - Temps serveur corrigé (-30s): 179021s
[2025-07-07 00:16:49]   - Décalage détecté: -86400.6s
[2025-07-07 00:16:49] Challenges fetched successfully for bruno!
[2025-07-07 00:21:48] Resynchronisation avec le serveur...
[2025-07-07 00:22:16] Fetching challenges...
[2025-07-07 00:22:16] Fetch initial des challenges pour initialiser le décompte...
[2025-07-07 00:22:16] Fetching challenges...
[2025-07-07 00:22:16] Décompte programmé à 00:23:00
[2025-07-07 00:22:16] APScheduler démarré avec succès
[2025-07-07 00:22:18] Challenges fetching ...
[2025-07-07 00:22:18] Challenge Children:
[2025-07-07 00:22:18]   - Temps calculé: 56861.939598s
[2025-07-07 00:22:18]   - Temps serveur brut: 56863s
[2025-07-07 00:22:18]   - Temps serveur corrigé (-30s): 56893s
[2025-07-07 00:22:18]   - Décalage détecté: -1.1s
[2025-07-07 00:22:18] Challenge Rare Or Commonplace:
[2025-07-07 00:22:18]   - Temps calculé: 68861.935748s
[2025-07-07 00:22:18]   - Temps serveur brut: 68863s
[2025-07-07 00:22:18]   - Temps serveur corrigé (-30s): 68893s
[2025-07-07 00:22:18]   - Décalage détecté: -1.1s
[2025-07-07 00:22:18] Challenge Screen Stars - Epic Mountains:
[2025-07-07 00:22:18]   - Temps calculé: 69761.932135s
[2025-07-07 00:22:18]   - Temps serveur brut: 69763s
[2025-07-07 00:22:18]   - Temps serveur corrigé (-30s): 69793s
[2025-07-07 00:22:18]   - Décalage détecté: -1.1s
[2025-07-07 00:22:18] Challenge Furniture:
[2025-07-07 00:22:18]   - Temps calculé: 92261.928291s
[2025-07-07 00:22:18]   - Temps serveur brut: 178663s
[2025-07-07 00:22:18]   - Temps serveur corrigé (-30s): 178693s
[2025-07-07 00:22:18]   - Décalage détecté: -86401.1s
[2025-07-07 00:22:18] Lancement automatique des stratégies de fin pour 4 nouveaux challenges...
[2025-07-07 00:22:18] Nouveau challenge détecté pour bruno: Children
[2025-07-07 00:22:18] Nouveau challenge détecté pour bruno: Rare Or Commonplace
[2025-07-07 00:22:18] Nouveau challenge détecté pour bruno: Screen Stars - Epic Mountains
[2025-07-07 00:22:18] Nouveau challenge détecté pour bruno: Furniture
[2025-07-07 00:22:18] Challenges fetched successfully for bruno!
[2025-07-07 00:22:18] Challenges fetching ...
[2025-07-07 00:22:18] Challenge Children:
[2025-07-07 00:22:18]   - Temps calculé: 56861.844536s
[2025-07-07 00:22:18]   - Temps serveur brut: 56863s
[2025-07-07 00:22:18]   - Temps serveur corrigé (-30s): 56893s
[2025-07-07 00:22:18]   - Décalage détecté: -1.2s
[2025-07-07 00:22:18] Challenge Rare Or Commonplace:
[2025-07-07 00:22:18]   - Temps calculé: 68861.840603s
[2025-07-07 00:22:18]   - Temps serveur brut: 68863s
[2025-07-07 00:22:18]   - Temps serveur corrigé (-30s): 68893s
[2025-07-07 00:22:18]   - Décalage détecté: -1.2s
[2025-07-07 00:22:18] Challenge Screen Stars - Epic Mountains:
[2025-07-07 00:22:18]   - Temps calculé: 69761.836654s
[2025-07-07 00:22:18]   - Temps serveur brut: 69763s
[2025-07-07 00:22:18]   - Temps serveur corrigé (-30s): 69793s
[2025-07-07 00:22:18]   - Décalage détecté: -1.2s
[2025-07-07 00:22:18] Challenge Furniture:
[2025-07-07 00:22:18]   - Temps calculé: 92261.832392s
[2025-07-07 00:22:18]   - Temps serveur brut: 178663s
[2025-07-07 00:22:18]   - Temps serveur corrigé (-30s): 178693s
[2025-07-07 00:22:18]   - Décalage détecté: -86401.2s
[2025-07-07 00:22:18] Challenges fetched successfully for bruno!
[2025-07-07 00:22:21] Stratégie chargée: end4 - Stratégie conservative - 4m - votes répartis
[2025-07-07 00:22:21] Stratégie chargée: end3 - Stratégie conservative - 3m - votes répartis
[2025-07-07 00:22:21] Total: 2 stratégies de timing chargées
[2025-07-07 00:22:43] === Application de la stratégie 'end4' ===
[2025-07-07 00:22:43] Description: Stratégie conservative - 4m - votes répartis
[2025-07-07 00:22:43] 
--- Challenge: Furniture ---
[2025-07-07 00:22:43] Fin du challenge: 08/07/2025, 02:00
[2025-07-07 00:22:43] Stratégie chargée: end4 - Stratégie conservative - 4m - votes répartis
[2025-07-07 00:22:43] Stratégie chargée: end3 - Stratégie conservative - 3m - votes répartis
[2025-07-07 00:22:43] Total: 2 stratégies de timing chargées
[2025-07-07 00:22:43] Application de la stratégie 'end4': Stratégie conservative - 4m - votes répartis
[2025-07-07 00:22:43] Calcul timing relatif:
[2025-07-07 00:22:43]   - Fin du challenge: 08/07/2025 02:00:00
[2025-07-07 00:22:43]   - Offset: -4m0s (240s)
[2025-07-07 00:22:43]   - Déclenchement: 08/07/2025 01:56:00
[2025-07-07 00:22:43] Vote programmé: Vote sur Furniture à end-4m0s
[2025-07-07 00:22:43]   - Challenge: Furniture
[2025-07-07 00:22:43]   - Heure de déclenchement: 08/07/2025 01:56:00
[2025-07-07 00:22:43]   - Votes: 70
[2025-07-07 00:22:43]   - ID tâche: vote_103593_end-4m0s_20250707_002243
[2025-07-07 00:22:43] Calcul timing relatif:
[2025-07-07 00:22:43]   - Fin du challenge: 08/07/2025 02:00:00
[2025-07-07 00:22:44]   - Offset: -3m0s (180s)
[2025-07-07 00:22:44]   - Déclenchement: 08/07/2025 01:57:00
[2025-07-07 00:22:44] Vote programmé: Vote sur Furniture à end-3m0s
[2025-07-07 00:22:44]   - Challenge: Furniture
[2025-07-07 00:22:44]   - Heure de déclenchement: 08/07/2025 01:57:00
[2025-07-07 00:22:44]   - Votes: 40
[2025-07-07 00:22:44]   - ID tâche: vote_103593_end-3m0s_20250707_002244
[2025-07-07 00:22:44] Calcul timing relatif:
[2025-07-07 00:22:44]   - Fin du challenge: 08/07/2025 02:00:00
[2025-07-07 00:22:44]   - Offset: -2m0s (120s)
[2025-07-07 00:22:44]   - Déclenchement: 08/07/2025 01:58:00
[2025-07-07 00:22:44] Vote programmé: Vote sur Furniture à end-2m0s
[2025-07-07 00:22:44]   - Challenge: Furniture
[2025-07-07 00:22:44]   - Heure de déclenchement: 08/07/2025 01:58:00
[2025-07-07 00:22:44]   - Votes: 40
[2025-07-07 00:22:44]   - ID tâche: vote_103593_end-2m0s_20250707_002244
[2025-07-07 00:22:44] Calcul timing relatif:
[2025-07-07 00:22:44]   - Fin du challenge: 08/07/2025 02:00:00
[2025-07-07 00:22:44]   - Offset: -2m0s (120s)
[2025-07-07 00:22:44]   - Déclenchement: 08/07/2025 01:58:00
[2025-07-07 00:22:44] Vote programmé: Vote sur Furniture à end-2m0s
[2025-07-07 00:22:44]   - Challenge: Furniture
[2025-07-07 00:22:44]   - Heure de déclenchement: 08/07/2025 01:58:00
[2025-07-07 00:22:44]   - Votes: 40
[2025-07-07 00:22:44]   - ID tâche: vote_103593_end-2m0s_20250707_002244
[2025-07-07 00:22:44] Calcul timing relatif:
[2025-07-07 00:22:44]   - Fin du challenge: 08/07/2025 02:00:00
[2025-07-07 00:22:44]   - Offset: -0m30s (30s)
[2025-07-07 00:22:44]   - Déclenchement: 08/07/2025 01:59:30
[2025-07-07 00:22:44] Vote programmé: Vote sur Furniture à end-0m30s
[2025-07-07 00:22:44]   - Challenge: Furniture
[2025-07-07 00:22:44]   - Heure de déclenchement: 08/07/2025 01:59:30
[2025-07-07 00:22:44]   - Votes: 20
[2025-07-07 00:22:44]   - ID tâche: vote_103593_end-0m30s_20250707_002244
[2025-07-07 00:22:44] Stratégie programmée: 5/5 votes pour Furniture
[2025-07-07 00:22:44] Stratégie 'end4' appliquée avec succès à Furniture
[2025-07-07 00:22:44] Calcul timing relatif:
[2025-07-07 00:22:44]   - Fin du challenge: 08/07/2025 02:00:00
[2025-07-07 00:22:44]   - Offset: -4m0s (240s)
[2025-07-07 00:22:44]   - Déclenchement: 08/07/2025 01:56:00
[2025-07-07 00:22:44] Calcul timing relatif:
[2025-07-07 00:22:44]   - Fin du challenge: 08/07/2025 02:00:00
[2025-07-07 00:22:44]   - Offset: -3m0s (180s)
[2025-07-07 00:22:44]   - Déclenchement: 08/07/2025 01:57:00
[2025-07-07 00:22:44] Calcul timing relatif:
[2025-07-07 00:22:44]   - Fin du challenge: 08/07/2025 02:00:00
[2025-07-07 00:22:44]   - Offset: -2m0s (120s)
[2025-07-07 00:22:44]   - Déclenchement: 08/07/2025 01:58:00
[2025-07-07 00:22:44] Calcul timing relatif:
[2025-07-07 00:22:44]   - Fin du challenge: 08/07/2025 02:00:00
[2025-07-07 00:22:44]   - Offset: -2m0s (120s)
[2025-07-07 00:22:44]   - Déclenchement: 08/07/2025 01:58:00
[2025-07-07 00:22:44] Calcul timing relatif:
[2025-07-07 00:22:44]   - Fin du challenge: 08/07/2025 02:00:00
[2025-07-07 00:22:44]   - Offset: -0m30s (30s)
[2025-07-07 00:22:44]   - Déclenchement: 08/07/2025 01:59:30
[2025-07-07 00:22:44] Application de la stratégie 'end4' pour les challenges sélectionnés:
✅ Furniture - Stratégie programmée
   • 70 votes à 01:56:00 (end-4m0s)
   • 40 votes à 01:57:00 (end-3m0s)
   • 40 votes à 01:58:00 (end-2m0s)
   • 40 votes à 01:58:00 (end-2m0s)
   • 20 votes à 01:59:30 (end-0m30s)

[2025-07-07 00:22:44] Tâches programmées:
[2025-07-07 00:22:44]   - Démarrage du décompte au changement de minute (ID: initial_countdown) - Prochaine exécution: 2025-07-07 00:23:00
[2025-07-07 00:22:44]   - Vérification des processus bloqués (ID: check_stalled_processes) - Prochaine exécution: 2025-07-07 00:23:16
[2025-07-07 00:22:44]   - Suppression des challenges fermés (ID: purge_closed_challenges) - Prochaine exécution: 2025-07-07 00:27:16
[2025-07-07 00:22:44]   - Synchronisation avec le serveur (ID: server_sync) - Prochaine exécution: 2025-07-07 00:27:16
[2025-07-07 00:22:44]   - Vote sur Furniture à end-4m0s (ID: vote_103593_end-4m0s_20250707_002243) - Prochaine exécution: 2025-07-08 01:56:00
[2025-07-07 00:22:44]   - Vote sur Furniture à end-3m0s (ID: vote_103593_end-3m0s_20250707_002244) - Prochaine exécution: 2025-07-08 01:57:00
[2025-07-07 00:22:44]   - Vote sur Furniture à end-2m0s (ID: vote_103593_end-2m0s_20250707_002244) - Prochaine exécution: 2025-07-08 01:58:00
[2025-07-07 00:22:44]   - Vote sur Furniture à end-0m30s (ID: vote_103593_end-0m30s_20250707_002244) - Prochaine exécution: 2025-07-08 01:59:30
[2025-07-07 00:22:52] === STRATÉGIES ET JOBS EN COURS ===

📅 JOBS APSCHEDULER PROGRAMMÉS:
--------------------------------------------------
📊 Système | Démarrage du décompte au changement de minute
   ID: initial_countdown
   Prochaine exécution: 07/07/2025 00:23:00

🔍 Nettoyage | Vérification des processus bloqués
   ID: check_stalled_processes
   Prochaine exécution: 07/07/2025 00:23:16

🗑️ Purge | Suppression des challenges fermés
   ID: purge_closed_challenges
   Prochaine exécution: 07/07/2025 00:27:16

🔄 Sync | Synchronisation avec le serveur
   ID: server_sync
   Prochaine exécution: 07/07/2025 00:27:16

🗳️ Vote | Vote sur Furniture à end-4m0s
   ID: vote_103593_end-4m0s_20250707_002243
   Prochaine exécution: 08/07/2025 01:56:00

🗳️ Vote | Vote sur Furniture à end-3m0s
   ID: vote_103593_end-3m0s_20250707_002244
   Prochaine exécution: 08/07/2025 01:57:00

🗳️ Vote | Vote sur Furniture à end-2m0s
   ID: vote_103593_end-2m0s_20250707_002244
   Prochaine exécution: 08/07/2025 01:58:00

🗳️ Vote | Vote sur Furniture à end-0m30s
   ID: vote_103593_end-0m30s_20250707_002244
   Prochaine exécution: 08/07/2025 01:59:30

⚙️ PROCESSUS LEGACY:
--------------------------------------------------
Aucun processus legacy en cours.

============================================================

[2025-07-07 00:22:57] === STRATÉGIES ET JOBS EN COURS ===

📅 JOBS APSCHEDULER PROGRAMMÉS:
--------------------------------------------------
📊 Système | Démarrage du décompte au changement de minute
   ID: initial_countdown
   Prochaine exécution: 07/07/2025 00:23:00

🔍 Nettoyage | Vérification des processus bloqués
   ID: check_stalled_processes
   Prochaine exécution: 07/07/2025 00:23:16

🗑️ Purge | Suppression des challenges fermés
   ID: purge_closed_challenges
   Prochaine exécution: 07/07/2025 00:27:16

🔄 Sync | Synchronisation avec le serveur
   ID: server_sync
   Prochaine exécution: 07/07/2025 00:27:16

🗳️ Vote | Vote sur Furniture à end-4m0s
   ID: vote_103593_end-4m0s_20250707_002243
   Prochaine exécution: 08/07/2025 01:56:00

🗳️ Vote | Vote sur Furniture à end-3m0s
   ID: vote_103593_end-3m0s_20250707_002244
   Prochaine exécution: 08/07/2025 01:57:00

🗳️ Vote | Vote sur Furniture à end-2m0s
   ID: vote_103593_end-2m0s_20250707_002244
   Prochaine exécution: 08/07/2025 01:58:00

🗳️ Vote | Vote sur Furniture à end-0m30s
   ID: vote_103593_end-0m30s_20250707_002244
   Prochaine exécution: 08/07/2025 01:59:30

⚙️ PROCESSUS LEGACY:
--------------------------------------------------
Aucun processus legacy en cours.

============================================================

[2025-07-07 00:23:00] Décompte local démarré - mise à jour toutes les 10 secondes
[2025-07-07 00:24:52]    🗑️ ⏱️ Décompte supprimé: Mise à jour du décompte local
[2025-07-07 00:24:52]    🗑️ 🔍 Nettoyage supprimé: Vérification des processus bloqués
[2025-07-07 00:24:52]    🗑️ 🗑️ Purge supprimé: Suppression des challenges fermés
[2025-07-07 00:24:52]    🗑️ 🔄 Sync supprimé: Synchronisation avec le serveur
[2025-07-07 00:24:52]    🗑️ 🗳️ Vote supprimé: Vote sur Furniture à end-4m0s
[2025-07-07 00:24:52]    🗑️ 🗳️ Vote supprimé: Vote sur Furniture à end-3m0s
[2025-07-07 00:24:52]    🗑️ 🗳️ Vote supprimé: Vote sur Furniture à end-2m0s
[2025-07-07 00:24:52]    🗑️ 🗳️ Vote supprimé: Vote sur Furniture à end-0m30s
[2025-07-07 00:24:52]    ✅ Décompte restauré
[2025-07-07 00:24:52]    ✅ Sync serveur restauré
[2025-07-07 00:24:52]    ✅ Nettoyage processus restauré
[2025-07-07 00:24:52]    ✅ Purge challenges restauré
[2025-07-07 00:24:52] === 🛑 NETTOYAGE COMPLET DES JOBS ===

🗑️ Suppression de TOUS les jobs en cours...
✅ APScheduler reste actif pour de nouveaux jobs

🗑️ Jobs APScheduler supprimés: 8
🔄 Processus legacy arrêtés: 0

🔄 Jobs système essentiels restaurés: 4

📊 RÉSUMÉ FINAL:
   • Jobs supprimés: 8
   • Processus legacy arrêtés: 0
   • Jobs système restaurés: 4

✅ NETTOYAGE TERMINÉ !
🎯 Tous les votes ont été annulés
⚡ APScheduler opérationnel pour de nouvelles stratégies

[2025-07-07 00:24:58] === STRATÉGIES ET JOBS EN COURS ===

📅 JOBS APSCHEDULER PROGRAMMÉS:
--------------------------------------------------
⏱️ Décompte | Mise à jour du décompte local
   ID: countdown_refresh
   Prochaine exécution: 07/07/2025 00:25:02

🔍 Nettoyage | Vérification des processus bloqués
   ID: check_stalled_processes
   Prochaine exécution: 07/07/2025 00:25:52

🔄 Sync | Synchronisation avec le serveur
   ID: server_sync
   Prochaine exécution: 07/07/2025 00:29:52

🗑️ Purge | Suppression des challenges fermés
   ID: purge_closed_challenges
   Prochaine exécution: 07/07/2025 00:29:52

⚙️ PROCESSUS LEGACY:
--------------------------------------------------
Aucun processus legacy en cours.

============================================================

[2025-07-07 00:25:26] Stratégie chargée: end4 - Stratégie conservative - 4m - votes répartis
[2025-07-07 00:25:26] Stratégie chargée: end3 - Stratégie conservative - 3m - votes répartis
[2025-07-07 00:25:26] Total: 2 stratégies de timing chargées
[2025-07-07 00:25:28] === Application de la stratégie 'end4' ===
[2025-07-07 00:25:28] Description: Stratégie conservative - 4m - votes répartis
[2025-07-07 00:25:28] 
--- Challenge: Furniture ---
[2025-07-07 00:25:28] Fin du challenge: 08/07/2025, 02:00
[2025-07-07 00:25:28] Stratégie chargée: end4 - Stratégie conservative - 4m - votes répartis
[2025-07-07 00:25:28] Stratégie chargée: end3 - Stratégie conservative - 3m - votes répartis
[2025-07-07 00:25:28] Total: 2 stratégies de timing chargées
[2025-07-07 00:25:28] Application de la stratégie 'end4': Stratégie conservative - 4m - votes répartis
[2025-07-07 00:25:28] Calcul timing relatif:
[2025-07-07 00:25:28]   - Fin du challenge: 08/07/2025 02:00:00
[2025-07-07 00:25:28]   - Offset: -4m0s (240s)
[2025-07-07 00:25:28]   - Déclenchement: 08/07/2025 01:56:00
[2025-07-07 00:25:28] Vote programmé: Vote sur Furniture à end-4m0s
[2025-07-07 00:25:28]   - Challenge: Furniture
[2025-07-07 00:25:28]   - Heure de déclenchement: 08/07/2025 01:56:00
[2025-07-07 00:25:28]   - Votes: 70
[2025-07-07 00:25:28]   - ID tâche: vote_103593_end-4m0s_20250707_002528
[2025-07-07 00:25:28] Calcul timing relatif:
[2025-07-07 00:25:28]   - Fin du challenge: 08/07/2025 02:00:00
[2025-07-07 00:25:28]   - Offset: -3m0s (180s)
[2025-07-07 00:25:28]   - Déclenchement: 08/07/2025 01:57:00
[2025-07-07 00:25:28] Vote programmé: Vote sur Furniture à end-3m0s
[2025-07-07 00:25:28]   - Challenge: Furniture
[2025-07-07 00:25:28]   - Heure de déclenchement: 08/07/2025 01:57:00
[2025-07-07 00:25:28]   - Votes: 40
[2025-07-07 00:25:28]   - ID tâche: vote_103593_end-3m0s_20250707_002528
[2025-07-07 00:25:28] Calcul timing relatif:
[2025-07-07 00:25:28]   - Fin du challenge: 08/07/2025 02:00:00
[2025-07-07 00:25:28]   - Offset: -2m0s (120s)
[2025-07-07 00:25:28]   - Déclenchement: 08/07/2025 01:58:00
[2025-07-07 00:25:28] Vote programmé: Vote sur Furniture à end-2m0s
[2025-07-07 00:25:28]   - Challenge: Furniture
[2025-07-07 00:25:28]   - Heure de déclenchement: 08/07/2025 01:58:00
[2025-07-07 00:25:28]   - Votes: 40
[2025-07-07 00:25:28]   - ID tâche: vote_103593_end-2m0s_20250707_002528
[2025-07-07 00:25:28] Calcul timing relatif:
[2025-07-07 00:25:28]   - Fin du challenge: 08/07/2025 02:00:00
[2025-07-07 00:25:28]   - Offset: -2m0s (120s)
[2025-07-07 00:25:28]   - Déclenchement: 08/07/2025 01:58:00
[2025-07-07 00:25:28] Vote programmé: Vote sur Furniture à end-2m0s
[2025-07-07 00:25:28]   - Challenge: Furniture
[2025-07-07 00:25:28]   - Heure de déclenchement: 08/07/2025 01:58:00
[2025-07-07 00:25:28]   - Votes: 40
[2025-07-07 00:25:28]   - ID tâche: vote_103593_end-2m0s_20250707_002528
[2025-07-07 00:25:28] Calcul timing relatif:
[2025-07-07 00:25:28]   - Fin du challenge: 08/07/2025 02:00:00
[2025-07-07 00:25:28]   - Offset: -0m30s (30s)
[2025-07-07 00:25:28]   - Déclenchement: 08/07/2025 01:59:30
[2025-07-07 00:25:28] Vote programmé: Vote sur Furniture à end-0m30s
[2025-07-07 00:25:28]   - Challenge: Furniture
[2025-07-07 00:25:28]   - Heure de déclenchement: 08/07/2025 01:59:30
[2025-07-07 00:25:28]   - Votes: 20
[2025-07-07 00:25:28]   - ID tâche: vote_103593_end-0m30s_20250707_002528
[2025-07-07 00:25:28] Stratégie programmée: 5/5 votes pour Furniture
[2025-07-07 00:25:28] Stratégie 'end4' appliquée avec succès à Furniture
[2025-07-07 00:25:28] Calcul timing relatif:
[2025-07-07 00:25:28]   - Fin du challenge: 08/07/2025 02:00:00
[2025-07-07 00:25:28]   - Offset: -4m0s (240s)
[2025-07-07 00:25:28]   - Déclenchement: 08/07/2025 01:56:00
[2025-07-07 00:25:28] Calcul timing relatif:
[2025-07-07 00:25:28]   - Fin du challenge: 08/07/2025 02:00:00
[2025-07-07 00:25:28]   - Offset: -3m0s (180s)
[2025-07-07 00:25:28]   - Déclenchement: 08/07/2025 01:57:00
[2025-07-07 00:25:28] Calcul timing relatif:
[2025-07-07 00:25:28]   - Fin du challenge: 08/07/2025 02:00:00
[2025-07-07 00:25:28]   - Offset: -2m0s (120s)
[2025-07-07 00:25:28]   - Déclenchement: 08/07/2025 01:58:00
[2025-07-07 00:25:28] Calcul timing relatif:
[2025-07-07 00:25:28]   - Fin du challenge: 08/07/2025 02:00:00
[2025-07-07 00:25:28]   - Offset: -2m0s (120s)
[2025-07-07 00:25:28]   - Déclenchement: 08/07/2025 01:58:00
[2025-07-07 00:25:28] Calcul timing relatif:
[2025-07-07 00:25:28]   - Fin du challenge: 08/07/2025 02:00:00
[2025-07-07 00:25:28]   - Offset: -0m30s (30s)
[2025-07-07 00:25:28]   - Déclenchement: 08/07/2025 01:59:30
[2025-07-07 00:25:28] 
--- Challenge: Screen Stars - Epic Mountains ---
[2025-07-07 00:25:28] Fin du challenge: 07/07/2025, 19:45
[2025-07-07 00:25:28] Stratégie chargée: end4 - Stratégie conservative - 4m - votes répartis
[2025-07-07 00:25:28] Stratégie chargée: end3 - Stratégie conservative - 3m - votes répartis
[2025-07-07 00:25:28] Total: 2 stratégies de timing chargées
[2025-07-07 00:25:28] Application de la stratégie 'end4': Stratégie conservative - 4m - votes répartis
[2025-07-07 00:25:28] Calcul timing relatif:
[2025-07-07 00:25:28]   - Fin du challenge: 07/07/2025 19:45:00
[2025-07-07 00:25:28]   - Offset: -4m0s (240s)
[2025-07-07 00:25:28]   - Déclenchement: 07/07/2025 19:41:00
[2025-07-07 00:25:28] Vote programmé: Vote sur Screen Stars - Epic Mountains à end-4m0s
[2025-07-07 00:25:28]   - Challenge: Screen Stars - Epic Mountains
[2025-07-07 00:25:28]   - Heure de déclenchement: 07/07/2025 19:41:00
[2025-07-07 00:25:28]   - Votes: 70
[2025-07-07 00:25:28]   - ID tâche: vote_104076_end-4m0s_20250707_002528
[2025-07-07 00:25:28] Calcul timing relatif:
[2025-07-07 00:25:28]   - Fin du challenge: 07/07/2025 19:45:00
[2025-07-07 00:25:28]   - Offset: -3m0s (180s)
[2025-07-07 00:25:28]   - Déclenchement: 07/07/2025 19:42:00
[2025-07-07 00:25:28] Vote programmé: Vote sur Screen Stars - Epic Mountains à end-3m0s
[2025-07-07 00:25:28]   - Challenge: Screen Stars - Epic Mountains
[2025-07-07 00:25:28]   - Heure de déclenchement: 07/07/2025 19:42:00
[2025-07-07 00:25:28]   - Votes: 40
[2025-07-07 00:25:28]   - ID tâche: vote_104076_end-3m0s_20250707_002528
[2025-07-07 00:25:28] Calcul timing relatif:
[2025-07-07 00:25:28]   - Fin du challenge: 07/07/2025 19:45:00
[2025-07-07 00:25:28]   - Offset: -2m0s (120s)
[2025-07-07 00:25:28]   - Déclenchement: 07/07/2025 19:43:00
[2025-07-07 00:25:28] Vote programmé: Vote sur Screen Stars - Epic Mountains à end-2m0s
[2025-07-07 00:25:28]   - Challenge: Screen Stars - Epic Mountains
[2025-07-07 00:25:28]   - Heure de déclenchement: 07/07/2025 19:43:00
[2025-07-07 00:25:28]   - Votes: 40
[2025-07-07 00:25:28]   - ID tâche: vote_104076_end-2m0s_20250707_002528
[2025-07-07 00:25:28] Calcul timing relatif:
[2025-07-07 00:25:28]   - Fin du challenge: 07/07/2025 19:45:00
[2025-07-07 00:25:28]   - Offset: -2m0s (120s)
[2025-07-07 00:25:28]   - Déclenchement: 07/07/2025 19:43:00
[2025-07-07 00:25:28] Vote programmé: Vote sur Screen Stars - Epic Mountains à end-2m0s
[2025-07-07 00:25:28]   - Challenge: Screen Stars - Epic Mountains
[2025-07-07 00:25:28]   - Heure de déclenchement: 07/07/2025 19:43:00
[2025-07-07 00:25:28]   - Votes: 40
[2025-07-07 00:25:28]   - ID tâche: vote_104076_end-2m0s_20250707_002528
[2025-07-07 00:25:28] Calcul timing relatif:
[2025-07-07 00:25:28]   - Fin du challenge: 07/07/2025 19:45:00
[2025-07-07 00:25:28]   - Offset: -0m30s (30s)
[2025-07-07 00:25:28]   - Déclenchement: 07/07/2025 19:44:30
[2025-07-07 00:25:28] Vote programmé: Vote sur Screen Stars - Epic Mountains à end-0m30s
[2025-07-07 00:25:28]   - Challenge: Screen Stars - Epic Mountains
[2025-07-07 00:25:28]   - Heure de déclenchement: 07/07/2025 19:44:30
[2025-07-07 00:25:28]   - Votes: 20
[2025-07-07 00:25:28]   - ID tâche: vote_104076_end-0m30s_20250707_002528
[2025-07-07 00:25:28] Stratégie programmée: 5/5 votes pour Screen Stars - Epic Mountains
[2025-07-07 00:25:28] Stratégie 'end4' appliquée avec succès à Screen Stars - Epic Mountains
[2025-07-07 00:25:28] Calcul timing relatif:
[2025-07-07 00:25:28]   - Fin du challenge: 07/07/2025 19:45:00
[2025-07-07 00:25:28]   - Offset: -4m0s (240s)
[2025-07-07 00:25:28]   - Déclenchement: 07/07/2025 19:41:00
[2025-07-07 00:25:28] Calcul timing relatif:
[2025-07-07 00:25:28]   - Fin du challenge: 07/07/2025 19:45:00
[2025-07-07 00:25:28]   - Offset: -3m0s (180s)
[2025-07-07 00:25:28]   - Déclenchement: 07/07/2025 19:42:00
[2025-07-07 00:25:28] Calcul timing relatif:
[2025-07-07 00:25:28]   - Fin du challenge: 07/07/2025 19:45:00
[2025-07-07 00:25:28]   - Offset: -2m0s (120s)
[2025-07-07 00:25:28]   - Déclenchement: 07/07/2025 19:43:00
[2025-07-07 00:25:28] Calcul timing relatif:
[2025-07-07 00:25:28]   - Fin du challenge: 07/07/2025 19:45:00
[2025-07-07 00:25:28]   - Offset: -2m0s (120s)
[2025-07-07 00:25:28]   - Déclenchement: 07/07/2025 19:43:00
[2025-07-07 00:25:28] Calcul timing relatif:
[2025-07-07 00:25:28]   - Fin du challenge: 07/07/2025 19:45:00
[2025-07-07 00:25:28]   - Offset: -0m30s (30s)
[2025-07-07 00:25:28]   - Déclenchement: 07/07/2025 19:44:30
[2025-07-07 00:25:28] Application de la stratégie 'end4' pour les challenges sélectionnés:
✅ Furniture - Stratégie programmée
   • 70 votes à 01:56:00 (end-4m0s)
   • 40 votes à 01:57:00 (end-3m0s)
   • 40 votes à 01:58:00 (end-2m0s)
   • 40 votes à 01:58:00 (end-2m0s)
   • 20 votes à 01:59:30 (end-0m30s)
✅ Screen Stars - Epic Mountains - Stratégie programmée
   • 70 votes à 19:41:00 (end-4m0s)
   • 40 votes à 19:42:00 (end-3m0s)
   • 40 votes à 19:43:00 (end-2m0s)
   • 40 votes à 19:43:00 (end-2m0s)
   • 20 votes à 19:44:30 (end-0m30s)

[2025-07-07 00:25:28] Tâches programmées:
[2025-07-07 00:25:28]   - Mise à jour du décompte local (ID: countdown_refresh) - Prochaine exécution: 2025-07-07 00:25:32
[2025-07-07 00:25:28]   - Vérification des processus bloqués (ID: check_stalled_processes) - Prochaine exécution: 2025-07-07 00:25:52
[2025-07-07 00:25:28]   - Synchronisation avec le serveur (ID: server_sync) - Prochaine exécution: 2025-07-07 00:29:52
[2025-07-07 00:25:28]   - Suppression des challenges fermés (ID: purge_closed_challenges) - Prochaine exécution: 2025-07-07 00:29:52
[2025-07-07 00:25:28]   - Vote sur Screen Stars - Epic Mountains à end-4m0s (ID: vote_104076_end-4m0s_20250707_002528) - Prochaine exécution: 2025-07-07 19:41:00
[2025-07-07 00:25:28]   - Vote sur Screen Stars - Epic Mountains à end-3m0s (ID: vote_104076_end-3m0s_20250707_002528) - Prochaine exécution: 2025-07-07 19:42:00
[2025-07-07 00:25:28]   - Vote sur Screen Stars - Epic Mountains à end-2m0s (ID: vote_104076_end-2m0s_20250707_002528) - Prochaine exécution: 2025-07-07 19:43:00
[2025-07-07 00:25:28]   - Vote sur Screen Stars - Epic Mountains à end-0m30s (ID: vote_104076_end-0m30s_20250707_002528) - Prochaine exécution: 2025-07-07 19:44:30
[2025-07-07 00:25:28]   - Vote sur Furniture à end-4m0s (ID: vote_103593_end-4m0s_20250707_002528) - Prochaine exécution: 2025-07-08 01:56:00
[2025-07-07 00:25:28]   - Vote sur Furniture à end-3m0s (ID: vote_103593_end-3m0s_20250707_002528) - Prochaine exécution: 2025-07-08 01:57:00
[2025-07-07 00:25:28]   - Vote sur Furniture à end-2m0s (ID: vote_103593_end-2m0s_20250707_002528) - Prochaine exécution: 2025-07-08 01:58:00
[2025-07-07 00:25:28]   - Vote sur Furniture à end-0m30s (ID: vote_103593_end-0m30s_20250707_002528) - Prochaine exécution: 2025-07-08 01:59:30
[2025-07-07 00:28:40] Stratégie chargée: end4 - Stratégie conservative - 4m - votes répartis
[2025-07-07 00:28:40] Stratégie chargée: end3 - Stratégie conservative - 3m - votes répartis
[2025-07-07 00:28:40] Total: 2 stratégies de timing chargées
[2025-07-07 00:28:53] === Application de la stratégie 'end4' ===
[2025-07-07 00:28:53] Description: Stratégie conservative - 4m - votes répartis
[2025-07-07 00:28:53] 
--- Challenge: Children ---
[2025-07-07 00:28:53] Fin du challenge: 07/07/2025, 16:10
[2025-07-07 00:28:53] Stratégie chargée: end4 - Stratégie conservative - 4m - votes répartis
[2025-07-07 00:28:53] Stratégie chargée: end3 - Stratégie conservative - 3m - votes répartis
[2025-07-07 00:28:53] Total: 2 stratégies de timing chargées
[2025-07-07 00:28:53] Application de la stratégie 'end4': Stratégie conservative - 4m - votes répartis
[2025-07-07 00:28:53] Calcul timing relatif:
[2025-07-07 00:28:53]   - Fin du challenge: 07/07/2025 16:10:00
[2025-07-07 00:28:53]   - Offset: -4m0s (240s)
[2025-07-07 00:28:53]   - Déclenchement: 07/07/2025 16:06:00
[2025-07-07 00:28:53] Vote programmé: Vote sur Children à end-4m0s
[2025-07-07 00:28:53]   - Challenge: Children
[2025-07-07 00:28:53]   - Heure de déclenchement: 07/07/2025 16:06:00
[2025-07-07 00:28:53]   - Votes: 70
[2025-07-07 00:28:53]   - ID tâche: vote_103556_end-4m0s_20250707_002853
[2025-07-07 00:28:53] Calcul timing relatif:
[2025-07-07 00:28:53]   - Fin du challenge: 07/07/2025 16:10:00
[2025-07-07 00:28:53]   - Offset: -3m0s (180s)
[2025-07-07 00:28:53]   - Déclenchement: 07/07/2025 16:07:00
[2025-07-07 00:28:53] Vote programmé: Vote sur Children à end-3m0s
[2025-07-07 00:28:53]   - Challenge: Children
[2025-07-07 00:28:53]   - Heure de déclenchement: 07/07/2025 16:07:00
[2025-07-07 00:28:53]   - Votes: 40
[2025-07-07 00:28:53]   - ID tâche: vote_103556_end-3m0s_20250707_002853
[2025-07-07 00:28:53] Calcul timing relatif:
[2025-07-07 00:28:53]   - Fin du challenge: 07/07/2025 16:10:00
[2025-07-07 00:28:53]   - Offset: -2m0s (120s)
[2025-07-07 00:28:53]   - Déclenchement: 07/07/2025 16:08:00
[2025-07-07 00:28:53] Vote programmé: Vote sur Children à end-2m0s
[2025-07-07 00:28:53]   - Challenge: Children
[2025-07-07 00:28:53]   - Heure de déclenchement: 07/07/2025 16:08:00
[2025-07-07 00:28:53]   - Votes: 40
[2025-07-07 00:28:53]   - ID tâche: vote_103556_end-2m0s_20250707_002853
[2025-07-07 00:28:53] Calcul timing relatif:
[2025-07-07 00:28:53]   - Fin du challenge: 07/07/2025 16:10:00
[2025-07-07 00:28:53]   - Offset: -2m0s (120s)
[2025-07-07 00:28:53]   - Déclenchement: 07/07/2025 16:08:00
[2025-07-07 00:28:53] Vote programmé: Vote sur Children à end-2m0s
[2025-07-07 00:28:53]   - Challenge: Children
[2025-07-07 00:28:53]   - Heure de déclenchement: 07/07/2025 16:08:00
[2025-07-07 00:28:53]   - Votes: 40
[2025-07-07 00:28:53]   - ID tâche: vote_103556_end-2m0s_20250707_002853
[2025-07-07 00:28:53] Calcul timing relatif:
[2025-07-07 00:28:53]   - Fin du challenge: 07/07/2025 16:10:00
[2025-07-07 00:28:53]   - Offset: -0m30s (30s)
[2025-07-07 00:28:53]   - Déclenchement: 07/07/2025 16:09:30
[2025-07-07 00:28:53] Vote programmé: Vote sur Children à end-0m30s
[2025-07-07 00:28:53]   - Challenge: Children
[2025-07-07 00:28:53]   - Heure de déclenchement: 07/07/2025 16:09:30
[2025-07-07 00:28:53]   - Votes: 20
[2025-07-07 00:28:53]   - ID tâche: vote_103556_end-0m30s_20250707_002853
[2025-07-07 00:28:53] Stratégie programmée: 5/5 votes pour Children
[2025-07-07 00:28:53] Stratégie 'end4' appliquée avec succès à Children
[2025-07-07 00:28:53] Calcul timing relatif:
[2025-07-07 00:28:53]   - Fin du challenge: 07/07/2025 16:10:00
[2025-07-07 00:28:53]   - Offset: -4m0s (240s)
[2025-07-07 00:28:53]   - Déclenchement: 07/07/2025 16:06:00
[2025-07-07 00:28:53] Calcul timing relatif:
[2025-07-07 00:28:53]   - Fin du challenge: 07/07/2025 16:10:00
[2025-07-07 00:28:53]   - Offset: -3m0s (180s)
[2025-07-07 00:28:53]   - Déclenchement: 07/07/2025 16:07:00
[2025-07-07 00:28:53] Calcul timing relatif:
[2025-07-07 00:28:53]   - Fin du challenge: 07/07/2025 16:10:00
[2025-07-07 00:28:53]   - Offset: -2m0s (120s)
[2025-07-07 00:28:53]   - Déclenchement: 07/07/2025 16:08:00
[2025-07-07 00:28:53] Calcul timing relatif:
[2025-07-07 00:28:53]   - Fin du challenge: 07/07/2025 16:10:00
[2025-07-07 00:28:53]   - Offset: -2m0s (120s)
[2025-07-07 00:28:53]   - Déclenchement: 07/07/2025 16:08:00
[2025-07-07 00:28:53] Calcul timing relatif:
[2025-07-07 00:28:53]   - Fin du challenge: 07/07/2025 16:10:00
[2025-07-07 00:28:53]   - Offset: -0m30s (30s)
[2025-07-07 00:28:53]   - Déclenchement: 07/07/2025 16:09:30
[2025-07-07 00:28:53] Application de la stratégie 'end4' pour les challenges sélectionnés:
✅ Children - Stratégie programmée
   • 70 votes à 16:06:00 (end-4m0s)
   • 40 votes à 16:07:00 (end-3m0s)
   • 40 votes à 16:08:00 (end-2m0s)
   • 40 votes à 16:08:00 (end-2m0s)
   • 20 votes à 16:09:30 (end-0m30s)

[2025-07-07 00:28:53] Tâches programmées:
[2025-07-07 00:28:53]   - Mise à jour du décompte local (ID: countdown_refresh) - Prochaine exécution: 2025-07-07 00:29:02
[2025-07-07 00:28:53]   - Synchronisation avec le serveur (ID: server_sync) - Prochaine exécution: 2025-07-07 00:29:52
[2025-07-07 00:28:53]   - Vérification des processus bloqués (ID: check_stalled_processes) - Prochaine exécution: 2025-07-07 00:29:52
[2025-07-07 00:28:53]   - Suppression des challenges fermés (ID: purge_closed_challenges) - Prochaine exécution: 2025-07-07 00:29:52
[2025-07-07 00:28:53]   - Vote sur Children à end-4m0s (ID: vote_103556_end-4m0s_20250707_002853) - Prochaine exécution: 2025-07-07 16:06:00
[2025-07-07 00:28:53]   - Vote sur Children à end-3m0s (ID: vote_103556_end-3m0s_20250707_002853) - Prochaine exécution: 2025-07-07 16:07:00
[2025-07-07 00:28:53]   - Vote sur Children à end-2m0s (ID: vote_103556_end-2m0s_20250707_002853) - Prochaine exécution: 2025-07-07 16:08:00
[2025-07-07 00:28:53]   - Vote sur Children à end-0m30s (ID: vote_103556_end-0m30s_20250707_002853) - Prochaine exécution: 2025-07-07 16:09:30
[2025-07-07 00:28:53]   - Vote sur Screen Stars - Epic Mountains à end-4m0s (ID: vote_104076_end-4m0s_20250707_002528) - Prochaine exécution: 2025-07-07 19:41:00
[2025-07-07 00:28:53]   - Vote sur Screen Stars - Epic Mountains à end-3m0s (ID: vote_104076_end-3m0s_20250707_002528) - Prochaine exécution: 2025-07-07 19:42:00
[2025-07-07 00:28:53]   - Vote sur Screen Stars - Epic Mountains à end-2m0s (ID: vote_104076_end-2m0s_20250707_002528) - Prochaine exécution: 2025-07-07 19:43:00
[2025-07-07 00:28:53]   - Vote sur Screen Stars - Epic Mountains à end-0m30s (ID: vote_104076_end-0m30s_20250707_002528) - Prochaine exécution: 2025-07-07 19:44:30
[2025-07-07 00:28:53]   - Vote sur Furniture à end-4m0s (ID: vote_103593_end-4m0s_20250707_002528) - Prochaine exécution: 2025-07-08 01:56:00
[2025-07-07 00:28:53]   - Vote sur Furniture à end-3m0s (ID: vote_103593_end-3m0s_20250707_002528) - Prochaine exécution: 2025-07-08 01:57:00
[2025-07-07 00:28:53]   - Vote sur Furniture à end-2m0s (ID: vote_103593_end-2m0s_20250707_002528) - Prochaine exécution: 2025-07-08 01:58:00
[2025-07-07 00:28:53]   - Vote sur Furniture à end-0m30s (ID: vote_103593_end-0m30s_20250707_002528) - Prochaine exécution: 2025-07-08 01:59:30
[2025-07-07 00:29:01] === STRATÉGIES ET JOBS EN COURS ===

📅 JOBS APSCHEDULER PROGRAMMÉS:
--------------------------------------------------
⏱️ Décompte | Mise à jour du décompte local
   ID: countdown_refresh
   Prochaine exécution: 07/07/2025 00:29:02

🔄 Sync | Synchronisation avec le serveur
   ID: server_sync
   Prochaine exécution: 07/07/2025 00:29:52

🔍 Nettoyage | Vérification des processus bloqués
   ID: check_stalled_processes
   Prochaine exécution: 07/07/2025 00:29:52

🗑️ Purge | Suppression des challenges fermés
   ID: purge_closed_challenges
   Prochaine exécution: 07/07/2025 00:29:52

🗳️ Vote | Vote sur Children à end-4m0s
   ID: vote_103556_end-4m0s_20250707_002853
   Prochaine exécution: 07/07/2025 16:06:00

🗳️ Vote | Vote sur Children à end-3m0s
   ID: vote_103556_end-3m0s_20250707_002853
   Prochaine exécution: 07/07/2025 16:07:00

🗳️ Vote | Vote sur Children à end-2m0s
   ID: vote_103556_end-2m0s_20250707_002853
   Prochaine exécution: 07/07/2025 16:08:00

🗳️ Vote | Vote sur Children à end-0m30s
   ID: vote_103556_end-0m30s_20250707_002853
   Prochaine exécution: 07/07/2025 16:09:30

🗳️ Vote | Vote sur Screen Stars - Epic Mountains à end-4m0s
   ID: vote_104076_end-4m0s_20250707_002528
   Prochaine exécution: 07/07/2025 19:41:00

🗳️ Vote | Vote sur Screen Stars - Epic Mountains à end-3m0s
   ID: vote_104076_end-3m0s_20250707_002528
   Prochaine exécution: 07/07/2025 19:42:00

🗳️ Vote | Vote sur Screen Stars - Epic Mountains à end-2m0s
   ID: vote_104076_end-2m0s_20250707_002528
   Prochaine exécution: 07/07/2025 19:43:00

🗳️ Vote | Vote sur Screen Stars - Epic Mountains à end-0m30s
   ID: vote_104076_end-0m30s_20250707_002528
   Prochaine exécution: 07/07/2025 19:44:30

🗳️ Vote | Vote sur Furniture à end-4m0s
   ID: vote_103593_end-4m0s_20250707_002528
   Prochaine exécution: 08/07/2025 01:56:00

🗳️ Vote | Vote sur Furniture à end-3m0s
   ID: vote_103593_end-3m0s_20250707_002528
   Prochaine exécution: 08/07/2025 01:57:00

🗳️ Vote | Vote sur Furniture à end-2m0s
   ID: vote_103593_end-2m0s_20250707_002528
   Prochaine exécution: 08/07/2025 01:58:00

🗳️ Vote | Vote sur Furniture à end-0m30s
   ID: vote_103593_end-0m30s_20250707_002528
   Prochaine exécution: 08/07/2025 01:59:30

⚙️ PROCESSUS LEGACY:
--------------------------------------------------
Aucun processus legacy en cours.

============================================================

[2025-07-07 00:29:52] Resynchronisation avec le serveur...
[2025-07-07 00:29:52] Fetching challenges...
[2025-07-07 00:29:53] Challenges fetching ...
[2025-07-07 00:29:53] Challenge Children:
[2025-07-07 00:29:53]   - Temps calculé: 56406.844817s
[2025-07-07 00:29:53]   - Temps serveur brut: 56408s
[2025-07-07 00:29:53]   - Temps serveur corrigé (-30s): 56438s
[2025-07-07 00:29:53]   - Décalage détecté: -1.2s
[2025-07-07 00:29:53] Challenge Rare Or Commonplace:
[2025-07-07 00:29:53]   - Temps calculé: 68406.840649s
[2025-07-07 00:29:53]   - Temps serveur brut: 68408s
[2025-07-07 00:29:53]   - Temps serveur corrigé (-30s): 68438s
[2025-07-07 00:29:53]   - Décalage détecté: -1.2s
[2025-07-07 00:29:53] Challenge Screen Stars - Epic Mountains:
[2025-07-07 00:29:53]   - Temps calculé: 69306.836457s
[2025-07-07 00:29:53]   - Temps serveur brut: 69308s
[2025-07-07 00:29:53]   - Temps serveur corrigé (-30s): 69338s
[2025-07-07 00:29:53]   - Décalage détecté: -1.2s
[2025-07-07 00:29:53] Challenge Furniture:
[2025-07-07 00:29:53]   - Temps calculé: 91806.832483s
[2025-07-07 00:29:53]   - Temps serveur brut: 178208s
[2025-07-07 00:29:53]   - Temps serveur corrigé (-30s): 178238s
[2025-07-07 00:29:53]   - Décalage détecté: -86401.2s
[2025-07-07 00:29:53] Challenges fetched successfully for bruno!
[2025-07-07 00:34:52] Resynchronisation avec le serveur...
[2025-07-07 00:34:52] Fetching challenges...
[2025-07-07 00:34:53] Challenges fetching ...
[2025-07-07 00:34:53] Challenge Children:
[2025-07-07 00:34:53]   - Temps calculé: 56106.281105s
[2025-07-07 00:34:53]   - Temps serveur brut: 56108s
[2025-07-07 00:34:53]   - Temps serveur corrigé (-30s): 56138s
[2025-07-07 00:34:53]   - Décalage détecté: -1.7s
[2025-07-07 00:34:53] Challenge Rare Or Commonplace:
[2025-07-07 00:34:53]   - Temps calculé: 68106.276061s
[2025-07-07 00:34:53]   - Temps serveur brut: 68108s
[2025-07-07 00:34:53]   - Temps serveur corrigé (-30s): 68138s
[2025-07-07 00:34:53]   - Décalage détecté: -1.7s
[2025-07-07 00:34:53] Challenge Screen Stars - Epic Mountains:
[2025-07-07 00:34:53]   - Temps calculé: 69006.271398s
[2025-07-07 00:34:53]   - Temps serveur brut: 69008s
[2025-07-07 00:34:53]   - Temps serveur corrigé (-30s): 69038s
[2025-07-07 00:34:53]   - Décalage détecté: -1.7s
[2025-07-07 00:34:53] Challenge Furniture:
[2025-07-07 00:34:53]   - Temps calculé: 91506.266671s
[2025-07-07 00:34:53]   - Temps serveur brut: 177908s
[2025-07-07 00:34:53]   - Temps serveur corrigé (-30s): 177938s
[2025-07-07 00:34:53]   - Décalage détecté: -86401.7s
[2025-07-07 00:34:53] Challenges fetched successfully for bruno!
[2025-07-07 00:39:52] Resynchronisation avec le serveur...
[2025-07-07 00:39:52] Fetching challenges...
[2025-07-07 00:39:53] Challenges fetching ...
[2025-07-07 00:39:53] Challenge Children:
[2025-07-07 00:39:53]   - Temps calculé: 55806.902467s
[2025-07-07 00:39:53]   - Temps serveur brut: 55808s
[2025-07-07 00:39:53]   - Temps serveur corrigé (-30s): 55838s
[2025-07-07 00:39:53]   - Décalage détecté: -1.1s
[2025-07-07 00:39:53] Challenge Rare Or Commonplace:
[2025-07-07 00:39:53]   - Temps calculé: 67806.897284s
[2025-07-07 00:39:53]   - Temps serveur brut: 67808s
[2025-07-07 00:39:53]   - Temps serveur corrigé (-30s): 67838s
[2025-07-07 00:39:53]   - Décalage détecté: -1.1s
[2025-07-07 00:39:53] Challenge Screen Stars - Epic Mountains:
[2025-07-07 00:39:53]   - Temps calculé: 68706.892556s
[2025-07-07 00:39:53]   - Temps serveur brut: 68708s
[2025-07-07 00:39:53]   - Temps serveur corrigé (-30s): 68738s
[2025-07-07 00:39:53]   - Décalage détecté: -1.1s
[2025-07-07 00:39:53] Challenge Furniture:
[2025-07-07 00:39:53]   - Temps calculé: 91206.887755s
[2025-07-07 00:39:53]   - Temps serveur brut: 177608s
[2025-07-07 00:39:53]   - Temps serveur corrigé (-30s): 177638s
[2025-07-07 00:39:53]   - Décalage détecté: -86401.1s
[2025-07-07 00:39:53] Challenges fetched successfully for bruno!
[2025-07-07 00:44:52] Resynchronisation avec le serveur...
[2025-07-07 00:44:52] Fetching challenges...
[2025-07-07 00:44:53] Challenges fetching ...
[2025-07-07 00:44:53] Challenge Children:
[2025-07-07 00:44:53]   - Temps calculé: 55506.805653s
[2025-07-07 00:44:53]   - Temps serveur brut: 55508s
[2025-07-07 00:44:53]   - Temps serveur corrigé (-30s): 55538s
[2025-07-07 00:44:53]   - Décalage détecté: -1.2s
[2025-07-07 00:44:53] Challenge Rare Or Commonplace:
[2025-07-07 00:44:53]   - Temps calculé: 67506.800825s
[2025-07-07 00:44:53]   - Temps serveur brut: 67508s
[2025-07-07 00:44:53]   - Temps serveur corrigé (-30s): 67538s
[2025-07-07 00:44:53]   - Décalage détecté: -1.2s
[2025-07-07 00:44:53] Challenge Screen Stars - Epic Mountains:
[2025-07-07 00:44:53]   - Temps calculé: 68406.795967s
[2025-07-07 00:44:53]   - Temps serveur brut: 68408s
[2025-07-07 00:44:53]   - Temps serveur corrigé (-30s): 68438s
[2025-07-07 00:44:53]   - Décalage détecté: -1.2s
[2025-07-07 00:44:53] Challenge Furniture:
[2025-07-07 00:44:53]   - Temps calculé: 90906.790984s
[2025-07-07 00:44:53]   - Temps serveur brut: 177308s
[2025-07-07 00:44:53]   - Temps serveur corrigé (-30s): 177338s
[2025-07-07 00:44:53]   - Décalage détecté: -86401.2s
[2025-07-07 00:44:53] Challenges fetched successfully for bruno!
[2025-07-07 00:49:52] Resynchronisation avec le serveur...
[2025-07-07 00:49:52] Fetching challenges...
[2025-07-07 00:49:53] Challenges fetching ...
[2025-07-07 00:49:53] Challenge Children:
[2025-07-07 00:49:53]   - Temps calculé: 55206.864945s
[2025-07-07 00:49:53]   - Temps serveur brut: 55208s
[2025-07-07 00:49:53]   - Temps serveur corrigé (-30s): 55238s
[2025-07-07 00:49:53]   - Décalage détecté: -1.1s
[2025-07-07 00:49:53] Challenge Rare Or Commonplace:
[2025-07-07 00:49:53]   - Temps calculé: 67206.840751s
[2025-07-07 00:49:53]   - Temps serveur brut: 67208s
[2025-07-07 00:49:53]   - Temps serveur corrigé (-30s): 67238s
[2025-07-07 00:49:53]   - Décalage détecté: -1.2s
[2025-07-07 00:49:53] Challenge Screen Stars - Epic Mountains:
[2025-07-07 00:49:53]   - Temps calculé: 68106.835913s
[2025-07-07 00:49:53]   - Temps serveur brut: 68108s
[2025-07-07 00:49:53]   - Temps serveur corrigé (-30s): 68138s
[2025-07-07 00:49:53]   - Décalage détecté: -1.2s
[2025-07-07 00:49:53] Challenge Furniture:
[2025-07-07 00:49:53]   - Temps calculé: 90606.831104s
[2025-07-07 00:49:53]   - Temps serveur brut: 177008s
[2025-07-07 00:49:53]   - Temps serveur corrigé (-30s): 177038s
[2025-07-07 00:49:53]   - Décalage détecté: -86401.2s
[2025-07-07 00:49:53] Challenges fetched successfully for bruno!
[2025-07-07 00:54:57] Resynchronisation avec le serveur...
[2025-07-07 00:54:57] Fetching challenges...
[2025-07-07 00:54:57] Challenges fetching ...
[2025-07-07 00:54:57] Challenge Children:
[2025-07-07 00:54:58]   - Temps calculé: 54902.00261s
[2025-07-07 00:54:58]   - Temps serveur brut: 54903s
[2025-07-07 00:54:58]   - Temps serveur corrigé (-30s): 54933s
[2025-07-07 00:54:58]   - Décalage détecté: -1.0s
[2025-07-07 00:54:58] Challenge Rare Or Commonplace:
[2025-07-07 00:54:58]   - Temps calculé: 66901.952978s
[2025-07-07 00:54:58]   - Temps serveur brut: 66903s
[2025-07-07 00:54:58]   - Temps serveur corrigé (-30s): 66933s
[2025-07-07 00:54:58]   - Décalage détecté: -1.0s
[2025-07-07 00:54:58] Challenge Screen Stars - Epic Mountains:
[2025-07-07 00:54:58]   - Temps calculé: 67801.946799s
[2025-07-07 00:54:58]   - Temps serveur brut: 67803s
[2025-07-07 00:54:58]   - Temps serveur corrigé (-30s): 67833s
[2025-07-07 00:54:58]   - Décalage détecté: -1.1s
[2025-07-07 00:54:58] Challenge Furniture:
[2025-07-07 00:54:58]   - Temps calculé: 90301.939114s
[2025-07-07 00:54:58]   - Temps serveur brut: 176703s
[2025-07-07 00:54:58]   - Temps serveur corrigé (-30s): 176733s
[2025-07-07 00:54:58]   - Décalage détecté: -86401.1s
[2025-07-07 00:54:58] Challenges fetched successfully for bruno!
[2025-07-07 00:59:52] Resynchronisation avec le serveur...
[2025-07-07 00:59:52] Fetching challenges...
[2025-07-07 00:59:53] Challenges fetching ...
[2025-07-07 00:59:53] Challenge Children:
[2025-07-07 00:59:53]   - Temps calculé: 54606.761032s
[2025-07-07 00:59:53]   - Temps serveur brut: 54608s
[2025-07-07 00:59:53]   - Temps serveur corrigé (-30s): 54638s
[2025-07-07 00:59:53]   - Décalage détecté: -1.2s
[2025-07-07 00:59:53] Challenge Rare Or Commonplace:
[2025-07-07 00:59:53]   - Temps calculé: 66606.756687s
[2025-07-07 00:59:53]   - Temps serveur brut: 66608s
[2025-07-07 00:59:53]   - Temps serveur corrigé (-30s): 66638s
[2025-07-07 00:59:53]   - Décalage détecté: -1.2s
[2025-07-07 00:59:53] Challenge Screen Stars - Epic Mountains:
[2025-07-07 00:59:53]   - Temps calculé: 67506.752323s
[2025-07-07 00:59:53]   - Temps serveur brut: 67508s
[2025-07-07 00:59:53]   - Temps serveur corrigé (-30s): 67538s
[2025-07-07 00:59:53]   - Décalage détecté: -1.2s
[2025-07-07 00:59:53] Challenge Furniture:
[2025-07-07 00:59:53]   - Temps calculé: 90006.74761s
[2025-07-07 00:59:53]   - Temps serveur brut: 176408s
[2025-07-07 00:59:53]   - Temps serveur corrigé (-30s): 176438s
[2025-07-07 00:59:53]   - Décalage détecté: -86401.3s
[2025-07-07 00:59:53] Challenges fetched successfully for bruno!
[2025-07-07 01:04:57] Resynchronisation avec le serveur...
[2025-07-07 01:04:57] Fetching challenges...
[2025-07-07 01:04:58] Challenges fetching ...
[2025-07-07 01:04:58] Challenge Children:
[2025-07-07 01:04:58]   - Temps calculé: 54301.898018s
[2025-07-07 01:04:58]   - Temps serveur brut: 54303s
[2025-07-07 01:04:58]   - Temps serveur corrigé (-30s): 54333s
[2025-07-07 01:04:58]   - Décalage détecté: -1.1s
[2025-07-07 01:04:58] Challenge Rare Or Commonplace:
[2025-07-07 01:04:58]   - Temps calculé: 66301.888098s
[2025-07-07 01:04:58]   - Temps serveur brut: 66303s
[2025-07-07 01:04:58]   - Temps serveur corrigé (-30s): 66333s
[2025-07-07 01:04:58]   - Décalage détecté: -1.1s
[2025-07-07 01:04:58] Challenge Screen Stars - Epic Mountains:
[2025-07-07 01:04:58]   - Temps calculé: 67201.878174s
[2025-07-07 01:04:58]   - Temps serveur brut: 67203s
[2025-07-07 01:04:58]   - Temps serveur corrigé (-30s): 67233s
[2025-07-07 01:04:58]   - Décalage détecté: -1.1s
[2025-07-07 01:04:58] Challenge Furniture:
[2025-07-07 01:04:58]   - Temps calculé: 89701.86819s
[2025-07-07 01:04:58]   - Temps serveur brut: 176103s
[2025-07-07 01:04:58]   - Temps serveur corrigé (-30s): 176133s
[2025-07-07 01:04:58]   - Décalage détecté: -86401.1s
[2025-07-07 01:04:58] Challenges fetched successfully for bruno!
[2025-07-07 01:09:57] Resynchronisation avec le serveur...
[2025-07-07 01:09:57] Fetching challenges...
[2025-07-07 01:09:58] Challenges fetching ...
[2025-07-07 01:09:58] Challenge Children:
[2025-07-07 01:09:58]   - Temps calculé: 54001.977609s
[2025-07-07 01:09:58]   - Temps serveur brut: 54003s
[2025-07-07 01:09:58]   - Temps serveur corrigé (-30s): 54033s
[2025-07-07 01:09:58]   - Décalage détecté: -1.0s
[2025-07-07 01:09:58] Challenge Rare Or Commonplace:
[2025-07-07 01:09:58]   - Temps calculé: 66001.973017s
[2025-07-07 01:09:58]   - Temps serveur brut: 66003s
[2025-07-07 01:09:58]   - Temps serveur corrigé (-30s): 66033s
[2025-07-07 01:09:58]   - Décalage détecté: -1.0s
[2025-07-07 01:09:58] Challenge Screen Stars - Epic Mountains:
[2025-07-07 01:09:58]   - Temps calculé: 66901.967765s
[2025-07-07 01:09:58]   - Temps serveur brut: 66903s
[2025-07-07 01:09:58]   - Temps serveur corrigé (-30s): 66933s
[2025-07-07 01:09:58]   - Décalage détecté: -1.0s
[2025-07-07 01:09:58] Challenge Furniture:
[2025-07-07 01:09:58]   - Temps calculé: 89401.96054s
[2025-07-07 01:09:58]   - Temps serveur brut: 175803s
[2025-07-07 01:09:58]   - Temps serveur corrigé (-30s): 175833s
[2025-07-07 01:09:58]   - Décalage détecté: -86401.0s
[2025-07-07 01:09:58] Challenges fetched successfully for bruno!
[2025-07-07 01:14:55] Resynchronisation avec le serveur...
[2025-07-07 01:14:55] Fetching challenges...
[2025-07-07 01:14:56] Challenges fetching ...
[2025-07-07 01:14:56] Challenge Children:
[2025-07-07 01:14:56]   - Temps calculé: 53703.923717s
[2025-07-07 01:14:56]   - Temps serveur brut: 53705s
[2025-07-07 01:14:56]   - Temps serveur corrigé (-30s): 53735s
[2025-07-07 01:14:56]   - Décalage détecté: -1.1s
[2025-07-07 01:14:56] Challenge Rare Or Commonplace:
[2025-07-07 01:14:56]   - Temps calculé: 65703.913533s
[2025-07-07 01:14:56]   - Temps serveur brut: 65705s
[2025-07-07 01:14:56]   - Temps serveur corrigé (-30s): 65735s
[2025-07-07 01:14:56]   - Décalage détecté: -1.1s
[2025-07-07 01:14:56] Challenge Screen Stars - Epic Mountains:
[2025-07-07 01:14:56]   - Temps calculé: 66603.904203s
[2025-07-07 01:14:56]   - Temps serveur brut: 66605s
[2025-07-07 01:14:56]   - Temps serveur corrigé (-30s): 66635s
[2025-07-07 01:14:56]   - Décalage détecté: -1.1s
[2025-07-07 01:14:56] Challenge Furniture:
[2025-07-07 01:14:56]   - Temps calculé: 89103.894271s
[2025-07-07 01:14:56]   - Temps serveur brut: 175505s
[2025-07-07 01:14:56]   - Temps serveur corrigé (-30s): 175535s
[2025-07-07 01:14:56]   - Décalage détecté: -86401.1s
[2025-07-07 01:14:56] Challenges fetched successfully for bruno!
[2025-07-07 01:19:55] Resynchronisation avec le serveur...
[2025-07-07 01:19:55] Fetching challenges...
[2025-07-07 01:19:56] Challenges fetching ...
[2025-07-07 01:19:56] Challenge Children:
[2025-07-07 01:19:56]   - Temps calculé: 53403.886444s
[2025-07-07 01:19:56]   - Temps serveur brut: 53405s
[2025-07-07 01:19:56]   - Temps serveur corrigé (-30s): 53435s
[2025-07-07 01:19:56]   - Décalage détecté: -1.1s
[2025-07-07 01:19:56] Challenge Rare Or Commonplace:
[2025-07-07 01:19:56]   - Temps calculé: 65403.876278s
[2025-07-07 01:19:56]   - Temps serveur brut: 65405s
[2025-07-07 01:19:56]   - Temps serveur corrigé (-30s): 65435s
[2025-07-07 01:19:56]   - Décalage détecté: -1.1s
[2025-07-07 01:19:56] Challenge Screen Stars - Epic Mountains:
[2025-07-07 01:19:56]   - Temps calculé: 66303.86646s
[2025-07-07 01:19:56]   - Temps serveur brut: 66305s
[2025-07-07 01:19:56]   - Temps serveur corrigé (-30s): 66335s
[2025-07-07 01:19:56]   - Décalage détecté: -1.1s
[2025-07-07 01:19:56] Challenge Furniture:
[2025-07-07 01:19:56]   - Temps calculé: 88803.857522s
[2025-07-07 01:19:56]   - Temps serveur brut: 175205s
[2025-07-07 01:19:56]   - Temps serveur corrigé (-30s): 175235s
[2025-07-07 01:19:56]   - Décalage détecté: -86401.1s
[2025-07-07 01:19:56] Challenges fetched successfully for bruno!
[2025-07-07 01:24:55] Resynchronisation avec le serveur...
[2025-07-07 01:24:55] Fetching challenges...
[2025-07-07 01:24:56] Challenges fetching ...
[2025-07-07 01:24:56] Challenge Children:
[2025-07-07 01:24:56]   - Temps calculé: 53103.839334s
[2025-07-07 01:24:56]   - Temps serveur brut: 53105s
[2025-07-07 01:24:56]   - Temps serveur corrigé (-30s): 53135s
[2025-07-07 01:24:56]   - Décalage détecté: -1.2s
[2025-07-07 01:24:56] Challenge Rare Or Commonplace:
[2025-07-07 01:24:56]   - Temps calculé: 65103.83106s
[2025-07-07 01:24:56]   - Temps serveur brut: 65105s
[2025-07-07 01:24:56]   - Temps serveur corrigé (-30s): 65135s
[2025-07-07 01:24:56]   - Décalage détecté: -1.2s
[2025-07-07 01:24:56] Challenge Screen Stars - Epic Mountains:
[2025-07-07 01:24:56]   - Temps calculé: 66003.822806s
[2025-07-07 01:24:56]   - Temps serveur brut: 66005s
[2025-07-07 01:24:56]   - Temps serveur corrigé (-30s): 66035s
[2025-07-07 01:24:56]   - Décalage détecté: -1.2s
[2025-07-07 01:24:56] Challenge Furniture:
[2025-07-07 01:24:56]   - Temps calculé: 88503.814009s
[2025-07-07 01:24:56]   - Temps serveur brut: 174905s
[2025-07-07 01:24:56]   - Temps serveur corrigé (-30s): 174935s
[2025-07-07 01:24:56]   - Décalage détecté: -86401.2s
[2025-07-07 01:24:56] Challenges fetched successfully for bruno!
[2025-07-07 01:29:55] Resynchronisation avec le serveur...
[2025-07-07 01:29:55] Fetching challenges...
[2025-07-07 01:29:56] Challenges fetching ...
[2025-07-07 01:29:56] Challenge Children:
[2025-07-07 01:29:56]   - Temps calculé: 52803.802997s
[2025-07-07 01:29:56]   - Temps serveur brut: 52805s
[2025-07-07 01:29:56]   - Temps serveur corrigé (-30s): 52835s
[2025-07-07 01:29:56]   - Décalage détecté: -1.2s
[2025-07-07 01:29:56] Challenge Rare Or Commonplace:
[2025-07-07 01:29:56]   - Temps calculé: 64803.793012s
[2025-07-07 01:29:56]   - Temps serveur brut: 64805s
[2025-07-07 01:29:56]   - Temps serveur corrigé (-30s): 64835s
[2025-07-07 01:29:56]   - Décalage détecté: -1.2s
[2025-07-07 01:29:56] Challenge Screen Stars - Epic Mountains:
[2025-07-07 01:29:56]   - Temps calculé: 65703.787282s
[2025-07-07 01:29:56]   - Temps serveur brut: 65705s
[2025-07-07 01:29:56]   - Temps serveur corrigé (-30s): 65735s
[2025-07-07 01:29:56]   - Décalage détecté: -1.2s
[2025-07-07 01:29:56] Challenge Furniture:
[2025-07-07 01:29:56]   - Temps calculé: 88203.782385s
[2025-07-07 01:29:56]   - Temps serveur brut: 174605s
[2025-07-07 01:29:56]   - Temps serveur corrigé (-30s): 174635s
[2025-07-07 01:29:56]   - Décalage détecté: -86401.2s
[2025-07-07 01:29:56] Challenges fetched successfully for bruno!
[2025-07-07 01:34:55] Resynchronisation avec le serveur...
[2025-07-07 01:34:55] Fetching challenges...
[2025-07-07 01:34:56] Challenges fetching ...
[2025-07-07 01:34:56] Challenge Children:
[2025-07-07 01:34:56]   - Temps calculé: 52503.882604s
[2025-07-07 01:34:56]   - Temps serveur brut: 52505s
[2025-07-07 01:34:56]   - Temps serveur corrigé (-30s): 52535s
[2025-07-07 01:34:56]   - Décalage détecté: -1.1s
[2025-07-07 01:34:56] Challenge Rare Or Commonplace:
[2025-07-07 01:34:56]   - Temps calculé: 64503.874215s
[2025-07-07 01:34:56]   - Temps serveur brut: 64505s
[2025-07-07 01:34:56]   - Temps serveur corrigé (-30s): 64535s
[2025-07-07 01:34:56]   - Décalage détecté: -1.1s
[2025-07-07 01:34:56] Challenge Screen Stars - Epic Mountains:
[2025-07-07 01:34:56]   - Temps calculé: 65403.86693s
[2025-07-07 01:34:56]   - Temps serveur brut: 65405s
[2025-07-07 01:34:56]   - Temps serveur corrigé (-30s): 65435s
[2025-07-07 01:34:56]   - Décalage détecté: -1.1s
[2025-07-07 01:34:56] Challenge Furniture:
[2025-07-07 01:34:56]   - Temps calculé: 87903.857687s
[2025-07-07 01:34:56]   - Temps serveur brut: 174305s
[2025-07-07 01:34:56]   - Temps serveur corrigé (-30s): 174335s
[2025-07-07 01:34:56]   - Décalage détecté: -86401.1s
[2025-07-07 01:34:56] Challenges fetched successfully for bruno!
[2025-07-07 01:39:55] Resynchronisation avec le serveur...
[2025-07-07 01:39:55] Fetching challenges...
[2025-07-07 01:39:56] Challenges fetching ...
[2025-07-07 01:39:56] Challenge Children:
[2025-07-07 01:39:56]   - Temps calculé: 52203.922879s
[2025-07-07 01:39:56]   - Temps serveur brut: 52205s
[2025-07-07 01:39:56]   - Temps serveur corrigé (-30s): 52235s
[2025-07-07 01:39:56]   - Décalage détecté: -1.1s
[2025-07-07 01:39:56] Challenge Rare Or Commonplace:
[2025-07-07 01:39:56]   - Temps calculé: 64203.913295s
[2025-07-07 01:39:56]   - Temps serveur brut: 64205s
[2025-07-07 01:39:56]   - Temps serveur corrigé (-30s): 64235s
[2025-07-07 01:39:56]   - Décalage détecté: -1.1s
[2025-07-07 01:39:56] Challenge Screen Stars - Epic Mountains:
[2025-07-07 01:39:56]   - Temps calculé: 65103.903788s
[2025-07-07 01:39:56]   - Temps serveur brut: 65105s
[2025-07-07 01:39:56]   - Temps serveur corrigé (-30s): 65135s
[2025-07-07 01:39:56]   - Décalage détecté: -1.1s
[2025-07-07 01:39:56] Challenge Furniture:
[2025-07-07 01:39:56]   - Temps calculé: 87603.894859s
[2025-07-07 01:39:56]   - Temps serveur brut: 174005s
[2025-07-07 01:39:56]   - Temps serveur corrigé (-30s): 174035s
[2025-07-07 01:39:56]   - Décalage détecté: -86401.1s
[2025-07-07 01:39:56] Challenges fetched successfully for bruno!
[2025-07-07 01:44:55] Resynchronisation avec le serveur...
[2025-07-07 01:44:55] Fetching challenges...
[2025-07-07 01:44:55] Challenges fetching ...
[2025-07-07 01:44:55] Challenge Children:
[2025-07-07 01:44:55]   - Temps calculé: 51904.010584s
[2025-07-07 01:44:55]   - Temps serveur brut: 51905s
[2025-07-07 01:44:55]   - Temps serveur corrigé (-30s): 51935s
[2025-07-07 01:44:55]   - Décalage détecté: -1.0s
[2025-07-07 01:44:55] Challenge Rare Or Commonplace:
[2025-07-07 01:44:56]   - Temps calculé: 63904.00066s
[2025-07-07 01:44:56]   - Temps serveur brut: 63905s
[2025-07-07 01:44:56]   - Temps serveur corrigé (-30s): 63935s
[2025-07-07 01:44:56]   - Décalage détecté: -1.0s
[2025-07-07 01:44:56] Challenge Screen Stars - Epic Mountains:
[2025-07-07 01:44:56]   - Temps calculé: 64803.990489s
[2025-07-07 01:44:56]   - Temps serveur brut: 64805s
[2025-07-07 01:44:56]   - Temps serveur corrigé (-30s): 64835s
[2025-07-07 01:44:56]   - Décalage détecté: -1.0s
[2025-07-07 01:44:56] Challenge Furniture:
[2025-07-07 01:44:56]   - Temps calculé: 87303.980713s
[2025-07-07 01:44:56]   - Temps serveur brut: 173705s
[2025-07-07 01:44:56]   - Temps serveur corrigé (-30s): 173735s
[2025-07-07 01:44:56]   - Décalage détecté: -86401.0s
[2025-07-07 01:44:56] Challenges fetched successfully for bruno!
[2025-07-07 01:49:55] Resynchronisation avec le serveur...
[2025-07-07 01:49:55] Fetching challenges...
[2025-07-07 01:49:56] Challenges fetching ...
[2025-07-07 01:49:56] Challenge Children:
[2025-07-07 01:49:56]   - Temps calculé: 51603.985513s
[2025-07-07 01:49:56]   - Temps serveur brut: 51605s
[2025-07-07 01:49:56]   - Temps serveur corrigé (-30s): 51635s
[2025-07-07 01:49:56]   - Décalage détecté: -1.0s
[2025-07-07 01:49:56] Challenge Rare Or Commonplace:
[2025-07-07 01:49:56]   - Temps calculé: 63603.976839s
[2025-07-07 01:49:56]   - Temps serveur brut: 63605s
[2025-07-07 01:49:56]   - Temps serveur corrigé (-30s): 63635s
[2025-07-07 01:49:56]   - Décalage détecté: -1.0s
[2025-07-07 01:49:56] Challenge Screen Stars - Epic Mountains:
[2025-07-07 01:49:56]   - Temps calculé: 64503.967496s
[2025-07-07 01:49:56]   - Temps serveur brut: 64505s
[2025-07-07 01:49:56]   - Temps serveur corrigé (-30s): 64535s
[2025-07-07 01:49:56]   - Décalage détecté: -1.0s
[2025-07-07 01:49:56] Challenge Furniture:
[2025-07-07 01:49:56]   - Temps calculé: 87003.959542s
[2025-07-07 01:49:56]   - Temps serveur brut: 173405s
[2025-07-07 01:49:56]   - Temps serveur corrigé (-30s): 173435s
[2025-07-07 01:49:56]   - Décalage détecté: -86401.0s
[2025-07-07 01:49:56] Challenges fetched successfully for bruno!
[2025-07-07 01:54:55] Resynchronisation avec le serveur...
[2025-07-07 01:54:55] Fetching challenges...
[2025-07-07 01:54:56] Challenges fetching ...
[2025-07-07 01:54:56] Challenge Children:
[2025-07-07 01:54:56]   - Temps calculé: 51303.948409s
[2025-07-07 01:54:56]   - Temps serveur brut: 51305s
[2025-07-07 01:54:56]   - Temps serveur corrigé (-30s): 51335s
[2025-07-07 01:54:56]   - Décalage détecté: -1.1s
[2025-07-07 01:54:56] Challenge Rare Or Commonplace:
[2025-07-07 01:54:56]   - Temps calculé: 63303.940037s
[2025-07-07 01:54:56]   - Temps serveur brut: 63305s
[2025-07-07 01:54:56]   - Temps serveur corrigé (-30s): 63335s
[2025-07-07 01:54:56]   - Décalage détecté: -1.1s
[2025-07-07 01:54:56] Challenge Screen Stars - Epic Mountains:
[2025-07-07 01:54:56]   - Temps calculé: 64203.930931s
[2025-07-07 01:54:56]   - Temps serveur brut: 64205s
[2025-07-07 01:54:56]   - Temps serveur corrigé (-30s): 64235s
[2025-07-07 01:54:56]   - Décalage détecté: -1.1s
[2025-07-07 01:54:56] Challenge Furniture:
[2025-07-07 01:54:56]   - Temps calculé: 86703.925083s
[2025-07-07 01:54:56]   - Temps serveur brut: 173105s
[2025-07-07 01:54:56]   - Temps serveur corrigé (-30s): 173135s
[2025-07-07 01:54:56]   - Décalage détecté: -86401.1s
[2025-07-07 01:54:56] Challenges fetched successfully for bruno!
[2025-07-07 01:59:55] Resynchronisation avec le serveur...
[2025-07-07 01:59:55] Fetching challenges...
[2025-07-07 01:59:55] Challenges fetching ...
[2025-07-07 01:59:55] Challenge Children:
[2025-07-07 01:59:55]   - Temps calculé: 51004.01237s
[2025-07-07 01:59:55]   - Temps serveur brut: 51005s
[2025-07-07 01:59:55]   - Temps serveur corrigé (-30s): 51035s
[2025-07-07 01:59:55]   - Décalage détecté: -1.0s
[2025-07-07 01:59:55] Challenge Rare Or Commonplace:
[2025-07-07 01:59:56]   - Temps calculé: 63004.001921s
[2025-07-07 01:59:56]   - Temps serveur brut: 63005s
[2025-07-07 01:59:56]   - Temps serveur corrigé (-30s): 63035s
[2025-07-07 01:59:56]   - Décalage détecté: -1.0s
[2025-07-07 01:59:56] Challenge Screen Stars - Epic Mountains:
[2025-07-07 01:59:56]   - Temps calculé: 63903.992506s
[2025-07-07 01:59:56]   - Temps serveur brut: 63905s
[2025-07-07 01:59:56]   - Temps serveur corrigé (-30s): 63935s
[2025-07-07 01:59:56]   - Décalage détecté: -1.0s
[2025-07-07 01:59:56] Challenge Furniture:
[2025-07-07 01:59:56]   - Temps calculé: 86403.983058s
[2025-07-07 01:59:56]   - Temps serveur brut: 172805s
[2025-07-07 01:59:56]   - Temps serveur corrigé (-30s): 172835s
[2025-07-07 01:59:56]   - Décalage détecté: -86401.0s
[2025-07-07 01:59:56] Challenges fetched successfully for bruno!
[2025-07-07 02:04:55] Resynchronisation avec le serveur...
[2025-07-07 02:04:55] Fetching challenges...
[2025-07-07 02:04:55] Challenges fetching ...
[2025-07-07 02:04:55] Challenge Children:
[2025-07-07 02:04:55]   - Temps calculé: 50704.057583s
[2025-07-07 02:04:55]   - Temps serveur brut: 50705s
[2025-07-07 02:04:55]   - Temps serveur corrigé (-30s): 50735s
[2025-07-07 02:04:55]   - Décalage détecté: -0.9s
[2025-07-07 02:04:55] Challenge Rare Or Commonplace:
[2025-07-07 02:04:55]   - Temps calculé: 62704.051585s
[2025-07-07 02:04:55]   - Temps serveur brut: 62705s
[2025-07-07 02:04:55]   - Temps serveur corrigé (-30s): 62735s
[2025-07-07 02:04:55]   - Décalage détecté: -0.9s
[2025-07-07 02:04:55] Challenge Screen Stars - Epic Mountains:
[2025-07-07 02:04:55]   - Temps calculé: 63604.045247s
[2025-07-07 02:04:55]   - Temps serveur brut: 63605s
[2025-07-07 02:04:55]   - Temps serveur corrigé (-30s): 63635s
[2025-07-07 02:04:55]   - Décalage détecté: -1.0s
[2025-07-07 02:04:55] Challenge Furniture:
[2025-07-07 02:04:55]   - Temps calculé: 86104.037639s
[2025-07-07 02:04:55]   - Temps serveur brut: 86105s
[2025-07-07 02:04:55]   - Temps serveur corrigé (-30s): 86135s
[2025-07-07 02:04:55]   - Décalage détecté: -1.0s
[2025-07-07 02:04:55] Challenges fetched successfully for bruno!
[2025-07-07 02:09:55] Resynchronisation avec le serveur...
[2025-07-07 02:09:55] Fetching challenges...
[2025-07-07 02:09:56] Challenges fetching ...
[2025-07-07 02:09:56] Challenge Children:
[2025-07-07 02:09:56]   - Temps calculé: 50403.975542s
[2025-07-07 02:09:56]   - Temps serveur brut: 50405s
[2025-07-07 02:09:56]   - Temps serveur corrigé (-30s): 50435s
[2025-07-07 02:09:56]   - Décalage détecté: -1.0s
[2025-07-07 02:09:56] Challenge Rare Or Commonplace:
[2025-07-07 02:09:56]   - Temps calculé: 62403.965783s
[2025-07-07 02:09:56]   - Temps serveur brut: 62405s
[2025-07-07 02:09:56]   - Temps serveur corrigé (-30s): 62435s
[2025-07-07 02:09:56]   - Décalage détecté: -1.0s
[2025-07-07 02:09:56] Challenge Screen Stars - Epic Mountains:
[2025-07-07 02:09:56]   - Temps calculé: 63303.956972s
[2025-07-07 02:09:56]   - Temps serveur brut: 63305s
[2025-07-07 02:09:56]   - Temps serveur corrigé (-30s): 63335s
[2025-07-07 02:09:56]   - Décalage détecté: -1.0s
[2025-07-07 02:09:56] Challenge Furniture:
[2025-07-07 02:09:56]   - Temps calculé: 85803.947313s
[2025-07-07 02:09:56]   - Temps serveur brut: 85805s
[2025-07-07 02:09:56]   - Temps serveur corrigé (-30s): 85835s
[2025-07-07 02:09:56]   - Décalage détecté: -1.1s
[2025-07-07 02:09:56] Challenges fetched successfully for bruno!
[2025-07-07 02:14:54] Resynchronisation avec le serveur...
[2025-07-07 02:14:54] Fetching challenges...
[2025-07-07 02:14:55] Challenges fetching ...
[2025-07-07 02:14:55] Challenge Children:
[2025-07-07 02:14:55]   - Temps calculé: 50104.981305s
[2025-07-07 02:14:55]   - Temps serveur brut: 50106s
[2025-07-07 02:14:55]   - Temps serveur corrigé (-30s): 50136s
[2025-07-07 02:14:55]   - Décalage détecté: -1.0s
[2025-07-07 02:14:55] Challenge Rare Or Commonplace:
[2025-07-07 02:14:55]   - Temps calculé: 62104.972322s
[2025-07-07 02:14:55]   - Temps serveur brut: 62106s
[2025-07-07 02:14:55]   - Temps serveur corrigé (-30s): 62136s
[2025-07-07 02:14:55]   - Décalage détecté: -1.0s
[2025-07-07 02:14:55] Challenge Screen Stars - Epic Mountains:
[2025-07-07 02:14:55]   - Temps calculé: 63004.963045s
[2025-07-07 02:14:55]   - Temps serveur brut: 63006s
[2025-07-07 02:14:55]   - Temps serveur corrigé (-30s): 63036s
[2025-07-07 02:14:55]   - Décalage détecté: -1.0s
[2025-07-07 02:14:55] Challenge Furniture:
[2025-07-07 02:14:55]   - Temps calculé: 85504.953529s
[2025-07-07 02:14:55]   - Temps serveur brut: 85506s
[2025-07-07 02:14:55]   - Temps serveur corrigé (-30s): 85536s
[2025-07-07 02:14:55]   - Décalage détecté: -1.0s
[2025-07-07 02:14:55] Challenges fetched successfully for bruno!
[2025-07-07 02:19:53] Resynchronisation avec le serveur...
[2025-07-07 02:19:53] Fetching challenges...
[2025-07-07 02:19:54] Challenges fetching ...
[2025-07-07 02:19:54] Challenge Children:
[2025-07-07 02:19:54]   - Temps calculé: 49805.919122s
[2025-07-07 02:19:54]   - Temps serveur brut: 49807s
[2025-07-07 02:19:54]   - Temps serveur corrigé (-30s): 49837s
[2025-07-07 02:19:54]   - Décalage détecté: -1.1s
[2025-07-07 02:19:54] Challenge Rare Or Commonplace:
[2025-07-07 02:19:54]   - Temps calculé: 61805.909509s
[2025-07-07 02:19:54]   - Temps serveur brut: 61807s
[2025-07-07 02:19:54]   - Temps serveur corrigé (-30s): 61837s
[2025-07-07 02:19:54]   - Décalage détecté: -1.1s
[2025-07-07 02:19:54] Challenge Screen Stars - Epic Mountains:
[2025-07-07 02:19:54]   - Temps calculé: 62705.900667s
[2025-07-07 02:19:54]   - Temps serveur brut: 62707s
[2025-07-07 02:19:54]   - Temps serveur corrigé (-30s): 62737s
[2025-07-07 02:19:54]   - Décalage détecté: -1.1s
[2025-07-07 02:19:54] Challenge Furniture:
[2025-07-07 02:19:54]   - Temps calculé: 85205.890705s
[2025-07-07 02:19:54]   - Temps serveur brut: 85207s
[2025-07-07 02:19:54]   - Temps serveur corrigé (-30s): 85237s
[2025-07-07 02:19:54]   - Décalage détecté: -1.1s
[2025-07-07 02:19:54] Challenges fetched successfully for bruno!
[2025-07-07 02:24:53] Resynchronisation avec le serveur...
[2025-07-07 02:24:53] Fetching challenges...
[2025-07-07 02:24:54] Challenges fetching ...
[2025-07-07 02:24:54] Challenge Children:
[2025-07-07 02:24:54]   - Temps calculé: 49505.885531s
[2025-07-07 02:24:54]   - Temps serveur brut: 49507s
[2025-07-07 02:24:54]   - Temps serveur corrigé (-30s): 49537s
[2025-07-07 02:24:54]   - Décalage détecté: -1.1s
[2025-07-07 02:24:54] Challenge Rare Or Commonplace:
[2025-07-07 02:24:54]   - Temps calculé: 61505.77199s
[2025-07-07 02:24:54]   - Temps serveur brut: 61507s
[2025-07-07 02:24:54]   - Temps serveur corrigé (-30s): 61537s
[2025-07-07 02:24:54]   - Décalage détecté: -1.2s
[2025-07-07 02:24:54] Challenge Screen Stars - Epic Mountains:
[2025-07-07 02:24:54]   - Temps calculé: 62405.729635s
[2025-07-07 02:24:54]   - Temps serveur brut: 62407s
[2025-07-07 02:24:54]   - Temps serveur corrigé (-30s): 62437s
[2025-07-07 02:24:54]   - Décalage détecté: -1.3s
[2025-07-07 02:24:54] Challenge Furniture:
[2025-07-07 02:24:54]   - Temps calculé: 84905.724431s
[2025-07-07 02:24:54]   - Temps serveur brut: 84907s
[2025-07-07 02:24:54]   - Temps serveur corrigé (-30s): 84937s
[2025-07-07 02:24:54]   - Décalage détecté: -1.3s
[2025-07-07 02:24:54] Challenges fetched successfully for bruno!
[2025-07-07 02:29:53] Resynchronisation avec le serveur...
[2025-07-07 02:29:53] Fetching challenges...
[2025-07-07 02:29:54] Challenges fetching ...
[2025-07-07 02:29:54] Challenge Children:
[2025-07-07 02:29:54]   - Temps calculé: 49205.851566s
[2025-07-07 02:29:54]   - Temps serveur brut: 49207s
[2025-07-07 02:29:54]   - Temps serveur corrigé (-30s): 49237s
[2025-07-07 02:29:54]   - Décalage détecté: -1.1s
[2025-07-07 02:29:54] Challenge Rare Or Commonplace:
[2025-07-07 02:29:54]   - Temps calculé: 61205.843636s
[2025-07-07 02:29:54]   - Temps serveur brut: 61207s
[2025-07-07 02:29:54]   - Temps serveur corrigé (-30s): 61237s
[2025-07-07 02:29:54]   - Décalage détecté: -1.2s
[2025-07-07 02:29:54] Challenge Screen Stars - Epic Mountains:
[2025-07-07 02:29:54]   - Temps calculé: 62105.83548s
[2025-07-07 02:29:54]   - Temps serveur brut: 62107s
[2025-07-07 02:29:54]   - Temps serveur corrigé (-30s): 62137s
[2025-07-07 02:29:54]   - Décalage détecté: -1.2s
[2025-07-07 02:29:54] Challenge Furniture:
[2025-07-07 02:29:54]   - Temps calculé: 84605.827395s
[2025-07-07 02:29:54]   - Temps serveur brut: 84607s
[2025-07-07 02:29:54]   - Temps serveur corrigé (-30s): 84637s
[2025-07-07 02:29:54]   - Décalage détecté: -1.2s
[2025-07-07 02:29:54] Challenges fetched successfully for bruno!
[2025-07-07 02:34:53] Resynchronisation avec le serveur...
[2025-07-07 02:34:53] Fetching challenges...
[2025-07-07 02:34:54] Challenges fetching ...
[2025-07-07 02:34:54] Challenge Children:
[2025-07-07 02:34:54]   - Temps calculé: 48905.813422s
[2025-07-07 02:34:54]   - Temps serveur brut: 48907s
[2025-07-07 02:34:54]   - Temps serveur corrigé (-30s): 48937s
[2025-07-07 02:34:54]   - Décalage détecté: -1.2s
[2025-07-07 02:34:54] Challenge Rare Or Commonplace:
[2025-07-07 02:34:54]   - Temps calculé: 60905.803201s
[2025-07-07 02:34:54]   - Temps serveur brut: 60907s
[2025-07-07 02:34:54]   - Temps serveur corrigé (-30s): 60937s
[2025-07-07 02:34:54]   - Décalage détecté: -1.2s
[2025-07-07 02:34:54] Challenge Screen Stars - Epic Mountains:
[2025-07-07 02:34:54]   - Temps calculé: 61805.792719s
[2025-07-07 02:34:54]   - Temps serveur brut: 61807s
[2025-07-07 02:34:54]   - Temps serveur corrigé (-30s): 61837s
[2025-07-07 02:34:54]   - Décalage détecté: -1.2s
[2025-07-07 02:34:54] Challenge Furniture:
[2025-07-07 02:34:54]   - Temps calculé: 84305.782174s
[2025-07-07 02:34:54]   - Temps serveur brut: 84307s
[2025-07-07 02:34:54]   - Temps serveur corrigé (-30s): 84337s
[2025-07-07 02:34:54]   - Décalage détecté: -1.2s
[2025-07-07 02:34:54] Challenges fetched successfully for bruno!
[2025-07-07 02:39:53] Resynchronisation avec le serveur...
[2025-07-07 02:39:53] Fetching challenges...
[2025-07-07 02:39:54] Challenges fetching ...
[2025-07-07 02:39:54] Challenge Children:
[2025-07-07 02:39:54]   - Temps calculé: 48605.887274s
[2025-07-07 02:39:54]   - Temps serveur brut: 48607s
[2025-07-07 02:39:54]   - Temps serveur corrigé (-30s): 48637s
[2025-07-07 02:39:54]   - Décalage détecté: -1.1s
[2025-07-07 02:39:54] Challenge Rare Or Commonplace:
[2025-07-07 02:39:54]   - Temps calculé: 60605.882079s
[2025-07-07 02:39:54]   - Temps serveur brut: 60607s
[2025-07-07 02:39:54]   - Temps serveur corrigé (-30s): 60637s
[2025-07-07 02:39:54]   - Décalage détecté: -1.1s
[2025-07-07 02:39:54] Challenge Screen Stars - Epic Mountains:
[2025-07-07 02:39:54]   - Temps calculé: 61505.877013s
[2025-07-07 02:39:54]   - Temps serveur brut: 61507s
[2025-07-07 02:39:54]   - Temps serveur corrigé (-30s): 61537s
[2025-07-07 02:39:54]   - Décalage détecté: -1.1s
[2025-07-07 02:39:54] Challenge Furniture:
[2025-07-07 02:39:54]   - Temps calculé: 84005.872262s
[2025-07-07 02:39:54]   - Temps serveur brut: 84007s
[2025-07-07 02:39:54]   - Temps serveur corrigé (-30s): 84037s
[2025-07-07 02:39:54]   - Décalage détecté: -1.1s
[2025-07-07 02:39:54] Challenges fetched successfully for bruno!
[2025-07-07 02:44:53] Resynchronisation avec le serveur...
[2025-07-07 02:44:53] Fetching challenges...
[2025-07-07 02:44:54] Challenges fetching ...
[2025-07-07 02:44:54] Challenge Children:
[2025-07-07 02:44:54]   - Temps calculé: 48305.933701s
[2025-07-07 02:44:54]   - Temps serveur brut: 48307s
[2025-07-07 02:44:54]   - Temps serveur corrigé (-30s): 48337s
[2025-07-07 02:44:54]   - Décalage détecté: -1.1s
[2025-07-07 02:44:54] Challenge Rare Or Commonplace:
[2025-07-07 02:44:54]   - Temps calculé: 60305.927411s
[2025-07-07 02:44:54]   - Temps serveur brut: 60307s
[2025-07-07 02:44:54]   - Temps serveur corrigé (-30s): 60337s
[2025-07-07 02:44:54]   - Décalage détecté: -1.1s
[2025-07-07 02:44:54] Challenge Screen Stars - Epic Mountains:
[2025-07-07 02:44:54]   - Temps calculé: 61205.919479s
[2025-07-07 02:44:54]   - Temps serveur brut: 61207s
[2025-07-07 02:44:54]   - Temps serveur corrigé (-30s): 61237s
[2025-07-07 02:44:54]   - Décalage détecté: -1.1s
[2025-07-07 02:44:54] Challenge Furniture:
[2025-07-07 02:44:54]   - Temps calculé: 83705.91085s
[2025-07-07 02:44:54]   - Temps serveur brut: 83707s
[2025-07-07 02:44:54]   - Temps serveur corrigé (-30s): 83737s
[2025-07-07 02:44:54]   - Décalage détecté: -1.1s
[2025-07-07 02:44:54] Challenges fetched successfully for bruno!
[2025-07-07 02:49:53] Resynchronisation avec le serveur...
[2025-07-07 02:49:53] Fetching challenges...
[2025-07-07 02:49:54] Challenges fetching ...
[2025-07-07 02:49:54] Challenge Children:
[2025-07-07 02:49:54]   - Temps calculé: 48005.814071s
[2025-07-07 02:49:54]   - Temps serveur brut: 48007s
[2025-07-07 02:49:54]   - Temps serveur corrigé (-30s): 48037s
[2025-07-07 02:49:54]   - Décalage détecté: -1.2s
[2025-07-07 02:49:54] Challenge Rare Or Commonplace:
[2025-07-07 02:49:54]   - Temps calculé: 60005.80921s
[2025-07-07 02:49:54]   - Temps serveur brut: 60007s
[2025-07-07 02:49:54]   - Temps serveur corrigé (-30s): 60037s
[2025-07-07 02:49:54]   - Décalage détecté: -1.2s
[2025-07-07 02:49:54] Challenge Screen Stars - Epic Mountains:
[2025-07-07 02:49:54]   - Temps calculé: 60905.804441s
[2025-07-07 02:49:54]   - Temps serveur brut: 60907s
[2025-07-07 02:49:54]   - Temps serveur corrigé (-30s): 60937s
[2025-07-07 02:49:54]   - Décalage détecté: -1.2s
[2025-07-07 02:49:54] Challenge Furniture:
[2025-07-07 02:49:54]   - Temps calculé: 83405.799685s
[2025-07-07 02:49:54]   - Temps serveur brut: 83407s
[2025-07-07 02:49:54]   - Temps serveur corrigé (-30s): 83437s
[2025-07-07 02:49:54]   - Décalage détecté: -1.2s
[2025-07-07 02:49:54] Challenges fetched successfully for bruno!
[2025-07-07 02:54:53] Resynchronisation avec le serveur...
[2025-07-07 02:54:53] Fetching challenges...
[2025-07-07 02:54:54] Challenges fetching ...
[2025-07-07 02:54:54] Challenge Children:
[2025-07-07 02:54:54]   - Temps calculé: 47705.772406s
[2025-07-07 02:54:54]   - Temps serveur brut: 47707s
[2025-07-07 02:54:54]   - Temps serveur corrigé (-30s): 47737s
[2025-07-07 02:54:54]   - Décalage détecté: -1.2s
[2025-07-07 02:54:54] Challenge Rare Or Commonplace:
[2025-07-07 02:54:54]   - Temps calculé: 59705.762324s
[2025-07-07 02:54:54]   - Temps serveur brut: 59707s
[2025-07-07 02:54:54]   - Temps serveur corrigé (-30s): 59737s
[2025-07-07 02:54:54]   - Décalage détecté: -1.2s
[2025-07-07 02:54:54] Challenge Screen Stars - Epic Mountains:
[2025-07-07 02:54:54]   - Temps calculé: 60605.752701s
[2025-07-07 02:54:54]   - Temps serveur brut: 60607s
[2025-07-07 02:54:54]   - Temps serveur corrigé (-30s): 60637s
[2025-07-07 02:54:54]   - Décalage détecté: -1.2s
[2025-07-07 02:54:54] Challenge Furniture:
[2025-07-07 02:54:54]   - Temps calculé: 83105.743095s
[2025-07-07 02:54:54]   - Temps serveur brut: 83107s
[2025-07-07 02:54:54]   - Temps serveur corrigé (-30s): 83137s
[2025-07-07 02:54:54]   - Décalage détecté: -1.3s
[2025-07-07 02:54:54] Challenges fetched successfully for bruno!
[2025-07-07 02:59:53] Resynchronisation avec le serveur...
[2025-07-07 02:59:53] Fetching challenges...
[2025-07-07 02:59:54] Challenges fetching ...
[2025-07-07 02:59:54] Challenge Children:
[2025-07-07 02:59:54]   - Temps calculé: 47405.931007s
[2025-07-07 02:59:54]   - Temps serveur brut: 47407s
[2025-07-07 02:59:54]   - Temps serveur corrigé (-30s): 47437s
[2025-07-07 02:59:54]   - Décalage détecté: -1.1s
[2025-07-07 02:59:54] Challenge Rare Or Commonplace:
[2025-07-07 02:59:54]   - Temps calculé: 59405.923506s
[2025-07-07 02:59:54]   - Temps serveur brut: 59407s
[2025-07-07 02:59:54]   - Temps serveur corrigé (-30s): 59437s
[2025-07-07 02:59:54]   - Décalage détecté: -1.1s
[2025-07-07 02:59:54] Challenge Screen Stars - Epic Mountains:
[2025-07-07 02:59:54]   - Temps calculé: 60305.914717s
[2025-07-07 02:59:54]   - Temps serveur brut: 60307s
[2025-07-07 02:59:54]   - Temps serveur corrigé (-30s): 60337s
[2025-07-07 02:59:54]   - Décalage détecté: -1.1s
[2025-07-07 02:59:54] Challenge Furniture:
[2025-07-07 02:59:54]   - Temps calculé: 82805.906273s
[2025-07-07 02:59:54]   - Temps serveur brut: 82807s
[2025-07-07 02:59:54]   - Temps serveur corrigé (-30s): 82837s
[2025-07-07 02:59:54]   - Décalage détecté: -1.1s
[2025-07-07 02:59:54] Challenges fetched successfully for bruno!
[2025-07-07 03:04:53] Resynchronisation avec le serveur...
[2025-07-07 03:04:53] Fetching challenges...
[2025-07-07 03:04:54] Challenges fetching ...
[2025-07-07 03:04:54] Challenge Children:
[2025-07-07 03:04:54]   - Temps calculé: 47105.932585s
[2025-07-07 03:04:54]   - Temps serveur brut: 47107s
[2025-07-07 03:04:54]   - Temps serveur corrigé (-30s): 47137s
[2025-07-07 03:04:54]   - Décalage détecté: -1.1s
[2025-07-07 03:04:54] Challenge Rare Or Commonplace:
[2025-07-07 03:04:54]   - Temps calculé: 59105.921992s
[2025-07-07 03:04:54]   - Temps serveur brut: 59107s
[2025-07-07 03:04:54]   - Temps serveur corrigé (-30s): 59137s
[2025-07-07 03:04:54]   - Décalage détecté: -1.1s
[2025-07-07 03:04:54] Challenge Screen Stars - Epic Mountains:
[2025-07-07 03:04:54]   - Temps calculé: 60005.911319s
[2025-07-07 03:04:54]   - Temps serveur brut: 60007s
[2025-07-07 03:04:54]   - Temps serveur corrigé (-30s): 60037s
[2025-07-07 03:04:54]   - Décalage détecté: -1.1s
[2025-07-07 03:04:54] Challenge Furniture:
[2025-07-07 03:04:54]   - Temps calculé: 82505.900464s
[2025-07-07 03:04:54]   - Temps serveur brut: 82507s
[2025-07-07 03:04:54]   - Temps serveur corrigé (-30s): 82537s
[2025-07-07 03:04:54]   - Décalage détecté: -1.1s
[2025-07-07 03:04:54] Challenges fetched successfully for bruno!
[2025-07-07 03:09:53] Resynchronisation avec le serveur...
[2025-07-07 03:09:53] Fetching challenges...
[2025-07-07 03:09:54] Challenges fetching ...
[2025-07-07 03:09:54] Challenge Children:
[2025-07-07 03:09:54]   - Temps calculé: 46805.893545s
[2025-07-07 03:09:54]   - Temps serveur brut: 46807s
[2025-07-07 03:09:54]   - Temps serveur corrigé (-30s): 46837s
[2025-07-07 03:09:54]   - Décalage détecté: -1.1s
[2025-07-07 03:09:54] Challenge Rare Or Commonplace:
[2025-07-07 03:09:54]   - Temps calculé: 58805.884155s
[2025-07-07 03:09:54]   - Temps serveur brut: 58807s
[2025-07-07 03:09:54]   - Temps serveur corrigé (-30s): 58837s
[2025-07-07 03:09:54]   - Décalage détecté: -1.1s
[2025-07-07 03:09:54] Challenge Screen Stars - Epic Mountains:
[2025-07-07 03:09:54]   - Temps calculé: 59705.874977s
[2025-07-07 03:09:54]   - Temps serveur brut: 59707s
[2025-07-07 03:09:54]   - Temps serveur corrigé (-30s): 59737s
[2025-07-07 03:09:54]   - Décalage détecté: -1.1s
[2025-07-07 03:09:54] Challenge Furniture:
[2025-07-07 03:09:54]   - Temps calculé: 82205.865042s
[2025-07-07 03:09:54]   - Temps serveur brut: 82207s
[2025-07-07 03:09:54]   - Temps serveur corrigé (-30s): 82237s
[2025-07-07 03:09:54]   - Décalage détecté: -1.1s
[2025-07-07 03:09:54] Challenges fetched successfully for bruno!
[2025-07-07 03:14:58] Resynchronisation avec le serveur...
[2025-07-07 03:14:58] Fetching challenges...
[2025-07-07 03:14:59] Challenges fetching ...
[2025-07-07 03:14:59] Challenge Children:
[2025-07-07 03:14:59]   - Temps calculé: 46500.89974s
[2025-07-07 03:14:59]   - Temps serveur brut: 46502s
[2025-07-07 03:14:59]   - Temps serveur corrigé (-30s): 46532s
[2025-07-07 03:14:59]   - Décalage détecté: -1.1s
[2025-07-07 03:14:59] Challenge Rare Or Commonplace:
[2025-07-07 03:14:59]   - Temps calculé: 58500.893566s
[2025-07-07 03:14:59]   - Temps serveur brut: 58502s
[2025-07-07 03:14:59]   - Temps serveur corrigé (-30s): 58532s
[2025-07-07 03:14:59]   - Décalage détecté: -1.1s
[2025-07-07 03:14:59] Challenge Screen Stars - Epic Mountains:
[2025-07-07 03:14:59]   - Temps calculé: 59400.888133s
[2025-07-07 03:14:59]   - Temps serveur brut: 59402s
[2025-07-07 03:14:59]   - Temps serveur corrigé (-30s): 59432s
[2025-07-07 03:14:59]   - Décalage détecté: -1.1s
[2025-07-07 03:14:59] Challenge Furniture:
[2025-07-07 03:14:59]   - Temps calculé: 81900.880504s
[2025-07-07 03:14:59]   - Temps serveur brut: 81902s
[2025-07-07 03:14:59]   - Temps serveur corrigé (-30s): 81932s
[2025-07-07 03:14:59]   - Décalage détecté: -1.1s
[2025-07-07 03:14:59] Challenges fetched successfully for bruno!
[2025-07-07 03:19:57] Resynchronisation avec le serveur...
[2025-07-07 03:19:57] Fetching challenges...
[2025-07-07 03:19:58] Challenges fetching ...
[2025-07-07 03:19:58] Challenge Children:
[2025-07-07 03:19:58]   - Temps calculé: 46201.835783s
[2025-07-07 03:19:58]   - Temps serveur brut: 46203s
[2025-07-07 03:19:58]   - Temps serveur corrigé (-30s): 46233s
[2025-07-07 03:19:58]   - Décalage détecté: -1.2s
[2025-07-07 03:19:58] Challenge Rare Or Commonplace:
[2025-07-07 03:19:58]   - Temps calculé: 58201.827478s
[2025-07-07 03:19:58]   - Temps serveur brut: 58203s
[2025-07-07 03:19:58]   - Temps serveur corrigé (-30s): 58233s
[2025-07-07 03:19:58]   - Décalage détecté: -1.2s
[2025-07-07 03:19:58] Challenge Screen Stars - Epic Mountains:
[2025-07-07 03:19:58]   - Temps calculé: 59101.819494s
[2025-07-07 03:19:58]   - Temps serveur brut: 59103s
[2025-07-07 03:19:58]   - Temps serveur corrigé (-30s): 59133s
[2025-07-07 03:19:58]   - Décalage détecté: -1.2s
[2025-07-07 03:19:58] Challenge Furniture:
[2025-07-07 03:19:58]   - Temps calculé: 81601.812476s
[2025-07-07 03:19:58]   - Temps serveur brut: 81603s
[2025-07-07 03:19:58]   - Temps serveur corrigé (-30s): 81633s
[2025-07-07 03:19:58]   - Décalage détecté: -1.2s
[2025-07-07 03:19:58] Challenges fetched successfully for bruno!
[2025-07-07 03:24:57] Resynchronisation avec le serveur...
[2025-07-07 03:24:57] Fetching challenges...
[2025-07-07 03:24:58] Challenges fetching ...
[2025-07-07 03:24:58] Challenge Children:
[2025-07-07 03:24:58]   - Temps calculé: 45901.906742s
[2025-07-07 03:24:58]   - Temps serveur brut: 45903s
[2025-07-07 03:24:58]   - Temps serveur corrigé (-30s): 45933s
[2025-07-07 03:24:58]   - Décalage détecté: -1.1s
[2025-07-07 03:24:58] Challenge Rare Or Commonplace:
[2025-07-07 03:24:58]   - Temps calculé: 57901.901694s
[2025-07-07 03:24:58]   - Temps serveur brut: 57903s
[2025-07-07 03:24:58]   - Temps serveur corrigé (-30s): 57933s
[2025-07-07 03:24:58]   - Décalage détecté: -1.1s
[2025-07-07 03:24:58] Challenge Screen Stars - Epic Mountains:
[2025-07-07 03:24:58]   - Temps calculé: 58801.896572s
[2025-07-07 03:24:58]   - Temps serveur brut: 58803s
[2025-07-07 03:24:58]   - Temps serveur corrigé (-30s): 58833s
[2025-07-07 03:24:58]   - Décalage détecté: -1.1s
[2025-07-07 03:24:58] Challenge Furniture:
[2025-07-07 03:24:58]   - Temps calculé: 81301.891468s
[2025-07-07 03:24:58]   - Temps serveur brut: 81303s
[2025-07-07 03:24:58]   - Temps serveur corrigé (-30s): 81333s
[2025-07-07 03:24:58]   - Décalage détecté: -1.1s
[2025-07-07 03:24:58] Challenges fetched successfully for bruno!
[2025-07-07 03:29:57] Resynchronisation avec le serveur...
[2025-07-07 03:29:57] Fetching challenges...
[2025-07-07 03:29:58] Challenges fetching ...
[2025-07-07 03:29:58] Challenge Children:
[2025-07-07 03:29:58]   - Temps calculé: 45601.947438s
[2025-07-07 03:29:58]   - Temps serveur brut: 45603s
[2025-07-07 03:29:58]   - Temps serveur corrigé (-30s): 45633s
[2025-07-07 03:29:58]   - Décalage détecté: -1.1s
[2025-07-07 03:29:58] Challenge Rare Or Commonplace:
[2025-07-07 03:29:58]   - Temps calculé: 57601.937606s
[2025-07-07 03:29:58]   - Temps serveur brut: 57603s
[2025-07-07 03:29:58]   - Temps serveur corrigé (-30s): 57633s
[2025-07-07 03:29:58]   - Décalage détecté: -1.1s
[2025-07-07 03:29:58] Challenge Screen Stars - Epic Mountains:
[2025-07-07 03:29:58]   - Temps calculé: 58501.928122s
[2025-07-07 03:29:58]   - Temps serveur brut: 58503s
[2025-07-07 03:29:58]   - Temps serveur corrigé (-30s): 58533s
[2025-07-07 03:29:58]   - Décalage détecté: -1.1s
[2025-07-07 03:29:58] Challenge Furniture:
[2025-07-07 03:29:58]   - Temps calculé: 81001.920551s
[2025-07-07 03:29:58]   - Temps serveur brut: 81003s
[2025-07-07 03:29:58]   - Temps serveur corrigé (-30s): 81033s
[2025-07-07 03:29:58]   - Décalage détecté: -1.1s
[2025-07-07 03:29:58] Challenges fetched successfully for bruno!
[2025-07-07 03:34:57] Resynchronisation avec le serveur...
[2025-07-07 03:34:57] Fetching challenges...
[2025-07-07 03:34:58] Challenges fetching ...
[2025-07-07 03:34:58] Challenge Children:
[2025-07-07 03:34:58]   - Temps calculé: 45301.933634s
[2025-07-07 03:34:58]   - Temps serveur brut: 45303s
[2025-07-07 03:34:58]   - Temps serveur corrigé (-30s): 45333s
[2025-07-07 03:34:58]   - Décalage détecté: -1.1s
[2025-07-07 03:34:58] Challenge Rare Or Commonplace:
[2025-07-07 03:34:58]   - Temps calculé: 57301.923769s
[2025-07-07 03:34:58]   - Temps serveur brut: 57303s
[2025-07-07 03:34:58]   - Temps serveur corrigé (-30s): 57333s
[2025-07-07 03:34:58]   - Décalage détecté: -1.1s
[2025-07-07 03:34:58] Challenge Screen Stars - Epic Mountains:
[2025-07-07 03:34:58]   - Temps calculé: 58201.914624s
[2025-07-07 03:34:58]   - Temps serveur brut: 58203s
[2025-07-07 03:34:58]   - Temps serveur corrigé (-30s): 58233s
[2025-07-07 03:34:58]   - Décalage détecté: -1.1s
[2025-07-07 03:34:58] Challenge Furniture:
[2025-07-07 03:34:58]   - Temps calculé: 80701.907051s
[2025-07-07 03:34:58]   - Temps serveur brut: 80703s
[2025-07-07 03:34:58]   - Temps serveur corrigé (-30s): 80733s
[2025-07-07 03:34:58]   - Décalage détecté: -1.1s
[2025-07-07 03:34:58] Challenges fetched successfully for bruno!
[2025-07-07 03:39:57] Resynchronisation avec le serveur...
[2025-07-07 03:39:57] Fetching challenges...
[2025-07-07 03:39:58] Challenges fetching ...
[2025-07-07 03:39:58] Challenge Children:
[2025-07-07 03:39:58]   - Temps calculé: 45001.796606s
[2025-07-07 03:39:58]   - Temps serveur brut: 45003s
[2025-07-07 03:39:58]   - Temps serveur corrigé (-30s): 45033s
[2025-07-07 03:39:58]   - Décalage détecté: -1.2s
[2025-07-07 03:39:58] Challenge Rare Or Commonplace:
[2025-07-07 03:39:58]   - Temps calculé: 57001.787076s
[2025-07-07 03:39:58]   - Temps serveur brut: 57003s
[2025-07-07 03:39:58]   - Temps serveur corrigé (-30s): 57033s
[2025-07-07 03:39:58]   - Décalage détecté: -1.2s
[2025-07-07 03:39:58] Challenge Screen Stars - Epic Mountains:
[2025-07-07 03:39:58]   - Temps calculé: 57901.77741s
[2025-07-07 03:39:58]   - Temps serveur brut: 57903s
[2025-07-07 03:39:58]   - Temps serveur corrigé (-30s): 57933s
[2025-07-07 03:39:58]   - Décalage détecté: -1.2s
[2025-07-07 03:39:58] Challenge Furniture:
[2025-07-07 03:39:58]   - Temps calculé: 80401.767878s
[2025-07-07 03:39:58]   - Temps serveur brut: 80403s
[2025-07-07 03:39:58]   - Temps serveur corrigé (-30s): 80433s
[2025-07-07 03:39:58]   - Décalage détecté: -1.2s
[2025-07-07 03:39:58] Challenges fetched successfully for bruno!
[2025-07-07 03:44:56] Resynchronisation avec le serveur...
[2025-07-07 03:44:56] Fetching challenges...
[2025-07-07 03:44:57] Challenges fetching ...
[2025-07-07 03:44:57] Challenge Children:
[2025-07-07 03:44:57]   - Temps calculé: 44702.02687s
[2025-07-07 03:44:57]   - Temps serveur brut: 44703s
[2025-07-07 03:44:57]   - Temps serveur corrigé (-30s): 44733s
[2025-07-07 03:44:57]   - Décalage détecté: -1.0s
[2025-07-07 03:44:57] Challenge Rare Or Commonplace:
[2025-07-07 03:44:57]   - Temps calculé: 56702.016982s
[2025-07-07 03:44:57]   - Temps serveur brut: 56703s
[2025-07-07 03:44:57]   - Temps serveur corrigé (-30s): 56733s
[2025-07-07 03:44:57]   - Décalage détecté: -1.0s
[2025-07-07 03:44:57] Challenge Screen Stars - Epic Mountains:
[2025-07-07 03:44:57]   - Temps calculé: 57602.007262s
[2025-07-07 03:44:57]   - Temps serveur brut: 57603s
[2025-07-07 03:44:57]   - Temps serveur corrigé (-30s): 57633s
[2025-07-07 03:44:58]   - Décalage détecté: -1.0s
[2025-07-07 03:44:58] Challenge Furniture:
[2025-07-07 03:44:58]   - Temps calculé: 80101.998061s
[2025-07-07 03:44:58]   - Temps serveur brut: 80103s
[2025-07-07 03:44:58]   - Temps serveur corrigé (-30s): 80133s
[2025-07-07 03:44:58]   - Décalage détecté: -1.0s
[2025-07-07 03:44:58] Challenges fetched successfully for bruno!
[2025-07-07 03:49:54] Resynchronisation avec le serveur...
[2025-07-07 03:49:54] Fetching challenges...
[2025-07-07 03:49:55] Challenges fetching ...
[2025-07-07 03:49:55] Challenge Children:
[2025-07-07 03:49:55]   - Temps calculé: 44404.585916s
[2025-07-07 03:49:55]   - Temps serveur brut: 44405s
[2025-07-07 03:49:55]   - Temps serveur corrigé (-30s): 44435s
[2025-07-07 03:49:55]   - Décalage détecté: -0.4s
[2025-07-07 03:49:55] Challenge Rare Or Commonplace:
[2025-07-07 03:49:55]   - Temps calculé: 56404.576581s
[2025-07-07 03:49:55]   - Temps serveur brut: 56405s
[2025-07-07 03:49:55]   - Temps serveur corrigé (-30s): 56435s
[2025-07-07 03:49:55]   - Décalage détecté: -0.4s
[2025-07-07 03:49:55] Challenge Screen Stars - Epic Mountains:
[2025-07-07 03:49:55]   - Temps calculé: 57304.56703s
[2025-07-07 03:49:55]   - Temps serveur brut: 57305s
[2025-07-07 03:49:55]   - Temps serveur corrigé (-30s): 57335s
[2025-07-07 03:49:55]   - Décalage détecté: -0.4s
[2025-07-07 03:49:55] Challenge Furniture:
[2025-07-07 03:49:55]   - Temps calculé: 79804.559537s
[2025-07-07 03:49:55]   - Temps serveur brut: 79805s
[2025-07-07 03:49:55]   - Temps serveur corrigé (-30s): 79835s
[2025-07-07 03:49:55]   - Décalage détecté: -0.4s
[2025-07-07 03:49:55] Challenges fetched successfully for bruno!
[2025-07-07 03:54:56] Resynchronisation avec le serveur...
[2025-07-07 03:54:56] Fetching challenges...
[2025-07-07 03:54:57] Challenges fetching ...
[2025-07-07 03:54:57] Challenge Children:
[2025-07-07 03:54:57]   - Temps calculé: 44102.09017s
[2025-07-07 03:54:57]   - Temps serveur brut: 44103s
[2025-07-07 03:54:57]   - Temps serveur corrigé (-30s): 44133s
[2025-07-07 03:54:57]   - Décalage détecté: -0.9s
[2025-07-07 03:54:57] Challenge Rare Or Commonplace:
[2025-07-07 03:54:57]   - Temps calculé: 56102.079573s
[2025-07-07 03:54:57]   - Temps serveur brut: 56103s
[2025-07-07 03:54:57]   - Temps serveur corrigé (-30s): 56133s
[2025-07-07 03:54:57]   - Décalage détecté: -0.9s
[2025-07-07 03:54:57] Challenge Screen Stars - Epic Mountains:
[2025-07-07 03:54:57]   - Temps calculé: 57002.06912s
[2025-07-07 03:54:57]   - Temps serveur brut: 57003s
[2025-07-07 03:54:57]   - Temps serveur corrigé (-30s): 57033s
[2025-07-07 03:54:57]   - Décalage détecté: -0.9s
[2025-07-07 03:54:57] Challenge Furniture:
[2025-07-07 03:54:57]   - Temps calculé: 79502.05908s
[2025-07-07 03:54:57]   - Temps serveur brut: 79503s
[2025-07-07 03:54:57]   - Temps serveur corrigé (-30s): 79533s
[2025-07-07 03:54:57]   - Décalage détecté: -0.9s
[2025-07-07 03:54:57] Challenges fetched successfully for bruno!
[2025-07-07 03:59:56] Resynchronisation avec le serveur...
[2025-07-07 03:59:56] Fetching challenges...
[2025-07-07 03:59:57] Challenges fetching ...
[2025-07-07 03:59:57] Challenge Children:
[2025-07-07 03:59:57]   - Temps calculé: 43802.176349s
[2025-07-07 03:59:57]   - Temps serveur brut: 43803s
[2025-07-07 03:59:57]   - Temps serveur corrigé (-30s): 43833s
[2025-07-07 03:59:57]   - Décalage détecté: -0.8s
[2025-07-07 03:59:57] Challenge Rare Or Commonplace:
[2025-07-07 03:59:57]   - Temps calculé: 55802.166497s
[2025-07-07 03:59:57]   - Temps serveur brut: 55803s
[2025-07-07 03:59:57]   - Temps serveur corrigé (-30s): 55833s
[2025-07-07 03:59:57]   - Décalage détecté: -0.8s
[2025-07-07 03:59:57] Challenge Screen Stars - Epic Mountains:
[2025-07-07 03:59:57]   - Temps calculé: 56702.156594s
[2025-07-07 03:59:57]   - Temps serveur brut: 56703s
[2025-07-07 03:59:57]   - Temps serveur corrigé (-30s): 56733s
[2025-07-07 03:59:57]   - Décalage détecté: -0.8s
[2025-07-07 03:59:57] Challenge Furniture:
[2025-07-07 03:59:57]   - Temps calculé: 79202.146286s
[2025-07-07 03:59:57]   - Temps serveur brut: 79203s
[2025-07-07 03:59:57]   - Temps serveur corrigé (-30s): 79233s
[2025-07-07 03:59:57]   - Décalage détecté: -0.9s
[2025-07-07 03:59:57] Challenges fetched successfully for bruno!
[2025-07-07 04:04:55] Resynchronisation avec le serveur...
[2025-07-07 04:04:55] Fetching challenges...
[2025-07-07 04:04:56] Challenges fetching ...
[2025-07-07 04:04:56] Challenge Children:
[2025-07-07 04:04:56]   - Temps calculé: 43503.586589s
[2025-07-07 04:04:56]   - Temps serveur brut: 43504s
[2025-07-07 04:04:56]   - Temps serveur corrigé (-30s): 43534s
[2025-07-07 04:04:56]   - Décalage détecté: -0.4s
[2025-07-07 04:04:56] Challenge Rare Or Commonplace:
[2025-07-07 04:04:56]   - Temps calculé: 55503.577702s
[2025-07-07 04:04:56]   - Temps serveur brut: 55504s
[2025-07-07 04:04:56]   - Temps serveur corrigé (-30s): 55534s
[2025-07-07 04:04:56]   - Décalage détecté: -0.4s
[2025-07-07 04:04:56] Challenge Screen Stars - Epic Mountains:
[2025-07-07 04:04:56]   - Temps calculé: 56403.568738s
[2025-07-07 04:04:56]   - Temps serveur brut: 56404s
[2025-07-07 04:04:56]   - Temps serveur corrigé (-30s): 56434s
[2025-07-07 04:04:56]   - Décalage détecté: -0.4s
[2025-07-07 04:04:56] Challenge Furniture:
[2025-07-07 04:04:56]   - Temps calculé: 78903.559763s
[2025-07-07 04:04:56]   - Temps serveur brut: 78904s
[2025-07-07 04:04:56]   - Temps serveur corrigé (-30s): 78934s
[2025-07-07 04:04:56]   - Décalage détecté: -0.4s
[2025-07-07 04:04:56] Challenges fetched successfully for bruno!
[2025-07-07 04:09:56] Resynchronisation avec le serveur...
[2025-07-07 04:09:56] Fetching challenges...
[2025-07-07 04:09:57] Challenges fetching ...
[2025-07-07 04:09:57] Challenge Children:
[2025-07-07 04:09:57]   - Temps calculé: 43202.293719s
[2025-07-07 04:09:57]   - Temps serveur brut: 43203s
[2025-07-07 04:09:57]   - Temps serveur corrigé (-30s): 43233s
[2025-07-07 04:09:57]   - Décalage détecté: -0.7s
[2025-07-07 04:09:57] Challenge Rare Or Commonplace:
[2025-07-07 04:09:57]   - Temps calculé: 55202.284145s
[2025-07-07 04:09:57]   - Temps serveur brut: 55203s
[2025-07-07 04:09:57]   - Temps serveur corrigé (-30s): 55233s
[2025-07-07 04:09:57]   - Décalage détecté: -0.7s
[2025-07-07 04:09:57] Challenge Screen Stars - Epic Mountains:
[2025-07-07 04:09:57]   - Temps calculé: 56102.274473s
[2025-07-07 04:09:57]   - Temps serveur brut: 56103s
[2025-07-07 04:09:57]   - Temps serveur corrigé (-30s): 56133s
[2025-07-07 04:09:57]   - Décalage détecté: -0.7s
[2025-07-07 04:09:57] Challenge Furniture:
[2025-07-07 04:09:57]   - Temps calculé: 78602.265232s
[2025-07-07 04:09:57]   - Temps serveur brut: 78603s
[2025-07-07 04:09:57]   - Temps serveur corrigé (-30s): 78633s
[2025-07-07 04:09:57]   - Décalage détecté: -0.7s
[2025-07-07 04:09:57] Challenges fetched successfully for bruno!
[2025-07-07 04:14:55] Resynchronisation avec le serveur...
[2025-07-07 04:14:55] Fetching challenges...
[2025-07-07 04:14:56] Challenges fetching ...
[2025-07-07 04:14:56] Challenge Children:
[2025-07-07 04:14:56]   - Temps calculé: 42903.141984s
[2025-07-07 04:14:56]   - Temps serveur brut: 42904s
[2025-07-07 04:14:56]   - Temps serveur corrigé (-30s): 42934s
[2025-07-07 04:14:56]   - Décalage détecté: -0.9s
[2025-07-07 04:14:56] Challenge Rare Or Commonplace:
[2025-07-07 04:14:56]   - Temps calculé: 54903.134171s
[2025-07-07 04:14:56]   - Temps serveur brut: 54904s
[2025-07-07 04:14:56]   - Temps serveur corrigé (-30s): 54934s
[2025-07-07 04:14:56]   - Décalage détecté: -0.9s
[2025-07-07 04:14:56] Challenge Screen Stars - Epic Mountains:
[2025-07-07 04:14:56]   - Temps calculé: 55803.12387s
[2025-07-07 04:14:56]   - Temps serveur brut: 55804s
[2025-07-07 04:14:56]   - Temps serveur corrigé (-30s): 55834s
[2025-07-07 04:14:56]   - Décalage détecté: -0.9s
[2025-07-07 04:14:56] Challenge Furniture:
[2025-07-07 04:14:56]   - Temps calculé: 78303.114008s
[2025-07-07 04:14:56]   - Temps serveur brut: 78304s
[2025-07-07 04:14:56]   - Temps serveur corrigé (-30s): 78334s
[2025-07-07 04:14:56]   - Décalage détecté: -0.9s
[2025-07-07 04:14:56] Challenges fetched successfully for bruno!
[2025-07-07 04:20:03] Resynchronisation avec le serveur...
[2025-07-07 04:20:03] Fetching challenges...
[2025-07-07 04:20:04] Challenges fetching ...
[2025-07-07 04:20:04] Challenge Children:
[2025-07-07 04:20:04]   - Temps calculé: 42595.229074s
[2025-07-07 04:20:04]   - Temps serveur brut: 42596s
[2025-07-07 04:20:04]   - Temps serveur corrigé (-30s): 42626s
[2025-07-07 04:20:04]   - Décalage détecté: -0.8s
[2025-07-07 04:20:04] Challenge Rare Or Commonplace:
[2025-07-07 04:20:04]   - Temps calculé: 54595.219635s
[2025-07-07 04:20:04]   - Temps serveur brut: 54596s
[2025-07-07 04:20:04]   - Temps serveur corrigé (-30s): 54626s
[2025-07-07 04:20:04]   - Décalage détecté: -0.8s
[2025-07-07 04:20:04] Challenge Screen Stars - Epic Mountains:
[2025-07-07 04:20:04]   - Temps calculé: 55495.209433s
[2025-07-07 04:20:04]   - Temps serveur brut: 55496s
[2025-07-07 04:20:04]   - Temps serveur corrigé (-30s): 55526s
[2025-07-07 04:20:04]   - Décalage détecté: -0.8s
[2025-07-07 04:20:04] Challenge Furniture:
[2025-07-07 04:20:04]   - Temps calculé: 77995.199328s
[2025-07-07 04:20:04]   - Temps serveur brut: 77996s
[2025-07-07 04:20:04]   - Temps serveur corrigé (-30s): 78026s
[2025-07-07 04:20:04]   - Décalage détecté: -0.8s
[2025-07-07 04:20:04] Challenges fetched successfully for bruno!
[2025-07-07 04:25:03] Resynchronisation avec le serveur...
[2025-07-07 04:25:03] Fetching challenges...
[2025-07-07 04:25:04] Challenges fetching ...
[2025-07-07 04:25:04] Challenge Children:
[2025-07-07 04:25:04]   - Temps calculé: 42295.10586s
[2025-07-07 04:25:04]   - Temps serveur brut: 42296s
[2025-07-07 04:25:04]   - Temps serveur corrigé (-30s): 42326s
[2025-07-07 04:25:04]   - Décalage détecté: -0.9s
[2025-07-07 04:25:04] Challenge Rare Or Commonplace:
[2025-07-07 04:25:04]   - Temps calculé: 54295.097378s
[2025-07-07 04:25:04]   - Temps serveur brut: 54296s
[2025-07-07 04:25:04]   - Temps serveur corrigé (-30s): 54326s
[2025-07-07 04:25:04]   - Décalage détecté: -0.9s
[2025-07-07 04:25:04] Challenge Screen Stars - Epic Mountains:
[2025-07-07 04:25:04]   - Temps calculé: 55195.086539s
[2025-07-07 04:25:04]   - Temps serveur brut: 55196s
[2025-07-07 04:25:04]   - Temps serveur corrigé (-30s): 55226s
[2025-07-07 04:25:04]   - Décalage détecté: -0.9s
[2025-07-07 04:25:04] Challenge Furniture:
[2025-07-07 04:25:04]   - Temps calculé: 77695.075983s
[2025-07-07 04:25:04]   - Temps serveur brut: 77696s
[2025-07-07 04:25:04]   - Temps serveur corrigé (-30s): 77726s
[2025-07-07 04:25:04]   - Décalage détecté: -0.9s
[2025-07-07 04:25:04] Challenges fetched successfully for bruno!
[2025-07-07 04:30:02] Resynchronisation avec le serveur...
[2025-07-07 04:30:02] Fetching challenges...
[2025-07-07 04:30:03] Challenges fetching ...
[2025-07-07 04:30:03] Challenge Children:
[2025-07-07 04:30:03]   - Temps calculé: 41996.314531s
[2025-07-07 04:30:03]   - Temps serveur brut: 41997s
[2025-07-07 04:30:03]   - Temps serveur corrigé (-30s): 42027s
[2025-07-07 04:30:03]   - Décalage détecté: -0.7s
[2025-07-07 04:30:03] Challenge Rare Or Commonplace:
[2025-07-07 04:30:03]   - Temps calculé: 53996.304409s
[2025-07-07 04:30:03]   - Temps serveur brut: 53997s
[2025-07-07 04:30:03]   - Temps serveur corrigé (-30s): 54027s
[2025-07-07 04:30:03]   - Décalage détecté: -0.7s
[2025-07-07 04:30:03] Challenge Screen Stars - Epic Mountains:
[2025-07-07 04:30:03]   - Temps calculé: 54896.294218s
[2025-07-07 04:30:03]   - Temps serveur brut: 54897s
[2025-07-07 04:30:03]   - Temps serveur corrigé (-30s): 54927s
[2025-07-07 04:30:03]   - Décalage détecté: -0.7s
[2025-07-07 04:30:03] Challenge Furniture:
[2025-07-07 04:30:03]   - Temps calculé: 77396.285037s
[2025-07-07 04:30:03]   - Temps serveur brut: 77397s
[2025-07-07 04:30:03]   - Temps serveur corrigé (-30s): 77427s
[2025-07-07 04:30:03]   - Décalage détecté: -0.7s
[2025-07-07 04:30:03] Challenges fetched successfully for bruno!
[2025-07-07 04:35:03] Resynchronisation avec le serveur...
[2025-07-07 04:35:03] Fetching challenges...
[2025-07-07 04:35:04] Challenges fetching ...
[2025-07-07 04:35:04] Challenge Children:
[2025-07-07 04:35:04]   - Temps calculé: 41695.022689s
[2025-07-07 04:35:04]   - Temps serveur brut: 41696s
[2025-07-07 04:35:04]   - Temps serveur corrigé (-30s): 41726s
[2025-07-07 04:35:04]   - Décalage détecté: -1.0s
[2025-07-07 04:35:04] Challenge Rare Or Commonplace:
[2025-07-07 04:35:04]   - Temps calculé: 53695.012302s
[2025-07-07 04:35:04]   - Temps serveur brut: 53696s
[2025-07-07 04:35:04]   - Temps serveur corrigé (-30s): 53726s
[2025-07-07 04:35:04]   - Décalage détecté: -1.0s
[2025-07-07 04:35:04] Challenge Screen Stars - Epic Mountains:
[2025-07-07 04:35:04]   - Temps calculé: 54595.003207s
[2025-07-07 04:35:04]   - Temps serveur brut: 54596s
[2025-07-07 04:35:05]   - Temps serveur corrigé (-30s): 54626s
[2025-07-07 04:35:05]   - Décalage détecté: -1.0s
[2025-07-07 04:35:05] Challenge Furniture:
[2025-07-07 04:35:05]   - Temps calculé: 77094.997297s
[2025-07-07 04:35:05]   - Temps serveur brut: 77096s
[2025-07-07 04:35:05]   - Temps serveur corrigé (-30s): 77126s
[2025-07-07 04:35:05]   - Décalage détecté: -1.0s
[2025-07-07 04:35:05] Challenges fetched successfully for bruno!
[2025-07-07 04:40:03] Resynchronisation avec le serveur...
[2025-07-07 04:40:03] Fetching challenges...
[2025-07-07 04:40:04] Challenges fetching ...
[2025-07-07 04:40:04] Challenge Children:
[2025-07-07 04:40:04]   - Temps calculé: 41395.141231s
[2025-07-07 04:40:04]   - Temps serveur brut: 41396s
[2025-07-07 04:40:04]   - Temps serveur corrigé (-30s): 41426s
[2025-07-07 04:40:04]   - Décalage détecté: -0.9s
[2025-07-07 04:40:04] Challenge Rare Or Commonplace:
[2025-07-07 04:40:04]   - Temps calculé: 53395.132038s
[2025-07-07 04:40:04]   - Temps serveur brut: 53396s
[2025-07-07 04:40:04]   - Temps serveur corrigé (-30s): 53426s
[2025-07-07 04:40:04]   - Décalage détecté: -0.9s
[2025-07-07 04:40:04] Challenge Screen Stars - Epic Mountains:
[2025-07-07 04:40:04]   - Temps calculé: 54295.123192s
[2025-07-07 04:40:04]   - Temps serveur brut: 54296s
[2025-07-07 04:40:04]   - Temps serveur corrigé (-30s): 54326s
[2025-07-07 04:40:04]   - Décalage détecté: -0.9s
[2025-07-07 04:40:04] Challenge Furniture:
[2025-07-07 04:40:04]   - Temps calculé: 76795.115291s
[2025-07-07 04:40:04]   - Temps serveur brut: 76796s
[2025-07-07 04:40:04]   - Temps serveur corrigé (-30s): 76826s
[2025-07-07 04:40:04]   - Décalage détecté: -0.9s
[2025-07-07 04:40:04] Challenges fetched successfully for bruno!
[2025-07-07 04:45:01] Resynchronisation avec le serveur...
[2025-07-07 04:45:01] Fetching challenges...
[2025-07-07 04:45:02] Challenges fetching ...
[2025-07-07 04:45:02] Challenge Children:
[2025-07-07 04:45:02]   - Temps calculé: 41097.150672s
[2025-07-07 04:45:02]   - Temps serveur brut: 41098s
[2025-07-07 04:45:02]   - Temps serveur corrigé (-30s): 41128s
[2025-07-07 04:45:02]   - Décalage détecté: -0.8s
[2025-07-07 04:45:02] Challenge Rare Or Commonplace:
[2025-07-07 04:45:02]   - Temps calculé: 53097.141571s
[2025-07-07 04:45:02]   - Temps serveur brut: 53098s
[2025-07-07 04:45:02]   - Temps serveur corrigé (-30s): 53128s
[2025-07-07 04:45:02]   - Décalage détecté: -0.9s
[2025-07-07 04:45:02] Challenge Screen Stars - Epic Mountains:
[2025-07-07 04:45:02]   - Temps calculé: 53997.131304s
[2025-07-07 04:45:02]   - Temps serveur brut: 53998s
[2025-07-07 04:45:02]   - Temps serveur corrigé (-30s): 54028s
[2025-07-07 04:45:02]   - Décalage détecté: -0.9s
[2025-07-07 04:45:02] Challenge Furniture:
[2025-07-07 04:45:02]   - Temps calculé: 76497.121395s
[2025-07-07 04:45:02]   - Temps serveur brut: 76498s
[2025-07-07 04:45:02]   - Temps serveur corrigé (-30s): 76528s
[2025-07-07 04:45:02]   - Décalage détecté: -0.9s
[2025-07-07 04:45:02] Challenges fetched successfully for bruno!
[2025-07-07 04:50:04] Resynchronisation avec le serveur...
[2025-07-07 04:50:04] Fetching challenges...
[2025-07-07 04:50:05] Challenges fetching ...
[2025-07-07 04:50:05] Challenge Children:
[2025-07-07 04:50:05]   - Temps calculé: 40794.849505s
[2025-07-07 04:50:05]   - Temps serveur brut: 40796s
[2025-07-07 04:50:05]   - Temps serveur corrigé (-30s): 40826s
[2025-07-07 04:50:05]   - Décalage détecté: -1.2s
[2025-07-07 04:50:05] Challenge Rare Or Commonplace:
[2025-07-07 04:50:05]   - Temps calculé: 52794.844599s
[2025-07-07 04:50:05]   - Temps serveur brut: 52796s
[2025-07-07 04:50:05]   - Temps serveur corrigé (-30s): 52826s
[2025-07-07 04:50:05]   - Décalage détecté: -1.2s
[2025-07-07 04:50:05] Challenge Screen Stars - Epic Mountains:
[2025-07-07 04:50:05]   - Temps calculé: 53694.839638s
[2025-07-07 04:50:05]   - Temps serveur brut: 53696s
[2025-07-07 04:50:05]   - Temps serveur corrigé (-30s): 53726s
[2025-07-07 04:50:05]   - Décalage détecté: -1.2s
[2025-07-07 04:50:05] Challenge Furniture:
[2025-07-07 04:50:05]   - Temps calculé: 76194.834528s
[2025-07-07 04:50:05]   - Temps serveur brut: 76196s
[2025-07-07 04:50:05]   - Temps serveur corrigé (-30s): 76226s
[2025-07-07 04:50:05]   - Décalage détecté: -1.2s
[2025-07-07 04:50:05] Challenges fetched successfully for bruno!
[2025-07-07 04:55:04] Resynchronisation avec le serveur...
[2025-07-07 04:55:04] Fetching challenges...
[2025-07-07 04:55:05] Challenges fetching ...
[2025-07-07 04:55:05] Challenge Children:
[2025-07-07 04:55:05]   - Temps calculé: 40494.758652s
[2025-07-07 04:55:05]   - Temps serveur brut: 40496s
[2025-07-07 04:55:05]   - Temps serveur corrigé (-30s): 40526s
[2025-07-07 04:55:05]   - Décalage détecté: -1.2s
[2025-07-07 04:55:05] Challenge Rare Or Commonplace:
[2025-07-07 04:55:05]   - Temps calculé: 52494.747789s
[2025-07-07 04:55:05]   - Temps serveur brut: 52496s
[2025-07-07 04:55:05]   - Temps serveur corrigé (-30s): 52526s
[2025-07-07 04:55:05]   - Décalage détecté: -1.3s
[2025-07-07 04:55:05] Challenge Screen Stars - Epic Mountains:
[2025-07-07 04:55:05]   - Temps calculé: 53394.736964s
[2025-07-07 04:55:05]   - Temps serveur brut: 53396s
[2025-07-07 04:55:05]   - Temps serveur corrigé (-30s): 53426s
[2025-07-07 04:55:05]   - Décalage détecté: -1.3s
[2025-07-07 04:55:05] Challenge Furniture:
[2025-07-07 04:55:05]   - Temps calculé: 75894.725931s
[2025-07-07 04:55:05]   - Temps serveur brut: 75896s
[2025-07-07 04:55:05]   - Temps serveur corrigé (-30s): 75926s
[2025-07-07 04:55:05]   - Décalage détecté: -1.3s
[2025-07-07 04:55:05] Challenges fetched successfully for bruno!
[2025-07-07 05:00:02] Resynchronisation avec le serveur...
[2025-07-07 05:00:02] Fetching challenges...
[2025-07-07 05:00:03] Challenges fetching ...
[2025-07-07 05:00:03] Challenge Children:
[2025-07-07 05:00:03]   - Temps calculé: 40196.960587s
[2025-07-07 05:00:03]   - Temps serveur brut: 40198s
[2025-07-07 05:00:03]   - Temps serveur corrigé (-30s): 40228s
[2025-07-07 05:00:03]   - Décalage détecté: -1.0s
[2025-07-07 05:00:03] Challenge Rare Or Commonplace:
[2025-07-07 05:00:03]   - Temps calculé: 52196.951954s
[2025-07-07 05:00:03]   - Temps serveur brut: 52198s
[2025-07-07 05:00:03]   - Temps serveur corrigé (-30s): 52228s
[2025-07-07 05:00:03]   - Décalage détecté: -1.0s
[2025-07-07 05:00:03] Challenge Screen Stars - Epic Mountains:
[2025-07-07 05:00:03]   - Temps calculé: 53096.946022s
[2025-07-07 05:00:03]   - Temps serveur brut: 53098s
[2025-07-07 05:00:03]   - Temps serveur corrigé (-30s): 53128s
[2025-07-07 05:00:03]   - Décalage détecté: -1.1s
[2025-07-07 05:00:03] Challenge Furniture:
[2025-07-07 05:00:03]   - Temps calculé: 75596.937935s
[2025-07-07 05:00:03]   - Temps serveur brut: 75598s
[2025-07-07 05:00:03]   - Temps serveur corrigé (-30s): 75628s
[2025-07-07 05:00:03]   - Décalage détecté: -1.1s
[2025-07-07 05:00:03] Challenges fetched successfully for bruno!
[2025-07-07 05:05:04] Resynchronisation avec le serveur...
[2025-07-07 05:05:04] Fetching challenges...
[2025-07-07 05:05:05] Challenges fetching ...
[2025-07-07 05:05:05] Challenge Children:
[2025-07-07 05:05:05]   - Temps calculé: 39894.720865s
[2025-07-07 05:05:05]   - Temps serveur brut: 39896s
[2025-07-07 05:05:05]   - Temps serveur corrigé (-30s): 39926s
[2025-07-07 05:05:05]   - Décalage détecté: -1.3s
[2025-07-07 05:05:05] Challenge Rare Or Commonplace:
[2025-07-07 05:05:05]   - Temps calculé: 51894.711198s
[2025-07-07 05:05:05]   - Temps serveur brut: 51896s
[2025-07-07 05:05:05]   - Temps serveur corrigé (-30s): 51926s
[2025-07-07 05:05:05]   - Décalage détecté: -1.3s
[2025-07-07 05:05:05] Challenge Screen Stars - Epic Mountains:
[2025-07-07 05:05:05]   - Temps calculé: 52794.700874s
[2025-07-07 05:05:05]   - Temps serveur brut: 52796s
[2025-07-07 05:05:05]   - Temps serveur corrigé (-30s): 52826s
[2025-07-07 05:05:05]   - Décalage détecté: -1.3s
[2025-07-07 05:05:05] Challenge Furniture:
[2025-07-07 05:05:05]   - Temps calculé: 75294.690564s
[2025-07-07 05:05:05]   - Temps serveur brut: 75296s
[2025-07-07 05:05:05]   - Temps serveur corrigé (-30s): 75326s
[2025-07-07 05:05:05]   - Décalage détecté: -1.3s
[2025-07-07 05:05:05] Challenges fetched successfully for bruno!
[2025-07-07 05:10:04] Resynchronisation avec le serveur...
[2025-07-07 05:10:04] Fetching challenges...
[2025-07-07 05:10:05] Challenges fetching ...
[2025-07-07 05:10:05] Challenge Children:
[2025-07-07 05:10:05]   - Temps calculé: 39594.799045s
[2025-07-07 05:10:05]   - Temps serveur brut: 39596s
[2025-07-07 05:10:05]   - Temps serveur corrigé (-30s): 39626s
[2025-07-07 05:10:05]   - Décalage détecté: -1.2s
[2025-07-07 05:10:05] Challenge Rare Or Commonplace:
[2025-07-07 05:10:05]   - Temps calculé: 51594.793763s
[2025-07-07 05:10:05]   - Temps serveur brut: 51596s
[2025-07-07 05:10:05]   - Temps serveur corrigé (-30s): 51626s
[2025-07-07 05:10:05]   - Décalage détecté: -1.2s
[2025-07-07 05:10:05] Challenge Screen Stars - Epic Mountains:
[2025-07-07 05:10:05]   - Temps calculé: 52494.788235s
[2025-07-07 05:10:05]   - Temps serveur brut: 52496s
[2025-07-07 05:10:05]   - Temps serveur corrigé (-30s): 52526s
[2025-07-07 05:10:05]   - Décalage détecté: -1.2s
[2025-07-07 05:10:05] Challenge Furniture:
[2025-07-07 05:10:05]   - Temps calculé: 74994.783309s
[2025-07-07 05:10:05]   - Temps serveur brut: 74996s
[2025-07-07 05:10:05]   - Temps serveur corrigé (-30s): 75026s
[2025-07-07 05:10:05]   - Décalage détecté: -1.2s
[2025-07-07 05:10:05] Challenges fetched successfully for bruno!
[2025-07-07 05:15:02] Resynchronisation avec le serveur...
[2025-07-07 05:15:02] Fetching challenges...
[2025-07-07 05:15:03] Challenges fetching ...
[2025-07-07 05:15:03] Challenge Children:
[2025-07-07 05:15:03]   - Temps calculé: 39296.81332s
[2025-07-07 05:15:03]   - Temps serveur brut: 39298s
[2025-07-07 05:15:03]   - Temps serveur corrigé (-30s): 39328s
[2025-07-07 05:15:03]   - Décalage détecté: -1.2s
[2025-07-07 05:15:03] Challenge Rare Or Commonplace:
[2025-07-07 05:15:03]   - Temps calculé: 51296.804839s
[2025-07-07 05:15:03]   - Temps serveur brut: 51298s
[2025-07-07 05:15:03]   - Temps serveur corrigé (-30s): 51328s
[2025-07-07 05:15:03]   - Décalage détecté: -1.2s
[2025-07-07 05:15:03] Challenge Screen Stars - Epic Mountains:
[2025-07-07 05:15:03]   - Temps calculé: 52196.796788s
[2025-07-07 05:15:03]   - Temps serveur brut: 52198s
[2025-07-07 05:15:03]   - Temps serveur corrigé (-30s): 52228s
[2025-07-07 05:15:03]   - Décalage détecté: -1.2s
[2025-07-07 05:15:03] Challenge Furniture:
[2025-07-07 05:15:03]   - Temps calculé: 74696.787219s
[2025-07-07 05:15:03]   - Temps serveur brut: 74698s
[2025-07-07 05:15:03]   - Temps serveur corrigé (-30s): 74728s
[2025-07-07 05:15:03]   - Décalage détecté: -1.2s
[2025-07-07 05:15:03] Challenges fetched successfully for bruno!
[2025-07-07 05:20:02] Resynchronisation avec le serveur...
[2025-07-07 05:20:02] Fetching challenges...
[2025-07-07 05:20:03] Challenges fetching ...
[2025-07-07 05:20:03] Challenge Children:
[2025-07-07 05:20:03]   - Temps calculé: 38996.878063s
[2025-07-07 05:20:03]   - Temps serveur brut: 38998s
[2025-07-07 05:20:03]   - Temps serveur corrigé (-30s): 39028s
[2025-07-07 05:20:03]   - Décalage détecté: -1.1s
[2025-07-07 05:20:03] Challenge Rare Or Commonplace:
[2025-07-07 05:20:03]   - Temps calculé: 50996.872078s
[2025-07-07 05:20:03]   - Temps serveur brut: 50998s
[2025-07-07 05:20:03]   - Temps serveur corrigé (-30s): 51028s
[2025-07-07 05:20:03]   - Décalage détecté: -1.1s
[2025-07-07 05:20:03] Challenge Screen Stars - Epic Mountains:
[2025-07-07 05:20:03]   - Temps calculé: 51896.866322s
[2025-07-07 05:20:03]   - Temps serveur brut: 51898s
[2025-07-07 05:20:03]   - Temps serveur corrigé (-30s): 51928s
[2025-07-07 05:20:03]   - Décalage détecté: -1.1s
[2025-07-07 05:20:03] Challenge Furniture:
[2025-07-07 05:20:03]   - Temps calculé: 74396.857874s
[2025-07-07 05:20:03]   - Temps serveur brut: 74398s
[2025-07-07 05:20:03]   - Temps serveur corrigé (-30s): 74428s
[2025-07-07 05:20:03]   - Décalage détecté: -1.1s
[2025-07-07 05:20:03] Challenges fetched successfully for bruno!
[2025-07-07 05:25:04] Resynchronisation avec le serveur...
[2025-07-07 05:25:04] Fetching challenges...
[2025-07-07 05:25:05] Challenges fetching ...
[2025-07-07 05:25:05] Challenge Children:
[2025-07-07 05:25:05]   - Temps calculé: 38694.695945s
[2025-07-07 05:25:05]   - Temps serveur brut: 38696s
[2025-07-07 05:25:05]   - Temps serveur corrigé (-30s): 38726s
[2025-07-07 05:25:05]   - Décalage détecté: -1.3s
[2025-07-07 05:25:05] Challenge Rare Or Commonplace:
[2025-07-07 05:25:05]   - Temps calculé: 50694.685063s
[2025-07-07 05:25:05]   - Temps serveur brut: 50696s
[2025-07-07 05:25:05]   - Temps serveur corrigé (-30s): 50726s
[2025-07-07 05:25:05]   - Décalage détecté: -1.3s
[2025-07-07 05:25:05] Challenge Screen Stars - Epic Mountains:
[2025-07-07 05:25:05]   - Temps calculé: 51594.678164s
[2025-07-07 05:25:05]   - Temps serveur brut: 51596s
[2025-07-07 05:25:05]   - Temps serveur corrigé (-30s): 51626s
[2025-07-07 05:25:05]   - Décalage détecté: -1.3s
[2025-07-07 05:25:05] Challenge Furniture:
[2025-07-07 05:25:05]   - Temps calculé: 74094.673159s
[2025-07-07 05:25:05]   - Temps serveur brut: 74096s
[2025-07-07 05:25:05]   - Temps serveur corrigé (-30s): 74126s
[2025-07-07 05:25:05]   - Décalage détecté: -1.3s
[2025-07-07 05:25:05] Challenges fetched successfully for bruno!
[2025-07-07 05:30:02] Resynchronisation avec le serveur...
[2025-07-07 05:30:02] Fetching challenges...
[2025-07-07 05:30:03] Challenges fetching ...
[2025-07-07 05:30:03] Challenge Children:
[2025-07-07 05:30:03]   - Temps calculé: 38396.714827s
[2025-07-07 05:30:03]   - Temps serveur brut: 38398s
[2025-07-07 05:30:03]   - Temps serveur corrigé (-30s): 38428s
[2025-07-07 05:30:03]   - Décalage détecté: -1.3s
[2025-07-07 05:30:03] Challenge Rare Or Commonplace:
[2025-07-07 05:30:03]   - Temps calculé: 50396.705557s
[2025-07-07 05:30:03]   - Temps serveur brut: 50398s
[2025-07-07 05:30:03]   - Temps serveur corrigé (-30s): 50428s
[2025-07-07 05:30:03]   - Décalage détecté: -1.3s
[2025-07-07 05:30:03] Challenge Screen Stars - Epic Mountains:
[2025-07-07 05:30:03]   - Temps calculé: 51296.696938s
[2025-07-07 05:30:03]   - Temps serveur brut: 51298s
[2025-07-07 05:30:03]   - Temps serveur corrigé (-30s): 51328s
[2025-07-07 05:30:03]   - Décalage détecté: -1.3s
[2025-07-07 05:30:03] Challenge Furniture:
[2025-07-07 05:30:03]   - Temps calculé: 73796.689617s
[2025-07-07 05:30:03]   - Temps serveur brut: 73798s
[2025-07-07 05:30:03]   - Temps serveur corrigé (-30s): 73828s
[2025-07-07 05:30:03]   - Décalage détecté: -1.3s
[2025-07-07 05:30:03] Challenges fetched successfully for bruno!
[2025-07-07 05:35:04] Resynchronisation avec le serveur...
[2025-07-07 05:35:04] Fetching challenges...
[2025-07-07 05:35:05] Challenges fetching ...
[2025-07-07 05:35:05] Challenge Children:
[2025-07-07 05:35:05]   - Temps calculé: 38094.777737s
[2025-07-07 05:35:05]   - Temps serveur brut: 38096s
[2025-07-07 05:35:05]   - Temps serveur corrigé (-30s): 38126s
[2025-07-07 05:35:05]   - Décalage détecté: -1.2s
[2025-07-07 05:35:05] Challenge Rare Or Commonplace:
[2025-07-07 05:35:05]   - Temps calculé: 50094.768217s
[2025-07-07 05:35:05]   - Temps serveur brut: 50096s
[2025-07-07 05:35:05]   - Temps serveur corrigé (-30s): 50126s
[2025-07-07 05:35:05]   - Décalage détecté: -1.2s
[2025-07-07 05:35:05] Challenge Screen Stars - Epic Mountains:
[2025-07-07 05:35:05]   - Temps calculé: 50994.758584s
[2025-07-07 05:35:05]   - Temps serveur brut: 50996s
[2025-07-07 05:35:05]   - Temps serveur corrigé (-30s): 51026s
[2025-07-07 05:35:05]   - Décalage détecté: -1.2s
[2025-07-07 05:35:05] Challenge Furniture:
[2025-07-07 05:35:05]   - Temps calculé: 73494.748976s
[2025-07-07 05:35:05]   - Temps serveur brut: 73496s
[2025-07-07 05:35:05]   - Temps serveur corrigé (-30s): 73526s
[2025-07-07 05:35:05]   - Décalage détecté: -1.3s
[2025-07-07 05:35:05] Challenges fetched successfully for bruno!
[2025-07-07 05:40:02] Resynchronisation avec le serveur...
[2025-07-07 05:40:02] Fetching challenges...
[2025-07-07 05:40:03] Challenges fetching ...
[2025-07-07 05:40:03] Challenge Children:
[2025-07-07 05:40:03]   - Temps calculé: 37796.738919s
[2025-07-07 05:40:03]   - Temps serveur brut: 37798s
[2025-07-07 05:40:03]   - Temps serveur corrigé (-30s): 37828s
[2025-07-07 05:40:03]   - Décalage détecté: -1.3s
[2025-07-07 05:40:03] Challenge Rare Or Commonplace:
[2025-07-07 05:40:03]   - Temps calculé: 49796.728887s
[2025-07-07 05:40:03]   - Temps serveur brut: 49798s
[2025-07-07 05:40:03]   - Temps serveur corrigé (-30s): 49828s
[2025-07-07 05:40:03]   - Décalage détecté: -1.3s
[2025-07-07 05:40:03] Challenge Screen Stars - Epic Mountains:
[2025-07-07 05:40:03]   - Temps calculé: 50696.720667s
[2025-07-07 05:40:03]   - Temps serveur brut: 50698s
[2025-07-07 05:40:03]   - Temps serveur corrigé (-30s): 50728s
[2025-07-07 05:40:03]   - Décalage détecté: -1.3s
[2025-07-07 05:40:03] Challenge Furniture:
[2025-07-07 05:40:03]   - Temps calculé: 73196.713139s
[2025-07-07 05:40:03]   - Temps serveur brut: 73198s
[2025-07-07 05:40:03]   - Temps serveur corrigé (-30s): 73228s
[2025-07-07 05:40:03]   - Décalage détecté: -1.3s
[2025-07-07 05:40:03] Challenges fetched successfully for bruno!
[2025-07-07 05:45:02] Resynchronisation avec le serveur...
[2025-07-07 05:45:02] Fetching challenges...
[2025-07-07 05:45:03] Challenges fetching ...
[2025-07-07 05:45:03] Challenge Children:
[2025-07-07 05:45:03]   - Temps calculé: 37496.891731s
[2025-07-07 05:45:03]   - Temps serveur brut: 37498s
[2025-07-07 05:45:03]   - Temps serveur corrigé (-30s): 37528s
[2025-07-07 05:45:03]   - Décalage détecté: -1.1s
[2025-07-07 05:45:03] Challenge Rare Or Commonplace:
[2025-07-07 05:45:03]   - Temps calculé: 49496.883197s
[2025-07-07 05:45:03]   - Temps serveur brut: 49498s
[2025-07-07 05:45:03]   - Temps serveur corrigé (-30s): 49528s
[2025-07-07 05:45:03]   - Décalage détecté: -1.1s
[2025-07-07 05:45:03] Challenge Screen Stars - Epic Mountains:
[2025-07-07 05:45:03]   - Temps calculé: 50396.872951s
[2025-07-07 05:45:03]   - Temps serveur brut: 50398s
[2025-07-07 05:45:03]   - Temps serveur corrigé (-30s): 50428s
[2025-07-07 05:45:03]   - Décalage détecté: -1.1s
[2025-07-07 05:45:03] Challenge Furniture:
[2025-07-07 05:45:03]   - Temps calculé: 72896.862666s
[2025-07-07 05:45:03]   - Temps serveur brut: 72898s
[2025-07-07 05:45:03]   - Temps serveur corrigé (-30s): 72928s
[2025-07-07 05:45:03]   - Décalage détecté: -1.1s
[2025-07-07 05:45:03] Challenges fetched successfully for bruno!
[2025-07-07 05:50:02] Resynchronisation avec le serveur...
[2025-07-07 05:50:02] Fetching challenges...
[2025-07-07 05:50:03] Challenges fetching ...
[2025-07-07 05:50:03] Challenge Children:
[2025-07-07 05:50:03]   - Temps calculé: 37196.768823s
[2025-07-07 05:50:03]   - Temps serveur brut: 37198s
[2025-07-07 05:50:03]   - Temps serveur corrigé (-30s): 37228s
[2025-07-07 05:50:03]   - Décalage détecté: -1.2s
[2025-07-07 05:50:03] Challenge Rare Or Commonplace:
[2025-07-07 05:50:03]   - Temps calculé: 49196.758676s
[2025-07-07 05:50:03]   - Temps serveur brut: 49198s
[2025-07-07 05:50:03]   - Temps serveur corrigé (-30s): 49228s
[2025-07-07 05:50:03]   - Décalage détecté: -1.2s
[2025-07-07 05:50:03] Challenge Screen Stars - Epic Mountains:
[2025-07-07 05:50:03]   - Temps calculé: 50096.748725s
[2025-07-07 05:50:03]   - Temps serveur brut: 50098s
[2025-07-07 05:50:03]   - Temps serveur corrigé (-30s): 50128s
[2025-07-07 05:50:03]   - Décalage détecté: -1.3s
[2025-07-07 05:50:03] Challenge Furniture:
[2025-07-07 05:50:03]   - Temps calculé: 72596.738442s
[2025-07-07 05:50:03]   - Temps serveur brut: 72598s
[2025-07-07 05:50:03]   - Temps serveur corrigé (-30s): 72628s
[2025-07-07 05:50:03]   - Décalage détecté: -1.3s
[2025-07-07 05:50:03] Challenges fetched successfully for bruno!
[2025-07-07 05:55:04] Resynchronisation avec le serveur...
[2025-07-07 05:55:04] Fetching challenges...
[2025-07-07 05:55:05] Challenges fetching ...
[2025-07-07 05:55:05] Challenge Children:
[2025-07-07 05:55:05]   - Temps calculé: 36894.729483s
[2025-07-07 05:55:05]   - Temps serveur brut: 36896s
[2025-07-07 05:55:05]   - Temps serveur corrigé (-30s): 36926s
[2025-07-07 05:55:05]   - Décalage détecté: -1.3s
[2025-07-07 05:55:05] Challenge Rare Or Commonplace:
[2025-07-07 05:55:05]   - Temps calculé: 48894.719845s
[2025-07-07 05:55:05]   - Temps serveur brut: 48896s
[2025-07-07 05:55:05]   - Temps serveur corrigé (-30s): 48926s
[2025-07-07 05:55:05]   - Décalage détecté: -1.3s
[2025-07-07 05:55:05] Challenge Screen Stars - Epic Mountains:
[2025-07-07 05:55:05]   - Temps calculé: 49794.710499s
[2025-07-07 05:55:05]   - Temps serveur brut: 49796s
[2025-07-07 05:55:05]   - Temps serveur corrigé (-30s): 49826s
[2025-07-07 05:55:05]   - Décalage détecté: -1.3s
[2025-07-07 05:55:05] Challenge Furniture:
[2025-07-07 05:55:05]   - Temps calculé: 72294.700971s
[2025-07-07 05:55:05]   - Temps serveur brut: 72296s
[2025-07-07 05:55:05]   - Temps serveur corrigé (-30s): 72326s
[2025-07-07 05:55:05]   - Décalage détecté: -1.3s
[2025-07-07 05:55:05] Challenges fetched successfully for bruno!
[2025-07-07 05:59:57] Resynchronisation avec le serveur...
[2025-07-07 05:59:57] Fetching challenges...
[2025-07-07 05:59:58] Challenges fetching ...
[2025-07-07 05:59:58] Challenge Children:
[2025-07-07 05:59:58]   - Temps calculé: 36601.987754s
[2025-07-07 05:59:58]   - Temps serveur brut: 36603s
[2025-07-07 05:59:58]   - Temps serveur corrigé (-30s): 36633s
[2025-07-07 05:59:58]   - Décalage détecté: -1.0s
[2025-07-07 05:59:58] Challenge Rare Or Commonplace:
[2025-07-07 05:59:58]   - Temps calculé: 48601.979751s
[2025-07-07 05:59:58]   - Temps serveur brut: 48603s
[2025-07-07 05:59:58]   - Temps serveur corrigé (-30s): 48633s
[2025-07-07 05:59:58]   - Décalage détecté: -1.0s
[2025-07-07 05:59:58] Challenge Screen Stars - Epic Mountains:
[2025-07-07 05:59:58]   - Temps calculé: 49501.973513s
[2025-07-07 05:59:58]   - Temps serveur brut: 49503s
[2025-07-07 05:59:58]   - Temps serveur corrigé (-30s): 49533s
[2025-07-07 05:59:58]   - Décalage détecté: -1.0s
[2025-07-07 05:59:58] Challenge Furniture:
[2025-07-07 05:59:58]   - Temps calculé: 72001.965342s
[2025-07-07 05:59:58]   - Temps serveur brut: 72003s
[2025-07-07 05:59:58]   - Temps serveur corrigé (-30s): 72033s
[2025-07-07 05:59:58]   - Décalage détecté: -1.0s
[2025-07-07 05:59:58] Challenges fetched successfully for bruno!
[2025-07-07 06:05:04] Resynchronisation avec le serveur...
[2025-07-07 06:05:04] Fetching challenges...
[2025-07-07 06:05:05] Challenges fetching ...
[2025-07-07 06:05:05] Challenge Children:
[2025-07-07 06:05:05]   - Temps calculé: 36294.719808s
[2025-07-07 06:05:05]   - Temps serveur brut: 36296s
[2025-07-07 06:05:05]   - Temps serveur corrigé (-30s): 36326s
[2025-07-07 06:05:05]   - Décalage détecté: -1.3s
[2025-07-07 06:05:05] Challenge Rare Or Commonplace:
[2025-07-07 06:05:05]   - Temps calculé: 48294.710073s
[2025-07-07 06:05:05]   - Temps serveur brut: 48296s
[2025-07-07 06:05:05]   - Temps serveur corrigé (-30s): 48326s
[2025-07-07 06:05:05]   - Décalage détecté: -1.3s
[2025-07-07 06:05:05] Challenge Screen Stars - Epic Mountains:
[2025-07-07 06:05:05]   - Temps calculé: 49194.700026s
[2025-07-07 06:05:05]   - Temps serveur brut: 49196s
[2025-07-07 06:05:05]   - Temps serveur corrigé (-30s): 49226s
[2025-07-07 06:05:05]   - Décalage détecté: -1.3s
[2025-07-07 06:05:05] Challenge Furniture:
[2025-07-07 06:05:05]   - Temps calculé: 71694.69006s
[2025-07-07 06:05:05]   - Temps serveur brut: 71696s
[2025-07-07 06:05:05]   - Temps serveur corrigé (-30s): 71726s
[2025-07-07 06:05:05]   - Décalage détecté: -1.3s
[2025-07-07 06:05:05] Challenges fetched successfully for bruno!
[2025-07-07 06:10:04] Resynchronisation avec le serveur...
[2025-07-07 06:10:04] Fetching challenges...
[2025-07-07 06:10:05] Challenges fetching ...
[2025-07-07 06:10:05] Challenge Children:
[2025-07-07 06:10:05]   - Temps calculé: 35994.961817s
[2025-07-07 06:10:05]   - Temps serveur brut: 35996s
[2025-07-07 06:10:05]   - Temps serveur corrigé (-30s): 36026s
[2025-07-07 06:10:05]   - Décalage détecté: -1.0s
[2025-07-07 06:10:05] Challenge Rare Or Commonplace:
[2025-07-07 06:10:05]   - Temps calculé: 47994.95382s
[2025-07-07 06:10:05]   - Temps serveur brut: 47996s
[2025-07-07 06:10:05]   - Temps serveur corrigé (-30s): 48026s
[2025-07-07 06:10:05]   - Décalage détecté: -1.0s
[2025-07-07 06:10:05] Challenge Screen Stars - Epic Mountains:
[2025-07-07 06:10:05]   - Temps calculé: 48894.946941s
[2025-07-07 06:10:05]   - Temps serveur brut: 48896s
[2025-07-07 06:10:05]   - Temps serveur corrigé (-30s): 48926s
[2025-07-07 06:10:05]   - Décalage détecté: -1.1s
[2025-07-07 06:10:05] Challenge Furniture:
[2025-07-07 06:10:05]   - Temps calculé: 71394.941766s
[2025-07-07 06:10:05]   - Temps serveur brut: 71396s
[2025-07-07 06:10:05]   - Temps serveur corrigé (-30s): 71426s
[2025-07-07 06:10:05]   - Décalage détecté: -1.1s
[2025-07-07 06:10:05] Challenges fetched successfully for bruno!
[2025-07-07 06:15:02] Resynchronisation avec le serveur...
[2025-07-07 06:15:02] Fetching challenges...
[2025-07-07 06:15:03] Challenges fetching ...
[2025-07-07 06:15:03] Challenge Children:
[2025-07-07 06:15:03]   - Temps calculé: 35696.887976s
[2025-07-07 06:15:03]   - Temps serveur brut: 35698s
[2025-07-07 06:15:03]   - Temps serveur corrigé (-30s): 35728s
[2025-07-07 06:15:03]   - Décalage détecté: -1.1s
[2025-07-07 06:15:03] Challenge Rare Or Commonplace:
[2025-07-07 06:15:03]   - Temps calculé: 47696.877796s
[2025-07-07 06:15:03]   - Temps serveur brut: 47698s
[2025-07-07 06:15:03]   - Temps serveur corrigé (-30s): 47728s
[2025-07-07 06:15:03]   - Décalage détecté: -1.1s
[2025-07-07 06:15:03] Challenge Screen Stars - Epic Mountains:
[2025-07-07 06:15:03]   - Temps calculé: 48596.868083s
[2025-07-07 06:15:03]   - Temps serveur brut: 48598s
[2025-07-07 06:15:03]   - Temps serveur corrigé (-30s): 48628s
[2025-07-07 06:15:03]   - Décalage détecté: -1.1s
[2025-07-07 06:15:03] Challenge Furniture:
[2025-07-07 06:15:03]   - Temps calculé: 71096.858547s
[2025-07-07 06:15:03]   - Temps serveur brut: 71098s
[2025-07-07 06:15:03]   - Temps serveur corrigé (-30s): 71128s
[2025-07-07 06:15:03]   - Décalage détecté: -1.1s
[2025-07-07 06:15:03] Challenges fetched successfully for bruno!
[2025-07-07 06:20:02] Resynchronisation avec le serveur...
[2025-07-07 06:20:02] Fetching challenges...
[2025-07-07 06:20:03] Challenges fetching ...
[2025-07-07 06:20:03] Challenge Children:
[2025-07-07 06:20:03]   - Temps calculé: 35396.834392s
[2025-07-07 06:20:03]   - Temps serveur brut: 35398s
[2025-07-07 06:20:03]   - Temps serveur corrigé (-30s): 35428s
[2025-07-07 06:20:03]   - Décalage détecté: -1.2s
[2025-07-07 06:20:03] Challenge Rare Or Commonplace:
[2025-07-07 06:20:03]   - Temps calculé: 47396.823889s
[2025-07-07 06:20:03]   - Temps serveur brut: 47398s
[2025-07-07 06:20:03]   - Temps serveur corrigé (-30s): 47428s
[2025-07-07 06:20:03]   - Décalage détecté: -1.2s
[2025-07-07 06:20:03] Challenge Screen Stars - Epic Mountains:
[2025-07-07 06:20:03]   - Temps calculé: 48296.814091s
[2025-07-07 06:20:03]   - Temps serveur brut: 48298s
[2025-07-07 06:20:03]   - Temps serveur corrigé (-30s): 48328s
[2025-07-07 06:20:03]   - Décalage détecté: -1.2s
[2025-07-07 06:20:03] Challenge Furniture:
[2025-07-07 06:20:03]   - Temps calculé: 70796.805882s
[2025-07-07 06:20:03]   - Temps serveur brut: 70798s
[2025-07-07 06:20:03]   - Temps serveur corrigé (-30s): 70828s
[2025-07-07 06:20:03]   - Décalage détecté: -1.2s
[2025-07-07 06:20:03] Challenges fetched successfully for bruno!
[2025-07-07 06:25:04] Resynchronisation avec le serveur...
[2025-07-07 06:25:04] Fetching challenges...
[2025-07-07 06:25:05] Challenges fetching ...
[2025-07-07 06:25:05] Challenge Children:
[2025-07-07 06:25:05]   - Temps calculé: 35094.746947s
[2025-07-07 06:25:05]   - Temps serveur brut: 35096s
[2025-07-07 06:25:05]   - Temps serveur corrigé (-30s): 35126s
[2025-07-07 06:25:05]   - Décalage détecté: -1.3s
[2025-07-07 06:25:05] Challenge Rare Or Commonplace:
[2025-07-07 06:25:05]   - Temps calculé: 47094.737381s
[2025-07-07 06:25:05]   - Temps serveur brut: 47096s
[2025-07-07 06:25:05]   - Temps serveur corrigé (-30s): 47126s
[2025-07-07 06:25:05]   - Décalage détecté: -1.3s
[2025-07-07 06:25:05] Challenge Screen Stars - Epic Mountains:
[2025-07-07 06:25:05]   - Temps calculé: 47994.728046s
[2025-07-07 06:25:05]   - Temps serveur brut: 47996s
[2025-07-07 06:25:05]   - Temps serveur corrigé (-30s): 48026s
[2025-07-07 06:25:05]   - Décalage détecté: -1.3s
[2025-07-07 06:25:05] Challenge Furniture:
[2025-07-07 06:25:05]   - Temps calculé: 70494.71833s
[2025-07-07 06:25:05]   - Temps serveur brut: 70496s
[2025-07-07 06:25:05]   - Temps serveur corrigé (-30s): 70526s
[2025-07-07 06:25:05]   - Décalage détecté: -1.3s
[2025-07-07 06:25:05] Challenges fetched successfully for bruno!
[2025-07-07 06:30:02] Resynchronisation avec le serveur...
[2025-07-07 06:30:02] Fetching challenges...
[2025-07-07 06:30:03] Challenges fetching ...
[2025-07-07 06:30:03] Challenge Children:
[2025-07-07 06:30:03]   - Temps calculé: 34796.859795s
[2025-07-07 06:30:03]   - Temps serveur brut: 34798s
[2025-07-07 06:30:03]   - Temps serveur corrigé (-30s): 34828s
[2025-07-07 06:30:03]   - Décalage détecté: -1.1s
[2025-07-07 06:30:03] Challenge Rare Or Commonplace:
[2025-07-07 06:30:03]   - Temps calculé: 46796.850526s
[2025-07-07 06:30:03]   - Temps serveur brut: 46798s
[2025-07-07 06:30:03]   - Temps serveur corrigé (-30s): 46828s
[2025-07-07 06:30:03]   - Décalage détecté: -1.1s
[2025-07-07 06:30:03] Challenge Screen Stars - Epic Mountains:
[2025-07-07 06:30:03]   - Temps calculé: 47696.842413s
[2025-07-07 06:30:03]   - Temps serveur brut: 47698s
[2025-07-07 06:30:03]   - Temps serveur corrigé (-30s): 47728s
[2025-07-07 06:30:03]   - Décalage détecté: -1.2s
[2025-07-07 06:30:03] Challenge Furniture:
[2025-07-07 06:30:03]   - Temps calculé: 70196.836853s
[2025-07-07 06:30:03]   - Temps serveur brut: 70198s
[2025-07-07 06:30:03]   - Temps serveur corrigé (-30s): 70228s
[2025-07-07 06:30:03]   - Décalage détecté: -1.2s
[2025-07-07 06:30:03] Challenges fetched successfully for bruno!
[2025-07-07 06:35:04] Resynchronisation avec le serveur...
[2025-07-07 06:35:04] Fetching challenges...
[2025-07-07 06:35:05] Challenges fetching ...
[2025-07-07 06:35:05] Challenge Children:
[2025-07-07 06:35:05]   - Temps calculé: 34494.676052s
[2025-07-07 06:35:05]   - Temps serveur brut: 34496s
[2025-07-07 06:35:05]   - Temps serveur corrigé (-30s): 34526s
[2025-07-07 06:35:05]   - Décalage détecté: -1.3s
[2025-07-07 06:35:05] Challenge Rare Or Commonplace:
[2025-07-07 06:35:05]   - Temps calculé: 46494.667938s
[2025-07-07 06:35:05]   - Temps serveur brut: 46496s
[2025-07-07 06:35:05]   - Temps serveur corrigé (-30s): 46526s
[2025-07-07 06:35:05]   - Décalage détecté: -1.3s
[2025-07-07 06:35:05] Challenge Screen Stars - Epic Mountains:
[2025-07-07 06:35:05]   - Temps calculé: 47394.659781s
[2025-07-07 06:35:05]   - Temps serveur brut: 47396s
[2025-07-07 06:35:05]   - Temps serveur corrigé (-30s): 47426s
[2025-07-07 06:35:05]   - Décalage détecté: -1.3s
[2025-07-07 06:35:05] Challenge Furniture:
[2025-07-07 06:35:05]   - Temps calculé: 69894.651852s
[2025-07-07 06:35:05]   - Temps serveur brut: 69896s
[2025-07-07 06:35:05]   - Temps serveur corrigé (-30s): 69926s
[2025-07-07 06:35:05]   - Décalage détecté: -1.3s
[2025-07-07 06:35:05] Challenges fetched successfully for bruno!
[2025-07-07 06:40:02] Resynchronisation avec le serveur...
[2025-07-07 06:40:02] Fetching challenges...
[2025-07-07 06:40:03] Challenges fetching ...
[2025-07-07 06:40:03] Challenge Children:
[2025-07-07 06:40:03]   - Temps calculé: 34196.783503s
[2025-07-07 06:40:03]   - Temps serveur brut: 34198s
[2025-07-07 06:40:03]   - Temps serveur corrigé (-30s): 34228s
[2025-07-07 06:40:03]   - Décalage détecté: -1.2s
[2025-07-07 06:40:03] Challenge Rare Or Commonplace:
[2025-07-07 06:40:03]   - Temps calculé: 46196.773024s
[2025-07-07 06:40:03]   - Temps serveur brut: 46198s
[2025-07-07 06:40:03]   - Temps serveur corrigé (-30s): 46228s
[2025-07-07 06:40:03]   - Décalage détecté: -1.2s
[2025-07-07 06:40:03] Challenge Screen Stars - Epic Mountains:
[2025-07-07 06:40:03]   - Temps calculé: 47096.762684s
[2025-07-07 06:40:03]   - Temps serveur brut: 47098s
[2025-07-07 06:40:03]   - Temps serveur corrigé (-30s): 47128s
[2025-07-07 06:40:03]   - Décalage détecté: -1.2s
[2025-07-07 06:40:03] Challenge Furniture:
[2025-07-07 06:40:03]   - Temps calculé: 69596.752328s
[2025-07-07 06:40:03]   - Temps serveur brut: 69598s
[2025-07-07 06:40:03]   - Temps serveur corrigé (-30s): 69628s
[2025-07-07 06:40:03]   - Décalage détecté: -1.2s
[2025-07-07 06:40:03] Challenges fetched successfully for bruno!
[2025-07-07 06:45:02] Resynchronisation avec le serveur...
[2025-07-07 06:45:02] Fetching challenges...
[2025-07-07 06:45:03] Challenges fetching ...
[2025-07-07 06:45:03] Challenge Children:
[2025-07-07 06:45:03]   - Temps calculé: 33896.677155s
[2025-07-07 06:45:03]   - Temps serveur brut: 33898s
[2025-07-07 06:45:03]   - Temps serveur corrigé (-30s): 33928s
[2025-07-07 06:45:03]   - Décalage détecté: -1.3s
[2025-07-07 06:45:03] Challenge Rare Or Commonplace:
[2025-07-07 06:45:03]   - Temps calculé: 45896.67063s
[2025-07-07 06:45:03]   - Temps serveur brut: 45898s
[2025-07-07 06:45:03]   - Temps serveur corrigé (-30s): 45928s
[2025-07-07 06:45:03]   - Décalage détecté: -1.3s
[2025-07-07 06:45:03] Challenge Screen Stars - Epic Mountains:
[2025-07-07 06:45:03]   - Temps calculé: 46796.665447s
[2025-07-07 06:45:03]   - Temps serveur brut: 46798s
[2025-07-07 06:45:03]   - Temps serveur corrigé (-30s): 46828s
[2025-07-07 06:45:03]   - Décalage détecté: -1.3s
[2025-07-07 06:45:03] Challenge Furniture:
[2025-07-07 06:45:03]   - Temps calculé: 69296.65992s
[2025-07-07 06:45:03]   - Temps serveur brut: 69298s
[2025-07-07 06:45:03]   - Temps serveur corrigé (-30s): 69328s
[2025-07-07 06:45:03]   - Décalage détecté: -1.3s
[2025-07-07 06:45:03] Challenges fetched successfully for bruno!
[2025-07-07 06:50:02] Resynchronisation avec le serveur...
[2025-07-07 06:50:02] Fetching challenges...
[2025-07-07 06:50:03] Challenges fetching ...
[2025-07-07 06:50:03] Challenge Children:
[2025-07-07 06:50:03]   - Temps calculé: 33596.645481s
[2025-07-07 06:50:03]   - Temps serveur brut: 33598s
[2025-07-07 06:50:03]   - Temps serveur corrigé (-30s): 33628s
[2025-07-07 06:50:03]   - Décalage détecté: -1.4s
[2025-07-07 06:50:03] Challenge Rare Or Commonplace:
[2025-07-07 06:50:03]   - Temps calculé: 45596.640947s
[2025-07-07 06:50:03]   - Temps serveur brut: 45598s
[2025-07-07 06:50:03]   - Temps serveur corrigé (-30s): 45628s
[2025-07-07 06:50:03]   - Décalage détecté: -1.4s
[2025-07-07 06:50:03] Challenge Screen Stars - Epic Mountains:
[2025-07-07 06:50:03]   - Temps calculé: 46496.636377s
[2025-07-07 06:50:03]   - Temps serveur brut: 46498s
[2025-07-07 06:50:03]   - Temps serveur corrigé (-30s): 46528s
[2025-07-07 06:50:03]   - Décalage détecté: -1.4s
[2025-07-07 06:50:03] Challenge Furniture:
[2025-07-07 06:50:03]   - Temps calculé: 68996.631662s
[2025-07-07 06:50:03]   - Temps serveur brut: 68998s
[2025-07-07 06:50:03]   - Temps serveur corrigé (-30s): 69028s
[2025-07-07 06:50:03]   - Décalage détecté: -1.4s
[2025-07-07 06:50:03] Challenges fetched successfully for bruno!
[2025-07-07 06:55:04] Resynchronisation avec le serveur...
[2025-07-07 06:55:04] Fetching challenges...
[2025-07-07 06:55:05] Challenges fetching ...
[2025-07-07 06:55:05] Challenge Children:
[2025-07-07 06:55:05]   - Temps calculé: 33294.66697s
[2025-07-07 06:55:05]   - Temps serveur brut: 33296s
[2025-07-07 06:55:05]   - Temps serveur corrigé (-30s): 33326s
[2025-07-07 06:55:05]   - Décalage détecté: -1.3s
[2025-07-07 06:55:05] Challenge Rare Or Commonplace:
[2025-07-07 06:55:05]   - Temps calculé: 45294.659223s
[2025-07-07 06:55:05]   - Temps serveur brut: 45296s
[2025-07-07 06:55:05]   - Temps serveur corrigé (-30s): 45326s
[2025-07-07 06:55:05]   - Décalage détecté: -1.3s
[2025-07-07 06:55:05] Challenge Screen Stars - Epic Mountains:
[2025-07-07 06:55:05]   - Temps calculé: 46194.650157s
[2025-07-07 06:55:05]   - Temps serveur brut: 46196s
[2025-07-07 06:55:05]   - Temps serveur corrigé (-30s): 46226s
[2025-07-07 06:55:05]   - Décalage détecté: -1.3s
[2025-07-07 06:55:05] Challenge Furniture:
[2025-07-07 06:55:05]   - Temps calculé: 68694.642416s
[2025-07-07 06:55:05]   - Temps serveur brut: 68696s
[2025-07-07 06:55:05]   - Temps serveur corrigé (-30s): 68726s
[2025-07-07 06:55:05]   - Décalage détecté: -1.4s
[2025-07-07 06:55:05] Challenges fetched successfully for bruno!
[2025-07-07 07:00:03] Resynchronisation avec le serveur...
[2025-07-07 07:00:03] Fetching challenges...
[2025-07-07 07:00:04] Challenges fetching ...
[2025-07-07 07:00:04] Challenge Children:
[2025-07-07 07:00:04]   - Temps calculé: 32995.760507s
[2025-07-07 07:00:04]   - Temps serveur brut: 32997s
[2025-07-07 07:00:04]   - Temps serveur corrigé (-30s): 33027s
[2025-07-07 07:00:04]   - Décalage détecté: -1.2s
[2025-07-07 07:00:04] Challenge Rare Or Commonplace:
[2025-07-07 07:00:04]   - Temps calculé: 44995.755538s
[2025-07-07 07:00:04]   - Temps serveur brut: 44997s
[2025-07-07 07:00:04]   - Temps serveur corrigé (-30s): 45027s
[2025-07-07 07:00:04]   - Décalage détecté: -1.2s
[2025-07-07 07:00:04] Challenge Screen Stars - Epic Mountains:
[2025-07-07 07:00:04]   - Temps calculé: 45895.750412s
[2025-07-07 07:00:04]   - Temps serveur brut: 45897s
[2025-07-07 07:00:04]   - Temps serveur corrigé (-30s): 45927s
[2025-07-07 07:00:04]   - Décalage détecté: -1.2s
[2025-07-07 07:00:04] Challenge Furniture:
[2025-07-07 07:00:04]   - Temps calculé: 68395.745011s
[2025-07-07 07:00:04]   - Temps serveur brut: 68397s
[2025-07-07 07:00:04]   - Temps serveur corrigé (-30s): 68427s
[2025-07-07 07:00:04]   - Décalage détecté: -1.3s
[2025-07-07 07:00:04] Challenges fetched successfully for bruno!
[2025-07-07 07:05:04] Resynchronisation avec le serveur...
[2025-07-07 07:05:04] Fetching challenges...
[2025-07-07 07:05:06] Challenges fetching ...
[2025-07-07 07:05:06] Challenge Children:
[2025-07-07 07:05:06]   - Temps calculé: 32693.571154s
[2025-07-07 07:05:06]   - Temps serveur brut: 32696s
[2025-07-07 07:05:06]   - Temps serveur corrigé (-30s): 32726s
[2025-07-07 07:05:06]   - Décalage détecté: -2.4s
[2025-07-07 07:05:06] Challenge Rare Or Commonplace:
[2025-07-07 07:05:06]   - Temps calculé: 44693.563853s
[2025-07-07 07:05:06]   - Temps serveur brut: 44696s
[2025-07-07 07:05:06]   - Temps serveur corrigé (-30s): 44726s
[2025-07-07 07:05:06]   - Décalage détecté: -2.4s
[2025-07-07 07:05:06] Challenge Screen Stars - Epic Mountains:
[2025-07-07 07:05:06]   - Temps calculé: 45593.556784s
[2025-07-07 07:05:06]   - Temps serveur brut: 45596s
[2025-07-07 07:05:06]   - Temps serveur corrigé (-30s): 45626s
[2025-07-07 07:05:06]   - Décalage détecté: -2.4s
[2025-07-07 07:05:06] Challenge Furniture:
[2025-07-07 07:05:06]   - Temps calculé: 68093.546826s
[2025-07-07 07:05:06]   - Temps serveur brut: 68096s
[2025-07-07 07:05:06]   - Temps serveur corrigé (-30s): 68126s
[2025-07-07 07:05:06]   - Décalage détecté: -2.5s
[2025-07-07 07:05:06] Challenges fetched successfully for bruno!
[2025-07-07 07:10:03] Resynchronisation avec le serveur...
[2025-07-07 07:10:03] Fetching challenges...
[2025-07-07 07:10:04] Challenges fetching ...
[2025-07-07 07:10:04] Challenge Children:
[2025-07-07 07:10:04]   - Temps calculé: 32395.834702s
[2025-07-07 07:10:04]   - Temps serveur brut: 32397s
[2025-07-07 07:10:04]   - Temps serveur corrigé (-30s): 32427s
[2025-07-07 07:10:04]   - Décalage détecté: -1.2s
[2025-07-07 07:10:04] Challenge Rare Or Commonplace:
[2025-07-07 07:10:04]   - Temps calculé: 44395.828887s
[2025-07-07 07:10:04]   - Temps serveur brut: 44397s
[2025-07-07 07:10:04]   - Temps serveur corrigé (-30s): 44427s
[2025-07-07 07:10:04]   - Décalage détecté: -1.2s
[2025-07-07 07:10:04] Challenge Screen Stars - Epic Mountains:
[2025-07-07 07:10:04]   - Temps calculé: 45295.823493s
[2025-07-07 07:10:04]   - Temps serveur brut: 45297s
[2025-07-07 07:10:04]   - Temps serveur corrigé (-30s): 45327s
[2025-07-07 07:10:04]   - Décalage détecté: -1.2s
[2025-07-07 07:10:04] Challenge Furniture:
[2025-07-07 07:10:04]   - Temps calculé: 67795.818317s
[2025-07-07 07:10:04]   - Temps serveur brut: 67797s
[2025-07-07 07:10:04]   - Temps serveur corrigé (-30s): 67827s
[2025-07-07 07:10:04]   - Décalage détecté: -1.2s
[2025-07-07 07:10:04] Challenges fetched successfully for bruno!
[2025-07-07 07:15:03] Resynchronisation avec le serveur...
[2025-07-07 07:15:03] Fetching challenges...
[2025-07-07 07:15:04] Challenges fetching ...
[2025-07-07 07:15:04] Challenge Children:
[2025-07-07 07:15:04]   - Temps calculé: 32095.945022s
[2025-07-07 07:15:04]   - Temps serveur brut: 32097s
[2025-07-07 07:15:04]   - Temps serveur corrigé (-30s): 32127s
[2025-07-07 07:15:04]   - Décalage détecté: -1.1s
[2025-07-07 07:15:04] Challenge Rare Or Commonplace:
[2025-07-07 07:15:04]   - Temps calculé: 44095.937139s
[2025-07-07 07:15:04]   - Temps serveur brut: 44097s
[2025-07-07 07:15:04]   - Temps serveur corrigé (-30s): 44127s
[2025-07-07 07:15:04]   - Décalage détecté: -1.1s
[2025-07-07 07:15:04] Challenge Screen Stars - Epic Mountains:
[2025-07-07 07:15:04]   - Temps calculé: 44995.932037s
[2025-07-07 07:15:04]   - Temps serveur brut: 44997s
[2025-07-07 07:15:04]   - Temps serveur corrigé (-30s): 45027s
[2025-07-07 07:15:04]   - Décalage détecté: -1.1s
[2025-07-07 07:15:04] Challenge Furniture:
[2025-07-07 07:15:04]   - Temps calculé: 67495.927521s
[2025-07-07 07:15:04]   - Temps serveur brut: 67497s
[2025-07-07 07:15:04]   - Temps serveur corrigé (-30s): 67527s
[2025-07-07 07:15:04]   - Décalage détecté: -1.1s
[2025-07-07 07:15:04] Challenges fetched successfully for bruno!
[2025-07-07 07:20:03] Resynchronisation avec le serveur...
[2025-07-07 07:20:03] Fetching challenges...
[2025-07-07 07:20:04] Challenges fetching ...
[2025-07-07 07:20:04] Challenge Children:
[2025-07-07 07:20:04]   - Temps calculé: 31795.977535s
[2025-07-07 07:20:04]   - Temps serveur brut: 31797s
[2025-07-07 07:20:04]   - Temps serveur corrigé (-30s): 31827s
[2025-07-07 07:20:04]   - Décalage détecté: -1.0s
[2025-07-07 07:20:04] Challenge Rare Or Commonplace:
[2025-07-07 07:20:04]   - Temps calculé: 43795.968122s
[2025-07-07 07:20:04]   - Temps serveur brut: 43797s
[2025-07-07 07:20:04]   - Temps serveur corrigé (-30s): 43827s
[2025-07-07 07:20:04]   - Décalage détecté: -1.0s
[2025-07-07 07:20:04] Challenge Screen Stars - Epic Mountains:
[2025-07-07 07:20:04]   - Temps calculé: 44695.958648s
[2025-07-07 07:20:04]   - Temps serveur brut: 44697s
[2025-07-07 07:20:04]   - Temps serveur corrigé (-30s): 44727s
[2025-07-07 07:20:04]   - Décalage détecté: -1.0s
[2025-07-07 07:20:04] Challenge Furniture:
[2025-07-07 07:20:04]   - Temps calculé: 67195.949051s
[2025-07-07 07:20:04]   - Temps serveur brut: 67197s
[2025-07-07 07:20:04]   - Temps serveur corrigé (-30s): 67227s
[2025-07-07 07:20:04]   - Décalage détecté: -1.1s
[2025-07-07 07:20:04] Challenges fetched successfully for bruno!
[2025-07-07 07:25:04] Resynchronisation avec le serveur...
[2025-07-07 07:25:04] Fetching challenges...
[2025-07-07 07:25:05] Challenges fetching ...
[2025-07-07 07:25:05] Challenge Children:
[2025-07-07 07:25:05]   - Temps calculé: 31494.423856s
[2025-07-07 07:25:05]   - Temps serveur brut: 31496s
[2025-07-07 07:25:05]   - Temps serveur corrigé (-30s): 31526s
[2025-07-07 07:25:05]   - Décalage détecté: -1.6s
[2025-07-07 07:25:05] Challenge Rare Or Commonplace:
[2025-07-07 07:25:05]   - Temps calculé: 43494.414942s
[2025-07-07 07:25:05]   - Temps serveur brut: 43496s
[2025-07-07 07:25:05]   - Temps serveur corrigé (-30s): 43526s
[2025-07-07 07:25:05]   - Décalage détecté: -1.6s
[2025-07-07 07:25:05] Challenge Screen Stars - Epic Mountains:
[2025-07-07 07:25:05]   - Temps calculé: 44394.407897s
[2025-07-07 07:25:05]   - Temps serveur brut: 44396s
[2025-07-07 07:25:05]   - Temps serveur corrigé (-30s): 44426s
[2025-07-07 07:25:05]   - Décalage détecté: -1.6s
[2025-07-07 07:25:05] Challenge Furniture:
[2025-07-07 07:25:05]   - Temps calculé: 66894.401977s
[2025-07-07 07:25:05]   - Temps serveur brut: 66896s
[2025-07-07 07:25:05]   - Temps serveur corrigé (-30s): 66926s
[2025-07-07 07:25:05]   - Décalage détecté: -1.6s
[2025-07-07 07:25:05] Challenges fetched successfully for bruno!
[2025-07-07 07:30:04] Resynchronisation avec le serveur...
[2025-07-07 07:30:04] Fetching challenges...
[2025-07-07 07:30:05] Challenges fetching ...
[2025-07-07 07:30:05] Challenge Children:
[2025-07-07 07:30:05]   - Temps calculé: 31194.69916s
[2025-07-07 07:30:05]   - Temps serveur brut: 31196s
[2025-07-07 07:30:05]   - Temps serveur corrigé (-30s): 31226s
[2025-07-07 07:30:05]   - Décalage détecté: -1.3s
[2025-07-07 07:30:05] Challenge Rare Or Commonplace:
[2025-07-07 07:30:05]   - Temps calculé: 43194.69436s
[2025-07-07 07:30:05]   - Temps serveur brut: 43196s
[2025-07-07 07:30:05]   - Temps serveur corrigé (-30s): 43226s
[2025-07-07 07:30:05]   - Décalage détecté: -1.3s
[2025-07-07 07:30:05] Challenge Screen Stars - Epic Mountains:
[2025-07-07 07:30:05]   - Temps calculé: 44094.689448s
[2025-07-07 07:30:05]   - Temps serveur brut: 44096s
[2025-07-07 07:30:05]   - Temps serveur corrigé (-30s): 44126s
[2025-07-07 07:30:05]   - Décalage détecté: -1.3s
[2025-07-07 07:30:05] Challenge Furniture:
[2025-07-07 07:30:05]   - Temps calculé: 66594.684639s
[2025-07-07 07:30:05]   - Temps serveur brut: 66596s
[2025-07-07 07:30:05]   - Temps serveur corrigé (-30s): 66626s
[2025-07-07 07:30:05]   - Décalage détecté: -1.3s
[2025-07-07 07:30:05] Challenges fetched successfully for bruno!
[2025-07-07 07:35:04] Resynchronisation avec le serveur...
[2025-07-07 07:35:04] Fetching challenges...
[2025-07-07 07:35:05] Challenges fetching ...
[2025-07-07 07:35:05] Challenge Children:
[2025-07-07 07:35:05]   - Temps calculé: 30894.551114s
[2025-07-07 07:35:05]   - Temps serveur brut: 30896s
[2025-07-07 07:35:05]   - Temps serveur corrigé (-30s): 30926s
[2025-07-07 07:35:05]   - Décalage détecté: -1.4s
[2025-07-07 07:35:05] Challenge Rare Or Commonplace:
[2025-07-07 07:35:05]   - Temps calculé: 42894.540743s
[2025-07-07 07:35:05]   - Temps serveur brut: 42896s
[2025-07-07 07:35:05]   - Temps serveur corrigé (-30s): 42926s
[2025-07-07 07:35:05]   - Décalage détecté: -1.5s
[2025-07-07 07:35:05] Challenge Screen Stars - Epic Mountains:
[2025-07-07 07:35:05]   - Temps calculé: 43794.530901s
[2025-07-07 07:35:05]   - Temps serveur brut: 43796s
[2025-07-07 07:35:05]   - Temps serveur corrigé (-30s): 43826s
[2025-07-07 07:35:05]   - Décalage détecté: -1.5s
[2025-07-07 07:35:05] Challenge Furniture:
[2025-07-07 07:35:05]   - Temps calculé: 66294.520187s
[2025-07-07 07:35:05]   - Temps serveur brut: 66296s
[2025-07-07 07:35:05]   - Temps serveur corrigé (-30s): 66326s
[2025-07-07 07:35:05]   - Décalage détecté: -1.5s
[2025-07-07 07:35:05] Challenges fetched successfully for bruno!
[2025-07-07 07:40:03] Resynchronisation avec le serveur...
[2025-07-07 07:40:03] Fetching challenges...
[2025-07-07 07:40:04] Challenges fetching ...
[2025-07-07 07:40:04] Challenge Children:
[2025-07-07 07:40:04]   - Temps calculé: 30595.851737s
[2025-07-07 07:40:04]   - Temps serveur brut: 30597s
[2025-07-07 07:40:04]   - Temps serveur corrigé (-30s): 30627s
[2025-07-07 07:40:04]   - Décalage détecté: -1.1s
[2025-07-07 07:40:04] Challenge Rare Or Commonplace:
[2025-07-07 07:40:04]   - Temps calculé: 42595.841323s
[2025-07-07 07:40:04]   - Temps serveur brut: 42597s
[2025-07-07 07:40:04]   - Temps serveur corrigé (-30s): 42627s
[2025-07-07 07:40:04]   - Décalage détecté: -1.2s
[2025-07-07 07:40:04] Challenge Screen Stars - Epic Mountains:
[2025-07-07 07:40:04]   - Temps calculé: 43495.833789s
[2025-07-07 07:40:04]   - Temps serveur brut: 43497s
[2025-07-07 07:40:04]   - Temps serveur corrigé (-30s): 43527s
[2025-07-07 07:40:04]   - Décalage détecté: -1.2s
[2025-07-07 07:40:04] Challenge Furniture:
[2025-07-07 07:40:04]   - Temps calculé: 65995.822549s
[2025-07-07 07:40:04]   - Temps serveur brut: 65997s
[2025-07-07 07:40:04]   - Temps serveur corrigé (-30s): 66027s
[2025-07-07 07:40:04]   - Décalage détecté: -1.2s
[2025-07-07 07:40:04] Challenges fetched successfully for bruno!
[2025-07-07 07:45:03] Resynchronisation avec le serveur...
[2025-07-07 07:45:03] Fetching challenges...
[2025-07-07 07:45:04] Challenges fetching ...
[2025-07-07 07:45:04] Challenge Children:
[2025-07-07 07:45:04]   - Temps calculé: 30295.814938s
[2025-07-07 07:45:04]   - Temps serveur brut: 30297s
[2025-07-07 07:45:04]   - Temps serveur corrigé (-30s): 30327s
[2025-07-07 07:45:04]   - Décalage détecté: -1.2s
[2025-07-07 07:45:04] Challenge Rare Or Commonplace:
[2025-07-07 07:45:04]   - Temps calculé: 42295.807974s
[2025-07-07 07:45:04]   - Temps serveur brut: 42297s
[2025-07-07 07:45:04]   - Temps serveur corrigé (-30s): 42327s
[2025-07-07 07:45:04]   - Décalage détecté: -1.2s
[2025-07-07 07:45:04] Challenge Screen Stars - Epic Mountains:
[2025-07-07 07:45:04]   - Temps calculé: 43195.79987s
[2025-07-07 07:45:04]   - Temps serveur brut: 43197s
[2025-07-07 07:45:04]   - Temps serveur corrigé (-30s): 43227s
[2025-07-07 07:45:04]   - Décalage détecté: -1.2s
[2025-07-07 07:45:04] Challenge Furniture:
[2025-07-07 07:45:04]   - Temps calculé: 65695.791105s
[2025-07-07 07:45:04]   - Temps serveur brut: 65697s
[2025-07-07 07:45:04]   - Temps serveur corrigé (-30s): 65727s
[2025-07-07 07:45:04]   - Décalage détecté: -1.2s
[2025-07-07 07:45:04] Challenges fetched successfully for bruno!
[2025-07-07 07:50:03] Resynchronisation avec le serveur...
[2025-07-07 07:50:03] Fetching challenges...
[2025-07-07 07:50:04] Challenges fetching ...
[2025-07-07 07:50:04] Challenge Children:
[2025-07-07 07:50:04]   - Temps calculé: 29995.672345s
[2025-07-07 07:50:04]   - Temps serveur brut: 29997s
[2025-07-07 07:50:04]   - Temps serveur corrigé (-30s): 30027s
[2025-07-07 07:50:04]   - Décalage détecté: -1.3s
[2025-07-07 07:50:04] Challenge Rare Or Commonplace:
[2025-07-07 07:50:04]   - Temps calculé: 41995.662272s
[2025-07-07 07:50:04]   - Temps serveur brut: 41997s
[2025-07-07 07:50:04]   - Temps serveur corrigé (-30s): 42027s
[2025-07-07 07:50:04]   - Décalage détecté: -1.3s
[2025-07-07 07:50:04] Challenge Screen Stars - Epic Mountains:
[2025-07-07 07:50:04]   - Temps calculé: 42895.655628s
[2025-07-07 07:50:04]   - Temps serveur brut: 42897s
[2025-07-07 07:50:04]   - Temps serveur corrigé (-30s): 42927s
[2025-07-07 07:50:04]   - Décalage détecté: -1.3s
[2025-07-07 07:50:04] Challenge Furniture:
[2025-07-07 07:50:04]   - Temps calculé: 65395.646576s
[2025-07-07 07:50:04]   - Temps serveur brut: 65397s
[2025-07-07 07:50:04]   - Temps serveur corrigé (-30s): 65427s
[2025-07-07 07:50:04]   - Décalage détecté: -1.4s
[2025-07-07 07:50:04] Challenges fetched successfully for bruno!
[2025-07-07 07:55:04] Resynchronisation avec le serveur...
[2025-07-07 07:55:04] Fetching challenges...
[2025-07-07 07:55:05] Challenges fetching ...
[2025-07-07 07:55:05] Challenge Children:
[2025-07-07 07:55:05]   - Temps calculé: 29694.408507s
[2025-07-07 07:55:05]   - Temps serveur brut: 29695s
[2025-07-07 07:55:05]   - Temps serveur corrigé (-30s): 29725s
[2025-07-07 07:55:05]   - Décalage détecté: -0.6s
[2025-07-07 07:55:05] Challenge Rare Or Commonplace:
[2025-07-07 07:55:05]   - Temps calculé: 41694.402755s
[2025-07-07 07:55:05]   - Temps serveur brut: 41695s
[2025-07-07 07:55:05]   - Temps serveur corrigé (-30s): 41725s
[2025-07-07 07:55:05]   - Décalage détecté: -0.6s
[2025-07-07 07:55:05] Challenge Screen Stars - Epic Mountains:
[2025-07-07 07:55:05]   - Temps calculé: 42594.395276s
[2025-07-07 07:55:05]   - Temps serveur brut: 42595s
[2025-07-07 07:55:05]   - Temps serveur corrigé (-30s): 42625s
[2025-07-07 07:55:05]   - Décalage détecté: -0.6s
[2025-07-07 07:55:05] Challenge Furniture:
[2025-07-07 07:55:05]   - Temps calculé: 65094.388908s
[2025-07-07 07:55:05]   - Temps serveur brut: 65095s
[2025-07-07 07:55:05]   - Temps serveur corrigé (-30s): 65125s
[2025-07-07 07:55:05]   - Décalage détecté: -0.6s
[2025-07-07 07:55:05] Challenges fetched successfully for bruno!
[2025-07-07 08:00:03] Resynchronisation avec le serveur...
[2025-07-07 08:00:03] Fetching challenges...
[2025-07-07 08:00:04] Challenges fetching ...
[2025-07-07 08:00:04] Challenge Children:
[2025-07-07 08:00:04]   - Temps calculé: 29395.811447s
[2025-07-07 08:00:04]   - Temps serveur brut: 29397s
[2025-07-07 08:00:04]   - Temps serveur corrigé (-30s): 29427s
[2025-07-07 08:00:04]   - Décalage détecté: -1.2s
[2025-07-07 08:00:04] Challenge Rare Or Commonplace:
[2025-07-07 08:00:04]   - Temps calculé: 41395.80661s
[2025-07-07 08:00:04]   - Temps serveur brut: 41397s
[2025-07-07 08:00:04]   - Temps serveur corrigé (-30s): 41427s
[2025-07-07 08:00:04]   - Décalage détecté: -1.2s
[2025-07-07 08:00:04] Challenge Screen Stars - Epic Mountains:
[2025-07-07 08:00:04]   - Temps calculé: 42295.801605s
[2025-07-07 08:00:04]   - Temps serveur brut: 42297s
[2025-07-07 08:00:04]   - Temps serveur corrigé (-30s): 42327s
[2025-07-07 08:00:04]   - Décalage détecté: -1.2s
[2025-07-07 08:00:04] Challenge Furniture:
[2025-07-07 08:00:04]   - Temps calculé: 64795.796622s
[2025-07-07 08:00:04]   - Temps serveur brut: 64797s
[2025-07-07 08:00:04]   - Temps serveur corrigé (-30s): 64827s
[2025-07-07 08:00:04]   - Décalage détecté: -1.2s
[2025-07-07 08:00:04] Challenges fetched successfully for bruno!
[2025-07-07 08:05:04] Resynchronisation avec le serveur...
[2025-07-07 08:05:04] Fetching challenges...
[2025-07-07 08:05:05] Challenges fetching ...
[2025-07-07 08:05:05] Challenge Children:
[2025-07-07 08:05:05]   - Temps calculé: 29094.46946s
[2025-07-07 08:05:05]   - Temps serveur brut: 29095s
[2025-07-07 08:05:05]   - Temps serveur corrigé (-30s): 29125s
[2025-07-07 08:05:05]   - Décalage détecté: -0.5s
[2025-07-07 08:05:05] Challenge Rare Or Commonplace:
[2025-07-07 08:05:05]   - Temps calculé: 41094.458937s
[2025-07-07 08:05:05]   - Temps serveur brut: 41095s
[2025-07-07 08:05:05]   - Temps serveur corrigé (-30s): 41125s
[2025-07-07 08:05:05]   - Décalage détecté: -0.5s
[2025-07-07 08:05:05] Challenge Screen Stars - Epic Mountains:
[2025-07-07 08:05:05]   - Temps calculé: 41994.448291s
[2025-07-07 08:05:05]   - Temps serveur brut: 41995s
[2025-07-07 08:05:05]   - Temps serveur corrigé (-30s): 42025s
[2025-07-07 08:05:05]   - Décalage détecté: -0.6s
[2025-07-07 08:05:05] Challenge Furniture:
[2025-07-07 08:05:05]   - Temps calculé: 64494.437623s
[2025-07-07 08:05:05]   - Temps serveur brut: 64495s
[2025-07-07 08:05:05]   - Temps serveur corrigé (-30s): 64525s
[2025-07-07 08:05:05]   - Décalage détecté: -0.6s
[2025-07-07 08:05:05] Challenges fetched successfully for bruno!
[2025-07-07 08:10:04] Resynchronisation avec le serveur...
[2025-07-07 08:10:04] Fetching challenges...
[2025-07-07 08:10:05] Challenges fetching ...
[2025-07-07 08:10:05] Challenge Children:
[2025-07-07 08:10:05]   - Temps calculé: 28794.895866s
[2025-07-07 08:10:05]   - Temps serveur brut: 28796s
[2025-07-07 08:10:05]   - Temps serveur corrigé (-30s): 28826s
[2025-07-07 08:10:05]   - Décalage détecté: -1.1s
[2025-07-07 08:10:05] Challenge Rare Or Commonplace:
[2025-07-07 08:10:05]   - Temps calculé: 40794.885897s
[2025-07-07 08:10:05]   - Temps serveur brut: 40796s
[2025-07-07 08:10:05]   - Temps serveur corrigé (-30s): 40826s
[2025-07-07 08:10:05]   - Décalage détecté: -1.1s
[2025-07-07 08:10:05] Challenge Screen Stars - Epic Mountains:
[2025-07-07 08:10:05]   - Temps calculé: 41694.878896s
[2025-07-07 08:10:05]   - Temps serveur brut: 41696s
[2025-07-07 08:10:05]   - Temps serveur corrigé (-30s): 41726s
[2025-07-07 08:10:05]   - Décalage détecté: -1.1s
[2025-07-07 08:10:05] Challenge Furniture:
[2025-07-07 08:10:05]   - Temps calculé: 64194.869597s
[2025-07-07 08:10:05]   - Temps serveur brut: 64196s
[2025-07-07 08:10:05]   - Temps serveur corrigé (-30s): 64226s
[2025-07-07 08:10:05]   - Décalage détecté: -1.1s
[2025-07-07 08:10:05] Challenges fetched successfully for bruno!
[2025-07-07 08:15:03] Resynchronisation avec le serveur...
[2025-07-07 08:15:03] Fetching challenges...
[2025-07-07 08:15:03] Challenges fetching ...
[2025-07-07 08:15:03] Challenge Children:
[2025-07-07 08:15:03]   - Temps calculé: 28496.008766s
[2025-07-07 08:15:03]   - Temps serveur brut: 28497s
[2025-07-07 08:15:03]   - Temps serveur corrigé (-30s): 28527s
[2025-07-07 08:15:03]   - Décalage détecté: -1.0s
[2025-07-07 08:15:04] Challenge Rare Or Commonplace:
[2025-07-07 08:15:04]   - Temps calculé: 40495.999173s
[2025-07-07 08:15:04]   - Temps serveur brut: 40497s
[2025-07-07 08:15:04]   - Temps serveur corrigé (-30s): 40527s
[2025-07-07 08:15:04]   - Décalage détecté: -1.0s
[2025-07-07 08:15:04] Challenge Screen Stars - Epic Mountains:
[2025-07-07 08:15:04]   - Temps calculé: 41395.989787s
[2025-07-07 08:15:04]   - Temps serveur brut: 41397s
[2025-07-07 08:15:04]   - Temps serveur corrigé (-30s): 41427s
[2025-07-07 08:15:04]   - Décalage détecté: -1.0s
[2025-07-07 08:15:04] Challenge Furniture:
[2025-07-07 08:15:04]   - Temps calculé: 63895.981647s
[2025-07-07 08:15:04]   - Temps serveur brut: 63897s
[2025-07-07 08:15:04]   - Temps serveur corrigé (-30s): 63927s
[2025-07-07 08:15:04]   - Décalage détecté: -1.0s
[2025-07-07 08:15:04] Challenges fetched successfully for bruno!
[2025-07-07 08:20:03] Resynchronisation avec le serveur...
[2025-07-07 08:20:03] Fetching challenges...
[2025-07-07 08:20:03] Challenges fetching ...
[2025-07-07 08:20:03] Challenge Children:
[2025-07-07 08:20:03]   - Temps calculé: 28196.058303s
[2025-07-07 08:20:03]   - Temps serveur brut: 28197s
[2025-07-07 08:20:03]   - Temps serveur corrigé (-30s): 28227s
[2025-07-07 08:20:03]   - Décalage détecté: -0.9s
[2025-07-07 08:20:03] Challenge Rare Or Commonplace:
[2025-07-07 08:20:03]   - Temps calculé: 40196.048491s
[2025-07-07 08:20:03]   - Temps serveur brut: 40197s
[2025-07-07 08:20:03]   - Temps serveur corrigé (-30s): 40227s
[2025-07-07 08:20:03]   - Décalage détecté: -1.0s
[2025-07-07 08:20:03] Challenge Screen Stars - Epic Mountains:
[2025-07-07 08:20:03]   - Temps calculé: 41096.039246s
[2025-07-07 08:20:03]   - Temps serveur brut: 41097s
[2025-07-07 08:20:03]   - Temps serveur corrigé (-30s): 41127s
[2025-07-07 08:20:03]   - Décalage détecté: -1.0s
[2025-07-07 08:20:03] Challenge Furniture:
[2025-07-07 08:20:03]   - Temps calculé: 63596.032666s
[2025-07-07 08:20:03]   - Temps serveur brut: 63597s
[2025-07-07 08:20:03]   - Temps serveur corrigé (-30s): 63627s
[2025-07-07 08:20:03]   - Décalage détecté: -1.0s
[2025-07-07 08:20:03] Challenges fetched successfully for bruno!
[2025-07-07 08:25:04] Resynchronisation avec le serveur...
[2025-07-07 08:25:04] Fetching challenges...
[2025-07-07 08:25:05] Challenges fetching ...
[2025-07-07 08:25:05] Challenge Children:
[2025-07-07 08:25:05]   - Temps calculé: 27894.70596s
[2025-07-07 08:25:05]   - Temps serveur brut: 27896s
[2025-07-07 08:25:05]   - Temps serveur corrigé (-30s): 27926s
[2025-07-07 08:25:05]   - Décalage détecté: -1.3s
[2025-07-07 08:25:05] Challenge Rare Or Commonplace:
[2025-07-07 08:25:05]   - Temps calculé: 39894.699319s
[2025-07-07 08:25:05]   - Temps serveur brut: 39896s
[2025-07-07 08:25:05]   - Temps serveur corrigé (-30s): 39926s
[2025-07-07 08:25:05]   - Décalage détecté: -1.3s
[2025-07-07 08:25:05] Challenge Screen Stars - Epic Mountains:
[2025-07-07 08:25:05]   - Temps calculé: 40794.689286s
[2025-07-07 08:25:05]   - Temps serveur brut: 40796s
[2025-07-07 08:25:05]   - Temps serveur corrigé (-30s): 40826s
[2025-07-07 08:25:05]   - Décalage détecté: -1.3s
[2025-07-07 08:25:05] Challenge Furniture:
[2025-07-07 08:25:05]   - Temps calculé: 63294.680283s
[2025-07-07 08:25:05]   - Temps serveur brut: 63296s
[2025-07-07 08:25:05]   - Temps serveur corrigé (-30s): 63326s
[2025-07-07 08:25:05]   - Décalage détecté: -1.3s
[2025-07-07 08:25:05] Challenges fetched successfully for bruno!
[2025-07-07 08:30:03] Resynchronisation avec le serveur...
[2025-07-07 08:30:03] Fetching challenges...
[2025-07-07 08:30:04] Challenges fetching ...
[2025-07-07 08:30:04] Challenge Children:
[2025-07-07 08:30:04]   - Temps calculé: 27595.888946s
[2025-07-07 08:30:04]   - Temps serveur brut: 27597s
[2025-07-07 08:30:04]   - Temps serveur corrigé (-30s): 27627s
[2025-07-07 08:30:04]   - Décalage détecté: -1.1s
[2025-07-07 08:30:04] Challenge Rare Or Commonplace:
[2025-07-07 08:30:04]   - Temps calculé: 39595.878436s
[2025-07-07 08:30:04]   - Temps serveur brut: 39597s
[2025-07-07 08:30:04]   - Temps serveur corrigé (-30s): 39627s
[2025-07-07 08:30:04]   - Décalage détecté: -1.1s
[2025-07-07 08:30:04] Challenge Screen Stars - Epic Mountains:
[2025-07-07 08:30:04]   - Temps calculé: 40495.869594s
[2025-07-07 08:30:04]   - Temps serveur brut: 40497s
[2025-07-07 08:30:04]   - Temps serveur corrigé (-30s): 40527s
[2025-07-07 08:30:04]   - Décalage détecté: -1.1s
[2025-07-07 08:30:04] Challenge Furniture:
[2025-07-07 08:30:04]   - Temps calculé: 62995.861537s
[2025-07-07 08:30:04]   - Temps serveur brut: 62997s
[2025-07-07 08:30:04]   - Temps serveur corrigé (-30s): 63027s
[2025-07-07 08:30:04]   - Décalage détecté: -1.1s
[2025-07-07 08:30:04] Challenges fetched successfully for bruno!
[2025-07-07 08:35:04] Resynchronisation avec le serveur...
[2025-07-07 08:35:04] Fetching challenges...
[2025-07-07 08:35:05] Challenges fetching ...
[2025-07-07 08:35:05] Challenge Children:
[2025-07-07 08:35:05]   - Temps calculé: 27294.623465s
[2025-07-07 08:35:05]   - Temps serveur brut: 27296s
[2025-07-07 08:35:05]   - Temps serveur corrigé (-30s): 27326s
[2025-07-07 08:35:05]   - Décalage détecté: -1.4s
[2025-07-07 08:35:05] Challenge Rare Or Commonplace:
[2025-07-07 08:35:05]   - Temps calculé: 39294.613064s
[2025-07-07 08:35:05]   - Temps serveur brut: 39296s
[2025-07-07 08:35:05]   - Temps serveur corrigé (-30s): 39326s
[2025-07-07 08:35:05]   - Décalage détecté: -1.4s
[2025-07-07 08:35:05] Challenge Screen Stars - Epic Mountains:
[2025-07-07 08:35:05]   - Temps calculé: 40194.60262s
[2025-07-07 08:35:05]   - Temps serveur brut: 40196s
[2025-07-07 08:35:05]   - Temps serveur corrigé (-30s): 40226s
[2025-07-07 08:35:05]   - Décalage détecté: -1.4s
[2025-07-07 08:35:05] Challenge Furniture:
[2025-07-07 08:35:05]   - Temps calculé: 62694.592245s
[2025-07-07 08:35:05]   - Temps serveur brut: 62696s
[2025-07-07 08:35:05]   - Temps serveur corrigé (-30s): 62726s
[2025-07-07 08:35:05]   - Décalage détecté: -1.4s
[2025-07-07 08:35:05] Challenges fetched successfully for bruno!
[2025-07-07 08:40:03] Resynchronisation avec le serveur...
[2025-07-07 08:40:03] Fetching challenges...
[2025-07-07 08:40:04] Challenges fetching ...
[2025-07-07 08:40:04] Challenge Children:
[2025-07-07 08:40:04]   - Temps calculé: 26995.898433s
[2025-07-07 08:40:04]   - Temps serveur brut: 26997s
[2025-07-07 08:40:04]   - Temps serveur corrigé (-30s): 27027s
[2025-07-07 08:40:04]   - Décalage détecté: -1.1s
[2025-07-07 08:40:04] Challenge Rare Or Commonplace:
[2025-07-07 08:40:04]   - Temps calculé: 38995.888934s
[2025-07-07 08:40:04]   - Temps serveur brut: 38997s
[2025-07-07 08:40:04]   - Temps serveur corrigé (-30s): 39027s
[2025-07-07 08:40:04]   - Décalage détecté: -1.1s
[2025-07-07 08:40:04] Challenge Screen Stars - Epic Mountains:
[2025-07-07 08:40:04]   - Temps calculé: 39895.879895s
[2025-07-07 08:40:04]   - Temps serveur brut: 39897s
[2025-07-07 08:40:04]   - Temps serveur corrigé (-30s): 39927s
[2025-07-07 08:40:04]   - Décalage détecté: -1.1s
[2025-07-07 08:40:04] Challenge Furniture:
[2025-07-07 08:40:04]   - Temps calculé: 62395.870834s
[2025-07-07 08:40:04]   - Temps serveur brut: 62397s
[2025-07-07 08:40:04]   - Temps serveur corrigé (-30s): 62427s
[2025-07-07 08:40:04]   - Décalage détecté: -1.1s
[2025-07-07 08:40:04] Challenges fetched successfully for bruno!
[2025-07-07 08:45:03] Resynchronisation avec le serveur...
[2025-07-07 08:45:03] Fetching challenges...
[2025-07-07 08:45:04] Challenges fetching ...
[2025-07-07 08:45:04] Challenge Children:
[2025-07-07 08:45:04]   - Temps calculé: 26695.988035s
[2025-07-07 08:45:04]   - Temps serveur brut: 26697s
[2025-07-07 08:45:04]   - Temps serveur corrigé (-30s): 26727s
[2025-07-07 08:45:04]   - Décalage détecté: -1.0s
[2025-07-07 08:45:04] Challenge Rare Or Commonplace:
[2025-07-07 08:45:04]   - Temps calculé: 38695.979725s
[2025-07-07 08:45:04]   - Temps serveur brut: 38697s
[2025-07-07 08:45:04]   - Temps serveur corrigé (-30s): 38727s
[2025-07-07 08:45:04]   - Décalage détecté: -1.0s
[2025-07-07 08:45:04] Challenge Screen Stars - Epic Mountains:
[2025-07-07 08:45:04]   - Temps calculé: 39595.972s
[2025-07-07 08:45:04]   - Temps serveur brut: 39597s
[2025-07-07 08:45:04]   - Temps serveur corrigé (-30s): 39627s
[2025-07-07 08:45:04]   - Décalage détecté: -1.0s
[2025-07-07 08:45:04] Challenge Furniture:
[2025-07-07 08:45:04]   - Temps calculé: 62095.964364s
[2025-07-07 08:45:04]   - Temps serveur brut: 62097s
[2025-07-07 08:45:04]   - Temps serveur corrigé (-30s): 62127s
[2025-07-07 08:45:04]   - Décalage détecté: -1.0s
[2025-07-07 08:45:04] Challenges fetched successfully for bruno!
[2025-07-07 08:50:03] Resynchronisation avec le serveur...
[2025-07-07 08:50:03] Fetching challenges...
[2025-07-07 08:50:04] Challenges fetching ...
[2025-07-07 08:50:04] Challenge Children:
[2025-07-07 08:50:04]   - Temps calculé: 26395.877411s
[2025-07-07 08:50:04]   - Temps serveur brut: 26397s
[2025-07-07 08:50:04]   - Temps serveur corrigé (-30s): 26427s
[2025-07-07 08:50:04]   - Décalage détecté: -1.1s
[2025-07-07 08:50:04] Challenge Rare Or Commonplace:
[2025-07-07 08:50:04]   - Temps calculé: 38395.872838s
[2025-07-07 08:50:04]   - Temps serveur brut: 38397s
[2025-07-07 08:50:04]   - Temps serveur corrigé (-30s): 38427s
[2025-07-07 08:50:04]   - Décalage détecté: -1.1s
[2025-07-07 08:50:04] Challenge Screen Stars - Epic Mountains:
[2025-07-07 08:50:04]   - Temps calculé: 39295.868197s
[2025-07-07 08:50:04]   - Temps serveur brut: 39297s
[2025-07-07 08:50:04]   - Temps serveur corrigé (-30s): 39327s
[2025-07-07 08:50:04]   - Décalage détecté: -1.1s
[2025-07-07 08:50:04] Challenge Furniture:
[2025-07-07 08:50:04]   - Temps calculé: 61795.863206s
[2025-07-07 08:50:04]   - Temps serveur brut: 61797s
[2025-07-07 08:50:04]   - Temps serveur corrigé (-30s): 61827s
[2025-07-07 08:50:04]   - Décalage détecté: -1.1s
[2025-07-07 08:50:04] Challenges fetched successfully for bruno!
[2025-07-07 08:55:04] Resynchronisation avec le serveur...
[2025-07-07 08:55:04] Fetching challenges...
[2025-07-07 08:55:05] Challenges fetching ...
[2025-07-07 08:55:05] Challenge Children:
[2025-07-07 08:55:05]   - Temps calculé: 26094.616933s
[2025-07-07 08:55:05]   - Temps serveur brut: 26096s
[2025-07-07 08:55:05]   - Temps serveur corrigé (-30s): 26126s
[2025-07-07 08:55:05]   - Décalage détecté: -1.4s
[2025-07-07 08:55:05] Challenge Rare Or Commonplace:
[2025-07-07 08:55:05]   - Temps calculé: 38094.606832s
[2025-07-07 08:55:05]   - Temps serveur brut: 38096s
[2025-07-07 08:55:05]   - Temps serveur corrigé (-30s): 38126s
[2025-07-07 08:55:05]   - Décalage détecté: -1.4s
[2025-07-07 08:55:05] Challenge Screen Stars - Epic Mountains:
[2025-07-07 08:55:05]   - Temps calculé: 38994.597491s
[2025-07-07 08:55:05]   - Temps serveur brut: 38996s
[2025-07-07 08:55:05]   - Temps serveur corrigé (-30s): 39026s
[2025-07-07 08:55:05]   - Décalage détecté: -1.4s
[2025-07-07 08:55:05] Challenge Furniture:
[2025-07-07 08:55:05]   - Temps calculé: 61494.589461s
[2025-07-07 08:55:05]   - Temps serveur brut: 61496s
[2025-07-07 08:55:05]   - Temps serveur corrigé (-30s): 61526s
[2025-07-07 08:55:05]   - Décalage détecté: -1.4s
[2025-07-07 08:55:05] Challenges fetched successfully for bruno!
[2025-07-07 09:00:04] Resynchronisation avec le serveur...
[2025-07-07 09:00:04] Fetching challenges...
[2025-07-07 09:00:05] Challenges fetching ...
[2025-07-07 09:00:05] Challenge Children:
[2025-07-07 09:00:05]   - Temps calculé: 25794.755886s
[2025-07-07 09:00:05]   - Temps serveur brut: 25796s
[2025-07-07 09:00:05]   - Temps serveur corrigé (-30s): 25826s
[2025-07-07 09:00:05]   - Décalage détecté: -1.2s
[2025-07-07 09:00:05] Challenge Rare Or Commonplace:
[2025-07-07 09:00:05]   - Temps calculé: 37794.745887s
[2025-07-07 09:00:05]   - Temps serveur brut: 37796s
[2025-07-07 09:00:05]   - Temps serveur corrigé (-30s): 37826s
[2025-07-07 09:00:05]   - Décalage détecté: -1.3s
[2025-07-07 09:00:05] Challenge Screen Stars - Epic Mountains:
[2025-07-07 09:00:05]   - Temps calculé: 38694.735926s
[2025-07-07 09:00:05]   - Temps serveur brut: 38696s
[2025-07-07 09:00:05]   - Temps serveur corrigé (-30s): 38726s
[2025-07-07 09:00:05]   - Décalage détecté: -1.3s
[2025-07-07 09:00:05] Challenge Furniture:
[2025-07-07 09:00:05]   - Temps calculé: 61194.725931s
[2025-07-07 09:00:05]   - Temps serveur brut: 61196s
[2025-07-07 09:00:05]   - Temps serveur corrigé (-30s): 61226s
[2025-07-07 09:00:05]   - Décalage détecté: -1.3s
[2025-07-07 09:00:05] Challenges fetched successfully for bruno!
[2025-07-07 09:05:04] Resynchronisation avec le serveur...
[2025-07-07 09:05:04] Fetching challenges...
[2025-07-07 09:05:05] Challenges fetching ...
[2025-07-07 09:05:05] Challenge Children:
[2025-07-07 09:05:05]   - Temps calculé: 25494.394113s
[2025-07-07 09:05:05]   - Temps serveur brut: 25495s
[2025-07-07 09:05:05]   - Temps serveur corrigé (-30s): 25525s
[2025-07-07 09:05:05]   - Décalage détecté: -0.6s
[2025-07-07 09:05:05] Challenge Rare Or Commonplace:
[2025-07-07 09:05:05]   - Temps calculé: 37494.38352s
[2025-07-07 09:05:05]   - Temps serveur brut: 37495s
[2025-07-07 09:05:05]   - Temps serveur corrigé (-30s): 37525s
[2025-07-07 09:05:05]   - Décalage détecté: -0.6s
[2025-07-07 09:05:05] Challenge Screen Stars - Epic Mountains:
[2025-07-07 09:05:05]   - Temps calculé: 38394.374234s
[2025-07-07 09:05:05]   - Temps serveur brut: 38395s
[2025-07-07 09:05:05]   - Temps serveur corrigé (-30s): 38425s
[2025-07-07 09:05:05]   - Décalage détecté: -0.6s
[2025-07-07 09:05:05] Challenge Furniture:
[2025-07-07 09:05:05]   - Temps calculé: 60894.364808s
[2025-07-07 09:05:05]   - Temps serveur brut: 60895s
[2025-07-07 09:05:05]   - Temps serveur corrigé (-30s): 60925s
[2025-07-07 09:05:05]   - Décalage détecté: -0.6s
[2025-07-07 09:05:05] Challenges fetched successfully for bruno!
[2025-07-07 09:10:03] Resynchronisation avec le serveur...
[2025-07-07 09:10:03] Fetching challenges...
[2025-07-07 09:10:04] Challenges fetching ...
[2025-07-07 09:10:04] Challenge Children:
[2025-07-07 09:10:04]   - Temps calculé: 25195.703072s
[2025-07-07 09:10:04]   - Temps serveur brut: 25197s
[2025-07-07 09:10:04]   - Temps serveur corrigé (-30s): 25227s
[2025-07-07 09:10:04]   - Décalage détecté: -1.3s
[2025-07-07 09:10:04] Challenge Rare Or Commonplace:
[2025-07-07 09:10:04]   - Temps calculé: 37195.693621s
[2025-07-07 09:10:04]   - Temps serveur brut: 37197s
[2025-07-07 09:10:04]   - Temps serveur corrigé (-30s): 37227s
[2025-07-07 09:10:04]   - Décalage détecté: -1.3s
[2025-07-07 09:10:04] Challenge Screen Stars - Epic Mountains:
[2025-07-07 09:10:04]   - Temps calculé: 38095.684989s
[2025-07-07 09:10:04]   - Temps serveur brut: 38097s
[2025-07-07 09:10:04]   - Temps serveur corrigé (-30s): 38127s
[2025-07-07 09:10:04]   - Décalage détecté: -1.3s
[2025-07-07 09:10:04] Challenge Furniture:
[2025-07-07 09:10:04]   - Temps calculé: 60595.67572s
[2025-07-07 09:10:04]   - Temps serveur brut: 60597s
[2025-07-07 09:10:04]   - Temps serveur corrigé (-30s): 60627s
[2025-07-07 09:10:04]   - Décalage détecté: -1.3s
[2025-07-07 09:10:04] Challenges fetched successfully for bruno!
[2025-07-07 09:15:04] Resynchronisation avec le serveur...
[2025-07-07 09:15:04] Fetching challenges...
[2025-07-07 09:15:05] Challenges fetching ...
[2025-07-07 09:15:05] Challenge Children:
[2025-07-07 09:15:05]   - Temps calculé: 24894.555813s
[2025-07-07 09:15:05]   - Temps serveur brut: 24896s
[2025-07-07 09:15:05]   - Temps serveur corrigé (-30s): 24926s
[2025-07-07 09:15:05]   - Décalage détecté: -1.4s
[2025-07-07 09:15:05] Challenge Rare Or Commonplace:
[2025-07-07 09:15:05]   - Temps calculé: 36894.551108s
[2025-07-07 09:15:05]   - Temps serveur brut: 36896s
[2025-07-07 09:15:05]   - Temps serveur corrigé (-30s): 36926s
[2025-07-07 09:15:05]   - Décalage détecté: -1.4s
[2025-07-07 09:15:05] Challenge Screen Stars - Epic Mountains:
[2025-07-07 09:15:05]   - Temps calculé: 37794.546512s
[2025-07-07 09:15:05]   - Temps serveur brut: 37796s
[2025-07-07 09:15:05]   - Temps serveur corrigé (-30s): 37826s
[2025-07-07 09:15:05]   - Décalage détecté: -1.5s
[2025-07-07 09:15:05] Challenge Furniture:
[2025-07-07 09:15:05]   - Temps calculé: 60294.541737s
[2025-07-07 09:15:05]   - Temps serveur brut: 60296s
[2025-07-07 09:15:05]   - Temps serveur corrigé (-30s): 60326s
[2025-07-07 09:15:05]   - Décalage détecté: -1.5s
[2025-07-07 09:15:05] Challenges fetched successfully for bruno!
[2025-07-07 09:20:04] Resynchronisation avec le serveur...
[2025-07-07 09:20:04] Fetching challenges...
[2025-07-07 09:20:05] Challenges fetching ...
[2025-07-07 09:20:05] Challenge Children:
[2025-07-07 09:20:05]   - Temps calculé: 24594.716031s
[2025-07-07 09:20:05]   - Temps serveur brut: 24596s
[2025-07-07 09:20:05]   - Temps serveur corrigé (-30s): 24626s
[2025-07-07 09:20:05]   - Décalage détecté: -1.3s
[2025-07-07 09:20:05] Challenge Rare Or Commonplace:
[2025-07-07 09:20:05]   - Temps calculé: 36594.711164s
[2025-07-07 09:20:05]   - Temps serveur brut: 36596s
[2025-07-07 09:20:05]   - Temps serveur corrigé (-30s): 36626s
[2025-07-07 09:20:05]   - Décalage détecté: -1.3s
[2025-07-07 09:20:05] Challenge Screen Stars - Epic Mountains:
[2025-07-07 09:20:05]   - Temps calculé: 37494.706256s
[2025-07-07 09:20:05]   - Temps serveur brut: 37496s
[2025-07-07 09:20:05]   - Temps serveur corrigé (-30s): 37526s
[2025-07-07 09:20:05]   - Décalage détecté: -1.3s
[2025-07-07 09:20:05] Challenge Furniture:
[2025-07-07 09:20:05]   - Temps calculé: 59994.701233s
[2025-07-07 09:20:05]   - Temps serveur brut: 59996s
[2025-07-07 09:20:05]   - Temps serveur corrigé (-30s): 60026s
[2025-07-07 09:20:05]   - Décalage détecté: -1.3s
[2025-07-07 09:20:05] Challenges fetched successfully for bruno!
[2025-07-07 09:25:04] Resynchronisation avec le serveur...
[2025-07-07 09:25:04] Fetching challenges...
[2025-07-07 09:25:05] Challenges fetching ...
[2025-07-07 09:25:05] Challenge Children:
[2025-07-07 09:25:05]   - Temps calculé: 24294.394173s
[2025-07-07 09:25:05]   - Temps serveur brut: 24295s
[2025-07-07 09:25:05]   - Temps serveur corrigé (-30s): 24325s
[2025-07-07 09:25:05]   - Décalage détecté: -0.6s
[2025-07-07 09:25:05] Challenge Rare Or Commonplace:
[2025-07-07 09:25:05]   - Temps calculé: 36294.38367s
[2025-07-07 09:25:05]   - Temps serveur brut: 36295s
[2025-07-07 09:25:05]   - Temps serveur corrigé (-30s): 36325s
[2025-07-07 09:25:05]   - Décalage détecté: -0.6s
[2025-07-07 09:25:05] Challenge Screen Stars - Epic Mountains:
[2025-07-07 09:25:05]   - Temps calculé: 37194.374045s
[2025-07-07 09:25:05]   - Temps serveur brut: 37195s
[2025-07-07 09:25:05]   - Temps serveur corrigé (-30s): 37225s
[2025-07-07 09:25:05]   - Décalage détecté: -0.6s
[2025-07-07 09:25:05] Challenge Furniture:
[2025-07-07 09:25:05]   - Temps calculé: 59694.363695s
[2025-07-07 09:25:05]   - Temps serveur brut: 59695s
[2025-07-07 09:25:05]   - Temps serveur corrigé (-30s): 59725s
[2025-07-07 09:25:05]   - Décalage détecté: -0.6s
[2025-07-07 09:25:05] Challenges fetched successfully for bruno!
[2025-07-07 09:30:04] Resynchronisation avec le serveur...
[2025-07-07 09:30:04] Fetching challenges...
[2025-07-07 09:30:05] Challenges fetching ...
[2025-07-07 09:30:05] Challenge Children:
[2025-07-07 09:30:05]   - Temps calculé: 23994.743351s
[2025-07-07 09:30:05]   - Temps serveur brut: 23996s
[2025-07-07 09:30:05]   - Temps serveur corrigé (-30s): 24026s
[2025-07-07 09:30:05]   - Décalage détecté: -1.3s
[2025-07-07 09:30:05] Challenge Rare Or Commonplace:
[2025-07-07 09:30:05]   - Temps calculé: 35994.737708s
[2025-07-07 09:30:05]   - Temps serveur brut: 35996s
[2025-07-07 09:30:05]   - Temps serveur corrigé (-30s): 36026s
[2025-07-07 09:30:05]   - Décalage détecté: -1.3s
[2025-07-07 09:30:05] Challenge Screen Stars - Epic Mountains:
[2025-07-07 09:30:05]   - Temps calculé: 36894.732667s
[2025-07-07 09:30:05]   - Temps serveur brut: 36896s
[2025-07-07 09:30:05]   - Temps serveur corrigé (-30s): 36926s
[2025-07-07 09:30:05]   - Décalage détecté: -1.3s
[2025-07-07 09:30:05] Challenge Furniture:
[2025-07-07 09:30:05]   - Temps calculé: 59394.72755s
[2025-07-07 09:30:05]   - Temps serveur brut: 59396s
[2025-07-07 09:30:05]   - Temps serveur corrigé (-30s): 59426s
[2025-07-07 09:30:05]   - Décalage détecté: -1.3s
[2025-07-07 09:30:05] Challenges fetched successfully for bruno!
[2025-07-07 09:35:04] Resynchronisation avec le serveur...
[2025-07-07 09:35:04] Fetching challenges...
[2025-07-07 09:35:05] Challenges fetching ...
[2025-07-07 09:35:05] Challenge Children:
[2025-07-07 09:35:05]   - Temps calculé: 23694.398615s
[2025-07-07 09:35:05]   - Temps serveur brut: 23695s
[2025-07-07 09:35:05]   - Temps serveur corrigé (-30s): 23725s
[2025-07-07 09:35:05]   - Décalage détecté: -0.6s
[2025-07-07 09:35:05] Challenge Rare Or Commonplace:
[2025-07-07 09:35:05]   - Temps calculé: 35694.389359s
[2025-07-07 09:35:05]   - Temps serveur brut: 35695s
[2025-07-07 09:35:05]   - Temps serveur corrigé (-30s): 35725s
[2025-07-07 09:35:05]   - Décalage détecté: -0.6s
[2025-07-07 09:35:05] Challenge Screen Stars - Epic Mountains:
[2025-07-07 09:35:05]   - Temps calculé: 36594.379907s
[2025-07-07 09:35:05]   - Temps serveur brut: 36595s
[2025-07-07 09:35:05]   - Temps serveur corrigé (-30s): 36625s
[2025-07-07 09:35:05]   - Décalage détecté: -0.6s
[2025-07-07 09:35:05] Challenge Furniture:
[2025-07-07 09:35:05]   - Temps calculé: 59094.370418s
[2025-07-07 09:35:05]   - Temps serveur brut: 59095s
[2025-07-07 09:35:05]   - Temps serveur corrigé (-30s): 59125s
[2025-07-07 09:35:05]   - Décalage détecté: -0.6s
[2025-07-07 09:35:05] Challenges fetched successfully for bruno!
[2025-07-07 09:40:04] Resynchronisation avec le serveur...
[2025-07-07 09:40:04] Fetching challenges...
[2025-07-07 09:40:05] Challenges fetching ...
[2025-07-07 09:40:05] Challenge Children:
[2025-07-07 09:40:05]   - Temps calculé: 23394.67621s
[2025-07-07 09:40:05]   - Temps serveur brut: 23396s
[2025-07-07 09:40:05]   - Temps serveur corrigé (-30s): 23426s
[2025-07-07 09:40:05]   - Décalage détecté: -1.3s
[2025-07-07 09:40:05] Challenge Rare Or Commonplace:
[2025-07-07 09:40:05]   - Temps calculé: 35394.671621s
[2025-07-07 09:40:05]   - Temps serveur brut: 35396s
[2025-07-07 09:40:05]   - Temps serveur corrigé (-30s): 35426s
[2025-07-07 09:40:05]   - Décalage détecté: -1.3s
[2025-07-07 09:40:05] Challenge Screen Stars - Epic Mountains:
[2025-07-07 09:40:05]   - Temps calculé: 36294.667013s
[2025-07-07 09:40:05]   - Temps serveur brut: 36296s
[2025-07-07 09:40:05]   - Temps serveur corrigé (-30s): 36326s
[2025-07-07 09:40:05]   - Décalage détecté: -1.3s
[2025-07-07 09:40:05] Challenge Furniture:
[2025-07-07 09:40:05]   - Temps calculé: 58794.662258s
[2025-07-07 09:40:05]   - Temps serveur brut: 58796s
[2025-07-07 09:40:05]   - Temps serveur corrigé (-30s): 58826s
[2025-07-07 09:40:05]   - Décalage détecté: -1.3s
[2025-07-07 09:40:05] Challenges fetched successfully for bruno!
[2025-07-07 09:45:03] Resynchronisation avec le serveur...
[2025-07-07 09:45:03] Fetching challenges...
[2025-07-07 09:45:04] Challenges fetching ...
[2025-07-07 09:45:04] Challenge Children:
[2025-07-07 09:45:04]   - Temps calculé: 23095.565524s
[2025-07-07 09:45:04]   - Temps serveur brut: 23097s
[2025-07-07 09:45:04]   - Temps serveur corrigé (-30s): 23127s
[2025-07-07 09:45:04]   - Décalage détecté: -1.4s
[2025-07-07 09:45:04] Challenge Rare Or Commonplace:
[2025-07-07 09:45:04]   - Temps calculé: 35095.560714s
[2025-07-07 09:45:04]   - Temps serveur brut: 35097s
[2025-07-07 09:45:04]   - Temps serveur corrigé (-30s): 35127s
[2025-07-07 09:45:04]   - Décalage détecté: -1.4s
[2025-07-07 09:45:04] Challenge Screen Stars - Epic Mountains:
[2025-07-07 09:45:04]   - Temps calculé: 35995.555718s
[2025-07-07 09:45:04]   - Temps serveur brut: 35997s
[2025-07-07 09:45:04]   - Temps serveur corrigé (-30s): 36027s
[2025-07-07 09:45:04]   - Décalage détecté: -1.4s
[2025-07-07 09:45:04] Challenge Furniture:
[2025-07-07 09:45:04]   - Temps calculé: 58495.55089s
[2025-07-07 09:45:04]   - Temps serveur brut: 58497s
[2025-07-07 09:45:04]   - Temps serveur corrigé (-30s): 58527s
[2025-07-07 09:45:04]   - Décalage détecté: -1.4s
[2025-07-07 09:45:04] Challenges fetched successfully for bruno!
[2025-07-07 09:50:04] Resynchronisation avec le serveur...
[2025-07-07 09:50:04] Fetching challenges...
[2025-07-07 09:50:05] Challenges fetching ...
[2025-07-07 09:50:05] Challenge Children:
[2025-07-07 09:50:05]   - Temps calculé: 22794.632182s
[2025-07-07 09:50:05]   - Temps serveur brut: 22796s
[2025-07-07 09:50:05]   - Temps serveur corrigé (-30s): 22826s
[2025-07-07 09:50:05]   - Décalage détecté: -1.4s
[2025-07-07 09:50:05] Challenge Rare Or Commonplace:
[2025-07-07 09:50:05]   - Temps calculé: 34794.622897s
[2025-07-07 09:50:05]   - Temps serveur brut: 34796s
[2025-07-07 09:50:05]   - Temps serveur corrigé (-30s): 34826s
[2025-07-07 09:50:05]   - Décalage détecté: -1.4s
[2025-07-07 09:50:05] Challenge Screen Stars - Epic Mountains:
[2025-07-07 09:50:05]   - Temps calculé: 35694.612867s
[2025-07-07 09:50:05]   - Temps serveur brut: 35696s
[2025-07-07 09:50:05]   - Temps serveur corrigé (-30s): 35726s
[2025-07-07 09:50:05]   - Décalage détecté: -1.4s
[2025-07-07 09:50:05] Challenge Furniture:
[2025-07-07 09:50:05]   - Temps calculé: 58194.60288s
[2025-07-07 09:50:05]   - Temps serveur brut: 58196s
[2025-07-07 09:50:05]   - Temps serveur corrigé (-30s): 58226s
[2025-07-07 09:50:05]   - Décalage détecté: -1.4s
[2025-07-07 09:50:05] Challenges fetched successfully for bruno!
[2025-07-07 09:55:04] Resynchronisation avec le serveur...
[2025-07-07 09:55:04] Fetching challenges...
[2025-07-07 09:55:05] Challenges fetching ...
[2025-07-07 09:55:05] Challenge Children:
[2025-07-07 09:55:05]   - Temps calculé: 22494.265564s
[2025-07-07 09:55:05]   - Temps serveur brut: 22495s
[2025-07-07 09:55:05]   - Temps serveur corrigé (-30s): 22525s
[2025-07-07 09:55:05]   - Décalage détecté: -0.7s
[2025-07-07 09:55:05] Challenge Rare Or Commonplace:
[2025-07-07 09:55:05]   - Temps calculé: 34494.255588s
[2025-07-07 09:55:05]   - Temps serveur brut: 34495s
[2025-07-07 09:55:05]   - Temps serveur corrigé (-30s): 34525s
[2025-07-07 09:55:05]   - Décalage détecté: -0.7s
[2025-07-07 09:55:05] Challenge Screen Stars - Epic Mountains:
[2025-07-07 09:55:05]   - Temps calculé: 35394.245596s
[2025-07-07 09:55:05]   - Temps serveur brut: 35395s
[2025-07-07 09:55:05]   - Temps serveur corrigé (-30s): 35425s
[2025-07-07 09:55:05]   - Décalage détecté: -0.8s
[2025-07-07 09:55:05] Challenge Furniture:
[2025-07-07 09:55:05]   - Temps calculé: 57894.235697s
[2025-07-07 09:55:05]   - Temps serveur brut: 57895s
[2025-07-07 09:55:05]   - Temps serveur corrigé (-30s): 57925s
[2025-07-07 09:55:05]   - Décalage détecté: -0.8s
[2025-07-07 09:55:05] Challenges fetched successfully for bruno!
[2025-07-07 10:00:03] Resynchronisation avec le serveur...
[2025-07-07 10:00:03] Fetching challenges...
[2025-07-07 10:00:04] Challenges fetching ...
[2025-07-07 10:00:04] Challenge Children:
[2025-07-07 10:00:04]   - Temps calculé: 22195.624722s
[2025-07-07 10:00:04]   - Temps serveur brut: 22197s
[2025-07-07 10:00:04]   - Temps serveur corrigé (-30s): 22227s
[2025-07-07 10:00:04]   - Décalage détecté: -1.4s
[2025-07-07 10:00:04] Challenge Rare Or Commonplace:
[2025-07-07 10:00:04]   - Temps calculé: 34195.614613s
[2025-07-07 10:00:04]   - Temps serveur brut: 34197s
[2025-07-07 10:00:04]   - Temps serveur corrigé (-30s): 34227s
[2025-07-07 10:00:04]   - Décalage détecté: -1.4s
[2025-07-07 10:00:04] Challenge Screen Stars - Epic Mountains:
[2025-07-07 10:00:04]   - Temps calculé: 35095.605551s
[2025-07-07 10:00:04]   - Temps serveur brut: 35097s
[2025-07-07 10:00:04]   - Temps serveur corrigé (-30s): 35127s
[2025-07-07 10:00:04]   - Décalage détecté: -1.4s
[2025-07-07 10:00:04] Challenge Furniture:
[2025-07-07 10:00:04]   - Temps calculé: 57595.596561s
[2025-07-07 10:00:04]   - Temps serveur brut: 57597s
[2025-07-07 10:00:04]   - Temps serveur corrigé (-30s): 57627s
[2025-07-07 10:00:04]   - Décalage détecté: -1.4s
[2025-07-07 10:00:04] Challenges fetched successfully for bruno!
[2025-07-07 10:05:04] Resynchronisation avec le serveur...
[2025-07-07 10:05:04] Fetching challenges...
[2025-07-07 10:05:05] Challenges fetching ...
[2025-07-07 10:05:05] Challenge Children:
[2025-07-07 10:05:05]   - Temps calculé: 21894.425421s
[2025-07-07 10:05:05]   - Temps serveur brut: 21895s
[2025-07-07 10:05:05]   - Temps serveur corrigé (-30s): 21925s
[2025-07-07 10:05:05]   - Décalage détecté: -0.6s
[2025-07-07 10:05:05] Challenge Rare Or Commonplace:
[2025-07-07 10:05:05]   - Temps calculé: 33894.415846s
[2025-07-07 10:05:05]   - Temps serveur brut: 33895s
[2025-07-07 10:05:05]   - Temps serveur corrigé (-30s): 33925s
[2025-07-07 10:05:05]   - Décalage détecté: -0.6s
[2025-07-07 10:05:05] Challenge Screen Stars - Epic Mountains:
[2025-07-07 10:05:05]   - Temps calculé: 34794.406309s
[2025-07-07 10:05:05]   - Temps serveur brut: 34795s
[2025-07-07 10:05:05]   - Temps serveur corrigé (-30s): 34825s
[2025-07-07 10:05:05]   - Décalage détecté: -0.6s
[2025-07-07 10:05:05] Challenge Furniture:
[2025-07-07 10:05:05]   - Temps calculé: 57294.396679s
[2025-07-07 10:05:05]   - Temps serveur brut: 57295s
[2025-07-07 10:05:05]   - Temps serveur corrigé (-30s): 57325s
[2025-07-07 10:05:05]   - Décalage détecté: -0.6s
[2025-07-07 10:05:05] Challenges fetched successfully for bruno!
[2025-07-07 10:10:03] Resynchronisation avec le serveur...
[2025-07-07 10:10:03] Fetching challenges...
[2025-07-07 10:10:04] Challenges fetching ...
[2025-07-07 10:10:04] Challenge Children:
[2025-07-07 10:10:04]   - Temps calculé: 21595.726459s
[2025-07-07 10:10:04]   - Temps serveur brut: 21597s
[2025-07-07 10:10:04]   - Temps serveur corrigé (-30s): 21627s
[2025-07-07 10:10:04]   - Décalage détecté: -1.3s
[2025-07-07 10:10:04] Challenge Rare Or Commonplace:
[2025-07-07 10:10:04]   - Temps calculé: 33595.716759s
[2025-07-07 10:10:04]   - Temps serveur brut: 33597s
[2025-07-07 10:10:04]   - Temps serveur corrigé (-30s): 33627s
[2025-07-07 10:10:04]   - Décalage détecté: -1.3s
[2025-07-07 10:10:04] Challenge Screen Stars - Epic Mountains:
[2025-07-07 10:10:04]   - Temps calculé: 34495.708463s
[2025-07-07 10:10:04]   - Temps serveur brut: 34497s
[2025-07-07 10:10:04]   - Temps serveur corrigé (-30s): 34527s
[2025-07-07 10:10:04]   - Décalage détecté: -1.3s
[2025-07-07 10:10:04] Challenge Furniture:
[2025-07-07 10:10:04]   - Temps calculé: 56995.701568s
[2025-07-07 10:10:04]   - Temps serveur brut: 56997s
[2025-07-07 10:10:04]   - Temps serveur corrigé (-30s): 57027s
[2025-07-07 10:10:04]   - Décalage détecté: -1.3s
[2025-07-07 10:10:04] Challenges fetched successfully for bruno!
[2025-07-07 10:15:03] Resynchronisation avec le serveur...
[2025-07-07 10:15:03] Fetching challenges...
[2025-07-07 10:15:04] Challenges fetching ...
[2025-07-07 10:15:04] Challenge Children:
[2025-07-07 10:15:04]   - Temps calculé: 21295.799555s
[2025-07-07 10:15:04]   - Temps serveur brut: 21297s
[2025-07-07 10:15:04]   - Temps serveur corrigé (-30s): 21327s
[2025-07-07 10:15:04]   - Décalage détecté: -1.2s
[2025-07-07 10:15:04] Challenge Rare Or Commonplace:
[2025-07-07 10:15:04]   - Temps calculé: 33295.789524s
[2025-07-07 10:15:04]   - Temps serveur brut: 33297s
[2025-07-07 10:15:04]   - Temps serveur corrigé (-30s): 33327s
[2025-07-07 10:15:04]   - Décalage détecté: -1.2s
[2025-07-07 10:15:04] Challenge Screen Stars - Epic Mountains:
[2025-07-07 10:15:04]   - Temps calculé: 34195.780286s
[2025-07-07 10:15:04]   - Temps serveur brut: 34197s
[2025-07-07 10:15:04]   - Temps serveur corrigé (-30s): 34227s
[2025-07-07 10:15:04]   - Décalage détecté: -1.2s
[2025-07-07 10:15:04] Challenge Furniture:
[2025-07-07 10:15:04]   - Temps calculé: 56695.771293s
[2025-07-07 10:15:04]   - Temps serveur brut: 56697s
[2025-07-07 10:15:04]   - Temps serveur corrigé (-30s): 56727s
[2025-07-07 10:15:04]   - Décalage détecté: -1.2s
[2025-07-07 10:15:04] Challenges fetched successfully for bruno!
[2025-07-07 10:20:03] Resynchronisation avec le serveur...
[2025-07-07 10:20:03] Fetching challenges...
[2025-07-07 10:20:04] Challenges fetching ...
[2025-07-07 10:20:04] Challenge Children:
[2025-07-07 10:20:04]   - Temps calculé: 20995.771674s
[2025-07-07 10:20:04]   - Temps serveur brut: 20997s
[2025-07-07 10:20:04]   - Temps serveur corrigé (-30s): 21027s
[2025-07-07 10:20:04]   - Décalage détecté: -1.2s
[2025-07-07 10:20:04] Challenge Rare Or Commonplace:
[2025-07-07 10:20:04]   - Temps calculé: 32995.762593s
[2025-07-07 10:20:04]   - Temps serveur brut: 32997s
[2025-07-07 10:20:04]   - Temps serveur corrigé (-30s): 33027s
[2025-07-07 10:20:04]   - Décalage détecté: -1.2s
[2025-07-07 10:20:04] Challenge Screen Stars - Epic Mountains:
[2025-07-07 10:20:04]   - Temps calculé: 33895.75452s
[2025-07-07 10:20:04]   - Temps serveur brut: 33897s
[2025-07-07 10:20:04]   - Temps serveur corrigé (-30s): 33927s
[2025-07-07 10:20:04]   - Décalage détecté: -1.2s
[2025-07-07 10:20:04] Challenge Furniture:
[2025-07-07 10:20:04]   - Temps calculé: 56395.744396s
[2025-07-07 10:20:04]   - Temps serveur brut: 56397s
[2025-07-07 10:20:04]   - Temps serveur corrigé (-30s): 56427s
[2025-07-07 10:20:04]   - Décalage détecté: -1.3s
[2025-07-07 10:20:04] Challenges fetched successfully for bruno!
[2025-07-07 10:25:03] Resynchronisation avec le serveur...
[2025-07-07 10:25:03] Fetching challenges...
[2025-07-07 10:25:04] Challenges fetching ...
[2025-07-07 10:25:04] Challenge Children:
[2025-07-07 10:25:04]   - Temps calculé: 20695.651111s
[2025-07-07 10:25:04]   - Temps serveur brut: 20697s
[2025-07-07 10:25:04]   - Temps serveur corrigé (-30s): 20727s
[2025-07-07 10:25:04]   - Décalage détecté: -1.3s
[2025-07-07 10:25:04] Challenge Rare Or Commonplace:
[2025-07-07 10:25:04]   - Temps calculé: 32695.646078s
[2025-07-07 10:25:04]   - Temps serveur brut: 32697s
[2025-07-07 10:25:04]   - Temps serveur corrigé (-30s): 32727s
[2025-07-07 10:25:04]   - Décalage détecté: -1.4s
[2025-07-07 10:25:04] Challenge Screen Stars - Epic Mountains:
[2025-07-07 10:25:04]   - Temps calculé: 33595.638058s
[2025-07-07 10:25:04]   - Temps serveur brut: 33597s
[2025-07-07 10:25:04]   - Temps serveur corrigé (-30s): 33627s
[2025-07-07 10:25:04]   - Décalage détecté: -1.4s
[2025-07-07 10:25:04] Challenge Furniture:
[2025-07-07 10:25:04]   - Temps calculé: 56095.632927s
[2025-07-07 10:25:04]   - Temps serveur brut: 56097s
[2025-07-07 10:25:04]   - Temps serveur corrigé (-30s): 56127s
[2025-07-07 10:25:04]   - Décalage détecté: -1.4s
[2025-07-07 10:25:04] Challenges fetched successfully for bruno!
[2025-07-07 10:30:03] Resynchronisation avec le serveur...
[2025-07-07 10:30:03] Fetching challenges...
[2025-07-07 10:30:04] Challenges fetching ...
[2025-07-07 10:30:04] Challenge Children:
[2025-07-07 10:30:04]   - Temps calculé: 20395.907511s
[2025-07-07 10:30:04]   - Temps serveur brut: 20397s
[2025-07-07 10:30:04]   - Temps serveur corrigé (-30s): 20427s
[2025-07-07 10:30:04]   - Décalage détecté: -1.1s
[2025-07-07 10:30:04] Challenge Rare Or Commonplace:
[2025-07-07 10:30:04]   - Temps calculé: 32395.898201s
[2025-07-07 10:30:04]   - Temps serveur brut: 32397s
[2025-07-07 10:30:04]   - Temps serveur corrigé (-30s): 32427s
[2025-07-07 10:30:04]   - Décalage détecté: -1.1s
[2025-07-07 10:30:04] Challenge Screen Stars - Epic Mountains:
[2025-07-07 10:30:04]   - Temps calculé: 33295.888876s
[2025-07-07 10:30:04]   - Temps serveur brut: 33297s
[2025-07-07 10:30:04]   - Temps serveur corrigé (-30s): 33327s
[2025-07-07 10:30:04]   - Décalage détecté: -1.1s
[2025-07-07 10:30:04] Challenge Furniture:
[2025-07-07 10:30:04]   - Temps calculé: 55795.878157s
[2025-07-07 10:30:04]   - Temps serveur brut: 55797s
[2025-07-07 10:30:04]   - Temps serveur corrigé (-30s): 55827s
[2025-07-07 10:30:04]   - Décalage détecté: -1.1s
[2025-07-07 10:30:04] Challenges fetched successfully for bruno!
[2025-07-07 10:35:04] Resynchronisation avec le serveur...
[2025-07-07 10:35:04] Fetching challenges...
[2025-07-07 10:35:05] Challenges fetching ...
[2025-07-07 10:35:05] Challenge Children:
[2025-07-07 10:35:05]   - Temps calculé: 20094.561138s
[2025-07-07 10:35:05]   - Temps serveur brut: 20095s
[2025-07-07 10:35:05]   - Temps serveur corrigé (-30s): 20125s
[2025-07-07 10:35:05]   - Décalage détecté: -0.4s
[2025-07-07 10:35:05] Challenge Rare Or Commonplace:
[2025-07-07 10:35:05]   - Temps calculé: 32094.551563s
[2025-07-07 10:35:05]   - Temps serveur brut: 32095s
[2025-07-07 10:35:05]   - Temps serveur corrigé (-30s): 32125s
[2025-07-07 10:35:05]   - Décalage détecté: -0.4s
[2025-07-07 10:35:05] Challenge Screen Stars - Epic Mountains:
[2025-07-07 10:35:05]   - Temps calculé: 32994.541885s
[2025-07-07 10:35:05]   - Temps serveur brut: 32995s
[2025-07-07 10:35:05]   - Temps serveur corrigé (-30s): 33025s
[2025-07-07 10:35:05]   - Décalage détecté: -0.5s
[2025-07-07 10:35:05] Challenge Furniture:
[2025-07-07 10:35:05]   - Temps calculé: 55494.532352s
[2025-07-07 10:35:05]   - Temps serveur brut: 55495s
[2025-07-07 10:35:05]   - Temps serveur corrigé (-30s): 55525s
[2025-07-07 10:35:05]   - Décalage détecté: -0.5s
[2025-07-07 10:35:05] Challenges fetched successfully for bruno!
[2025-07-07 10:40:03] Resynchronisation avec le serveur...
[2025-07-07 10:40:03] Fetching challenges...
[2025-07-07 10:40:04] Challenges fetching ...
[2025-07-07 10:40:04] Challenge Children:
[2025-07-07 10:40:04]   - Temps calculé: 19795.778219s
[2025-07-07 10:40:04]   - Temps serveur brut: 19797s
[2025-07-07 10:40:04]   - Temps serveur corrigé (-30s): 19827s
[2025-07-07 10:40:04]   - Décalage détecté: -1.2s
[2025-07-07 10:40:04] Challenge Rare Or Commonplace:
[2025-07-07 10:40:04]   - Temps calculé: 31795.768653s
[2025-07-07 10:40:04]   - Temps serveur brut: 31797s
[2025-07-07 10:40:04]   - Temps serveur corrigé (-30s): 31827s
[2025-07-07 10:40:04]   - Décalage détecté: -1.2s
[2025-07-07 10:40:04] Challenge Screen Stars - Epic Mountains:
[2025-07-07 10:40:04]   - Temps calculé: 32695.758214s
[2025-07-07 10:40:04]   - Temps serveur brut: 32697s
[2025-07-07 10:40:04]   - Temps serveur corrigé (-30s): 32727s
[2025-07-07 10:40:04]   - Décalage détecté: -1.2s
[2025-07-07 10:40:04] Challenge Furniture:
[2025-07-07 10:40:04]   - Temps calculé: 55195.748591s
[2025-07-07 10:40:04]   - Temps serveur brut: 55197s
[2025-07-07 10:40:04]   - Temps serveur corrigé (-30s): 55227s
[2025-07-07 10:40:04]   - Décalage détecté: -1.3s
[2025-07-07 10:40:04] Challenges fetched successfully for bruno!
[2025-07-07 10:45:03] Resynchronisation avec le serveur...
[2025-07-07 10:45:03] Fetching challenges...
[2025-07-07 10:45:04] Challenges fetching ...
[2025-07-07 10:45:04] Challenge Children:
[2025-07-07 10:45:04]   - Temps calculé: 19495.741092s
[2025-07-07 10:45:04]   - Temps serveur brut: 19497s
[2025-07-07 10:45:04]   - Temps serveur corrigé (-30s): 19527s
[2025-07-07 10:45:04]   - Décalage détecté: -1.3s
[2025-07-07 10:45:04] Challenge Rare Or Commonplace:
[2025-07-07 10:45:04]   - Temps calculé: 31495.730707s
[2025-07-07 10:45:04]   - Temps serveur brut: 31497s
[2025-07-07 10:45:04]   - Temps serveur corrigé (-30s): 31527s
[2025-07-07 10:45:04]   - Décalage détecté: -1.3s
[2025-07-07 10:45:04] Challenge Screen Stars - Epic Mountains:
[2025-07-07 10:45:04]   - Temps calculé: 32395.722106s
[2025-07-07 10:45:04]   - Temps serveur brut: 32397s
[2025-07-07 10:45:04]   - Temps serveur corrigé (-30s): 32427s
[2025-07-07 10:45:04]   - Décalage détecté: -1.3s
[2025-07-07 10:45:04] Challenge Furniture:
[2025-07-07 10:45:04]   - Temps calculé: 54895.715436s
[2025-07-07 10:45:04]   - Temps serveur brut: 54897s
[2025-07-07 10:45:04]   - Temps serveur corrigé (-30s): 54927s
[2025-07-07 10:45:04]   - Décalage détecté: -1.3s
[2025-07-07 10:45:04] Challenges fetched successfully for bruno!
[2025-07-07 10:50:03] Resynchronisation avec le serveur...
[2025-07-07 10:50:03] Fetching challenges...
[2025-07-07 10:50:04] Challenges fetching ...
[2025-07-07 10:50:04] Challenge Children:
[2025-07-07 10:50:04]   - Temps calculé: 19195.805504s
[2025-07-07 10:50:04]   - Temps serveur brut: 19197s
[2025-07-07 10:50:04]   - Temps serveur corrigé (-30s): 19227s
[2025-07-07 10:50:04]   - Décalage détecté: -1.2s
[2025-07-07 10:50:04] Challenge Rare Or Commonplace:
[2025-07-07 10:50:04]   - Temps calculé: 31195.795422s
[2025-07-07 10:50:04]   - Temps serveur brut: 31197s
[2025-07-07 10:50:04]   - Temps serveur corrigé (-30s): 31227s
[2025-07-07 10:50:04]   - Décalage détecté: -1.2s
[2025-07-07 10:50:04] Challenge Screen Stars - Epic Mountains:
[2025-07-07 10:50:04]   - Temps calculé: 32095.785264s
[2025-07-07 10:50:04]   - Temps serveur brut: 32097s
[2025-07-07 10:50:04]   - Temps serveur corrigé (-30s): 32127s
[2025-07-07 10:50:04]   - Décalage détecté: -1.2s
[2025-07-07 10:50:04] Challenge Furniture:
[2025-07-07 10:50:04]   - Temps calculé: 54595.774967s
[2025-07-07 10:50:04]   - Temps serveur brut: 54597s
[2025-07-07 10:50:04]   - Temps serveur corrigé (-30s): 54627s
[2025-07-07 10:50:04]   - Décalage détecté: -1.2s
[2025-07-07 10:50:04] Challenges fetched successfully for bruno!
[2025-07-07 10:54:52] Resynchronisation avec le serveur...
[2025-07-07 10:54:52] Fetching challenges...
[2025-07-07 10:54:53] Challenges fetching ...
[2025-07-07 10:54:53] Challenge Children:
[2025-07-07 10:54:53]   - Temps calculé: 18906.832171s
[2025-07-07 10:54:53]   - Temps serveur brut: 18908s
[2025-07-07 10:54:53]   - Temps serveur corrigé (-30s): 18938s
[2025-07-07 10:54:53]   - Décalage détecté: -1.2s
[2025-07-07 10:54:53] Challenge Rare Or Commonplace:
[2025-07-07 10:54:53]   - Temps calculé: 30906.827373s
[2025-07-07 10:54:53]   - Temps serveur brut: 30908s
[2025-07-07 10:54:53]   - Temps serveur corrigé (-30s): 30938s
[2025-07-07 10:54:53]   - Décalage détecté: -1.2s
[2025-07-07 10:54:53] Challenge Screen Stars - Epic Mountains:
[2025-07-07 10:54:53]   - Temps calculé: 31806.822844s
[2025-07-07 10:54:53]   - Temps serveur brut: 31808s
[2025-07-07 10:54:53]   - Temps serveur corrigé (-30s): 31838s
[2025-07-07 10:54:53]   - Décalage détecté: -1.2s
[2025-07-07 10:54:53] Challenge Furniture:
[2025-07-07 10:54:53]   - Temps calculé: 54306.818264s
[2025-07-07 10:54:53]   - Temps serveur brut: 54308s
[2025-07-07 10:54:53]   - Temps serveur corrigé (-30s): 54338s
[2025-07-07 10:54:53]   - Décalage détecté: -1.2s
[2025-07-07 10:54:53] Challenges fetched successfully for bruno!
[2025-07-07 10:59:52] Resynchronisation avec le serveur...
[2025-07-07 10:59:52] Fetching challenges...
[2025-07-07 10:59:53] Challenges fetching ...
[2025-07-07 10:59:53] Challenge Children:
[2025-07-07 10:59:53]   - Temps calculé: 18606.90041s
[2025-07-07 10:59:53]   - Temps serveur brut: 18608s
[2025-07-07 10:59:53]   - Temps serveur corrigé (-30s): 18638s
[2025-07-07 10:59:53]   - Décalage détecté: -1.1s
[2025-07-07 10:59:53] Challenge Rare Or Commonplace:
[2025-07-07 10:59:53]   - Temps calculé: 30606.895897s
[2025-07-07 10:59:53]   - Temps serveur brut: 30608s
[2025-07-07 10:59:53]   - Temps serveur corrigé (-30s): 30638s
[2025-07-07 10:59:53]   - Décalage détecté: -1.1s
[2025-07-07 10:59:53] Challenge Screen Stars - Epic Mountains:
[2025-07-07 10:59:53]   - Temps calculé: 31506.891356s
[2025-07-07 10:59:53]   - Temps serveur brut: 31508s
[2025-07-07 10:59:53]   - Temps serveur corrigé (-30s): 31538s
[2025-07-07 10:59:53]   - Décalage détecté: -1.1s
[2025-07-07 10:59:53] Challenge Furniture:
[2025-07-07 10:59:53]   - Temps calculé: 54006.886794s
[2025-07-07 10:59:53]   - Temps serveur brut: 54008s
[2025-07-07 10:59:53]   - Temps serveur corrigé (-30s): 54038s
[2025-07-07 10:59:53]   - Décalage détecté: -1.1s
[2025-07-07 10:59:53] Challenges fetched successfully for bruno!
[2025-07-07 11:04:52] Resynchronisation avec le serveur...
[2025-07-07 11:04:52] Fetching challenges...
[2025-07-07 11:04:53] Challenges fetching ...
[2025-07-07 11:04:53] Challenge Children:
[2025-07-07 11:04:53]   - Temps calculé: 18306.859522s
[2025-07-07 11:04:53]   - Temps serveur brut: 18308s
[2025-07-07 11:04:53]   - Temps serveur corrigé (-30s): 18338s
[2025-07-07 11:04:53]   - Décalage détecté: -1.1s
[2025-07-07 11:04:53] Challenge Rare Or Commonplace:
[2025-07-07 11:04:53]   - Temps calculé: 30306.855382s
[2025-07-07 11:04:53]   - Temps serveur brut: 30308s
[2025-07-07 11:04:53]   - Temps serveur corrigé (-30s): 30338s
[2025-07-07 11:04:53]   - Décalage détecté: -1.1s
[2025-07-07 11:04:53] Challenge Screen Stars - Epic Mountains:
[2025-07-07 11:04:53]   - Temps calculé: 31206.851235s
[2025-07-07 11:04:53]   - Temps serveur brut: 31208s
[2025-07-07 11:04:53]   - Temps serveur corrigé (-30s): 31238s
[2025-07-07 11:04:53]   - Décalage détecté: -1.1s
[2025-07-07 11:04:53] Challenge Furniture:
[2025-07-07 11:04:53]   - Temps calculé: 53706.846836s
[2025-07-07 11:04:53]   - Temps serveur brut: 53708s
[2025-07-07 11:04:53]   - Temps serveur corrigé (-30s): 53738s
[2025-07-07 11:04:53]   - Décalage détecté: -1.2s
[2025-07-07 11:04:53] Challenges fetched successfully for bruno!
[2025-07-07 11:05:26] Fetching challenges...
[2025-07-07 11:05:26] Fetch initial des challenges pour initialiser le décompte...
[2025-07-07 11:05:26] Fetching challenges...
[2025-07-07 11:05:26] Décompte programmé à 11:06:00
[2025-07-07 11:05:26] APScheduler démarré avec succès
[2025-07-07 11:05:28] Challenges fetching ...
[2025-07-07 11:05:28] Challenge Children:
[2025-07-07 11:05:28]   - Temps calculé: 18271.931453s
[2025-07-07 11:05:28]   - Temps serveur brut: 18273s
[2025-07-07 11:05:28]   - Temps serveur corrigé (-30s): 18303s
[2025-07-07 11:05:28]   - Décalage détecté: -1.1s
[2025-07-07 11:05:28] Challenge Rare Or Commonplace:
[2025-07-07 11:05:28]   - Temps calculé: 30271.927319s
[2025-07-07 11:05:28]   - Temps serveur brut: 30273s
[2025-07-07 11:05:28]   - Temps serveur corrigé (-30s): 30303s
[2025-07-07 11:05:28]   - Décalage détecté: -1.1s
[2025-07-07 11:05:28] Challenge Screen Stars - Epic Mountains:
[2025-07-07 11:05:28]   - Temps calculé: 31171.923523s
[2025-07-07 11:05:28]   - Temps serveur brut: 31173s
[2025-07-07 11:05:28]   - Temps serveur corrigé (-30s): 31203s
[2025-07-07 11:05:28]   - Décalage détecté: -1.1s
[2025-07-07 11:05:28] Challenge Furniture:
[2025-07-07 11:05:28]   - Temps calculé: 53671.919468s
[2025-07-07 11:05:28]   - Temps serveur brut: 53673s
[2025-07-07 11:05:28]   - Temps serveur corrigé (-30s): 53703s
[2025-07-07 11:05:28]   - Décalage détecté: -1.1s
[2025-07-07 11:05:28] Lancement automatique des stratégies de fin pour 4 nouveaux challenges...
[2025-07-07 11:05:28] Nouveau challenge détecté pour bruno: Children
[2025-07-07 11:05:28] Nouveau challenge détecté pour bruno: Screen Stars - Epic Mountains
[2025-07-07 11:05:28] Nouveau challenge détecté pour bruno: Rare Or Commonplace
[2025-07-07 11:05:28] Nouveau challenge détecté pour bruno: Furniture
[2025-07-07 11:05:28] Challenges fetched successfully for bruno!
[2025-07-07 11:05:28] Challenges fetching ...
[2025-07-07 11:05:28] Challenge Children:
[2025-07-07 11:05:28]   - Temps calculé: 18271.885313s
[2025-07-07 11:05:28]   - Temps serveur brut: 18273s
[2025-07-07 11:05:28]   - Temps serveur corrigé (-30s): 18303s
[2025-07-07 11:05:28]   - Décalage détecté: -1.1s
[2025-07-07 11:05:28] Challenge Rare Or Commonplace:
[2025-07-07 11:05:28]   - Temps calculé: 30271.88122s
[2025-07-07 11:05:28]   - Temps serveur brut: 30273s
[2025-07-07 11:05:28]   - Temps serveur corrigé (-30s): 30303s
[2025-07-07 11:05:28]   - Décalage détecté: -1.1s
[2025-07-07 11:05:28] Challenge Screen Stars - Epic Mountains:
[2025-07-07 11:05:28]   - Temps calculé: 31171.877255s
[2025-07-07 11:05:28]   - Temps serveur brut: 31173s
[2025-07-07 11:05:28]   - Temps serveur corrigé (-30s): 31203s
[2025-07-07 11:05:28]   - Décalage détecté: -1.1s
[2025-07-07 11:05:28] Challenge Furniture:
[2025-07-07 11:05:28]   - Temps calculé: 53671.873137s
[2025-07-07 11:05:28]   - Temps serveur brut: 53673s
[2025-07-07 11:05:28]   - Temps serveur corrigé (-30s): 53703s
[2025-07-07 11:05:28]   - Décalage détecté: -1.1s
[2025-07-07 11:05:28] Challenges fetched successfully for bruno!
[2025-07-07 11:06:00] Décompte local démarré - mise à jour toutes les 10 secondes
[2025-07-07 11:06:25] Refreshing challenges...
[2025-07-07 11:06:25] Fetching challenges...
[2025-07-07 11:06:26] Challenges fetching ...
[2025-07-07 11:06:26] Challenge Children:
[2025-07-07 11:06:26]   - Temps calculé: 18213.267022s
[2025-07-07 11:06:26]   - Temps serveur brut: 18214s
[2025-07-07 11:06:26]   - Temps serveur corrigé (-30s): 18244s
[2025-07-07 11:06:26]   - Décalage détecté: -0.7s
[2025-07-07 11:06:26] Challenge Rare Or Commonplace:
[2025-07-07 11:06:26]   - Temps calculé: 30213.26297s
[2025-07-07 11:06:26]   - Temps serveur brut: 30214s
[2025-07-07 11:06:26]   - Temps serveur corrigé (-30s): 30244s
[2025-07-07 11:06:26]   - Décalage détecté: -0.7s
[2025-07-07 11:06:26] Challenge Screen Stars - Epic Mountains:
[2025-07-07 11:06:26]   - Temps calculé: 31113.258893s
[2025-07-07 11:06:26]   - Temps serveur brut: 31114s
[2025-07-07 11:06:26]   - Temps serveur corrigé (-30s): 31144s
[2025-07-07 11:06:26]   - Décalage détecté: -0.7s
[2025-07-07 11:06:26] Challenge Furniture:
[2025-07-07 11:06:26]   - Temps calculé: 53613.254761s
[2025-07-07 11:06:26]   - Temps serveur brut: 53614s
[2025-07-07 11:06:26]   - Temps serveur corrigé (-30s): 53644s
[2025-07-07 11:06:26]   - Décalage détecté: -0.7s
[2025-07-07 11:06:26] Challenges fetched successfully for bruno!
[2025-07-07 11:06:55] Refreshing challenges...
[2025-07-07 11:06:55] Fetching challenges...
[2025-07-07 11:06:56] Challenges fetching ...
[2025-07-07 11:06:56] Challenge Children:
[2025-07-07 11:06:56]   - Temps calculé: 18183.775419s
[2025-07-07 11:06:56]   - Temps serveur brut: 18185s
[2025-07-07 11:06:56]   - Temps serveur corrigé (-30s): 18215s
[2025-07-07 11:06:56]   - Décalage détecté: -1.2s
[2025-07-07 11:06:56] Challenge Rare Or Commonplace:
[2025-07-07 11:06:56]   - Temps calculé: 30183.771395s
[2025-07-07 11:06:56]   - Temps serveur brut: 30185s
[2025-07-07 11:06:56]   - Temps serveur corrigé (-30s): 30215s
[2025-07-07 11:06:56]   - Décalage détecté: -1.2s
[2025-07-07 11:06:56] Challenge Screen Stars - Epic Mountains:
[2025-07-07 11:06:56]   - Temps calculé: 31083.767361s
[2025-07-07 11:06:56]   - Temps serveur brut: 31085s
[2025-07-07 11:06:56]   - Temps serveur corrigé (-30s): 31115s
[2025-07-07 11:06:56]   - Décalage détecté: -1.2s
[2025-07-07 11:06:56] Challenge Furniture:
[2025-07-07 11:06:56]   - Temps calculé: 53583.763266s
[2025-07-07 11:06:56]   - Temps serveur brut: 53585s
[2025-07-07 11:06:56]   - Temps serveur corrigé (-30s): 53615s
[2025-07-07 11:06:56]   - Décalage détecté: -1.2s
[2025-07-07 11:06:56] Challenges fetched successfully for bruno!
[2025-07-07 11:07:02] Refresh automatique désactivé
[2025-07-07 11:10:26] Resynchronisation avec le serveur...
[2025-07-07 11:10:26] Fetching challenges...
[2025-07-07 11:10:27] Challenges fetching ...
[2025-07-07 11:10:27] Challenge Children:
[2025-07-07 11:10:27]   - Temps calculé: 17972.065819s
[2025-07-07 11:10:27]   - Temps serveur brut: 17973s
[2025-07-07 11:10:27]   - Temps serveur corrigé (-30s): 18003s
[2025-07-07 11:10:27]   - Décalage détecté: -0.9s
[2025-07-07 11:10:27] Challenge Rare Or Commonplace:
[2025-07-07 11:10:27]   - Temps calculé: 29972.057912s
[2025-07-07 11:10:27]   - Temps serveur brut: 29973s
[2025-07-07 11:10:27]   - Temps serveur corrigé (-30s): 30003s
[2025-07-07 11:10:27]   - Décalage détecté: -0.9s
[2025-07-07 11:10:27] Challenge Screen Stars - Epic Mountains:
[2025-07-07 11:10:27]   - Temps calculé: 30872.051231s
[2025-07-07 11:10:27]   - Temps serveur brut: 30873s
[2025-07-07 11:10:27]   - Temps serveur corrigé (-30s): 30903s
[2025-07-07 11:10:27]   - Décalage détecté: -0.9s
[2025-07-07 11:10:27] Challenge Furniture:
[2025-07-07 11:10:27]   - Temps calculé: 53372.044079s
[2025-07-07 11:10:27]   - Temps serveur brut: 53373s
[2025-07-07 11:10:27]   - Temps serveur corrigé (-30s): 53403s
[2025-07-07 11:10:27]   - Décalage détecté: -1.0s
[2025-07-07 11:10:27] Challenges fetched successfully for bruno!
[2025-07-07 11:15:26] Resynchronisation avec le serveur...
[2025-07-07 11:15:26] Fetching challenges...
[2025-07-07 11:15:27] Challenges fetching ...
[2025-07-07 11:15:27] Challenge Children:
[2025-07-07 11:15:27]   - Temps calculé: 17672.274075s
[2025-07-07 11:15:27]   - Temps serveur brut: 17673s
[2025-07-07 11:15:27]   - Temps serveur corrigé (-30s): 17703s
[2025-07-07 11:15:27]   - Décalage détecté: -0.7s
[2025-07-07 11:15:27] Challenge Rare Or Commonplace:
[2025-07-07 11:15:27]   - Temps calculé: 29672.266025s
[2025-07-07 11:15:27]   - Temps serveur brut: 29673s
[2025-07-07 11:15:27]   - Temps serveur corrigé (-30s): 29703s
[2025-07-07 11:15:27]   - Décalage détecté: -0.7s
[2025-07-07 11:15:27] Challenge Screen Stars - Epic Mountains:
[2025-07-07 11:15:27]   - Temps calculé: 30572.257489s
[2025-07-07 11:15:27]   - Temps serveur brut: 30573s
[2025-07-07 11:15:27]   - Temps serveur corrigé (-30s): 30603s
[2025-07-07 11:15:27]   - Décalage détecté: -0.7s
[2025-07-07 11:15:27] Challenge Furniture:
[2025-07-07 11:15:27]   - Temps calculé: 53072.248906s
[2025-07-07 11:15:27]   - Temps serveur brut: 53073s
[2025-07-07 11:15:27]   - Temps serveur corrigé (-30s): 53103s
[2025-07-07 11:15:27]   - Décalage détecté: -0.8s
[2025-07-07 11:15:27] Challenges fetched successfully for bruno!
[2025-07-07 11:19:29] Fetching challenges...
[2025-07-07 11:19:29] Fetch initial des challenges pour initialiser le décompte...
[2025-07-07 11:19:29] Fetching challenges...
[2025-07-07 11:19:29] Décompte programmé à 11:20:00
[2025-07-07 11:19:29] APScheduler démarré avec succès
[2025-07-07 11:19:30] Challenges fetching ...
[2025-07-07 11:19:30] Challenge Children:
[2025-07-07 11:19:30]   - Temps calculé: 17429.661209s
[2025-07-07 11:19:30]   - Temps serveur brut: 17431s
[2025-07-07 11:19:30]   - Temps serveur corrigé (-30s): 17461s
[2025-07-07 11:19:30]   - Décalage détecté: -1.3s
[2025-07-07 11:19:30] Challenge Rare Or Commonplace:
[2025-07-07 11:19:30]   - Temps calculé: 29429.657093s
[2025-07-07 11:19:30]   - Temps serveur brut: 29431s
[2025-07-07 11:19:30]   - Temps serveur corrigé (-30s): 29461s
[2025-07-07 11:19:30]   - Décalage détecté: -1.3s
[2025-07-07 11:19:30] Challenge Screen Stars - Epic Mountains:
[2025-07-07 11:19:30]   - Temps calculé: 30329.653061s
[2025-07-07 11:19:30]   - Temps serveur brut: 30331s
[2025-07-07 11:19:30]   - Temps serveur corrigé (-30s): 30361s
[2025-07-07 11:19:30]   - Décalage détecté: -1.3s
[2025-07-07 11:19:30] Challenge Furniture:
[2025-07-07 11:19:30]   - Temps calculé: 52829.648912s
[2025-07-07 11:19:30]   - Temps serveur brut: 52831s
[2025-07-07 11:19:30]   - Temps serveur corrigé (-30s): 52861s
[2025-07-07 11:19:30]   - Décalage détecté: -1.4s
[2025-07-07 11:19:30] Lancement automatique des stratégies de fin pour 4 nouveaux challenges...
[2025-07-07 11:19:30] Nouveau challenge détecté pour bruno: Rare Or Commonplace
[2025-07-07 11:19:30] Nouveau challenge détecté pour bruno: Screen Stars - Epic Mountains
[2025-07-07 11:19:30] Nouveau challenge détecté pour bruno: Furniture
[2025-07-07 11:19:30] Nouveau challenge détecté pour bruno: Children
[2025-07-07 11:19:30] Challenges fetched successfully for bruno!
[2025-07-07 11:19:30] Challenges fetching ...
[2025-07-07 11:19:30] Challenge Children:
[2025-07-07 11:19:30]   - Temps calculé: 17429.562451s
[2025-07-07 11:19:30]   - Temps serveur brut: 17431s
[2025-07-07 11:19:30]   - Temps serveur corrigé (-30s): 17461s
[2025-07-07 11:19:30]   - Décalage détecté: -1.4s
[2025-07-07 11:19:30] Challenge Rare Or Commonplace:
[2025-07-07 11:19:30]   - Temps calculé: 29429.558386s
[2025-07-07 11:19:30]   - Temps serveur brut: 29431s
[2025-07-07 11:19:30]   - Temps serveur corrigé (-30s): 29461s
[2025-07-07 11:19:30]   - Décalage détecté: -1.4s
[2025-07-07 11:19:30] Challenge Screen Stars - Epic Mountains:
[2025-07-07 11:19:30]   - Temps calculé: 30329.553985s
[2025-07-07 11:19:30]   - Temps serveur brut: 30331s
[2025-07-07 11:19:30]   - Temps serveur corrigé (-30s): 30361s
[2025-07-07 11:19:30]   - Décalage détecté: -1.4s
[2025-07-07 11:19:30] Challenge Furniture:
[2025-07-07 11:19:30]   - Temps calculé: 52829.547549s
[2025-07-07 11:19:30]   - Temps serveur brut: 52831s
[2025-07-07 11:19:30]   - Temps serveur corrigé (-30s): 52861s
[2025-07-07 11:19:30]   - Décalage détecté: -1.5s
[2025-07-07 11:19:30] Challenges fetched successfully for bruno!
[2025-07-07 11:20:00] Décompte local démarré - mise à jour toutes les 10 secondes
[2025-07-07 11:21:27] Stratégie chargée: end4 - Stratégie conservative - 4m - votes répartis
[2025-07-07 11:21:27] Stratégie chargée: end3 - Stratégie conservative - 3m - votes répartis
[2025-07-07 11:21:27] Stratégie chargée: fill1 - Stratégie rapide - now - votes répartis
[2025-07-07 11:21:27] Stratégie chargée: when1 - Stratégie rapide - now - votes répartis
[2025-07-07 11:21:27] Total: 4 stratégies de timing chargées
[2025-07-07 11:21:35] === Application de la stratégie 'fill1' ===
[2025-07-07 11:21:35] Description: Stratégie rapide - now - votes répartis
[2025-07-07 11:21:35] 
--- Challenge: Furniture ---
[2025-07-07 11:21:35] Fin du challenge: 08/07/2025, 02:00
[2025-07-07 11:21:35] Stratégie chargée: end4 - Stratégie conservative - 4m - votes répartis
[2025-07-07 11:21:35] Stratégie chargée: end3 - Stratégie conservative - 3m - votes répartis
[2025-07-07 11:21:35] Stratégie chargée: fill1 - Stratégie rapide - now - votes répartis
[2025-07-07 11:21:35] Stratégie chargée: when1 - Stratégie rapide - now - votes répartis
[2025-07-07 11:21:35] Total: 4 stratégies de timing chargées
[2025-07-07 11:21:35] Application de la stratégie 'fill1': Stratégie rapide - now - votes répartis
[2025-07-07 11:21:35] Vote programmé: Vote sur Furniture à now
[2025-07-07 11:21:35]   - Challenge: Furniture
[2025-07-07 11:21:35] Exécution du vote programmé: vote_103593_now_20250707_112135
[2025-07-07 11:21:35] Challenge: Furniture, Votes: 1
[2025-07-07 11:21:35]   - Heure de déclenchement: 07/07/2025 11:21:35
[2025-07-07 11:21:35]   - Votes: 1
[2025-07-07 11:21:35]   - ID tâche: vote_103593_now_20250707_112135
[2025-07-07 11:21:35] Stratégie programmée: 1/1 votes pour Furniture
[2025-07-07 11:21:35] Stratégie 'fill1' appliquée avec succès à Furniture
[2025-07-07 11:21:35] Application de la stratégie 'fill1' pour les challenges sélectionnés:
✅ Furniture - Stratégie programmée
   • 1 votes à 11:21:35 (now)

[2025-07-07 11:21:35] Tâches programmées:
[2025-07-07 11:21:35]   - Mise à jour du décompte local (ID: countdown_refresh) - Prochaine exécution: 2025-07-07 11:21:40
[2025-07-07 11:21:35]   - Vérification des processus bloqués (ID: check_stalled_processes) - Prochaine exécution: 2025-07-07 11:22:29
[2025-07-07 11:21:35]   - Suppression des challenges fermés (ID: purge_closed_challenges) - Prochaine exécution: 2025-07-07 11:24:29
[2025-07-07 11:21:35]   - Synchronisation avec le serveur (ID: server_sync) - Prochaine exécution: 2025-07-07 11:24:29
[2025-07-07 11:21:35] Furniture get vote panel
[2025-07-07 11:21:35] Processus associé: vote_103593_now_20250707_112135
[2025-07-07 11:21:49] Récupération des données de vote pour Furniture (URL: furniture3, HEADER:{'User-Agent': 'Mozilla/5.0 (X11; Linux i686; rv:39.0) Gecko/20100101 Firefox/39.0', 'x-api-version': '8', 'x-env': 'WEB', 'X-requested-with': 'XMLHttpRequest', 'X-token': 'a1cad95a6d480c14f51dd0eba4914c8337b893c789ec6278bb440c7c9a673b162f042470c62684e6da2bd342ffea7777'})
[2025-07-07 11:21:50] Récupération réussie: 200 images pour Furniture
[2025-07-07 11:21:50] Voting fetching ...
[2025-07-07 11:21:50] Furniture voting 1 images
[2025-07-07 11:24:29] Resynchronisation avec le serveur...
[2025-07-07 11:25:15] Furniture voting 1 images
[2025-07-07 11:25:19] Fetching challenges...
[2025-07-07 11:25:20] Furniture voted successfully
[2025-07-07 11:25:20] Processus supprimé pour bruno: vote_103593_now_20250707_112135 - success
[2025-07-07 11:25:20] Processus mis à jour pour bruno: vote_103593_now_20250707_112135 - success
[2025-07-07 11:25:20] Processus vote_103593_now_20250707_112135 terminé avec succès
[2025-07-07 11:25:22] Furniture voted successfully
[2025-07-07 11:25:24] Challenges fetching ...
[2025-07-07 11:25:24] Challenge Children:
[2025-07-07 11:25:24]   - Temps calculé: 17075.013427s
[2025-07-07 11:25:24]   - Temps serveur brut: 17076s
[2025-07-07 11:25:24]   - Temps serveur corrigé (-30s): 17106s
[2025-07-07 11:25:24]   - Décalage détecté: -1.0s
[2025-07-07 11:25:24] Challenge Rare Or Commonplace:
[2025-07-07 11:25:24]   - Temps calculé: 29075.008979s
[2025-07-07 11:25:24]   - Temps serveur brut: 29076s
[2025-07-07 11:25:24]   - Temps serveur corrigé (-30s): 29106s
[2025-07-07 11:25:24]   - Décalage détecté: -1.0s
[2025-07-07 11:25:24] Challenge Screen Stars - Epic Mountains:
[2025-07-07 11:25:24]   - Temps calculé: 29975.00481s
[2025-07-07 11:25:24]   - Temps serveur brut: 29976s
[2025-07-07 11:25:24]   - Temps serveur corrigé (-30s): 30006s
[2025-07-07 11:25:24]   - Décalage détecté: -1.0s
[2025-07-07 11:25:24] Challenge Furniture:
[2025-07-07 11:25:25]   - Temps calculé: 52475.000246s
[2025-07-07 11:25:25]   - Temps serveur brut: 52476s
[2025-07-07 11:25:25]   - Temps serveur corrigé (-30s): 52506s
[2025-07-07 11:25:25]   - Décalage détecté: -1.0s
[2025-07-07 11:25:25] Challenges fetched successfully for bruno!
[2025-07-07 11:25:25] Challenges fetching ...
[2025-07-07 11:25:25] Challenge Children:
[2025-07-07 11:25:25]   - Temps calculé: 17074.944661s
[2025-07-07 11:25:25]   - Temps serveur brut: 17076s
[2025-07-07 11:25:25]   - Temps serveur corrigé (-30s): 17106s
[2025-07-07 11:25:25]   - Décalage détecté: -1.1s
[2025-07-07 11:25:25] Challenge Rare Or Commonplace:
[2025-07-07 11:25:25]   - Temps calculé: 29074.940284s
[2025-07-07 11:25:25]   - Temps serveur brut: 29076s
[2025-07-07 11:25:25]   - Temps serveur corrigé (-30s): 29106s
[2025-07-07 11:25:25]   - Décalage détecté: -1.1s
[2025-07-07 11:25:25] Challenge Screen Stars - Epic Mountains:
[2025-07-07 11:25:25]   - Temps calculé: 29974.93633s
[2025-07-07 11:25:25]   - Temps serveur brut: 29976s
[2025-07-07 11:25:25]   - Temps serveur corrigé (-30s): 30006s
[2025-07-07 11:25:25]   - Décalage détecté: -1.1s
[2025-07-07 11:25:25] Challenge Furniture:
[2025-07-07 11:25:25]   - Temps calculé: 52474.932515s
[2025-07-07 11:25:25]   - Temps serveur brut: 52476s
[2025-07-07 11:25:25]   - Temps serveur corrigé (-30s): 52506s
[2025-07-07 11:25:25]   - Décalage détecté: -1.1s
[2025-07-07 11:25:25] Challenges fetched successfully for bruno!
[2025-07-07 11:25:25] Challenges fetching ...
[2025-07-07 11:25:25] Challenge Children:
[2025-07-07 11:25:25]   - Temps calculé: 17074.875779s
[2025-07-07 11:25:25]   - Temps serveur brut: 17076s
[2025-07-07 11:25:25]   - Temps serveur corrigé (-30s): 17106s
[2025-07-07 11:25:25]   - Décalage détecté: -1.1s
[2025-07-07 11:25:25] Challenge Rare Or Commonplace:
[2025-07-07 11:25:25]   - Temps calculé: 29074.871718s
[2025-07-07 11:25:25]   - Temps serveur brut: 29076s
[2025-07-07 11:25:25]   - Temps serveur corrigé (-30s): 29106s
[2025-07-07 11:25:25]   - Décalage détecté: -1.1s
[2025-07-07 11:25:25] Challenge Screen Stars - Epic Mountains:
[2025-07-07 11:25:25]   - Temps calculé: 29974.867799s
[2025-07-07 11:25:25]   - Temps serveur brut: 29976s
[2025-07-07 11:25:25]   - Temps serveur corrigé (-30s): 30006s
[2025-07-07 11:25:25]   - Décalage détecté: -1.1s
[2025-07-07 11:25:25] Challenge Furniture:
[2025-07-07 11:25:25]   - Temps calculé: 52474.863432s
[2025-07-07 11:25:25]   - Temps serveur brut: 52476s
[2025-07-07 11:25:25]   - Temps serveur corrigé (-30s): 52506s
[2025-07-07 11:25:25]   - Décalage détecté: -1.1s
[2025-07-07 11:25:25] Challenges fetched successfully for bruno!
[2025-07-07 11:25:42] Refresh automatique désactivé
[2025-07-07 11:25:47] Refreshing challenges...
[2025-07-07 11:25:47] Fetching challenges...
[2025-07-07 11:25:48] Challenges fetching ...
[2025-07-07 11:25:48] Challenge Children:
[2025-07-07 11:25:48]   - Temps calculé: 17051.535673s
[2025-07-07 11:25:48]   - Temps serveur brut: 17053s
[2025-07-07 11:25:48]   - Temps serveur corrigé (-30s): 17083s
[2025-07-07 11:25:48]   - Décalage détecté: -1.5s
[2025-07-07 11:25:48] Challenge Rare Or Commonplace:
[2025-07-07 11:25:48]   - Temps calculé: 29051.531568s
[2025-07-07 11:25:48]   - Temps serveur brut: 29053s
[2025-07-07 11:25:48]   - Temps serveur corrigé (-30s): 29083s
[2025-07-07 11:25:48]   - Décalage détecté: -1.5s
[2025-07-07 11:25:48] Challenge Screen Stars - Epic Mountains:
[2025-07-07 11:25:48]   - Temps calculé: 29951.527503s
[2025-07-07 11:25:48]   - Temps serveur brut: 29953s
[2025-07-07 11:25:48]   - Temps serveur corrigé (-30s): 29983s
[2025-07-07 11:25:48]   - Décalage détecté: -1.5s
[2025-07-07 11:25:48] Challenge Furniture:
[2025-07-07 11:25:48]   - Temps calculé: 52451.523384s
[2025-07-07 11:25:48]   - Temps serveur brut: 52453s
[2025-07-07 11:25:48]   - Temps serveur corrigé (-30s): 52483s
[2025-07-07 11:25:48]   - Décalage détecté: -1.5s
[2025-07-07 11:25:48] Challenges fetched successfully for bruno!
[2025-07-07 11:27:16] Stratégie chargée: end4 - Stratégie conservative - 4m - votes répartis
[2025-07-07 11:27:16] Stratégie chargée: end3 - Stratégie conservative - 3m - votes répartis
[2025-07-07 11:27:16] Stratégie chargée: fill1 - Stratégie rapide - now - votes répartis
[2025-07-07 11:27:16] Stratégie chargée: when1 - Stratégie rapide - now - votes répartis
[2025-07-07 11:27:16] Total: 4 stratégies de timing chargées
[2025-07-07 11:28:05] === Application de la stratégie 'when1' ===
[2025-07-07 11:28:05] Description: Stratégie rapide - now - votes répartis
[2025-07-07 11:28:05] 
--- Challenge: Furniture ---
[2025-07-07 11:28:05] Fin du challenge: 08/07/2025, 02:00
[2025-07-07 11:28:05] Stratégie chargée: end4 - Stratégie conservative - 4m - votes répartis
[2025-07-07 11:28:05] Stratégie chargée: end3 - Stratégie conservative - 3m - votes répartis
[2025-07-07 11:28:05] Stratégie chargée: fill1 - Stratégie rapide - now - votes répartis
[2025-07-07 11:28:05] Stratégie chargée: when1 - Stratégie rapide - now - votes répartis
[2025-07-07 11:28:05] Total: 4 stratégies de timing chargées
[2025-07-07 11:28:05] Application de la stratégie 'when1': Stratégie rapide - now - votes répartis
[2025-07-07 11:28:05] Calcul timing relatif next:
[2025-07-07 11:28:05]   - Heure actuelle: 07/07/2025 11:28:05
[2025-07-07 11:28:05]   - Offset: +1m0s (60s)
[2025-07-07 11:28:05]   - Déclenchement: 07/07/2025 11:29:05
[2025-07-07 11:28:05] Vote programmé: Vote sur Furniture à next-1m0s
[2025-07-07 11:28:05]   - Challenge: Furniture
[2025-07-07 11:28:05]   - Heure de déclenchement: 07/07/2025 11:29:05
[2025-07-07 11:28:05]   - Votes: 1
[2025-07-07 11:28:05]   - ID tâche: vote_103593_next-1m0s_20250707_112805
[2025-07-07 11:28:05] Stratégie programmée: 1/1 votes pour Furniture
[2025-07-07 11:28:05] Stratégie 'when1' appliquée avec succès à Furniture
[2025-07-07 11:28:05] Calcul timing relatif next:
[2025-07-07 11:28:05]   - Heure actuelle: 07/07/2025 11:28:05
[2025-07-07 11:28:05]   - Offset: +1m0s (60s)
[2025-07-07 11:28:05]   - Déclenchement: 07/07/2025 11:29:05
[2025-07-07 11:28:05] Application de la stratégie 'when1' pour les challenges sélectionnés:
✅ Furniture - Stratégie programmée
   • 1 votes à 11:29:05 (next-1m0s)

[2025-07-07 11:28:05] Tâches programmées:
[2025-07-07 11:28:05]   - Mise à jour du décompte local (ID: countdown_refresh) - Prochaine exécution: 2025-07-07 11:28:10
[2025-07-07 11:28:05]   - Vérification des processus bloqués (ID: check_stalled_processes) - Prochaine exécution: 2025-07-07 11:28:29
[2025-07-07 11:28:05]   - Vote sur Furniture à next-1m0s (ID: vote_103593_next-1m0s_20250707_112805) - Prochaine exécution: 2025-07-07 11:29:05
[2025-07-07 11:28:05]   - Suppression des challenges fermés (ID: purge_closed_challenges) - Prochaine exécution: 2025-07-07 11:29:29
[2025-07-07 11:28:05]   - Synchronisation avec le serveur (ID: server_sync) - Prochaine exécution: 2025-07-07 11:29:29
[2025-07-07 11:29:05] Exécution du vote programmé: vote_103593_next-1m0s_20250707_112805
[2025-07-07 11:29:05] Challenge: Furniture, Votes: 1
[2025-07-07 11:29:05] Furniture get vote panel
[2025-07-07 11:29:05] Processus associé: vote_103593_next-1m0s_20250707_112805
[2025-07-07 11:29:15] Récupération des données de vote pour Furniture (URL: furniture3, HEADER:{'User-Agent': 'Mozilla/5.0 (X11; Linux i686; rv:39.0) Gecko/20100101 Firefox/39.0', 'x-api-version': '8', 'x-env': 'WEB', 'X-requested-with': 'XMLHttpRequest', 'X-token': 'a1cad95a6d480c14f51dd0eba4914c8337b893c789ec6278bb440c7c9a673b162f042470c62684e6da2bd342ffea7777'})
[2025-07-07 11:29:16] Récupération réussie: 200 images pour Furniture
[2025-07-07 11:29:16] Voting fetching ...
[2025-07-07 11:29:16] Furniture voting 1 images
[2025-07-07 11:29:19] Furniture voting 1 images
[2025-07-07 11:29:20] Furniture voted successfully
[2025-07-07 11:29:20] Processus supprimé pour bruno: vote_103593_next-1m0s_20250707_112805 - success
[2025-07-07 11:29:20] Processus mis à jour pour bruno: vote_103593_next-1m0s_20250707_112805 - success
[2025-07-07 11:29:20] Processus vote_103593_next-1m0s_20250707_112805 terminé avec succès
[2025-07-07 11:29:22] Furniture voted successfully
[2025-07-07 11:29:25] Challenges fetching ...
[2025-07-07 11:29:25] Challenge Children:
[2025-07-07 11:29:25]   - Temps calculé: 16834.856482s
[2025-07-07 11:29:25]   - Temps serveur brut: 16836s
[2025-07-07 11:29:25]   - Temps serveur corrigé (-30s): 16866s
[2025-07-07 11:29:25]   - Décalage détecté: -1.1s
[2025-07-07 11:29:25] Challenge Rare Or Commonplace:
[2025-07-07 11:29:25]   - Temps calculé: 28834.852013s
[2025-07-07 11:29:25]   - Temps serveur brut: 28836s
[2025-07-07 11:29:25]   - Temps serveur corrigé (-30s): 28866s
[2025-07-07 11:29:25]   - Décalage détecté: -1.1s
[2025-07-07 11:29:25] Challenge Screen Stars - Epic Mountains:
[2025-07-07 11:29:25]   - Temps calculé: 29734.847394s
[2025-07-07 11:29:25]   - Temps serveur brut: 29736s
[2025-07-07 11:29:25]   - Temps serveur corrigé (-30s): 29766s
[2025-07-07 11:29:25]   - Décalage détecté: -1.2s
[2025-07-07 11:29:25] Challenge Furniture:
[2025-07-07 11:29:25]   - Temps calculé: 52234.843217s
[2025-07-07 11:29:25]   - Temps serveur brut: 52236s
[2025-07-07 11:29:25]   - Temps serveur corrigé (-30s): 52266s
[2025-07-07 11:29:25]   - Décalage détecté: -1.2s
[2025-07-07 11:29:25] Challenges fetched successfully for bruno!
[2025-07-07 11:29:25] Challenges fetching ...
[2025-07-07 11:29:25] Challenge Children:
[2025-07-07 11:29:25]   - Temps calculé: 16834.773753s
[2025-07-07 11:29:25]   - Temps serveur brut: 16836s
[2025-07-07 11:29:25]   - Temps serveur corrigé (-30s): 16866s
[2025-07-07 11:29:25]   - Décalage détecté: -1.2s
[2025-07-07 11:29:25] Challenge Rare Or Commonplace:
[2025-07-07 11:29:25]   - Temps calculé: 28834.769736s
[2025-07-07 11:29:25]   - Temps serveur brut: 28836s
[2025-07-07 11:29:25]   - Temps serveur corrigé (-30s): 28866s
[2025-07-07 11:29:25]   - Décalage détecté: -1.2s
[2025-07-07 11:29:25] Challenge Screen Stars - Epic Mountains:
[2025-07-07 11:29:25]   - Temps calculé: 29734.765524s
[2025-07-07 11:29:25]   - Temps serveur brut: 29736s
[2025-07-07 11:29:25]   - Temps serveur corrigé (-30s): 29766s
[2025-07-07 11:29:25]   - Décalage détecté: -1.2s
[2025-07-07 11:29:25] Challenge Furniture:
[2025-07-07 11:29:25]   - Temps calculé: 52234.761517s
[2025-07-07 11:29:25]   - Temps serveur brut: 52236s
[2025-07-07 11:29:25]   - Temps serveur corrigé (-30s): 52266s
[2025-07-07 11:29:25]   - Décalage détecté: -1.2s
[2025-07-07 11:29:25] Challenges fetched successfully for bruno!
[2025-07-07 11:29:29] Resynchronisation avec le serveur...
[2025-07-07 11:29:29] Fetching challenges...
[2025-07-07 11:29:30] Challenges fetching ...
[2025-07-07 11:29:30] Challenge Children:
[2025-07-07 11:29:30]   - Temps calculé: 16829.826433s
[2025-07-07 11:29:30]   - Temps serveur brut: 16831s
[2025-07-07 11:29:30]   - Temps serveur corrigé (-30s): 16861s
[2025-07-07 11:29:30]   - Décalage détecté: -1.2s
[2025-07-07 11:29:30] Challenge Rare Or Commonplace:
[2025-07-07 11:29:30]   - Temps calculé: 28829.822319s
[2025-07-07 11:29:30]   - Temps serveur brut: 28831s
[2025-07-07 11:29:30]   - Temps serveur corrigé (-30s): 28861s
[2025-07-07 11:29:30]   - Décalage détecté: -1.2s
[2025-07-07 11:29:30] Challenge Screen Stars - Epic Mountains:
[2025-07-07 11:29:30]   - Temps calculé: 29729.818251s
[2025-07-07 11:29:30]   - Temps serveur brut: 29731s
[2025-07-07 11:29:30]   - Temps serveur corrigé (-30s): 29761s
[2025-07-07 11:29:30]   - Décalage détecté: -1.2s
[2025-07-07 11:29:30] Challenge Furniture:
[2025-07-07 11:29:30]   - Temps calculé: 52229.814116s
[2025-07-07 11:29:30]   - Temps serveur brut: 52231s
[2025-07-07 11:29:30]   - Temps serveur corrigé (-30s): 52261s
[2025-07-07 11:29:30]   - Décalage détecté: -1.2s
[2025-07-07 11:29:30] Challenges fetched successfully for bruno!
[2025-07-07 11:34:29] Resynchronisation avec le serveur...
[2025-07-07 11:34:29] Fetching challenges...
[2025-07-07 11:34:29] APScheduler arrêté
[2025-07-07 11:34:51] Fetching challenges...
[2025-07-07 11:34:51] Fetch initial des challenges pour initialiser le décompte...
[2025-07-07 11:34:51] Fetching challenges...
[2025-07-07 11:34:51] Décompte programmé à 11:35:00
[2025-07-07 11:34:51] APScheduler démarré avec succès
[2025-07-07 11:34:53] Challenges fetching ...
[2025-07-07 11:34:53] Challenge Children:
[2025-07-07 11:34:53]   - Temps calculé: 16506.625045s
[2025-07-07 11:34:53]   - Temps serveur brut: 16508s
[2025-07-07 11:34:53]   - Temps serveur corrigé (-30s): 16538s
[2025-07-07 11:34:53]   - Décalage détecté: -1.4s
[2025-07-07 11:34:53] Challenge Rare Or Commonplace:
[2025-07-07 11:34:53]   - Temps calculé: 28506.62239s
[2025-07-07 11:34:53]   - Temps serveur brut: 28508s
[2025-07-07 11:34:53]   - Temps serveur corrigé (-30s): 28538s
[2025-07-07 11:34:53]   - Décalage détecté: -1.4s
[2025-07-07 11:34:53] Challenge Screen Stars - Epic Mountains:
[2025-07-07 11:34:53]   - Temps calculé: 29406.619956s
[2025-07-07 11:34:53]   - Temps serveur brut: 29408s
[2025-07-07 11:34:53]   - Temps serveur corrigé (-30s): 29438s
[2025-07-07 11:34:53]   - Décalage détecté: -1.4s
[2025-07-07 11:34:53] Challenge Furniture:
[2025-07-07 11:34:53]   - Temps calculé: 51906.617173s
[2025-07-07 11:34:53]   - Temps serveur brut: 51908s
[2025-07-07 11:34:53]   - Temps serveur corrigé (-30s): 51938s
[2025-07-07 11:34:53]   - Décalage détecté: -1.4s
[2025-07-07 11:34:53] Lancement automatique des stratégies de fin pour 4 nouveaux challenges...
[2025-07-07 11:34:53] Nouveau challenge détecté pour bruno: Screen Stars - Epic Mountains
[2025-07-07 11:34:53] Nouveau challenge détecté pour bruno: Children
[2025-07-07 11:34:53] Nouveau challenge détecté pour bruno: Furniture
[2025-07-07 11:34:53] Nouveau challenge détecté pour bruno: Rare Or Commonplace
[2025-07-07 11:34:53] Challenges fetched successfully for bruno!
[2025-07-07 11:34:53] Challenges fetching ...
[2025-07-07 11:34:53] Challenge Children:
[2025-07-07 11:34:53]   - Temps calculé: 16506.548353s
[2025-07-07 11:34:53]   - Temps serveur brut: 16508s
[2025-07-07 11:34:53]   - Temps serveur corrigé (-30s): 16538s
[2025-07-07 11:34:53]   - Décalage détecté: -1.5s
[2025-07-07 11:34:53] Challenge Rare Or Commonplace:
[2025-07-07 11:34:53]   - Temps calculé: 28506.545616s
[2025-07-07 11:34:53]   - Temps serveur brut: 28508s
[2025-07-07 11:34:53]   - Temps serveur corrigé (-30s): 28538s
[2025-07-07 11:34:53]   - Décalage détecté: -1.5s
[2025-07-07 11:34:53] Challenge Screen Stars - Epic Mountains:
[2025-07-07 11:34:53]   - Temps calculé: 29406.542907s
[2025-07-07 11:34:53]   - Temps serveur brut: 29408s
[2025-07-07 11:34:53]   - Temps serveur corrigé (-30s): 29438s
[2025-07-07 11:34:53]   - Décalage détecté: -1.5s
[2025-07-07 11:34:53] Challenge Furniture:
[2025-07-07 11:34:53]   - Temps calculé: 51906.540003s
[2025-07-07 11:34:53]   - Temps serveur brut: 51908s
[2025-07-07 11:34:53]   - Temps serveur corrigé (-30s): 51938s
[2025-07-07 11:34:53]   - Décalage détecté: -1.5s
[2025-07-07 11:34:53] Challenges fetched successfully for bruno!
[2025-07-07 11:34:57] Stratégie chargée: end4 - Stratégie conservative - 4m - votes répartis
[2025-07-07 11:34:57] Stratégie chargée: end3 - Stratégie conservative - 3m - votes répartis
[2025-07-07 11:34:57] Stratégie chargée: fill1 - Stratégie rapide - now - votes répartis
[2025-07-07 11:34:57] Stratégie chargée: when1 - Stratégie rapide - now - votes répartis
[2025-07-07 11:34:57] Total: 4 stratégies de timing chargées
[2025-07-07 11:35:00] Décompte local démarré - mise à jour toutes les 10 secondes
[2025-07-07 11:35:06] === Application de la stratégie 'when1' ===
[2025-07-07 11:35:06] Description: Stratégie rapide - now - votes répartis
[2025-07-07 11:35:06] 
--- Challenge: Furniture ---
[2025-07-07 11:35:06] Fin du challenge: 08/07/2025, 02:00
[2025-07-07 11:35:06] Stratégie chargée: end4 - Stratégie conservative - 4m - votes répartis
[2025-07-07 11:35:06] Stratégie chargée: end3 - Stratégie conservative - 3m - votes répartis
[2025-07-07 11:35:06] Stratégie chargée: fill1 - Stratégie rapide - now - votes répartis
[2025-07-07 11:35:06] Stratégie chargée: when1 - Stratégie rapide - now - votes répartis
[2025-07-07 11:35:06] Total: 4 stratégies de timing chargées
[2025-07-07 11:35:06] Application de la stratégie 'when1': Stratégie rapide - now - votes répartis
[2025-07-07 11:35:06] Calcul timing relatif next:
[2025-07-07 11:35:06]   - Heure actuelle: 07/07/2025 11:35:06
[2025-07-07 11:35:06]   - Prochaine minute: 07/07/2025 11:36:00
[2025-07-07 11:35:06]   - Offset: +0m0s depuis la prochaine minute
[2025-07-07 11:35:06]   - Déclenchement: 07/07/2025 11:36:00
[2025-07-07 11:35:06] Vote programmé: Vote sur Furniture à next-1m0s
[2025-07-07 11:35:06]   - Challenge: Furniture
[2025-07-07 11:35:06]   - Heure de déclenchement: 07/07/2025 11:36:00
[2025-07-07 11:35:06]   - Votes: 1
[2025-07-07 11:35:06]   - ID tâche: vote_103593_next-1m0s_20250707_113506
[2025-07-07 11:35:06] Stratégie programmée: 1/1 votes pour Furniture
[2025-07-07 11:35:06] Stratégie 'when1' appliquée avec succès à Furniture
[2025-07-07 11:35:06] Calcul timing relatif next:
[2025-07-07 11:35:06]   - Heure actuelle: 07/07/2025 11:35:06
[2025-07-07 11:35:06]   - Prochaine minute: 07/07/2025 11:36:00
[2025-07-07 11:35:06]   - Offset: +0m0s depuis la prochaine minute
[2025-07-07 11:35:06]   - Déclenchement: 07/07/2025 11:36:00
[2025-07-07 11:35:06] Application de la stratégie 'when1' pour les challenges sélectionnés:
✅ Furniture - Stratégie programmée
   • 1 votes à 11:36:00 (next-1m0s)

[2025-07-07 11:35:06] Tâches programmées:
[2025-07-07 11:35:06]   - Mise à jour du décompte local (ID: countdown_refresh) - Prochaine exécution: 2025-07-07 11:35:10
[2025-07-07 11:35:06]   - Vérification des processus bloqués (ID: check_stalled_processes) - Prochaine exécution: 2025-07-07 11:35:51
[2025-07-07 11:35:06]   - Vote sur Furniture à next-1m0s (ID: vote_103593_next-1m0s_20250707_113506) - Prochaine exécution: 2025-07-07 11:36:00
[2025-07-07 11:35:06]   - Suppression des challenges fermés (ID: purge_closed_challenges) - Prochaine exécution: 2025-07-07 11:39:51
[2025-07-07 11:35:06]   - Synchronisation avec le serveur (ID: server_sync) - Prochaine exécution: 2025-07-07 11:39:51
[2025-07-07 11:35:09] Refresh automatique désactivé
[2025-07-07 11:36:00] Exécution du vote programmé: vote_103593_next-1m0s_20250707_113506
[2025-07-07 11:36:00] Challenge: Furniture, Votes: 1
[2025-07-07 11:36:00] Furniture get vote panel
[2025-07-07 11:36:00] Processus associé: vote_103593_next-1m0s_20250707_113506
[2025-07-07 11:36:00] Récupération des données de vote pour Furniture (URL: furniture3, HEADER:{'User-Agent': 'Mozilla/5.0 (X11; Linux i686; rv:39.0) Gecko/20100101 Firefox/39.0', 'x-api-version': '8', 'x-env': 'WEB', 'X-requested-with': 'XMLHttpRequest', 'X-token': 'a1cad95a6d480c14f51dd0eba4914c8337b893c789ec6278bb440c7c9a673b162f042470c62684e6da2bd342ffea7777'})
[2025-07-07 11:36:00] Récupération réussie: 200 images pour Furniture
[2025-07-07 11:36:00] Voting fetching ...
[2025-07-07 11:36:00] Furniture voting 1 images
[2025-07-07 11:36:03] Furniture voting 1 images
[2025-07-07 11:36:04] Furniture voted successfully
[2025-07-07 11:36:04] Processus supprimé pour bruno: vote_103593_next-1m0s_20250707_113506 - success
[2025-07-07 11:36:04] Processus mis à jour pour bruno: vote_103593_next-1m0s_20250707_113506 - success
[2025-07-07 11:36:04] Processus vote_103593_next-1m0s_20250707_113506 terminé avec succès
[2025-07-07 11:36:06] Furniture voted successfully
[2025-07-07 11:36:09] Challenges fetching ...
[2025-07-07 11:36:09] Challenge Children:
[2025-07-07 11:36:09]   - Temps calculé: 16430.749437s
[2025-07-07 11:36:09]   - Temps serveur brut: 16432s
[2025-07-07 11:36:09]   - Temps serveur corrigé (-30s): 16462s
[2025-07-07 11:36:09]   - Décalage détecté: -1.3s
[2025-07-07 11:36:09] Challenge Rare Or Commonplace:
[2025-07-07 11:36:09]   - Temps calculé: 28430.746366s
[2025-07-07 11:36:09]   - Temps serveur brut: 28432s
[2025-07-07 11:36:09]   - Temps serveur corrigé (-30s): 28462s
[2025-07-07 11:36:09]   - Décalage détecté: -1.3s
[2025-07-07 11:36:09] Challenge Screen Stars - Epic Mountains:
[2025-07-07 11:36:09]   - Temps calculé: 29330.743216s
[2025-07-07 11:36:09]   - Temps serveur brut: 29332s
[2025-07-07 11:36:09]   - Temps serveur corrigé (-30s): 29362s
[2025-07-07 11:36:09]   - Décalage détecté: -1.3s
[2025-07-07 11:36:09] Challenge Furniture:
[2025-07-07 11:36:09]   - Temps calculé: 51830.740229s
[2025-07-07 11:36:09]   - Temps serveur brut: 51832s
[2025-07-07 11:36:09]   - Temps serveur corrigé (-30s): 51862s
[2025-07-07 11:36:09]   - Décalage détecté: -1.3s
[2025-07-07 11:36:09] Challenges fetched successfully for bruno!
[2025-07-07 11:36:09] Challenges fetching ...
[2025-07-07 11:36:09] Challenge Children:
[2025-07-07 11:36:09]   - Temps calculé: 16430.689832s
[2025-07-07 11:36:09]   - Temps serveur brut: 16432s
[2025-07-07 11:36:09]   - Temps serveur corrigé (-30s): 16462s
[2025-07-07 11:36:09]   - Décalage détecté: -1.3s
[2025-07-07 11:36:09] Challenge Rare Or Commonplace:
[2025-07-07 11:36:09]   - Temps calculé: 28430.687302s
[2025-07-07 11:36:09]   - Temps serveur brut: 28432s
[2025-07-07 11:36:09]   - Temps serveur corrigé (-30s): 28462s
[2025-07-07 11:36:09]   - Décalage détecté: -1.3s
[2025-07-07 11:36:09] Challenge Screen Stars - Epic Mountains:
[2025-07-07 11:36:09]   - Temps calculé: 29330.684739s
[2025-07-07 11:36:09]   - Temps serveur brut: 29332s
[2025-07-07 11:36:09]   - Temps serveur corrigé (-30s): 29362s
[2025-07-07 11:36:09]   - Décalage détecté: -1.3s
[2025-07-07 11:36:09] Challenge Furniture:
[2025-07-07 11:36:09]   - Temps calculé: 51830.682086s
[2025-07-07 11:36:09]   - Temps serveur brut: 51832s
[2025-07-07 11:36:09]   - Temps serveur corrigé (-30s): 51862s
[2025-07-07 11:36:09]   - Décalage détecté: -1.3s
[2025-07-07 11:36:09] Challenges fetched successfully for bruno!
[2025-07-07 11:39:53] Resynchronisation avec le serveur...
[2025-07-07 11:39:53] Fetching challenges...
[2025-07-07 11:39:54] Challenges fetching ...
[2025-07-07 11:39:54] Challenge Children:
[2025-07-07 11:39:54]   - Temps calculé: 16205.791297s
[2025-07-07 11:39:54]   - Temps serveur brut: 16207s
[2025-07-07 11:39:54]   - Temps serveur corrigé (-30s): 16237s
[2025-07-07 11:39:54]   - Décalage détecté: -1.2s
[2025-07-07 11:39:54] Challenge Rare Or Commonplace:
[2025-07-07 11:39:54]   - Temps calculé: 28205.788388s
[2025-07-07 11:39:54]   - Temps serveur brut: 28207s
[2025-07-07 11:39:54]   - Temps serveur corrigé (-30s): 28237s
[2025-07-07 11:39:54]   - Décalage détecté: -1.2s
[2025-07-07 11:39:54] Challenge Screen Stars - Epic Mountains:
[2025-07-07 11:39:54]   - Temps calculé: 29105.785367s
[2025-07-07 11:39:54]   - Temps serveur brut: 29107s
[2025-07-07 11:39:54]   - Temps serveur corrigé (-30s): 29137s
[2025-07-07 11:39:54]   - Décalage détecté: -1.2s
[2025-07-07 11:39:54] Challenge Furniture:
[2025-07-07 11:39:54]   - Temps calculé: 51605.782296s
[2025-07-07 11:39:54]   - Temps serveur brut: 51607s
[2025-07-07 11:39:54]   - Temps serveur corrigé (-30s): 51637s
[2025-07-07 11:39:54]   - Décalage détecté: -1.2s
[2025-07-07 11:39:54] Challenges fetched successfully for bruno!
[2025-07-07 11:40:12] Fetching challenges...
[2025-07-07 11:40:12] Fetch initial des challenges pour initialiser le décompte...
[2025-07-07 11:40:12] Fetching challenges...
[2025-07-07 11:40:12] Décompte programmé à 11:41:00
[2025-07-07 11:40:12] APScheduler démarré avec succès
[2025-07-07 11:40:14] Lancement automatique des stratégies de fin pour 4 nouveaux challenges...
[2025-07-07 11:40:14] Nouveau challenge détecté pour bruno: Screen Stars - Epic Mountains
[2025-07-07 11:40:14] Nouveau challenge détecté pour bruno: Children
[2025-07-07 11:40:14] Nouveau challenge détecté pour bruno: Furniture
[2025-07-07 11:40:14] Nouveau challenge détecté pour bruno: Rare Or Commonplace
[2025-07-07 11:40:28] Stratégie chargée: end4 - Stratégie conservative - 4m - votes répartis
[2025-07-07 11:40:28] Stratégie chargée: end3 - Stratégie conservative - 3m - votes répartis
[2025-07-07 11:40:28] Stratégie chargée: fill1 - Stratégie rapide - now - votes répartis
[2025-07-07 11:40:28] Stratégie chargée: when1 - Stratégie rapide - now - votes répartis
[2025-07-07 11:40:28] Total: 4 stratégies de timing chargées
[2025-07-07 11:40:31] === Application de la stratégie 'end4' ===
[2025-07-07 11:40:31] Description: Stratégie conservative - 4m - votes répartis
[2025-07-07 11:40:31] 
--- Challenge: Children ---
[2025-07-07 11:40:31] Fin du challenge: 07/07/2025, 16:10
[2025-07-07 11:40:31] Stratégie chargée: end4 - Stratégie conservative - 4m - votes répartis
[2025-07-07 11:40:31] Stratégie chargée: end3 - Stratégie conservative - 3m - votes répartis
[2025-07-07 11:40:31] Stratégie chargée: fill1 - Stratégie rapide - now - votes répartis
[2025-07-07 11:40:31] Stratégie chargée: when1 - Stratégie rapide - now - votes répartis
[2025-07-07 11:40:31] Total: 4 stratégies de timing chargées
[2025-07-07 11:40:31] Application de la stratégie 'end4': Stratégie conservative - 4m - votes répartis
[2025-07-07 11:40:31] Calcul timing relatif end:
[2025-07-07 11:40:31]   - Fin du challenge: 07/07/2025 16:10:00
[2025-07-07 11:40:31]   - Offset: -4m0s (240s)
[2025-07-07 11:40:31]   - Déclenchement: 07/07/2025 16:06:00
[2025-07-07 11:40:31] Vote programmé: Vote sur Children à end-4m0s
[2025-07-07 11:40:31]   - Challenge: Children
[2025-07-07 11:40:31]   - Heure de déclenchement: 07/07/2025 16:06:00
[2025-07-07 11:40:31]   - Votes: 70
[2025-07-07 11:40:31]   - ID tâche: vote_103556_end-4m0s_20250707_114031
[2025-07-07 11:40:31] Calcul timing relatif end:
[2025-07-07 11:40:31]   - Fin du challenge: 07/07/2025 16:10:00
[2025-07-07 11:40:31]   - Offset: -3m0s (180s)
[2025-07-07 11:40:31]   - Déclenchement: 07/07/2025 16:07:00
[2025-07-07 11:40:31] Vote programmé: Vote sur Children à end-3m0s
[2025-07-07 11:40:31]   - Challenge: Children
[2025-07-07 11:40:31]   - Heure de déclenchement: 07/07/2025 16:07:00
[2025-07-07 11:40:31]   - Votes: 40
[2025-07-07 11:40:31]   - ID tâche: vote_103556_end-3m0s_20250707_114031
[2025-07-07 11:40:31] Calcul timing relatif end:
[2025-07-07 11:40:31]   - Fin du challenge: 07/07/2025 16:10:00
[2025-07-07 11:40:31]   - Offset: -2m0s (120s)
[2025-07-07 11:40:31]   - Déclenchement: 07/07/2025 16:08:00
[2025-07-07 11:40:31] Vote programmé: Vote sur Children à end-2m0s
[2025-07-07 11:40:31]   - Challenge: Children
[2025-07-07 11:40:31]   - Heure de déclenchement: 07/07/2025 16:08:00
[2025-07-07 11:40:31]   - Votes: 40
[2025-07-07 11:40:31]   - ID tâche: vote_103556_end-2m0s_20250707_114031
[2025-07-07 11:40:31] Calcul timing relatif end:
[2025-07-07 11:40:31]   - Fin du challenge: 07/07/2025 16:10:00
[2025-07-07 11:40:31]   - Offset: -2m0s (120s)
[2025-07-07 11:40:31]   - Déclenchement: 07/07/2025 16:08:00
[2025-07-07 11:40:31] Vote programmé: Vote sur Children à end-2m0s
[2025-07-07 11:40:31]   - Challenge: Children
[2025-07-07 11:40:31]   - Heure de déclenchement: 07/07/2025 16:08:00
[2025-07-07 11:40:31]   - Votes: 40
[2025-07-07 11:40:31]   - ID tâche: vote_103556_end-2m0s_20250707_114031
[2025-07-07 11:40:31] Calcul timing relatif end:
[2025-07-07 11:40:31]   - Fin du challenge: 07/07/2025 16:10:00
[2025-07-07 11:40:31]   - Offset: -0m30s (30s)
[2025-07-07 11:40:31]   - Déclenchement: 07/07/2025 16:09:30
[2025-07-07 11:40:31] Vote programmé: Vote sur Children à end-0m30s
[2025-07-07 11:40:31]   - Challenge: Children
[2025-07-07 11:40:31]   - Heure de déclenchement: 07/07/2025 16:09:30
[2025-07-07 11:40:31]   - Votes: 20
[2025-07-07 11:40:31]   - ID tâche: vote_103556_end-0m30s_20250707_114031
[2025-07-07 11:40:31] Stratégie programmée: 5/5 votes pour Children
[2025-07-07 11:40:31] Stratégie 'end4' appliquée avec succès à Children
[2025-07-07 11:40:31] Calcul timing relatif end:
[2025-07-07 11:40:31]   - Fin du challenge: 07/07/2025 16:10:00
[2025-07-07 11:40:31]   - Offset: -4m0s (240s)
[2025-07-07 11:40:31]   - Déclenchement: 07/07/2025 16:06:00
[2025-07-07 11:40:31] Calcul timing relatif end:
[2025-07-07 11:40:31]   - Fin du challenge: 07/07/2025 16:10:00
[2025-07-07 11:40:31]   - Offset: -3m0s (180s)
[2025-07-07 11:40:31]   - Déclenchement: 07/07/2025 16:07:00
[2025-07-07 11:40:31] Calcul timing relatif end:
[2025-07-07 11:40:31]   - Fin du challenge: 07/07/2025 16:10:00
[2025-07-07 11:40:31]   - Offset: -2m0s (120s)
[2025-07-07 11:40:31]   - Déclenchement: 07/07/2025 16:08:00
[2025-07-07 11:40:31] Calcul timing relatif end:
[2025-07-07 11:40:31]   - Fin du challenge: 07/07/2025 16:10:00
[2025-07-07 11:40:31]   - Offset: -2m0s (120s)
[2025-07-07 11:40:31]   - Déclenchement: 07/07/2025 16:08:00
[2025-07-07 11:40:31] Calcul timing relatif end:
[2025-07-07 11:40:31]   - Fin du challenge: 07/07/2025 16:10:00
[2025-07-07 11:40:31]   - Offset: -0m30s (30s)
[2025-07-07 11:40:31]   - Déclenchement: 07/07/2025 16:09:30
[2025-07-07 11:40:31] Application de la stratégie 'end4' pour les challenges sélectionnés:
✅ Children - Stratégie programmée
   • 70 votes à 16:06:00 (end-4m0s)
   • 40 votes à 16:07:00 (end-3m0s)
   • 40 votes à 16:08:00 (end-2m0s)
   • 40 votes à 16:08:00 (end-2m0s)
   • 20 votes à 16:09:30 (end-0m30s)

[2025-07-07 11:40:31] Tâches programmées:
[2025-07-07 11:40:31]   - Démarrage du décompte au changement de minute (ID: initial_countdown) - Prochaine exécution: 2025-07-07 11:41:00
[2025-07-07 11:40:31]   - Vérification des processus bloqués (ID: check_stalled_processes) - Prochaine exécution: 2025-07-07 11:41:12
[2025-07-07 11:40:31]   - Suppression des challenges fermés (ID: purge_closed_challenges) - Prochaine exécution: 2025-07-07 11:45:12
[2025-07-07 11:40:31]   - Synchronisation avec le serveur (ID: server_sync) - Prochaine exécution: 2025-07-07 11:45:12
[2025-07-07 11:40:31]   - Vote sur Children à end-4m0s (ID: vote_103556_end-4m0s_20250707_114031) - Prochaine exécution: 2025-07-07 16:06:00
[2025-07-07 11:40:31]   - Vote sur Children à end-3m0s (ID: vote_103556_end-3m0s_20250707_114031) - Prochaine exécution: 2025-07-07 16:07:00
[2025-07-07 11:40:31]   - Vote sur Children à end-2m0s (ID: vote_103556_end-2m0s_20250707_114031) - Prochaine exécution: 2025-07-07 16:08:00
[2025-07-07 11:40:31]   - Vote sur Children à end-0m30s (ID: vote_103556_end-0m30s_20250707_114031) - Prochaine exécution: 2025-07-07 16:09:30
[2025-07-07 11:41:00] Décompte local démarré - mise à jour toutes les 10 secondes
[2025-07-07 11:45:12] Resynchronisation avec le serveur...
[2025-07-07 11:45:12] Fetching challenges...
[2025-07-07 11:50:12] Resynchronisation avec le serveur...
[2025-07-07 11:50:12] Fetching challenges...
[2025-07-07 11:55:12] Resynchronisation avec le serveur...
[2025-07-07 11:55:12] Fetching challenges...
[2025-07-07 12:00:12] Resynchronisation avec le serveur...
[2025-07-07 12:00:12] Fetching challenges...
[2025-07-07 12:05:12] Resynchronisation avec le serveur...
[2025-07-07 12:05:12] Fetching challenges...
[2025-07-07 12:10:12] Resynchronisation avec le serveur...
[2025-07-07 12:10:12] Fetching challenges...
[2025-07-07 12:15:12] Resynchronisation avec le serveur...
[2025-07-07 12:15:12] Fetching challenges...
[2025-07-07 12:20:12] Resynchronisation avec le serveur...
[2025-07-07 12:20:12] Fetching challenges...
[2025-07-07 12:25:12] Resynchronisation avec le serveur...
[2025-07-07 12:25:12] Fetching challenges...
[2025-07-07 12:26:22] APScheduler arrêté
[2025-07-07 12:26:32] Fetching challenges...
[2025-07-07 12:26:32] Fetch initial des challenges pour initialiser le décompte...
[2025-07-07 12:26:32] Fetching challenges...
[2025-07-07 12:26:32] Décompte programmé à 12:27:00
[2025-07-07 12:26:32] APScheduler démarré avec succès
[2025-07-07 12:26:33] Aucune stratégie programmée à restaurer
[2025-07-07 12:26:34] Lancement automatique des stratégies de fin pour 4 nouveaux challenges...
[2025-07-07 12:26:34] Nouveau challenge détecté pour bruno: Screen Stars - Epic Mountains
[2025-07-07 12:26:34] Nouveau challenge détecté pour bruno: Children
[2025-07-07 12:26:34] Nouveau challenge détecté pour bruno: Furniture
[2025-07-07 12:26:34] Nouveau challenge détecté pour bruno: Rare Or Commonplace
[2025-07-07 12:26:39] === STRATÉGIES ET JOBS EN COURS ===

📅 JOBS APSCHEDULER PROGRAMMÉS:
--------------------------------------------------
📊 Système | Démarrage du décompte au changement de minute
   ID: initial_countdown
   Prochaine exécution: 07/07/2025 12:27:00

🔍 Nettoyage | Vérification des processus bloqués
   ID: check_stalled_processes
   Prochaine exécution: 07/07/2025 12:27:32

🗑️ Purge | Suppression des challenges fermés
   ID: purge_closed_challenges
   Prochaine exécution: 07/07/2025 12:31:32

🔄 Sync | Synchronisation avec le serveur
   ID: server_sync
   Prochaine exécution: 07/07/2025 12:31:32

⚙️ PROCESSUS LEGACY:
--------------------------------------------------
Aucun processus legacy en cours.

============================================================

[2025-07-07 12:26:45] Stratégie chargée: end4 - Stratégie conservative - 4m - votes répartis
[2025-07-07 12:26:45] Stratégie chargée: end3 - Stratégie conservative - 3m - votes répartis
[2025-07-07 12:26:45] Stratégie chargée: fill1 - Stratégie rapide - now - votes répartis
[2025-07-07 12:26:45] Stratégie chargée: when1 - Stratégie rapide - now - votes répartis
[2025-07-07 12:26:45] Total: 4 stratégies de timing chargées
[2025-07-07 12:26:48] === Application de la stratégie 'end4' ===
[2025-07-07 12:26:48] Description: Stratégie conservative - 4m - votes répartis
[2025-07-07 12:26:48] 
--- Challenge: Children ---
[2025-07-07 12:26:48] Fin du challenge: 07/07/2025, 16:10
[2025-07-07 12:26:48] Stratégie chargée: end4 - Stratégie conservative - 4m - votes répartis
[2025-07-07 12:26:48] Stratégie chargée: end3 - Stratégie conservative - 3m - votes répartis
[2025-07-07 12:26:48] Stratégie chargée: fill1 - Stratégie rapide - now - votes répartis
[2025-07-07 12:26:48] Stratégie chargée: when1 - Stratégie rapide - now - votes répartis
[2025-07-07 12:26:48] Total: 4 stratégies de timing chargées
[2025-07-07 12:26:48] Application de la stratégie 'end4': Stratégie conservative - 4m - votes répartis
[2025-07-07 12:26:48] Calcul timing relatif end:
[2025-07-07 12:26:48]   - Fin du challenge: 07/07/2025 16:10:00
[2025-07-07 12:26:48]   - Offset: -4m0s (240s)
[2025-07-07 12:26:48]   - Déclenchement: 07/07/2025 16:06:00
[2025-07-07 12:26:48] Vote programmé: Vote sur Children à end-4m0s
[2025-07-07 12:26:48]   - Challenge: Children
[2025-07-07 12:26:48]   - Heure de déclenchement: 07/07/2025 16:06:00
[2025-07-07 12:26:48]   - Votes: 70
[2025-07-07 12:26:48]   - ID tâche: vote_103556_end-4m0s_20250707_122648
[2025-07-07 12:26:48] Calcul timing relatif end:
[2025-07-07 12:26:48]   - Fin du challenge: 07/07/2025 16:10:00
[2025-07-07 12:26:48]   - Offset: -3m0s (180s)
[2025-07-07 12:26:48]   - Déclenchement: 07/07/2025 16:07:00
[2025-07-07 12:26:48] Vote programmé: Vote sur Children à end-3m0s
[2025-07-07 12:26:48]   - Challenge: Children
[2025-07-07 12:26:48]   - Heure de déclenchement: 07/07/2025 16:07:00
[2025-07-07 12:26:48]   - Votes: 40
[2025-07-07 12:26:48]   - ID tâche: vote_103556_end-3m0s_20250707_122648
[2025-07-07 12:26:48] Calcul timing relatif end:
[2025-07-07 12:26:48]   - Fin du challenge: 07/07/2025 16:10:00
[2025-07-07 12:26:48]   - Offset: -2m0s (120s)
[2025-07-07 12:26:48]   - Déclenchement: 07/07/2025 16:08:00
[2025-07-07 12:26:48] Vote programmé: Vote sur Children à end-2m0s
[2025-07-07 12:26:48]   - Challenge: Children
[2025-07-07 12:26:48]   - Heure de déclenchement: 07/07/2025 16:08:00
[2025-07-07 12:26:48]   - Votes: 40
[2025-07-07 12:26:48]   - ID tâche: vote_103556_end-2m0s_20250707_122648
[2025-07-07 12:26:48] Calcul timing relatif end:
[2025-07-07 12:26:48]   - Fin du challenge: 07/07/2025 16:10:00
[2025-07-07 12:26:48]   - Offset: -1m0s (60s)
[2025-07-07 12:26:48]   - Déclenchement: 07/07/2025 16:09:00
[2025-07-07 12:26:48] Vote programmé: Vote sur Children à end-1m0s
[2025-07-07 12:26:48]   - Challenge: Children
[2025-07-07 12:26:48]   - Heure de déclenchement: 07/07/2025 16:09:00
[2025-07-07 12:26:48]   - Votes: 40
[2025-07-07 12:26:48]   - ID tâche: vote_103556_end-1m0s_20250707_122648
[2025-07-07 12:26:48] Calcul timing relatif end:
[2025-07-07 12:26:48]   - Fin du challenge: 07/07/2025 16:10:00
[2025-07-07 12:26:48]   - Offset: -0m30s (30s)
[2025-07-07 12:26:48]   - Déclenchement: 07/07/2025 16:09:30
[2025-07-07 12:26:48] Vote programmé: Vote sur Children à end-0m30s
[2025-07-07 12:26:48]   - Challenge: Children
[2025-07-07 12:26:48]   - Heure de déclenchement: 07/07/2025 16:09:30
[2025-07-07 12:26:48]   - Votes: 20
[2025-07-07 12:26:48]   - ID tâche: vote_103556_end-0m30s_20250707_122648
[2025-07-07 12:26:48] Stratégie programmée: 5/5 votes pour Children
[2025-07-07 12:26:48] Stratégie 'end4' appliquée avec succès à Children
[2025-07-07 12:26:48] Erreur lors de la sauvegarde de la stratégie: The key "103556" is not a string.
[2025-07-07 12:26:48] Calcul timing relatif end:
[2025-07-07 12:26:48]   - Fin du challenge: 07/07/2025 16:10:00
[2025-07-07 12:26:48]   - Offset: -4m0s (240s)
[2025-07-07 12:26:48]   - Déclenchement: 07/07/2025 16:06:00
[2025-07-07 12:26:48] Calcul timing relatif end:
[2025-07-07 12:26:48]   - Fin du challenge: 07/07/2025 16:10:00
[2025-07-07 12:26:48]   - Offset: -3m0s (180s)
[2025-07-07 12:26:48]   - Déclenchement: 07/07/2025 16:07:00
[2025-07-07 12:26:48] Calcul timing relatif end:
[2025-07-07 12:26:48]   - Fin du challenge: 07/07/2025 16:10:00
[2025-07-07 12:26:48]   - Offset: -2m0s (120s)
[2025-07-07 12:26:48]   - Déclenchement: 07/07/2025 16:08:00
[2025-07-07 12:26:48] Calcul timing relatif end:
[2025-07-07 12:26:48]   - Fin du challenge: 07/07/2025 16:10:00
[2025-07-07 12:26:48]   - Offset: -1m0s (60s)
[2025-07-07 12:26:48]   - Déclenchement: 07/07/2025 16:09:00
[2025-07-07 12:26:48] Calcul timing relatif end:
[2025-07-07 12:26:48]   - Fin du challenge: 07/07/2025 16:10:00
[2025-07-07 12:26:48]   - Offset: -0m30s (30s)
[2025-07-07 12:26:48]   - Déclenchement: 07/07/2025 16:09:30
[2025-07-07 12:26:48] Application de la stratégie 'end4' pour les challenges sélectionnés:
✅ Children - Stratégie programmée
   • 70 votes à 16:06:00 (end-4m0s)
   • 40 votes à 16:07:00 (end-3m0s)
   • 40 votes à 16:08:00 (end-2m0s)
   • 40 votes à 16:09:00 (end-1m0s)
   • 20 votes à 16:09:30 (end-0m30s)

[2025-07-07 12:26:48] Tâches programmées:
[2025-07-07 12:26:48]   - Démarrage du décompte au changement de minute (ID: initial_countdown) - Prochaine exécution: 2025-07-07 12:27:00
[2025-07-07 12:26:48]   - Vérification des processus bloqués (ID: check_stalled_processes) - Prochaine exécution: 2025-07-07 12:27:32
[2025-07-07 12:26:48]   - Suppression des challenges fermés (ID: purge_closed_challenges) - Prochaine exécution: 2025-07-07 12:31:32
[2025-07-07 12:26:48]   - Synchronisation avec le serveur (ID: server_sync) - Prochaine exécution: 2025-07-07 12:31:32
[2025-07-07 12:26:48]   - Vote sur Children à end-4m0s (ID: vote_103556_end-4m0s_20250707_122648) - Prochaine exécution: 2025-07-07 16:06:00
[2025-07-07 12:26:48]   - Vote sur Children à end-3m0s (ID: vote_103556_end-3m0s_20250707_122648) - Prochaine exécution: 2025-07-07 16:07:00
[2025-07-07 12:26:48]   - Vote sur Children à end-2m0s (ID: vote_103556_end-2m0s_20250707_122648) - Prochaine exécution: 2025-07-07 16:08:00
[2025-07-07 12:26:48]   - Vote sur Children à end-1m0s (ID: vote_103556_end-1m0s_20250707_122648) - Prochaine exécution: 2025-07-07 16:09:00
[2025-07-07 12:26:48]   - Vote sur Children à end-0m30s (ID: vote_103556_end-0m30s_20250707_122648) - Prochaine exécution: 2025-07-07 16:09:30
[2025-07-07 12:27:00] Décompte local démarré - mise à jour toutes les 10 secondes
[2025-07-07 12:27:22] === STRATÉGIES ET JOBS EN COURS ===

📅 JOBS APSCHEDULER PROGRAMMÉS:
--------------------------------------------------
⏱️ Décompte | Mise à jour du décompte local
   ID: countdown_refresh
   Prochaine exécution: 07/07/2025 12:27:30

🔍 Nettoyage | Vérification des processus bloqués
   ID: check_stalled_processes
   Prochaine exécution: 07/07/2025 12:27:32

🗑️ Purge | Suppression des challenges fermés
   ID: purge_closed_challenges
   Prochaine exécution: 07/07/2025 12:31:32

🔄 Sync | Synchronisation avec le serveur
   ID: server_sync
   Prochaine exécution: 07/07/2025 12:31:32

🗳️ Vote | Vote sur Children à end-4m0s
   ID: vote_103556_end-4m0s_20250707_122648
   Prochaine exécution: 07/07/2025 16:06:00

🗳️ Vote | Vote sur Children à end-3m0s
   ID: vote_103556_end-3m0s_20250707_122648
   Prochaine exécution: 07/07/2025 16:07:00

🗳️ Vote | Vote sur Children à end-2m0s
   ID: vote_103556_end-2m0s_20250707_122648
   Prochaine exécution: 07/07/2025 16:08:00

🗳️ Vote | Vote sur Children à end-1m0s
   ID: vote_103556_end-1m0s_20250707_122648
   Prochaine exécution: 07/07/2025 16:09:00

🗳️ Vote | Vote sur Children à end-0m30s
   ID: vote_103556_end-0m30s_20250707_122648
   Prochaine exécution: 07/07/2025 16:09:30

⚙️ PROCESSUS LEGACY:
--------------------------------------------------
Aucun processus legacy en cours.

============================================================

[2025-07-07 12:27:46] APScheduler arrêté
[2025-07-07 12:27:53] Fetching challenges...
[2025-07-07 12:27:53] Fetch initial des challenges pour initialiser le décompte...
[2025-07-07 12:27:53] Fetching challenges...
[2025-07-07 12:27:53] Décompte programmé à 12:28:00
[2025-07-07 12:27:53] APScheduler démarré avec succès
[2025-07-07 12:27:54] Aucune stratégie programmée à restaurer
[2025-07-07 12:27:55] Lancement automatique des stratégies de fin pour 4 nouveaux challenges...
[2025-07-07 12:27:55] Nouveau challenge détecté pour bruno: Screen Stars - Epic Mountains
[2025-07-07 12:27:55] Nouveau challenge détecté pour bruno: Children
[2025-07-07 12:27:55] Nouveau challenge détecté pour bruno: Furniture
[2025-07-07 12:27:55] Nouveau challenge détecté pour bruno: Rare Or Commonplace
[2025-07-07 12:28:00] Décompte local démarré - mise à jour toutes les 10 secondes
[2025-07-07 12:28:06] === STRATÉGIES ET JOBS EN COURS ===

📅 JOBS APSCHEDULER PROGRAMMÉS:
--------------------------------------------------
⏱️ Décompte | Mise à jour du décompte local
   ID: countdown_refresh
   Prochaine exécution: 07/07/2025 12:28:10

🔍 Nettoyage | Vérification des processus bloqués
   ID: check_stalled_processes
   Prochaine exécution: 07/07/2025 12:28:53

🗑️ Purge | Suppression des challenges fermés
   ID: purge_closed_challenges
   Prochaine exécution: 07/07/2025 12:32:53

🔄 Sync | Synchronisation avec le serveur
   ID: server_sync
   Prochaine exécution: 07/07/2025 12:32:53

⚙️ PROCESSUS LEGACY:
--------------------------------------------------
Aucun processus legacy en cours.

============================================================

[2025-07-07 12:32:53] Resynchronisation avec le serveur...
[2025-07-07 12:32:53] Fetching challenges...
[2025-07-07 12:37:49] APScheduler arrêté
[2025-07-07 12:37:58] Fetching challenges...
[2025-07-07 12:37:58] Fetch initial des challenges pour initialiser le décompte...
[2025-07-07 12:37:58] Fetching challenges...
[2025-07-07 12:37:58] Décompte programmé à 12:38:00
[2025-07-07 12:37:58] APScheduler démarré avec succès
[2025-07-07 12:37:59] Aucune stratégie programmée à restaurer
[2025-07-07 12:37:59] Lancement automatique des stratégies de fin pour 4 nouveaux challenges...
[2025-07-07 12:37:59] Nouveau challenge détecté pour bruno: Screen Stars - Epic Mountains
[2025-07-07 12:37:59] Nouveau challenge détecté pour bruno: Children
[2025-07-07 12:37:59] Nouveau challenge détecté pour bruno: Furniture
[2025-07-07 12:37:59] Nouveau challenge détecté pour bruno: Rare Or Commonplace
[2025-07-07 12:38:00] Décompte local démarré - mise à jour toutes les 10 secondes
[2025-07-07 12:38:07] Stratégie chargée: end4 - Stratégie conservative - 4m - votes répartis
[2025-07-07 12:38:07] Stratégie chargée: end3 - Stratégie conservative - 3m - votes répartis
[2025-07-07 12:38:07] Stratégie chargée: fill1 - Stratégie rapide - now - votes répartis
[2025-07-07 12:38:07] Stratégie chargée: when1 - Stratégie rapide - now - votes répartis
[2025-07-07 12:38:07] Total: 4 stratégies de timing chargées
[2025-07-07 12:38:12] === Application de la stratégie 'end4' ===
[2025-07-07 12:38:12] Description: Stratégie conservative - 4m - votes répartis
[2025-07-07 12:38:12] 
--- Challenge: Children ---
[2025-07-07 12:38:12] Fin du challenge: 07/07/2025, 16:10
[2025-07-07 12:38:12] Stratégie chargée: end4 - Stratégie conservative - 4m - votes répartis
[2025-07-07 12:38:12] Stratégie chargée: end3 - Stratégie conservative - 3m - votes répartis
[2025-07-07 12:38:12] Stratégie chargée: fill1 - Stratégie rapide - now - votes répartis
[2025-07-07 12:38:12] Stratégie chargée: when1 - Stratégie rapide - now - votes répartis
[2025-07-07 12:38:12] Total: 4 stratégies de timing chargées
[2025-07-07 12:38:12] Application de la stratégie 'end4': Stratégie conservative - 4m - votes répartis
[2025-07-07 12:38:12] Calcul timing relatif end:
[2025-07-07 12:38:12]   - Fin du challenge: 07/07/2025 16:10:00
[2025-07-07 12:38:12]   - Offset: -4m0s (240s)
[2025-07-07 12:38:12]   - Déclenchement: 07/07/2025 16:06:00
[2025-07-07 12:38:12] Vote programmé: Vote sur Children à end-4m0s
[2025-07-07 12:38:12]   - Challenge: Children
[2025-07-07 12:38:12]   - Heure de déclenchement: 07/07/2025 16:06:00
[2025-07-07 12:38:12]   - Votes: 70
[2025-07-07 12:38:12]   - ID tâche: vote_103556_end-4m0s_20250707_123812
[2025-07-07 12:38:12] Calcul timing relatif end:
[2025-07-07 12:38:12]   - Fin du challenge: 07/07/2025 16:10:00
[2025-07-07 12:38:12]   - Offset: -3m0s (180s)
[2025-07-07 12:38:12]   - Déclenchement: 07/07/2025 16:07:00
[2025-07-07 12:38:12] Vote programmé: Vote sur Children à end-3m0s
[2025-07-07 12:38:12]   - Challenge: Children
[2025-07-07 12:38:12]   - Heure de déclenchement: 07/07/2025 16:07:00
[2025-07-07 12:38:12]   - Votes: 40
[2025-07-07 12:38:12]   - ID tâche: vote_103556_end-3m0s_20250707_123812
[2025-07-07 12:38:12] Calcul timing relatif end:
[2025-07-07 12:38:12]   - Fin du challenge: 07/07/2025 16:10:00
[2025-07-07 12:38:12]   - Offset: -2m0s (120s)
[2025-07-07 12:38:12]   - Déclenchement: 07/07/2025 16:08:00
[2025-07-07 12:38:12] Vote programmé: Vote sur Children à end-2m0s
[2025-07-07 12:38:12]   - Challenge: Children
[2025-07-07 12:38:12]   - Heure de déclenchement: 07/07/2025 16:08:00
[2025-07-07 12:38:12]   - Votes: 40
[2025-07-07 12:38:12]   - ID tâche: vote_103556_end-2m0s_20250707_123812
[2025-07-07 12:38:12] Calcul timing relatif end:
[2025-07-07 12:38:12]   - Fin du challenge: 07/07/2025 16:10:00
[2025-07-07 12:38:12]   - Offset: -1m0s (60s)
[2025-07-07 12:38:12]   - Déclenchement: 07/07/2025 16:09:00
[2025-07-07 12:38:12] Vote programmé: Vote sur Children à end-1m0s
[2025-07-07 12:38:12]   - Challenge: Children
[2025-07-07 12:38:12]   - Heure de déclenchement: 07/07/2025 16:09:00
[2025-07-07 12:38:12]   - Votes: 40
[2025-07-07 12:38:12]   - ID tâche: vote_103556_end-1m0s_20250707_123812
[2025-07-07 12:38:12] Calcul timing relatif end:
[2025-07-07 12:38:12]   - Fin du challenge: 07/07/2025 16:10:00
[2025-07-07 12:38:12]   - Offset: -0m30s (30s)
[2025-07-07 12:38:12]   - Déclenchement: 07/07/2025 16:09:30
[2025-07-07 12:38:12] Vote programmé: Vote sur Children à end-0m30s
[2025-07-07 12:38:12]   - Challenge: Children
[2025-07-07 12:38:12]   - Heure de déclenchement: 07/07/2025 16:09:30
[2025-07-07 12:38:12]   - Votes: 20
[2025-07-07 12:38:12]   - ID tâche: vote_103556_end-0m30s_20250707_123812
[2025-07-07 12:38:12] Stratégie programmée: 5/5 votes pour Children
[2025-07-07 12:38:12] Stratégie 'end4' appliquée avec succès à Children
[2025-07-07 12:38:12] Erreur lors de la sauvegarde de la stratégie: The key "103556" is not a string.
[2025-07-07 12:38:12] Calcul timing relatif end:
[2025-07-07 12:38:12]   - Fin du challenge: 07/07/2025 16:10:00
[2025-07-07 12:38:12]   - Offset: -4m0s (240s)
[2025-07-07 12:38:12]   - Déclenchement: 07/07/2025 16:06:00
[2025-07-07 12:38:12] Calcul timing relatif end:
[2025-07-07 12:38:12]   - Fin du challenge: 07/07/2025 16:10:00
[2025-07-07 12:38:12]   - Offset: -3m0s (180s)
[2025-07-07 12:38:12]   - Déclenchement: 07/07/2025 16:07:00
[2025-07-07 12:38:12] Calcul timing relatif end:
[2025-07-07 12:38:12]   - Fin du challenge: 07/07/2025 16:10:00
[2025-07-07 12:38:12]   - Offset: -2m0s (120s)
[2025-07-07 12:38:12]   - Déclenchement: 07/07/2025 16:08:00
[2025-07-07 12:38:12] Calcul timing relatif end:
[2025-07-07 12:38:12]   - Fin du challenge: 07/07/2025 16:10:00
[2025-07-07 12:38:12]   - Offset: -1m0s (60s)
[2025-07-07 12:38:12]   - Déclenchement: 07/07/2025 16:09:00
[2025-07-07 12:38:12] Calcul timing relatif end:
[2025-07-07 12:38:12]   - Fin du challenge: 07/07/2025 16:10:00
[2025-07-07 12:38:12]   - Offset: -0m30s (30s)
[2025-07-07 12:38:12]   - Déclenchement: 07/07/2025 16:09:30
[2025-07-07 12:38:12] Application de la stratégie 'end4' pour les challenges sélectionnés:
✅ Children - Stratégie programmée
   • 70 votes à 16:06:00 (end-4m0s)
   • 40 votes à 16:07:00 (end-3m0s)
   • 40 votes à 16:08:00 (end-2m0s)
   • 40 votes à 16:09:00 (end-1m0s)
   • 20 votes à 16:09:30 (end-0m30s)

[2025-07-07 12:38:12] Tâches programmées:
[2025-07-07 12:38:12]   - Mise à jour du décompte local (ID: countdown_refresh) - Prochaine exécution: 2025-07-07 12:38:20
[2025-07-07 12:38:12]   - Vérification des processus bloqués (ID: check_stalled_processes) - Prochaine exécution: 2025-07-07 12:38:58
[2025-07-07 12:38:12]   - Suppression des challenges fermés (ID: purge_closed_challenges) - Prochaine exécution: 2025-07-07 12:42:58
[2025-07-07 12:38:12]   - Synchronisation avec le serveur (ID: server_sync) - Prochaine exécution: 2025-07-07 12:42:58
[2025-07-07 12:38:12]   - Vote sur Children à end-4m0s (ID: vote_103556_end-4m0s_20250707_123812) - Prochaine exécution: 2025-07-07 16:06:00
[2025-07-07 12:38:12]   - Vote sur Children à end-3m0s (ID: vote_103556_end-3m0s_20250707_123812) - Prochaine exécution: 2025-07-07 16:07:00
[2025-07-07 12:38:12]   - Vote sur Children à end-2m0s (ID: vote_103556_end-2m0s_20250707_123812) - Prochaine exécution: 2025-07-07 16:08:00
[2025-07-07 12:38:12]   - Vote sur Children à end-1m0s (ID: vote_103556_end-1m0s_20250707_123812) - Prochaine exécution: 2025-07-07 16:09:00
[2025-07-07 12:38:12]   - Vote sur Children à end-0m30s (ID: vote_103556_end-0m30s_20250707_123812) - Prochaine exécution: 2025-07-07 16:09:30
[2025-07-07 12:39:30] APScheduler arrêté
[2025-07-07 12:40:09] Fetching challenges...
[2025-07-07 12:40:09] Fetch initial des challenges pour initialiser le décompte...
[2025-07-07 12:40:09] Fetching challenges...
[2025-07-07 12:40:09] Décompte programmé à 12:41:00
[2025-07-07 12:40:09] APScheduler démarré avec succès
[2025-07-07 12:40:11] Aucune stratégie programmée à restaurer
[2025-07-07 12:40:11] Lancement automatique des stratégies de fin pour 4 nouveaux challenges...
[2025-07-07 12:40:11] Nouveau challenge détecté pour bruno: Screen Stars - Epic Mountains
[2025-07-07 12:40:11] Nouveau challenge détecté pour bruno: Children
[2025-07-07 12:40:11] Nouveau challenge détecté pour bruno: Furniture
[2025-07-07 12:40:11] Nouveau challenge détecté pour bruno: Rare Or Commonplace
[2025-07-07 12:40:17] Stratégie chargée: end4 - Stratégie conservative - 4m - votes répartis
[2025-07-07 12:40:17] Stratégie chargée: end3 - Stratégie conservative - 3m - votes répartis
[2025-07-07 12:40:17] Stratégie chargée: fill1 - Stratégie rapide - now - votes répartis
[2025-07-07 12:40:17] Stratégie chargée: when1 - Stratégie rapide - now - votes répartis
[2025-07-07 12:40:17] Total: 4 stratégies de timing chargées
[2025-07-07 12:40:19] === Application de la stratégie 'end4' ===
[2025-07-07 12:40:19] Description: Stratégie conservative - 4m - votes répartis
[2025-07-07 12:40:19] 
--- Challenge: Children ---
[2025-07-07 12:40:19] Fin du challenge: 07/07/2025, 16:10
[2025-07-07 12:40:19] Stratégie chargée: end4 - Stratégie conservative - 4m - votes répartis
[2025-07-07 12:40:19] Stratégie chargée: end3 - Stratégie conservative - 3m - votes répartis
[2025-07-07 12:40:19] Stratégie chargée: fill1 - Stratégie rapide - now - votes répartis
[2025-07-07 12:40:19] Stratégie chargée: when1 - Stratégie rapide - now - votes répartis
[2025-07-07 12:40:19] Total: 4 stratégies de timing chargées
[2025-07-07 12:40:19] Application de la stratégie 'end4': Stratégie conservative - 4m - votes répartis
[2025-07-07 12:40:19] Calcul timing relatif end:
[2025-07-07 12:40:19]   - Fin du challenge: 07/07/2025 16:10:00
[2025-07-07 12:40:19]   - Offset: -4m0s (240s)
[2025-07-07 12:40:19]   - Déclenchement: 07/07/2025 16:06:00
[2025-07-07 12:40:19] Vote programmé: Vote sur Children à end-4m0s
[2025-07-07 12:40:19]   - Challenge: Children
[2025-07-07 12:40:19]   - Heure de déclenchement: 07/07/2025 16:06:00
[2025-07-07 12:40:19]   - Votes: 70
[2025-07-07 12:40:19]   - ID tâche: vote_103556_end-4m0s_20250707_124019
[2025-07-07 12:40:19] Calcul timing relatif end:
[2025-07-07 12:40:19]   - Fin du challenge: 07/07/2025 16:10:00
[2025-07-07 12:40:19]   - Offset: -3m0s (180s)
[2025-07-07 12:40:19]   - Déclenchement: 07/07/2025 16:07:00
[2025-07-07 12:40:19] Vote programmé: Vote sur Children à end-3m0s
[2025-07-07 12:40:19]   - Challenge: Children
[2025-07-07 12:40:19]   - Heure de déclenchement: 07/07/2025 16:07:00
[2025-07-07 12:40:19]   - Votes: 40
[2025-07-07 12:40:19]   - ID tâche: vote_103556_end-3m0s_20250707_124019
[2025-07-07 12:40:19] Calcul timing relatif end:
[2025-07-07 12:40:19]   - Fin du challenge: 07/07/2025 16:10:00
[2025-07-07 12:40:19]   - Offset: -2m0s (120s)
[2025-07-07 12:40:19]   - Déclenchement: 07/07/2025 16:08:00
[2025-07-07 12:40:19] Vote programmé: Vote sur Children à end-2m0s
[2025-07-07 12:40:19]   - Challenge: Children
[2025-07-07 12:40:19]   - Heure de déclenchement: 07/07/2025 16:08:00
[2025-07-07 12:40:19]   - Votes: 40
[2025-07-07 12:40:19]   - ID tâche: vote_103556_end-2m0s_20250707_124019
[2025-07-07 12:40:19] Calcul timing relatif end:
[2025-07-07 12:40:19]   - Fin du challenge: 07/07/2025 16:10:00
[2025-07-07 12:40:19]   - Offset: -1m0s (60s)
[2025-07-07 12:40:19]   - Déclenchement: 07/07/2025 16:09:00
[2025-07-07 12:40:19] Vote programmé: Vote sur Children à end-1m0s
[2025-07-07 12:40:19]   - Challenge: Children
[2025-07-07 12:40:19]   - Heure de déclenchement: 07/07/2025 16:09:00
[2025-07-07 12:40:19]   - Votes: 40
[2025-07-07 12:40:19]   - ID tâche: vote_103556_end-1m0s_20250707_124019
[2025-07-07 12:40:19] Calcul timing relatif end:
[2025-07-07 12:40:19]   - Fin du challenge: 07/07/2025 16:10:00
[2025-07-07 12:40:19]   - Offset: -0m30s (30s)
[2025-07-07 12:40:19]   - Déclenchement: 07/07/2025 16:09:30
[2025-07-07 12:40:19] Vote programmé: Vote sur Children à end-0m30s
[2025-07-07 12:40:19]   - Challenge: Children
[2025-07-07 12:40:19]   - Heure de déclenchement: 07/07/2025 16:09:30
[2025-07-07 12:40:19]   - Votes: 20
[2025-07-07 12:40:19]   - ID tâche: vote_103556_end-0m30s_20250707_124019
[2025-07-07 12:40:19] Stratégie programmée: 5/5 votes pour Children
[2025-07-07 12:40:19] Stratégie 'end4' appliquée avec succès à Children
[2025-07-07 12:40:19] Erreur lors de la sauvegarde de la stratégie: The key "103556" is not a string.
[2025-07-07 12:40:19] Calcul timing relatif end:
[2025-07-07 12:40:19]   - Fin du challenge: 07/07/2025 16:10:00
[2025-07-07 12:40:19]   - Offset: -4m0s (240s)
[2025-07-07 12:40:19]   - Déclenchement: 07/07/2025 16:06:00
[2025-07-07 12:40:19] Calcul timing relatif end:
[2025-07-07 12:40:19]   - Fin du challenge: 07/07/2025 16:10:00
[2025-07-07 12:40:19]   - Offset: -3m0s (180s)
[2025-07-07 12:40:19]   - Déclenchement: 07/07/2025 16:07:00
[2025-07-07 12:40:19] Calcul timing relatif end:
[2025-07-07 12:40:19]   - Fin du challenge: 07/07/2025 16:10:00
[2025-07-07 12:40:19]   - Offset: -2m0s (120s)
[2025-07-07 12:40:19]   - Déclenchement: 07/07/2025 16:08:00
[2025-07-07 12:40:19] Calcul timing relatif end:
[2025-07-07 12:40:19]   - Fin du challenge: 07/07/2025 16:10:00
[2025-07-07 12:40:19]   - Offset: -1m0s (60s)
[2025-07-07 12:40:19]   - Déclenchement: 07/07/2025 16:09:00
[2025-07-07 12:40:19] Calcul timing relatif end:
[2025-07-07 12:40:19]   - Fin du challenge: 07/07/2025 16:10:00
[2025-07-07 12:40:19]   - Offset: -0m30s (30s)
[2025-07-07 12:40:19]   - Déclenchement: 07/07/2025 16:09:30
[2025-07-07 12:40:19] Application de la stratégie 'end4' pour les challenges sélectionnés:
✅ Children - Stratégie programmée
   • 70 votes à 16:06:00 (end-4m0s)
   • 40 votes à 16:07:00 (end-3m0s)
   • 40 votes à 16:08:00 (end-2m0s)
   • 40 votes à 16:09:00 (end-1m0s)
   • 20 votes à 16:09:30 (end-0m30s)

[2025-07-07 12:40:19] Tâches programmées:
[2025-07-07 12:40:19]   - Démarrage du décompte au changement de minute (ID: initial_countdown) - Prochaine exécution: 2025-07-07 12:41:00
[2025-07-07 12:40:19]   - Vérification des processus bloqués (ID: check_stalled_processes) - Prochaine exécution: 2025-07-07 12:41:09
[2025-07-07 12:40:19]   - Suppression des challenges fermés (ID: purge_closed_challenges) - Prochaine exécution: 2025-07-07 12:45:09
[2025-07-07 12:40:19]   - Synchronisation avec le serveur (ID: server_sync) - Prochaine exécution: 2025-07-07 12:45:09
[2025-07-07 12:40:19]   - Vote sur Children à end-4m0s (ID: vote_103556_end-4m0s_20250707_124019) - Prochaine exécution: 2025-07-07 16:06:00
[2025-07-07 12:40:19]   - Vote sur Children à end-3m0s (ID: vote_103556_end-3m0s_20250707_124019) - Prochaine exécution: 2025-07-07 16:07:00
[2025-07-07 12:40:19]   - Vote sur Children à end-2m0s (ID: vote_103556_end-2m0s_20250707_124019) - Prochaine exécution: 2025-07-07 16:08:00
[2025-07-07 12:40:19]   - Vote sur Children à end-1m0s (ID: vote_103556_end-1m0s_20250707_124019) - Prochaine exécution: 2025-07-07 16:09:00
[2025-07-07 12:40:19]   - Vote sur Children à end-0m30s (ID: vote_103556_end-0m30s_20250707_124019) - Prochaine exécution: 2025-07-07 16:09:30
[2025-07-07 12:41:00] Décompte local démarré - mise à jour toutes les 10 secondes
[2025-07-07 12:42:47] APScheduler arrêté
[2025-07-07 12:42:54] Fetching challenges...
[2025-07-07 12:42:54] Fetch initial des challenges pour initialiser le décompte...
[2025-07-07 12:42:54] Fetching challenges...
[2025-07-07 12:42:54] Décompte programmé à 12:43:00
[2025-07-07 12:42:54] APScheduler démarré avec succès
[2025-07-07 12:42:55] Aucune stratégie programmée à restaurer
[2025-07-07 12:42:56] Lancement automatique des stratégies de fin pour 4 nouveaux challenges...
[2025-07-07 12:42:56] Nouveau challenge détecté pour bruno: Screen Stars - Epic Mountains
[2025-07-07 12:42:56] Nouveau challenge détecté pour bruno: Children
[2025-07-07 12:42:56] Nouveau challenge détecté pour bruno: Furniture
[2025-07-07 12:42:56] Nouveau challenge détecté pour bruno: Rare Or Commonplace
[2025-07-07 12:42:58] Stratégie chargée: end4 - Stratégie conservative - 4m - votes répartis
[2025-07-07 12:42:58] Stratégie chargée: end3 - Stratégie conservative - 3m - votes répartis
[2025-07-07 12:42:58] Stratégie chargée: fill1 - Stratégie rapide - now - votes répartis
[2025-07-07 12:42:58] Stratégie chargée: when1 - Stratégie rapide - now - votes répartis
[2025-07-07 12:42:58] Total: 4 stratégies de timing chargées
[2025-07-07 12:43:00] Décompte local démarré - mise à jour toutes les 10 secondes
[2025-07-07 12:43:00] === Application de la stratégie 'end4' ===
[2025-07-07 12:43:00] Description: Stratégie conservative - 4m - votes répartis
[2025-07-07 12:43:00] 
--- Challenge: Children ---
[2025-07-07 12:43:00] Fin du challenge: 07/07/2025, 16:10
[2025-07-07 12:43:00] Stratégie chargée: end4 - Stratégie conservative - 4m - votes répartis
[2025-07-07 12:43:00] Stratégie chargée: end3 - Stratégie conservative - 3m - votes répartis
[2025-07-07 12:43:00] Stratégie chargée: fill1 - Stratégie rapide - now - votes répartis
[2025-07-07 12:43:00] Stratégie chargée: when1 - Stratégie rapide - now - votes répartis
[2025-07-07 12:43:00] Total: 4 stratégies de timing chargées
[2025-07-07 12:43:00] Application de la stratégie 'end4': Stratégie conservative - 4m - votes répartis
[2025-07-07 12:43:00] Calcul timing relatif end:
[2025-07-07 12:43:00]   - Fin du challenge: 07/07/2025 16:10:00
[2025-07-07 12:43:00]   - Offset: -4m0s (240s)
[2025-07-07 12:43:00]   - Déclenchement: 07/07/2025 16:06:00
[2025-07-07 12:43:00] Vote programmé: Vote sur Children à end-4m0s
[2025-07-07 12:43:00]   - Challenge: Children
[2025-07-07 12:43:00]   - Heure de déclenchement: 07/07/2025 16:06:00
[2025-07-07 12:43:00]   - Votes: 70
[2025-07-07 12:43:00]   - ID tâche: vote_103556_end-4m0s_20250707_124300
[2025-07-07 12:43:00] Calcul timing relatif end:
[2025-07-07 12:43:00]   - Fin du challenge: 07/07/2025 16:10:00
[2025-07-07 12:43:00]   - Offset: -3m0s (180s)
[2025-07-07 12:43:00]   - Déclenchement: 07/07/2025 16:07:00
[2025-07-07 12:43:00] Vote programmé: Vote sur Children à end-3m0s
[2025-07-07 12:43:00]   - Challenge: Children
[2025-07-07 12:43:00]   - Heure de déclenchement: 07/07/2025 16:07:00
[2025-07-07 12:43:00]   - Votes: 40
[2025-07-07 12:43:00]   - ID tâche: vote_103556_end-3m0s_20250707_124300
[2025-07-07 12:43:00] Calcul timing relatif end:
[2025-07-07 12:43:00]   - Fin du challenge: 07/07/2025 16:10:00
[2025-07-07 12:43:00]   - Offset: -2m0s (120s)
[2025-07-07 12:43:00]   - Déclenchement: 07/07/2025 16:08:00
[2025-07-07 12:43:00] Vote programmé: Vote sur Children à end-2m0s
[2025-07-07 12:43:00]   - Challenge: Children
[2025-07-07 12:43:00]   - Heure de déclenchement: 07/07/2025 16:08:00
[2025-07-07 12:43:00]   - Votes: 40
[2025-07-07 12:43:00]   - ID tâche: vote_103556_end-2m0s_20250707_124300
[2025-07-07 12:43:00] Calcul timing relatif end:
[2025-07-07 12:43:00]   - Fin du challenge: 07/07/2025 16:10:00
[2025-07-07 12:43:00]   - Offset: -1m0s (60s)
[2025-07-07 12:43:00]   - Déclenchement: 07/07/2025 16:09:00
[2025-07-07 12:43:00] Vote programmé: Vote sur Children à end-1m0s
[2025-07-07 12:43:00]   - Challenge: Children
[2025-07-07 12:43:00]   - Heure de déclenchement: 07/07/2025 16:09:00
[2025-07-07 12:43:00]   - Votes: 40
[2025-07-07 12:43:00]   - ID tâche: vote_103556_end-1m0s_20250707_124300
[2025-07-07 12:43:00] Calcul timing relatif end:
[2025-07-07 12:43:00]   - Fin du challenge: 07/07/2025 16:10:00
[2025-07-07 12:43:00]   - Offset: -0m30s (30s)
[2025-07-07 12:43:00]   - Déclenchement: 07/07/2025 16:09:30
[2025-07-07 12:43:00] Vote programmé: Vote sur Children à end-0m30s
[2025-07-07 12:43:00]   - Challenge: Children
[2025-07-07 12:43:00]   - Heure de déclenchement: 07/07/2025 16:09:30
[2025-07-07 12:43:00]   - Votes: 20
[2025-07-07 12:43:00]   - ID tâche: vote_103556_end-0m30s_20250707_124300
[2025-07-07 12:43:00] Stratégie programmée: 5/5 votes pour Children
[2025-07-07 12:43:00] Stratégie 'end4' appliquée avec succès à Children
[2025-07-07 12:43:00] 🔧 DEBUG: Début sauvegarde stratégie 'end4' pour challenge ID: 103556
[2025-07-07 12:43:00] 🔧 DEBUG: Section scheduled_strategies créée
[2025-07-07 12:43:00] 🔧 DEBUG: Strategy info à sauvegarder: {'strategy_name': 'end4', 'scheduled_at': '2025-07-07 12:43:00', 'challenge_title': 'Children', 'challenge_end_time': '07/07/2025, 16:10'}
[2025-07-07 12:43:00] ❌ Erreur lors de la sauvegarde de la stratégie: The key "103556" is not a string.
[2025-07-07 12:43:00] 🔧 DEBUG: Traceback complet: Traceback (most recent call last):
  File "/Users/bruno/gsgui/src/gs/gsui.py", line 930, in save_scheduled_strategy
    challenge_section[challenge.id] = {}
    ~~~~~~~~~~~~~~~~~^^^^^^^^^^^^^^
  File "/Library/Frameworks/Python.framework/Versions/3.13/lib/python3.13/site-packages/configobj/__init__.py", line 579, in __setitem__
    raise ValueError('The key "%s" is not a string.' % key)
ValueError: The key "103556" is not a string.

[2025-07-07 12:43:00] Calcul timing relatif end:
[2025-07-07 12:43:00]   - Fin du challenge: 07/07/2025 16:10:00
[2025-07-07 12:43:00]   - Offset: -4m0s (240s)
[2025-07-07 12:43:00]   - Déclenchement: 07/07/2025 16:06:00
[2025-07-07 12:43:00] Calcul timing relatif end:
[2025-07-07 12:43:00]   - Fin du challenge: 07/07/2025 16:10:00
[2025-07-07 12:43:00]   - Offset: -3m0s (180s)
[2025-07-07 12:43:00]   - Déclenchement: 07/07/2025 16:07:00
[2025-07-07 12:43:00] Calcul timing relatif end:
[2025-07-07 12:43:00]   - Fin du challenge: 07/07/2025 16:10:00
[2025-07-07 12:43:00]   - Offset: -2m0s (120s)
[2025-07-07 12:43:00]   - Déclenchement: 07/07/2025 16:08:00
[2025-07-07 12:43:00] Calcul timing relatif end:
[2025-07-07 12:43:00]   - Fin du challenge: 07/07/2025 16:10:00
[2025-07-07 12:43:00]   - Offset: -1m0s (60s)
[2025-07-07 12:43:00]   - Déclenchement: 07/07/2025 16:09:00
[2025-07-07 12:43:00] Calcul timing relatif end:
[2025-07-07 12:43:00]   - Fin du challenge: 07/07/2025 16:10:00
[2025-07-07 12:43:00]   - Offset: -0m30s (30s)
[2025-07-07 12:43:00]   - Déclenchement: 07/07/2025 16:09:30
[2025-07-07 12:43:00] Application de la stratégie 'end4' pour les challenges sélectionnés:
✅ Children - Stratégie programmée
   • 70 votes à 16:06:00 (end-4m0s)
   • 40 votes à 16:07:00 (end-3m0s)
   • 40 votes à 16:08:00 (end-2m0s)
   • 40 votes à 16:09:00 (end-1m0s)
   • 20 votes à 16:09:30 (end-0m30s)

[2025-07-07 12:43:00] Tâches programmées:
[2025-07-07 12:43:00]   - Mise à jour du décompte local (ID: countdown_refresh) - Prochaine exécution: 2025-07-07 12:43:10
[2025-07-07 12:43:00]   - Vérification des processus bloqués (ID: check_stalled_processes) - Prochaine exécution: 2025-07-07 12:43:54
[2025-07-07 12:43:00]   - Suppression des challenges fermés (ID: purge_closed_challenges) - Prochaine exécution: 2025-07-07 12:47:54
[2025-07-07 12:43:00]   - Synchronisation avec le serveur (ID: server_sync) - Prochaine exécution: 2025-07-07 12:47:54
[2025-07-07 12:43:00]   - Vote sur Children à end-4m0s (ID: vote_103556_end-4m0s_20250707_124300) - Prochaine exécution: 2025-07-07 16:06:00
[2025-07-07 12:43:00]   - Vote sur Children à end-3m0s (ID: vote_103556_end-3m0s_20250707_124300) - Prochaine exécution: 2025-07-07 16:07:00
[2025-07-07 12:43:00]   - Vote sur Children à end-2m0s (ID: vote_103556_end-2m0s_20250707_124300) - Prochaine exécution: 2025-07-07 16:08:00
[2025-07-07 12:43:00]   - Vote sur Children à end-1m0s (ID: vote_103556_end-1m0s_20250707_124300) - Prochaine exécution: 2025-07-07 16:09:00
[2025-07-07 12:43:00]   - Vote sur Children à end-0m30s (ID: vote_103556_end-0m30s_20250707_124300) - Prochaine exécution: 2025-07-07 16:09:30
[2025-07-07 12:46:53] APScheduler arrêté
[2025-07-07 12:46:58] Fetching challenges...
[2025-07-07 12:46:58] Fetch initial des challenges pour initialiser le décompte...
[2025-07-07 12:46:58] Fetching challenges...
[2025-07-07 12:46:58] Décompte programmé à 12:47:00
[2025-07-07 12:46:58] APScheduler démarré avec succès
[2025-07-07 12:46:59] Aucune stratégie programmée à restaurer
[2025-07-07 12:47:00] Décompte local démarré - mise à jour toutes les 10 secondes
[2025-07-07 12:47:00] Lancement automatique des stratégies de fin pour 4 nouveaux challenges...
[2025-07-07 12:47:00] Nouveau challenge détecté pour bruno: Screen Stars - Epic Mountains
[2025-07-07 12:47:00] Nouveau challenge détecté pour bruno: Children
[2025-07-07 12:47:00] Nouveau challenge détecté pour bruno: Furniture
[2025-07-07 12:47:00] Nouveau challenge détecté pour bruno: Rare Or Commonplace
[2025-07-07 12:47:03] Stratégie chargée: end4 - Stratégie conservative - 4m - votes répartis
[2025-07-07 12:47:03] Stratégie chargée: end3 - Stratégie conservative - 3m - votes répartis
[2025-07-07 12:47:03] Stratégie chargée: fill1 - Stratégie rapide - now - votes répartis
[2025-07-07 12:47:03] Stratégie chargée: when1 - Stratégie rapide - now - votes répartis
[2025-07-07 12:47:03] Total: 4 stratégies de timing chargées
[2025-07-07 12:47:04] === Application de la stratégie 'end4' ===
[2025-07-07 12:47:04] Description: Stratégie conservative - 4m - votes répartis
[2025-07-07 12:47:04] 
--- Challenge: Children ---
[2025-07-07 12:47:04] Fin du challenge: 07/07/2025, 16:10
[2025-07-07 12:47:04] Stratégie chargée: end4 - Stratégie conservative - 4m - votes répartis
[2025-07-07 12:47:04] Stratégie chargée: end3 - Stratégie conservative - 3m - votes répartis
[2025-07-07 12:47:04] Stratégie chargée: fill1 - Stratégie rapide - now - votes répartis
[2025-07-07 12:47:04] Stratégie chargée: when1 - Stratégie rapide - now - votes répartis
[2025-07-07 12:47:04] Total: 4 stratégies de timing chargées
[2025-07-07 12:47:04] Application de la stratégie 'end4': Stratégie conservative - 4m - votes répartis
[2025-07-07 12:47:04] Calcul timing relatif end:
[2025-07-07 12:47:04]   - Fin du challenge: 07/07/2025 16:10:00
[2025-07-07 12:47:04]   - Offset: -4m0s (240s)
[2025-07-07 12:47:04]   - Déclenchement: 07/07/2025 16:06:00
[2025-07-07 12:47:04] Vote programmé: Vote sur Children à end-4m0s
[2025-07-07 12:47:04]   - Challenge: Children
[2025-07-07 12:47:04]   - Heure de déclenchement: 07/07/2025 16:06:00
[2025-07-07 12:47:04]   - Votes: 70
[2025-07-07 12:47:04]   - ID tâche: vote_103556_end-4m0s_20250707_124704
[2025-07-07 12:47:04] Calcul timing relatif end:
[2025-07-07 12:47:04]   - Fin du challenge: 07/07/2025 16:10:00
[2025-07-07 12:47:04]   - Offset: -3m0s (180s)
[2025-07-07 12:47:04]   - Déclenchement: 07/07/2025 16:07:00
[2025-07-07 12:47:04] Vote programmé: Vote sur Children à end-3m0s
[2025-07-07 12:47:04]   - Challenge: Children
[2025-07-07 12:47:04]   - Heure de déclenchement: 07/07/2025 16:07:00
[2025-07-07 12:47:04]   - Votes: 40
[2025-07-07 12:47:04]   - ID tâche: vote_103556_end-3m0s_20250707_124704
[2025-07-07 12:47:04] Calcul timing relatif end:
[2025-07-07 12:47:04]   - Fin du challenge: 07/07/2025 16:10:00
[2025-07-07 12:47:04]   - Offset: -2m0s (120s)
[2025-07-07 12:47:04]   - Déclenchement: 07/07/2025 16:08:00
[2025-07-07 12:47:04] Vote programmé: Vote sur Children à end-2m0s
[2025-07-07 12:47:04]   - Challenge: Children
[2025-07-07 12:47:04]   - Heure de déclenchement: 07/07/2025 16:08:00
[2025-07-07 12:47:04]   - Votes: 40
[2025-07-07 12:47:04]   - ID tâche: vote_103556_end-2m0s_20250707_124704
[2025-07-07 12:47:04] Calcul timing relatif end:
[2025-07-07 12:47:04]   - Fin du challenge: 07/07/2025 16:10:00
[2025-07-07 12:47:04]   - Offset: -1m0s (60s)
[2025-07-07 12:47:04]   - Déclenchement: 07/07/2025 16:09:00
[2025-07-07 12:47:04] Vote programmé: Vote sur Children à end-1m0s
[2025-07-07 12:47:04]   - Challenge: Children
[2025-07-07 12:47:04]   - Heure de déclenchement: 07/07/2025 16:09:00
[2025-07-07 12:47:04]   - Votes: 40
[2025-07-07 12:47:04]   - ID tâche: vote_103556_end-1m0s_20250707_124704
[2025-07-07 12:47:04] Calcul timing relatif end:
[2025-07-07 12:47:04]   - Fin du challenge: 07/07/2025 16:10:00
[2025-07-07 12:47:04]   - Offset: -0m30s (30s)
[2025-07-07 12:47:04]   - Déclenchement: 07/07/2025 16:09:30
[2025-07-07 12:47:04] Vote programmé: Vote sur Children à end-0m30s
[2025-07-07 12:47:04]   - Challenge: Children
[2025-07-07 12:47:04]   - Heure de déclenchement: 07/07/2025 16:09:30
[2025-07-07 12:47:04]   - Votes: 20
[2025-07-07 12:47:04]   - ID tâche: vote_103556_end-0m30s_20250707_124704
[2025-07-07 12:47:04] Stratégie programmée: 5/5 votes pour Children
[2025-07-07 12:47:04] Stratégie 'end4' appliquée avec succès à Children
[2025-07-07 12:47:04] 🔧 DEBUG: Début sauvegarde stratégie 'end4' pour challenge ID: 103556
[2025-07-07 12:47:04] 🔧 DEBUG: Section scheduled_strategies créée
[2025-07-07 12:47:04] 🔧 DEBUG: Strategy info à sauvegarder: {'strategy_name': 'end4', 'scheduled_at': '2025-07-07 12:47:04', 'challenge_title': 'Children', 'challenge_end_time': '07/07/2025, 16:10'}
[2025-07-07 12:47:04] 💾 Stratégie 'end4' sauvegardée pour Children
[2025-07-07 12:47:04] 🔧 DEBUG: Fichier config écrit avec succès
[2025-07-07 12:47:04] Calcul timing relatif end:
[2025-07-07 12:47:04]   - Fin du challenge: 07/07/2025 16:10:00
[2025-07-07 12:47:04]   - Offset: -4m0s (240s)
[2025-07-07 12:47:04]   - Déclenchement: 07/07/2025 16:06:00
[2025-07-07 12:47:04] Calcul timing relatif end:
[2025-07-07 12:47:04]   - Fin du challenge: 07/07/2025 16:10:00
[2025-07-07 12:47:04]   - Offset: -3m0s (180s)
[2025-07-07 12:47:04]   - Déclenchement: 07/07/2025 16:07:00
[2025-07-07 12:47:04] Calcul timing relatif end:
[2025-07-07 12:47:04]   - Fin du challenge: 07/07/2025 16:10:00
[2025-07-07 12:47:04]   - Offset: -2m0s (120s)
[2025-07-07 12:47:04]   - Déclenchement: 07/07/2025 16:08:00
[2025-07-07 12:47:04] Calcul timing relatif end:
[2025-07-07 12:47:04]   - Fin du challenge: 07/07/2025 16:10:00
[2025-07-07 12:47:04]   - Offset: -1m0s (60s)
[2025-07-07 12:47:04]   - Déclenchement: 07/07/2025 16:09:00
[2025-07-07 12:47:04] Calcul timing relatif end:
[2025-07-07 12:47:04]   - Fin du challenge: 07/07/2025 16:10:00
[2025-07-07 12:47:04]   - Offset: -0m30s (30s)
[2025-07-07 12:47:04]   - Déclenchement: 07/07/2025 16:09:30
[2025-07-07 12:47:04] Application de la stratégie 'end4' pour les challenges sélectionnés:
✅ Children - Stratégie programmée
   • 70 votes à 16:06:00 (end-4m0s)
   • 40 votes à 16:07:00 (end-3m0s)
   • 40 votes à 16:08:00 (end-2m0s)
   • 40 votes à 16:09:00 (end-1m0s)
   • 20 votes à 16:09:30 (end-0m30s)

[2025-07-07 12:47:04] Tâches programmées:
[2025-07-07 12:47:04]   - Mise à jour du décompte local (ID: countdown_refresh) - Prochaine exécution: 2025-07-07 12:47:10
[2025-07-07 12:47:04]   - Vérification des processus bloqués (ID: check_stalled_processes) - Prochaine exécution: 2025-07-07 12:47:58
[2025-07-07 12:47:04]   - Suppression des challenges fermés (ID: purge_closed_challenges) - Prochaine exécution: 2025-07-07 12:51:58
[2025-07-07 12:47:04]   - Synchronisation avec le serveur (ID: server_sync) - Prochaine exécution: 2025-07-07 12:51:58
[2025-07-07 12:47:04]   - Vote sur Children à end-4m0s (ID: vote_103556_end-4m0s_20250707_124704) - Prochaine exécution: 2025-07-07 16:06:00
[2025-07-07 12:47:04]   - Vote sur Children à end-3m0s (ID: vote_103556_end-3m0s_20250707_124704) - Prochaine exécution: 2025-07-07 16:07:00
[2025-07-07 12:47:04]   - Vote sur Children à end-2m0s (ID: vote_103556_end-2m0s_20250707_124704) - Prochaine exécution: 2025-07-07 16:08:00
[2025-07-07 12:47:04]   - Vote sur Children à end-1m0s (ID: vote_103556_end-1m0s_20250707_124704) - Prochaine exécution: 2025-07-07 16:09:00
[2025-07-07 12:47:04]   - Vote sur Children à end-0m30s (ID: vote_103556_end-0m30s_20250707_124704) - Prochaine exécution: 2025-07-07 16:09:30
[2025-07-07 12:47:31] APScheduler arrêté
[2025-07-07 12:47:38] Fetching challenges...
[2025-07-07 12:47:38] Fetch initial des challenges pour initialiser le décompte...
[2025-07-07 12:47:38] Fetching challenges...
[2025-07-07 12:47:38] Décompte programmé à 12:48:00
[2025-07-07 12:47:38] APScheduler démarré avec succès
[2025-07-07 12:47:39] 🔄 Restauration des stratégies programmées...
[2025-07-07 12:47:39] ⚠️ Challenge non trouvé: Children (ID: 103556)
[2025-07-07 12:47:39] 🗑️ Stratégie supprimée de la config: end4
[2025-07-07 12:47:39] Lancement automatique des stratégies de fin pour 4 nouveaux challenges...
[2025-07-07 12:47:39] Nouveau challenge détecté pour bruno: Screen Stars - Epic Mountains
[2025-07-07 12:47:39] Nouveau challenge détecté pour bruno: Furniture
[2025-07-07 12:47:39] Nouveau challenge détecté pour bruno: Children
[2025-07-07 12:47:39] Nouveau challenge détecté pour bruno: Rare Or Commonplace
[2025-07-07 12:48:00] Décompte local démarré - mise à jour toutes les 10 secondes
[2025-07-07 12:52:00] APScheduler arrêté
[2025-07-07 12:52:06] Fetching challenges...
[2025-07-07 12:52:06] Fetch initial des challenges pour initialiser le décompte...
[2025-07-07 12:52:06] Fetching challenges...
[2025-07-07 12:52:06] Décompte programmé à 12:53:00
[2025-07-07 12:52:06] APScheduler démarré avec succès
[2025-07-07 12:52:07] Lancement automatique des stratégies de fin pour 4 nouveaux challenges...
[2025-07-07 12:52:07] Nouveau challenge détecté pour bruno: Screen Stars - Epic Mountains
[2025-07-07 12:52:07] Nouveau challenge détecté pour bruno: Children
[2025-07-07 12:52:07] Nouveau challenge détecté pour bruno: Furniture
[2025-07-07 12:52:07] Nouveau challenge détecté pour bruno: Rare Or Commonplace
[2025-07-07 12:52:08] Aucune stratégie programmée à restaurer
[2025-07-07 12:52:10] Stratégie chargée: end4 - Stratégie conservative - 4m - votes répartis
[2025-07-07 12:52:10] Stratégie chargée: end3 - Stratégie conservative - 3m - votes répartis
[2025-07-07 12:52:10] Stratégie chargée: fill1 - Stratégie rapide - now - votes répartis
[2025-07-07 12:52:10] Stratégie chargée: when1 - Stratégie rapide - now - votes répartis
[2025-07-07 12:52:10] Total: 4 stratégies de timing chargées
[2025-07-07 12:52:12] === Application de la stratégie 'end4' ===
[2025-07-07 12:52:12] Description: Stratégie conservative - 4m - votes répartis
[2025-07-07 12:52:12] 
--- Challenge: Children ---
[2025-07-07 12:52:12] Fin du challenge: 07/07/2025, 16:10
[2025-07-07 12:52:12] Stratégie chargée: end4 - Stratégie conservative - 4m - votes répartis
[2025-07-07 12:52:12] Stratégie chargée: end3 - Stratégie conservative - 3m - votes répartis
[2025-07-07 12:52:12] Stratégie chargée: fill1 - Stratégie rapide - now - votes répartis
[2025-07-07 12:52:12] Stratégie chargée: when1 - Stratégie rapide - now - votes répartis
[2025-07-07 12:52:12] Total: 4 stratégies de timing chargées
[2025-07-07 12:52:12] Application de la stratégie 'end4': Stratégie conservative - 4m - votes répartis
[2025-07-07 12:52:12] Calcul timing relatif end:
[2025-07-07 12:52:12]   - Fin du challenge: 07/07/2025 16:10:00
[2025-07-07 12:52:12]   - Offset: -4m0s (240s)
[2025-07-07 12:52:12]   - Déclenchement: 07/07/2025 16:06:00
[2025-07-07 12:52:12] Vote programmé: Vote sur Children à end-4m0s
[2025-07-07 12:52:12]   - Challenge: Children
[2025-07-07 12:52:12]   - Heure de déclenchement: 07/07/2025 16:06:00
[2025-07-07 12:52:12]   - Votes: 70
[2025-07-07 12:52:12]   - ID tâche: vote_103556_end-4m0s_20250707_125212
[2025-07-07 12:52:12] Calcul timing relatif end:
[2025-07-07 12:52:12]   - Fin du challenge: 07/07/2025 16:10:00
[2025-07-07 12:52:12]   - Offset: -3m0s (180s)
[2025-07-07 12:52:12]   - Déclenchement: 07/07/2025 16:07:00
[2025-07-07 12:52:12] Vote programmé: Vote sur Children à end-3m0s
[2025-07-07 12:52:12]   - Challenge: Children
[2025-07-07 12:52:12]   - Heure de déclenchement: 07/07/2025 16:07:00
[2025-07-07 12:52:12]   - Votes: 40
[2025-07-07 12:52:12]   - ID tâche: vote_103556_end-3m0s_20250707_125212
[2025-07-07 12:52:12] Calcul timing relatif end:
[2025-07-07 12:52:12]   - Fin du challenge: 07/07/2025 16:10:00
[2025-07-07 12:52:12]   - Offset: -2m0s (120s)
[2025-07-07 12:52:12]   - Déclenchement: 07/07/2025 16:08:00
[2025-07-07 12:52:12] Vote programmé: Vote sur Children à end-2m0s
[2025-07-07 12:52:12]   - Challenge: Children
[2025-07-07 12:52:12]   - Heure de déclenchement: 07/07/2025 16:08:00
[2025-07-07 12:52:12]   - Votes: 40
[2025-07-07 12:52:12]   - ID tâche: vote_103556_end-2m0s_20250707_125212
[2025-07-07 12:52:12] Calcul timing relatif end:
[2025-07-07 12:52:12]   - Fin du challenge: 07/07/2025 16:10:00
[2025-07-07 12:52:12]   - Offset: -1m0s (60s)
[2025-07-07 12:52:12]   - Déclenchement: 07/07/2025 16:09:00
[2025-07-07 12:52:12] Vote programmé: Vote sur Children à end-1m0s
[2025-07-07 12:52:12]   - Challenge: Children
[2025-07-07 12:52:12]   - Heure de déclenchement: 07/07/2025 16:09:00
[2025-07-07 12:52:12]   - Votes: 40
[2025-07-07 12:52:12]   - ID tâche: vote_103556_end-1m0s_20250707_125212
[2025-07-07 12:52:12] Calcul timing relatif end:
[2025-07-07 12:52:12]   - Fin du challenge: 07/07/2025 16:10:00
[2025-07-07 12:52:12]   - Offset: -0m30s (30s)
[2025-07-07 12:52:12]   - Déclenchement: 07/07/2025 16:09:30
[2025-07-07 12:52:12] Vote programmé: Vote sur Children à end-0m30s
[2025-07-07 12:52:12]   - Challenge: Children
[2025-07-07 12:52:12]   - Heure de déclenchement: 07/07/2025 16:09:30
[2025-07-07 12:52:12]   - Votes: 20
[2025-07-07 12:52:12]   - ID tâche: vote_103556_end-0m30s_20250707_125212
[2025-07-07 12:52:12] Stratégie programmée: 5/5 votes pour Children
[2025-07-07 12:52:12] Stratégie 'end4' appliquée avec succès à Children
[2025-07-07 12:52:12] 🔧 DEBUG: Début sauvegarde stratégie 'end4' pour challenge ID: 103556
[2025-07-07 12:52:12] 🔧 DEBUG: Section scheduled_strategies créée
[2025-07-07 12:52:12] 🔧 DEBUG: Strategy info à sauvegarder: {'strategy_name': 'end4', 'scheduled_at': '2025-07-07 12:52:12', 'challenge_title': 'Children', 'challenge_end_time': '07/07/2025, 16:10'}
[2025-07-07 12:52:12] 💾 Stratégie 'end4' sauvegardée pour Children
[2025-07-07 12:52:12] 🔧 DEBUG: Fichier config écrit avec succès
[2025-07-07 12:52:12] Calcul timing relatif end:
[2025-07-07 12:52:12]   - Fin du challenge: 07/07/2025 16:10:00
[2025-07-07 12:52:12]   - Offset: -4m0s (240s)
[2025-07-07 12:52:12]   - Déclenchement: 07/07/2025 16:06:00
[2025-07-07 12:52:12] Calcul timing relatif end:
[2025-07-07 12:52:12]   - Fin du challenge: 07/07/2025 16:10:00
[2025-07-07 12:52:12]   - Offset: -3m0s (180s)
[2025-07-07 12:52:12]   - Déclenchement: 07/07/2025 16:07:00
[2025-07-07 12:52:12] Calcul timing relatif end:
[2025-07-07 12:52:12]   - Fin du challenge: 07/07/2025 16:10:00
[2025-07-07 12:52:12]   - Offset: -2m0s (120s)
[2025-07-07 12:52:12]   - Déclenchement: 07/07/2025 16:08:00
[2025-07-07 12:52:12] Calcul timing relatif end:
[2025-07-07 12:52:12]   - Fin du challenge: 07/07/2025 16:10:00
[2025-07-07 12:52:12]   - Offset: -1m0s (60s)
[2025-07-07 12:52:12]   - Déclenchement: 07/07/2025 16:09:00
[2025-07-07 12:52:12] Calcul timing relatif end:
[2025-07-07 12:52:12]   - Fin du challenge: 07/07/2025 16:10:00
[2025-07-07 12:52:12]   - Offset: -0m30s (30s)
[2025-07-07 12:52:12]   - Déclenchement: 07/07/2025 16:09:30
[2025-07-07 12:52:12] Application de la stratégie 'end4' pour les challenges sélectionnés:
✅ Children - Stratégie programmée
   • 70 votes à 16:06:00 (end-4m0s)
   • 40 votes à 16:07:00 (end-3m0s)
   • 40 votes à 16:08:00 (end-2m0s)
   • 40 votes à 16:09:00 (end-1m0s)
   • 20 votes à 16:09:30 (end-0m30s)

[2025-07-07 12:52:12] Tâches programmées:
[2025-07-07 12:52:12]   - Démarrage du décompte au changement de minute (ID: initial_countdown) - Prochaine exécution: 2025-07-07 12:53:00
[2025-07-07 12:52:12]   - Vérification des processus bloqués (ID: check_stalled_processes) - Prochaine exécution: 2025-07-07 12:53:06
[2025-07-07 12:52:12]   - Suppression des challenges fermés (ID: purge_closed_challenges) - Prochaine exécution: 2025-07-07 12:57:06
[2025-07-07 12:52:12]   - Synchronisation avec le serveur (ID: server_sync) - Prochaine exécution: 2025-07-07 12:57:06
[2025-07-07 12:52:12]   - Vote sur Children à end-4m0s (ID: vote_103556_end-4m0s_20250707_125212) - Prochaine exécution: 2025-07-07 16:06:00
[2025-07-07 12:52:12]   - Vote sur Children à end-3m0s (ID: vote_103556_end-3m0s_20250707_125212) - Prochaine exécution: 2025-07-07 16:07:00
[2025-07-07 12:52:12]   - Vote sur Children à end-2m0s (ID: vote_103556_end-2m0s_20250707_125212) - Prochaine exécution: 2025-07-07 16:08:00
[2025-07-07 12:52:12]   - Vote sur Children à end-1m0s (ID: vote_103556_end-1m0s_20250707_125212) - Prochaine exécution: 2025-07-07 16:09:00
[2025-07-07 12:52:12]   - Vote sur Children à end-0m30s (ID: vote_103556_end-0m30s_20250707_125212) - Prochaine exécution: 2025-07-07 16:09:30
[2025-07-07 12:52:16] APScheduler arrêté
[2025-07-07 12:52:37] Fetching challenges...
[2025-07-07 12:52:37] Fetch initial des challenges pour initialiser le décompte...
[2025-07-07 12:52:37] Fetching challenges...
[2025-07-07 12:52:37] Décompte programmé à 12:53:00
[2025-07-07 12:52:37] APScheduler démarré avec succès
[2025-07-07 12:52:38] Lancement automatique des stratégies de fin pour 4 nouveaux challenges...
[2025-07-07 12:52:38] Nouveau challenge détecté pour bruno: Screen Stars - Epic Mountains
[2025-07-07 12:52:38] Nouveau challenge détecté pour bruno: Children
[2025-07-07 12:52:38] Nouveau challenge détecté pour bruno: Furniture
[2025-07-07 12:52:38] Nouveau challenge détecté pour bruno: Rare Or Commonplace
[2025-07-07 12:52:39] 🔧 DEBUG: 4 challenges disponibles pour restauration
[2025-07-07 12:52:39] 🔄 Restauration des stratégies programmées...
[2025-07-07 12:52:39] Stratégie chargée: end4 - Stratégie conservative - 4m - votes répartis
[2025-07-07 12:52:39] Stratégie chargée: end3 - Stratégie conservative - 3m - votes répartis
[2025-07-07 12:52:39] Stratégie chargée: fill1 - Stratégie rapide - now - votes répartis
[2025-07-07 12:52:39] Stratégie chargée: when1 - Stratégie rapide - now - votes répartis
[2025-07-07 12:52:39] Total: 4 stratégies de timing chargées
[2025-07-07 12:52:39] Stratégie chargée: end4 - Stratégie conservative - 4m - votes répartis
[2025-07-07 12:52:39] Stratégie chargée: end3 - Stratégie conservative - 3m - votes répartis
[2025-07-07 12:52:39] Stratégie chargée: fill1 - Stratégie rapide - now - votes répartis
[2025-07-07 12:52:39] Stratégie chargée: when1 - Stratégie rapide - now - votes répartis
[2025-07-07 12:52:39] Total: 4 stratégies de timing chargées
[2025-07-07 12:52:39] Application de la stratégie 'end4': Stratégie conservative - 4m - votes répartis
[2025-07-07 12:52:39] Calcul timing relatif end:
[2025-07-07 12:52:39]   - Fin du challenge: 07/07/2025 16:10:00
[2025-07-07 12:52:39]   - Offset: -4m0s (240s)
[2025-07-07 12:52:39]   - Déclenchement: 07/07/2025 16:06:00
[2025-07-07 12:52:39] Vote programmé: Vote sur Children à end-4m0s
[2025-07-07 12:52:39]   - Challenge: Children
[2025-07-07 12:52:39]   - Heure de déclenchement: 07/07/2025 16:06:00
[2025-07-07 12:52:39]   - Votes: 70
[2025-07-07 12:52:39]   - ID tâche: vote_103556_end-4m0s_20250707_125239
[2025-07-07 12:52:39] Calcul timing relatif end:
[2025-07-07 12:52:39]   - Fin du challenge: 07/07/2025 16:10:00
[2025-07-07 12:52:39]   - Offset: -3m0s (180s)
[2025-07-07 12:52:39]   - Déclenchement: 07/07/2025 16:07:00
[2025-07-07 12:52:39] Vote programmé: Vote sur Children à end-3m0s
[2025-07-07 12:52:39]   - Challenge: Children
[2025-07-07 12:52:39]   - Heure de déclenchement: 07/07/2025 16:07:00
[2025-07-07 12:52:39]   - Votes: 40
[2025-07-07 12:52:39]   - ID tâche: vote_103556_end-3m0s_20250707_125239
[2025-07-07 12:52:39] Calcul timing relatif end:
[2025-07-07 12:52:39]   - Fin du challenge: 07/07/2025 16:10:00
[2025-07-07 12:52:39]   - Offset: -2m0s (120s)
[2025-07-07 12:52:39]   - Déclenchement: 07/07/2025 16:08:00
[2025-07-07 12:52:39] Vote programmé: Vote sur Children à end-2m0s
[2025-07-07 12:52:39]   - Challenge: Children
[2025-07-07 12:52:39]   - Heure de déclenchement: 07/07/2025 16:08:00
[2025-07-07 12:52:39]   - Votes: 40
[2025-07-07 12:52:39]   - ID tâche: vote_103556_end-2m0s_20250707_125239
[2025-07-07 12:52:39] Calcul timing relatif end:
[2025-07-07 12:52:39]   - Fin du challenge: 07/07/2025 16:10:00
[2025-07-07 12:52:39]   - Offset: -1m0s (60s)
[2025-07-07 12:52:39]   - Déclenchement: 07/07/2025 16:09:00
[2025-07-07 12:52:39] Vote programmé: Vote sur Children à end-1m0s
[2025-07-07 12:52:39]   - Challenge: Children
[2025-07-07 12:52:39]   - Heure de déclenchement: 07/07/2025 16:09:00
[2025-07-07 12:52:39]   - Votes: 40
[2025-07-07 12:52:39]   - ID tâche: vote_103556_end-1m0s_20250707_125239
[2025-07-07 12:52:39] Calcul timing relatif end:
[2025-07-07 12:52:39]   - Fin du challenge: 07/07/2025 16:10:00
[2025-07-07 12:52:39]   - Offset: -0m30s (30s)
[2025-07-07 12:52:39]   - Déclenchement: 07/07/2025 16:09:30
[2025-07-07 12:52:39] Vote programmé: Vote sur Children à end-0m30s
[2025-07-07 12:52:39]   - Challenge: Children
[2025-07-07 12:52:39]   - Heure de déclenchement: 07/07/2025 16:09:30
[2025-07-07 12:52:39]   - Votes: 20
[2025-07-07 12:52:39]   - ID tâche: vote_103556_end-0m30s_20250707_125239
[2025-07-07 12:52:39] Stratégie programmée: 5/5 votes pour Children
[2025-07-07 12:52:39] Stratégie 'end4' appliquée avec succès à Children
[2025-07-07 12:52:39] 🔧 DEBUG: Début sauvegarde stratégie 'end4' pour challenge ID: 103556
[2025-07-07 12:52:39] 🔧 DEBUG: Strategy info à sauvegarder: {'strategy_name': 'end4', 'scheduled_at': '2025-07-07 12:52:39', 'challenge_title': 'Children', 'challenge_end_time': '07/07/2025, 16:10'}
[2025-07-07 12:52:39] 💾 Stratégie 'end4' sauvegardée pour Children
[2025-07-07 12:52:39] 🔧 DEBUG: Fichier config écrit avec succès
[2025-07-07 12:52:39] ✅ Stratégie 'end4' restaurée pour Children
[2025-07-07 12:52:39] 🎯 1 stratégie(s) restaurée(s) avec succès
[2025-07-07 12:52:43] === STRATÉGIES ET JOBS EN COURS ===

📅 JOBS APSCHEDULER PROGRAMMÉS:
--------------------------------------------------
📊 Système | Démarrage du décompte au changement de minute
   ID: initial_countdown
   Prochaine exécution: 07/07/2025 12:53:00

🔍 Nettoyage | Vérification des processus bloqués
   ID: check_stalled_processes
   Prochaine exécution: 07/07/2025 12:53:37

🗑️ Purge | Suppression des challenges fermés
   ID: purge_closed_challenges
   Prochaine exécution: 07/07/2025 12:57:37

🔄 Sync | Synchronisation avec le serveur
   ID: server_sync
   Prochaine exécution: 07/07/2025 12:57:37

🗳️ Vote | Vote sur Children à end-4m0s
   ID: vote_103556_end-4m0s_20250707_125239
   Prochaine exécution: 07/07/2025 16:06:00

🗳️ Vote | Vote sur Children à end-3m0s
   ID: vote_103556_end-3m0s_20250707_125239
   Prochaine exécution: 07/07/2025 16:07:00

🗳️ Vote | Vote sur Children à end-2m0s
   ID: vote_103556_end-2m0s_20250707_125239
   Prochaine exécution: 07/07/2025 16:08:00

🗳️ Vote | Vote sur Children à end-1m0s
   ID: vote_103556_end-1m0s_20250707_125239
   Prochaine exécution: 07/07/2025 16:09:00

🗳️ Vote | Vote sur Children à end-0m30s
   ID: vote_103556_end-0m30s_20250707_125239
   Prochaine exécution: 07/07/2025 16:09:30

⚙️ PROCESSUS LEGACY:
--------------------------------------------------
Aucun processus legacy en cours.

============================================================

[2025-07-07 12:53:00] Décompte local démarré - mise à jour toutes les 10 secondes
[2025-07-07 12:57:37] Resynchronisation avec le serveur...
[2025-07-07 12:57:37] Fetching challenges...
[2025-07-07 13:02:37] Resynchronisation avec le serveur...
[2025-07-07 13:02:37] Fetching challenges...
[2025-07-07 13:07:37] Resynchronisation avec le serveur...
[2025-07-07 13:07:37] Fetching challenges...
[2025-07-07 13:12:37] Resynchronisation avec le serveur...
[2025-07-07 13:12:37] Fetching challenges...
[2025-07-07 13:17:37] Resynchronisation avec le serveur...
[2025-07-07 13:17:37] Fetching challenges...
[2025-07-07 13:22:37] Resynchronisation avec le serveur...
[2025-07-07 13:22:37] Fetching challenges...
[2025-07-07 13:27:37] Resynchronisation avec le serveur...
[2025-07-07 13:27:37] Fetching challenges...
[2025-07-07 13:32:37] Resynchronisation avec le serveur...
[2025-07-07 13:32:37] Fetching challenges...
[2025-07-07 13:37:37] Resynchronisation avec le serveur...
[2025-07-07 13:37:37] Fetching challenges...
[2025-07-07 13:42:37] Resynchronisation avec le serveur...
[2025-07-07 13:42:37] Fetching challenges...
[2025-07-07 13:47:37] Resynchronisation avec le serveur...
[2025-07-07 13:47:37] Fetching challenges...
[2025-07-07 13:52:37] Resynchronisation avec le serveur...
[2025-07-07 13:52:37] Fetching challenges...
[2025-07-07 13:52:38] Lancement automatique des stratégies de fin pour 4 nouveaux challenges...
[2025-07-07 13:52:38] Nouveau challenge détecté pour bruno: Rare Or Commonplace
[2025-07-07 13:52:38] Nouveau challenge détecté pour bruno: Screen Stars - Epic Mountains
[2025-07-07 13:52:38] Nouveau challenge détecté pour bruno: Furniture
[2025-07-07 13:52:38] Nouveau challenge détecté pour bruno: Children
[2025-07-07 13:57:37] Resynchronisation avec le serveur...
[2025-07-07 13:57:37] Fetching challenges...
[2025-07-07 14:02:37] Resynchronisation avec le serveur...
[2025-07-07 14:02:37] Fetching challenges...
[2025-07-07 14:07:37] Resynchronisation avec le serveur...
[2025-07-07 14:07:37] Fetching challenges...
[2025-07-07 14:12:37] Resynchronisation avec le serveur...
[2025-07-07 14:12:37] Fetching challenges...
[2025-07-07 14:17:37] Resynchronisation avec le serveur...
[2025-07-07 14:17:37] Fetching challenges...
[2025-07-07 14:22:37] Resynchronisation avec le serveur...
[2025-07-07 14:22:37] Fetching challenges...
[2025-07-07 14:27:37] Resynchronisation avec le serveur...
[2025-07-07 14:27:37] Fetching challenges...
[2025-07-07 14:32:37] Resynchronisation avec le serveur...
[2025-07-07 14:32:37] Fetching challenges...
[2025-07-07 14:37:37] Resynchronisation avec le serveur...
[2025-07-07 14:37:37] Fetching challenges...
[2025-07-07 14:42:37] Resynchronisation avec le serveur...
[2025-07-07 14:42:37] Fetching challenges...
[2025-07-07 14:47:37] Resynchronisation avec le serveur...
[2025-07-07 14:47:37] Fetching challenges...
[2025-07-07 14:52:37] Resynchronisation avec le serveur...
[2025-07-07 14:52:37] Fetching challenges...
[2025-07-07 14:53:27] APScheduler arrêté
[2025-07-07 14:53:53] Fetching challenges...
[2025-07-07 14:53:53] Fetch initial des challenges pour initialiser le décompte...
[2025-07-07 14:53:53] Fetching challenges...
[2025-07-07 14:53:53] Décompte programmé à 14:54:00
[2025-07-07 14:53:53] APScheduler démarré avec succès
[2025-07-07 14:53:54] Lancement automatique des stratégies de fin pour 4 nouveaux challenges...
[2025-07-07 14:53:54] Nouveau challenge détecté pour bruno: Screen Stars - Epic Mountains
[2025-07-07 14:53:54] Nouveau challenge détecté pour bruno: Children
[2025-07-07 14:53:54] Nouveau challenge détecté pour bruno: Rare Or Commonplace
[2025-07-07 14:53:54] Nouveau challenge détecté pour bruno: Furniture
[2025-07-07 14:53:55] Aucune stratégie programmée à restaurer
[2025-07-07 14:54:00] Décompte local démarré - mise à jour toutes les 10 secondes
[2025-07-07 14:54:05] Stratégie chargée: end4 - Stratégie conservative - 4m - votes répartis
[2025-07-07 14:54:05] Stratégie chargée: end3 - Stratégie conservative - 3m - votes répartis
[2025-07-07 14:54:05] Stratégie chargée: fill1 - Stratégie rapide - now - votes répartis
[2025-07-07 14:54:05] Stratégie chargée: when1 - Stratégie rapide - now - votes répartis
[2025-07-07 14:54:05] Total: 4 stratégies de timing chargées
[2025-07-07 14:54:08] === Application de la stratégie 'end4' ===
[2025-07-07 14:54:08] Description: Stratégie conservative - 4m - votes répartis
[2025-07-07 14:54:08] 
--- Challenge: Children ---
[2025-07-07 14:54:08] Fin du challenge: 07/07/2025, 16:10
[2025-07-07 14:54:08] Stratégie chargée: end4 - Stratégie conservative - 4m - votes répartis
[2025-07-07 14:54:08] Stratégie chargée: end3 - Stratégie conservative - 3m - votes répartis
[2025-07-07 14:54:08] Stratégie chargée: fill1 - Stratégie rapide - now - votes répartis
[2025-07-07 14:54:08] Stratégie chargée: when1 - Stratégie rapide - now - votes répartis
[2025-07-07 14:54:08] Total: 4 stratégies de timing chargées
[2025-07-07 14:54:08] Application de la stratégie 'end4': Stratégie conservative - 4m - votes répartis
[2025-07-07 14:54:08] Calcul timing relatif end:
[2025-07-07 14:54:08]   - Fin du challenge: 07/07/2025 16:10:00
[2025-07-07 14:54:08]   - Offset: -4m0s (240s)
[2025-07-07 14:54:08]   - Déclenchement: 07/07/2025 16:06:00
[2025-07-07 14:54:08] Vote programmé: Vote sur Children à end-4m0s
[2025-07-07 14:54:08]   - Challenge: Children
[2025-07-07 14:54:08]   - Heure de déclenchement: 07/07/2025 16:06:00
[2025-07-07 14:54:08]   - Votes: 70
[2025-07-07 14:54:08]   - ID tâche: vote_103556_end-4m0s_20250707_145408
[2025-07-07 14:54:08] Calcul timing relatif end:
[2025-07-07 14:54:08]   - Fin du challenge: 07/07/2025 16:10:00
[2025-07-07 14:54:08]   - Offset: -3m0s (180s)
[2025-07-07 14:54:08]   - Déclenchement: 07/07/2025 16:07:00
[2025-07-07 14:54:08] Vote programmé: Vote sur Children à end-3m0s
[2025-07-07 14:54:08]   - Challenge: Children
[2025-07-07 14:54:08]   - Heure de déclenchement: 07/07/2025 16:07:00
[2025-07-07 14:54:08]   - Votes: 40
[2025-07-07 14:54:08]   - ID tâche: vote_103556_end-3m0s_20250707_145408
[2025-07-07 14:54:08] Calcul timing relatif end:
[2025-07-07 14:54:08]   - Fin du challenge: 07/07/2025 16:10:00
[2025-07-07 14:54:08]   - Offset: -2m0s (120s)
[2025-07-07 14:54:08]   - Déclenchement: 07/07/2025 16:08:00
[2025-07-07 14:54:08] Vote programmé: Vote sur Children à end-2m0s
[2025-07-07 14:54:08]   - Challenge: Children
[2025-07-07 14:54:08]   - Heure de déclenchement: 07/07/2025 16:08:00
[2025-07-07 14:54:08]   - Votes: 40
[2025-07-07 14:54:08]   - ID tâche: vote_103556_end-2m0s_20250707_145408
[2025-07-07 14:54:08] Calcul timing relatif end:
[2025-07-07 14:54:08]   - Fin du challenge: 07/07/2025 16:10:00
[2025-07-07 14:54:08]   - Offset: -1m0s (60s)
[2025-07-07 14:54:08]   - Déclenchement: 07/07/2025 16:09:00
[2025-07-07 14:54:08] Vote programmé: Vote sur Children à end-1m0s
[2025-07-07 14:54:08]   - Challenge: Children
[2025-07-07 14:54:08]   - Heure de déclenchement: 07/07/2025 16:09:00
[2025-07-07 14:54:08]   - Votes: 40
[2025-07-07 14:54:08]   - ID tâche: vote_103556_end-1m0s_20250707_145408
[2025-07-07 14:54:08] Calcul timing relatif end:
[2025-07-07 14:54:08]   - Fin du challenge: 07/07/2025 16:10:00
[2025-07-07 14:54:08]   - Offset: -0m30s (30s)
[2025-07-07 14:54:08]   - Déclenchement: 07/07/2025 16:09:30
[2025-07-07 14:54:08] Vote programmé: Vote sur Children à end-0m30s
[2025-07-07 14:54:08]   - Challenge: Children
[2025-07-07 14:54:08]   - Heure de déclenchement: 07/07/2025 16:09:30
[2025-07-07 14:54:08]   - Votes: 20
[2025-07-07 14:54:08]   - ID tâche: vote_103556_end-0m30s_20250707_145408
[2025-07-07 14:54:08] Stratégie programmée: 5/5 votes pour Children
[2025-07-07 14:54:08] Stratégie 'end4' appliquée avec succès à Children
[2025-07-07 14:54:08] 🔧 DEBUG: Début sauvegarde stratégie 'end4' pour challenge ID: 103556
[2025-07-07 14:54:08] 🔧 DEBUG: Section scheduled_strategies créée
[2025-07-07 14:54:08] 🔧 DEBUG: Strategy info à sauvegarder: {'strategy_name': 'end4', 'scheduled_at': '2025-07-07 14:54:08', 'challenge_title': 'Children', 'challenge_end_time': '07/07/2025, 16:10'}
[2025-07-07 14:54:08] 💾 Stratégie 'end4' sauvegardée pour Children
[2025-07-07 14:54:08] 🔧 DEBUG: Fichier config écrit avec succès
[2025-07-07 14:54:08] Calcul timing relatif end:
[2025-07-07 14:54:08]   - Fin du challenge: 07/07/2025 16:10:00
[2025-07-07 14:54:08]   - Offset: -4m0s (240s)
[2025-07-07 14:54:08]   - Déclenchement: 07/07/2025 16:06:00
[2025-07-07 14:54:08] Calcul timing relatif end:
[2025-07-07 14:54:08]   - Fin du challenge: 07/07/2025 16:10:00
[2025-07-07 14:54:08]   - Offset: -3m0s (180s)
[2025-07-07 14:54:08]   - Déclenchement: 07/07/2025 16:07:00
[2025-07-07 14:54:08] Calcul timing relatif end:
[2025-07-07 14:54:08]   - Fin du challenge: 07/07/2025 16:10:00
[2025-07-07 14:54:08]   - Offset: -2m0s (120s)
[2025-07-07 14:54:08]   - Déclenchement: 07/07/2025 16:08:00
[2025-07-07 14:54:08] Calcul timing relatif end:
[2025-07-07 14:54:08]   - Fin du challenge: 07/07/2025 16:10:00
[2025-07-07 14:54:08]   - Offset: -1m0s (60s)
[2025-07-07 14:54:08]   - Déclenchement: 07/07/2025 16:09:00
[2025-07-07 14:54:08] Calcul timing relatif end:
[2025-07-07 14:54:08]   - Fin du challenge: 07/07/2025 16:10:00
[2025-07-07 14:54:08]   - Offset: -0m30s (30s)
[2025-07-07 14:54:08]   - Déclenchement: 07/07/2025 16:09:30
[2025-07-07 14:54:08] Application de la stratégie 'end4' pour les challenges sélectionnés:
✅ Children - Stratégie programmée
   • 70 votes à 16:06:00 (end-4m0s)
   • 40 votes à 16:07:00 (end-3m0s)
   • 40 votes à 16:08:00 (end-2m0s)
   • 40 votes à 16:09:00 (end-1m0s)
   • 20 votes à 16:09:30 (end-0m30s)

[2025-07-07 14:54:08] Tâches programmées:
[2025-07-07 14:54:08]   - Mise à jour du décompte local (ID: countdown_refresh) - Prochaine exécution: 2025-07-07 14:54:10
[2025-07-07 14:54:08]   - Vérification des processus bloqués (ID: check_stalled_processes) - Prochaine exécution: 2025-07-07 14:54:53
[2025-07-07 14:54:08]   - Suppression des challenges fermés (ID: purge_closed_challenges) - Prochaine exécution: 2025-07-07 14:58:53
[2025-07-07 14:54:08]   - Synchronisation avec le serveur (ID: server_sync) - Prochaine exécution: 2025-07-07 14:58:53
[2025-07-07 14:54:08]   - Vote sur Children à end-4m0s (ID: vote_103556_end-4m0s_20250707_145408) - Prochaine exécution: 2025-07-07 16:06:00
[2025-07-07 14:54:08]   - Vote sur Children à end-3m0s (ID: vote_103556_end-3m0s_20250707_145408) - Prochaine exécution: 2025-07-07 16:07:00
[2025-07-07 14:54:08]   - Vote sur Children à end-2m0s (ID: vote_103556_end-2m0s_20250707_145408) - Prochaine exécution: 2025-07-07 16:08:00
[2025-07-07 14:54:08]   - Vote sur Children à end-1m0s (ID: vote_103556_end-1m0s_20250707_145408) - Prochaine exécution: 2025-07-07 16:09:00
[2025-07-07 14:54:08]   - Vote sur Children à end-0m30s (ID: vote_103556_end-0m30s_20250707_145408) - Prochaine exécution: 2025-07-07 16:09:30
[2025-07-07 14:54:17] APScheduler arrêté
[2025-07-07 14:54:24] Fetching challenges...
[2025-07-07 14:54:24] Fetch initial des challenges pour initialiser le décompte...
[2025-07-07 14:54:24] Fetching challenges...
[2025-07-07 14:54:24] Décompte programmé à 14:55:00
[2025-07-07 14:54:24] APScheduler démarré avec succès
[2025-07-07 14:54:26] Lancement automatique des stratégies de fin pour 4 nouveaux challenges...
[2025-07-07 14:54:26] Nouveau challenge détecté pour bruno: Screen Stars - Epic Mountains
[2025-07-07 14:54:26] Nouveau challenge détecté pour bruno: Children
[2025-07-07 14:54:26] Nouveau challenge détecté pour bruno: Rare Or Commonplace
[2025-07-07 14:54:26] Nouveau challenge détecté pour bruno: Furniture
[2025-07-07 14:54:26] 🔧 DEBUG: 4 challenges disponibles pour restauration
[2025-07-07 14:54:26] 🔄 Restauration des stratégies programmées...
[2025-07-07 14:54:26] Stratégie chargée: end4 - Stratégie conservative - 4m - votes répartis
[2025-07-07 14:54:26] Stratégie chargée: end3 - Stratégie conservative - 3m - votes répartis
[2025-07-07 14:54:26] Stratégie chargée: fill1 - Stratégie rapide - now - votes répartis
[2025-07-07 14:54:26] Stratégie chargée: when1 - Stratégie rapide - now - votes répartis
[2025-07-07 14:54:26] Total: 4 stratégies de timing chargées
[2025-07-07 14:54:26] Stratégie chargée: end4 - Stratégie conservative - 4m - votes répartis
[2025-07-07 14:54:26] Stratégie chargée: end3 - Stratégie conservative - 3m - votes répartis
[2025-07-07 14:54:26] Stratégie chargée: fill1 - Stratégie rapide - now - votes répartis
[2025-07-07 14:54:26] Stratégie chargée: when1 - Stratégie rapide - now - votes répartis
[2025-07-07 14:54:26] Total: 4 stratégies de timing chargées
[2025-07-07 14:54:26] Application de la stratégie 'end4': Stratégie conservative - 4m - votes répartis
[2025-07-07 14:54:26] Calcul timing relatif end:
[2025-07-07 14:54:26]   - Fin du challenge: 07/07/2025 16:10:00
[2025-07-07 14:54:26]   - Offset: -4m0s (240s)
[2025-07-07 14:54:26]   - Déclenchement: 07/07/2025 16:06:00
[2025-07-07 14:54:26] Vote programmé: Vote sur Children à end-4m0s
[2025-07-07 14:54:26]   - Challenge: Children
[2025-07-07 14:54:26]   - Heure de déclenchement: 07/07/2025 16:06:00
[2025-07-07 14:54:26]   - Votes: 70
[2025-07-07 14:54:26]   - ID tâche: vote_103556_end-4m0s_20250707_145426
[2025-07-07 14:54:26] Calcul timing relatif end:
[2025-07-07 14:54:26]   - Fin du challenge: 07/07/2025 16:10:00
[2025-07-07 14:54:26]   - Offset: -3m0s (180s)
[2025-07-07 14:54:26]   - Déclenchement: 07/07/2025 16:07:00
[2025-07-07 14:54:26] Vote programmé: Vote sur Children à end-3m0s
[2025-07-07 14:54:26]   - Challenge: Children
[2025-07-07 14:54:26]   - Heure de déclenchement: 07/07/2025 16:07:00
[2025-07-07 14:54:26]   - Votes: 40
[2025-07-07 14:54:26]   - ID tâche: vote_103556_end-3m0s_20250707_145426
[2025-07-07 14:54:26] Calcul timing relatif end:
[2025-07-07 14:54:26]   - Fin du challenge: 07/07/2025 16:10:00
[2025-07-07 14:54:26]   - Offset: -2m0s (120s)
[2025-07-07 14:54:26]   - Déclenchement: 07/07/2025 16:08:00
[2025-07-07 14:54:26] Vote programmé: Vote sur Children à end-2m0s
[2025-07-07 14:54:26]   - Challenge: Children
[2025-07-07 14:54:26]   - Heure de déclenchement: 07/07/2025 16:08:00
[2025-07-07 14:54:26]   - Votes: 40
[2025-07-07 14:54:26]   - ID tâche: vote_103556_end-2m0s_20250707_145426
[2025-07-07 14:54:26] Calcul timing relatif end:
[2025-07-07 14:54:26]   - Fin du challenge: 07/07/2025 16:10:00
[2025-07-07 14:54:26]   - Offset: -1m0s (60s)
[2025-07-07 14:54:26]   - Déclenchement: 07/07/2025 16:09:00
[2025-07-07 14:54:26] Vote programmé: Vote sur Children à end-1m0s
[2025-07-07 14:54:26]   - Challenge: Children
[2025-07-07 14:54:26]   - Heure de déclenchement: 07/07/2025 16:09:00
[2025-07-07 14:54:26]   - Votes: 40
[2025-07-07 14:54:26]   - ID tâche: vote_103556_end-1m0s_20250707_145426
[2025-07-07 14:54:26] Calcul timing relatif end:
[2025-07-07 14:54:26]   - Fin du challenge: 07/07/2025 16:10:00
[2025-07-07 14:54:26]   - Offset: -0m30s (30s)
[2025-07-07 14:54:26]   - Déclenchement: 07/07/2025 16:09:30
[2025-07-07 14:54:26] Vote programmé: Vote sur Children à end-0m30s
[2025-07-07 14:54:26]   - Challenge: Children
[2025-07-07 14:54:26]   - Heure de déclenchement: 07/07/2025 16:09:30
[2025-07-07 14:54:26]   - Votes: 20
[2025-07-07 14:54:26]   - ID tâche: vote_103556_end-0m30s_20250707_145426
[2025-07-07 14:54:26] Stratégie programmée: 5/5 votes pour Children
[2025-07-07 14:54:26] Stratégie 'end4' appliquée avec succès à Children
[2025-07-07 14:54:26] 🔧 DEBUG: Début sauvegarde stratégie 'end4' pour challenge ID: 103556
[2025-07-07 14:54:26] 🔧 DEBUG: Strategy info à sauvegarder: {'strategy_name': 'end4', 'scheduled_at': '2025-07-07 14:54:26', 'challenge_title': 'Children', 'challenge_end_time': '07/07/2025, 16:10'}
[2025-07-07 14:54:26] 💾 Stratégie 'end4' sauvegardée pour Children
[2025-07-07 14:54:26] 🔧 DEBUG: Fichier config écrit avec succès
[2025-07-07 14:54:26] ✅ Stratégie 'end4' restaurée pour Children
[2025-07-07 14:54:26] 🎯 1 stratégie(s) restaurée(s) avec succès
[2025-07-07 14:55:00] Décompte local démarré - mise à jour toutes les 10 secondes
[2025-07-07 14:59:24] Resynchronisation avec le serveur...
[2025-07-07 14:59:24] Fetching challenges...
[2025-07-07 15:04:24] Resynchronisation avec le serveur...
[2025-07-07 15:04:24] Fetching challenges...
[2025-07-07 15:09:24] Resynchronisation avec le serveur...
[2025-07-07 15:09:24] Fetching challenges...
[2025-07-07 15:14:24] Resynchronisation avec le serveur...
[2025-07-07 15:14:24] Fetching challenges...
[2025-07-07 15:19:24] Resynchronisation avec le serveur...
[2025-07-07 15:19:24] Fetching challenges...
[2025-07-07 15:24:24] Resynchronisation avec le serveur...
[2025-07-07 15:24:24] Fetching challenges...
[2025-07-07 15:29:24] Resynchronisation avec le serveur...
[2025-07-07 15:29:24] Fetching challenges...
[2025-07-07 15:34:24] Resynchronisation avec le serveur...
[2025-07-07 15:34:24] Fetching challenges...
[2025-07-07 15:39:24] Resynchronisation avec le serveur...
[2025-07-07 15:39:24] Fetching challenges...
[2025-07-07 15:44:24] Resynchronisation avec le serveur...
[2025-07-07 15:44:24] Fetching challenges...
[2025-07-07 15:49:24] Resynchronisation avec le serveur...
[2025-07-07 15:49:24] Fetching challenges...
[2025-07-07 15:54:24] Resynchronisation avec le serveur...
[2025-07-07 15:54:24] Fetching challenges...
[2025-07-07 15:59:24] Resynchronisation avec le serveur...
[2025-07-07 15:59:24] Fetching challenges...
[2025-07-07 16:04:24] Resynchronisation avec le serveur...
[2025-07-07 16:04:24] Fetching challenges...
[2025-07-07 16:06:00] Exécution du vote programmé: vote_103556_end-4m0s_20250707_145426
[2025-07-07 16:06:00] Challenge: Children, Votes: 70
[2025-07-07 16:06:00] Children get vote panel
[2025-07-07 16:06:00] Processus associé: vote_103556_end-4m0s_20250707_145426
[2025-07-07 16:06:00] Récupération des données de vote pour Children (URL: children35, HEADER:{'User-Agent': 'Mozilla/5.0 (X11; Linux i686; rv:39.0) Gecko/20100101 Firefox/39.0', 'x-api-version': '8', 'x-env': 'WEB', 'X-requested-with': 'XMLHttpRequest', 'X-token': 'a1cad95a6d480c14f51dd0eba4914c8337b893c789ec6278bb440c7c9a673b162f042470c62684e6da2bd342ffea7777'})
[2025-07-07 16:06:00] Récupération réussie: 200 images pour Children
[2025-07-07 16:06:00] Voting fetching ...
[2025-07-07 16:06:00] Children voting 70 images
[2025-07-07 16:06:03] Children voting 70 images
[2025-07-07 16:06:04] Children voted successfully
[2025-07-07 16:06:04] Processus supprimé pour bruno: vote_103556_end-4m0s_20250707_145426 - success
[2025-07-07 16:06:04] Processus mis à jour pour bruno: vote_103556_end-4m0s_20250707_145426 - success
[2025-07-07 16:06:04] Processus vote_103556_end-4m0s_20250707_145426 terminé avec succès
[2025-07-07 16:06:07] Children voted successfully
[2025-07-07 16:07:00] Exécution du vote programmé: vote_103556_end-3m0s_20250707_145426
[2025-07-07 16:07:00] Challenge: Children, Votes: 40
[2025-07-07 16:07:00] Children get vote panel
[2025-07-07 16:07:00] Processus associé: vote_103556_end-3m0s_20250707_145426
[2025-07-07 16:07:00] Récupération des données de vote pour Children (URL: children35, HEADER:{'User-Agent': 'Mozilla/5.0 (X11; Linux i686; rv:39.0) Gecko/20100101 Firefox/39.0', 'x-api-version': '8', 'x-env': 'WEB', 'X-requested-with': 'XMLHttpRequest', 'X-token': 'a1cad95a6d480c14f51dd0eba4914c8337b893c789ec6278bb440c7c9a673b162f042470c62684e6da2bd342ffea7777'})
[2025-07-07 16:07:00] Récupération réussie: 200 images pour Children
[2025-07-07 16:07:00] Voting fetching ...
[2025-07-07 16:07:00] Children voting 40 images
[2025-07-07 16:07:03] Children voting 40 images
[2025-07-07 16:07:04] Children voted successfully
[2025-07-07 16:07:04] Processus supprimé pour bruno: vote_103556_end-3m0s_20250707_145426 - success
[2025-07-07 16:07:04] Processus mis à jour pour bruno: vote_103556_end-3m0s_20250707_145426 - success
[2025-07-07 16:07:04] Processus vote_103556_end-3m0s_20250707_145426 terminé avec succès
[2025-07-07 16:07:06] Children voted successfully
[2025-07-07 16:08:00] Exécution du vote programmé: vote_103556_end-2m0s_20250707_145426
[2025-07-07 16:08:00] Challenge: Children, Votes: 40
[2025-07-07 16:08:00] Children get vote panel
[2025-07-07 16:08:00] Processus associé: vote_103556_end-2m0s_20250707_145426
[2025-07-07 16:08:00] Récupération des données de vote pour Children (URL: children35, HEADER:{'User-Agent': 'Mozilla/5.0 (X11; Linux i686; rv:39.0) Gecko/20100101 Firefox/39.0', 'x-api-version': '8', 'x-env': 'WEB', 'X-requested-with': 'XMLHttpRequest', 'X-token': 'a1cad95a6d480c14f51dd0eba4914c8337b893c789ec6278bb440c7c9a673b162f042470c62684e6da2bd342ffea7777'})
[2025-07-07 16:08:00] Récupération réussie: 200 images pour Children
[2025-07-07 16:08:00] Voting fetching ...
[2025-07-07 16:08:00] Children voting 40 images
[2025-07-07 16:08:03] Children voting 40 images
[2025-07-07 16:08:04] Children voted successfully
[2025-07-07 16:08:04] Processus supprimé pour bruno: vote_103556_end-2m0s_20250707_145426 - success
[2025-07-07 16:08:04] Processus mis à jour pour bruno: vote_103556_end-2m0s_20250707_145426 - success
[2025-07-07 16:08:04] Processus vote_103556_end-2m0s_20250707_145426 terminé avec succès
[2025-07-07 16:08:06] Children voted successfully
[2025-07-07 16:09:00] Exécution du vote programmé: vote_103556_end-1m0s_20250707_145426
[2025-07-07 16:09:00] Challenge: Children, Votes: 40
[2025-07-07 16:09:00] Children get vote panel
[2025-07-07 16:09:00] Processus associé: vote_103556_end-1m0s_20250707_145426
[2025-07-07 16:09:00] Récupération des données de vote pour Children (URL: children35, HEADER:{'User-Agent': 'Mozilla/5.0 (X11; Linux i686; rv:39.0) Gecko/20100101 Firefox/39.0', 'x-api-version': '8', 'x-env': 'WEB', 'X-requested-with': 'XMLHttpRequest', 'X-token': 'a1cad95a6d480c14f51dd0eba4914c8337b893c789ec6278bb440c7c9a673b162f042470c62684e6da2bd342ffea7777'})
[2025-07-07 16:09:00] Récupération réussie: 200 images pour Children
[2025-07-07 16:09:00] Voting fetching ...
[2025-07-07 16:09:00] Children voting 40 images
[2025-07-07 16:09:03] Children voting 40 images
[2025-07-07 16:09:04] Children voted successfully
[2025-07-07 16:09:04] Processus supprimé pour bruno: vote_103556_end-1m0s_20250707_145426 - success
[2025-07-07 16:09:04] Processus mis à jour pour bruno: vote_103556_end-1m0s_20250707_145426 - success
[2025-07-07 16:09:04] Processus vote_103556_end-1m0s_20250707_145426 terminé avec succès
[2025-07-07 16:09:06] Children voted successfully
[2025-07-07 16:09:24] Resynchronisation avec le serveur...
[2025-07-07 16:09:24] Fetching challenges...
[2025-07-07 16:09:30] Exécution du vote programmé: vote_103556_end-0m30s_20250707_145426
[2025-07-07 16:09:30] Challenge: Children, Votes: 20
[2025-07-07 16:09:30] Children get vote panel
[2025-07-07 16:09:30] Processus associé: vote_103556_end-0m30s_20250707_145426
[2025-07-07 16:09:30] Récupération des données de vote pour Children (URL: children35, HEADER:{'User-Agent': 'Mozilla/5.0 (X11; Linux i686; rv:39.0) Gecko/20100101 Firefox/39.0', 'x-api-version': '8', 'x-env': 'WEB', 'X-requested-with': 'XMLHttpRequest', 'X-token': 'a1cad95a6d480c14f51dd0eba4914c8337b893c789ec6278bb440c7c9a673b162f042470c62684e6da2bd342ffea7777'})
[2025-07-07 16:09:30] Récupération réussie: 200 images pour Children
[2025-07-07 16:09:30] Voting fetching ...
[2025-07-07 16:09:30] Children voting 20 images
[2025-07-07 16:09:33] Children voting 20 images
[2025-07-07 16:09:34] Children voted successfully
[2025-07-07 16:09:34] Processus supprimé pour bruno: vote_103556_end-0m30s_20250707_145426 - success
[2025-07-07 16:09:34] Processus mis à jour pour bruno: vote_103556_end-0m30s_20250707_145426 - success
[2025-07-07 16:09:34] Processus vote_103556_end-0m30s_20250707_145426 terminé avec succès
[2025-07-07 16:09:36] Children voted successfully
[2025-07-07 16:14:24] Challenge fermé supprimé pour bruno: Children
[2025-07-07 16:14:24] Resynchronisation avec le serveur...
[2025-07-07 16:14:24] Fetching challenges...
[2025-07-07 16:14:24] Suppression automatique de 1 challenge(s) fermé(s)
[2025-07-07 16:14:25] Lancement automatique des stratégies de fin pour 1 nouveaux challenges...
[2025-07-07 16:14:25] Nouveau challenge détecté pour bruno: Children
[2025-07-07 16:19:24] Challenge fermé supprimé pour bruno: Children
[2025-07-07 16:19:24] Resynchronisation avec le serveur...
[2025-07-07 16:19:24] Fetching challenges...
[2025-07-07 16:19:24] Suppression automatique de 1 challenge(s) fermé(s)
[2025-07-07 16:24:24] Resynchronisation avec le serveur...
[2025-07-07 16:24:24] Fetching challenges...
[2025-07-07 16:29:24] Resynchronisation avec le serveur...
[2025-07-07 16:29:24] Fetching challenges...
[2025-07-07 16:34:24] Resynchronisation avec le serveur...
[2025-07-07 16:34:24] Fetching challenges...
[2025-07-07 16:39:24] Resynchronisation avec le serveur...
[2025-07-07 16:39:24] Fetching challenges...
[2025-07-07 16:44:24] Resynchronisation avec le serveur...
[2025-07-07 16:44:24] Fetching challenges...
[2025-07-07 16:49:25] Resynchronisation avec le serveur...
[2025-07-07 16:49:25] Fetching challenges...
[2025-07-07 16:54:24] Resynchronisation avec le serveur...
[2025-07-07 16:54:24] Fetching challenges...
[2025-07-07 16:59:24] Resynchronisation avec le serveur...
[2025-07-07 16:59:24] Fetching challenges...
[2025-07-07 17:04:24] Resynchronisation avec le serveur...
[2025-07-07 17:04:24] Fetching challenges...
[2025-07-07 17:09:24] Resynchronisation avec le serveur...
[2025-07-07 17:09:24] Fetching challenges...
[2025-07-07 17:11:06] Fetching challenges...
[2025-07-07 17:11:06] Fetch initial des challenges pour initialiser le décompte...
[2025-07-07 17:11:06] Fetching challenges...
[2025-07-07 17:11:06] Décompte programmé à 17:12:00
[2025-07-07 17:11:06] APScheduler démarré avec succès
[2025-07-07 17:11:09] Lancement automatique des stratégies de fin pour 3 nouveaux challenges...
[2025-07-07 17:11:09] Nouveau challenge détecté pour bruno: Screen Stars - Epic Mountains
[2025-07-07 17:11:09] Nouveau challenge détecté pour bruno: Rare Or Commonplace
[2025-07-07 17:11:09] Nouveau challenge détecté pour bruno: Furniture
[2025-07-07 17:11:10] 🔧 DEBUG: 3 challenges disponibles pour restauration
[2025-07-07 17:11:10] 🔄 Restauration des stratégies programmées...
[2025-07-07 17:11:10] ⚠️ Challenge non trouvé: Children (ID: 103556)
[2025-07-07 17:11:10] 🗑️ Stratégie supprimée de la config: end4
[2025-07-07 17:12:00] Décompte local démarré - mise à jour toutes les 10 secondes
[2025-07-07 17:12:09] Stratégie chargée: end4 - Stratégie conservative - 4m - votes répartis
[2025-07-07 17:12:09] Stratégie chargée: end3 - Stratégie conservative - 3m - votes répartis
[2025-07-07 17:12:09] Stratégie chargée: fill1 - Stratégie rapide - now - votes répartis
[2025-07-07 17:12:09] Stratégie chargée: when1 - Stratégie rapide - now - votes répartis
[2025-07-07 17:12:09] Stratégie chargée: novote - Stratégie rapide - now - votes répartis
[2025-07-07 17:12:09] Total: 5 stratégies de timing chargées
[2025-07-07 17:12:11] === Application de la stratégie 'end4' ===
[2025-07-07 17:12:11] Description: Stratégie conservative - 4m - votes répartis
[2025-07-07 17:12:11] 
--- Challenge: Rare Or Commonplace ---
[2025-07-07 17:12:11] Fin du challenge: 07/07/2025, 19:30
[2025-07-07 17:12:11] Stratégie chargée: end4 - Stratégie conservative - 4m - votes répartis
[2025-07-07 17:12:11] Stratégie chargée: end3 - Stratégie conservative - 3m - votes répartis
[2025-07-07 17:12:11] Stratégie chargée: fill1 - Stratégie rapide - now - votes répartis
[2025-07-07 17:12:11] Stratégie chargée: when1 - Stratégie rapide - now - votes répartis
[2025-07-07 17:12:11] Stratégie chargée: novote - Stratégie rapide - now - votes répartis
[2025-07-07 17:12:11] Total: 5 stratégies de timing chargées
[2025-07-07 17:12:11] Application de la stratégie 'end4': Stratégie conservative - 4m - votes répartis
[2025-07-07 17:12:11] Calcul timing relatif end:
[2025-07-07 17:12:11]   - Fin du challenge: 07/07/2025 19:30:00
[2025-07-07 17:12:11]   - Offset: -4m0s (240s)
[2025-07-07 17:12:11]   - Déclenchement: 07/07/2025 19:26:00
[2025-07-07 17:12:11] Vote programmé: Vote sur Rare Or Commonplace à end-4m0s
[2025-07-07 17:12:11]   - Challenge: Rare Or Commonplace
[2025-07-07 17:12:11]   - Heure de déclenchement: 07/07/2025 19:26:00
[2025-07-07 17:12:11]   - Votes: 70
[2025-07-07 17:12:11]   - ID tâche: vote_103569_end-4m0s_20250707_171211
[2025-07-07 17:12:11] Calcul timing relatif end:
[2025-07-07 17:12:11]   - Fin du challenge: 07/07/2025 19:30:00
[2025-07-07 17:12:11]   - Offset: -3m0s (180s)
[2025-07-07 17:12:11]   - Déclenchement: 07/07/2025 19:27:00
[2025-07-07 17:12:11] Vote programmé: Vote sur Rare Or Commonplace à end-3m0s
[2025-07-07 17:12:11]   - Challenge: Rare Or Commonplace
[2025-07-07 17:12:11]   - Heure de déclenchement: 07/07/2025 19:27:00
[2025-07-07 17:12:11]   - Votes: 40
[2025-07-07 17:12:11]   - ID tâche: vote_103569_end-3m0s_20250707_171211
[2025-07-07 17:12:11] Calcul timing relatif end:
[2025-07-07 17:12:11]   - Fin du challenge: 07/07/2025 19:30:00
[2025-07-07 17:12:11]   - Offset: -2m0s (120s)
[2025-07-07 17:12:11]   - Déclenchement: 07/07/2025 19:28:00
[2025-07-07 17:12:11] Vote programmé: Vote sur Rare Or Commonplace à end-2m0s
[2025-07-07 17:12:11]   - Challenge: Rare Or Commonplace
[2025-07-07 17:12:11]   - Heure de déclenchement: 07/07/2025 19:28:00
[2025-07-07 17:12:11]   - Votes: 40
[2025-07-07 17:12:11]   - ID tâche: vote_103569_end-2m0s_20250707_171211
[2025-07-07 17:12:11] Calcul timing relatif end:
[2025-07-07 17:12:11]   - Fin du challenge: 07/07/2025 19:30:00
[2025-07-07 17:12:11]   - Offset: -1m0s (60s)
[2025-07-07 17:12:11]   - Déclenchement: 07/07/2025 19:29:00
[2025-07-07 17:12:11] Vote programmé: Vote sur Rare Or Commonplace à end-1m0s
[2025-07-07 17:12:11]   - Challenge: Rare Or Commonplace
[2025-07-07 17:12:11]   - Heure de déclenchement: 07/07/2025 19:29:00
[2025-07-07 17:12:11]   - Votes: 40
[2025-07-07 17:12:11]   - ID tâche: vote_103569_end-1m0s_20250707_171211
[2025-07-07 17:12:11] Calcul timing relatif end:
[2025-07-07 17:12:11]   - Fin du challenge: 07/07/2025 19:30:00
[2025-07-07 17:12:11]   - Offset: -0m30s (30s)
[2025-07-07 17:12:11]   - Déclenchement: 07/07/2025 19:29:30
[2025-07-07 17:12:11] Vote programmé: Vote sur Rare Or Commonplace à end-0m30s
[2025-07-07 17:12:11]   - Challenge: Rare Or Commonplace
[2025-07-07 17:12:11]   - Heure de déclenchement: 07/07/2025 19:29:30
[2025-07-07 17:12:11]   - Votes: 20
[2025-07-07 17:12:11]   - ID tâche: vote_103569_end-0m30s_20250707_171211
[2025-07-07 17:12:11] Stratégie programmée: 5/5 votes pour Rare Or Commonplace
[2025-07-07 17:12:11] Stratégie 'end4' appliquée avec succès à Rare Or Commonplace
[2025-07-07 17:12:11] 🔧 DEBUG: Début sauvegarde stratégie 'end4' pour challenge ID: 103569
[2025-07-07 17:12:11] 🔧 DEBUG: Section scheduled_strategies créée
[2025-07-07 17:12:11] 🔧 DEBUG: Strategy info à sauvegarder: {'strategy_name': 'end4', 'scheduled_at': '2025-07-07 17:12:11', 'challenge_title': 'Rare Or Commonplace', 'challenge_end_time': '07/07/2025, 19:30'}
[2025-07-07 17:12:11] 💾 Stratégie 'end4' sauvegardée pour Rare Or Commonplace
[2025-07-07 17:12:11] 🔧 DEBUG: Fichier config écrit avec succès
[2025-07-07 17:12:11] Calcul timing relatif end:
[2025-07-07 17:12:11]   - Fin du challenge: 07/07/2025 19:30:00
[2025-07-07 17:12:11]   - Offset: -4m0s (240s)
[2025-07-07 17:12:11]   - Déclenchement: 07/07/2025 19:26:00
[2025-07-07 17:12:11] Calcul timing relatif end:
[2025-07-07 17:12:11]   - Fin du challenge: 07/07/2025 19:30:00
[2025-07-07 17:12:11]   - Offset: -3m0s (180s)
[2025-07-07 17:12:11]   - Déclenchement: 07/07/2025 19:27:00
[2025-07-07 17:12:11] Calcul timing relatif end:
[2025-07-07 17:12:11]   - Fin du challenge: 07/07/2025 19:30:00
[2025-07-07 17:12:11]   - Offset: -2m0s (120s)
[2025-07-07 17:12:11]   - Déclenchement: 07/07/2025 19:28:00
[2025-07-07 17:12:11] Calcul timing relatif end:
[2025-07-07 17:12:11]   - Fin du challenge: 07/07/2025 19:30:00
[2025-07-07 17:12:11]   - Offset: -1m0s (60s)
[2025-07-07 17:12:11]   - Déclenchement: 07/07/2025 19:29:00
[2025-07-07 17:12:11] Calcul timing relatif end:
[2025-07-07 17:12:11]   - Fin du challenge: 07/07/2025 19:30:00
[2025-07-07 17:12:11]   - Offset: -0m30s (30s)
[2025-07-07 17:12:11]   - Déclenchement: 07/07/2025 19:29:30
[2025-07-07 17:12:11] Application de la stratégie 'end4' pour les challenges sélectionnés:
✅ Rare Or Commonplace - Stratégie programmée
   • 70 votes à 19:26:00 (end-4m0s)
   • 40 votes à 19:27:00 (end-3m0s)
   • 40 votes à 19:28:00 (end-2m0s)
   • 40 votes à 19:29:00 (end-1m0s)
   • 20 votes à 19:29:30 (end-0m30s)

[2025-07-07 17:12:11] Tâches programmées:
[2025-07-07 17:12:11]   - Mise à jour du décompte local (ID: countdown_refresh) - Prochaine exécution: 2025-07-07 17:12:20
[2025-07-07 17:12:11]   - Vérification des processus bloqués (ID: check_stalled_processes) - Prochaine exécution: 2025-07-07 17:13:06
[2025-07-07 17:12:11]   - Suppression des challenges fermés (ID: purge_closed_challenges) - Prochaine exécution: 2025-07-07 17:16:06
[2025-07-07 17:12:11]   - Synchronisation avec le serveur (ID: server_sync) - Prochaine exécution: 2025-07-07 17:16:06
[2025-07-07 17:12:11]   - Vote sur Rare Or Commonplace à end-4m0s (ID: vote_103569_end-4m0s_20250707_171211) - Prochaine exécution: 2025-07-07 19:26:00
[2025-07-07 17:12:11]   - Vote sur Rare Or Commonplace à end-3m0s (ID: vote_103569_end-3m0s_20250707_171211) - Prochaine exécution: 2025-07-07 19:27:00
[2025-07-07 17:12:11]   - Vote sur Rare Or Commonplace à end-2m0s (ID: vote_103569_end-2m0s_20250707_171211) - Prochaine exécution: 2025-07-07 19:28:00
[2025-07-07 17:12:11]   - Vote sur Rare Or Commonplace à end-1m0s (ID: vote_103569_end-1m0s_20250707_171211) - Prochaine exécution: 2025-07-07 19:29:00
[2025-07-07 17:12:11]   - Vote sur Rare Or Commonplace à end-0m30s (ID: vote_103569_end-0m30s_20250707_171211) - Prochaine exécution: 2025-07-07 19:29:30
[2025-07-07 17:13:04] Stratégie chargée: end4 - Stratégie conservative - 4m - votes répartis
[2025-07-07 17:13:04] Stratégie chargée: end3 - Stratégie conservative - 3m - votes répartis
[2025-07-07 17:13:04] Stratégie chargée: fill1 - Stratégie rapide - now - votes répartis
[2025-07-07 17:13:04] Stratégie chargée: when1 - Stratégie rapide - now - votes répartis
[2025-07-07 17:13:04] Stratégie chargée: novote - Stratégie rapide - now - votes répartis
[2025-07-07 17:13:04] Total: 5 stratégies de timing chargées
[2025-07-07 17:13:09] === Application de la stratégie 'novote' ===
[2025-07-07 17:13:09] Description: Stratégie rapide - now - votes répartis
[2025-07-07 17:13:09] 
--- Challenge: Furniture ---
[2025-07-07 17:13:09] Fin du challenge: 08/07/2025, 02:00
[2025-07-07 17:13:09] Stratégie chargée: end4 - Stratégie conservative - 4m - votes répartis
[2025-07-07 17:13:09] Stratégie chargée: end3 - Stratégie conservative - 3m - votes répartis
[2025-07-07 17:13:09] Stratégie chargée: fill1 - Stratégie rapide - now - votes répartis
[2025-07-07 17:13:09] Stratégie chargée: when1 - Stratégie rapide - now - votes répartis
[2025-07-07 17:13:09] Stratégie chargée: novote - Stratégie rapide - now - votes répartis
[2025-07-07 17:13:09] Total: 5 stratégies de timing chargées
[2025-07-07 17:13:09] Application de la stratégie 'novote': Stratégie rapide - now - votes répartis
[2025-07-07 17:13:09] Vote programmé: Vote sur Furniture à now
[2025-07-07 17:13:09] Exécution du vote programmé: vote_103593_now_20250707_171309
[2025-07-07 17:13:09] Challenge: Furniture, Votes: -1
[2025-07-07 17:13:09]   - Challenge: Furniture
[2025-07-07 17:13:09]   - Heure de déclenchement: 07/07/2025 17:13:09
[2025-07-07 17:13:09]   - Votes: -1
[2025-07-07 17:13:09]   - ID tâche: vote_103593_now_20250707_171309
[2025-07-07 17:13:09] Stratégie programmée: 1/1 votes pour Furniture
[2025-07-07 17:13:09] Stratégie 'novote' appliquée avec succès à Furniture
[2025-07-07 17:13:09] 🔧 DEBUG: Début sauvegarde stratégie 'novote' pour challenge ID: 103593
[2025-07-07 17:13:09] 🔧 DEBUG: Strategy info à sauvegarder: {'strategy_name': 'novote', 'scheduled_at': '2025-07-07 17:13:09', 'challenge_title': 'Furniture', 'challenge_end_time': '08/07/2025, 02:00'}
[2025-07-07 17:13:09] 💾 Stratégie 'novote' sauvegardée pour Furniture
[2025-07-07 17:13:09] 🔧 DEBUG: Fichier config écrit avec succès
[2025-07-07 17:13:09] Application de la stratégie 'novote' pour les challenges sélectionnés:
✅ Furniture - Stratégie programmée
   • -1 votes à 17:13:09 (now)

[2025-07-07 17:13:09] Tâches programmées:
[2025-07-07 17:13:09]   - Mise à jour du décompte local (ID: countdown_refresh) - Prochaine exécution: 2025-07-07 17:13:10
[2025-07-07 17:13:09]   - Vérification des processus bloqués (ID: check_stalled_processes) - Prochaine exécution: 2025-07-07 17:14:06
[2025-07-07 17:13:09]   - Suppression des challenges fermés (ID: purge_closed_challenges) - Prochaine exécution: 2025-07-07 17:16:06
[2025-07-07 17:13:09]   - Synchronisation avec le serveur (ID: server_sync) - Prochaine exécution: 2025-07-07 17:16:06
[2025-07-07 17:13:09]   - Vote sur Rare Or Commonplace à end-4m0s (ID: vote_103569_end-4m0s_20250707_171211) - Prochaine exécution: 2025-07-07 19:26:00
[2025-07-07 17:13:09]   - Vote sur Rare Or Commonplace à end-3m0s (ID: vote_103569_end-3m0s_20250707_171211) - Prochaine exécution: 2025-07-07 19:27:00
[2025-07-07 17:13:09]   - Vote sur Rare Or Commonplace à end-2m0s (ID: vote_103569_end-2m0s_20250707_171211) - Prochaine exécution: 2025-07-07 19:28:00
[2025-07-07 17:13:09]   - Vote sur Rare Or Commonplace à end-1m0s (ID: vote_103569_end-1m0s_20250707_171211) - Prochaine exécution: 2025-07-07 19:29:00
[2025-07-07 17:13:09]   - Vote sur Rare Or Commonplace à end-0m30s (ID: vote_103569_end-0m30s_20250707_171211) - Prochaine exécution: 2025-07-07 19:29:30
[2025-07-07 17:13:09] Furniture get vote panel
[2025-07-07 17:13:09] Processus associé: vote_103593_now_20250707_171309
[2025-07-07 17:13:09] Récupération des données de vote pour Furniture (URL: furniture3, HEADER:{'User-Agent': 'Mozilla/5.0 (X11; Linux i686; rv:39.0) Gecko/20100101 Firefox/39.0', 'x-api-version': '8', 'x-env': 'WEB', 'X-requested-with': 'XMLHttpRequest', 'X-token': 'a1cad95a6d480c14f51dd0eba4914c8337b893c789ec6278bb440c7c9a673b162f042470c62684e6da2bd342ffea7777'})
[2025-07-07 17:13:10] Récupération réussie: 200 images pour Furniture
[2025-07-07 17:13:10] Erreur de parsing JSON: 'dict' object has no attribute 'token', Réponse: 
{"member":{"id":"0ccd720cab0da1c771a7a2086453d7dc","voting_power":11,"adult":true,"member_group_id"...
[2025-07-07 17:13:10] Voting fetching ...
[2025-07-07 17:13:10] Données de vote incomplètes pour Furniture: {'success': False, 'message': "JSON parsing error: 'dict' object has no attribute 'token'", 'challenge': {'close_time': 0}}
[2025-07-07 17:13:47] Fetching challenges...
[2025-07-07 17:13:47] Fetch initial des challenges pour initialiser le décompte...
[2025-07-07 17:13:47] Fetching challenges...
[2025-07-07 17:13:47] Décompte programmé à 17:14:00
[2025-07-07 17:13:47] APScheduler démarré avec succès
[2025-07-07 17:13:49] Lancement automatique des stratégies de fin pour 3 nouveaux challenges...
[2025-07-07 17:13:49] Nouveau challenge détecté pour bruno: Screen Stars - Epic Mountains
[2025-07-07 17:13:49] Nouveau challenge détecté pour bruno: Rare Or Commonplace
[2025-07-07 17:13:49] Nouveau challenge détecté pour bruno: Furniture
[2025-07-07 17:13:49] 🔧 DEBUG: 3 challenges disponibles pour restauration
[2025-07-07 17:13:49] 🔄 Restauration des stratégies programmées...
[2025-07-07 17:13:49] Stratégie chargée: end4 - Stratégie conservative - 4m - votes répartis
[2025-07-07 17:13:49] Stratégie chargée: end3 - Stratégie conservative - 3m - votes répartis
[2025-07-07 17:13:49] Stratégie chargée: fill1 - Stratégie rapide - now - votes répartis
[2025-07-07 17:13:49] Stratégie chargée: when1 - Stratégie rapide - now - votes répartis
[2025-07-07 17:13:49] Stratégie chargée: novote - Stratégie rapide - now - votes répartis
[2025-07-07 17:13:49] Total: 5 stratégies de timing chargées
[2025-07-07 17:13:49] Stratégie chargée: end4 - Stratégie conservative - 4m - votes répartis
[2025-07-07 17:13:49] Stratégie chargée: end3 - Stratégie conservative - 3m - votes répartis
[2025-07-07 17:13:49] Stratégie chargée: fill1 - Stratégie rapide - now - votes répartis
[2025-07-07 17:13:49] Stratégie chargée: when1 - Stratégie rapide - now - votes répartis
[2025-07-07 17:13:49] Stratégie chargée: novote - Stratégie rapide - now - votes répartis
[2025-07-07 17:13:49] Total: 5 stratégies de timing chargées
[2025-07-07 17:13:49] Application de la stratégie 'end4': Stratégie conservative - 4m - votes répartis
[2025-07-07 17:13:49] Calcul timing relatif end:
[2025-07-07 17:13:49]   - Fin du challenge: 07/07/2025 19:30:00
[2025-07-07 17:13:49]   - Offset: -4m0s (240s)
[2025-07-07 17:13:49]   - Déclenchement: 07/07/2025 19:26:00
[2025-07-07 17:13:49] Vote programmé: Vote sur Rare Or Commonplace à end-4m0s
[2025-07-07 17:13:49]   - Challenge: Rare Or Commonplace
[2025-07-07 17:13:49]   - Heure de déclenchement: 07/07/2025 19:26:00
[2025-07-07 17:13:49]   - Votes: 70
[2025-07-07 17:13:49]   - ID tâche: vote_103569_end-4m0s_20250707_171349
[2025-07-07 17:13:49] Calcul timing relatif end:
[2025-07-07 17:13:49]   - Fin du challenge: 07/07/2025 19:30:00
[2025-07-07 17:13:49]   - Offset: -3m0s (180s)
[2025-07-07 17:13:49]   - Déclenchement: 07/07/2025 19:27:00
[2025-07-07 17:13:49] Vote programmé: Vote sur Rare Or Commonplace à end-3m0s
[2025-07-07 17:13:49]   - Challenge: Rare Or Commonplace
[2025-07-07 17:13:49]   - Heure de déclenchement: 07/07/2025 19:27:00
[2025-07-07 17:13:49]   - Votes: 40
[2025-07-07 17:13:49]   - ID tâche: vote_103569_end-3m0s_20250707_171349
[2025-07-07 17:13:49] Calcul timing relatif end:
[2025-07-07 17:13:49]   - Fin du challenge: 07/07/2025 19:30:00
[2025-07-07 17:13:49]   - Offset: -2m0s (120s)
[2025-07-07 17:13:49]   - Déclenchement: 07/07/2025 19:28:00
[2025-07-07 17:13:49] Vote programmé: Vote sur Rare Or Commonplace à end-2m0s
[2025-07-07 17:13:49]   - Challenge: Rare Or Commonplace
[2025-07-07 17:13:49]   - Heure de déclenchement: 07/07/2025 19:28:00
[2025-07-07 17:13:49]   - Votes: 40
[2025-07-07 17:13:49]   - ID tâche: vote_103569_end-2m0s_20250707_171349
[2025-07-07 17:13:49] Calcul timing relatif end:
[2025-07-07 17:13:49]   - Fin du challenge: 07/07/2025 19:30:00
[2025-07-07 17:13:49]   - Offset: -1m0s (60s)
[2025-07-07 17:13:49]   - Déclenchement: 07/07/2025 19:29:00
[2025-07-07 17:13:49] Vote programmé: Vote sur Rare Or Commonplace à end-1m0s
[2025-07-07 17:13:49]   - Challenge: Rare Or Commonplace
[2025-07-07 17:13:49]   - Heure de déclenchement: 07/07/2025 19:29:00
[2025-07-07 17:13:49]   - Votes: 40
[2025-07-07 17:13:49]   - ID tâche: vote_103569_end-1m0s_20250707_171349
[2025-07-07 17:13:49] Calcul timing relatif end:
[2025-07-07 17:13:49]   - Fin du challenge: 07/07/2025 19:30:00
[2025-07-07 17:13:49]   - Offset: -0m30s (30s)
[2025-07-07 17:13:50]   - Déclenchement: 07/07/2025 19:29:30
[2025-07-07 17:13:50] Vote programmé: Vote sur Rare Or Commonplace à end-0m30s
[2025-07-07 17:13:50]   - Challenge: Rare Or Commonplace
[2025-07-07 17:13:50]   - Heure de déclenchement: 07/07/2025 19:29:30
[2025-07-07 17:13:50]   - Votes: 20
[2025-07-07 17:13:50]   - ID tâche: vote_103569_end-0m30s_20250707_171350
[2025-07-07 17:13:50] Stratégie programmée: 5/5 votes pour Rare Or Commonplace
[2025-07-07 17:13:50] Stratégie 'end4' appliquée avec succès à Rare Or Commonplace
[2025-07-07 17:13:50] 🔧 DEBUG: Début sauvegarde stratégie 'end4' pour challenge ID: 103569
[2025-07-07 17:13:50] 🔧 DEBUG: Strategy info à sauvegarder: {'strategy_name': 'end4', 'scheduled_at': '2025-07-07 17:13:50', 'challenge_title': 'Rare Or Commonplace', 'challenge_end_time': '07/07/2025, 19:30'}
[2025-07-07 17:13:50] 💾 Stratégie 'end4' sauvegardée pour Rare Or Commonplace
[2025-07-07 17:13:50] 🔧 DEBUG: Fichier config écrit avec succès
[2025-07-07 17:13:50] ✅ Stratégie 'end4' restaurée pour Rare Or Commonplace
[2025-07-07 17:13:50] Stratégie chargée: end4 - Stratégie conservative - 4m - votes répartis
[2025-07-07 17:13:50] Stratégie chargée: end3 - Stratégie conservative - 3m - votes répartis
[2025-07-07 17:13:50] Stratégie chargée: fill1 - Stratégie rapide - now - votes répartis
[2025-07-07 17:13:50] Stratégie chargée: when1 - Stratégie rapide - now - votes répartis
[2025-07-07 17:13:50] Stratégie chargée: novote - Stratégie rapide - now - votes répartis
[2025-07-07 17:13:50] Total: 5 stratégies de timing chargées
[2025-07-07 17:13:50] Stratégie chargée: end4 - Stratégie conservative - 4m - votes répartis
[2025-07-07 17:13:50] Stratégie chargée: end3 - Stratégie conservative - 3m - votes répartis
[2025-07-07 17:13:50] Stratégie chargée: fill1 - Stratégie rapide - now - votes répartis
[2025-07-07 17:13:50] Stratégie chargée: when1 - Stratégie rapide - now - votes répartis
[2025-07-07 17:13:50] Stratégie chargée: novote - Stratégie rapide - now - votes répartis
[2025-07-07 17:13:50] Total: 5 stratégies de timing chargées
[2025-07-07 17:13:50] Application de la stratégie 'novote': Stratégie rapide - now - votes répartis
[2025-07-07 17:13:50] Vote programmé: Vote sur Furniture à now
[2025-07-07 17:13:50] Exécution du vote programmé: vote_103593_now_20250707_171350
[2025-07-07 17:13:50]   - Challenge: Furniture
[2025-07-07 17:13:50] Challenge: Furniture, Votes: -1
[2025-07-07 17:13:50]   - Heure de déclenchement: 07/07/2025 17:13:50
[2025-07-07 17:13:50]   - Votes: -1
[2025-07-07 17:13:50]   - ID tâche: vote_103593_now_20250707_171350
[2025-07-07 17:13:50] Stratégie programmée: 1/1 votes pour Furniture
[2025-07-07 17:13:50] Stratégie 'novote' appliquée avec succès à Furniture
[2025-07-07 17:13:50] 🔧 DEBUG: Début sauvegarde stratégie 'novote' pour challenge ID: 103593
[2025-07-07 17:13:50] 🔧 DEBUG: Strategy info à sauvegarder: {'strategy_name': 'novote', 'scheduled_at': '2025-07-07 17:13:50', 'challenge_title': 'Furniture', 'challenge_end_time': '08/07/2025, 02:00'}
[2025-07-07 17:13:50] 💾 Stratégie 'novote' sauvegardée pour Furniture
[2025-07-07 17:13:50] 🔧 DEBUG: Fichier config écrit avec succès
[2025-07-07 17:13:50] ✅ Stratégie 'novote' restaurée pour Furniture
[2025-07-07 17:13:50] 🎯 2 stratégie(s) restaurée(s) avec succès
[2025-07-07 17:13:50] Furniture get vote panel
[2025-07-07 17:13:50] Processus associé: vote_103593_now_20250707_171350
[2025-07-07 17:13:50] Récupération des données de vote pour Furniture (URL: furniture3, HEADER:{'User-Agent': 'Mozilla/5.0 (X11; Linux i686; rv:39.0) Gecko/20100101 Firefox/39.0', 'x-api-version': '8', 'x-env': 'WEB', 'X-requested-with': 'XMLHttpRequest', 'X-token': 'a1cad95a6d480c14f51dd0eba4914c8337b893c789ec6278bb440c7c9a673b162f042470c62684e6da2bd342ffea7777'})
[2025-07-07 17:13:50] Récupération réussie: 200 images pour Furniture
[2025-07-07 17:13:50] Erreur de parsing JSON: 'dict' object has no attribute 'token', Réponse: 
{"member":{"id":"0ccd720cab0da1c771a7a2086453d7dc","voting_power":11,"adult":true,"member_group_id"...
[2025-07-07 17:13:50] Voting fetching ...
[2025-07-07 17:13:50] Données de vote incomplètes pour Furniture: {'success': False, 'message': "JSON parsing error: 'dict' object has no attribute 'token'", 'challenge': {'close_time': 0}}
[2025-07-07 17:13:58] Stratégie chargée: end4 - Stratégie conservative - 4m - votes répartis
[2025-07-07 17:13:58] Stratégie chargée: end3 - Stratégie conservative - 3m - votes répartis
[2025-07-07 17:13:58] Stratégie chargée: fill1 - Stratégie rapide - now - votes répartis
[2025-07-07 17:13:58] Stratégie chargée: when1 - Stratégie rapide - now - votes répartis
[2025-07-07 17:13:58] Stratégie chargée: novote - Stratégie rapide - now - votes répartis
[2025-07-07 17:13:58] Total: 5 stratégies de timing chargées
[2025-07-07 17:14:00] Décompte local démarré - mise à jour toutes les 10 secondes
[2025-07-07 17:14:03] === Application de la stratégie 'novote' ===
[2025-07-07 17:14:03] Description: Stratégie rapide - now - votes répartis
[2025-07-07 17:14:03] 
--- Challenge: Furniture ---
[2025-07-07 17:14:03] Fin du challenge: 08/07/2025, 02:00
[2025-07-07 17:14:03] Stratégie chargée: end4 - Stratégie conservative - 4m - votes répartis
[2025-07-07 17:14:03] Stratégie chargée: end3 - Stratégie conservative - 3m - votes répartis
[2025-07-07 17:14:03] Stratégie chargée: fill1 - Stratégie rapide - now - votes répartis
[2025-07-07 17:14:03] Stratégie chargée: when1 - Stratégie rapide - now - votes répartis
[2025-07-07 17:14:03] Stratégie chargée: novote - Stratégie rapide - now - votes répartis
[2025-07-07 17:14:03] Total: 5 stratégies de timing chargées
[2025-07-07 17:14:03] Application de la stratégie 'novote': Stratégie rapide - now - votes répartis
[2025-07-07 17:14:03] Exécution du vote programmé: vote_103593_now_20250707_171403
[2025-07-07 17:14:03] Vote programmé: Vote sur Furniture à now
[2025-07-07 17:14:03] Challenge: Furniture, Votes: -1
[2025-07-07 17:14:03]   - Challenge: Furniture
[2025-07-07 17:14:03]   - Heure de déclenchement: 07/07/2025 17:14:03
[2025-07-07 17:14:03]   - Votes: -1
[2025-07-07 17:14:03]   - ID tâche: vote_103593_now_20250707_171403
[2025-07-07 17:14:03] Stratégie programmée: 1/1 votes pour Furniture
[2025-07-07 17:14:03] Stratégie 'novote' appliquée avec succès à Furniture
[2025-07-07 17:14:03] 🔧 DEBUG: Début sauvegarde stratégie 'novote' pour challenge ID: 103593
[2025-07-07 17:14:03] 🔧 DEBUG: Strategy info à sauvegarder: {'strategy_name': 'novote', 'scheduled_at': '2025-07-07 17:14:03', 'challenge_title': 'Furniture', 'challenge_end_time': '08/07/2025, 02:00'}
[2025-07-07 17:14:03] 💾 Stratégie 'novote' sauvegardée pour Furniture
[2025-07-07 17:14:03] 🔧 DEBUG: Fichier config écrit avec succès
[2025-07-07 17:14:03] Application de la stratégie 'novote' pour les challenges sélectionnés:
✅ Furniture - Stratégie programmée
   • -1 votes à 17:14:03 (now)

[2025-07-07 17:14:03] Tâches programmées:
[2025-07-07 17:14:03]   - Mise à jour du décompte local (ID: countdown_refresh) - Prochaine exécution: 2025-07-07 17:14:10
[2025-07-07 17:14:03]   - Vérification des processus bloqués (ID: check_stalled_processes) - Prochaine exécution: 2025-07-07 17:14:47
[2025-07-07 17:14:03]   - Suppression des challenges fermés (ID: purge_closed_challenges) - Prochaine exécution: 2025-07-07 17:18:47
[2025-07-07 17:14:03]   - Synchronisation avec le serveur (ID: server_sync) - Prochaine exécution: 2025-07-07 17:18:47
[2025-07-07 17:14:03]   - Vote sur Rare Or Commonplace à end-4m0s (ID: vote_103569_end-4m0s_20250707_171349) - Prochaine exécution: 2025-07-07 19:26:00
[2025-07-07 17:14:03]   - Vote sur Rare Or Commonplace à end-3m0s (ID: vote_103569_end-3m0s_20250707_171349) - Prochaine exécution: 2025-07-07 19:27:00
[2025-07-07 17:14:03]   - Vote sur Rare Or Commonplace à end-2m0s (ID: vote_103569_end-2m0s_20250707_171349) - Prochaine exécution: 2025-07-07 19:28:00
[2025-07-07 17:14:03]   - Vote sur Rare Or Commonplace à end-1m0s (ID: vote_103569_end-1m0s_20250707_171349) - Prochaine exécution: 2025-07-07 19:29:00
[2025-07-07 17:14:03]   - Vote sur Rare Or Commonplace à end-0m30s (ID: vote_103569_end-0m30s_20250707_171350) - Prochaine exécution: 2025-07-07 19:29:30
[2025-07-07 17:14:03] Furniture get vote panel
[2025-07-07 17:14:03] Processus associé: vote_103593_now_20250707_171403
[2025-07-07 17:14:03] Récupération des données de vote pour Furniture (URL: furniture3, HEADER:{'User-Agent': 'Mozilla/5.0 (X11; Linux i686; rv:39.0) Gecko/20100101 Firefox/39.0', 'x-api-version': '8', 'x-env': 'WEB', 'X-requested-with': 'XMLHttpRequest', 'X-token': 'a1cad95a6d480c14f51dd0eba4914c8337b893c789ec6278bb440c7c9a673b162f042470c62684e6da2bd342ffea7777'})
[2025-07-07 17:14:04] Récupération réussie: 200 images pour Furniture
[2025-07-07 17:14:04] Erreur de parsing JSON: 'dict' object has no attribute 'token', Réponse: 
{"member":{"id":"0ccd720cab0da1c771a7a2086453d7dc","voting_power":11,"adult":true,"member_group_id"...
[2025-07-07 17:14:04] Voting fetching ...
[2025-07-07 17:14:04] Données de vote incomplètes pour Furniture: {'success': False, 'message': "JSON parsing error: 'dict' object has no attribute 'token'", 'challenge': {'close_time': 0}}
[2025-07-07 17:14:17] Fetching challenges...
[2025-07-07 17:14:17] Fetch initial des challenges pour initialiser le décompte...
[2025-07-07 17:14:17] Fetching challenges...
[2025-07-07 17:14:17] Décompte programmé à 17:15:00
[2025-07-07 17:14:17] APScheduler démarré avec succès
[2025-07-07 17:14:18] Lancement automatique des stratégies de fin pour 3 nouveaux challenges...
[2025-07-07 17:14:18] Nouveau challenge détecté pour bruno: Rare Or Commonplace
[2025-07-07 17:14:18] Nouveau challenge détecté pour bruno: Screen Stars - Epic Mountains
[2025-07-07 17:14:18] Nouveau challenge détecté pour bruno: Furniture
[2025-07-07 17:14:19] 🔧 DEBUG: 3 challenges disponibles pour restauration
[2025-07-07 17:14:19] 🔄 Restauration des stratégies programmées...
[2025-07-07 17:14:19] Stratégie chargée: end4 - Stratégie conservative - 4m - votes répartis
[2025-07-07 17:14:19] Stratégie chargée: end3 - Stratégie conservative - 3m - votes répartis
[2025-07-07 17:14:19] Stratégie chargée: fill1 - Stratégie rapide - now - votes répartis
[2025-07-07 17:14:19] Stratégie chargée: when1 - Stratégie rapide - now - votes répartis
[2025-07-07 17:14:19] Stratégie chargée: novote - Stratégie rapide - now - votes répartis
[2025-07-07 17:14:19] Total: 5 stratégies de timing chargées
[2025-07-07 17:14:19] Stratégie chargée: end4 - Stratégie conservative - 4m - votes répartis
[2025-07-07 17:14:19] Stratégie chargée: end3 - Stratégie conservative - 3m - votes répartis
[2025-07-07 17:14:19] Stratégie chargée: fill1 - Stratégie rapide - now - votes répartis
[2025-07-07 17:14:19] Stratégie chargée: when1 - Stratégie rapide - now - votes répartis
[2025-07-07 17:14:19] Stratégie chargée: novote - Stratégie rapide - now - votes répartis
[2025-07-07 17:14:19] Total: 5 stratégies de timing chargées
[2025-07-07 17:14:19] Application de la stratégie 'end4': Stratégie conservative - 4m - votes répartis
[2025-07-07 17:14:19] Calcul timing relatif end:
[2025-07-07 17:14:19]   - Fin du challenge: 07/07/2025 19:30:00
[2025-07-07 17:14:19]   - Offset: -4m0s (240s)
[2025-07-07 17:14:19]   - Déclenchement: 07/07/2025 19:26:00
[2025-07-07 17:14:19] Vote programmé: Vote sur Rare Or Commonplace à end-4m0s
[2025-07-07 17:14:19]   - Challenge: Rare Or Commonplace
[2025-07-07 17:14:19]   - Heure de déclenchement: 07/07/2025 19:26:00
[2025-07-07 17:14:19]   - Votes: 70
[2025-07-07 17:14:19]   - ID tâche: vote_103569_end-4m0s_20250707_171419
[2025-07-07 17:14:19] Calcul timing relatif end:
[2025-07-07 17:14:19]   - Fin du challenge: 07/07/2025 19:30:00
[2025-07-07 17:14:19]   - Offset: -3m0s (180s)
[2025-07-07 17:14:19]   - Déclenchement: 07/07/2025 19:27:00
[2025-07-07 17:14:19] Vote programmé: Vote sur Rare Or Commonplace à end-3m0s
[2025-07-07 17:14:19]   - Challenge: Rare Or Commonplace
[2025-07-07 17:14:19]   - Heure de déclenchement: 07/07/2025 19:27:00
[2025-07-07 17:14:19]   - Votes: 40
[2025-07-07 17:14:19]   - ID tâche: vote_103569_end-3m0s_20250707_171419
[2025-07-07 17:14:19] Calcul timing relatif end:
[2025-07-07 17:14:19]   - Fin du challenge: 07/07/2025 19:30:00
[2025-07-07 17:14:19]   - Offset: -2m0s (120s)
[2025-07-07 17:14:19]   - Déclenchement: 07/07/2025 19:28:00
[2025-07-07 17:14:19] Vote programmé: Vote sur Rare Or Commonplace à end-2m0s
[2025-07-07 17:14:19]   - Challenge: Rare Or Commonplace
[2025-07-07 17:14:19]   - Heure de déclenchement: 07/07/2025 19:28:00
[2025-07-07 17:14:19]   - Votes: 40
[2025-07-07 17:14:19]   - ID tâche: vote_103569_end-2m0s_20250707_171419
[2025-07-07 17:14:19] Calcul timing relatif end:
[2025-07-07 17:14:19]   - Fin du challenge: 07/07/2025 19:30:00
[2025-07-07 17:14:19]   - Offset: -1m0s (60s)
[2025-07-07 17:14:19]   - Déclenchement: 07/07/2025 19:29:00
[2025-07-07 17:14:19] Vote programmé: Vote sur Rare Or Commonplace à end-1m0s
[2025-07-07 17:14:19]   - Challenge: Rare Or Commonplace
[2025-07-07 17:14:19]   - Heure de déclenchement: 07/07/2025 19:29:00
[2025-07-07 17:14:19]   - Votes: 40
[2025-07-07 17:14:19]   - ID tâche: vote_103569_end-1m0s_20250707_171419
[2025-07-07 17:14:19] Calcul timing relatif end:
[2025-07-07 17:14:19]   - Fin du challenge: 07/07/2025 19:30:00
[2025-07-07 17:14:19]   - Offset: -0m30s (30s)
[2025-07-07 17:14:19]   - Déclenchement: 07/07/2025 19:29:30
[2025-07-07 17:14:19] Vote programmé: Vote sur Rare Or Commonplace à end-0m30s
[2025-07-07 17:14:19]   - Challenge: Rare Or Commonplace
[2025-07-07 17:14:19]   - Heure de déclenchement: 07/07/2025 19:29:30
[2025-07-07 17:14:19]   - Votes: 20
[2025-07-07 17:14:19]   - ID tâche: vote_103569_end-0m30s_20250707_171419
[2025-07-07 17:14:19] Stratégie programmée: 5/5 votes pour Rare Or Commonplace
[2025-07-07 17:14:19] Stratégie 'end4' appliquée avec succès à Rare Or Commonplace
[2025-07-07 17:14:19] 🔧 DEBUG: Début sauvegarde stratégie 'end4' pour challenge ID: 103569
[2025-07-07 17:14:19] 🔧 DEBUG: Strategy info à sauvegarder: {'strategy_name': 'end4', 'scheduled_at': '2025-07-07 17:14:19', 'challenge_title': 'Rare Or Commonplace', 'challenge_end_time': '07/07/2025, 19:30'}
[2025-07-07 17:14:19] 💾 Stratégie 'end4' sauvegardée pour Rare Or Commonplace
[2025-07-07 17:14:19] 🔧 DEBUG: Fichier config écrit avec succès
[2025-07-07 17:14:19] ✅ Stratégie 'end4' restaurée pour Rare Or Commonplace
[2025-07-07 17:14:19] Stratégie chargée: end4 - Stratégie conservative - 4m - votes répartis
[2025-07-07 17:14:19] Stratégie chargée: end3 - Stratégie conservative - 3m - votes répartis
[2025-07-07 17:14:19] Stratégie chargée: fill1 - Stratégie rapide - now - votes répartis
[2025-07-07 17:14:19] Stratégie chargée: when1 - Stratégie rapide - now - votes répartis
[2025-07-07 17:14:19] Stratégie chargée: novote - Stratégie rapide - now - votes répartis
[2025-07-07 17:14:19] Total: 5 stratégies de timing chargées
[2025-07-07 17:14:19] Stratégie chargée: end4 - Stratégie conservative - 4m - votes répartis
[2025-07-07 17:14:19] Stratégie chargée: end3 - Stratégie conservative - 3m - votes répartis
[2025-07-07 17:14:19] Stratégie chargée: fill1 - Stratégie rapide - now - votes répartis
[2025-07-07 17:14:19] Stratégie chargée: when1 - Stratégie rapide - now - votes répartis
[2025-07-07 17:14:19] Stratégie chargée: novote - Stratégie rapide - now - votes répartis
[2025-07-07 17:14:19] Total: 5 stratégies de timing chargées
[2025-07-07 17:14:19] Application de la stratégie 'novote': Stratégie rapide - now - votes répartis
[2025-07-07 17:14:19] Vote programmé: Vote sur Furniture à now
[2025-07-07 17:14:19] Exécution du vote programmé: vote_103593_now_20250707_171419
[2025-07-07 17:14:19]   - Challenge: Furniture
[2025-07-07 17:14:19] Challenge: Furniture, Votes: -1
[2025-07-07 17:14:19]   - Heure de déclenchement: 07/07/2025 17:14:19
[2025-07-07 17:14:19]   - Votes: -1
[2025-07-07 17:14:19]   - ID tâche: vote_103593_now_20250707_171419
[2025-07-07 17:14:19] Stratégie programmée: 1/1 votes pour Furniture
[2025-07-07 17:14:19] Stratégie 'novote' appliquée avec succès à Furniture
[2025-07-07 17:14:19] 🔧 DEBUG: Début sauvegarde stratégie 'novote' pour challenge ID: 103593
[2025-07-07 17:14:19] 🔧 DEBUG: Strategy info à sauvegarder: {'strategy_name': 'novote', 'scheduled_at': '2025-07-07 17:14:19', 'challenge_title': 'Furniture', 'challenge_end_time': '08/07/2025, 02:00'}
[2025-07-07 17:14:19] 💾 Stratégie 'novote' sauvegardée pour Furniture
[2025-07-07 17:14:19] 🔧 DEBUG: Fichier config écrit avec succès
[2025-07-07 17:14:19] ✅ Stratégie 'novote' restaurée pour Furniture
[2025-07-07 17:14:19] 🎯 2 stratégie(s) restaurée(s) avec succès
[2025-07-07 17:14:19] Furniture get vote panel
[2025-07-07 17:14:19] Processus associé: vote_103593_now_20250707_171419
[2025-07-07 17:14:19] Récupération des données de vote pour Furniture (URL: furniture3, HEADER:{'User-Agent': 'Mozilla/5.0 (X11; Linux i686; rv:39.0) Gecko/20100101 Firefox/39.0', 'x-api-version': '8', 'x-env': 'WEB', 'X-requested-with': 'XMLHttpRequest', 'X-token': 'a1cad95a6d480c14f51dd0eba4914c8337b893c789ec6278bb440c7c9a673b162f042470c62684e6da2bd342ffea7777'})
[2025-07-07 17:14:20] Récupération réussie: 200 images pour Furniture
[2025-07-07 17:15:00] Décompte local démarré - mise à jour toutes les 10 secondes
[2025-07-07 17:16:02] Fetching challenges...
[2025-07-07 17:16:02] Fetch initial des challenges pour initialiser le décompte...
[2025-07-07 17:16:02] Fetching challenges...
[2025-07-07 17:16:02] Décompte programmé à 17:17:00
[2025-07-07 17:16:02] APScheduler démarré avec succès
[2025-07-07 17:16:04] Lancement automatique des stratégies de fin pour 3 nouveaux challenges...
[2025-07-07 17:16:04] Nouveau challenge détecté pour bruno: Rare Or Commonplace
[2025-07-07 17:16:04] Nouveau challenge détecté pour bruno: Screen Stars - Epic Mountains
[2025-07-07 17:16:04] Nouveau challenge détecté pour bruno: Furniture
[2025-07-07 17:16:04] 🔧 DEBUG: 3 challenges disponibles pour restauration
[2025-07-07 17:16:04] 🔄 Restauration des stratégies programmées...
[2025-07-07 17:16:04] Stratégie chargée: end4 - Stratégie conservative - 4m - votes répartis
[2025-07-07 17:16:04] Stratégie chargée: end3 - Stratégie conservative - 3m - votes répartis
[2025-07-07 17:16:04] Stratégie chargée: fill1 - Stratégie rapide - now - votes répartis
[2025-07-07 17:16:04] Stratégie chargée: when1 - Stratégie rapide - now - votes répartis
[2025-07-07 17:16:04] Stratégie chargée: novote - Stratégie rapide - now - votes répartis
[2025-07-07 17:16:04] Total: 5 stratégies de timing chargées
[2025-07-07 17:16:04] Stratégie chargée: end4 - Stratégie conservative - 4m - votes répartis
[2025-07-07 17:16:04] Stratégie chargée: end3 - Stratégie conservative - 3m - votes répartis
[2025-07-07 17:16:04] Stratégie chargée: fill1 - Stratégie rapide - now - votes répartis
[2025-07-07 17:16:04] Stratégie chargée: when1 - Stratégie rapide - now - votes répartis
[2025-07-07 17:16:04] Stratégie chargée: novote - Stratégie rapide - now - votes répartis
[2025-07-07 17:16:04] Total: 5 stratégies de timing chargées
[2025-07-07 17:16:04] Application de la stratégie 'end4': Stratégie conservative - 4m - votes répartis
[2025-07-07 17:16:04] Calcul timing relatif end:
[2025-07-07 17:16:04]   - Fin du challenge: 07/07/2025 19:30:00
[2025-07-07 17:16:04]   - Offset: -4m0s (240s)
[2025-07-07 17:16:04]   - Déclenchement: 07/07/2025 19:26:00
[2025-07-07 17:16:04] Vote programmé: Vote sur Rare Or Commonplace à end-4m0s
[2025-07-07 17:16:04]   - Challenge: Rare Or Commonplace
[2025-07-07 17:16:04]   - Heure de déclenchement: 07/07/2025 19:26:00
[2025-07-07 17:16:04]   - Votes: 70
[2025-07-07 17:16:04]   - ID tâche: vote_103569_end-4m0s_20250707_171604
[2025-07-07 17:16:04] Calcul timing relatif end:
[2025-07-07 17:16:04]   - Fin du challenge: 07/07/2025 19:30:00
[2025-07-07 17:16:04]   - Offset: -3m0s (180s)
[2025-07-07 17:16:04]   - Déclenchement: 07/07/2025 19:27:00
[2025-07-07 17:16:04] Vote programmé: Vote sur Rare Or Commonplace à end-3m0s
[2025-07-07 17:16:04]   - Challenge: Rare Or Commonplace
[2025-07-07 17:16:04]   - Heure de déclenchement: 07/07/2025 19:27:00
[2025-07-07 17:16:04]   - Votes: 40
[2025-07-07 17:16:04]   - ID tâche: vote_103569_end-3m0s_20250707_171604
[2025-07-07 17:16:04] Calcul timing relatif end:
[2025-07-07 17:16:04]   - Fin du challenge: 07/07/2025 19:30:00
[2025-07-07 17:16:04]   - Offset: -2m0s (120s)
[2025-07-07 17:16:04]   - Déclenchement: 07/07/2025 19:28:00
[2025-07-07 17:16:04] Vote programmé: Vote sur Rare Or Commonplace à end-2m0s
[2025-07-07 17:16:04]   - Challenge: Rare Or Commonplace
[2025-07-07 17:16:04]   - Heure de déclenchement: 07/07/2025 19:28:00
[2025-07-07 17:16:04]   - Votes: 40
[2025-07-07 17:16:04]   - ID tâche: vote_103569_end-2m0s_20250707_171604
[2025-07-07 17:16:04] Calcul timing relatif end:
[2025-07-07 17:16:04]   - Fin du challenge: 07/07/2025 19:30:00
[2025-07-07 17:16:04]   - Offset: -1m0s (60s)
[2025-07-07 17:16:04]   - Déclenchement: 07/07/2025 19:29:00
[2025-07-07 17:16:04] Vote programmé: Vote sur Rare Or Commonplace à end-1m0s
[2025-07-07 17:16:04]   - Challenge: Rare Or Commonplace
[2025-07-07 17:16:04]   - Heure de déclenchement: 07/07/2025 19:29:00
[2025-07-07 17:16:04]   - Votes: 40
[2025-07-07 17:16:04]   - ID tâche: vote_103569_end-1m0s_20250707_171604
[2025-07-07 17:16:04] Calcul timing relatif end:
[2025-07-07 17:16:04]   - Fin du challenge: 07/07/2025 19:30:00
[2025-07-07 17:16:04]   - Offset: -0m30s (30s)
[2025-07-07 17:16:04]   - Déclenchement: 07/07/2025 19:29:30
[2025-07-07 17:16:04] Vote programmé: Vote sur Rare Or Commonplace à end-0m30s
[2025-07-07 17:16:04]   - Challenge: Rare Or Commonplace
[2025-07-07 17:16:04]   - Heure de déclenchement: 07/07/2025 19:29:30
[2025-07-07 17:16:04]   - Votes: 20
[2025-07-07 17:16:04]   - ID tâche: vote_103569_end-0m30s_20250707_171604
[2025-07-07 17:16:04] Stratégie programmée: 5/5 votes pour Rare Or Commonplace
[2025-07-07 17:16:04] Stratégie 'end4' appliquée avec succès à Rare Or Commonplace
[2025-07-07 17:16:04] 🔧 DEBUG: Début sauvegarde stratégie 'end4' pour challenge ID: 103569
[2025-07-07 17:16:04] 🔧 DEBUG: Strategy info à sauvegarder: {'strategy_name': 'end4', 'scheduled_at': '2025-07-07 17:16:04', 'challenge_title': 'Rare Or Commonplace', 'challenge_end_time': '07/07/2025, 19:30'}
[2025-07-07 17:16:04] 💾 Stratégie 'end4' sauvegardée pour Rare Or Commonplace
[2025-07-07 17:16:04] 🔧 DEBUG: Fichier config écrit avec succès
[2025-07-07 17:16:04] ✅ Stratégie 'end4' restaurée pour Rare Or Commonplace
[2025-07-07 17:16:04] Stratégie chargée: end4 - Stratégie conservative - 4m - votes répartis
[2025-07-07 17:16:04] Stratégie chargée: end3 - Stratégie conservative - 3m - votes répartis
[2025-07-07 17:16:04] Stratégie chargée: fill1 - Stratégie rapide - now - votes répartis
[2025-07-07 17:16:04] Stratégie chargée: when1 - Stratégie rapide - now - votes répartis
[2025-07-07 17:16:04] Stratégie chargée: novote - Stratégie rapide - now - votes répartis
[2025-07-07 17:16:04] Total: 5 stratégies de timing chargées
[2025-07-07 17:16:04] Stratégie chargée: end4 - Stratégie conservative - 4m - votes répartis
[2025-07-07 17:16:04] Stratégie chargée: end3 - Stratégie conservative - 3m - votes répartis
[2025-07-07 17:16:04] Stratégie chargée: fill1 - Stratégie rapide - now - votes répartis
[2025-07-07 17:16:04] Stratégie chargée: when1 - Stratégie rapide - now - votes répartis
[2025-07-07 17:16:04] Stratégie chargée: novote - Stratégie rapide - now - votes répartis
[2025-07-07 17:16:04] Total: 5 stratégies de timing chargées
[2025-07-07 17:16:04] Application de la stratégie 'novote': Stratégie rapide - now - votes répartis
[2025-07-07 17:16:04] Vote programmé: Vote sur Furniture à now
[2025-07-07 17:16:04] Exécution du vote programmé: vote_103593_now_20250707_171604
[2025-07-07 17:16:04]   - Challenge: Furniture
[2025-07-07 17:16:04] Challenge: Furniture, Votes: -1
[2025-07-07 17:16:04]   - Heure de déclenchement: 07/07/2025 17:16:04
[2025-07-07 17:16:04]   - Votes: -1
[2025-07-07 17:16:04]   - ID tâche: vote_103593_now_20250707_171604
[2025-07-07 17:16:04] Stratégie programmée: 1/1 votes pour Furniture
[2025-07-07 17:16:04] Stratégie 'novote' appliquée avec succès à Furniture
[2025-07-07 17:16:04] 🔧 DEBUG: Début sauvegarde stratégie 'novote' pour challenge ID: 103593
[2025-07-07 17:16:04] 🔧 DEBUG: Strategy info à sauvegarder: {'strategy_name': 'novote', 'scheduled_at': '2025-07-07 17:16:04', 'challenge_title': 'Furniture', 'challenge_end_time': '08/07/2025, 02:00'}
[2025-07-07 17:16:04] 💾 Stratégie 'novote' sauvegardée pour Furniture
[2025-07-07 17:16:04] 🔧 DEBUG: Fichier config écrit avec succès
[2025-07-07 17:16:04] ✅ Stratégie 'novote' restaurée pour Furniture
[2025-07-07 17:16:04] 🎯 2 stratégie(s) restaurée(s) avec succès
[2025-07-07 17:16:04] Furniture get vote panel
[2025-07-07 17:16:04] Processus associé: vote_103593_now_20250707_171604
[2025-07-07 17:16:04] Récupération des données de vote pour Furniture (URL: furniture3, HEADER:{'User-Agent': 'Mozilla/5.0 (X11; Linux i686; rv:39.0) Gecko/20100101 Firefox/39.0', 'x-api-version': '8', 'x-env': 'WEB', 'X-requested-with': 'XMLHttpRequest', 'X-token': 'a1cad95a6d480c14f51dd0eba4914c8337b893c789ec6278bb440c7c9a673b162f042470c62684e6da2bd342ffea7777'})
[2025-07-07 17:16:05] Récupération réussie: 200 images pour Furniture
[2025-07-07 17:17:00] Décompte local démarré - mise à jour toutes les 10 secondes
[2025-07-07 17:21:02] Resynchronisation avec le serveur...
[2025-07-07 17:23:22] Fetching challenges...
[2025-07-07 17:23:27] Fetching challenges...
[2025-07-07 17:23:27] Fetch initial des challenges pour initialiser le décompte...
[2025-07-07 17:23:27] Fetching challenges...
[2025-07-07 17:23:27] Décompte programmé à 17:24:00
[2025-07-07 17:23:27] APScheduler démarré avec succès
[2025-07-07 17:23:29] Lancement automatique des stratégies de fin pour 3 nouveaux challenges...
[2025-07-07 17:23:29] Nouveau challenge détecté pour bruno: Rare Or Commonplace
[2025-07-07 17:23:29] Nouveau challenge détecté pour bruno: Screen Stars - Epic Mountains
[2025-07-07 17:23:29] Nouveau challenge détecté pour bruno: Furniture
[2025-07-07 17:23:30] 🔧 DEBUG: 3 challenges disponibles pour restauration
[2025-07-07 17:23:30] 🔄 Restauration des stratégies programmées...
[2025-07-07 17:23:30] Stratégie chargée: end4 - Stratégie conservative - 4m - votes répartis
[2025-07-07 17:23:30] Stratégie chargée: end3 - Stratégie conservative - 3m - votes répartis
[2025-07-07 17:23:30] Stratégie chargée: fill1 - Stratégie rapide - now - votes répartis
[2025-07-07 17:23:30] Stratégie chargée: when1 - Stratégie rapide - now - votes répartis
[2025-07-07 17:23:30] Stratégie chargée: novote - Stratégie rapide - now - votes répartis
[2025-07-07 17:23:30] Total: 5 stratégies de timing chargées
[2025-07-07 17:23:30] Stratégie chargée: end4 - Stratégie conservative - 4m - votes répartis
[2025-07-07 17:23:30] Stratégie chargée: end3 - Stratégie conservative - 3m - votes répartis
[2025-07-07 17:23:30] Stratégie chargée: fill1 - Stratégie rapide - now - votes répartis
[2025-07-07 17:23:30] Stratégie chargée: when1 - Stratégie rapide - now - votes répartis
[2025-07-07 17:23:30] Stratégie chargée: novote - Stratégie rapide - now - votes répartis
[2025-07-07 17:23:30] Total: 5 stratégies de timing chargées
[2025-07-07 17:23:30] Application de la stratégie 'end4': Stratégie conservative - 4m - votes répartis
[2025-07-07 17:23:30] Calcul timing relatif end:
[2025-07-07 17:23:30]   - Fin du challenge: 07/07/2025 19:30:00
[2025-07-07 17:23:30]   - Offset: -4m0s (240s)
[2025-07-07 17:23:30]   - Déclenchement: 07/07/2025 19:26:00
[2025-07-07 17:23:30] Vote programmé: Vote sur Rare Or Commonplace à end-4m0s
[2025-07-07 17:23:30]   - Challenge: Rare Or Commonplace
[2025-07-07 17:23:30]   - Heure de déclenchement: 07/07/2025 19:26:00
[2025-07-07 17:23:30]   - Votes: 70
[2025-07-07 17:23:30]   - ID tâche: vote_103569_end-4m0s_20250707_172330
[2025-07-07 17:23:30] Calcul timing relatif end:
[2025-07-07 17:23:30]   - Fin du challenge: 07/07/2025 19:30:00
[2025-07-07 17:23:30]   - Offset: -3m0s (180s)
[2025-07-07 17:23:30]   - Déclenchement: 07/07/2025 19:27:00
[2025-07-07 17:23:30] Vote programmé: Vote sur Rare Or Commonplace à end-3m0s
[2025-07-07 17:23:30]   - Challenge: Rare Or Commonplace
[2025-07-07 17:23:30]   - Heure de déclenchement: 07/07/2025 19:27:00
[2025-07-07 17:23:30]   - Votes: 40
[2025-07-07 17:23:30]   - ID tâche: vote_103569_end-3m0s_20250707_172330
[2025-07-07 17:23:30] Calcul timing relatif end:
[2025-07-07 17:23:30]   - Fin du challenge: 07/07/2025 19:30:00
[2025-07-07 17:23:30]   - Offset: -2m0s (120s)
[2025-07-07 17:23:30]   - Déclenchement: 07/07/2025 19:28:00
[2025-07-07 17:23:30] Vote programmé: Vote sur Rare Or Commonplace à end-2m0s
[2025-07-07 17:23:30]   - Challenge: Rare Or Commonplace
[2025-07-07 17:23:30]   - Heure de déclenchement: 07/07/2025 19:28:00
[2025-07-07 17:23:30]   - Votes: 40
[2025-07-07 17:23:30]   - ID tâche: vote_103569_end-2m0s_20250707_172330
[2025-07-07 17:23:30] Calcul timing relatif end:
[2025-07-07 17:23:30]   - Fin du challenge: 07/07/2025 19:30:00
[2025-07-07 17:23:30]   - Offset: -1m0s (60s)
[2025-07-07 17:23:30]   - Déclenchement: 07/07/2025 19:29:00
[2025-07-07 17:23:30] Vote programmé: Vote sur Rare Or Commonplace à end-1m0s
[2025-07-07 17:23:30]   - Challenge: Rare Or Commonplace
[2025-07-07 17:23:30]   - Heure de déclenchement: 07/07/2025 19:29:00
[2025-07-07 17:23:30]   - Votes: 40
[2025-07-07 17:23:30]   - ID tâche: vote_103569_end-1m0s_20250707_172330
[2025-07-07 17:23:30] Calcul timing relatif end:
[2025-07-07 17:23:30]   - Fin du challenge: 07/07/2025 19:30:00
[2025-07-07 17:23:30]   - Offset: -0m30s (30s)
[2025-07-07 17:23:30]   - Déclenchement: 07/07/2025 19:29:30
[2025-07-07 17:23:30] Vote programmé: Vote sur Rare Or Commonplace à end-0m30s
[2025-07-07 17:23:30]   - Challenge: Rare Or Commonplace
[2025-07-07 17:23:30]   - Heure de déclenchement: 07/07/2025 19:29:30
[2025-07-07 17:23:30]   - Votes: 20
[2025-07-07 17:23:30]   - ID tâche: vote_103569_end-0m30s_20250707_172330
[2025-07-07 17:23:30] Stratégie programmée: 5/5 votes pour Rare Or Commonplace
[2025-07-07 17:23:30] Stratégie 'end4' appliquée avec succès à Rare Or Commonplace
[2025-07-07 17:23:30] 🔧 DEBUG: Début sauvegarde stratégie 'end4' pour challenge ID: 103569
[2025-07-07 17:23:30] 🔧 DEBUG: Strategy info à sauvegarder: {'strategy_name': 'end4', 'scheduled_at': '2025-07-07 17:23:30', 'challenge_title': 'Rare Or Commonplace', 'challenge_end_time': '07/07/2025, 19:30'}
[2025-07-07 17:23:30] 💾 Stratégie 'end4' sauvegardée pour Rare Or Commonplace
[2025-07-07 17:23:30] 🔧 DEBUG: Fichier config écrit avec succès
[2025-07-07 17:23:30] ✅ Stratégie 'end4' restaurée pour Rare Or Commonplace
[2025-07-07 17:23:30] Stratégie chargée: end4 - Stratégie conservative - 4m - votes répartis
[2025-07-07 17:23:30] Stratégie chargée: end3 - Stratégie conservative - 3m - votes répartis
[2025-07-07 17:23:30] Stratégie chargée: fill1 - Stratégie rapide - now - votes répartis
[2025-07-07 17:23:30] Stratégie chargée: when1 - Stratégie rapide - now - votes répartis
[2025-07-07 17:23:30] Stratégie chargée: novote - Stratégie rapide - now - votes répartis
[2025-07-07 17:23:30] Total: 5 stratégies de timing chargées
[2025-07-07 17:23:30] Stratégie chargée: end4 - Stratégie conservative - 4m - votes répartis
[2025-07-07 17:23:30] Stratégie chargée: end3 - Stratégie conservative - 3m - votes répartis
[2025-07-07 17:23:30] Stratégie chargée: fill1 - Stratégie rapide - now - votes répartis
[2025-07-07 17:23:30] Stratégie chargée: when1 - Stratégie rapide - now - votes répartis
[2025-07-07 17:23:30] Stratégie chargée: novote - Stratégie rapide - now - votes répartis
[2025-07-07 17:23:30] Total: 5 stratégies de timing chargées
[2025-07-07 17:23:30] Application de la stratégie 'novote': Stratégie rapide - now - votes répartis
[2025-07-07 17:23:30] Vote programmé: Vote sur Furniture à now
[2025-07-07 17:23:30]   - Challenge: Furniture
[2025-07-07 17:23:30]   - Heure de déclenchement: 07/07/2025 17:23:30
[2025-07-07 17:23:30] Exécution du vote programmé: vote_103593_now_20250707_172330
[2025-07-07 17:23:30]   - Votes: -1
[2025-07-07 17:23:30] Challenge: Furniture, Votes: -1
[2025-07-07 17:23:30]   - ID tâche: vote_103593_now_20250707_172330
[2025-07-07 17:23:30] Stratégie programmée: 1/1 votes pour Furniture
[2025-07-07 17:23:30] Stratégie 'novote' appliquée avec succès à Furniture
[2025-07-07 17:23:30] 🔧 DEBUG: Début sauvegarde stratégie 'novote' pour challenge ID: 103593
[2025-07-07 17:23:30] 🔧 DEBUG: Strategy info à sauvegarder: {'strategy_name': 'novote', 'scheduled_at': '2025-07-07 17:23:30', 'challenge_title': 'Furniture', 'challenge_end_time': '08/07/2025, 02:00'}
[2025-07-07 17:23:30] 💾 Stratégie 'novote' sauvegardée pour Furniture
[2025-07-07 17:23:30] 🔧 DEBUG: Fichier config écrit avec succès
[2025-07-07 17:23:30] ✅ Stratégie 'novote' restaurée pour Furniture
[2025-07-07 17:23:30] 🎯 2 stratégie(s) restaurée(s) avec succès
[2025-07-07 17:23:30] Furniture get vote panel
[2025-07-07 17:23:30] Processus associé: vote_103593_now_20250707_172330
[2025-07-07 17:23:30] Récupération des données de vote pour Furniture (URL: furniture3, HEADER:{'User-Agent': 'Mozilla/5.0 (X11; Linux i686; rv:39.0) Gecko/20100101 Firefox/39.0', 'x-api-version': '8', 'x-env': 'WEB', 'X-requested-with': 'XMLHttpRequest', 'X-token': 'a1cad95a6d480c14f51dd0eba4914c8337b893c789ec6278bb440c7c9a673b162f042470c62684e6da2bd342ffea7777'})
[2025-07-07 17:23:31] Récupération réussie: 200 images pour Furniture
[2025-07-07 17:24:00] Décompte local démarré - mise à jour toutes les 10 secondes
[2025-07-07 17:26:10] Erreur de parsing JSON: post_votes_panel_finished(PyObject,PyObject) only accepts 2 argument(s), 3 given!, Réponse: 
{"member":{"id":"0ccd720cab0da1c771a7a2086453d7dc","voting_power":11,"adult":true,"member_group_id"...
[2025-07-07 17:26:10] Voting fetching ...
[2025-07-07 17:26:10] Données de vote incomplètes pour Furniture: {'success': False, 'message': 'JSON parsing error: post_votes_panel_finished(PyObject,PyObject) only accepts 2 argument(s), 3 given!', 'challenge': {'close_time': 0}}
[2025-07-07 17:26:39] Fetching challenges...
[2025-07-07 17:26:39] Fetch initial des challenges pour initialiser le décompte...
[2025-07-07 17:26:39] Fetching challenges...
[2025-07-07 17:26:39] Décompte programmé à 17:27:00
[2025-07-07 17:26:39] APScheduler démarré avec succès
[2025-07-07 17:26:41] Lancement automatique des stratégies de fin pour 3 nouveaux challenges...
[2025-07-07 17:26:41] Nouveau challenge détecté pour bruno: Rare Or Commonplace
[2025-07-07 17:26:41] Nouveau challenge détecté pour bruno: Furniture
[2025-07-07 17:26:41] Nouveau challenge détecté pour bruno: Screen Stars - Epic Mountains
[2025-07-07 17:26:42] 🔧 DEBUG: 3 challenges disponibles pour restauration
[2025-07-07 17:26:42] 🔄 Restauration des stratégies programmées...
[2025-07-07 17:26:42] Stratégie chargée: end4 - Stratégie conservative - 4m - votes répartis
[2025-07-07 17:26:42] Stratégie chargée: end3 - Stratégie conservative - 3m - votes répartis
[2025-07-07 17:26:42] Stratégie chargée: fill1 - Stratégie rapide - now - votes répartis
[2025-07-07 17:26:42] Stratégie chargée: when1 - Stratégie rapide - now - votes répartis
[2025-07-07 17:26:42] Stratégie chargée: novote - Stratégie rapide - now - votes répartis
[2025-07-07 17:26:42] Total: 5 stratégies de timing chargées
[2025-07-07 17:26:42] Stratégie chargée: end4 - Stratégie conservative - 4m - votes répartis
[2025-07-07 17:26:42] Stratégie chargée: end3 - Stratégie conservative - 3m - votes répartis
[2025-07-07 17:26:42] Stratégie chargée: fill1 - Stratégie rapide - now - votes répartis
[2025-07-07 17:26:42] Stratégie chargée: when1 - Stratégie rapide - now - votes répartis
[2025-07-07 17:26:42] Stratégie chargée: novote - Stratégie rapide - now - votes répartis
[2025-07-07 17:26:42] Total: 5 stratégies de timing chargées
[2025-07-07 17:26:42] Application de la stratégie 'end4': Stratégie conservative - 4m - votes répartis
[2025-07-07 17:26:42] Calcul timing relatif end:
[2025-07-07 17:26:42]   - Fin du challenge: 07/07/2025 19:30:00
[2025-07-07 17:26:42]   - Offset: -4m0s (240s)
[2025-07-07 17:26:42]   - Déclenchement: 07/07/2025 19:26:00
[2025-07-07 17:26:42] Vote programmé: Vote sur Rare Or Commonplace à end-4m0s
[2025-07-07 17:26:42]   - Challenge: Rare Or Commonplace
[2025-07-07 17:26:42]   - Heure de déclenchement: 07/07/2025 19:26:00
[2025-07-07 17:26:42]   - Votes: 70
[2025-07-07 17:26:42]   - ID tâche: vote_103569_end-4m0s_20250707_172642
[2025-07-07 17:26:42] Calcul timing relatif end:
[2025-07-07 17:26:42]   - Fin du challenge: 07/07/2025 19:30:00
[2025-07-07 17:26:42]   - Offset: -3m0s (180s)
[2025-07-07 17:26:42]   - Déclenchement: 07/07/2025 19:27:00
[2025-07-07 17:26:42] Vote programmé: Vote sur Rare Or Commonplace à end-3m0s
[2025-07-07 17:26:42]   - Challenge: Rare Or Commonplace
[2025-07-07 17:26:42]   - Heure de déclenchement: 07/07/2025 19:27:00
[2025-07-07 17:26:42]   - Votes: 40
[2025-07-07 17:26:42]   - ID tâche: vote_103569_end-3m0s_20250707_172642
[2025-07-07 17:26:42] Calcul timing relatif end:
[2025-07-07 17:26:42]   - Fin du challenge: 07/07/2025 19:30:00
[2025-07-07 17:26:42]   - Offset: -2m0s (120s)
[2025-07-07 17:26:42]   - Déclenchement: 07/07/2025 19:28:00
[2025-07-07 17:26:42] Vote programmé: Vote sur Rare Or Commonplace à end-2m0s
[2025-07-07 17:26:42]   - Challenge: Rare Or Commonplace
[2025-07-07 17:26:42]   - Heure de déclenchement: 07/07/2025 19:28:00
[2025-07-07 17:26:42]   - Votes: 40
[2025-07-07 17:26:42]   - ID tâche: vote_103569_end-2m0s_20250707_172642
[2025-07-07 17:26:42] Calcul timing relatif end:
[2025-07-07 17:26:42]   - Fin du challenge: 07/07/2025 19:30:00
[2025-07-07 17:26:42]   - Offset: -1m0s (60s)
[2025-07-07 17:26:42]   - Déclenchement: 07/07/2025 19:29:00
[2025-07-07 17:26:42] Vote programmé: Vote sur Rare Or Commonplace à end-1m0s
[2025-07-07 17:26:42]   - Challenge: Rare Or Commonplace
[2025-07-07 17:26:42]   - Heure de déclenchement: 07/07/2025 19:29:00
[2025-07-07 17:26:42]   - Votes: 40
[2025-07-07 17:26:42]   - ID tâche: vote_103569_end-1m0s_20250707_172642
[2025-07-07 17:26:42] Calcul timing relatif end:
[2025-07-07 17:26:42]   - Fin du challenge: 07/07/2025 19:30:00
[2025-07-07 17:26:42]   - Offset: -0m30s (30s)
[2025-07-07 17:26:42]   - Déclenchement: 07/07/2025 19:29:30
[2025-07-07 17:26:42] Vote programmé: Vote sur Rare Or Commonplace à end-0m30s
[2025-07-07 17:26:42]   - Challenge: Rare Or Commonplace
[2025-07-07 17:26:42]   - Heure de déclenchement: 07/07/2025 19:29:30
[2025-07-07 17:26:42]   - Votes: 20
[2025-07-07 17:26:42]   - ID tâche: vote_103569_end-0m30s_20250707_172642
[2025-07-07 17:26:42] Stratégie programmée: 5/5 votes pour Rare Or Commonplace
[2025-07-07 17:26:42] Stratégie 'end4' appliquée avec succès à Rare Or Commonplace
[2025-07-07 17:26:42] 🔧 DEBUG: Début sauvegarde stratégie 'end4' pour challenge ID: 103569
[2025-07-07 17:26:42] 🔧 DEBUG: Strategy info à sauvegarder: {'strategy_name': 'end4', 'scheduled_at': '2025-07-07 17:26:42', 'challenge_title': 'Rare Or Commonplace', 'challenge_end_time': '07/07/2025, 19:30'}
[2025-07-07 17:26:42] 💾 Stratégie 'end4' sauvegardée pour Rare Or Commonplace
[2025-07-07 17:26:42] 🔧 DEBUG: Fichier config écrit avec succès
[2025-07-07 17:26:42] ✅ Stratégie 'end4' restaurée pour Rare Or Commonplace
[2025-07-07 17:26:42] Stratégie chargée: end4 - Stratégie conservative - 4m - votes répartis
[2025-07-07 17:26:42] Stratégie chargée: end3 - Stratégie conservative - 3m - votes répartis
[2025-07-07 17:26:42] Stratégie chargée: fill1 - Stratégie rapide - now - votes répartis
[2025-07-07 17:26:42] Stratégie chargée: when1 - Stratégie rapide - now - votes répartis
[2025-07-07 17:26:42] Stratégie chargée: novote - Stratégie rapide - now - votes répartis
[2025-07-07 17:26:42] Total: 5 stratégies de timing chargées
[2025-07-07 17:26:42] Stratégie chargée: end4 - Stratégie conservative - 4m - votes répartis
[2025-07-07 17:26:42] Stratégie chargée: end3 - Stratégie conservative - 3m - votes répartis
[2025-07-07 17:26:42] Stratégie chargée: fill1 - Stratégie rapide - now - votes répartis
[2025-07-07 17:26:42] Stratégie chargée: when1 - Stratégie rapide - now - votes répartis
[2025-07-07 17:26:42] Stratégie chargée: novote - Stratégie rapide - now - votes répartis
[2025-07-07 17:26:42] Total: 5 stratégies de timing chargées
[2025-07-07 17:26:42] Application de la stratégie 'novote': Stratégie rapide - now - votes répartis
[2025-07-07 17:26:42] Vote programmé: Vote sur Furniture à now
[2025-07-07 17:26:42] Exécution du vote programmé: vote_103593_now_20250707_172642
[2025-07-07 17:26:42]   - Challenge: Furniture
[2025-07-07 17:26:42] Challenge: Furniture, Votes: -1
[2025-07-07 17:26:42]   - Heure de déclenchement: 07/07/2025 17:26:42
[2025-07-07 17:26:42]   - Votes: -1
[2025-07-07 17:26:42]   - ID tâche: vote_103593_now_20250707_172642
[2025-07-07 17:26:42] Stratégie programmée: 1/1 votes pour Furniture
[2025-07-07 17:26:42] Stratégie 'novote' appliquée avec succès à Furniture
[2025-07-07 17:26:42] 🔧 DEBUG: Début sauvegarde stratégie 'novote' pour challenge ID: 103593
[2025-07-07 17:26:42] 🔧 DEBUG: Strategy info à sauvegarder: {'strategy_name': 'novote', 'scheduled_at': '2025-07-07 17:26:42', 'challenge_title': 'Furniture', 'challenge_end_time': '08/07/2025, 02:00'}
[2025-07-07 17:26:42] 💾 Stratégie 'novote' sauvegardée pour Furniture
[2025-07-07 17:26:42] 🔧 DEBUG: Fichier config écrit avec succès
[2025-07-07 17:26:42] ✅ Stratégie 'novote' restaurée pour Furniture
[2025-07-07 17:26:42] 🎯 2 stratégie(s) restaurée(s) avec succès
[2025-07-07 17:26:42] Furniture get vote panel
[2025-07-07 17:26:42] Processus associé: vote_103593_now_20250707_172642
[2025-07-07 17:26:42] Récupération des données de vote pour Furniture (URL: furniture3, HEADER:{'User-Agent': 'Mozilla/5.0 (X11; Linux i686; rv:39.0) Gecko/20100101 Firefox/39.0', 'x-api-version': '8', 'x-env': 'WEB', 'X-requested-with': 'XMLHttpRequest', 'X-token': 'a1cad95a6d480c14f51dd0eba4914c8337b893c789ec6278bb440c7c9a673b162f042470c62684e6da2bd342ffea7777'})
[2025-07-07 17:26:43] Récupération réussie: 200 images pour Furniture
[2025-07-07 17:26:43] 200
[2025-07-07 17:27:00] Décompte local démarré - mise à jour toutes les 10 secondes
[2025-07-07 17:27:13] Erreur de parsing JSON: post_votes_panel_finished(PyObject,PyObject) only accepts 2 argument(s), 3 given!, Réponse: 
{"member":{"id":"0ccd720cab0da1c771a7a2086453d7dc","voting_power":11,"adult":true,"member_group_id"...
[2025-07-07 17:27:13] Voting fetching ...
[2025-07-07 17:27:13] Données de vote incomplètes pour Furniture: {'success': False, 'message': 'JSON parsing error: post_votes_panel_finished(PyObject,PyObject) only accepts 2 argument(s), 3 given!', 'challenge': {'close_time': 0}}
[2025-07-07 17:28:29] Fetching challenges...
[2025-07-07 17:28:29] Fetch initial des challenges pour initialiser le décompte...
[2025-07-07 17:28:29] Fetching challenges...
[2025-07-07 17:28:29] Décompte programmé à 17:29:00
[2025-07-07 17:28:29] APScheduler démarré avec succès
[2025-07-07 17:28:31] Lancement automatique des stratégies de fin pour 3 nouveaux challenges...
[2025-07-07 17:28:31] Nouveau challenge détecté pour bruno: Furniture
[2025-07-07 17:28:31] Nouveau challenge détecté pour bruno: Screen Stars - Epic Mountains
[2025-07-07 17:28:31] Nouveau challenge détecté pour bruno: Rare Or Commonplace
[2025-07-07 17:28:31] 🔧 DEBUG: 3 challenges disponibles pour restauration
[2025-07-07 17:28:31] 🔄 Restauration des stratégies programmées...
[2025-07-07 17:28:31] Stratégie chargée: end4 - Stratégie conservative - 4m - votes répartis
[2025-07-07 17:28:31] Stratégie chargée: end3 - Stratégie conservative - 3m - votes répartis
[2025-07-07 17:28:31] Stratégie chargée: fill1 - Stratégie rapide - now - votes répartis
[2025-07-07 17:28:31] Stratégie chargée: when1 - Stratégie rapide - now - votes répartis
[2025-07-07 17:28:31] Stratégie chargée: novote - Stratégie rapide - now - votes répartis
[2025-07-07 17:28:31] Total: 5 stratégies de timing chargées
[2025-07-07 17:28:31] Stratégie chargée: end4 - Stratégie conservative - 4m - votes répartis
[2025-07-07 17:28:31] Stratégie chargée: end3 - Stratégie conservative - 3m - votes répartis
[2025-07-07 17:28:31] Stratégie chargée: fill1 - Stratégie rapide - now - votes répartis
[2025-07-07 17:28:31] Stratégie chargée: when1 - Stratégie rapide - now - votes répartis
[2025-07-07 17:28:31] Stratégie chargée: novote - Stratégie rapide - now - votes répartis
[2025-07-07 17:28:31] Total: 5 stratégies de timing chargées
[2025-07-07 17:28:31] Application de la stratégie 'end4': Stratégie conservative - 4m - votes répartis
[2025-07-07 17:28:31] Calcul timing relatif end:
[2025-07-07 17:28:31]   - Fin du challenge: 07/07/2025 19:30:00
[2025-07-07 17:28:31]   - Offset: -4m0s (240s)
[2025-07-07 17:28:31]   - Déclenchement: 07/07/2025 19:26:00
[2025-07-07 17:28:31] Vote programmé: Vote sur Rare Or Commonplace à end-4m0s
[2025-07-07 17:28:31]   - Challenge: Rare Or Commonplace
[2025-07-07 17:28:31]   - Heure de déclenchement: 07/07/2025 19:26:00
[2025-07-07 17:28:31]   - Votes: 70
[2025-07-07 17:28:31]   - ID tâche: vote_103569_end-4m0s_20250707_172831
[2025-07-07 17:28:31] Calcul timing relatif end:
[2025-07-07 17:28:31]   - Fin du challenge: 07/07/2025 19:30:00
[2025-07-07 17:28:31]   - Offset: -3m0s (180s)
[2025-07-07 17:28:31]   - Déclenchement: 07/07/2025 19:27:00
[2025-07-07 17:28:31] Vote programmé: Vote sur Rare Or Commonplace à end-3m0s
[2025-07-07 17:28:31]   - Challenge: Rare Or Commonplace
[2025-07-07 17:28:31]   - Heure de déclenchement: 07/07/2025 19:27:00
[2025-07-07 17:28:31]   - Votes: 40
[2025-07-07 17:28:31]   - ID tâche: vote_103569_end-3m0s_20250707_172831
[2025-07-07 17:28:31] Calcul timing relatif end:
[2025-07-07 17:28:31]   - Fin du challenge: 07/07/2025 19:30:00
[2025-07-07 17:28:31]   - Offset: -2m0s (120s)
[2025-07-07 17:28:31]   - Déclenchement: 07/07/2025 19:28:00
[2025-07-07 17:28:31] Vote programmé: Vote sur Rare Or Commonplace à end-2m0s
[2025-07-07 17:28:31]   - Challenge: Rare Or Commonplace
[2025-07-07 17:28:31]   - Heure de déclenchement: 07/07/2025 19:28:00
[2025-07-07 17:28:31]   - Votes: 40
[2025-07-07 17:28:31]   - ID tâche: vote_103569_end-2m0s_20250707_172831
[2025-07-07 17:28:31] Calcul timing relatif end:
[2025-07-07 17:28:31]   - Fin du challenge: 07/07/2025 19:30:00
[2025-07-07 17:28:31]   - Offset: -1m0s (60s)
[2025-07-07 17:28:31]   - Déclenchement: 07/07/2025 19:29:00
[2025-07-07 17:28:31] Vote programmé: Vote sur Rare Or Commonplace à end-1m0s
[2025-07-07 17:28:31]   - Challenge: Rare Or Commonplace
[2025-07-07 17:28:31]   - Heure de déclenchement: 07/07/2025 19:29:00
[2025-07-07 17:28:31]   - Votes: 40
[2025-07-07 17:28:31]   - ID tâche: vote_103569_end-1m0s_20250707_172831
[2025-07-07 17:28:31] Calcul timing relatif end:
[2025-07-07 17:28:31]   - Fin du challenge: 07/07/2025 19:30:00
[2025-07-07 17:28:31]   - Offset: -0m30s (30s)
[2025-07-07 17:28:31]   - Déclenchement: 07/07/2025 19:29:30
[2025-07-07 17:28:31] Vote programmé: Vote sur Rare Or Commonplace à end-0m30s
[2025-07-07 17:28:31]   - Challenge: Rare Or Commonplace
[2025-07-07 17:28:31]   - Heure de déclenchement: 07/07/2025 19:29:30
[2025-07-07 17:28:31]   - Votes: 20
[2025-07-07 17:28:31]   - ID tâche: vote_103569_end-0m30s_20250707_172831
[2025-07-07 17:28:31] Stratégie programmée: 5/5 votes pour Rare Or Commonplace
[2025-07-07 17:28:31] Stratégie 'end4' appliquée avec succès à Rare Or Commonplace
[2025-07-07 17:28:31] 🔧 DEBUG: Début sauvegarde stratégie 'end4' pour challenge ID: 103569
[2025-07-07 17:28:31] 🔧 DEBUG: Strategy info à sauvegarder: {'strategy_name': 'end4', 'scheduled_at': '2025-07-07 17:28:31', 'challenge_title': 'Rare Or Commonplace', 'challenge_end_time': '07/07/2025, 19:30'}
[2025-07-07 17:28:31] 💾 Stratégie 'end4' sauvegardée pour Rare Or Commonplace
[2025-07-07 17:28:31] 🔧 DEBUG: Fichier config écrit avec succès
[2025-07-07 17:28:31] ✅ Stratégie 'end4' restaurée pour Rare Or Commonplace
[2025-07-07 17:28:31] Stratégie chargée: end4 - Stratégie conservative - 4m - votes répartis
[2025-07-07 17:28:31] Stratégie chargée: end3 - Stratégie conservative - 3m - votes répartis
[2025-07-07 17:28:31] Stratégie chargée: fill1 - Stratégie rapide - now - votes répartis
[2025-07-07 17:28:31] Stratégie chargée: when1 - Stratégie rapide - now - votes répartis
[2025-07-07 17:28:31] Stratégie chargée: novote - Stratégie rapide - now - votes répartis
[2025-07-07 17:28:31] Total: 5 stratégies de timing chargées
[2025-07-07 17:28:31] Stratégie chargée: end4 - Stratégie conservative - 4m - votes répartis
[2025-07-07 17:28:31] Stratégie chargée: end3 - Stratégie conservative - 3m - votes répartis
[2025-07-07 17:28:31] Stratégie chargée: fill1 - Stratégie rapide - now - votes répartis
[2025-07-07 17:28:31] Stratégie chargée: when1 - Stratégie rapide - now - votes répartis
[2025-07-07 17:28:31] Stratégie chargée: novote - Stratégie rapide - now - votes répartis
[2025-07-07 17:28:31] Total: 5 stratégies de timing chargées
[2025-07-07 17:28:31] Application de la stratégie 'novote': Stratégie rapide - now - votes répartis
[2025-07-07 17:28:31] Vote programmé: Vote sur Furniture à now
[2025-07-07 17:28:31] Exécution du vote programmé: vote_103593_now_20250707_172831
[2025-07-07 17:28:31]   - Challenge: Furniture
[2025-07-07 17:28:31] Challenge: Furniture, Votes: -1
[2025-07-07 17:28:31]   - Heure de déclenchement: 07/07/2025 17:28:31
[2025-07-07 17:28:31]   - Votes: -1
[2025-07-07 17:28:31]   - ID tâche: vote_103593_now_20250707_172831
[2025-07-07 17:28:31] Stratégie programmée: 1/1 votes pour Furniture
[2025-07-07 17:28:31] Stratégie 'novote' appliquée avec succès à Furniture
[2025-07-07 17:28:31] 🔧 DEBUG: Début sauvegarde stratégie 'novote' pour challenge ID: 103593
[2025-07-07 17:28:31] 🔧 DEBUG: Strategy info à sauvegarder: {'strategy_name': 'novote', 'scheduled_at': '2025-07-07 17:28:31', 'challenge_title': 'Furniture', 'challenge_end_time': '08/07/2025, 02:00'}
[2025-07-07 17:28:31] 💾 Stratégie 'novote' sauvegardée pour Furniture
[2025-07-07 17:28:31] 🔧 DEBUG: Fichier config écrit avec succès
[2025-07-07 17:28:31] ✅ Stratégie 'novote' restaurée pour Furniture
[2025-07-07 17:28:31] 🎯 2 stratégie(s) restaurée(s) avec succès
[2025-07-07 17:28:31] Furniture get vote panel
[2025-07-07 17:28:31] Processus associé: vote_103593_now_20250707_172831
[2025-07-07 17:28:31] Récupération des données de vote pour Furniture (URL: furniture3, HEADER:{'User-Agent': 'Mozilla/5.0 (X11; Linux i686; rv:39.0) Gecko/20100101 Firefox/39.0', 'x-api-version': '8', 'x-env': 'WEB', 'X-requested-with': 'XMLHttpRequest', 'X-token': 'a1cad95a6d480c14f51dd0eba4914c8337b893c789ec6278bb440c7c9a673b162f042470c62684e6da2bd342ffea7777'})
[2025-07-07 17:28:32] Récupération réussie: 200 images pour Furniture
[2025-07-07 17:28:32] 200
[2025-07-07 17:28:51] Furniture vote failed: 0
[2025-07-07 17:28:51] Processus supprimé pour bruno: vote_103593_now_20250707_172831 - error
[2025-07-07 17:28:51] Processus mis à jour pour bruno: vote_103593_now_20250707_172831 - error
[2025-07-07 17:28:51] Processus vote_103593_now_20250707_172831 terminé avec erreur
[2025-07-07 17:29:00] Décompte local démarré - mise à jour toutes les 10 secondes
[2025-07-07 17:33:29] Resynchronisation avec le serveur...
[2025-07-07 17:33:29] Fetching challenges...
[2025-07-07 17:38:29] Resynchronisation avec le serveur...
[2025-07-07 17:38:29] Fetching challenges...
[2025-07-07 17:39:06] Fetching challenges...
[2025-07-07 17:39:06] Fetch initial des challenges pour initialiser le décompte...
[2025-07-07 17:39:06] Fetching challenges...
[2025-07-07 17:39:06] Décompte programmé à 17:40:00
[2025-07-07 17:39:06] APScheduler démarré avec succès
[2025-07-07 17:39:08] Lancement automatique des stratégies de fin pour 3 nouveaux challenges...
[2025-07-07 17:39:08] Nouveau challenge détecté pour bruno: Screen Stars - Epic Mountains
[2025-07-07 17:39:08] Nouveau challenge détecté pour bruno: Rare Or Commonplace
[2025-07-07 17:39:08] Nouveau challenge détecté pour bruno: Furniture
[2025-07-07 17:39:09] 🔧 DEBUG: 3 challenges disponibles pour restauration
[2025-07-07 17:39:09] 🔄 Restauration des stratégies programmées...
[2025-07-07 17:39:09] Stratégie chargée: end4 - Stratégie conservative - 4m - votes répartis
[2025-07-07 17:39:09] Stratégie chargée: end3 - Stratégie conservative - 3m - votes répartis
[2025-07-07 17:39:09] Stratégie chargée: fill1 - Stratégie rapide - now - votes répartis
[2025-07-07 17:39:09] Stratégie chargée: when1 - Stratégie rapide - now - votes répartis
[2025-07-07 17:39:09] Stratégie chargée: novote - Stratégie rapide - now - votes répartis
[2025-07-07 17:39:09] Total: 5 stratégies de timing chargées
[2025-07-07 17:39:09] Stratégie chargée: end4 - Stratégie conservative - 4m - votes répartis
[2025-07-07 17:39:09] Stratégie chargée: end3 - Stratégie conservative - 3m - votes répartis
[2025-07-07 17:39:09] Stratégie chargée: fill1 - Stratégie rapide - now - votes répartis
[2025-07-07 17:39:09] Stratégie chargée: when1 - Stratégie rapide - now - votes répartis
[2025-07-07 17:39:09] Stratégie chargée: novote - Stratégie rapide - now - votes répartis
[2025-07-07 17:39:09] Total: 5 stratégies de timing chargées
[2025-07-07 17:39:09] Application de la stratégie 'end4': Stratégie conservative - 4m - votes répartis
[2025-07-07 17:39:09] Calcul timing relatif end:
[2025-07-07 17:39:09]   - Fin du challenge: 07/07/2025 19:30:00
[2025-07-07 17:39:09]   - Offset: -4m0s (240s)
[2025-07-07 17:39:09]   - Déclenchement: 07/07/2025 19:26:00
[2025-07-07 17:39:09] Vote programmé: Vote sur Rare Or Commonplace à end-4m0s
[2025-07-07 17:39:09]   - Challenge: Rare Or Commonplace
[2025-07-07 17:39:09]   - Heure de déclenchement: 07/07/2025 19:26:00
[2025-07-07 17:39:09]   - Votes: 70
[2025-07-07 17:39:09]   - ID tâche: vote_103569_end-4m0s_20250707_173909
[2025-07-07 17:39:09] Calcul timing relatif end:
[2025-07-07 17:39:09]   - Fin du challenge: 07/07/2025 19:30:00
[2025-07-07 17:39:09]   - Offset: -3m0s (180s)
[2025-07-07 17:39:09]   - Déclenchement: 07/07/2025 19:27:00
[2025-07-07 17:39:09] Vote programmé: Vote sur Rare Or Commonplace à end-3m0s
[2025-07-07 17:39:09]   - Challenge: Rare Or Commonplace
[2025-07-07 17:39:09]   - Heure de déclenchement: 07/07/2025 19:27:00
[2025-07-07 17:39:09]   - Votes: 40
[2025-07-07 17:39:09]   - ID tâche: vote_103569_end-3m0s_20250707_173909
[2025-07-07 17:39:09] Calcul timing relatif end:
[2025-07-07 17:39:09]   - Fin du challenge: 07/07/2025 19:30:00
[2025-07-07 17:39:09]   - Offset: -2m0s (120s)
[2025-07-07 17:39:09]   - Déclenchement: 07/07/2025 19:28:00
[2025-07-07 17:39:09] Vote programmé: Vote sur Rare Or Commonplace à end-2m0s
[2025-07-07 17:39:09]   - Challenge: Rare Or Commonplace
[2025-07-07 17:39:09]   - Heure de déclenchement: 07/07/2025 19:28:00
[2025-07-07 17:39:09]   - Votes: 40
[2025-07-07 17:39:09]   - ID tâche: vote_103569_end-2m0s_20250707_173909
[2025-07-07 17:39:09] Calcul timing relatif end:
[2025-07-07 17:39:09]   - Fin du challenge: 07/07/2025 19:30:00
[2025-07-07 17:39:09]   - Offset: -1m0s (60s)
[2025-07-07 17:39:09]   - Déclenchement: 07/07/2025 19:29:00
[2025-07-07 17:39:09] Vote programmé: Vote sur Rare Or Commonplace à end-1m0s
[2025-07-07 17:39:09]   - Challenge: Rare Or Commonplace
[2025-07-07 17:39:09]   - Heure de déclenchement: 07/07/2025 19:29:00
[2025-07-07 17:39:09]   - Votes: 40
[2025-07-07 17:39:09]   - ID tâche: vote_103569_end-1m0s_20250707_173909
[2025-07-07 17:39:09] Calcul timing relatif end:
[2025-07-07 17:39:09]   - Fin du challenge: 07/07/2025 19:30:00
[2025-07-07 17:39:09]   - Offset: -0m30s (30s)
[2025-07-07 17:39:09]   - Déclenchement: 07/07/2025 19:29:30
[2025-07-07 17:39:09] Vote programmé: Vote sur Rare Or Commonplace à end-0m30s
[2025-07-07 17:39:09]   - Challenge: Rare Or Commonplace
[2025-07-07 17:39:09]   - Heure de déclenchement: 07/07/2025 19:29:30
[2025-07-07 17:39:09]   - Votes: 20
[2025-07-07 17:39:09]   - ID tâche: vote_103569_end-0m30s_20250707_173909
[2025-07-07 17:39:09] Stratégie programmée: 5/5 votes pour Rare Or Commonplace
[2025-07-07 17:39:09] Stratégie 'end4' appliquée avec succès à Rare Or Commonplace
[2025-07-07 17:39:09] 🔧 DEBUG: Début sauvegarde stratégie 'end4' pour challenge ID: 103569
[2025-07-07 17:39:09] 🔧 DEBUG: Strategy info à sauvegarder: {'strategy_name': 'end4', 'scheduled_at': '2025-07-07 17:39:09', 'challenge_title': 'Rare Or Commonplace', 'challenge_end_time': '07/07/2025, 19:30'}
[2025-07-07 17:39:09] 💾 Stratégie 'end4' sauvegardée pour Rare Or Commonplace
[2025-07-07 17:39:09] 🔧 DEBUG: Fichier config écrit avec succès
[2025-07-07 17:39:09] ✅ Stratégie 'end4' restaurée pour Rare Or Commonplace
[2025-07-07 17:39:09] Stratégie chargée: end4 - Stratégie conservative - 4m - votes répartis
[2025-07-07 17:39:09] Stratégie chargée: end3 - Stratégie conservative - 3m - votes répartis
[2025-07-07 17:39:09] Stratégie chargée: fill1 - Stratégie rapide - now - votes répartis
[2025-07-07 17:39:09] Stratégie chargée: when1 - Stratégie rapide - now - votes répartis
[2025-07-07 17:39:09] Stratégie chargée: novote - Stratégie rapide - now - votes répartis
[2025-07-07 17:39:09] Total: 5 stratégies de timing chargées
[2025-07-07 17:39:09] Stratégie chargée: end4 - Stratégie conservative - 4m - votes répartis
[2025-07-07 17:39:09] Stratégie chargée: end3 - Stratégie conservative - 3m - votes répartis
[2025-07-07 17:39:09] Stratégie chargée: fill1 - Stratégie rapide - now - votes répartis
[2025-07-07 17:39:09] Stratégie chargée: when1 - Stratégie rapide - now - votes répartis
[2025-07-07 17:39:09] Stratégie chargée: novote - Stratégie rapide - now - votes répartis
[2025-07-07 17:39:09] Total: 5 stratégies de timing chargées
[2025-07-07 17:39:09] Application de la stratégie 'novote': Stratégie rapide - now - votes répartis
[2025-07-07 17:39:09] Vote programmé: Vote sur Furniture à now
[2025-07-07 17:39:09] Exécution du vote programmé: vote_103593_now_20250707_173909
[2025-07-07 17:39:09]   - Challenge: Furniture
[2025-07-07 17:39:09] Challenge: Furniture, Votes: -1
[2025-07-07 17:39:09]   - Heure de déclenchement: 07/07/2025 17:39:09
[2025-07-07 17:39:09]   - Votes: -1
[2025-07-07 17:39:09]   - ID tâche: vote_103593_now_20250707_173909
[2025-07-07 17:39:09] Stratégie programmée: 1/1 votes pour Furniture
[2025-07-07 17:39:09] Stratégie 'novote' appliquée avec succès à Furniture
[2025-07-07 17:39:09] 🔧 DEBUG: Début sauvegarde stratégie 'novote' pour challenge ID: 103593
[2025-07-07 17:39:09] 🔧 DEBUG: Strategy info à sauvegarder: {'strategy_name': 'novote', 'scheduled_at': '2025-07-07 17:39:09', 'challenge_title': 'Furniture', 'challenge_end_time': '08/07/2025, 02:00'}
[2025-07-07 17:39:09] 💾 Stratégie 'novote' sauvegardée pour Furniture
[2025-07-07 17:39:09] 🔧 DEBUG: Fichier config écrit avec succès
[2025-07-07 17:39:09] ✅ Stratégie 'novote' restaurée pour Furniture
[2025-07-07 17:39:09] 🎯 2 stratégie(s) restaurée(s) avec succès
[2025-07-07 17:39:09] Furniture get vote panel
[2025-07-07 17:39:09] Processus associé: vote_103593_now_20250707_173909
[2025-07-07 17:39:09] Récupération des données de vote pour Furniture (URL: furniture3, HEADER:{'User-Agent': 'Mozilla/5.0 (X11; Linux i686; rv:39.0) Gecko/20100101 Firefox/39.0', 'x-api-version': '8', 'x-env': 'WEB', 'X-requested-with': 'XMLHttpRequest', 'X-token': 'a1cad95a6d480c14f51dd0eba4914c8337b893c789ec6278bb440c7c9a673b162f042470c62684e6da2bd342ffea7777'})
[2025-07-07 17:39:10] Récupération réussie: 200 images pour Furniture
[2025-07-07 17:39:10] 200
[2025-07-07 17:39:36] Furniture voted successfully
[2025-07-07 17:39:36] Processus supprimé pour bruno: vote_103593_now_20250707_173909 - success
[2025-07-07 17:39:36] Processus mis à jour pour bruno: vote_103593_now_20250707_173909 - success
[2025-07-07 17:39:36] Processus vote_103593_now_20250707_173909 terminé avec succès
[2025-07-07 17:40:00] Décompte local démarré - mise à jour toutes les 10 secondes
[2025-07-07 17:44:06] Resynchronisation avec le serveur...
[2025-07-07 17:44:06] Fetching challenges...
[2025-07-07 17:48:48] Fetching challenges...
[2025-07-07 17:48:48] Fetch initial des challenges pour initialiser le décompte...
[2025-07-07 17:48:48] Fetching challenges...
[2025-07-07 17:48:48] Décompte programmé à 17:49:00
[2025-07-07 17:48:48] APScheduler démarré avec succès
[2025-07-07 17:48:49] Lancement automatique des stratégies de fin pour 3 nouveaux challenges...
[2025-07-07 17:48:49] Nouveau challenge détecté pour bruno: Screen Stars - Epic Mountains
[2025-07-07 17:48:49] Nouveau challenge détecté pour bruno: Rare Or Commonplace
[2025-07-07 17:48:49] Nouveau challenge détecté pour bruno: Furniture
[2025-07-07 17:48:50] 🔧 DEBUG: 3 challenges disponibles pour restauration
[2025-07-07 17:48:50] 🔄 Restauration des stratégies programmées...
[2025-07-07 17:48:50] Stratégie chargée: end4 - Stratégie conservative - 4m - votes répartis
[2025-07-07 17:48:50] Stratégie chargée: end3 - Stratégie conservative - 3m - votes répartis
[2025-07-07 17:48:50] Stratégie chargée: fill1 - Stratégie rapide - now - votes répartis
[2025-07-07 17:48:50] Stratégie chargée: when1 - Stratégie rapide - now - votes répartis
[2025-07-07 17:48:50] Stratégie chargée: novote - Stratégie rapide - now - votes répartis
[2025-07-07 17:48:50] Total: 5 stratégies de timing chargées
[2025-07-07 17:48:50] Stratégie chargée: end4 - Stratégie conservative - 4m - votes répartis
[2025-07-07 17:48:50] Stratégie chargée: end3 - Stratégie conservative - 3m - votes répartis
[2025-07-07 17:48:50] Stratégie chargée: fill1 - Stratégie rapide - now - votes répartis
[2025-07-07 17:48:50] Stratégie chargée: when1 - Stratégie rapide - now - votes répartis
[2025-07-07 17:48:50] Stratégie chargée: novote - Stratégie rapide - now - votes répartis
[2025-07-07 17:48:50] Total: 5 stratégies de timing chargées
[2025-07-07 17:48:50] Application de la stratégie 'end4': Stratégie conservative - 4m - votes répartis
[2025-07-07 17:48:50] Calcul timing relatif end:
[2025-07-07 17:48:50]   - Fin du challenge: 07/07/2025 19:30:00
[2025-07-07 17:48:50]   - Offset: -4m0s (240s)
[2025-07-07 17:48:50]   - Déclenchement: 07/07/2025 19:26:00
[2025-07-07 17:48:50] Vote programmé: Vote sur Rare Or Commonplace à end-4m0s
[2025-07-07 17:48:50]   - Challenge: Rare Or Commonplace
[2025-07-07 17:48:50]   - Heure de déclenchement: 07/07/2025 19:26:00
[2025-07-07 17:48:50]   - Votes: 70
[2025-07-07 17:48:50]   - ID tâche: vote_103569_end-4m0s_20250707_174850
[2025-07-07 17:48:50] Calcul timing relatif end:
[2025-07-07 17:48:50]   - Fin du challenge: 07/07/2025 19:30:00
[2025-07-07 17:48:50]   - Offset: -3m0s (180s)
[2025-07-07 17:48:50]   - Déclenchement: 07/07/2025 19:27:00
[2025-07-07 17:48:50] Vote programmé: Vote sur Rare Or Commonplace à end-3m0s
[2025-07-07 17:48:50]   - Challenge: Rare Or Commonplace
[2025-07-07 17:48:50]   - Heure de déclenchement: 07/07/2025 19:27:00
[2025-07-07 17:48:50]   - Votes: 40
[2025-07-07 17:48:50]   - ID tâche: vote_103569_end-3m0s_20250707_174850
[2025-07-07 17:48:50] Calcul timing relatif end:
[2025-07-07 17:48:50]   - Fin du challenge: 07/07/2025 19:30:00
[2025-07-07 17:48:50]   - Offset: -2m0s (120s)
[2025-07-07 17:48:50]   - Déclenchement: 07/07/2025 19:28:00
[2025-07-07 17:48:50] Vote programmé: Vote sur Rare Or Commonplace à end-2m0s
[2025-07-07 17:48:50]   - Challenge: Rare Or Commonplace
[2025-07-07 17:48:50]   - Heure de déclenchement: 07/07/2025 19:28:00
[2025-07-07 17:48:50]   - Votes: 40
[2025-07-07 17:48:50]   - ID tâche: vote_103569_end-2m0s_20250707_174850
[2025-07-07 17:48:50] Calcul timing relatif end:
[2025-07-07 17:48:50]   - Fin du challenge: 07/07/2025 19:30:00
[2025-07-07 17:48:50]   - Offset: -1m0s (60s)
[2025-07-07 17:48:50]   - Déclenchement: 07/07/2025 19:29:00
[2025-07-07 17:48:50] Vote programmé: Vote sur Rare Or Commonplace à end-1m0s
[2025-07-07 17:48:50]   - Challenge: Rare Or Commonplace
[2025-07-07 17:48:50]   - Heure de déclenchement: 07/07/2025 19:29:00
[2025-07-07 17:48:50]   - Votes: 40
[2025-07-07 17:48:50]   - ID tâche: vote_103569_end-1m0s_20250707_174850
[2025-07-07 17:48:50] Calcul timing relatif end:
[2025-07-07 17:48:50]   - Fin du challenge: 07/07/2025 19:30:00
[2025-07-07 17:48:50]   - Offset: -0m30s (30s)
[2025-07-07 17:48:50]   - Déclenchement: 07/07/2025 19:29:30
[2025-07-07 17:48:50] Vote programmé: Vote sur Rare Or Commonplace à end-0m30s
[2025-07-07 17:48:50]   - Challenge: Rare Or Commonplace
[2025-07-07 17:48:50]   - Heure de déclenchement: 07/07/2025 19:29:30
[2025-07-07 17:48:50]   - Votes: 20
[2025-07-07 17:48:50]   - ID tâche: vote_103569_end-0m30s_20250707_174850
[2025-07-07 17:48:50] Stratégie programmée: 5/5 votes pour Rare Or Commonplace
[2025-07-07 17:48:50] Stratégie 'end4' appliquée avec succès à Rare Or Commonplace
[2025-07-07 17:48:50] 🔧 DEBUG: Début sauvegarde stratégie 'end4' pour challenge ID: 103569
[2025-07-07 17:48:50] 🔧 DEBUG: Strategy info à sauvegarder: {'strategy_name': 'end4', 'scheduled_at': '2025-07-07 17:48:50', 'challenge_title': 'Rare Or Commonplace', 'challenge_end_time': '07/07/2025, 19:30'}
[2025-07-07 17:48:50] 💾 Stratégie 'end4' sauvegardée pour Rare Or Commonplace
[2025-07-07 17:48:50] 🔧 DEBUG: Fichier config écrit avec succès
[2025-07-07 17:48:50] ✅ Stratégie 'end4' restaurée pour Rare Or Commonplace
[2025-07-07 17:48:50] Stratégie chargée: end4 - Stratégie conservative - 4m - votes répartis
[2025-07-07 17:48:50] Stratégie chargée: end3 - Stratégie conservative - 3m - votes répartis
[2025-07-07 17:48:50] Stratégie chargée: fill1 - Stratégie rapide - now - votes répartis
[2025-07-07 17:48:50] Stratégie chargée: when1 - Stratégie rapide - now - votes répartis
[2025-07-07 17:48:50] Stratégie chargée: novote - Stratégie rapide - now - votes répartis
[2025-07-07 17:48:50] Total: 5 stratégies de timing chargées
[2025-07-07 17:48:50] Stratégie chargée: end4 - Stratégie conservative - 4m - votes répartis
[2025-07-07 17:48:50] Stratégie chargée: end3 - Stratégie conservative - 3m - votes répartis
[2025-07-07 17:48:50] Stratégie chargée: fill1 - Stratégie rapide - now - votes répartis
[2025-07-07 17:48:50] Stratégie chargée: when1 - Stratégie rapide - now - votes répartis
[2025-07-07 17:48:50] Stratégie chargée: novote - Stratégie rapide - now - votes répartis
[2025-07-07 17:48:50] Total: 5 stratégies de timing chargées
[2025-07-07 17:48:50] Application de la stratégie 'novote': Stratégie rapide - now - votes répartis
[2025-07-07 17:48:50] Vote programmé: Vote sur Furniture à now
[2025-07-07 17:48:50] Exécution du vote programmé: vote_103593_now_20250707_174850
[2025-07-07 17:48:50]   - Challenge: Furniture
[2025-07-07 17:48:50] Challenge: Furniture, Votes: -1
[2025-07-07 17:48:50]   - Heure de déclenchement: 07/07/2025 17:48:50
[2025-07-07 17:48:50] 🔍 Job terminé: vote_103593_now_20250707_174850 - Jobs restants pour challenge 103593: 0
[2025-07-07 17:48:50]   - Votes: -1
[2025-07-07 17:48:50] 🧹 Nettoyage automatique: stratégie terminée pour challenge 103593
[2025-07-07 17:48:50]   - ID tâche: vote_103593_now_20250707_174850
[2025-07-07 17:48:50] Stratégie programmée: 1/1 votes pour Furniture
[2025-07-07 17:48:50] 🗑️ Stratégie supprimée de la config: novote
[2025-07-07 17:48:50] Stratégie 'novote' appliquée avec succès à Furniture
[2025-07-07 17:48:50] 🔧 DEBUG: Début sauvegarde stratégie 'novote' pour challenge ID: 103593
[2025-07-07 17:48:50] 🔧 DEBUG: Strategy info à sauvegarder: {'strategy_name': 'novote', 'scheduled_at': '2025-07-07 17:48:50', 'challenge_title': 'Furniture', 'challenge_end_time': '08/07/2025, 02:00'}
[2025-07-07 17:48:50] 💾 Stratégie 'novote' sauvegardée pour Furniture
[2025-07-07 17:48:50] 🔧 DEBUG: Fichier config écrit avec succès
[2025-07-07 17:48:50] ✅ Stratégie 'novote' restaurée pour Furniture
[2025-07-07 17:48:50] 🎯 2 stratégie(s) restaurée(s) avec succès
[2025-07-07 17:48:50] Furniture get vote panel
[2025-07-07 17:48:50] Processus associé: vote_103593_now_20250707_174850
[2025-07-07 17:48:50] 🎯 Colonne stratégie vidée pour Furniture
[2025-07-07 17:48:50] Récupération des données de vote pour Furniture (URL: furniture3, HEADER:{'User-Agent': 'Mozilla/5.0 (X11; Linux i686; rv:39.0) Gecko/20100101 Firefox/39.0', 'x-api-version': '8', 'x-env': 'WEB', 'X-requested-with': 'XMLHttpRequest', 'X-token': 'a1cad95a6d480c14f51dd0eba4914c8337b893c789ec6278bb440c7c9a673b162f042470c62684e6da2bd342ffea7777'})
[2025-07-07 17:48:51] Récupération réussie: 200 images pour Furniture
[2025-07-07 17:48:51] 200
[2025-07-07 17:49:00] Décompte local démarré - mise à jour toutes les 10 secondes
[2025-07-07 17:49:09] Furniture voted successfully
[2025-07-07 17:49:09] Processus supprimé pour bruno: vote_103593_now_20250707_174850 - success
[2025-07-07 17:49:09] Processus mis à jour pour bruno: vote_103593_now_20250707_174850 - success
[2025-07-07 17:49:09] Processus vote_103593_now_20250707_174850 terminé avec succès
[2025-07-07 17:49:28] Stratégie chargée: end4 - Stratégie conservative - 4m - votes répartis
[2025-07-07 17:49:28] Stratégie chargée: end3 - Stratégie conservative - 3m - votes répartis
[2025-07-07 17:49:28] Stratégie chargée: fill1 - Stratégie rapide - now - votes répartis
[2025-07-07 17:49:28] Stratégie chargée: when1 - Stratégie rapide - now - votes répartis
[2025-07-07 17:49:28] Stratégie chargée: novote - Stratégie rapide - now - votes répartis
[2025-07-07 17:49:28] Total: 5 stratégies de timing chargées
[2025-07-07 17:49:37] === Application de la stratégie 'novote' ===
[2025-07-07 17:49:37] Description: Stratégie rapide - now - votes répartis
[2025-07-07 17:49:37] 
--- Challenge: Furniture ---
[2025-07-07 17:49:37] Fin du challenge: 08/07/2025, 02:00
[2025-07-07 17:49:37] Stratégie chargée: end4 - Stratégie conservative - 4m - votes répartis
[2025-07-07 17:49:37] Stratégie chargée: end3 - Stratégie conservative - 3m - votes répartis
[2025-07-07 17:49:37] Stratégie chargée: fill1 - Stratégie rapide - now - votes répartis
[2025-07-07 17:49:37] Stratégie chargée: when1 - Stratégie rapide - now - votes répartis
[2025-07-07 17:49:37] Stratégie chargée: novote - Stratégie rapide - now - votes répartis
[2025-07-07 17:49:37] Total: 5 stratégies de timing chargées
[2025-07-07 17:49:37] Application de la stratégie 'novote': Stratégie rapide - now - votes répartis
[2025-07-07 17:49:37] Vote programmé: Vote sur Furniture à now
[2025-07-07 17:49:37] Exécution du vote programmé: vote_103593_now_20250707_174937
[2025-07-07 17:49:37]   - Challenge: Furniture
[2025-07-07 17:49:37] Challenge: Furniture, Votes: -1
[2025-07-07 17:49:37]   - Heure de déclenchement: 07/07/2025 17:49:37
[2025-07-07 17:49:37] 🔍 Job terminé: vote_103593_now_20250707_174937 - Jobs restants pour challenge 103593: 0
[2025-07-07 17:49:37]   - Votes: -1
[2025-07-07 17:49:37] 🧹 Nettoyage automatique: stratégie terminée pour challenge 103593
[2025-07-07 17:49:37]   - ID tâche: vote_103593_now_20250707_174937
[2025-07-07 17:49:37] Stratégie programmée: 1/1 votes pour Furniture
[2025-07-07 17:49:37] 🗑️ Stratégie supprimée de la config: novote
[2025-07-07 17:49:37] Stratégie 'novote' appliquée avec succès à Furniture
[2025-07-07 17:49:37] 🔧 DEBUG: Début sauvegarde stratégie 'novote' pour challenge ID: 103593
[2025-07-07 17:49:37] 🔧 DEBUG: Strategy info à sauvegarder: {'strategy_name': 'novote', 'scheduled_at': '2025-07-07 17:49:37', 'challenge_title': 'Furniture', 'challenge_end_time': '08/07/2025, 02:00'}
[2025-07-07 17:49:37] 💾 Stratégie 'novote' sauvegardée pour Furniture
[2025-07-07 17:49:37] 🔧 DEBUG: Fichier config écrit avec succès
[2025-07-07 17:49:37] Application de la stratégie 'novote' pour les challenges sélectionnés:
✅ Furniture - Stratégie programmée
   • -1 votes à 17:49:37 (now)

[2025-07-07 17:49:37] Tâches programmées:
[2025-07-07 17:49:37]   - Mise à jour du décompte local (ID: countdown_refresh) - Prochaine exécution: 2025-07-07 17:49:40
[2025-07-07 17:49:37]   - Vérification des processus bloqués (ID: check_stalled_processes) - Prochaine exécution: 2025-07-07 17:49:48
[2025-07-07 17:49:37]   - Nettoyage des stratégies terminées (ID: cleanup_strategies) - Prochaine exécution: 2025-07-07 17:50:48
[2025-07-07 17:49:37]   - Suppression des challenges fermés (ID: purge_closed_challenges) - Prochaine exécution: 2025-07-07 17:53:48
[2025-07-07 17:49:37]   - Synchronisation avec le serveur (ID: server_sync) - Prochaine exécution: 2025-07-07 17:53:48
[2025-07-07 17:49:37]   - Vote sur Rare Or Commonplace à end-4m0s (ID: vote_103569_end-4m0s_20250707_174850) - Prochaine exécution: 2025-07-07 19:26:00
[2025-07-07 17:49:37]   - Vote sur Rare Or Commonplace à end-3m0s (ID: vote_103569_end-3m0s_20250707_174850) - Prochaine exécution: 2025-07-07 19:27:00
[2025-07-07 17:49:37]   - Vote sur Rare Or Commonplace à end-2m0s (ID: vote_103569_end-2m0s_20250707_174850) - Prochaine exécution: 2025-07-07 19:28:00
[2025-07-07 17:49:37]   - Vote sur Rare Or Commonplace à end-1m0s (ID: vote_103569_end-1m0s_20250707_174850) - Prochaine exécution: 2025-07-07 19:29:00
[2025-07-07 17:49:37]   - Vote sur Rare Or Commonplace à end-0m30s (ID: vote_103569_end-0m30s_20250707_174850) - Prochaine exécution: 2025-07-07 19:29:30
[2025-07-07 17:49:37] Furniture get vote panel
[2025-07-07 17:49:37] Processus associé: vote_103593_now_20250707_174937
[2025-07-07 17:49:37] 🎯 Colonne stratégie vidée pour Furniture
[2025-07-07 17:49:37] Récupération des données de vote pour Furniture (URL: furniture3, HEADER:{'User-Agent': 'Mozilla/5.0 (X11; Linux i686; rv:39.0) Gecko/20100101 Firefox/39.0', 'x-api-version': '8', 'x-env': 'WEB', 'X-requested-with': 'XMLHttpRequest', 'X-token': 'a1cad95a6d480c14f51dd0eba4914c8337b893c789ec6278bb440c7c9a673b162f042470c62684e6da2bd342ffea7777'})
[2025-07-07 17:49:37] Récupération réussie: 200 images pour Furniture
[2025-07-07 17:49:37] 200
[2025-07-07 17:49:55] Furniture voted successfully
[2025-07-07 17:49:55] Processus supprimé pour bruno: vote_103593_now_20250707_174937 - success
[2025-07-07 17:49:55] Processus mis à jour pour bruno: vote_103593_now_20250707_174937 - success
[2025-07-07 17:49:55] Processus vote_103593_now_20250707_174937 terminé avec succès
[2025-07-07 17:50:12] Stratégie chargée: end4 - Stratégie conservative - 4m - votes répartis
[2025-07-07 17:50:12] Stratégie chargée: end3 - Stratégie conservative - 3m - votes répartis
[2025-07-07 17:50:12] Stratégie chargée: fill1 - Stratégie rapide - now - votes répartis
[2025-07-07 17:50:12] Stratégie chargée: when1 - Stratégie rapide - now - votes répartis
[2025-07-07 17:50:12] Stratégie chargée: novote - Stratégie rapide - now - votes répartis
[2025-07-07 17:50:12] Total: 5 stratégies de timing chargées
[2025-07-07 17:50:48] 🧹 Nettoyage différé: stratégie 'novote' terminée pour Furniture
[2025-07-07 17:50:48] 🗑️ Stratégie supprimée de la config: novote
[2025-07-07 17:50:48] 🧹 Nettoyage périodique terminé: 1 stratégie(s) supprimée(s)
[2025-07-07 17:50:48] 🎯 Colonne stratégie vidée pour Furniture
[2025-07-07 17:51:04] === Application de la stratégie 'novote' ===
[2025-07-07 17:51:04] Description: Stratégie rapide - now - votes répartis
[2025-07-07 17:51:04] 
--- Challenge: Furniture ---
[2025-07-07 17:51:04] Fin du challenge: 08/07/2025, 02:00
[2025-07-07 17:51:04] Stratégie chargée: end4 - Stratégie conservative - 4m - votes répartis
[2025-07-07 17:51:04] Stratégie chargée: end3 - Stratégie conservative - 3m - votes répartis
[2025-07-07 17:51:04] Stratégie chargée: fill1 - Stratégie rapide - now - votes répartis
[2025-07-07 17:51:04] Stratégie chargée: when1 - Stratégie rapide - now - votes répartis
[2025-07-07 17:51:04] Stratégie chargée: novote - Stratégie rapide - now - votes répartis
[2025-07-07 17:51:04] Total: 5 stratégies de timing chargées
[2025-07-07 17:51:04] Application de la stratégie 'novote': Stratégie rapide - now - votes répartis
[2025-07-07 17:51:04] Vote programmé: Vote sur Furniture à now
[2025-07-07 17:51:04] Exécution du vote programmé: vote_103593_now_20250707_175104
[2025-07-07 17:51:04]   - Challenge: Furniture
[2025-07-07 17:51:04] Challenge: Furniture, Votes: -1
[2025-07-07 17:51:04]   - Heure de déclenchement: 07/07/2025 17:51:04
[2025-07-07 17:51:04] 🔍 Job terminé: vote_103593_now_20250707_175104 - Jobs restants pour challenge 103593: 0
[2025-07-07 17:51:04]   - Votes: -1
[2025-07-07 17:51:04] 🧹 Nettoyage automatique: stratégie terminée pour challenge 103593
[2025-07-07 17:51:04]   - ID tâche: vote_103593_now_20250707_175104
[2025-07-07 17:51:04] Stratégie programmée: 1/1 votes pour Furniture
[2025-07-07 17:51:04] Stratégie 'novote' appliquée avec succès à Furniture
[2025-07-07 17:51:04] 🔧 DEBUG: Début sauvegarde stratégie 'novote' pour challenge ID: 103593
[2025-07-07 17:51:04] 🔧 DEBUG: Strategy info à sauvegarder: {'strategy_name': 'novote', 'scheduled_at': '2025-07-07 17:51:04', 'challenge_title': 'Furniture', 'challenge_end_time': '08/07/2025, 02:00'}
[2025-07-07 17:51:04] 💾 Stratégie 'novote' sauvegardée pour Furniture
[2025-07-07 17:51:04] 🔧 DEBUG: Fichier config écrit avec succès
[2025-07-07 17:51:04] Application de la stratégie 'novote' pour les challenges sélectionnés:
✅ Furniture - Stratégie programmée
   • -1 votes à 17:51:04 (now)

[2025-07-07 17:51:04] Tâches programmées:
[2025-07-07 17:51:04]   - Mise à jour du décompte local (ID: countdown_refresh) - Prochaine exécution: 2025-07-07 17:51:10
[2025-07-07 17:51:04]   - Vérification des processus bloqués (ID: check_stalled_processes) - Prochaine exécution: 2025-07-07 17:51:48
[2025-07-07 17:51:04]   - Nettoyage des stratégies terminées (ID: cleanup_strategies) - Prochaine exécution: 2025-07-07 17:52:48
[2025-07-07 17:51:04]   - Suppression des challenges fermés (ID: purge_closed_challenges) - Prochaine exécution: 2025-07-07 17:53:48
[2025-07-07 17:51:04]   - Synchronisation avec le serveur (ID: server_sync) - Prochaine exécution: 2025-07-07 17:53:48
[2025-07-07 17:51:04]   - Vote sur Rare Or Commonplace à end-4m0s (ID: vote_103569_end-4m0s_20250707_174850) - Prochaine exécution: 2025-07-07 19:26:00
[2025-07-07 17:51:04]   - Vote sur Rare Or Commonplace à end-3m0s (ID: vote_103569_end-3m0s_20250707_174850) - Prochaine exécution: 2025-07-07 19:27:00
[2025-07-07 17:51:04]   - Vote sur Rare Or Commonplace à end-2m0s (ID: vote_103569_end-2m0s_20250707_174850) - Prochaine exécution: 2025-07-07 19:28:00
[2025-07-07 17:51:04]   - Vote sur Rare Or Commonplace à end-1m0s (ID: vote_103569_end-1m0s_20250707_174850) - Prochaine exécution: 2025-07-07 19:29:00
[2025-07-07 17:51:04]   - Vote sur Rare Or Commonplace à end-0m30s (ID: vote_103569_end-0m30s_20250707_174850) - Prochaine exécution: 2025-07-07 19:29:30
[2025-07-07 17:51:04] Furniture get vote panel
[2025-07-07 17:51:04] Processus associé: vote_103593_now_20250707_175104
[2025-07-07 17:51:04] 🎯 Colonne stratégie vidée pour Furniture
[2025-07-07 17:51:05] Récupération des données de vote pour Furniture (URL: furniture3, HEADER:{'User-Agent': 'Mozilla/5.0 (X11; Linux i686; rv:39.0) Gecko/20100101 Firefox/39.0', 'x-api-version': '8', 'x-env': 'WEB', 'X-requested-with': 'XMLHttpRequest', 'X-token': 'a1cad95a6d480c14f51dd0eba4914c8337b893c789ec6278bb440c7c9a673b162f042470c62684e6da2bd342ffea7777'})
[2025-07-07 17:51:05] Récupération réussie: 200 images pour Furniture
[2025-07-07 17:51:05] 200
[2025-07-07 17:51:25] Furniture voted successfully
[2025-07-07 17:51:25] Processus supprimé pour bruno: vote_103593_now_20250707_175104 - success
[2025-07-07 17:51:25] Processus mis à jour pour bruno: vote_103593_now_20250707_175104 - success
[2025-07-07 17:51:25] Processus vote_103593_now_20250707_175104 terminé avec succès
[2025-07-07 17:52:48] 🧹 Nettoyage différé: stratégie 'novote' terminée pour Furniture
[2025-07-07 17:52:48] 🗑️ Stratégie supprimée de la config: novote
[2025-07-07 17:52:48] 🎯 Colonne stratégie vidée pour Furniture
[2025-07-07 17:52:48] 🧹 Nettoyage périodique terminé: 1 stratégie(s) supprimée(s)
[2025-07-07 17:53:48] Resynchronisation avec le serveur...
[2025-07-07 17:53:48] Fetching challenges...
[2025-07-07 17:58:48] Resynchronisation avec le serveur...
[2025-07-07 17:58:48] Fetching challenges...
[2025-07-07 18:01:20] Fetching challenges...
[2025-07-07 18:01:20] Fetch initial des challenges pour initialiser le décompte...
[2025-07-07 18:01:20] Fetching challenges...
[2025-07-07 18:01:20] Décompte programmé à 18:02:00
[2025-07-07 18:01:20] APScheduler démarré avec succès
[2025-07-07 18:01:21] Lancement automatique des stratégies de fin pour 3 nouveaux challenges...
[2025-07-07 18:01:21] Nouveau challenge détecté pour bruno: Screen Stars - Epic Mountains
[2025-07-07 18:01:21] Nouveau challenge détecté pour bruno: Rare Or Commonplace
[2025-07-07 18:01:21] Nouveau challenge détecté pour bruno: Furniture
[2025-07-07 18:01:22] 🔧 DEBUG: 3 challenges disponibles pour restauration
[2025-07-07 18:01:22] 🔄 Restauration des stratégies programmées...
[2025-07-07 18:01:22] Stratégie chargée: alain - Stratégie conservative - 4m - votes répartis
[2025-07-07 18:01:22] Stratégie chargée: end4 - Stratégie conservative - 4m - votes répartis
[2025-07-07 18:01:22] Stratégie chargée: end3 - Stratégie conservative - 3m - votes répartis
[2025-07-07 18:01:22] Stratégie chargée: fill1 - Stratégie rapide - now - votes répartis
[2025-07-07 18:01:22] Stratégie chargée: when1 - Stratégie rapide - now - votes répartis
[2025-07-07 18:01:22] Stratégie chargée: novote - Stratégie rapide - now - votes répartis
[2025-07-07 18:01:22] Total: 6 stratégies de timing chargées
[2025-07-07 18:01:22] Stratégie chargée: alain - Stratégie conservative - 4m - votes répartis
[2025-07-07 18:01:22] Stratégie chargée: end4 - Stratégie conservative - 4m - votes répartis
[2025-07-07 18:01:22] Stratégie chargée: end3 - Stratégie conservative - 3m - votes répartis
[2025-07-07 18:01:22] Stratégie chargée: fill1 - Stratégie rapide - now - votes répartis
[2025-07-07 18:01:22] Stratégie chargée: when1 - Stratégie rapide - now - votes répartis
[2025-07-07 18:01:22] Stratégie chargée: novote - Stratégie rapide - now - votes répartis
[2025-07-07 18:01:22] Total: 6 stratégies de timing chargées
[2025-07-07 18:01:22] Application de la stratégie 'end4': Stratégie conservative - 4m - votes répartis
[2025-07-07 18:01:22] Calcul timing relatif end:
[2025-07-07 18:01:22]   - Fin du challenge: 07/07/2025 19:30:00
[2025-07-07 18:01:22]   - Offset: -4m0s (240s)
[2025-07-07 18:01:22]   - Déclenchement: 07/07/2025 19:26:00
[2025-07-07 18:01:22] Vote programmé: Vote sur Rare Or Commonplace à end-4m0s
[2025-07-07 18:01:22]   - Challenge: Rare Or Commonplace
[2025-07-07 18:01:22]   - Heure de déclenchement: 07/07/2025 19:26:00
[2025-07-07 18:01:22]   - Votes: 70
[2025-07-07 18:01:22]   - ID tâche: vote_103569_end-4m0s_20250707_180122
[2025-07-07 18:01:22] Calcul timing relatif end:
[2025-07-07 18:01:22]   - Fin du challenge: 07/07/2025 19:30:00
[2025-07-07 18:01:22]   - Offset: -3m0s (180s)
[2025-07-07 18:01:22]   - Déclenchement: 07/07/2025 19:27:00
[2025-07-07 18:01:22] Vote programmé: Vote sur Rare Or Commonplace à end-3m0s
[2025-07-07 18:01:22]   - Challenge: Rare Or Commonplace
[2025-07-07 18:01:22]   - Heure de déclenchement: 07/07/2025 19:27:00
[2025-07-07 18:01:22]   - Votes: 40
[2025-07-07 18:01:22]   - ID tâche: vote_103569_end-3m0s_20250707_180122
[2025-07-07 18:01:22] Calcul timing relatif end:
[2025-07-07 18:01:22]   - Fin du challenge: 07/07/2025 19:30:00
[2025-07-07 18:01:22]   - Offset: -2m0s (120s)
[2025-07-07 18:01:22]   - Déclenchement: 07/07/2025 19:28:00
[2025-07-07 18:01:22] Vote programmé: Vote sur Rare Or Commonplace à end-2m0s
[2025-07-07 18:01:22]   - Challenge: Rare Or Commonplace
[2025-07-07 18:01:22]   - Heure de déclenchement: 07/07/2025 19:28:00
[2025-07-07 18:01:22]   - Votes: 40
[2025-07-07 18:01:22]   - ID tâche: vote_103569_end-2m0s_20250707_180122
[2025-07-07 18:01:22] Calcul timing relatif end:
[2025-07-07 18:01:22]   - Fin du challenge: 07/07/2025 19:30:00
[2025-07-07 18:01:22]   - Offset: -1m0s (60s)
[2025-07-07 18:01:22]   - Déclenchement: 07/07/2025 19:29:00
[2025-07-07 18:01:22] Vote programmé: Vote sur Rare Or Commonplace à end-1m0s
[2025-07-07 18:01:22]   - Challenge: Rare Or Commonplace
[2025-07-07 18:01:22]   - Heure de déclenchement: 07/07/2025 19:29:00
[2025-07-07 18:01:22]   - Votes: 40
[2025-07-07 18:01:22]   - ID tâche: vote_103569_end-1m0s_20250707_180122
[2025-07-07 18:01:22] Calcul timing relatif end:
[2025-07-07 18:01:22]   - Fin du challenge: 07/07/2025 19:30:00
[2025-07-07 18:01:22]   - Offset: -0m30s (30s)
[2025-07-07 18:01:22]   - Déclenchement: 07/07/2025 19:29:30
[2025-07-07 18:01:22] Vote programmé: Vote sur Rare Or Commonplace à end-0m30s
[2025-07-07 18:01:22]   - Challenge: Rare Or Commonplace
[2025-07-07 18:01:22]   - Heure de déclenchement: 07/07/2025 19:29:30
[2025-07-07 18:01:22]   - Votes: 20
[2025-07-07 18:01:22]   - ID tâche: vote_103569_end-0m30s_20250707_180122
[2025-07-07 18:01:22] Stratégie programmée: 5/5 votes pour Rare Or Commonplace
[2025-07-07 18:01:22] Stratégie 'end4' appliquée avec succès à Rare Or Commonplace
[2025-07-07 18:01:22] 🔧 DEBUG: Début sauvegarde stratégie 'end4' pour challenge ID: 103569
[2025-07-07 18:01:22] 🔧 DEBUG: Strategy info à sauvegarder: {'strategy_name': 'end4', 'scheduled_at': '2025-07-07 18:01:22', 'challenge_title': 'Rare Or Commonplace', 'challenge_end_time': '07/07/2025, 19:30'}
[2025-07-07 18:01:22] 💾 Stratégie 'end4' sauvegardée pour Rare Or Commonplace
[2025-07-07 18:01:22] 🔧 DEBUG: Fichier config écrit avec succès
[2025-07-07 18:01:22] ✅ Stratégie 'end4' restaurée pour Rare Or Commonplace
[2025-07-07 18:01:22] 🎯 1 stratégie(s) restaurée(s) avec succès
[2025-07-07 18:01:29]    🗑️ Job supprimé: Vote sur Rare Or Commonplace à end-4m0s (ID: vote_103569_end-4m0s_20250707_180122)
[2025-07-07 18:01:29]    🗑️ Job supprimé: Vote sur Rare Or Commonplace à end-3m0s (ID: vote_103569_end-3m0s_20250707_180122)
[2025-07-07 18:01:29]    🗑️ Job supprimé: Vote sur Rare Or Commonplace à end-2m0s (ID: vote_103569_end-2m0s_20250707_180122)
[2025-07-07 18:01:29]    🗑️ Job supprimé: Vote sur Rare Or Commonplace à end-1m0s (ID: vote_103569_end-1m0s_20250707_180122)
[2025-07-07 18:01:29]    🗑️ Job supprimé: Vote sur Rare Or Commonplace à end-0m30s (ID: vote_103569_end-0m30s_20250707_180122)
[2025-07-07 18:01:29] 🗑️ Stratégie supprimée de la config: end4
[2025-07-07 18:01:29] === ARRÊT DES STRATÉGIES ===
Challenges sélectionnés: 1

🛑 Challenge: Rare Or Commonplace
   ✅ 5 job(s) APScheduler supprimé(s)
   ⚪ Aucun processus legacy trouvé
   🗑️ Stratégie supprimée de la configuration

📊 RÉSUMÉ:
   • Jobs APScheduler supprimés: 5
   • Processus legacy arrêtés: Non

✅ Arrêt terminé avec succès!

[2025-07-07 18:01:36] Stratégie chargée: alain - Stratégie conservative - 4m - votes répartis
[2025-07-07 18:01:36] Stratégie chargée: end4 - Stratégie conservative - 4m - votes répartis
[2025-07-07 18:01:36] Stratégie chargée: end3 - Stratégie conservative - 3m - votes répartis
[2025-07-07 18:01:36] Stratégie chargée: fill1 - Stratégie rapide - now - votes répartis
[2025-07-07 18:01:36] Stratégie chargée: when1 - Stratégie rapide - now - votes répartis
[2025-07-07 18:01:36] Stratégie chargée: novote - Stratégie rapide - now - votes répartis
[2025-07-07 18:01:36] Total: 6 stratégies de timing chargées
[2025-07-07 18:01:42] === Application de la stratégie 'alain' ===
[2025-07-07 18:01:42] Description: Stratégie conservative - 4m - votes répartis
[2025-07-07 18:01:42] 
--- Challenge: Rare Or Commonplace ---
[2025-07-07 18:01:42] Fin du challenge: 07/07/2025, 19:30
[2025-07-07 18:01:42] Stratégie chargée: alain - Stratégie conservative - 4m - votes répartis
[2025-07-07 18:01:42] Stratégie chargée: end4 - Stratégie conservative - 4m - votes répartis
[2025-07-07 18:01:42] Stratégie chargée: end3 - Stratégie conservative - 3m - votes répartis
[2025-07-07 18:01:42] Stratégie chargée: fill1 - Stratégie rapide - now - votes répartis
[2025-07-07 18:01:42] Stratégie chargée: when1 - Stratégie rapide - now - votes répartis
[2025-07-07 18:01:42] Stratégie chargée: novote - Stratégie rapide - now - votes répartis
[2025-07-07 18:01:42] Total: 6 stratégies de timing chargées
[2025-07-07 18:01:42] Application de la stratégie 'alain': Stratégie conservative - 4m - votes répartis
[2025-07-07 18:01:42] Calcul timing relatif end:
[2025-07-07 18:01:42]   - Fin du challenge: 07/07/2025 19:30:00
[2025-07-07 18:01:42]   - Offset: -5m0s (300s)
[2025-07-07 18:01:42]   - Déclenchement: 07/07/2025 19:25:00
[2025-07-07 18:01:42] Vote programmé: Vote sur Rare Or Commonplace à end-5m0s
[2025-07-07 18:01:42]   - Challenge: Rare Or Commonplace
[2025-07-07 18:01:42]   - Heure de déclenchement: 07/07/2025 19:25:00
[2025-07-07 18:01:42]   - Votes: -1
[2025-07-07 18:01:42]   - ID tâche: vote_103569_end-5m0s_20250707_180142
[2025-07-07 18:01:42] Calcul timing relatif end:
[2025-07-07 18:01:42]   - Fin du challenge: 07/07/2025 19:30:00
[2025-07-07 18:01:42]   - Offset: -4m45s (285s)
[2025-07-07 18:01:42]   - Déclenchement: 07/07/2025 19:25:15
[2025-07-07 18:01:42] Vote programmé: Vote sur Rare Or Commonplace à end-4m45s
[2025-07-07 18:01:42]   - Challenge: Rare Or Commonplace
[2025-07-07 18:01:42]   - Heure de déclenchement: 07/07/2025 19:25:15
[2025-07-07 18:01:42]   - Votes: -1
[2025-07-07 18:01:42]   - ID tâche: vote_103569_end-4m45s_20250707_180142
[2025-07-07 18:01:42] Calcul timing relatif end:
[2025-07-07 18:01:42]   - Fin du challenge: 07/07/2025 19:30:00
[2025-07-07 18:01:42]   - Offset: -4m30s (270s)
[2025-07-07 18:01:42]   - Déclenchement: 07/07/2025 19:25:30
[2025-07-07 18:01:42] Vote programmé: Vote sur Rare Or Commonplace à end-4m30s
[2025-07-07 18:01:42]   - Challenge: Rare Or Commonplace
[2025-07-07 18:01:42]   - Heure de déclenchement: 07/07/2025 19:25:30
[2025-07-07 18:01:42]   - Votes: -1
[2025-07-07 18:01:42]   - ID tâche: vote_103569_end-4m30s_20250707_180142
[2025-07-07 18:01:42] Calcul timing relatif end:
[2025-07-07 18:01:42]   - Fin du challenge: 07/07/2025 19:30:00
[2025-07-07 18:01:42]   - Offset: -4m15s (255s)
[2025-07-07 18:01:42]   - Déclenchement: 07/07/2025 19:25:45
[2025-07-07 18:01:42] Vote programmé: Vote sur Rare Or Commonplace à end-4m15s
[2025-07-07 18:01:42]   - Challenge: Rare Or Commonplace
[2025-07-07 18:01:42]   - Heure de déclenchement: 07/07/2025 19:25:45
[2025-07-07 18:01:42]   - Votes: -1
[2025-07-07 18:01:42]   - ID tâche: vote_103569_end-4m15s_20250707_180142
[2025-07-07 18:01:42] Calcul timing relatif end:
[2025-07-07 18:01:42]   - Fin du challenge: 07/07/2025 19:30:00
[2025-07-07 18:01:42]   - Offset: -4m0s (240s)
[2025-07-07 18:01:42]   - Déclenchement: 07/07/2025 19:26:00
[2025-07-07 18:01:42] Vote programmé: Vote sur Rare Or Commonplace à end-4m0s
[2025-07-07 18:01:42]   - Challenge: Rare Or Commonplace
[2025-07-07 18:01:42]   - Heure de déclenchement: 07/07/2025 19:26:00
[2025-07-07 18:01:42]   - Votes: 70
[2025-07-07 18:01:42]   - ID tâche: vote_103569_end-4m0s_20250707_180142
[2025-07-07 18:01:42] Calcul timing relatif end:
[2025-07-07 18:01:42]   - Fin du challenge: 07/07/2025 19:30:00
[2025-07-07 18:01:42]   - Offset: -3m45s (225s)
[2025-07-07 18:01:42]   - Déclenchement: 07/07/2025 19:26:15
[2025-07-07 18:01:42] Vote programmé: Vote sur Rare Or Commonplace à end-3m45s
[2025-07-07 18:01:42]   - Challenge: Rare Or Commonplace
[2025-07-07 18:01:42]   - Heure de déclenchement: 07/07/2025 19:26:15
[2025-07-07 18:01:42]   - Votes: -1
[2025-07-07 18:01:42]   - ID tâche: vote_103569_end-3m45s_20250707_180142
[2025-07-07 18:01:42] Calcul timing relatif end:
[2025-07-07 18:01:42]   - Fin du challenge: 07/07/2025 19:30:00
[2025-07-07 18:01:42]   - Offset: -3m30s (210s)
[2025-07-07 18:01:42]   - Déclenchement: 07/07/2025 19:26:30
[2025-07-07 18:01:42] Vote programmé: Vote sur Rare Or Commonplace à end-3m30s
[2025-07-07 18:01:42]   - Challenge: Rare Or Commonplace
[2025-07-07 18:01:42]   - Heure de déclenchement: 07/07/2025 19:26:30
[2025-07-07 18:01:42]   - Votes: -1
[2025-07-07 18:01:42]   - ID tâche: vote_103569_end-3m30s_20250707_180142
[2025-07-07 18:01:42] Calcul timing relatif end:
[2025-07-07 18:01:42]   - Fin du challenge: 07/07/2025 19:30:00
[2025-07-07 18:01:42]   - Offset: -3m15s (195s)
[2025-07-07 18:01:42]   - Déclenchement: 07/07/2025 19:26:45
[2025-07-07 18:01:42] Vote programmé: Vote sur Rare Or Commonplace à end-3m15s
[2025-07-07 18:01:42]   - Challenge: Rare Or Commonplace
[2025-07-07 18:01:42]   - Heure de déclenchement: 07/07/2025 19:26:45
[2025-07-07 18:01:42]   - Votes: -1
[2025-07-07 18:01:42]   - ID tâche: vote_103569_end-3m15s_20250707_180142
[2025-07-07 18:01:42] Calcul timing relatif end:
[2025-07-07 18:01:42]   - Fin du challenge: 07/07/2025 19:30:00
[2025-07-07 18:01:42]   - Offset: -3m0s (180s)
[2025-07-07 18:01:42]   - Déclenchement: 07/07/2025 19:27:00
[2025-07-07 18:01:42] Vote programmé: Vote sur Rare Or Commonplace à end-3m0s
[2025-07-07 18:01:42]   - Challenge: Rare Or Commonplace
[2025-07-07 18:01:42]   - Heure de déclenchement: 07/07/2025 19:27:00
[2025-07-07 18:01:42]   - Votes: 40
[2025-07-07 18:01:42]   - ID tâche: vote_103569_end-3m0s_20250707_180142
[2025-07-07 18:01:42] Calcul timing relatif end:
[2025-07-07 18:01:42]   - Fin du challenge: 07/07/2025 19:30:00
[2025-07-07 18:01:42]   - Offset: -2m45s (165s)
[2025-07-07 18:01:42]   - Déclenchement: 07/07/2025 19:27:15
[2025-07-07 18:01:42] Vote programmé: Vote sur Rare Or Commonplace à end-2m45s
[2025-07-07 18:01:42]   - Challenge: Rare Or Commonplace
[2025-07-07 18:01:42]   - Heure de déclenchement: 07/07/2025 19:27:15
[2025-07-07 18:01:42]   - Votes: -1
[2025-07-07 18:01:42]   - ID tâche: vote_103569_end-2m45s_20250707_180142
[2025-07-07 18:01:42] Calcul timing relatif end:
[2025-07-07 18:01:42]   - Fin du challenge: 07/07/2025 19:30:00
[2025-07-07 18:01:42]   - Offset: -2m30s (150s)
[2025-07-07 18:01:42]   - Déclenchement: 07/07/2025 19:27:30
[2025-07-07 18:01:42] Vote programmé: Vote sur Rare Or Commonplace à end-2m30s
[2025-07-07 18:01:42]   - Challenge: Rare Or Commonplace
[2025-07-07 18:01:42]   - Heure de déclenchement: 07/07/2025 19:27:30
[2025-07-07 18:01:42]   - Votes: -1
[2025-07-07 18:01:42]   - ID tâche: vote_103569_end-2m30s_20250707_180142
[2025-07-07 18:01:42] Calcul timing relatif end:
[2025-07-07 18:01:42]   - Fin du challenge: 07/07/2025 19:30:00
[2025-07-07 18:01:42]   - Offset: -2m15s (135s)
[2025-07-07 18:01:42]   - Déclenchement: 07/07/2025 19:27:45
[2025-07-07 18:01:42] Vote programmé: Vote sur Rare Or Commonplace à end-2m15s
[2025-07-07 18:01:42]   - Challenge: Rare Or Commonplace
[2025-07-07 18:01:42]   - Heure de déclenchement: 07/07/2025 19:27:45
[2025-07-07 18:01:42]   - Votes: -1
[2025-07-07 18:01:42]   - ID tâche: vote_103569_end-2m15s_20250707_180142
[2025-07-07 18:01:42] Calcul timing relatif end:
[2025-07-07 18:01:42]   - Fin du challenge: 07/07/2025 19:30:00
[2025-07-07 18:01:42]   - Offset: -1m0s (60s)
[2025-07-07 18:01:42]   - Déclenchement: 07/07/2025 19:29:00
[2025-07-07 18:01:42] Vote programmé: Vote sur Rare Or Commonplace à end-1m0s
[2025-07-07 18:01:42]   - Challenge: Rare Or Commonplace
[2025-07-07 18:01:42]   - Heure de déclenchement: 07/07/2025 19:29:00
[2025-07-07 18:01:42]   - Votes: 40
[2025-07-07 18:01:42]   - ID tâche: vote_103569_end-1m0s_20250707_180142
[2025-07-07 18:01:42] Calcul timing relatif end:
[2025-07-07 18:01:42]   - Fin du challenge: 07/07/2025 19:30:00
[2025-07-07 18:01:42]   - Offset: -0m45s (45s)
[2025-07-07 18:01:42]   - Déclenchement: 07/07/2025 19:29:15
[2025-07-07 18:01:42] Vote programmé: Vote sur Rare Or Commonplace à end-0m45s
[2025-07-07 18:01:42]   - Challenge: Rare Or Commonplace
[2025-07-07 18:01:42]   - Heure de déclenchement: 07/07/2025 19:29:15
[2025-07-07 18:01:42]   - Votes: -1
[2025-07-07 18:01:42]   - ID tâche: vote_103569_end-0m45s_20250707_180142
[2025-07-07 18:01:42] Calcul timing relatif end:
[2025-07-07 18:01:42]   - Fin du challenge: 07/07/2025 19:30:00
[2025-07-07 18:01:42]   - Offset: -0m30s (30s)
[2025-07-07 18:01:42]   - Déclenchement: 07/07/2025 19:29:30
[2025-07-07 18:01:42] Vote programmé: Vote sur Rare Or Commonplace à end-0m30s
[2025-07-07 18:01:42]   - Challenge: Rare Or Commonplace
[2025-07-07 18:01:42]   - Heure de déclenchement: 07/07/2025 19:29:30
[2025-07-07 18:01:42]   - Votes: 20
[2025-07-07 18:01:42]   - ID tâche: vote_103569_end-0m30s_20250707_180142
[2025-07-07 18:01:42] Calcul timing relatif end:
[2025-07-07 18:01:42]   - Fin du challenge: 07/07/2025 19:30:00
[2025-07-07 18:01:42]   - Offset: -0m15s (15s)
[2025-07-07 18:01:42]   - Déclenchement: 07/07/2025 19:29:45
[2025-07-07 18:01:42] Vote programmé: Vote sur Rare Or Commonplace à end-0m15s
[2025-07-07 18:01:42]   - Challenge: Rare Or Commonplace
[2025-07-07 18:01:42]   - Heure de déclenchement: 07/07/2025 19:29:45
[2025-07-07 18:01:42]   - Votes: -1
[2025-07-07 18:01:42]   - ID tâche: vote_103569_end-0m15s_20250707_180142
[2025-07-07 18:01:42] Stratégie programmée: 16/16 votes pour Rare Or Commonplace
[2025-07-07 18:01:42] Stratégie 'alain' appliquée avec succès à Rare Or Commonplace
[2025-07-07 18:01:42] 🔧 DEBUG: Début sauvegarde stratégie 'alain' pour challenge ID: 103569
[2025-07-07 18:01:42] 🔧 DEBUG: Section scheduled_strategies créée
[2025-07-07 18:01:42] 🔧 DEBUG: Strategy info à sauvegarder: {'strategy_name': 'alain', 'scheduled_at': '2025-07-07 18:01:42', 'challenge_title': 'Rare Or Commonplace', 'challenge_end_time': '07/07/2025, 19:30'}
[2025-07-07 18:01:42] 💾 Stratégie 'alain' sauvegardée pour Rare Or Commonplace
[2025-07-07 18:01:42] 🔧 DEBUG: Fichier config écrit avec succès
[2025-07-07 18:01:42] Calcul timing relatif end:
[2025-07-07 18:01:42]   - Fin du challenge: 07/07/2025 19:30:00
[2025-07-07 18:01:42]   - Offset: -5m0s (300s)
[2025-07-07 18:01:42]   - Déclenchement: 07/07/2025 19:25:00
[2025-07-07 18:01:42] Calcul timing relatif end:
[2025-07-07 18:01:42]   - Fin du challenge: 07/07/2025 19:30:00
[2025-07-07 18:01:42]   - Offset: -4m45s (285s)
[2025-07-07 18:01:42]   - Déclenchement: 07/07/2025 19:25:15
[2025-07-07 18:01:42] Calcul timing relatif end:
[2025-07-07 18:01:42]   - Fin du challenge: 07/07/2025 19:30:00
[2025-07-07 18:01:42]   - Offset: -4m30s (270s)
[2025-07-07 18:01:42]   - Déclenchement: 07/07/2025 19:25:30
[2025-07-07 18:01:42] Calcul timing relatif end:
[2025-07-07 18:01:42]   - Fin du challenge: 07/07/2025 19:30:00
[2025-07-07 18:01:42]   - Offset: -4m15s (255s)
[2025-07-07 18:01:42]   - Déclenchement: 07/07/2025 19:25:45
[2025-07-07 18:01:42] Calcul timing relatif end:
[2025-07-07 18:01:42]   - Fin du challenge: 07/07/2025 19:30:00
[2025-07-07 18:01:42]   - Offset: -4m0s (240s)
[2025-07-07 18:01:42]   - Déclenchement: 07/07/2025 19:26:00
[2025-07-07 18:01:42] Calcul timing relatif end:
[2025-07-07 18:01:42]   - Fin du challenge: 07/07/2025 19:30:00
[2025-07-07 18:01:42]   - Offset: -3m45s (225s)
[2025-07-07 18:01:42]   - Déclenchement: 07/07/2025 19:26:15
[2025-07-07 18:01:42] Calcul timing relatif end:
[2025-07-07 18:01:42]   - Fin du challenge: 07/07/2025 19:30:00
[2025-07-07 18:01:42]   - Offset: -3m30s (210s)
[2025-07-07 18:01:42]   - Déclenchement: 07/07/2025 19:26:30
[2025-07-07 18:01:42] Calcul timing relatif end:
[2025-07-07 18:01:42]   - Fin du challenge: 07/07/2025 19:30:00
[2025-07-07 18:01:42]   - Offset: -3m15s (195s)
[2025-07-07 18:01:42]   - Déclenchement: 07/07/2025 19:26:45
[2025-07-07 18:01:42] Calcul timing relatif end:
[2025-07-07 18:01:42]   - Fin du challenge: 07/07/2025 19:30:00
[2025-07-07 18:01:42]   - Offset: -3m0s (180s)
[2025-07-07 18:01:42]   - Déclenchement: 07/07/2025 19:27:00
[2025-07-07 18:01:42] Calcul timing relatif end:
[2025-07-07 18:01:42]   - Fin du challenge: 07/07/2025 19:30:00
[2025-07-07 18:01:42]   - Offset: -2m45s (165s)
[2025-07-07 18:01:42]   - Déclenchement: 07/07/2025 19:27:15
[2025-07-07 18:01:42] Calcul timing relatif end:
[2025-07-07 18:01:42]   - Fin du challenge: 07/07/2025 19:30:00
[2025-07-07 18:01:42]   - Offset: -2m30s (150s)
[2025-07-07 18:01:42]   - Déclenchement: 07/07/2025 19:27:30
[2025-07-07 18:01:42] Calcul timing relatif end:
[2025-07-07 18:01:42]   - Fin du challenge: 07/07/2025 19:30:00
[2025-07-07 18:01:42]   - Offset: -2m15s (135s)
[2025-07-07 18:01:42]   - Déclenchement: 07/07/2025 19:27:45
[2025-07-07 18:01:42] Calcul timing relatif end:
[2025-07-07 18:01:42]   - Fin du challenge: 07/07/2025 19:30:00
[2025-07-07 18:01:42]   - Offset: -1m0s (60s)
[2025-07-07 18:01:42]   - Déclenchement: 07/07/2025 19:29:00
[2025-07-07 18:01:42] Calcul timing relatif end:
[2025-07-07 18:01:42]   - Fin du challenge: 07/07/2025 19:30:00
[2025-07-07 18:01:42]   - Offset: -0m45s (45s)
[2025-07-07 18:01:42]   - Déclenchement: 07/07/2025 19:29:15
[2025-07-07 18:01:42] Calcul timing relatif end:
[2025-07-07 18:01:42]   - Fin du challenge: 07/07/2025 19:30:00
[2025-07-07 18:01:42]   - Offset: -0m30s (30s)
[2025-07-07 18:01:42]   - Déclenchement: 07/07/2025 19:29:30
[2025-07-07 18:01:42] Calcul timing relatif end:
[2025-07-07 18:01:42]   - Fin du challenge: 07/07/2025 19:30:00
[2025-07-07 18:01:42]   - Offset: -0m15s (15s)
[2025-07-07 18:01:42]   - Déclenchement: 07/07/2025 19:29:45
[2025-07-07 18:01:42] Application de la stratégie 'alain' pour les challenges sélectionnés:
✅ Rare Or Commonplace - Stratégie programmée
   • -1 votes à 19:25:00 (end-5m0s)
   • -1 votes à 19:25:15 (end-4m45s)
   • -1 votes à 19:25:30 (end-4m30s)
   • -1 votes à 19:25:45 (end-4m15s)
   • 70 votes à 19:26:00 (end-4m0s)
   • -1 votes à 19:26:15 (end-3m45s)
   • -1 votes à 19:26:30 (end-3m30s)
   • -1 votes à 19:26:45 (end-3m15s)
   • 40 votes à 19:27:00 (end-3m0s)
   • -1 votes à 19:27:15 (end-2m45s)
   • -1 votes à 19:27:30 (end-2m30s)
   • -1 votes à 19:27:45 (end-2m15s)
   • 40 votes à 19:29:00 (end-1m0s)
   • -1 votes à 19:29:15 (end-0m45s)
   • 20 votes à 19:29:30 (end-0m30s)
   • -1 votes à 19:29:45 (end-0m15s)

[2025-07-07 18:01:42] Tâches programmées:
[2025-07-07 18:01:42]   - Démarrage du décompte au changement de minute (ID: initial_countdown) - Prochaine exécution: 2025-07-07 18:02:00
[2025-07-07 18:01:42]   - Vérification des processus bloqués (ID: check_stalled_processes) - Prochaine exécution: 2025-07-07 18:02:20
[2025-07-07 18:01:42]   - Nettoyage des stratégies terminées (ID: cleanup_strategies) - Prochaine exécution: 2025-07-07 18:03:20
[2025-07-07 18:01:42]   - Suppression des challenges fermés (ID: purge_closed_challenges) - Prochaine exécution: 2025-07-07 18:06:20
[2025-07-07 18:01:42]   - Synchronisation avec le serveur (ID: server_sync) - Prochaine exécution: 2025-07-07 18:06:20
[2025-07-07 18:01:42]   - Vote sur Rare Or Commonplace à end-5m0s (ID: vote_103569_end-5m0s_20250707_180142) - Prochaine exécution: 2025-07-07 19:25:00
[2025-07-07 18:01:42]   - Vote sur Rare Or Commonplace à end-4m45s (ID: vote_103569_end-4m45s_20250707_180142) - Prochaine exécution: 2025-07-07 19:25:15
[2025-07-07 18:01:42]   - Vote sur Rare Or Commonplace à end-4m30s (ID: vote_103569_end-4m30s_20250707_180142) - Prochaine exécution: 2025-07-07 19:25:30
[2025-07-07 18:01:42]   - Vote sur Rare Or Commonplace à end-4m15s (ID: vote_103569_end-4m15s_20250707_180142) - Prochaine exécution: 2025-07-07 19:25:45
[2025-07-07 18:01:42]   - Vote sur Rare Or Commonplace à end-4m0s (ID: vote_103569_end-4m0s_20250707_180142) - Prochaine exécution: 2025-07-07 19:26:00
[2025-07-07 18:01:42]   - Vote sur Rare Or Commonplace à end-3m45s (ID: vote_103569_end-3m45s_20250707_180142) - Prochaine exécution: 2025-07-07 19:26:15
[2025-07-07 18:01:42]   - Vote sur Rare Or Commonplace à end-3m30s (ID: vote_103569_end-3m30s_20250707_180142) - Prochaine exécution: 2025-07-07 19:26:30
[2025-07-07 18:01:42]   - Vote sur Rare Or Commonplace à end-3m15s (ID: vote_103569_end-3m15s_20250707_180142) - Prochaine exécution: 2025-07-07 19:26:45
[2025-07-07 18:01:42]   - Vote sur Rare Or Commonplace à end-3m0s (ID: vote_103569_end-3m0s_20250707_180142) - Prochaine exécution: 2025-07-07 19:27:00
[2025-07-07 18:01:42]   - Vote sur Rare Or Commonplace à end-2m45s (ID: vote_103569_end-2m45s_20250707_180142) - Prochaine exécution: 2025-07-07 19:27:15
[2025-07-07 18:01:42]   - Vote sur Rare Or Commonplace à end-2m30s (ID: vote_103569_end-2m30s_20250707_180142) - Prochaine exécution: 2025-07-07 19:27:30
[2025-07-07 18:01:42]   - Vote sur Rare Or Commonplace à end-2m15s (ID: vote_103569_end-2m15s_20250707_180142) - Prochaine exécution: 2025-07-07 19:27:45
[2025-07-07 18:01:42]   - Vote sur Rare Or Commonplace à end-1m0s (ID: vote_103569_end-1m0s_20250707_180142) - Prochaine exécution: 2025-07-07 19:29:00
[2025-07-07 18:01:42]   - Vote sur Rare Or Commonplace à end-0m45s (ID: vote_103569_end-0m45s_20250707_180142) - Prochaine exécution: 2025-07-07 19:29:15
[2025-07-07 18:01:42]   - Vote sur Rare Or Commonplace à end-0m30s (ID: vote_103569_end-0m30s_20250707_180142) - Prochaine exécution: 2025-07-07 19:29:30
[2025-07-07 18:01:42]   - Vote sur Rare Or Commonplace à end-0m15s (ID: vote_103569_end-0m15s_20250707_180142) - Prochaine exécution: 2025-07-07 19:29:45
[2025-07-07 18:01:53] Stratégie chargée: alain - Stratégie conservative - 4m - votes répartis
[2025-07-07 18:01:53] Stratégie chargée: end4 - Stratégie conservative - 4m - votes répartis
[2025-07-07 18:01:53] Stratégie chargée: end3 - Stratégie conservative - 3m - votes répartis
[2025-07-07 18:01:53] Stratégie chargée: fill1 - Stratégie rapide - now - votes répartis
[2025-07-07 18:01:53] Stratégie chargée: when1 - Stratégie rapide - now - votes répartis
[2025-07-07 18:01:53] Stratégie chargée: novote - Stratégie rapide - now - votes répartis
[2025-07-07 18:01:53] Total: 6 stratégies de timing chargées
[2025-07-07 18:01:58] === Application de la stratégie 'end4' ===
[2025-07-07 18:01:58] Description: Stratégie conservative - 4m - votes répartis
[2025-07-07 18:01:58] 
--- Challenge: Screen Stars - Epic Mountains ---
[2025-07-07 18:01:58] Fin du challenge: 07/07/2025, 19:45
[2025-07-07 18:01:58] Stratégie chargée: alain - Stratégie conservative - 4m - votes répartis
[2025-07-07 18:01:58] Stratégie chargée: end4 - Stratégie conservative - 4m - votes répartis
[2025-07-07 18:01:58] Stratégie chargée: end3 - Stratégie conservative - 3m - votes répartis
[2025-07-07 18:01:58] Stratégie chargée: fill1 - Stratégie rapide - now - votes répartis
[2025-07-07 18:01:58] Stratégie chargée: when1 - Stratégie rapide - now - votes répartis
[2025-07-07 18:01:58] Stratégie chargée: novote - Stratégie rapide - now - votes répartis
[2025-07-07 18:01:58] Total: 6 stratégies de timing chargées
[2025-07-07 18:01:58] Application de la stratégie 'end4': Stratégie conservative - 4m - votes répartis
[2025-07-07 18:01:58] Calcul timing relatif end:
[2025-07-07 18:01:58]   - Fin du challenge: 07/07/2025 19:45:00
[2025-07-07 18:01:58]   - Offset: -4m0s (240s)
[2025-07-07 18:01:58]   - Déclenchement: 07/07/2025 19:41:00
[2025-07-07 18:01:58] Vote programmé: Vote sur Screen Stars - Epic Mountains à end-4m0s
[2025-07-07 18:01:58]   - Challenge: Screen Stars - Epic Mountains
[2025-07-07 18:01:58]   - Heure de déclenchement: 07/07/2025 19:41:00
[2025-07-07 18:01:58]   - Votes: 70
[2025-07-07 18:01:58]   - ID tâche: vote_104076_end-4m0s_20250707_180158
[2025-07-07 18:01:58] Calcul timing relatif end:
[2025-07-07 18:01:58]   - Fin du challenge: 07/07/2025 19:45:00
[2025-07-07 18:01:58]   - Offset: -3m0s (180s)
[2025-07-07 18:01:58]   - Déclenchement: 07/07/2025 19:42:00
[2025-07-07 18:01:58] Vote programmé: Vote sur Screen Stars - Epic Mountains à end-3m0s
[2025-07-07 18:01:58]   - Challenge: Screen Stars - Epic Mountains
[2025-07-07 18:01:58]   - Heure de déclenchement: 07/07/2025 19:42:00
[2025-07-07 18:01:58]   - Votes: 40
[2025-07-07 18:01:58]   - ID tâche: vote_104076_end-3m0s_20250707_180158
[2025-07-07 18:01:58] Calcul timing relatif end:
[2025-07-07 18:01:58]   - Fin du challenge: 07/07/2025 19:45:00
[2025-07-07 18:01:58]   - Offset: -2m0s (120s)
[2025-07-07 18:01:58]   - Déclenchement: 07/07/2025 19:43:00
[2025-07-07 18:01:58] Vote programmé: Vote sur Screen Stars - Epic Mountains à end-2m0s
[2025-07-07 18:01:58]   - Challenge: Screen Stars - Epic Mountains
[2025-07-07 18:01:58]   - Heure de déclenchement: 07/07/2025 19:43:00
[2025-07-07 18:01:58]   - Votes: 40
[2025-07-07 18:01:58]   - ID tâche: vote_104076_end-2m0s_20250707_180158
[2025-07-07 18:01:58] Calcul timing relatif end:
[2025-07-07 18:01:58]   - Fin du challenge: 07/07/2025 19:45:00
[2025-07-07 18:01:58]   - Offset: -1m0s (60s)
[2025-07-07 18:01:58]   - Déclenchement: 07/07/2025 19:44:00
[2025-07-07 18:01:58] Vote programmé: Vote sur Screen Stars - Epic Mountains à end-1m0s
[2025-07-07 18:01:58]   - Challenge: Screen Stars - Epic Mountains
[2025-07-07 18:01:58]   - Heure de déclenchement: 07/07/2025 19:44:00
[2025-07-07 18:01:58]   - Votes: 40
[2025-07-07 18:01:58]   - ID tâche: vote_104076_end-1m0s_20250707_180158
[2025-07-07 18:01:58] Calcul timing relatif end:
[2025-07-07 18:01:58]   - Fin du challenge: 07/07/2025 19:45:00
[2025-07-07 18:01:58]   - Offset: -0m30s (30s)
[2025-07-07 18:01:58]   - Déclenchement: 07/07/2025 19:44:30
[2025-07-07 18:01:58] Vote programmé: Vote sur Screen Stars - Epic Mountains à end-0m30s
[2025-07-07 18:01:58]   - Challenge: Screen Stars - Epic Mountains
[2025-07-07 18:01:58]   - Heure de déclenchement: 07/07/2025 19:44:30
[2025-07-07 18:01:58]   - Votes: 20
[2025-07-07 18:01:58]   - ID tâche: vote_104076_end-0m30s_20250707_180158
[2025-07-07 18:01:58] Stratégie programmée: 5/5 votes pour Screen Stars - Epic Mountains
[2025-07-07 18:01:58] Stratégie 'end4' appliquée avec succès à Screen Stars - Epic Mountains
[2025-07-07 18:01:58] 🔧 DEBUG: Début sauvegarde stratégie 'end4' pour challenge ID: 104076
[2025-07-07 18:01:58] 🔧 DEBUG: Strategy info à sauvegarder: {'strategy_name': 'end4', 'scheduled_at': '2025-07-07 18:01:58', 'challenge_title': 'Screen Stars - Epic Mountains', 'challenge_end_time': '07/07/2025, 19:45'}
[2025-07-07 18:01:58] 💾 Stratégie 'end4' sauvegardée pour Screen Stars - Epic Mountains
[2025-07-07 18:01:58] 🔧 DEBUG: Fichier config écrit avec succès
[2025-07-07 18:01:58] Calcul timing relatif end:
[2025-07-07 18:01:58]   - Fin du challenge: 07/07/2025 19:45:00
[2025-07-07 18:01:58]   - Offset: -4m0s (240s)
[2025-07-07 18:01:58]   - Déclenchement: 07/07/2025 19:41:00
[2025-07-07 18:01:58] Calcul timing relatif end:
[2025-07-07 18:01:58]   - Fin du challenge: 07/07/2025 19:45:00
[2025-07-07 18:01:58]   - Offset: -3m0s (180s)
[2025-07-07 18:01:58]   - Déclenchement: 07/07/2025 19:42:00
[2025-07-07 18:01:58] Calcul timing relatif end:
[2025-07-07 18:01:58]   - Fin du challenge: 07/07/2025 19:45:00
[2025-07-07 18:01:58]   - Offset: -2m0s (120s)
[2025-07-07 18:01:58]   - Déclenchement: 07/07/2025 19:43:00
[2025-07-07 18:01:58] Calcul timing relatif end:
[2025-07-07 18:01:58]   - Fin du challenge: 07/07/2025 19:45:00
[2025-07-07 18:01:58]   - Offset: -1m0s (60s)
[2025-07-07 18:01:58]   - Déclenchement: 07/07/2025 19:44:00
[2025-07-07 18:01:58] Calcul timing relatif end:
[2025-07-07 18:01:58]   - Fin du challenge: 07/07/2025 19:45:00
[2025-07-07 18:01:58]   - Offset: -0m30s (30s)
[2025-07-07 18:01:58]   - Déclenchement: 07/07/2025 19:44:30
[2025-07-07 18:01:58] Application de la stratégie 'end4' pour les challenges sélectionnés:
✅ Screen Stars - Epic Mountains - Stratégie programmée
   • 70 votes à 19:41:00 (end-4m0s)
   • 40 votes à 19:42:00 (end-3m0s)
   • 40 votes à 19:43:00 (end-2m0s)
   • 40 votes à 19:44:00 (end-1m0s)
   • 20 votes à 19:44:30 (end-0m30s)

[2025-07-07 18:01:58] Tâches programmées:
[2025-07-07 18:01:58]   - Démarrage du décompte au changement de minute (ID: initial_countdown) - Prochaine exécution: 2025-07-07 18:02:00
[2025-07-07 18:01:58]   - Vérification des processus bloqués (ID: check_stalled_processes) - Prochaine exécution: 2025-07-07 18:02:20
[2025-07-07 18:01:58]   - Nettoyage des stratégies terminées (ID: cleanup_strategies) - Prochaine exécution: 2025-07-07 18:03:20
[2025-07-07 18:01:58]   - Suppression des challenges fermés (ID: purge_closed_challenges) - Prochaine exécution: 2025-07-07 18:06:20
[2025-07-07 18:01:58]   - Synchronisation avec le serveur (ID: server_sync) - Prochaine exécution: 2025-07-07 18:06:20
[2025-07-07 18:01:58]   - Vote sur Rare Or Commonplace à end-5m0s (ID: vote_103569_end-5m0s_20250707_180142) - Prochaine exécution: 2025-07-07 19:25:00
[2025-07-07 18:01:58]   - Vote sur Rare Or Commonplace à end-4m45s (ID: vote_103569_end-4m45s_20250707_180142) - Prochaine exécution: 2025-07-07 19:25:15
[2025-07-07 18:01:58]   - Vote sur Rare Or Commonplace à end-4m30s (ID: vote_103569_end-4m30s_20250707_180142) - Prochaine exécution: 2025-07-07 19:25:30
[2025-07-07 18:01:58]   - Vote sur Rare Or Commonplace à end-4m15s (ID: vote_103569_end-4m15s_20250707_180142) - Prochaine exécution: 2025-07-07 19:25:45
[2025-07-07 18:01:58]   - Vote sur Rare Or Commonplace à end-4m0s (ID: vote_103569_end-4m0s_20250707_180142) - Prochaine exécution: 2025-07-07 19:26:00
[2025-07-07 18:01:58]   - Vote sur Rare Or Commonplace à end-3m45s (ID: vote_103569_end-3m45s_20250707_180142) - Prochaine exécution: 2025-07-07 19:26:15
[2025-07-07 18:01:58]   - Vote sur Rare Or Commonplace à end-3m30s (ID: vote_103569_end-3m30s_20250707_180142) - Prochaine exécution: 2025-07-07 19:26:30
[2025-07-07 18:01:58]   - Vote sur Rare Or Commonplace à end-3m15s (ID: vote_103569_end-3m15s_20250707_180142) - Prochaine exécution: 2025-07-07 19:26:45
[2025-07-07 18:01:58]   - Vote sur Rare Or Commonplace à end-3m0s (ID: vote_103569_end-3m0s_20250707_180142) - Prochaine exécution: 2025-07-07 19:27:00
[2025-07-07 18:01:58]   - Vote sur Rare Or Commonplace à end-2m45s (ID: vote_103569_end-2m45s_20250707_180142) - Prochaine exécution: 2025-07-07 19:27:15
[2025-07-07 18:01:58]   - Vote sur Rare Or Commonplace à end-2m30s (ID: vote_103569_end-2m30s_20250707_180142) - Prochaine exécution: 2025-07-07 19:27:30
[2025-07-07 18:01:58]   - Vote sur Rare Or Commonplace à end-2m15s (ID: vote_103569_end-2m15s_20250707_180142) - Prochaine exécution: 2025-07-07 19:27:45
[2025-07-07 18:01:58]   - Vote sur Rare Or Commonplace à end-1m0s (ID: vote_103569_end-1m0s_20250707_180142) - Prochaine exécution: 2025-07-07 19:29:00
[2025-07-07 18:01:58]   - Vote sur Rare Or Commonplace à end-0m45s (ID: vote_103569_end-0m45s_20250707_180142) - Prochaine exécution: 2025-07-07 19:29:15
[2025-07-07 18:01:58]   - Vote sur Rare Or Commonplace à end-0m30s (ID: vote_103569_end-0m30s_20250707_180142) - Prochaine exécution: 2025-07-07 19:29:30
[2025-07-07 18:01:58]   - Vote sur Rare Or Commonplace à end-0m15s (ID: vote_103569_end-0m15s_20250707_180142) - Prochaine exécution: 2025-07-07 19:29:45
[2025-07-07 18:01:58]   - Vote sur Screen Stars - Epic Mountains à end-4m0s (ID: vote_104076_end-4m0s_20250707_180158) - Prochaine exécution: 2025-07-07 19:41:00
[2025-07-07 18:01:58]   - Vote sur Screen Stars - Epic Mountains à end-3m0s (ID: vote_104076_end-3m0s_20250707_180158) - Prochaine exécution: 2025-07-07 19:42:00
[2025-07-07 18:01:58]   - Vote sur Screen Stars - Epic Mountains à end-2m0s (ID: vote_104076_end-2m0s_20250707_180158) - Prochaine exécution: 2025-07-07 19:43:00
[2025-07-07 18:01:58]   - Vote sur Screen Stars - Epic Mountains à end-1m0s (ID: vote_104076_end-1m0s_20250707_180158) - Prochaine exécution: 2025-07-07 19:44:00
[2025-07-07 18:01:58]   - Vote sur Screen Stars - Epic Mountains à end-0m30s (ID: vote_104076_end-0m30s_20250707_180158) - Prochaine exécution: 2025-07-07 19:44:30
[2025-07-07 18:02:00] Décompte local démarré - mise à jour toutes les 10 secondes
[2025-07-07 18:06:20] Resynchronisation avec le serveur...
[2025-07-07 18:06:20] Fetching challenges...
[2025-07-07 18:11:20] Resynchronisation avec le serveur...
[2025-07-07 18:11:20] Fetching challenges...
[2025-07-07 18:16:30] Resynchronisation avec le serveur...
[2025-07-07 18:16:30] Fetching challenges...
[2025-07-07 18:21:28] Resynchronisation avec le serveur...
[2025-07-07 18:21:28] Fetching challenges...
[2025-07-07 18:26:40] Resynchronisation avec le serveur...
[2025-07-07 18:26:40] Fetching challenges...
[2025-07-07 18:31:27] Resynchronisation avec le serveur...
[2025-07-07 18:31:27] Fetching challenges...
[2025-07-07 18:36:40] Resynchronisation avec le serveur...
[2025-07-07 18:36:40] Fetching challenges...
[2025-07-07 18:41:40] Resynchronisation avec le serveur...
[2025-07-07 18:41:40] Fetching challenges...
[2025-07-07 18:46:40] Resynchronisation avec le serveur...
[2025-07-07 18:46:40] Fetching challenges...
[2025-07-07 18:51:30] Resynchronisation avec le serveur...
[2025-07-07 18:51:30] Fetching challenges...
[2025-07-07 18:56:40] Resynchronisation avec le serveur...
[2025-07-07 18:56:40] Fetching challenges...
[2025-07-07 19:01:30] Resynchronisation avec le serveur...
[2025-07-07 19:01:30] Fetching challenges...
[2025-07-07 19:06:40] Resynchronisation avec le serveur...
[2025-07-07 19:06:40] Fetching challenges...
[2025-07-07 19:11:40] Resynchronisation avec le serveur...
[2025-07-07 19:11:40] Fetching challenges...
[2025-07-07 19:16:30] Resynchronisation avec le serveur...
[2025-07-07 19:16:30] Fetching challenges...
[2025-07-07 19:21:20] Resynchronisation avec le serveur...
[2025-07-07 19:21:20] Fetching challenges...
[2025-07-07 19:25:04] Exécution du vote programmé: vote_103569_end-5m0s_20250707_180142
[2025-07-07 19:25:04] Challenge: Rare Or Commonplace, Votes: -1
[2025-07-07 19:25:04] 🔍 Job terminé: vote_103569_end-5m0s_20250707_180142 - Jobs restants pour challenge 103569: 15
[2025-07-07 19:25:04] Rare Or Commonplace get vote panel
[2025-07-07 19:25:04] Processus associé: vote_103569_end-5m0s_20250707_180142
[2025-07-07 19:25:04] Récupération des données de vote pour Rare Or Commonplace (URL: rare-or-commonplace24, HEADER:{'User-Agent': 'Mozilla/5.0 (X11; Linux i686; rv:39.0) Gecko/20100101 Firefox/39.0', 'x-api-version': '8', 'x-env': 'WEB', 'X-requested-with': 'XMLHttpRequest', 'X-token': 'a1cad95a6d480c14f51dd0eba4914c8337b893c789ec6278bb440c7c9a673b162f042470c62684e6da2bd342ffea7777'})
[2025-07-07 19:25:05] Récupération réussie: 200 images pour Rare Or Commonplace
[2025-07-07 19:25:05] 200
[2025-07-07 19:25:25] Exécution du vote programmé: vote_103569_end-4m45s_20250707_180142
[2025-07-07 19:25:25] Challenge: Rare Or Commonplace, Votes: -1
[2025-07-07 19:25:25] 🔍 Job terminé: vote_103569_end-4m45s_20250707_180142 - Jobs restants pour challenge 103569: 14
[2025-07-07 19:25:25] Rare Or Commonplace get vote panel
[2025-07-07 19:25:25] Processus associé: vote_103569_end-4m45s_20250707_180142
[2025-07-07 19:25:25] Récupération des données de vote pour Rare Or Commonplace (URL: rare-or-commonplace24, HEADER:{'User-Agent': 'Mozilla/5.0 (X11; Linux i686; rv:39.0) Gecko/20100101 Firefox/39.0', 'x-api-version': '8', 'x-env': 'WEB', 'X-requested-with': 'XMLHttpRequest', 'X-token': 'a1cad95a6d480c14f51dd0eba4914c8337b893c789ec6278bb440c7c9a673b162f042470c62684e6da2bd342ffea7777'})
[2025-07-07 19:25:26] Récupération réussie: 200 images pour Rare Or Commonplace
[2025-07-07 19:25:26] 200
[2025-07-07 19:25:29] Rare Or Commonplace voted successfully
[2025-07-07 19:25:29] Processus supprimé pour bruno: vote_103569_end-4m45s_20250707_180142 - success
[2025-07-07 19:25:29] Processus mis à jour pour bruno: vote_103569_end-4m45s_20250707_180142 - success
[2025-07-07 19:25:29] Processus vote_103569_end-4m45s_20250707_180142 terminé avec succès
[2025-07-07 19:25:30] Exécution du vote programmé: vote_103569_end-4m30s_20250707_180142
[2025-07-07 19:25:30] Challenge: Rare Or Commonplace, Votes: -1
[2025-07-07 19:25:30] 🔍 Job terminé: vote_103569_end-4m30s_20250707_180142 - Jobs restants pour challenge 103569: 13
[2025-07-07 19:25:41] Rare Or Commonplace get vote panel
[2025-07-07 19:25:41] Processus associé: vote_103569_end-4m30s_20250707_180142
[2025-07-07 19:25:41] Récupération des données de vote pour Rare Or Commonplace (URL: rare-or-commonplace24, HEADER:{'User-Agent': 'Mozilla/5.0 (X11; Linux i686; rv:39.0) Gecko/20100101 Firefox/39.0', 'x-api-version': '8', 'x-env': 'WEB', 'X-requested-with': 'XMLHttpRequest', 'X-token': 'a1cad95a6d480c14f51dd0eba4914c8337b893c789ec6278bb440c7c9a673b162f042470c62684e6da2bd342ffea7777'})
[2025-07-07 19:25:41] Récupération réussie: 200 images pour Rare Or Commonplace
[2025-07-07 19:25:41] 200
[2025-07-07 19:25:45] Exécution du vote programmé: vote_103569_end-4m15s_20250707_180142
[2025-07-07 19:25:45] Challenge: Rare Or Commonplace, Votes: -1
[2025-07-07 19:25:45] 🔍 Job terminé: vote_103569_end-4m15s_20250707_180142 - Jobs restants pour challenge 103569: 12
[2025-07-07 19:25:45] Rare Or Commonplace get vote panel
[2025-07-07 19:25:45] Processus associé: vote_103569_end-4m15s_20250707_180142
[2025-07-07 19:25:45] Récupération des données de vote pour Rare Or Commonplace (URL: rare-or-commonplace24, HEADER:{'User-Agent': 'Mozilla/5.0 (X11; Linux i686; rv:39.0) Gecko/20100101 Firefox/39.0', 'x-api-version': '8', 'x-env': 'WEB', 'X-requested-with': 'XMLHttpRequest', 'X-token': 'a1cad95a6d480c14f51dd0eba4914c8337b893c789ec6278bb440c7c9a673b162f042470c62684e6da2bd342ffea7777'})
[2025-07-07 19:25:45] Récupération réussie: 200 images pour Rare Or Commonplace
[2025-07-07 19:25:45] 200
[2025-07-07 19:26:04] Exécution du vote programmé: vote_103569_end-4m0s_20250707_180142
[2025-07-07 19:26:04] Challenge: Rare Or Commonplace, Votes: 70
[2025-07-07 19:26:04] 🔍 Job terminé: vote_103569_end-4m0s_20250707_180142 - Jobs restants pour challenge 103569: 11
[2025-07-07 19:26:04] Rare Or Commonplace get vote panel
[2025-07-07 19:26:04] Processus associé: vote_103569_end-4m0s_20250707_180142
[2025-07-07 19:26:04] Récupération des données de vote pour Rare Or Commonplace (URL: rare-or-commonplace24, HEADER:{'User-Agent': 'Mozilla/5.0 (X11; Linux i686; rv:39.0) Gecko/20100101 Firefox/39.0', 'x-api-version': '8', 'x-env': 'WEB', 'X-requested-with': 'XMLHttpRequest', 'X-token': 'a1cad95a6d480c14f51dd0eba4914c8337b893c789ec6278bb440c7c9a673b162f042470c62684e6da2bd342ffea7777'})
[2025-07-07 19:26:04] Rare Or Commonplace voted successfully
[2025-07-07 19:26:04] Processus supprimé pour bruno: vote_103569_end-4m0s_20250707_180142 - success
[2025-07-07 19:26:04] Processus mis à jour pour bruno: vote_103569_end-4m0s_20250707_180142 - success
[2025-07-07 19:26:04] Processus vote_103569_end-4m0s_20250707_180142 terminé avec succès
[2025-07-07 19:26:07] Récupération réussie: 200 images pour Rare Or Commonplace
[2025-07-07 19:26:07] Voting fetching ...
[2025-07-07 19:26:07] Rare Or Commonplace voting 70 images
[2025-07-07 19:26:08] Rare Or Commonplace voted successfully
[2025-07-07 19:26:21] Rare Or Commonplace voted successfully
[2025-07-07 19:26:21] Exécution du vote programmé: vote_103569_end-3m45s_20250707_180142
[2025-07-07 19:26:21] Resynchronisation avec le serveur...
[2025-07-07 19:26:21] Challenge: Rare Or Commonplace, Votes: -1
[2025-07-07 19:26:21] 🔍 Job terminé: vote_103569_end-3m45s_20250707_180142 - Jobs restants pour challenge 103569: 10
[2025-07-07 19:26:23] Fetching challenges...
[2025-07-07 19:26:23] Rare Or Commonplace get vote panel
[2025-07-07 19:26:23] Processus associé: vote_103569_end-3m45s_20250707_180142
[2025-07-07 19:26:23] Récupération des données de vote pour Rare Or Commonplace (URL: rare-or-commonplace24, HEADER:{'User-Agent': 'Mozilla/5.0 (X11; Linux i686; rv:39.0) Gecko/20100101 Firefox/39.0', 'x-api-version': '8', 'x-env': 'WEB', 'X-requested-with': 'XMLHttpRequest', 'X-token': 'a1cad95a6d480c14f51dd0eba4914c8337b893c789ec6278bb440c7c9a673b162f042470c62684e6da2bd342ffea7777'})
[2025-07-07 19:26:24] Récupération réussie: 200 images pour Rare Or Commonplace
[2025-07-07 19:26:24] 200
[2025-07-07 19:26:28] Rare Or Commonplace voted successfully
[2025-07-07 19:26:28] Processus supprimé pour bruno: vote_103569_end-3m45s_20250707_180142 - success
[2025-07-07 19:26:28] Processus mis à jour pour bruno: vote_103569_end-3m45s_20250707_180142 - success
[2025-07-07 19:26:28] Processus vote_103569_end-3m45s_20250707_180142 terminé avec succès
[2025-07-07 19:26:30] Exécution du vote programmé: vote_103569_end-3m30s_20250707_180142
[2025-07-07 19:26:30] Challenge: Rare Or Commonplace, Votes: -1
[2025-07-07 19:26:30] 🔍 Job terminé: vote_103569_end-3m30s_20250707_180142 - Jobs restants pour challenge 103569: 9
[2025-07-07 19:26:35] Rare Or Commonplace get vote panel
[2025-07-07 19:26:35] Processus associé: vote_103569_end-3m30s_20250707_180142
[2025-07-07 19:26:36] Récupération des données de vote pour Rare Or Commonplace (URL: rare-or-commonplace24, HEADER:{'User-Agent': 'Mozilla/5.0 (X11; Linux i686; rv:39.0) Gecko/20100101 Firefox/39.0', 'x-api-version': '8', 'x-env': 'WEB', 'X-requested-with': 'XMLHttpRequest', 'X-token': 'a1cad95a6d480c14f51dd0eba4914c8337b893c789ec6278bb440c7c9a673b162f042470c62684e6da2bd342ffea7777'})
[2025-07-07 19:26:36] Récupération réussie: 200 images pour Rare Or Commonplace
[2025-07-07 19:26:36] 200
[2025-07-07 19:26:45] Exécution du vote programmé: vote_103569_end-3m15s_20250707_180142
[2025-07-07 19:26:45] Challenge: Rare Or Commonplace, Votes: -1
[2025-07-07 19:26:45] 🔍 Job terminé: vote_103569_end-3m15s_20250707_180142 - Jobs restants pour challenge 103569: 8
[2025-07-07 19:26:45] Rare Or Commonplace get vote panel
[2025-07-07 19:26:45] Processus associé: vote_103569_end-3m15s_20250707_180142
[2025-07-07 19:26:45] Récupération des données de vote pour Rare Or Commonplace (URL: rare-or-commonplace24, HEADER:{'User-Agent': 'Mozilla/5.0 (X11; Linux i686; rv:39.0) Gecko/20100101 Firefox/39.0', 'x-api-version': '8', 'x-env': 'WEB', 'X-requested-with': 'XMLHttpRequest', 'X-token': 'a1cad95a6d480c14f51dd0eba4914c8337b893c789ec6278bb440c7c9a673b162f042470c62684e6da2bd342ffea7777'})
[2025-07-07 19:26:45] Récupération réussie: 200 images pour Rare Or Commonplace
[2025-07-07 19:26:45] 200
[2025-07-07 19:26:58] Rare Or Commonplace voted successfully
[2025-07-07 19:26:58] Processus supprimé pour bruno: vote_103569_end-3m15s_20250707_180142 - success
[2025-07-07 19:26:58] Processus mis à jour pour bruno: vote_103569_end-3m15s_20250707_180142 - success
[2025-07-07 19:26:58] Processus vote_103569_end-3m15s_20250707_180142 terminé avec succès
[2025-07-07 19:27:00] Exécution du vote programmé: vote_103569_end-3m0s_20250707_180142
[2025-07-07 19:27:00] Challenge: Rare Or Commonplace, Votes: 40
[2025-07-07 19:27:00] 🔍 Job terminé: vote_103569_end-3m0s_20250707_180142 - Jobs restants pour challenge 103569: 7
[2025-07-07 19:27:00] Rare Or Commonplace get vote panel
[2025-07-07 19:27:00] Processus associé: vote_103569_end-3m0s_20250707_180142
[2025-07-07 19:27:01] Récupération des données de vote pour Rare Or Commonplace (URL: rare-or-commonplace24, HEADER:{'User-Agent': 'Mozilla/5.0 (X11; Linux i686; rv:39.0) Gecko/20100101 Firefox/39.0', 'x-api-version': '8', 'x-env': 'WEB', 'X-requested-with': 'XMLHttpRequest', 'X-token': 'a1cad95a6d480c14f51dd0eba4914c8337b893c789ec6278bb440c7c9a673b162f042470c62684e6da2bd342ffea7777'})
[2025-07-07 19:27:02] Récupération réussie: 200 images pour Rare Or Commonplace
[2025-07-07 19:27:02] Voting fetching ...
[2025-07-07 19:27:02] Rare Or Commonplace voting 40 images
[2025-07-07 19:27:03] Rare Or Commonplace voted successfully
[2025-07-07 19:27:03] Processus supprimé pour bruno: vote_103569_end-3m0s_20250707_180142 - success
[2025-07-07 19:27:03] Processus mis à jour pour bruno: vote_103569_end-3m0s_20250707_180142 - success
[2025-07-07 19:27:03] Processus vote_103569_end-3m0s_20250707_180142 terminé avec succès
[2025-07-07 19:27:07] Rare Or Commonplace voted successfully
[2025-07-07 19:27:15] Exécution du vote programmé: vote_103569_end-2m45s_20250707_180142
[2025-07-07 19:27:15] Challenge: Rare Or Commonplace, Votes: -1
[2025-07-07 19:27:15] 🔍 Job terminé: vote_103569_end-2m45s_20250707_180142 - Jobs restants pour challenge 103569: 6
[2025-07-07 19:27:15] Rare Or Commonplace get vote panel
[2025-07-07 19:27:15] Processus associé: vote_103569_end-2m45s_20250707_180142
[2025-07-07 19:27:15] Récupération des données de vote pour Rare Or Commonplace (URL: rare-or-commonplace24, HEADER:{'User-Agent': 'Mozilla/5.0 (X11; Linux i686; rv:39.0) Gecko/20100101 Firefox/39.0', 'x-api-version': '8', 'x-env': 'WEB', 'X-requested-with': 'XMLHttpRequest', 'X-token': 'a1cad95a6d480c14f51dd0eba4914c8337b893c789ec6278bb440c7c9a673b162f042470c62684e6da2bd342ffea7777'})
[2025-07-07 19:27:15] Récupération réussie: 200 images pour Rare Or Commonplace
[2025-07-07 19:27:15] 200
[2025-07-07 19:27:23] Rare Or Commonplace voted successfully
[2025-07-07 19:27:23] Processus supprimé pour bruno: vote_103569_end-2m45s_20250707_180142 - success
[2025-07-07 19:27:23] Processus mis à jour pour bruno: vote_103569_end-2m45s_20250707_180142 - success
[2025-07-07 19:27:23] Processus vote_103569_end-2m45s_20250707_180142 terminé avec succès
[2025-07-07 19:27:30] Exécution du vote programmé: vote_103569_end-2m30s_20250707_180142
[2025-07-07 19:27:30] Challenge: Rare Or Commonplace, Votes: -1
[2025-07-07 19:27:30] 🔍 Job terminé: vote_103569_end-2m30s_20250707_180142 - Jobs restants pour challenge 103569: 5
[2025-07-07 19:27:33] Rare Or Commonplace get vote panel
[2025-07-07 19:27:33] Processus associé: vote_103569_end-2m30s_20250707_180142
[2025-07-07 19:27:33] Récupération des données de vote pour Rare Or Commonplace (URL: rare-or-commonplace24, HEADER:{'User-Agent': 'Mozilla/5.0 (X11; Linux i686; rv:39.0) Gecko/20100101 Firefox/39.0', 'x-api-version': '8', 'x-env': 'WEB', 'X-requested-with': 'XMLHttpRequest', 'X-token': 'a1cad95a6d480c14f51dd0eba4914c8337b893c789ec6278bb440c7c9a673b162f042470c62684e6da2bd342ffea7777'})
[2025-07-07 19:27:34] Récupération réussie: 200 images pour Rare Or Commonplace
[2025-07-07 19:27:34] 200
[2025-07-07 19:27:49] Exécution du vote programmé: vote_103569_end-2m15s_20250707_180142
[2025-07-07 19:27:49] Challenge: Rare Or Commonplace, Votes: -1
[2025-07-07 19:27:49] 🔍 Job terminé: vote_103569_end-2m15s_20250707_180142 - Jobs restants pour challenge 103569: 4
[2025-07-07 19:27:49] Rare Or Commonplace get vote panel
[2025-07-07 19:27:49] Processus associé: vote_103569_end-2m15s_20250707_180142
[2025-07-07 19:27:49] Récupération des données de vote pour Rare Or Commonplace (URL: rare-or-commonplace24, HEADER:{'User-Agent': 'Mozilla/5.0 (X11; Linux i686; rv:39.0) Gecko/20100101 Firefox/39.0', 'x-api-version': '8', 'x-env': 'WEB', 'X-requested-with': 'XMLHttpRequest', 'X-token': 'a1cad95a6d480c14f51dd0eba4914c8337b893c789ec6278bb440c7c9a673b162f042470c62684e6da2bd342ffea7777'})
[2025-07-07 19:27:50] Récupération réussie: 200 images pour Rare Or Commonplace
[2025-07-07 19:27:50] 200
[2025-07-07 19:27:55] Rare Or Commonplace voted successfully
[2025-07-07 19:27:55] Processus supprimé pour bruno: vote_103569_end-2m15s_20250707_180142 - success
[2025-07-07 19:27:55] Processus mis à jour pour bruno: vote_103569_end-2m15s_20250707_180142 - success
[2025-07-07 19:27:55] Processus vote_103569_end-2m15s_20250707_180142 terminé avec succès
[2025-07-07 19:28:17] Rare Or Commonplace voted successfully
[2025-07-07 19:28:34] Rare Or Commonplace voted successfully
[2025-07-07 19:29:05] Exécution du vote programmé: vote_103569_end-1m0s_20250707_180142
[2025-07-07 19:29:05] Challenge: Rare Or Commonplace, Votes: 40
[2025-07-07 19:29:05] 🔍 Job terminé: vote_103569_end-1m0s_20250707_180142 - Jobs restants pour challenge 103569: 3
[2025-07-07 19:29:05] Rare Or Commonplace get vote panel
[2025-07-07 19:29:05] Processus associé: vote_103569_end-1m0s_20250707_180142
[2025-07-07 19:29:05] Récupération des données de vote pour Rare Or Commonplace (URL: rare-or-commonplace24, HEADER:{'User-Agent': 'Mozilla/5.0 (X11; Linux i686; rv:39.0) Gecko/20100101 Firefox/39.0', 'x-api-version': '8', 'x-env': 'WEB', 'X-requested-with': 'XMLHttpRequest', 'X-token': 'a1cad95a6d480c14f51dd0eba4914c8337b893c789ec6278bb440c7c9a673b162f042470c62684e6da2bd342ffea7777'})
[2025-07-07 19:29:06] Récupération réussie: 200 images pour Rare Or Commonplace
[2025-07-07 19:29:06] Voting fetching ...
[2025-07-07 19:29:06] Rare Or Commonplace voting 40 images
[2025-07-07 19:29:07] Rare Or Commonplace voted successfully
[2025-07-07 19:29:07] Processus supprimé pour bruno: vote_103569_end-1m0s_20250707_180142 - success
[2025-07-07 19:29:07] Processus mis à jour pour bruno: vote_103569_end-1m0s_20250707_180142 - success
[2025-07-07 19:29:07] Processus vote_103569_end-1m0s_20250707_180142 terminé avec succès
[2025-07-07 19:29:20] Exécution du vote programmé: vote_103569_end-0m45s_20250707_180142
[2025-07-07 19:29:20] Challenge: Rare Or Commonplace, Votes: -1
[2025-07-07 19:29:20] 🔍 Job terminé: vote_103569_end-0m45s_20250707_180142 - Jobs restants pour challenge 103569: 2
[2025-07-07 19:29:20] Rare Or Commonplace get vote panel
[2025-07-07 19:29:20] Processus associé: vote_103569_end-0m45s_20250707_180142
[2025-07-07 19:29:20] Récupération des données de vote pour Rare Or Commonplace (URL: rare-or-commonplace24, HEADER:{'User-Agent': 'Mozilla/5.0 (X11; Linux i686; rv:39.0) Gecko/20100101 Firefox/39.0', 'x-api-version': '8', 'x-env': 'WEB', 'X-requested-with': 'XMLHttpRequest', 'X-token': 'a1cad95a6d480c14f51dd0eba4914c8337b893c789ec6278bb440c7c9a673b162f042470c62684e6da2bd342ffea7777'})
[2025-07-07 19:29:21] Récupération réussie: 200 images pour Rare Or Commonplace
[2025-07-07 19:29:21] 200
[2025-07-07 19:29:40] Exécution du vote programmé: vote_103569_end-0m30s_20250707_180142
[2025-07-07 19:29:40] Challenge: Rare Or Commonplace, Votes: 20
[2025-07-07 19:29:40] 🔍 Job terminé: vote_103569_end-0m30s_20250707_180142 - Jobs restants pour challenge 103569: 1
[2025-07-07 19:29:40] Rare Or Commonplace get vote panel
[2025-07-07 19:29:40] Processus associé: vote_103569_end-0m30s_20250707_180142
[2025-07-07 19:29:40] Récupération des données de vote pour Rare Or Commonplace (URL: rare-or-commonplace24, HEADER:{'User-Agent': 'Mozilla/5.0 (X11; Linux i686; rv:39.0) Gecko/20100101 Firefox/39.0', 'x-api-version': '8', 'x-env': 'WEB', 'X-requested-with': 'XMLHttpRequest', 'X-token': 'a1cad95a6d480c14f51dd0eba4914c8337b893c789ec6278bb440c7c9a673b162f042470c62684e6da2bd342ffea7777'})
[2025-07-07 19:29:41] Récupération réussie: 200 images pour Rare Or Commonplace
[2025-07-07 19:29:41] Voting fetching ...
[2025-07-07 19:29:41] Rare Or Commonplace voting 20 images
[2025-07-07 19:29:41] Rare Or Commonplace voted successfully
[2025-07-07 19:29:41] Processus supprimé pour bruno: vote_103569_end-0m30s_20250707_180142 - success
[2025-07-07 19:29:41] Processus mis à jour pour bruno: vote_103569_end-0m30s_20250707_180142 - success
[2025-07-07 19:29:41] Processus vote_103569_end-0m30s_20250707_180142 terminé avec succès
[2025-07-07 19:29:50] Exécution du vote programmé: vote_103569_end-0m15s_20250707_180142
[2025-07-07 19:29:50] Challenge: Rare Or Commonplace, Votes: -1
[2025-07-07 19:29:50] 🔍 Job terminé: vote_103569_end-0m15s_20250707_180142 - Jobs restants pour challenge 103569: 0
[2025-07-07 19:29:50] 🧹 Nettoyage automatique: stratégie terminée pour challenge 103569
[2025-07-07 19:29:50] 🗑️ Stratégie supprimée de la config: alain
[2025-07-07 19:29:53] Rare Or Commonplace get vote panel
[2025-07-07 19:29:53] Processus associé: vote_103569_end-0m15s_20250707_180142
[2025-07-07 19:29:53] 🎯 Colonne stratégie vidée pour Rare Or Commonplace
[2025-07-07 19:29:54] Récupération des données de vote pour Rare Or Commonplace (URL: rare-or-commonplace24, HEADER:{'User-Agent': 'Mozilla/5.0 (X11; Linux i686; rv:39.0) Gecko/20100101 Firefox/39.0', 'x-api-version': '8', 'x-env': 'WEB', 'X-requested-with': 'XMLHttpRequest', 'X-token': 'a1cad95a6d480c14f51dd0eba4914c8337b893c789ec6278bb440c7c9a673b162f042470c62684e6da2bd342ffea7777'})
[2025-07-07 19:29:55] Récupération réussie: 200 images pour Rare Or Commonplace
[2025-07-07 19:29:55] 200
[2025-07-07 19:29:57] Rare Or Commonplace voted successfully
[2025-07-07 19:29:57] Processus supprimé pour bruno: vote_103569_end-0m15s_20250707_180142 - success
[2025-07-07 19:29:57] Processus mis à jour pour bruno: vote_103569_end-0m15s_20250707_180142 - success
[2025-07-07 19:29:57] Processus vote_103569_end-0m15s_20250707_180142 terminé avec succès
[2025-07-07 19:30:26] Rare Or Commonplace voted successfully
[2025-07-07 19:31:30] Challenge fermé supprimé pour bruno: Rare Or Commonplace
[2025-07-07 19:31:30] Resynchronisation avec le serveur...
[2025-07-07 19:31:30] Suppression automatique de 1 challenge(s) fermé(s)
[2025-07-07 19:31:30] Fetching challenges...
[2025-07-07 19:31:31] Lancement automatique des stratégies de fin pour 1 nouveaux challenges...
[2025-07-07 19:31:31] Nouveau challenge détecté pour bruno: Rare Or Commonplace
[2025-07-07 19:36:26] Resynchronisation avec le serveur...
[2025-07-07 19:36:26] Challenge fermé supprimé pour bruno: Rare Or Commonplace
[2025-07-07 19:36:26] Fetching challenges...
[2025-07-07 19:36:26] Suppression automatique de 1 challenge(s) fermé(s)
[2025-07-07 19:41:04] Exécution du vote programmé: vote_104076_end-4m0s_20250707_180158
[2025-07-07 19:41:04] Challenge: Screen Stars - Epic Mountains, Votes: 70
[2025-07-07 19:41:04] 🔍 Job terminé: vote_104076_end-4m0s_20250707_180158 - Jobs restants pour challenge 104076: 4
[2025-07-07 19:41:04] Screen Stars - Epic Mountains get vote panel
[2025-07-07 19:41:04] Processus associé: vote_104076_end-4m0s_20250707_180158
[2025-07-07 19:41:04] Récupération des données de vote pour Screen Stars - Epic Mountains (URL: screen-stars-epic-mountains, HEADER:{'User-Agent': 'Mozilla/5.0 (X11; Linux i686; rv:39.0) Gecko/20100101 Firefox/39.0', 'x-api-version': '8', 'x-env': 'WEB', 'X-requested-with': 'XMLHttpRequest', 'X-token': 'a1cad95a6d480c14f51dd0eba4914c8337b893c789ec6278bb440c7c9a673b162f042470c62684e6da2bd342ffea7777'})
[2025-07-07 19:41:05] Récupération réussie: 200 images pour Screen Stars - Epic Mountains
[2025-07-07 19:41:05] Voting fetching ...
[2025-07-07 19:41:05] Screen Stars - Epic Mountains voting 70 images
[2025-07-07 19:41:06] Screen Stars - Epic Mountains voted successfully
[2025-07-07 19:41:06] Processus supprimé pour bruno: vote_104076_end-4m0s_20250707_180158 - success
[2025-07-07 19:41:06] Processus mis à jour pour bruno: vote_104076_end-4m0s_20250707_180158 - success
[2025-07-07 19:41:06] Processus vote_104076_end-4m0s_20250707_180158 terminé avec succès
[2025-07-07 19:41:20] Resynchronisation avec le serveur...
[2025-07-07 19:41:20] Fetching challenges...
[2025-07-07 19:42:00] Exécution du vote programmé: vote_104076_end-3m0s_20250707_180158
[2025-07-07 19:42:00] Challenge: Screen Stars - Epic Mountains, Votes: 40
[2025-07-07 19:42:00] 🔍 Job terminé: vote_104076_end-3m0s_20250707_180158 - Jobs restants pour challenge 104076: 3
[2025-07-07 19:42:00] Screen Stars - Epic Mountains get vote panel
[2025-07-07 19:42:00] Processus associé: vote_104076_end-3m0s_20250707_180158
[2025-07-07 19:42:00] Récupération des données de vote pour Screen Stars - Epic Mountains (URL: screen-stars-epic-mountains, HEADER:{'User-Agent': 'Mozilla/5.0 (X11; Linux i686; rv:39.0) Gecko/20100101 Firefox/39.0', 'x-api-version': '8', 'x-env': 'WEB', 'X-requested-with': 'XMLHttpRequest', 'X-token': 'a1cad95a6d480c14f51dd0eba4914c8337b893c789ec6278bb440c7c9a673b162f042470c62684e6da2bd342ffea7777'})
[2025-07-07 19:42:01] Récupération réussie: 200 images pour Screen Stars - Epic Mountains
[2025-07-07 19:42:01] Voting fetching ...
[2025-07-07 19:42:01] Screen Stars - Epic Mountains voting 40 images
[2025-07-07 19:42:02] Screen Stars - Epic Mountains voted successfully
[2025-07-07 19:42:02] Processus supprimé pour bruno: vote_104076_end-3m0s_20250707_180158 - success
[2025-07-07 19:42:02] Processus mis à jour pour bruno: vote_104076_end-3m0s_20250707_180158 - success
[2025-07-07 19:42:02] Processus vote_104076_end-3m0s_20250707_180158 terminé avec succès
[2025-07-07 19:43:00] Exécution du vote programmé: vote_104076_end-2m0s_20250707_180158
[2025-07-07 19:43:00] Challenge: Screen Stars - Epic Mountains, Votes: 40
[2025-07-07 19:43:00] Screen Stars - Epic Mountains get vote panel
[2025-07-07 19:43:00] 🔍 Job terminé: vote_104076_end-2m0s_20250707_180158 - Jobs restants pour challenge 104076: 2
[2025-07-07 19:43:00] Processus associé: vote_104076_end-2m0s_20250707_180158
[2025-07-07 19:43:00] Récupération des données de vote pour Screen Stars - Epic Mountains (URL: screen-stars-epic-mountains, HEADER:{'User-Agent': 'Mozilla/5.0 (X11; Linux i686; rv:39.0) Gecko/20100101 Firefox/39.0', 'x-api-version': '8', 'x-env': 'WEB', 'X-requested-with': 'XMLHttpRequest', 'X-token': 'a1cad95a6d480c14f51dd0eba4914c8337b893c789ec6278bb440c7c9a673b162f042470c62684e6da2bd342ffea7777'})
[2025-07-07 19:43:01] Récupération réussie: 200 images pour Screen Stars - Epic Mountains
[2025-07-07 19:43:01] Voting fetching ...
[2025-07-07 19:43:01] Screen Stars - Epic Mountains voting 40 images
[2025-07-07 19:43:02] Screen Stars - Epic Mountains voted successfully
[2025-07-07 19:43:02] Processus supprimé pour bruno: vote_104076_end-2m0s_20250707_180158 - success
[2025-07-07 19:43:02] Processus mis à jour pour bruno: vote_104076_end-2m0s_20250707_180158 - success
[2025-07-07 19:43:02] Processus vote_104076_end-2m0s_20250707_180158 terminé avec succès
[2025-07-07 19:44:00] Exécution du vote programmé: vote_104076_end-1m0s_20250707_180158
[2025-07-07 19:44:00] Challenge: Screen Stars - Epic Mountains, Votes: 40
[2025-07-07 19:44:00] 🔍 Job terminé: vote_104076_end-1m0s_20250707_180158 - Jobs restants pour challenge 104076: 1
[2025-07-07 19:44:00] Screen Stars - Epic Mountains get vote panel
[2025-07-07 19:44:00] Processus associé: vote_104076_end-1m0s_20250707_180158
[2025-07-07 19:44:00] Récupération des données de vote pour Screen Stars - Epic Mountains (URL: screen-stars-epic-mountains, HEADER:{'User-Agent': 'Mozilla/5.0 (X11; Linux i686; rv:39.0) Gecko/20100101 Firefox/39.0', 'x-api-version': '8', 'x-env': 'WEB', 'X-requested-with': 'XMLHttpRequest', 'X-token': 'a1cad95a6d480c14f51dd0eba4914c8337b893c789ec6278bb440c7c9a673b162f042470c62684e6da2bd342ffea7777'})
[2025-07-07 19:44:01] Récupération réussie: 200 images pour Screen Stars - Epic Mountains
[2025-07-07 19:44:01] Voting fetching ...
[2025-07-07 19:44:01] Screen Stars - Epic Mountains voting 40 images
[2025-07-07 19:44:02] Screen Stars - Epic Mountains voted successfully
[2025-07-07 19:44:02] Processus supprimé pour bruno: vote_104076_end-1m0s_20250707_180158 - success
[2025-07-07 19:44:02] Processus mis à jour pour bruno: vote_104076_end-1m0s_20250707_180158 - success
[2025-07-07 19:44:02] Processus vote_104076_end-1m0s_20250707_180158 terminé avec succès
[2025-07-07 19:44:30] Exécution du vote programmé: vote_104076_end-0m30s_20250707_180158
[2025-07-07 19:44:30] Challenge: Screen Stars - Epic Mountains, Votes: 20
[2025-07-07 19:44:30] 🔍 Job terminé: vote_104076_end-0m30s_20250707_180158 - Jobs restants pour challenge 104076: 0
[2025-07-07 19:44:30] 🧹 Nettoyage automatique: stratégie terminée pour challenge 104076
[2025-07-07 19:44:30] Screen Stars - Epic Mountains get vote panel
[2025-07-07 19:44:30] 🗑️ Stratégie supprimée de la config: end4
[2025-07-07 19:44:30] Processus associé: vote_104076_end-0m30s_20250707_180158
[2025-07-07 19:44:30] 🎯 Colonne stratégie vidée pour Screen Stars - Epic Mountains
[2025-07-07 19:44:30] Récupération des données de vote pour Screen Stars - Epic Mountains (URL: screen-stars-epic-mountains, HEADER:{'User-Agent': 'Mozilla/5.0 (X11; Linux i686; rv:39.0) Gecko/20100101 Firefox/39.0', 'x-api-version': '8', 'x-env': 'WEB', 'X-requested-with': 'XMLHttpRequest', 'X-token': 'a1cad95a6d480c14f51dd0eba4914c8337b893c789ec6278bb440c7c9a673b162f042470c62684e6da2bd342ffea7777'})
[2025-07-07 19:44:31] Récupération réussie: 200 images pour Screen Stars - Epic Mountains
[2025-07-07 19:44:31] Voting fetching ...
[2025-07-07 19:44:31] Screen Stars - Epic Mountains voting 20 images
[2025-07-07 19:44:31] Screen Stars - Epic Mountains voted successfully
[2025-07-07 19:44:31] Processus supprimé pour bruno: vote_104076_end-0m30s_20250707_180158 - success
[2025-07-07 19:44:31] Processus mis à jour pour bruno: vote_104076_end-0m30s_20250707_180158 - success
[2025-07-07 19:44:31] Processus vote_104076_end-0m30s_20250707_180158 terminé avec succès
[2025-07-07 19:46:25] Resynchronisation avec le serveur...
[2025-07-07 19:46:25] Challenge fermé supprimé pour bruno: Screen Stars - Epic Mountains
[2025-07-07 19:46:25] Fetching challenges...
[2025-07-07 19:46:25] Suppression automatique de 1 challenge(s) fermé(s)
[2025-07-07 19:46:27] Lancement automatique des stratégies de fin pour 1 nouveaux challenges...
[2025-07-07 19:46:27] Nouveau challenge détecté pour bruno: Screen Stars - Epic Mountains
[2025-07-07 19:51:20] Resynchronisation avec le serveur...
[2025-07-07 19:51:20] Challenge fermé supprimé pour bruno: Screen Stars - Epic Mountains
[2025-07-07 19:51:20] Fetching challenges...
[2025-07-07 19:51:20] Suppression automatique de 1 challenge(s) fermé(s)
[2025-07-07 19:56:20] Resynchronisation avec le serveur...
[2025-07-07 19:56:20] Fetching challenges...
[2025-07-07 20:01:20] Resynchronisation avec le serveur...
[2025-07-07 20:01:20] Fetching challenges...
[2025-07-07 20:06:20] Resynchronisation avec le serveur...
[2025-07-07 20:06:20] Fetching challenges...
[2025-07-07 20:11:20] Resynchronisation avec le serveur...
[2025-07-07 20:11:20] Fetching challenges...
[2025-07-07 20:16:20] Resynchronisation avec le serveur...
[2025-07-07 20:16:20] Fetching challenges...
[2025-07-07 20:21:20] Resynchronisation avec le serveur...
[2025-07-07 20:21:20] Fetching challenges...
[2025-07-07 20:26:20] Resynchronisation avec le serveur...
[2025-07-07 20:26:20] Fetching challenges...
[2025-07-07 20:31:21] Resynchronisation avec le serveur...
[2025-07-07 20:31:21] Fetching challenges...
[2025-07-07 20:36:21] Resynchronisation avec le serveur...
[2025-07-07 20:36:21] Fetching challenges...
[2025-07-07 20:39:02] Fetching challenges...
[2025-07-07 20:39:02] Fetch initial des challenges pour initialiser le décompte...
[2025-07-07 20:39:02] Fetching challenges...
[2025-07-07 20:39:02] Décompte programmé à 20:40:00
[2025-07-07 20:39:02] APScheduler démarré avec succès
[2025-07-07 20:39:04] Lancement automatique des stratégies de fin pour 10 nouveaux challenges...
[2025-07-07 20:39:04] Nouveau challenge détecté pour pascale: Begins with "E"
[2025-07-07 20:39:04] Nouveau challenge détecté pour pascale: Striking Portraits
[2025-07-07 20:39:04] Nouveau challenge détecté pour pascale: Travel Stories
[2025-07-07 20:39:04] Nouveau challenge détecté pour pascale: Photographer of the Week
[2025-07-07 20:39:04] Nouveau challenge détecté pour pascale: Happy Day
[2025-07-07 20:39:04] Nouveau challenge détecté pour pascale: Let's See Foggy Waters
[2025-07-07 20:39:04] Nouveau challenge détecté pour pascale: Art of Black & White
[2025-07-07 20:39:04] Nouveau challenge détecté pour pascale: History In Architecture
[2025-07-07 20:39:04] Nouveau challenge détecté pour pascale: My Best Shot
[2025-07-07 20:39:04] Nouveau challenge détecté pour pascale: Silhouettes Of People
[2025-07-07 20:39:04] Aucune stratégie programmée à restaurer
[2025-07-07 20:40:00] Décompte local démarré - mise à jour toutes les 10 secondes
[2025-07-07 20:40:43] Stratégie chargée: alain - Stratégie conservative - 4m - votes répartis
[2025-07-07 20:40:43] Stratégie chargée: end4 - Stratégie conservative - 4m - votes répartis
[2025-07-07 20:40:43] Stratégie chargée: end3 - Stratégie conservative - 3m - votes répartis
[2025-07-07 20:40:43] Stratégie chargée: fill1 - Stratégie rapide - now - votes répartis
[2025-07-07 20:40:43] Stratégie chargée: when1 - Stratégie rapide - now - votes répartis
[2025-07-07 20:40:43] Stratégie chargée: novote - Stratégie rapide - now - votes répartis
[2025-07-07 20:40:43] Total: 6 stratégies de timing chargées
[2025-07-07 20:40:50] Aucune stratégie sélectionnée
[2025-07-07 20:40:52] APScheduler arrêté
[2025-07-07 20:40:58] Fetching challenges...
[2025-07-07 20:40:58] Fetch initial des challenges pour initialiser le décompte...
[2025-07-07 20:40:58] Fetching challenges...
[2025-07-07 20:40:58] Décompte programmé à 20:41:00
[2025-07-07 20:40:58] APScheduler démarré avec succès
[2025-07-07 20:40:59] Lancement automatique des stratégies de fin pour 10 nouveaux challenges...
[2025-07-07 20:40:59] Nouveau challenge détecté pour pascale: Begins with "E"
[2025-07-07 20:40:59] Nouveau challenge détecté pour pascale: Striking Portraits
[2025-07-07 20:40:59] Nouveau challenge détecté pour pascale: Travel Stories
[2025-07-07 20:40:59] Nouveau challenge détecté pour pascale: Photographer of the Week
[2025-07-07 20:40:59] Nouveau challenge détecté pour pascale: Happy Day
[2025-07-07 20:40:59] Nouveau challenge détecté pour pascale: Let's See Foggy Waters
[2025-07-07 20:40:59] Nouveau challenge détecté pour pascale: Art of Black & White
[2025-07-07 20:40:59] Nouveau challenge détecté pour pascale: History In Architecture
[2025-07-07 20:40:59] Nouveau challenge détecté pour pascale: My Best Shot
[2025-07-07 20:40:59] Nouveau challenge détecté pour pascale: Silhouettes Of People
[2025-07-07 20:41:00] Décompte local démarré - mise à jour toutes les 10 secondes
[2025-07-07 20:41:00] Aucune stratégie programmée à restaurer
[2025-07-07 20:41:03] Stratégie chargée: alain - Stratégie conservative - 4m - votes répartis
[2025-07-07 20:41:03] Stratégie chargée: end4 - Stratégie conservative - 4m - votes répartis
[2025-07-07 20:41:03] Stratégie chargée: end3 - Stratégie conservative - 3m - votes répartis
[2025-07-07 20:41:03] Stratégie chargée: fill1 - Stratégie rapide - now - votes répartis
[2025-07-07 20:41:03] Stratégie chargée: when1 - Stratégie rapide - now - votes répartis
[2025-07-07 20:41:03] Stratégie chargée: novote - Stratégie rapide - now - votes répartis
[2025-07-07 20:41:03] Total: 6 stratégies de timing chargées
[2025-07-07 20:41:15] Aucune stratégie sélectionnée
[2025-07-07 20:41:17] APScheduler arrêté
[2025-07-07 20:41:20] Resynchronisation avec le serveur...
[2025-07-07 20:41:20] Fetching challenges...
[2025-07-07 20:41:50] Fetching challenges...
[2025-07-07 20:41:50] Fetch initial des challenges pour initialiser le décompte...
[2025-07-07 20:41:50] Fetching challenges...
[2025-07-07 20:41:50] Décompte programmé à 20:42:00
[2025-07-07 20:41:50] APScheduler démarré avec succès
[2025-07-07 20:41:51] Lancement automatique des stratégies de fin pour 10 nouveaux challenges...
[2025-07-07 20:41:51] Nouveau challenge détecté pour pascale: Begins with "E"
[2025-07-07 20:41:51] Nouveau challenge détecté pour pascale: Striking Portraits
[2025-07-07 20:41:51] Nouveau challenge détecté pour pascale: Travel Stories
[2025-07-07 20:41:51] Nouveau challenge détecté pour pascale: Photographer of the Week
[2025-07-07 20:41:51] Nouveau challenge détecté pour pascale: Happy Day
[2025-07-07 20:41:51] Nouveau challenge détecté pour pascale: Let's See Foggy Waters
[2025-07-07 20:41:51] Nouveau challenge détecté pour pascale: Art of Black & White
[2025-07-07 20:41:51] Nouveau challenge détecté pour pascale: History In Architecture
[2025-07-07 20:41:51] Nouveau challenge détecté pour pascale: My Best Shot
[2025-07-07 20:41:51] Nouveau challenge détecté pour pascale: Silhouettes Of People
[2025-07-07 20:41:52] Aucune stratégie programmée à restaurer
[2025-07-07 20:41:58] Stratégie chargée: alain - Stratégie conservative - 4m - votes répartis
[2025-07-07 20:41:58] Stratégie chargée: 4m - Stratégie conservative - 4m - votes répartis
[2025-07-07 20:41:58] Stratégie chargée: 3m - Stratégie conservative - 3m - votes répartis
[2025-07-07 20:41:58] Stratégie chargée: fill1 - Stratégie rapide - now - votes répartis
[2025-07-07 20:41:58] Stratégie chargée: when1 - Stratégie rapide - now - votes répartis
[2025-07-07 20:41:58] Stratégie chargée: novote - Stratégie rapide - now - votes répartis
[2025-07-07 20:41:58] Total: 6 stratégies de timing chargées
[2025-07-07 20:42:00] Décompte local démarré - mise à jour toutes les 10 secondes
[2025-07-07 20:42:13] Aucune stratégie sélectionnée
[2025-07-07 20:42:53] Fetching challenges...
[2025-07-07 20:42:53] Fetch initial des challenges pour initialiser le décompte...
[2025-07-07 20:42:53] Fetching challenges...
[2025-07-07 20:42:53] Décompte programmé à 20:43:00
[2025-07-07 20:42:53] APScheduler démarré avec succès
[2025-07-07 20:42:54] Lancement automatique des stratégies de fin pour 10 nouveaux challenges...
[2025-07-07 20:42:54] Nouveau challenge détecté pour pascale: Begins with "E"
[2025-07-07 20:42:54] Nouveau challenge détecté pour pascale: Striking Portraits
[2025-07-07 20:42:54] Nouveau challenge détecté pour pascale: Travel Stories
[2025-07-07 20:42:54] Nouveau challenge détecté pour pascale: Photographer of the Week
[2025-07-07 20:42:54] Nouveau challenge détecté pour pascale: Happy Day
[2025-07-07 20:42:54] Nouveau challenge détecté pour pascale: Let's See Foggy Waters
[2025-07-07 20:42:54] Nouveau challenge détecté pour pascale: Art of Black & White
[2025-07-07 20:42:54] Nouveau challenge détecté pour pascale: History In Architecture
[2025-07-07 20:42:54] Nouveau challenge détecté pour pascale: My Best Shot
[2025-07-07 20:42:54] Nouveau challenge détecté pour pascale: Silhouettes Of People
[2025-07-07 20:42:55] Aucune stratégie programmée à restaurer
[2025-07-07 20:42:57] Stratégie chargée: alain - Stratégie conservative - 4m - votes répartis
[2025-07-07 20:42:57] Stratégie chargée: 4m - Stratégie conservative - 4m - votes répartis
[2025-07-07 20:42:57] Stratégie chargée: 3m - Stratégie conservative - 3m - votes répartis
[2025-07-07 20:42:57] Stratégie chargée: fill1 - Stratégie rapide - now - votes répartis
[2025-07-07 20:42:57] Stratégie chargée: when1 - Stratégie rapide - now - votes répartis
[2025-07-07 20:42:57] Stratégie chargée: novote - Stratégie rapide - now - votes répartis
[2025-07-07 20:42:57] Total: 6 stratégies de timing chargées
[2025-07-07 20:43:00] Décompte local démarré - mise à jour toutes les 10 secondes
[2025-07-07 20:43:13] Aucune stratégie sélectionnée
[2025-07-07 20:43:27] APScheduler arrêté
[2025-07-07 20:45:13] Fetching challenges...
[2025-07-07 20:45:13] Fetch initial des challenges pour initialiser le décompte...
[2025-07-07 20:45:13] Fetching challenges...
[2025-07-07 20:45:13] Décompte programmé à 20:46:00
[2025-07-07 20:45:13] APScheduler démarré avec succès
[2025-07-07 20:45:14] Lancement automatique des stratégies de fin pour 10 nouveaux challenges...
[2025-07-07 20:45:14] Nouveau challenge détecté pour pascale: Begins with "E"
[2025-07-07 20:45:14] Nouveau challenge détecté pour pascale: Striking Portraits
[2025-07-07 20:45:14] Nouveau challenge détecté pour pascale: Travel Stories
[2025-07-07 20:45:14] Nouveau challenge détecté pour pascale: Photographer of the Week
[2025-07-07 20:45:14] Nouveau challenge détecté pour pascale: Happy Day
[2025-07-07 20:45:14] Nouveau challenge détecté pour pascale: Let's See Foggy Waters
[2025-07-07 20:45:14] Nouveau challenge détecté pour pascale: Art of Black & White
[2025-07-07 20:45:14] Nouveau challenge détecté pour pascale: History In Architecture
[2025-07-07 20:45:14] Nouveau challenge détecté pour pascale: My Best Shot
[2025-07-07 20:45:14] Nouveau challenge détecté pour pascale: Silhouettes Of People
[2025-07-07 20:45:15] Aucune stratégie programmée à restaurer
[2025-07-07 20:45:18] Stratégie chargée: alain - Stratégie conservative - 4m - votes répartis
[2025-07-07 20:45:18] Stratégie chargée: 4m - Stratégie conservative - 4m - votes répartis
[2025-07-07 20:45:18] Stratégie chargée: 3m - Stratégie conservative - 3m - votes répartis
[2025-07-07 20:45:18] Stratégie chargée: 2m - Stratégie conservative - 2m - votes répartis
[2025-07-07 20:45:18] Stratégie chargée: fill1 - Stratégie rapide - now - votes répartis
[2025-07-07 20:45:18] Stratégie chargée: when1 - Stratégie rapide - now - votes répartis
[2025-07-07 20:45:18] Stratégie chargée: novote - Stratégie rapide - now - votes répartis
[2025-07-07 20:45:18] Total: 7 stratégies de timing chargées
[2025-07-07 20:45:23] === Application de la stratégie '2m' ===
[2025-07-07 20:45:23] Description: Stratégie conservative - 2m - votes répartis
[2025-07-07 20:45:23] 
--- Challenge: Let's See Foggy Waters ---
[2025-07-07 20:45:23] Fin du challenge: 07/07/2025, 21:00
[2025-07-07 20:45:23] Stratégie chargée: alain - Stratégie conservative - 4m - votes répartis
[2025-07-07 20:45:23] Stratégie chargée: 4m - Stratégie conservative - 4m - votes répartis
[2025-07-07 20:45:23] Stratégie chargée: 3m - Stratégie conservative - 3m - votes répartis
[2025-07-07 20:45:23] Stratégie chargée: 2m - Stratégie conservative - 2m - votes répartis
[2025-07-07 20:45:23] Stratégie chargée: fill1 - Stratégie rapide - now - votes répartis
[2025-07-07 20:45:23] Stratégie chargée: when1 - Stratégie rapide - now - votes répartis
[2025-07-07 20:45:23] Stratégie chargée: novote - Stratégie rapide - now - votes répartis
[2025-07-07 20:45:23] Total: 7 stratégies de timing chargées
[2025-07-07 20:45:23] Application de la stratégie '2m': Stratégie conservative - 2m - votes répartis
[2025-07-07 20:45:23] Calcul timing relatif end:
[2025-07-07 20:45:23]   - Fin du challenge: 07/07/2025 21:00:00
[2025-07-07 20:45:23]   - Offset: -2m0s (120s)
[2025-07-07 20:45:23]   - Déclenchement: 07/07/2025 20:58:00
[2025-07-07 20:45:23] Vote programmé: Vote sur Let's See Foggy Waters à end-2m0s
[2025-07-07 20:45:23]   - Challenge: Let's See Foggy Waters
[2025-07-07 20:45:23]   - Heure de déclenchement: 07/07/2025 20:58:00
[2025-07-07 20:45:23]   - Votes: 80
[2025-07-07 20:45:23]   - ID tâche: vote_103567_end-2m0s_20250707_204523
[2025-07-07 20:45:23] Calcul timing relatif end:
[2025-07-07 20:45:23]   - Fin du challenge: 07/07/2025 21:00:00
[2025-07-07 20:45:23]   - Offset: -1m0s (60s)
[2025-07-07 20:45:23]   - Déclenchement: 07/07/2025 20:59:00
[2025-07-07 20:45:23] Vote programmé: Vote sur Let's See Foggy Waters à end-1m0s
[2025-07-07 20:45:23]   - Challenge: Let's See Foggy Waters
[2025-07-07 20:45:23]   - Heure de déclenchement: 07/07/2025 20:59:00
[2025-07-07 20:45:23]   - Votes: 40
[2025-07-07 20:45:23]   - ID tâche: vote_103567_end-1m0s_20250707_204523
[2025-07-07 20:45:23] Calcul timing relatif end:
[2025-07-07 20:45:23]   - Fin du challenge: 07/07/2025 21:00:00
[2025-07-07 20:45:23]   - Offset: -0m30s (30s)
[2025-07-07 20:45:23]   - Déclenchement: 07/07/2025 20:59:30
[2025-07-07 20:45:23] Vote programmé: Vote sur Let's See Foggy Waters à end-0m30s
[2025-07-07 20:45:23]   - Challenge: Let's See Foggy Waters
[2025-07-07 20:45:23]   - Heure de déclenchement: 07/07/2025 20:59:30
[2025-07-07 20:45:23]   - Votes: 20
[2025-07-07 20:45:23]   - ID tâche: vote_103567_end-0m30s_20250707_204523
[2025-07-07 20:45:23] Stratégie programmée: 3/3 votes pour Let's See Foggy Waters
[2025-07-07 20:45:23] Stratégie '2m' appliquée avec succès à Let's See Foggy Waters
[2025-07-07 20:45:23] 🔧 DEBUG: Début sauvegarde stratégie '2m' pour challenge ID: 103567
[2025-07-07 20:45:23] 🔧 DEBUG: Section scheduled_strategies créée
[2025-07-07 20:45:23] 🔧 DEBUG: Strategy info à sauvegarder: {'strategy_name': '2m', 'scheduled_at': '2025-07-07 20:45:23', 'challenge_title': "Let's See Foggy Waters", 'challenge_end_time': '07/07/2025, 21:00'}
[2025-07-07 20:45:23] 💾 Stratégie '2m' sauvegardée pour Let's See Foggy Waters
[2025-07-07 20:45:23] 🔧 DEBUG: Fichier config écrit avec succès
[2025-07-07 20:45:23] Calcul timing relatif end:
[2025-07-07 20:45:23]   - Fin du challenge: 07/07/2025 21:00:00
[2025-07-07 20:45:23]   - Offset: -2m0s (120s)
[2025-07-07 20:45:23]   - Déclenchement: 07/07/2025 20:58:00
[2025-07-07 20:45:23] Calcul timing relatif end:
[2025-07-07 20:45:23]   - Fin du challenge: 07/07/2025 21:00:00
[2025-07-07 20:45:23]   - Offset: -1m0s (60s)
[2025-07-07 20:45:23]   - Déclenchement: 07/07/2025 20:59:00
[2025-07-07 20:45:23] Calcul timing relatif end:
[2025-07-07 20:45:23]   - Fin du challenge: 07/07/2025 21:00:00
[2025-07-07 20:45:23]   - Offset: -0m30s (30s)
[2025-07-07 20:45:23]   - Déclenchement: 07/07/2025 20:59:30
[2025-07-07 20:45:23] Application de la stratégie '2m' pour les challenges sélectionnés:
✅ Let's See Foggy Waters - Stratégie programmée
   • 80 votes à 20:58:00 (end-2m0s)
   • 40 votes à 20:59:00 (end-1m0s)
   • 20 votes à 20:59:30 (end-0m30s)

[2025-07-07 20:45:23] Tâches programmées:
[2025-07-07 20:45:23]   - Démarrage du décompte au changement de minute (ID: initial_countdown) - Prochaine exécution: 2025-07-07 20:46:00
[2025-07-07 20:45:23]   - Vérification des processus bloqués (ID: check_stalled_processes) - Prochaine exécution: 2025-07-07 20:46:13
[2025-07-07 20:45:23]   - Nettoyage des stratégies terminées (ID: cleanup_strategies) - Prochaine exécution: 2025-07-07 20:47:13
[2025-07-07 20:45:23]   - Suppression des challenges fermés (ID: purge_closed_challenges) - Prochaine exécution: 2025-07-07 20:50:13
[2025-07-07 20:45:23]   - Synchronisation avec le serveur (ID: server_sync) - Prochaine exécution: 2025-07-07 20:50:13
[2025-07-07 20:45:23]   - Vote sur Let's See Foggy Waters à end-2m0s (ID: vote_103567_end-2m0s_20250707_204523) - Prochaine exécution: 2025-07-07 20:58:00
[2025-07-07 20:45:23]   - Vote sur Let's See Foggy Waters à end-1m0s (ID: vote_103567_end-1m0s_20250707_204523) - Prochaine exécution: 2025-07-07 20:59:00
[2025-07-07 20:45:23]   - Vote sur Let's See Foggy Waters à end-0m30s (ID: vote_103567_end-0m30s_20250707_204523) - Prochaine exécution: 2025-07-07 20:59:30
[2025-07-07 20:45:36] Stratégie chargée: alain - Stratégie conservative - 4m - votes répartis
[2025-07-07 20:45:36] Stratégie chargée: 4m - Stratégie conservative - 4m - votes répartis
[2025-07-07 20:45:36] Stratégie chargée: 3m - Stratégie conservative - 3m - votes répartis
[2025-07-07 20:45:36] Stratégie chargée: 2m - Stratégie conservative - 2m - votes répartis
[2025-07-07 20:45:36] Stratégie chargée: fill1 - Stratégie rapide - now - votes répartis
[2025-07-07 20:45:36] Stratégie chargée: when1 - Stratégie rapide - now - votes répartis
[2025-07-07 20:45:36] Stratégie chargée: novote - Stratégie rapide - now - votes répartis
[2025-07-07 20:45:36] Total: 7 stratégies de timing chargées
[2025-07-07 20:45:44] === Application de la stratégie '4m' ===
[2025-07-07 20:45:44] Description: Stratégie conservative - 4m - votes répartis
[2025-07-07 20:45:44] 
--- Challenge: Striking Portraits ---
[2025-07-07 20:45:44] Fin du challenge: 07/07/2025, 22:00
[2025-07-07 20:45:44] Stratégie chargée: alain - Stratégie conservative - 4m - votes répartis
[2025-07-07 20:45:44] Stratégie chargée: 4m - Stratégie conservative - 4m - votes répartis
[2025-07-07 20:45:44] Stratégie chargée: 3m - Stratégie conservative - 3m - votes répartis
[2025-07-07 20:45:44] Stratégie chargée: 2m - Stratégie conservative - 2m - votes répartis
[2025-07-07 20:45:44] Stratégie chargée: fill1 - Stratégie rapide - now - votes répartis
[2025-07-07 20:45:44] Stratégie chargée: when1 - Stratégie rapide - now - votes répartis
[2025-07-07 20:45:44] Stratégie chargée: novote - Stratégie rapide - now - votes répartis
[2025-07-07 20:45:44] Total: 7 stratégies de timing chargées
[2025-07-07 20:45:44] Application de la stratégie '4m': Stratégie conservative - 4m - votes répartis
[2025-07-07 20:45:44] Calcul timing relatif end:
[2025-07-07 20:45:44]   - Fin du challenge: 07/07/2025 22:00:00
[2025-07-07 20:45:44]   - Offset: -4m0s (240s)
[2025-07-07 20:45:44]   - Déclenchement: 07/07/2025 21:56:00
[2025-07-07 20:45:44] Vote programmé: Vote sur Striking Portraits à end-4m0s
[2025-07-07 20:45:44]   - Challenge: Striking Portraits
[2025-07-07 20:45:44]   - Heure de déclenchement: 07/07/2025 21:56:00
[2025-07-07 20:45:44]   - Votes: 70
[2025-07-07 20:45:44]   - ID tâche: vote_103448_end-4m0s_20250707_204544
[2025-07-07 20:45:44] Calcul timing relatif end:
[2025-07-07 20:45:44]   - Fin du challenge: 07/07/2025 22:00:00
[2025-07-07 20:45:44]   - Offset: -3m0s (180s)
[2025-07-07 20:45:44]   - Déclenchement: 07/07/2025 21:57:00
[2025-07-07 20:45:44] Vote programmé: Vote sur Striking Portraits à end-3m0s
[2025-07-07 20:45:44]   - Challenge: Striking Portraits
[2025-07-07 20:45:44]   - Heure de déclenchement: 07/07/2025 21:57:00
[2025-07-07 20:45:44]   - Votes: 40
[2025-07-07 20:45:44]   - ID tâche: vote_103448_end-3m0s_20250707_204544
[2025-07-07 20:45:44] Calcul timing relatif end:
[2025-07-07 20:45:44]   - Fin du challenge: 07/07/2025 22:00:00
[2025-07-07 20:45:44]   - Offset: -2m0s (120s)
[2025-07-07 20:45:44]   - Déclenchement: 07/07/2025 21:58:00
[2025-07-07 20:45:44] Vote programmé: Vote sur Striking Portraits à end-2m0s
[2025-07-07 20:45:44]   - Challenge: Striking Portraits
[2025-07-07 20:45:44]   - Heure de déclenchement: 07/07/2025 21:58:00
[2025-07-07 20:45:44]   - Votes: 40
[2025-07-07 20:45:44]   - ID tâche: vote_103448_end-2m0s_20250707_204544
[2025-07-07 20:45:44] Calcul timing relatif end:
[2025-07-07 20:45:44]   - Fin du challenge: 07/07/2025 22:00:00
[2025-07-07 20:45:44]   - Offset: -1m0s (60s)
[2025-07-07 20:45:44]   - Déclenchement: 07/07/2025 21:59:00
[2025-07-07 20:45:44] Vote programmé: Vote sur Striking Portraits à end-1m0s
[2025-07-07 20:45:44]   - Challenge: Striking Portraits
[2025-07-07 20:45:44]   - Heure de déclenchement: 07/07/2025 21:59:00
[2025-07-07 20:45:44]   - Votes: 40
[2025-07-07 20:45:44]   - ID tâche: vote_103448_end-1m0s_20250707_204544
[2025-07-07 20:45:44] Calcul timing relatif end:
[2025-07-07 20:45:44]   - Fin du challenge: 07/07/2025 22:00:00
[2025-07-07 20:45:44]   - Offset: -0m30s (30s)
[2025-07-07 20:45:44]   - Déclenchement: 07/07/2025 21:59:30
[2025-07-07 20:45:44] Vote programmé: Vote sur Striking Portraits à end-0m30s
[2025-07-07 20:45:44]   - Challenge: Striking Portraits
[2025-07-07 20:45:44]   - Heure de déclenchement: 07/07/2025 21:59:30
[2025-07-07 20:45:44]   - Votes: 20
[2025-07-07 20:45:44]   - ID tâche: vote_103448_end-0m30s_20250707_204544
[2025-07-07 20:45:44] Stratégie programmée: 5/5 votes pour Striking Portraits
[2025-07-07 20:45:44] Stratégie '4m' appliquée avec succès à Striking Portraits
[2025-07-07 20:45:44] 🔧 DEBUG: Début sauvegarde stratégie '4m' pour challenge ID: 103448
[2025-07-07 20:45:44] 🔧 DEBUG: Strategy info à sauvegarder: {'strategy_name': '4m', 'scheduled_at': '2025-07-07 20:45:44', 'challenge_title': 'Striking Portraits', 'challenge_end_time': '07/07/2025, 22:00'}
[2025-07-07 20:45:44] 💾 Stratégie '4m' sauvegardée pour Striking Portraits
[2025-07-07 20:45:44] 🔧 DEBUG: Fichier config écrit avec succès
[2025-07-07 20:45:44] Calcul timing relatif end:
[2025-07-07 20:45:44]   - Fin du challenge: 07/07/2025 22:00:00
[2025-07-07 20:45:44]   - Offset: -4m0s (240s)
[2025-07-07 20:45:44]   - Déclenchement: 07/07/2025 21:56:00
[2025-07-07 20:45:44] Calcul timing relatif end:
[2025-07-07 20:45:44]   - Fin du challenge: 07/07/2025 22:00:00
[2025-07-07 20:45:44]   - Offset: -3m0s (180s)
[2025-07-07 20:45:44]   - Déclenchement: 07/07/2025 21:57:00
[2025-07-07 20:45:44] Calcul timing relatif end:
[2025-07-07 20:45:44]   - Fin du challenge: 07/07/2025 22:00:00
[2025-07-07 20:45:44]   - Offset: -2m0s (120s)
[2025-07-07 20:45:44]   - Déclenchement: 07/07/2025 21:58:00
[2025-07-07 20:45:44] Calcul timing relatif end:
[2025-07-07 20:45:44]   - Fin du challenge: 07/07/2025 22:00:00
[2025-07-07 20:45:44]   - Offset: -1m0s (60s)
[2025-07-07 20:45:44]   - Déclenchement: 07/07/2025 21:59:00
[2025-07-07 20:45:44] Calcul timing relatif end:
[2025-07-07 20:45:44]   - Fin du challenge: 07/07/2025 22:00:00
[2025-07-07 20:45:44]   - Offset: -0m30s (30s)
[2025-07-07 20:45:44]   - Déclenchement: 07/07/2025 21:59:30
[2025-07-07 20:45:44] Application de la stratégie '4m' pour les challenges sélectionnés:
✅ Striking Portraits - Stratégie programmée
   • 70 votes à 21:56:00 (end-4m0s)
   • 40 votes à 21:57:00 (end-3m0s)
   • 40 votes à 21:58:00 (end-2m0s)
   • 40 votes à 21:59:00 (end-1m0s)
   • 20 votes à 21:59:30 (end-0m30s)

[2025-07-07 20:45:44] Tâches programmées:
[2025-07-07 20:45:44]   - Démarrage du décompte au changement de minute (ID: initial_countdown) - Prochaine exécution: 2025-07-07 20:46:00
[2025-07-07 20:45:44]   - Vérification des processus bloqués (ID: check_stalled_processes) - Prochaine exécution: 2025-07-07 20:46:13
[2025-07-07 20:45:44]   - Nettoyage des stratégies terminées (ID: cleanup_strategies) - Prochaine exécution: 2025-07-07 20:47:13
[2025-07-07 20:45:44]   - Suppression des challenges fermés (ID: purge_closed_challenges) - Prochaine exécution: 2025-07-07 20:50:13
[2025-07-07 20:45:44]   - Synchronisation avec le serveur (ID: server_sync) - Prochaine exécution: 2025-07-07 20:50:13
[2025-07-07 20:45:44]   - Vote sur Let's See Foggy Waters à end-2m0s (ID: vote_103567_end-2m0s_20250707_204523) - Prochaine exécution: 2025-07-07 20:58:00
[2025-07-07 20:45:44]   - Vote sur Let's See Foggy Waters à end-1m0s (ID: vote_103567_end-1m0s_20250707_204523) - Prochaine exécution: 2025-07-07 20:59:00
[2025-07-07 20:45:44]   - Vote sur Let's See Foggy Waters à end-0m30s (ID: vote_103567_end-0m30s_20250707_204523) - Prochaine exécution: 2025-07-07 20:59:30
[2025-07-07 20:45:44]   - Vote sur Striking Portraits à end-4m0s (ID: vote_103448_end-4m0s_20250707_204544) - Prochaine exécution: 2025-07-07 21:56:00
[2025-07-07 20:45:44]   - Vote sur Striking Portraits à end-3m0s (ID: vote_103448_end-3m0s_20250707_204544) - Prochaine exécution: 2025-07-07 21:57:00
[2025-07-07 20:45:44]   - Vote sur Striking Portraits à end-2m0s (ID: vote_103448_end-2m0s_20250707_204544) - Prochaine exécution: 2025-07-07 21:58:00
[2025-07-07 20:45:44]   - Vote sur Striking Portraits à end-1m0s (ID: vote_103448_end-1m0s_20250707_204544) - Prochaine exécution: 2025-07-07 21:59:00
[2025-07-07 20:45:44]   - Vote sur Striking Portraits à end-0m30s (ID: vote_103448_end-0m30s_20250707_204544) - Prochaine exécution: 2025-07-07 21:59:30
[2025-07-07 20:46:00] Décompte local démarré - mise à jour toutes les 10 secondes
[2025-07-07 20:46:20] Resynchronisation avec le serveur...
[2025-07-07 20:46:20] Fetching challenges...
[2025-07-07 20:50:13] Resynchronisation avec le serveur...
[2025-07-07 20:50:13] Fetching challenges...
[2025-07-07 20:51:20] Resynchronisation avec le serveur...
[2025-07-07 20:51:20] Fetching challenges...
[2025-07-07 20:55:13] Resynchronisation avec le serveur...
[2025-07-07 20:55:13] Fetching challenges...
[2025-07-07 20:56:20] Resynchronisation avec le serveur...
[2025-07-07 20:56:20] Fetching challenges...
[2025-07-07 20:58:00] Exécution du vote programmé: vote_103567_end-2m0s_20250707_204523
[2025-07-07 20:58:00] Challenge: Let's See Foggy Waters, Votes: 80
[2025-07-07 20:58:00] 🔍 Job terminé: vote_103567_end-2m0s_20250707_204523 - Jobs restants pour challenge 103567: 2
[2025-07-07 20:58:00] Let's See Foggy Waters get vote panel
[2025-07-07 20:58:00] Processus associé: vote_103567_end-2m0s_20250707_204523
[2025-07-07 20:58:00] Récupération des données de vote pour Let's See Foggy Waters (URL: let-s-see-foggy-waters1, HEADER:{'User-Agent': 'Mozilla/5.0 (X11; Linux i686; rv:39.0) Gecko/20100101 Firefox/39.0', 'x-api-version': '8', 'x-env': 'WEB', 'X-requested-with': 'XMLHttpRequest', 'X-token': 'f96bbe3a7e7f833329e7129767a69abbfa6dfce3152e3c2a311eb49d89b5c3bb2b12b66b402f03dce682b8b2b6a005cd'})
[2025-07-07 20:58:00] Récupération réussie: 200 images pour Let's See Foggy Waters
[2025-07-07 20:58:00] Voting fetching ...
[2025-07-07 20:58:00] Let's See Foggy Waters voting 80 images
[2025-07-07 20:58:01] Let's See Foggy Waters voted successfully
[2025-07-07 20:58:01] Processus supprimé pour pascale: vote_103567_end-2m0s_20250707_204523 - success
[2025-07-07 20:58:01] Processus mis à jour pour pascale: vote_103567_end-2m0s_20250707_204523 - success
[2025-07-07 20:58:01] Processus vote_103567_end-2m0s_20250707_204523 terminé avec succès
[2025-07-07 20:59:00] Exécution du vote programmé: vote_103567_end-1m0s_20250707_204523
[2025-07-07 20:59:00] Challenge: Let's See Foggy Waters, Votes: 40
[2025-07-07 20:59:00] 🔍 Job terminé: vote_103567_end-1m0s_20250707_204523 - Jobs restants pour challenge 103567: 1
[2025-07-07 20:59:00] Let's See Foggy Waters get vote panel
[2025-07-07 20:59:00] Processus associé: vote_103567_end-1m0s_20250707_204523
[2025-07-07 20:59:00] Récupération des données de vote pour Let's See Foggy Waters (URL: let-s-see-foggy-waters1, HEADER:{'User-Agent': 'Mozilla/5.0 (X11; Linux i686; rv:39.0) Gecko/20100101 Firefox/39.0', 'x-api-version': '8', 'x-env': 'WEB', 'X-requested-with': 'XMLHttpRequest', 'X-token': 'f96bbe3a7e7f833329e7129767a69abbfa6dfce3152e3c2a311eb49d89b5c3bb2b12b66b402f03dce682b8b2b6a005cd'})
[2025-07-07 20:59:00] Récupération réussie: 200 images pour Let's See Foggy Waters
[2025-07-07 20:59:00] Voting fetching ...
[2025-07-07 20:59:00] Let's See Foggy Waters voting 40 images
[2025-07-07 20:59:01] Let's See Foggy Waters voted successfully
[2025-07-07 20:59:01] Processus supprimé pour pascale: vote_103567_end-1m0s_20250707_204523 - success
[2025-07-07 20:59:01] Processus mis à jour pour pascale: vote_103567_end-1m0s_20250707_204523 - success
[2025-07-07 20:59:01] Processus vote_103567_end-1m0s_20250707_204523 terminé avec succès
[2025-07-07 20:59:30] Exécution du vote programmé: vote_103567_end-0m30s_20250707_204523
[2025-07-07 20:59:30] Challenge: Let's See Foggy Waters, Votes: 20
[2025-07-07 20:59:30] 🔍 Job terminé: vote_103567_end-0m30s_20250707_204523 - Jobs restants pour challenge 103567: 0
[2025-07-07 20:59:30] Let's See Foggy Waters get vote panel
[2025-07-07 20:59:30] 🧹 Nettoyage automatique: stratégie terminée pour challenge 103567
[2025-07-07 20:59:30] Processus associé: vote_103567_end-0m30s_20250707_204523
[2025-07-07 20:59:30] Récupération des données de vote pour Let's See Foggy Waters (URL: let-s-see-foggy-waters1, HEADER:{'User-Agent': 'Mozilla/5.0 (X11; Linux i686; rv:39.0) Gecko/20100101 Firefox/39.0', 'x-api-version': '8', 'x-env': 'WEB', 'X-requested-with': 'XMLHttpRequest', 'X-token': 'f96bbe3a7e7f833329e7129767a69abbfa6dfce3152e3c2a311eb49d89b5c3bb2b12b66b402f03dce682b8b2b6a005cd'})
[2025-07-07 20:59:30] 🗑️ Stratégie supprimée de la config: 2m
[2025-07-07 20:59:30] 🎯 Colonne stratégie vidée pour Let's See Foggy Waters
[2025-07-07 20:59:30] Récupération réussie: 200 images pour Let's See Foggy Waters
[2025-07-07 20:59:30] Voting fetching ...
[2025-07-07 20:59:30] Let's See Foggy Waters voting 20 images
[2025-07-07 20:59:31] Let's See Foggy Waters voted successfully
[2025-07-07 20:59:31] Processus supprimé pour pascale: vote_103567_end-0m30s_20250707_204523 - success
[2025-07-07 20:59:31] Processus mis à jour pour pascale: vote_103567_end-0m30s_20250707_204523 - success
[2025-07-07 20:59:31] Processus vote_103567_end-0m30s_20250707_204523 terminé avec succès
[2025-07-07 21:00:15] Challenge fermé supprimé pour pascale: Let's See Foggy Waters
[2025-07-07 21:00:15] Resynchronisation avec le serveur...
[2025-07-07 21:00:15] Suppression automatique de 1 challenge(s) fermé(s)
[2025-07-07 21:00:15] Fetching challenges...
[2025-07-07 21:00:16] Lancement automatique des stratégies de fin pour 1 nouveaux challenges...
[2025-07-07 21:00:16] Nouveau challenge détecté pour pascale: Let's See Foggy Waters
[2025-07-07 21:01:21] Resynchronisation avec le serveur...
[2025-07-07 21:01:21] Fetching challenges...
[2025-07-07 21:05:13] Challenge fermé supprimé pour pascale: Let's See Foggy Waters
[2025-07-07 21:05:13] Resynchronisation avec le serveur...
[2025-07-07 21:05:13] Suppression automatique de 1 challenge(s) fermé(s)
[2025-07-07 21:05:13] Fetching challenges...
[2025-07-07 21:06:20] Resynchronisation avec le serveur...
[2025-07-07 21:06:20] Fetching challenges...
[2025-07-07 21:10:13] Resynchronisation avec le serveur...
[2025-07-07 21:10:13] Fetching challenges...
[2025-07-07 21:11:20] Resynchronisation avec le serveur...
[2025-07-07 21:11:20] Fetching challenges...
[2025-07-07 21:15:13] Resynchronisation avec le serveur...
[2025-07-07 21:15:13] Fetching challenges...
[2025-07-07 21:16:20] Resynchronisation avec le serveur...
[2025-07-07 21:16:20] Fetching challenges...
[2025-07-07 21:18:48] Fetching challenges...
[2025-07-07 21:18:48] Fetch initial des challenges pour initialiser le décompte...
[2025-07-07 21:18:48] Fetching challenges...
[2025-07-07 21:18:48] Décompte programmé à 21:19:00
[2025-07-07 21:18:48] APScheduler démarré avec succès
[2025-07-07 21:18:50] Lancement automatique des stratégies de fin pour 1 nouveaux challenges...
[2025-07-07 21:18:50] Nouveau challenge détecté pour bruno: Furniture
[2025-07-07 21:18:50] Aucune stratégie programmée à restaurer
[2025-07-07 21:18:52] 📝 Ouverture de /Users/bruno/gsgui/src/gs/gsgui.ini dans l'éditeur
[2025-07-07 21:19:00] Décompte local démarré - mise à jour toutes les 10 secondes
[2025-07-07 21:19:06] 📝 Ouverture de /Users/bruno/gsgui/src/gs/strategies.ini dans l'éditeur
[2025-07-07 21:19:56] Stratégie chargée: alain - Stratégie conservative - 4m - votes répartis
[2025-07-07 21:19:56] Stratégie chargée: 4m - Stratégie conservative - 4m - votes répartis
[2025-07-07 21:19:56] Stratégie chargée: 3m - Stratégie conservative - 3m - votes répartis
[2025-07-07 21:19:56] Stratégie chargée: 2m - Stratégie conservative - 2m - votes répartis
[2025-07-07 21:19:56] Stratégie chargée: fill1 - Stratégie rapide - now - votes répartis
[2025-07-07 21:19:56] Stratégie chargée: when1 - Stratégie rapide - now - votes répartis
[2025-07-07 21:19:56] Stratégie chargée: novote - Stratégie rapide - now - votes répartis
[2025-07-07 21:19:56] Total: 7 stratégies de timing chargées
[2025-07-07 21:20:13] Resynchronisation avec le serveur...
[2025-07-07 21:20:13] Fetching challenges...
[2025-07-07 21:20:13] Aucune stratégie sélectionnée
[2025-07-07 21:20:15] 📝 Ouverture de /Users/bruno/gsgui/src/gs/strategies.ini dans l'éditeur
[2025-07-07 21:23:48] Resynchronisation avec le serveur...
[2025-07-07 21:23:48] Fetching challenges...
[2025-07-07 21:25:13] Resynchronisation avec le serveur...
[2025-07-07 21:25:13] Fetching challenges...
[2025-07-07 21:28:48] Resynchronisation avec le serveur...
[2025-07-07 21:28:48] Fetching challenges...
[2025-07-07 21:30:13] Resynchronisation avec le serveur...
[2025-07-07 21:30:13] Fetching challenges...
[2025-07-07 21:33:48] Resynchronisation avec le serveur...
[2025-07-07 21:33:48] Fetching challenges...
[2025-07-07 21:35:13] Resynchronisation avec le serveur...
[2025-07-07 21:35:13] Fetching challenges...
[2025-07-07 21:38:48] Resynchronisation avec le serveur...
[2025-07-07 21:38:48] Fetching challenges...
[2025-07-07 21:40:13] Resynchronisation avec le serveur...
[2025-07-07 21:40:13] Fetching challenges...
[2025-07-07 21:43:48] Resynchronisation avec le serveur...
[2025-07-07 21:43:48] Fetching challenges...
[2025-07-07 21:45:13] Resynchronisation avec le serveur...
[2025-07-07 21:45:13] Fetching challenges...
[2025-07-07 21:48:48] Resynchronisation avec le serveur...
[2025-07-07 21:48:48] Fetching challenges...
[2025-07-07 21:50:13] Resynchronisation avec le serveur...
[2025-07-07 21:50:13] Fetching challenges...
[2025-07-07 21:53:48] Resynchronisation avec le serveur...
[2025-07-07 21:53:48] Fetching challenges...
[2025-07-07 21:55:13] Resynchronisation avec le serveur...
[2025-07-07 21:55:13] Fetching challenges...
[2025-07-07 21:56:00] Exécution du vote programmé: vote_103448_end-4m0s_20250707_204544
[2025-07-07 21:56:00] Challenge: Striking Portraits, Votes: 70
[2025-07-07 21:56:00] 🔍 Job terminé: vote_103448_end-4m0s_20250707_204544 - Jobs restants pour challenge 103448: 4
[2025-07-07 21:56:00] Striking Portraits get vote panel
[2025-07-07 21:56:00] Processus associé: vote_103448_end-4m0s_20250707_204544
[2025-07-07 21:56:00] Récupération des données de vote pour Striking Portraits (URL: portraits51, HEADER:{'User-Agent': 'Mozilla/5.0 (X11; Linux i686; rv:39.0) Gecko/20100101 Firefox/39.0', 'x-api-version': '8', 'x-env': 'WEB', 'X-requested-with': 'XMLHttpRequest', 'X-token': 'f96bbe3a7e7f833329e7129767a69abbfa6dfce3152e3c2a311eb49d89b5c3bb2b12b66b402f03dce682b8b2b6a005cd'})
[2025-07-07 21:56:01] Récupération réussie: 200 images pour Striking Portraits
[2025-07-07 21:56:01] Voting fetching ...
[2025-07-07 21:56:01] Striking Portraits voting 70 images
[2025-07-07 21:56:02] Striking Portraits voted successfully
[2025-07-07 21:56:02] Processus supprimé pour pascale: vote_103448_end-4m0s_20250707_204544 - success
[2025-07-07 21:56:02] Processus mis à jour pour pascale: vote_103448_end-4m0s_20250707_204544 - success
[2025-07-07 21:56:02] Processus vote_103448_end-4m0s_20250707_204544 terminé avec succès
[2025-07-07 21:57:00] Exécution du vote programmé: vote_103448_end-3m0s_20250707_204544
[2025-07-07 21:57:00] Challenge: Striking Portraits, Votes: 40
[2025-07-07 21:57:00] 🔍 Job terminé: vote_103448_end-3m0s_20250707_204544 - Jobs restants pour challenge 103448: 3
[2025-07-07 21:57:00] Striking Portraits get vote panel
[2025-07-07 21:57:00] Processus associé: vote_103448_end-3m0s_20250707_204544
[2025-07-07 21:57:00] Récupération des données de vote pour Striking Portraits (URL: portraits51, HEADER:{'User-Agent': 'Mozilla/5.0 (X11; Linux i686; rv:39.0) Gecko/20100101 Firefox/39.0', 'x-api-version': '8', 'x-env': 'WEB', 'X-requested-with': 'XMLHttpRequest', 'X-token': 'f96bbe3a7e7f833329e7129767a69abbfa6dfce3152e3c2a311eb49d89b5c3bb2b12b66b402f03dce682b8b2b6a005cd'})
[2025-07-07 21:57:01] Récupération réussie: 200 images pour Striking Portraits
[2025-07-07 21:57:01] Voting fetching ...
[2025-07-07 21:57:01] Striking Portraits voting 40 images
[2025-07-07 21:57:02] Striking Portraits voted successfully
[2025-07-07 21:57:02] Processus supprimé pour pascale: vote_103448_end-3m0s_20250707_204544 - success
[2025-07-07 21:57:02] Processus mis à jour pour pascale: vote_103448_end-3m0s_20250707_204544 - success
[2025-07-07 21:57:02] Processus vote_103448_end-3m0s_20250707_204544 terminé avec succès
[2025-07-07 21:58:00] Exécution du vote programmé: vote_103448_end-2m0s_20250707_204544
[2025-07-07 21:58:00] Challenge: Striking Portraits, Votes: 40
[2025-07-07 21:58:00] 🔍 Job terminé: vote_103448_end-2m0s_20250707_204544 - Jobs restants pour challenge 103448: 2
[2025-07-07 21:58:00] Striking Portraits get vote panel
[2025-07-07 21:58:00] Processus associé: vote_103448_end-2m0s_20250707_204544
[2025-07-07 21:58:00] Récupération des données de vote pour Striking Portraits (URL: portraits51, HEADER:{'User-Agent': 'Mozilla/5.0 (X11; Linux i686; rv:39.0) Gecko/20100101 Firefox/39.0', 'x-api-version': '8', 'x-env': 'WEB', 'X-requested-with': 'XMLHttpRequest', 'X-token': 'f96bbe3a7e7f833329e7129767a69abbfa6dfce3152e3c2a311eb49d89b5c3bb2b12b66b402f03dce682b8b2b6a005cd'})
[2025-07-07 21:58:01] Récupération réussie: 200 images pour Striking Portraits
[2025-07-07 21:58:01] Voting fetching ...
[2025-07-07 21:58:01] Striking Portraits voting 40 images
[2025-07-07 21:58:05] Striking Portraits voted successfully
[2025-07-07 21:58:05] Processus supprimé pour pascale: vote_103448_end-2m0s_20250707_204544 - success
[2025-07-07 21:58:05] Processus mis à jour pour pascale: vote_103448_end-2m0s_20250707_204544 - success
[2025-07-07 21:58:05] Processus vote_103448_end-2m0s_20250707_204544 terminé avec succès
[2025-07-07 21:58:48] Resynchronisation avec le serveur...
[2025-07-07 21:58:48] Fetching challenges...
[2025-07-07 21:59:00] Exécution du vote programmé: vote_103448_end-1m0s_20250707_204544
[2025-07-07 21:59:00] Challenge: Striking Portraits, Votes: 40
[2025-07-07 21:59:00] 🔍 Job terminé: vote_103448_end-1m0s_20250707_204544 - Jobs restants pour challenge 103448: 1
[2025-07-07 21:59:00] Striking Portraits get vote panel
[2025-07-07 21:59:00] Processus associé: vote_103448_end-1m0s_20250707_204544
[2025-07-07 21:59:00] Récupération des données de vote pour Striking Portraits (URL: portraits51, HEADER:{'User-Agent': 'Mozilla/5.0 (X11; Linux i686; rv:39.0) Gecko/20100101 Firefox/39.0', 'x-api-version': '8', 'x-env': 'WEB', 'X-requested-with': 'XMLHttpRequest', 'X-token': 'f96bbe3a7e7f833329e7129767a69abbfa6dfce3152e3c2a311eb49d89b5c3bb2b12b66b402f03dce682b8b2b6a005cd'})
[2025-07-07 21:59:01] Récupération réussie: 200 images pour Striking Portraits
[2025-07-07 21:59:01] Voting fetching ...
[2025-07-07 21:59:01] Striking Portraits voting 40 images
[2025-07-07 21:59:01] Striking Portraits voted successfully
[2025-07-07 21:59:01] Processus supprimé pour pascale: vote_103448_end-1m0s_20250707_204544 - success
[2025-07-07 21:59:01] Processus mis à jour pour pascale: vote_103448_end-1m0s_20250707_204544 - success
[2025-07-07 21:59:01] Processus vote_103448_end-1m0s_20250707_204544 terminé avec succès
[2025-07-07 21:59:30] Exécution du vote programmé: vote_103448_end-0m30s_20250707_204544
[2025-07-07 21:59:30] Challenge: Striking Portraits, Votes: 20
[2025-07-07 21:59:30] 🔍 Job terminé: vote_103448_end-0m30s_20250707_204544 - Jobs restants pour challenge 103448: 0
[2025-07-07 21:59:30] 🧹 Nettoyage automatique: stratégie terminée pour challenge 103448
[2025-07-07 21:59:30] 🗑️ Stratégie supprimée de la config: 4m
[2025-07-07 21:59:30] Striking Portraits get vote panel
[2025-07-07 21:59:30] Processus associé: vote_103448_end-0m30s_20250707_204544
[2025-07-07 21:59:30] 🎯 Colonne stratégie vidée pour Striking Portraits
[2025-07-07 21:59:30] Récupération des données de vote pour Striking Portraits (URL: portraits51, HEADER:{'User-Agent': 'Mozilla/5.0 (X11; Linux i686; rv:39.0) Gecko/20100101 Firefox/39.0', 'x-api-version': '8', 'x-env': 'WEB', 'X-requested-with': 'XMLHttpRequest', 'X-token': 'f96bbe3a7e7f833329e7129767a69abbfa6dfce3152e3c2a311eb49d89b5c3bb2b12b66b402f03dce682b8b2b6a005cd'})
[2025-07-07 21:59:31] Récupération réussie: 200 images pour Striking Portraits
[2025-07-07 21:59:31] Voting fetching ...
[2025-07-07 21:59:31] Striking Portraits voting 20 images
[2025-07-07 21:59:31] Striking Portraits voted successfully
[2025-07-07 21:59:31] Processus supprimé pour pascale: vote_103448_end-0m30s_20250707_204544 - success
[2025-07-07 21:59:31] Processus mis à jour pour pascale: vote_103448_end-0m30s_20250707_204544 - success
[2025-07-07 21:59:31] Processus vote_103448_end-0m30s_20250707_204544 terminé avec succès
[2025-07-07 22:00:13] Resynchronisation avec le serveur...
[2025-07-07 22:00:13] Challenge fermé supprimé pour pascale: Striking Portraits
[2025-07-07 22:00:13] Fetching challenges...
[2025-07-07 22:00:13] Suppression automatique de 1 challenge(s) fermé(s)
[2025-07-07 22:00:14] Lancement automatique des stratégies de fin pour 1 nouveaux challenges...
[2025-07-07 22:00:14] Nouveau challenge détecté pour pascale: Striking Portraits
[2025-07-07 22:03:48] Resynchronisation avec le serveur...
[2025-07-07 22:03:48] Fetching challenges...
[2025-07-07 22:05:13] Challenge fermé supprimé pour pascale: Striking Portraits
[2025-07-07 22:05:13] Resynchronisation avec le serveur...
[2025-07-07 22:05:13] Suppression automatique de 1 challenge(s) fermé(s)
[2025-07-07 22:05:13] Fetching challenges...
[2025-07-07 22:05:14] Lancement automatique des stratégies de fin pour 1 nouveaux challenges...
[2025-07-07 22:05:14] Nouveau challenge détecté pour pascale: Striking Portraits
[2025-07-07 22:08:48] Resynchronisation avec le serveur...
[2025-07-07 22:08:48] Fetching challenges...
[2025-07-07 22:10:13] Challenge fermé supprimé pour pascale: Striking Portraits
[2025-07-07 22:10:13] Resynchronisation avec le serveur...
[2025-07-07 22:10:13] Suppression automatique de 1 challenge(s) fermé(s)
[2025-07-07 22:10:13] Fetching challenges...
[2025-07-07 22:10:14] Lancement automatique des stratégies de fin pour 1 nouveaux challenges...
[2025-07-07 22:10:14] Nouveau challenge détecté pour pascale: Striking Portraits
[2025-07-07 22:13:48] Resynchronisation avec le serveur...
[2025-07-07 22:13:48] Fetching challenges...
[2025-07-07 22:15:13] Challenge fermé supprimé pour pascale: Striking Portraits
[2025-07-07 22:15:13] Resynchronisation avec le serveur...
[2025-07-07 22:15:13] Suppression automatique de 1 challenge(s) fermé(s)
[2025-07-07 22:15:13] Fetching challenges...
[2025-07-07 22:18:48] Resynchronisation avec le serveur...
[2025-07-07 22:18:48] Fetching challenges...
[2025-07-07 22:20:13] Resynchronisation avec le serveur...
[2025-07-07 22:20:13] Fetching challenges...
[2025-07-07 22:23:48] Resynchronisation avec le serveur...
[2025-07-07 22:23:48] Fetching challenges...
[2025-07-07 22:25:13] Resynchronisation avec le serveur...
[2025-07-07 22:25:13] Fetching challenges...
[2025-07-07 22:28:48] Resynchronisation avec le serveur...
[2025-07-07 22:28:48] Fetching challenges...
[2025-07-07 22:30:13] Resynchronisation avec le serveur...
[2025-07-07 22:30:13] Fetching challenges...
[2025-07-07 22:33:48] Resynchronisation avec le serveur...
[2025-07-07 22:33:48] Fetching challenges...
[2025-07-07 22:35:13] Resynchronisation avec le serveur...
[2025-07-07 22:35:13] Fetching challenges...
[2025-07-07 22:38:48] Resynchronisation avec le serveur...
[2025-07-07 22:38:48] Fetching challenges...
[2025-07-07 22:40:13] Resynchronisation avec le serveur...
[2025-07-07 22:40:13] Fetching challenges...
[2025-07-07 22:41:38] 📝 Ouverture de /Users/bruno/gsgui/src/gs/strategies.ini dans l'éditeur
[2025-07-07 22:41:57] Stratégie chargée: alain - Stratégie conservative - 4m - votes répartis
[2025-07-07 22:41:57] Stratégie chargée: 4m - Stratégie conservative - 4m - votes répartis
[2025-07-07 22:41:57] Stratégie chargée: 3m - Stratégie conservative - 3m - votes répartis
[2025-07-07 22:41:57] Stratégie chargée: 2m - Stratégie conservative - 2m - votes répartis
[2025-07-07 22:41:57] Stratégie chargée: fill1 - Stratégie rapide - now - votes répartis
[2025-07-07 22:41:57] Stratégie chargée: when1 - Stratégie rapide - now - votes répartis
[2025-07-07 22:41:57] Stratégie chargée: novote - Stratégie rapide - now - votes répartis
[2025-07-07 22:41:57] Total: 7 stratégies de timing chargées
[2025-07-07 22:42:08] Aucune stratégie sélectionnée
[2025-07-07 22:42:12] APScheduler arrêté
[2025-07-07 22:42:19] Fetching challenges...
[2025-07-07 22:42:19] Fetch initial des challenges pour initialiser le décompte...
[2025-07-07 22:42:19] Fetching challenges...
[2025-07-07 22:42:19] Décompte programmé à 22:43:00
[2025-07-07 22:42:19] APScheduler démarré avec succès
[2025-07-07 22:42:21] Lancement automatique des stratégies de fin pour 1 nouveaux challenges...
[2025-07-07 22:42:21] Nouveau challenge détecté pour bruno: Furniture
[2025-07-07 22:42:21] Aucune stratégie programmée à restaurer
[2025-07-07 22:42:25] 📝 Ouverture de /Users/bruno/gsgui/src/gs/strategies.ini dans l'éditeur
[2025-07-07 22:42:25] 💡 Les modifications seront automatiquement prises en compte au prochain clic sur 'Lancer une stratégie de fin'
[2025-07-07 22:42:35] 🔄 Rechargement des stratégies depuis strategies.ini
[2025-07-07 22:42:35] ✅ Stratégie chargée: alain - Stratégie conservative - 4m - votes répartis
[2025-07-07 22:42:35] ✅ Stratégie chargée: Bruno - Stratégie Bruno - 2m - votes répartis
[2025-07-07 22:42:35] ✅ Stratégie chargée: 4m - Stratégie conservative - 4m - votes répartis
[2025-07-07 22:42:35] ✅ Stratégie chargée: 3m - Stratégie conservative - 3m - votes répartis
[2025-07-07 22:42:35] ✅ Stratégie chargée: 2m - Stratégie conservative - 2m - votes répartis
[2025-07-07 22:42:35] ✅ Stratégie chargée: fill1 - Stratégie rapide - now - votes répartis
[2025-07-07 22:42:35] ✅ Stratégie chargée: when1 - Stratégie rapide - now - votes répartis
[2025-07-07 22:42:35] ✅ Stratégie chargée: novote - Stratégie rapide - now - votes répartis
[2025-07-07 22:42:35] 🎯 Total: 8 stratégies de timing rechargées depuis le fichier
[2025-07-07 22:42:51] === Application de la stratégie '4m' ===
[2025-07-07 22:42:51] Description: Stratégie conservative - 4m - votes répartis
[2025-07-07 22:42:51] 
--- Challenge: Furniture ---
[2025-07-07 22:42:51] Fin du challenge: 08/07/2025, 02:00
[2025-07-07 22:42:51] 🔄 Rechargement des stratégies depuis strategies.ini
[2025-07-07 22:42:51] ✅ Stratégie chargée: alain - Stratégie conservative - 4m - votes répartis
[2025-07-07 22:42:51] ✅ Stratégie chargée: Bruno - Stratégie Bruno - 2m - votes répartis
[2025-07-07 22:42:51] ✅ Stratégie chargée: 4m - Stratégie conservative - 4m - votes répartis
[2025-07-07 22:42:51] ✅ Stratégie chargée: 3m - Stratégie conservative - 3m - votes répartis
[2025-07-07 22:42:51] ✅ Stratégie chargée: 2m - Stratégie conservative - 2m - votes répartis
[2025-07-07 22:42:51] ✅ Stratégie chargée: fill1 - Stratégie rapide - now - votes répartis
[2025-07-07 22:42:51] ✅ Stratégie chargée: when1 - Stratégie rapide - now - votes répartis
[2025-07-07 22:42:51] ✅ Stratégie chargée: novote - Stratégie rapide - now - votes répartis
[2025-07-07 22:42:51] 🎯 Total: 8 stratégies de timing rechargées depuis le fichier
[2025-07-07 22:42:51] Application de la stratégie '4m': Stratégie conservative - 4m - votes répartis
[2025-07-07 22:42:51] Calcul timing relatif end:
[2025-07-07 22:42:51]   - Fin du challenge: 08/07/2025 02:00:00
[2025-07-07 22:42:51]   - Offset: -4m0s (240s)
[2025-07-07 22:42:51]   - Déclenchement: 08/07/2025 01:56:00
[2025-07-07 22:42:51] Vote programmé: Vote sur Furniture à end-4m0s
[2025-07-07 22:42:51]   - Challenge: Furniture
[2025-07-07 22:42:51]   - Heure de déclenchement: 08/07/2025 01:56:00
[2025-07-07 22:42:51]   - Votes: 70
[2025-07-07 22:42:51]   - ID tâche: vote_103593_end-4m0s_20250707_224251
[2025-07-07 22:42:51] Calcul timing relatif end:
[2025-07-07 22:42:51]   - Fin du challenge: 08/07/2025 02:00:00
[2025-07-07 22:42:51]   - Offset: -3m0s (180s)
[2025-07-07 22:42:51]   - Déclenchement: 08/07/2025 01:57:00
[2025-07-07 22:42:51] Vote programmé: Vote sur Furniture à end-3m0s
[2025-07-07 22:42:51]   - Challenge: Furniture
[2025-07-07 22:42:51]   - Heure de déclenchement: 08/07/2025 01:57:00
[2025-07-07 22:42:51]   - Votes: 40
[2025-07-07 22:42:51]   - ID tâche: vote_103593_end-3m0s_20250707_224251
[2025-07-07 22:42:51] Calcul timing relatif end:
[2025-07-07 22:42:51]   - Fin du challenge: 08/07/2025 02:00:00
[2025-07-07 22:42:51]   - Offset: -2m0s (120s)
[2025-07-07 22:42:51]   - Déclenchement: 08/07/2025 01:58:00
[2025-07-07 22:42:51] Vote programmé: Vote sur Furniture à end-2m0s
[2025-07-07 22:42:51]   - Challenge: Furniture
[2025-07-07 22:42:51]   - Heure de déclenchement: 08/07/2025 01:58:00
[2025-07-07 22:42:51]   - Votes: 40
[2025-07-07 22:42:51]   - ID tâche: vote_103593_end-2m0s_20250707_224251
[2025-07-07 22:42:51] Calcul timing relatif end:
[2025-07-07 22:42:51]   - Fin du challenge: 08/07/2025 02:00:00
[2025-07-07 22:42:51]   - Offset: -1m0s (60s)
[2025-07-07 22:42:51]   - Déclenchement: 08/07/2025 01:59:00
[2025-07-07 22:42:51] Vote programmé: Vote sur Furniture à end-1m0s
[2025-07-07 22:42:51]   - Challenge: Furniture
[2025-07-07 22:42:51]   - Heure de déclenchement: 08/07/2025 01:59:00
[2025-07-07 22:42:51]   - Votes: 40
[2025-07-07 22:42:51]   - ID tâche: vote_103593_end-1m0s_20250707_224251
[2025-07-07 22:42:51] Calcul timing relatif end:
[2025-07-07 22:42:51]   - Fin du challenge: 08/07/2025 02:00:00
[2025-07-07 22:42:51]   - Offset: -0m30s (30s)
[2025-07-07 22:42:51]   - Déclenchement: 08/07/2025 01:59:30
[2025-07-07 22:42:51] Vote programmé: Vote sur Furniture à end-0m30s
[2025-07-07 22:42:51]   - Challenge: Furniture
[2025-07-07 22:42:51]   - Heure de déclenchement: 08/07/2025 01:59:30
[2025-07-07 22:42:51]   - Votes: 20
[2025-07-07 22:42:51]   - ID tâche: vote_103593_end-0m30s_20250707_224251
[2025-07-07 22:42:51] Stratégie programmée: 5/5 votes pour Furniture
[2025-07-07 22:42:51] Stratégie '4m' appliquée avec succès à Furniture
[2025-07-07 22:42:51] 🔧 DEBUG: Début sauvegarde stratégie '4m' pour challenge ID: 103593
[2025-07-07 22:42:51] 🔧 DEBUG: Section scheduled_strategies créée
[2025-07-07 22:42:51] 🔧 DEBUG: Strategy info à sauvegarder: {'strategy_name': '4m', 'scheduled_at': '2025-07-07 22:42:51', 'challenge_title': 'Furniture', 'challenge_end_time': '08/07/2025, 02:00'}
[2025-07-07 22:42:51] 💾 Stratégie '4m' sauvegardée pour Furniture
[2025-07-07 22:42:51] 🔧 DEBUG: Fichier config écrit avec succès
[2025-07-07 22:42:51] Calcul timing relatif end:
[2025-07-07 22:42:51]   - Fin du challenge: 08/07/2025 02:00:00
[2025-07-07 22:42:51]   - Offset: -4m0s (240s)
[2025-07-07 22:42:51]   - Déclenchement: 08/07/2025 01:56:00
[2025-07-07 22:42:51] Calcul timing relatif end:
[2025-07-07 22:42:51]   - Fin du challenge: 08/07/2025 02:00:00
[2025-07-07 22:42:51]   - Offset: -3m0s (180s)
[2025-07-07 22:42:51]   - Déclenchement: 08/07/2025 01:57:00
[2025-07-07 22:42:51] Calcul timing relatif end:
[2025-07-07 22:42:51]   - Fin du challenge: 08/07/2025 02:00:00
[2025-07-07 22:42:51]   - Offset: -2m0s (120s)
[2025-07-07 22:42:51]   - Déclenchement: 08/07/2025 01:58:00
[2025-07-07 22:42:51] Calcul timing relatif end:
[2025-07-07 22:42:51]   - Fin du challenge: 08/07/2025 02:00:00
[2025-07-07 22:42:51]   - Offset: -1m0s (60s)
[2025-07-07 22:42:51]   - Déclenchement: 08/07/2025 01:59:00
[2025-07-07 22:42:51] Calcul timing relatif end:
[2025-07-07 22:42:51]   - Fin du challenge: 08/07/2025 02:00:00
[2025-07-07 22:42:51]   - Offset: -0m30s (30s)
[2025-07-07 22:42:51]   - Déclenchement: 08/07/2025 01:59:30
[2025-07-07 22:42:51] Application de la stratégie '4m' pour les challenges sélectionnés:
✅ Furniture - Stratégie programmée
   • 70 votes à 01:56:00 (end-4m0s)
   • 40 votes à 01:57:00 (end-3m0s)
   • 40 votes à 01:58:00 (end-2m0s)
   • 40 votes à 01:59:00 (end-1m0s)
   • 20 votes à 01:59:30 (end-0m30s)

[2025-07-07 22:42:51] Tâches programmées:
[2025-07-07 22:42:51]   - Démarrage du décompte au changement de minute (ID: initial_countdown) - Prochaine exécution: 2025-07-07 22:43:00
[2025-07-07 22:42:51]   - Vérification des processus bloqués (ID: check_stalled_processes) - Prochaine exécution: 2025-07-07 22:43:19
[2025-07-07 22:42:51]   - Nettoyage des stratégies terminées (ID: cleanup_strategies) - Prochaine exécution: 2025-07-07 22:44:19
[2025-07-07 22:42:51]   - Suppression des challenges fermés (ID: purge_closed_challenges) - Prochaine exécution: 2025-07-07 22:47:19
[2025-07-07 22:42:51]   - Synchronisation avec le serveur (ID: server_sync) - Prochaine exécution: 2025-07-07 22:47:19
[2025-07-07 22:42:51]   - Vote sur Furniture à end-4m0s (ID: vote_103593_end-4m0s_20250707_224251) - Prochaine exécution: 2025-07-08 01:56:00
[2025-07-07 22:42:51]   - Vote sur Furniture à end-3m0s (ID: vote_103593_end-3m0s_20250707_224251) - Prochaine exécution: 2025-07-08 01:57:00
[2025-07-07 22:42:51]   - Vote sur Furniture à end-2m0s (ID: vote_103593_end-2m0s_20250707_224251) - Prochaine exécution: 2025-07-08 01:58:00
[2025-07-07 22:42:51]   - Vote sur Furniture à end-1m0s (ID: vote_103593_end-1m0s_20250707_224251) - Prochaine exécution: 2025-07-08 01:59:00
[2025-07-07 22:42:51]   - Vote sur Furniture à end-0m30s (ID: vote_103593_end-0m30s_20250707_224251) - Prochaine exécution: 2025-07-08 01:59:30
[2025-07-07 22:43:00] Décompte local démarré - mise à jour toutes les 10 secondes
[2025-07-07 22:43:22] 📝 Ouverture de /Users/bruno/gsgui/src/gs/strategies.ini dans l'éditeur
[2025-07-07 22:43:22] 💡 Les modifications seront automatiquement prises en compte au prochain clic sur 'Lancer une stratégie de fin'
[2025-07-07 22:45:13] Resynchronisation avec le serveur...
[2025-07-07 22:45:13] Fetching challenges...
[2025-07-07 22:47:19] Resynchronisation avec le serveur...
[2025-07-07 22:47:19] Fetching challenges...
[2025-07-07 22:50:13] Resynchronisation avec le serveur...
[2025-07-07 22:50:13] Fetching challenges...
[2025-07-07 22:52:19] Resynchronisation avec le serveur...
[2025-07-07 22:52:19] Fetching challenges...
[2025-07-07 22:55:13] Resynchronisation avec le serveur...
[2025-07-07 22:55:13] Fetching challenges...
[2025-07-07 22:57:19] Resynchronisation avec le serveur...
[2025-07-07 22:57:19] Fetching challenges...
[2025-07-07 23:00:13] Resynchronisation avec le serveur...
[2025-07-07 23:00:13] Fetching challenges...
[2025-07-07 23:02:19] Resynchronisation avec le serveur...
[2025-07-07 23:02:19] Fetching challenges...
[2025-07-07 23:05:13] Resynchronisation avec le serveur...
[2025-07-07 23:05:13] Fetching challenges...
[2025-07-07 23:07:19] Resynchronisation avec le serveur...
[2025-07-07 23:07:19] Fetching challenges...
[2025-07-07 23:10:13] Resynchronisation avec le serveur...
[2025-07-07 23:10:13] Fetching challenges...
[2025-07-07 23:12:19] Resynchronisation avec le serveur...
[2025-07-07 23:12:19] Fetching challenges...
[2025-07-07 23:15:13] Resynchronisation avec le serveur...
[2025-07-07 23:15:13] Fetching challenges...
[2025-07-07 23:17:19] Resynchronisation avec le serveur...
[2025-07-07 23:17:19] Fetching challenges...
[2025-07-07 23:17:20] Lancement automatique des stratégies de fin pour 1 nouveaux challenges...
[2025-07-07 23:17:20] Nouveau challenge détecté pour bruno: Photographers In Action
[2025-07-07 23:20:13] Resynchronisation avec le serveur...
[2025-07-07 23:20:13] Fetching challenges...
[2025-07-07 23:22:19] Resynchronisation avec le serveur...
[2025-07-07 23:22:19] Fetching challenges...
[2025-07-07 23:22:20] Lancement automatique des stratégies de fin pour 3 nouveaux challenges...
[2025-07-07 23:22:20] Nouveau challenge détecté pour bruno: All Large Cats
[2025-07-07 23:22:20] Nouveau challenge détecté pour bruno: Power of Triangles
[2025-07-07 23:22:20] Nouveau challenge détecté pour bruno: History In Architecture
[2025-07-07 23:22:34] Refreshing challenges...
[2025-07-07 23:22:34] Fetching challenges...
[2025-07-07 23:22:53] Photographers In Action get vote panel
[2025-07-07 23:22:53] Power of Triangles get vote panel
[2025-07-07 23:22:53] All Large Cats get vote panel
[2025-07-07 23:22:53] History In Architecture get vote panel
[2025-07-07 23:22:53] Filling challenges: {103616, 103588, 103639, 103581}
Filled Photographers In Action with strategy None
Filled Power of Triangles with strategy None
Filled All Large Cats with strategy None
Filled History In Architecture with strategy None

[2025-07-07 23:22:53] Récupération des données de vote pour Photographers In Action (URL: photographers-in-action7, HEADER:{'User-Agent': 'Mozilla/5.0 (X11; Linux i686; rv:39.0) Gecko/20100101 Firefox/39.0', 'x-api-version': '8', 'x-env': 'WEB', 'X-requested-with': 'XMLHttpRequest', 'X-token': 'a1cad95a6d480c14f51dd0eba4914c8337b893c789ec6278bb440c7c9a673b162f042470c62684e6da2bd342ffea7777'})
[2025-07-07 23:22:53] Récupération des données de vote pour Power of Triangles (URL: power-of-triangles2, HEADER:{'User-Agent': 'Mozilla/5.0 (X11; Linux i686; rv:39.0) Gecko/20100101 Firefox/39.0', 'x-api-version': '8', 'x-env': 'WEB', 'X-requested-with': 'XMLHttpRequest', 'X-token': 'a1cad95a6d480c14f51dd0eba4914c8337b893c789ec6278bb440c7c9a673b162f042470c62684e6da2bd342ffea7777'})
[2025-07-07 23:22:53] Récupération des données de vote pour All Large Cats (URL: all-large-cats1, HEADER:{'User-Agent': 'Mozilla/5.0 (X11; Linux i686; rv:39.0) Gecko/20100101 Firefox/39.0', 'x-api-version': '8', 'x-env': 'WEB', 'X-requested-with': 'XMLHttpRequest', 'X-token': 'a1cad95a6d480c14f51dd0eba4914c8337b893c789ec6278bb440c7c9a673b162f042470c62684e6da2bd342ffea7777'})
[2025-07-07 23:22:53] Récupération des données de vote pour History In Architecture (URL: history-in-architecture1, HEADER:{'User-Agent': 'Mozilla/5.0 (X11; Linux i686; rv:39.0) Gecko/20100101 Firefox/39.0', 'x-api-version': '8', 'x-env': 'WEB', 'X-requested-with': 'XMLHttpRequest', 'X-token': 'a1cad95a6d480c14f51dd0eba4914c8337b893c789ec6278bb440c7c9a673b162f042470c62684e6da2bd342ffea7777'})
[2025-07-07 23:22:54] Récupération réussie: 200 images pour Photographers In Action
[2025-07-07 23:22:54] Voting fetching ...
[2025-07-07 23:22:54] Photographers In Action voting 35 images
[2025-07-07 23:22:54] Récupération réussie: 200 images pour All Large Cats
[2025-07-07 23:22:54] Voting fetching ...
[2025-07-07 23:22:54] All Large Cats voting 35 images
[2025-07-07 23:22:54] Récupération réussie: 200 images pour Power of Triangles
[2025-07-07 23:22:54] Voting fetching ...
[2025-07-07 23:22:54] Power of Triangles voting 35 images
[2025-07-07 23:22:54] Récupération réussie: 200 images pour History In Architecture
[2025-07-07 23:22:54] Voting fetching ...
[2025-07-07 23:22:54] History In Architecture voting 35 images
[2025-07-07 23:22:54] Power of Triangles voted successfully
[2025-07-07 23:22:56] All Large Cats voted successfully
[2025-07-07 23:22:58] Photographers In Action voted successfully
[2025-07-07 23:23:00] History In Architecture voted successfully
[2025-07-07 23:23:26] Photographers In Action get vote panel
[2025-07-07 23:23:26] Power of Triangles get vote panel
[2025-07-07 23:23:26] All Large Cats get vote panel
[2025-07-07 23:23:26] History In Architecture get vote panel
[2025-07-07 23:23:26] Filling challenges: {103616, 103588, 103639, 103581}
Filled Photographers In Action with strategy None
Filled Power of Triangles with strategy None
Filled All Large Cats with strategy None
Filled History In Architecture with strategy None

[2025-07-07 23:23:26] Récupération des données de vote pour Photographers In Action (URL: photographers-in-action7, HEADER:{'User-Agent': 'Mozilla/5.0 (X11; Linux i686; rv:39.0) Gecko/20100101 Firefox/39.0', 'x-api-version': '8', 'x-env': 'WEB', 'X-requested-with': 'XMLHttpRequest', 'X-token': 'a1cad95a6d480c14f51dd0eba4914c8337b893c789ec6278bb440c7c9a673b162f042470c62684e6da2bd342ffea7777'})
[2025-07-07 23:23:26] Récupération des données de vote pour Power of Triangles (URL: power-of-triangles2, HEADER:{'User-Agent': 'Mozilla/5.0 (X11; Linux i686; rv:39.0) Gecko/20100101 Firefox/39.0', 'x-api-version': '8', 'x-env': 'WEB', 'X-requested-with': 'XMLHttpRequest', 'X-token': 'a1cad95a6d480c14f51dd0eba4914c8337b893c789ec6278bb440c7c9a673b162f042470c62684e6da2bd342ffea7777'})
[2025-07-07 23:23:26] Récupération des données de vote pour All Large Cats (URL: all-large-cats1, HEADER:{'User-Agent': 'Mozilla/5.0 (X11; Linux i686; rv:39.0) Gecko/20100101 Firefox/39.0', 'x-api-version': '8', 'x-env': 'WEB', 'X-requested-with': 'XMLHttpRequest', 'X-token': 'a1cad95a6d480c14f51dd0eba4914c8337b893c789ec6278bb440c7c9a673b162f042470c62684e6da2bd342ffea7777'})
[2025-07-07 23:23:26] Récupération des données de vote pour History In Architecture (URL: history-in-architecture1, HEADER:{'User-Agent': 'Mozilla/5.0 (X11; Linux i686; rv:39.0) Gecko/20100101 Firefox/39.0', 'x-api-version': '8', 'x-env': 'WEB', 'X-requested-with': 'XMLHttpRequest', 'X-token': 'a1cad95a6d480c14f51dd0eba4914c8337b893c789ec6278bb440c7c9a673b162f042470c62684e6da2bd342ffea7777'})
[2025-07-07 23:23:27] Récupération réussie: 200 images pour Photographers In Action
[2025-07-07 23:23:27] Voting fetching ...
[2025-07-07 23:23:27] Photographers In Action voting 35 images
[2025-07-07 23:23:27] Récupération réussie: 200 images pour All Large Cats
[2025-07-07 23:23:27] Voting fetching ...
[2025-07-07 23:23:27] All Large Cats voting 35 images
[2025-07-07 23:23:27] Récupération réussie: 200 images pour Power of Triangles
[2025-07-07 23:23:27] Voting fetching ...
[2025-07-07 23:23:27] Power of Triangles voting 35 images
[2025-07-07 23:23:27] Récupération réussie: 200 images pour History In Architecture
[2025-07-07 23:23:27] Voting fetching ...
[2025-07-07 23:23:27] History In Architecture voting 35 images
[2025-07-07 23:23:28] Photographers In Action voted successfully
[2025-07-07 23:23:30] All Large Cats voted successfully
[2025-07-07 23:23:32] Power of Triangles voted successfully
[2025-07-07 23:23:34] History In Architecture voted successfully
[2025-07-07 23:25:13] Resynchronisation avec le serveur...
[2025-07-07 23:25:13] Fetching challenges...
[2025-07-07 23:27:19] Resynchronisation avec le serveur...
[2025-07-07 23:27:19] Fetching challenges...
[2025-07-07 23:27:20] Lancement automatique des stratégies de fin pour 1 nouveaux challenges...
[2025-07-07 23:27:20] Nouveau challenge détecté pour bruno: Silhouettes Of People
[2025-07-07 23:27:59] Désélection de tous les challenges

[2025-07-07 23:28:03] Furniture get vote panel
[2025-07-07 23:28:03] Filling challenges: {103593}
Filled Furniture with strategy None

[2025-07-07 23:28:03] Récupération des données de vote pour Furniture (URL: furniture3, HEADER:{'User-Agent': 'Mozilla/5.0 (X11; Linux i686; rv:39.0) Gecko/20100101 Firefox/39.0', 'x-api-version': '8', 'x-env': 'WEB', 'X-requested-with': 'XMLHttpRequest', 'X-token': 'a1cad95a6d480c14f51dd0eba4914c8337b893c789ec6278bb440c7c9a673b162f042470c62684e6da2bd342ffea7777'})
[2025-07-07 23:28:04] Récupération réussie: 200 images pour Furniture
[2025-07-07 23:28:04] Voting fetching ...
[2025-07-07 23:28:04] Furniture voting 35 images
[2025-07-07 23:28:04] Furniture voted successfully
[2025-07-07 23:28:21] Furniture get vote panel
[2025-07-07 23:28:21] Filling challenges: {103593}
Filled Furniture with strategy None

[2025-07-07 23:28:21] Récupération des données de vote pour Furniture (URL: furniture3, HEADER:{'User-Agent': 'Mozilla/5.0 (X11; Linux i686; rv:39.0) Gecko/20100101 Firefox/39.0', 'x-api-version': '8', 'x-env': 'WEB', 'X-requested-with': 'XMLHttpRequest', 'X-token': 'a1cad95a6d480c14f51dd0eba4914c8337b893c789ec6278bb440c7c9a673b162f042470c62684e6da2bd342ffea7777'})
[2025-07-07 23:28:22] Récupération réussie: 200 images pour Furniture
[2025-07-07 23:28:22] Voting fetching ...
[2025-07-07 23:28:22] Furniture voting 35 images
[2025-07-07 23:28:22] Furniture voted successfully
[2025-07-07 23:30:13] Resynchronisation avec le serveur...
[2025-07-07 23:30:13] Fetching challenges...
[2025-07-07 23:32:19] Resynchronisation avec le serveur...
[2025-07-07 23:32:19] Fetching challenges...
[2025-07-07 23:35:13] Resynchronisation avec le serveur...
[2025-07-07 23:35:13] Fetching challenges...
[2025-07-07 23:36:24] 📝 Ouverture de /Users/bruno/gsgui/src/gs/strategies.ini dans l'éditeur
[2025-07-07 23:36:24] 💡 Les modifications seront automatiquement prises en compte au prochain clic sur 'Lancer une stratégie de fin'
[2025-07-07 23:37:16] 🔄 Rechargement des stratégies depuis strategies.ini
[2025-07-07 23:37:16] ✅ Stratégie chargée: alain - Stratégie conservative - 4m - votes répartis
[2025-07-07 23:37:16] Erreur lors du chargement des stratégies de timing: invalid literal for int() with base 10: 'end-2m0s,80'
[2025-07-07 23:37:16] Aucune stratégie de timing disponible
[2025-07-07 23:37:19] Resynchronisation avec le serveur...
[2025-07-07 23:37:19] Fetching challenges...
[2025-07-07 23:37:26] 🔄 Rechargement des stratégies depuis strategies.ini
[2025-07-07 23:37:26] ✅ Stratégie chargée: alain - Stratégie conservative - 4m - votes répartis
[2025-07-07 23:37:26] Erreur lors du chargement des stratégies de timing: invalid literal for int() with base 10: 'end-2m0s,80'
[2025-07-07 23:37:26] Aucune stratégie de timing disponible
[2025-07-07 23:37:29] 📝 Ouverture de /Users/bruno/gsgui/src/gs/strategies.ini dans l'éditeur
[2025-07-07 23:37:29] 💡 Les modifications seront automatiquement prises en compte au prochain clic sur 'Lancer une stratégie de fin'
[2025-07-07 23:37:37] 📝 Ouverture de /Users/bruno/gsgui/src/gs/strategies.ini dans l'éditeur
[2025-07-07 23:37:37] 💡 Les modifications seront automatiquement prises en compte au prochain clic sur 'Lancer une stratégie de fin'
[2025-07-07 23:39:28] APScheduler arrêté
[2025-07-07 23:39:38] Fetching challenges...
[2025-07-07 23:39:38] Fetch initial des challenges pour initialiser le décompte...
[2025-07-07 23:39:38] Fetching challenges...
[2025-07-07 23:39:38] Décompte programmé à 23:40:00
[2025-07-07 23:39:38] APScheduler démarré avec succès
[2025-07-07 23:39:40] Lancement automatique des stratégies de fin pour 6 nouveaux challenges...
[2025-07-07 23:39:40] Nouveau challenge détecté pour bruno: All Large Cats
[2025-07-07 23:39:40] Nouveau challenge détecté pour bruno: Furniture
[2025-07-07 23:39:40] Nouveau challenge détecté pour bruno: Photographers In Action
[2025-07-07 23:39:40] Nouveau challenge détecté pour bruno: Power of Triangles
[2025-07-07 23:39:40] Nouveau challenge détecté pour bruno: Silhouettes Of People
[2025-07-07 23:39:40] Nouveau challenge détecté pour bruno: History In Architecture
[2025-07-07 23:39:40] 🔧 DEBUG: 6 challenges disponibles pour restauration
[2025-07-07 23:39:40] 🔄 Restauration des stratégies programmées...
[2025-07-07 23:39:40] 🔄 Rechargement des stratégies depuis strategies.ini
[2025-07-07 23:39:40] ✅ Stratégie chargée: alain - Stratégie conservative - 4m - votes répartis
[2025-07-07 23:39:40] ✅ Stratégie chargée: Bruno - Stratégie Bruno - 2m - votes répartis
[2025-07-07 23:39:40] ✅ Stratégie chargée: 4m - Stratégie conservative - 4m - votes répartis
[2025-07-07 23:39:40] ✅ Stratégie chargée: 3m - Stratégie conservative - 3m - votes répartis
[2025-07-07 23:39:40] ✅ Stratégie chargée: 2m - Stratégie conservative - 2m - votes répartis
[2025-07-07 23:39:40] ✅ Stratégie chargée: fill70 - Stratégie rapide - now - votes répartis
[2025-07-07 23:39:40] ✅ Stratégie chargée: when1 - Stratégie rapide - now - votes répartis
[2025-07-07 23:39:40] ✅ Stratégie chargée: novote - Stratégie rapide - now - votes répartis
[2025-07-07 23:39:40] 🎯 Total: 8 stratégies de timing rechargées depuis le fichier
[2025-07-07 23:39:40] 🔄 Rechargement des stratégies depuis strategies.ini
[2025-07-07 23:39:40] ✅ Stratégie chargée: alain - Stratégie conservative - 4m - votes répartis
[2025-07-07 23:39:40] ✅ Stratégie chargée: Bruno - Stratégie Bruno - 2m - votes répartis
[2025-07-07 23:39:40] ✅ Stratégie chargée: 4m - Stratégie conservative - 4m - votes répartis
[2025-07-07 23:39:40] ✅ Stratégie chargée: 3m - Stratégie conservative - 3m - votes répartis
[2025-07-07 23:39:40] ✅ Stratégie chargée: 2m - Stratégie conservative - 2m - votes répartis
[2025-07-07 23:39:40] ✅ Stratégie chargée: fill70 - Stratégie rapide - now - votes répartis
[2025-07-07 23:39:40] ✅ Stratégie chargée: when1 - Stratégie rapide - now - votes répartis
[2025-07-07 23:39:40] ✅ Stratégie chargée: novote - Stratégie rapide - now - votes répartis
[2025-07-07 23:39:40] 🎯 Total: 8 stratégies de timing rechargées depuis le fichier
[2025-07-07 23:39:40] Application de la stratégie '4m': Stratégie conservative - 4m - votes répartis
[2025-07-07 23:39:40] Calcul timing relatif end:
[2025-07-07 23:39:40]   - Fin du challenge: 08/07/2025 02:00:00
[2025-07-07 23:39:40]   - Offset: -4m0s (240s)
[2025-07-07 23:39:40]   - Déclenchement: 08/07/2025 01:56:00
[2025-07-07 23:39:40] Vote programmé: Vote sur Furniture à end-4m0s
[2025-07-07 23:39:40]   - Challenge: Furniture
[2025-07-07 23:39:40]   - Heure de déclenchement: 08/07/2025 01:56:00
[2025-07-07 23:39:40]   - Votes: 70
[2025-07-07 23:39:40]   - ID tâche: vote_103593_end-4m0s_20250707_233940
[2025-07-07 23:39:40] Calcul timing relatif end:
[2025-07-07 23:39:40]   - Fin du challenge: 08/07/2025 02:00:00
[2025-07-07 23:39:40]   - Offset: -3m0s (180s)
[2025-07-07 23:39:40]   - Déclenchement: 08/07/2025 01:57:00
[2025-07-07 23:39:40] Vote programmé: Vote sur Furniture à end-3m0s
[2025-07-07 23:39:40]   - Challenge: Furniture
[2025-07-07 23:39:40]   - Heure de déclenchement: 08/07/2025 01:57:00
[2025-07-07 23:39:40]   - Votes: 40
[2025-07-07 23:39:40]   - ID tâche: vote_103593_end-3m0s_20250707_233940
[2025-07-07 23:39:40] Calcul timing relatif end:
[2025-07-07 23:39:40]   - Fin du challenge: 08/07/2025 02:00:00
[2025-07-07 23:39:40]   - Offset: -2m0s (120s)
[2025-07-07 23:39:40]   - Déclenchement: 08/07/2025 01:58:00
[2025-07-07 23:39:40] Vote programmé: Vote sur Furniture à end-2m0s
[2025-07-07 23:39:40]   - Challenge: Furniture
[2025-07-07 23:39:40]   - Heure de déclenchement: 08/07/2025 01:58:00
[2025-07-07 23:39:40]   - Votes: 40
[2025-07-07 23:39:40]   - ID tâche: vote_103593_end-2m0s_20250707_233940
[2025-07-07 23:39:40] Calcul timing relatif end:
[2025-07-07 23:39:40]   - Fin du challenge: 08/07/2025 02:00:00
[2025-07-07 23:39:40]   - Offset: -1m0s (60s)
[2025-07-07 23:39:40]   - Déclenchement: 08/07/2025 01:59:00
[2025-07-07 23:39:40] Vote programmé: Vote sur Furniture à end-1m0s
[2025-07-07 23:39:40]   - Challenge: Furniture
[2025-07-07 23:39:40]   - Heure de déclenchement: 08/07/2025 01:59:00
[2025-07-07 23:39:40]   - Votes: 40
[2025-07-07 23:39:40]   - ID tâche: vote_103593_end-1m0s_20250707_233940
[2025-07-07 23:39:40] Calcul timing relatif end:
[2025-07-07 23:39:40]   - Fin du challenge: 08/07/2025 02:00:00
[2025-07-07 23:39:40]   - Offset: -0m30s (30s)
[2025-07-07 23:39:40]   - Déclenchement: 08/07/2025 01:59:30
[2025-07-07 23:39:40] Vote programmé: Vote sur Furniture à end-0m30s
[2025-07-07 23:39:40]   - Challenge: Furniture
[2025-07-07 23:39:40]   - Heure de déclenchement: 08/07/2025 01:59:30
[2025-07-07 23:39:40]   - Votes: 20
[2025-07-07 23:39:40]   - ID tâche: vote_103593_end-0m30s_20250707_233940
[2025-07-07 23:39:40] Stratégie programmée: 5/5 votes pour Furniture
[2025-07-07 23:39:40] Stratégie '4m' appliquée avec succès à Furniture
[2025-07-07 23:39:40] 🔧 DEBUG: Début sauvegarde stratégie '4m' pour challenge ID: 103593
[2025-07-07 23:39:40] 🔧 DEBUG: Strategy info à sauvegarder: {'strategy_name': '4m', 'scheduled_at': '2025-07-07 23:39:40', 'challenge_title': 'Furniture', 'challenge_end_time': '08/07/2025, 02:00'}
[2025-07-07 23:39:40] 💾 Stratégie '4m' sauvegardée pour Furniture
[2025-07-07 23:39:40] 🔧 DEBUG: Fichier config écrit avec succès
[2025-07-07 23:39:40] ✅ Stratégie '4m' restaurée pour Furniture
[2025-07-07 23:39:40] 🎯 1 stratégie(s) restaurée(s) avec succès
[2025-07-07 23:39:45] 🔄 Rechargement des stratégies depuis strategies.ini
[2025-07-07 23:39:45] ✅ Stratégie chargée: alain - Stratégie conservative - 4m - votes répartis
[2025-07-07 23:39:45] ✅ Stratégie chargée: Bruno - Stratégie Bruno - 2m - votes répartis
[2025-07-07 23:39:45] ✅ Stratégie chargée: 4m - Stratégie conservative - 4m - votes répartis
[2025-07-07 23:39:45] ✅ Stratégie chargée: 3m - Stratégie conservative - 3m - votes répartis
[2025-07-07 23:39:45] ✅ Stratégie chargée: 2m - Stratégie conservative - 2m - votes répartis
[2025-07-07 23:39:45] ✅ Stratégie chargée: fill70 - Stratégie rapide - now - votes répartis
[2025-07-07 23:39:45] ✅ Stratégie chargée: when1 - Stratégie rapide - now - votes répartis
[2025-07-07 23:39:45] ✅ Stratégie chargée: novote - Stratégie rapide - now - votes répartis
[2025-07-07 23:39:45] 🎯 Total: 8 stratégies de timing rechargées depuis le fichier
[2025-07-07 23:39:56] Aucune stratégie sélectionnée
[2025-07-07 23:40:00] Décompte local démarré - mise à jour toutes les 10 secondes
[2025-07-07 23:40:10]    🗑️ Job supprimé: Vote sur Furniture à end-4m0s (ID: vote_103593_end-4m0s_20250707_233940)
[2025-07-07 23:40:10]    🗑️ Job supprimé: Vote sur Furniture à end-3m0s (ID: vote_103593_end-3m0s_20250707_233940)
[2025-07-07 23:40:10]    🗑️ Job supprimé: Vote sur Furniture à end-2m0s (ID: vote_103593_end-2m0s_20250707_233940)
[2025-07-07 23:40:10]    🗑️ Job supprimé: Vote sur Furniture à end-1m0s (ID: vote_103593_end-1m0s_20250707_233940)
[2025-07-07 23:40:10]    🗑️ Job supprimé: Vote sur Furniture à end-0m30s (ID: vote_103593_end-0m30s_20250707_233940)
[2025-07-07 23:40:10] 🗑️ Stratégie supprimée de la config: 4m
[2025-07-07 23:40:10] === ARRÊT DES STRATÉGIES ===
Challenges sélectionnés: 1

🛑 Challenge: Furniture
   ✅ 5 job(s) APScheduler supprimé(s)
   ⚪ Aucun processus legacy trouvé
   🗑️ Stratégie supprimée de la configuration

📊 RÉSUMÉ:
   • Jobs APScheduler supprimés: 5
   • Processus legacy arrêtés: Non

✅ Arrêt terminé avec succès!

[2025-07-07 23:40:13] Resynchronisation avec le serveur...
[2025-07-07 23:40:13] Fetching challenges...
[2025-07-07 23:40:20] 🔄 Rechargement des stratégies depuis strategies.ini
[2025-07-07 23:40:20] ✅ Stratégie chargée: alain - Stratégie conservative - 4m - votes répartis
[2025-07-07 23:40:20] ✅ Stratégie chargée: Bruno - Stratégie Bruno - 2m - votes répartis
[2025-07-07 23:40:20] ✅ Stratégie chargée: 4m - Stratégie conservative - 4m - votes répartis
[2025-07-07 23:40:20] ✅ Stratégie chargée: 3m - Stratégie conservative - 3m - votes répartis
[2025-07-07 23:40:20] ✅ Stratégie chargée: 2m - Stratégie conservative - 2m - votes répartis
[2025-07-07 23:40:20] ✅ Stratégie chargée: fill70 - Stratégie rapide - now - votes répartis
[2025-07-07 23:40:20] ✅ Stratégie chargée: when1 - Stratégie rapide - now - votes répartis
[2025-07-07 23:40:20] ✅ Stratégie chargée: novote - Stratégie rapide - now - votes répartis
[2025-07-07 23:40:20] 🎯 Total: 8 stratégies de timing rechargées depuis le fichier
[2025-07-07 23:40:24] === Application de la stratégie '4m' ===
[2025-07-07 23:40:24] Description: Stratégie conservative - 4m - votes répartis
[2025-07-07 23:40:24] 
--- Challenge: Furniture ---
[2025-07-07 23:40:24] Fin du challenge: 08/07/2025, 02:00
[2025-07-07 23:40:24] 🔄 Rechargement des stratégies depuis strategies.ini
[2025-07-07 23:40:24] ✅ Stratégie chargée: alain - Stratégie conservative - 4m - votes répartis
[2025-07-07 23:40:24] ✅ Stratégie chargée: Bruno - Stratégie Bruno - 2m - votes répartis
[2025-07-07 23:40:24] ✅ Stratégie chargée: 4m - Stratégie conservative - 4m - votes répartis
[2025-07-07 23:40:24] ✅ Stratégie chargée: 3m - Stratégie conservative - 3m - votes répartis
[2025-07-07 23:40:24] ✅ Stratégie chargée: 2m - Stratégie conservative - 2m - votes répartis
[2025-07-07 23:40:24] ✅ Stratégie chargée: fill70 - Stratégie rapide - now - votes répartis
[2025-07-07 23:40:24] ✅ Stratégie chargée: when1 - Stratégie rapide - now - votes répartis
[2025-07-07 23:40:24] ✅ Stratégie chargée: novote - Stratégie rapide - now - votes répartis
[2025-07-07 23:40:24] 🎯 Total: 8 stratégies de timing rechargées depuis le fichier
[2025-07-07 23:40:24] Application de la stratégie '4m': Stratégie conservative - 4m - votes répartis
[2025-07-07 23:40:24] Calcul timing relatif end:
[2025-07-07 23:40:24]   - Fin du challenge: 08/07/2025 02:00:00
[2025-07-07 23:40:24]   - Offset: -4m0s (240s)
[2025-07-07 23:40:24]   - Déclenchement: 08/07/2025 01:56:00
[2025-07-07 23:40:24] Vote programmé: Vote sur Furniture à end-4m0s
[2025-07-07 23:40:24]   - Challenge: Furniture
[2025-07-07 23:40:24]   - Heure de déclenchement: 08/07/2025 01:56:00
[2025-07-07 23:40:24]   - Votes: 70
[2025-07-07 23:40:24]   - ID tâche: vote_103593_end-4m0s_20250707_234024
[2025-07-07 23:40:24] Calcul timing relatif end:
[2025-07-07 23:40:24]   - Fin du challenge: 08/07/2025 02:00:00
[2025-07-07 23:40:24]   - Offset: -3m0s (180s)
[2025-07-07 23:40:24]   - Déclenchement: 08/07/2025 01:57:00
[2025-07-07 23:40:24] Vote programmé: Vote sur Furniture à end-3m0s
[2025-07-07 23:40:24]   - Challenge: Furniture
[2025-07-07 23:40:24]   - Heure de déclenchement: 08/07/2025 01:57:00
[2025-07-07 23:40:24]   - Votes: 40
[2025-07-07 23:40:24]   - ID tâche: vote_103593_end-3m0s_20250707_234024
[2025-07-07 23:40:24] Calcul timing relatif end:
[2025-07-07 23:40:24]   - Fin du challenge: 08/07/2025 02:00:00
[2025-07-07 23:40:24]   - Offset: -2m0s (120s)
[2025-07-07 23:40:24]   - Déclenchement: 08/07/2025 01:58:00
[2025-07-07 23:40:24] Vote programmé: Vote sur Furniture à end-2m0s
[2025-07-07 23:40:24]   - Challenge: Furniture
[2025-07-07 23:40:24]   - Heure de déclenchement: 08/07/2025 01:58:00
[2025-07-07 23:40:24]   - Votes: 40
[2025-07-07 23:40:24]   - ID tâche: vote_103593_end-2m0s_20250707_234024
[2025-07-07 23:40:24] Calcul timing relatif end:
[2025-07-07 23:40:24]   - Fin du challenge: 08/07/2025 02:00:00
[2025-07-07 23:40:24]   - Offset: -1m0s (60s)
[2025-07-07 23:40:24]   - Déclenchement: 08/07/2025 01:59:00
[2025-07-07 23:40:24] Vote programmé: Vote sur Furniture à end-1m0s
[2025-07-07 23:40:24]   - Challenge: Furniture
[2025-07-07 23:40:24]   - Heure de déclenchement: 08/07/2025 01:59:00
[2025-07-07 23:40:24]   - Votes: 40
[2025-07-07 23:40:24]   - ID tâche: vote_103593_end-1m0s_20250707_234024
[2025-07-07 23:40:24] Calcul timing relatif end:
[2025-07-07 23:40:24]   - Fin du challenge: 08/07/2025 02:00:00
[2025-07-07 23:40:24]   - Offset: -0m30s (30s)
[2025-07-07 23:40:24]   - Déclenchement: 08/07/2025 01:59:30
[2025-07-07 23:40:24] Vote programmé: Vote sur Furniture à end-0m30s
[2025-07-07 23:40:24]   - Challenge: Furniture
[2025-07-07 23:40:24]   - Heure de déclenchement: 08/07/2025 01:59:30
[2025-07-07 23:40:24]   - Votes: 20
[2025-07-07 23:40:24]   - ID tâche: vote_103593_end-0m30s_20250707_234024
[2025-07-07 23:40:24] Stratégie programmée: 5/5 votes pour Furniture
[2025-07-07 23:40:24] Stratégie '4m' appliquée avec succès à Furniture
[2025-07-07 23:40:24] 🔧 DEBUG: Début sauvegarde stratégie '4m' pour challenge ID: 103593
[2025-07-07 23:40:24] 🔧 DEBUG: Section scheduled_strategies créée
[2025-07-07 23:40:24] 🔧 DEBUG: Strategy info à sauvegarder: {'strategy_name': '4m', 'scheduled_at': '2025-07-07 23:40:24', 'challenge_title': 'Furniture', 'challenge_end_time': '08/07/2025, 02:00'}
[2025-07-07 23:40:24] 💾 Stratégie '4m' sauvegardée pour Furniture
[2025-07-07 23:40:24] 🔧 DEBUG: Fichier config écrit avec succès
[2025-07-07 23:40:24] Calcul timing relatif end:
[2025-07-07 23:40:24]   - Fin du challenge: 08/07/2025 02:00:00
[2025-07-07 23:40:24]   - Offset: -4m0s (240s)
[2025-07-07 23:40:24]   - Déclenchement: 08/07/2025 01:56:00
[2025-07-07 23:40:24] Calcul timing relatif end:
[2025-07-07 23:40:24]   - Fin du challenge: 08/07/2025 02:00:00
[2025-07-07 23:40:24]   - Offset: -3m0s (180s)
[2025-07-07 23:40:24]   - Déclenchement: 08/07/2025 01:57:00
[2025-07-07 23:40:24] Calcul timing relatif end:
[2025-07-07 23:40:24]   - Fin du challenge: 08/07/2025 02:00:00
[2025-07-07 23:40:24]   - Offset: -2m0s (120s)
[2025-07-07 23:40:24]   - Déclenchement: 08/07/2025 01:58:00
[2025-07-07 23:40:24] Calcul timing relatif end:
[2025-07-07 23:40:24]   - Fin du challenge: 08/07/2025 02:00:00
[2025-07-07 23:40:24]   - Offset: -1m0s (60s)
[2025-07-07 23:40:24]   - Déclenchement: 08/07/2025 01:59:00
[2025-07-07 23:40:24] Calcul timing relatif end:
[2025-07-07 23:40:24]   - Fin du challenge: 08/07/2025 02:00:00
[2025-07-07 23:40:24]   - Offset: -0m30s (30s)
[2025-07-07 23:40:24]   - Déclenchement: 08/07/2025 01:59:30
[2025-07-07 23:40:24] Application de la stratégie '4m' pour les challenges sélectionnés:
✅ Furniture - Stratégie programmée
   • vote 70 à 01:56:00 (end-4m0s)
   • vote 40 à 01:57:00 (end-3m0s)
   • vote 40 à 01:58:00 (end-2m0s)
   • vote 40 à 01:59:00 (end-1m0s)
   • vote 20 à 01:59:30 (end-0m30s)

[2025-07-07 23:40:24] Tâches programmées:
[2025-07-07 23:40:24]   - Mise à jour du décompte local (ID: countdown_refresh) - Prochaine exécution: 2025-07-07 23:40:30
[2025-07-07 23:40:24]   - Vérification des processus bloqués (ID: check_stalled_processes) - Prochaine exécution: 2025-07-07 23:40:38
[2025-07-07 23:40:24]   - Nettoyage des stratégies terminées (ID: cleanup_strategies) - Prochaine exécution: 2025-07-07 23:41:38
[2025-07-07 23:40:24]   - Suppression des challenges fermés (ID: purge_closed_challenges) - Prochaine exécution: 2025-07-07 23:44:38
[2025-07-07 23:40:24]   - Synchronisation avec le serveur (ID: server_sync) - Prochaine exécution: 2025-07-07 23:44:38
[2025-07-07 23:40:24]   - Vote sur Furniture à end-4m0s (ID: vote_103593_end-4m0s_20250707_234024) - Prochaine exécution: 2025-07-08 01:56:00
[2025-07-07 23:40:24]   - Vote sur Furniture à end-3m0s (ID: vote_103593_end-3m0s_20250707_234024) - Prochaine exécution: 2025-07-08 01:57:00
[2025-07-07 23:40:24]   - Vote sur Furniture à end-2m0s (ID: vote_103593_end-2m0s_20250707_234024) - Prochaine exécution: 2025-07-08 01:58:00
[2025-07-07 23:40:24]   - Vote sur Furniture à end-1m0s (ID: vote_103593_end-1m0s_20250707_234024) - Prochaine exécution: 2025-07-08 01:59:00
[2025-07-07 23:40:24]   - Vote sur Furniture à end-0m30s (ID: vote_103593_end-0m30s_20250707_234024) - Prochaine exécution: 2025-07-08 01:59:30
[2025-07-07 23:44:38] Resynchronisation avec le serveur...
[2025-07-07 23:44:38] Fetching challenges...
[2025-07-07 23:45:13] Resynchronisation avec le serveur...
[2025-07-07 23:45:13] Fetching challenges...
[2025-07-07 23:49:38] Resynchronisation avec le serveur...
[2025-07-07 23:49:38] Fetching challenges...
[2025-07-07 23:50:13] Resynchronisation avec le serveur...
[2025-07-07 23:50:13] Fetching challenges...
[2025-07-07 23:54:38] Resynchronisation avec le serveur...
[2025-07-07 23:54:38] Fetching challenges...
[2025-07-07 23:55:13] Resynchronisation avec le serveur...
[2025-07-07 23:55:13] Fetching challenges...
[2025-07-07 23:59:38] Resynchronisation avec le serveur...
[2025-07-07 23:59:38] Fetching challenges...
