[2025-06-13 10:26:28] Fetching challenges...
[2025-06-13 10:26:31] Challenges fetching ...
[2025-06-13 10:26:31] Lancement automatique des stratégies de fin pour 7 nouveaux challenges...
[2025-06-13 10:26:31] Nouveau challenge détecté pour bruno: 3 Forms of Water
[2025-06-13 10:26:31] Nouveau challenge détecté pour bruno: Dramatic Lighting
[2025-06-13 10:26:31] Nouveau challenge détecté pour bruno: Closed
[2025-06-13 10:26:31] Nouveau challenge détecté pour bruno: 500 Guru's Picks
[2025-06-13 10:26:31] Nouveau challenge détecté pour bruno: City Creatures
[2025-06-13 10:26:31] Nouveau challenge détecté pour bruno: Photo of the Week!
[2025-06-13 10:26:31] Nouveau challenge détecté pour bruno: Architectural Curves
[2025-06-13 10:26:31] Challenges fetched successfully for bruno!
[2025-06-13 10:26:40] Sélection de tous les challenges

[2025-06-13 10:26:49] Refreshing challenges...
[2025-06-13 10:26:49] Fetching challenges...
[2025-06-13 10:26:50] Challenges fetching ...
[2025-06-13 10:26:50] Challenges fetched successfully for bruno!
[2025-06-13 10:26:57] Architectural Curves get vote panel
[2025-06-13 10:26:57] City Creatures get vote panel
[2025-06-13 10:26:57] 500 Guru's Picks get vote panel
[2025-06-13 10:26:57] Closed get vote panel
[2025-06-13 10:26:57] Dramatic Lighting get vote panel
[2025-06-13 10:26:57] Photo of the Week! get vote panel
[2025-06-13 10:26:57] 3 Forms of Water get vote panel
[2025-06-13 10:26:57] Filling challenges: {101633, 101605, 102473, 101643, 101789, 102238, 101663}
Filled Architectural Curves with strategy end4
Filled City Creatures with strategy end4
Filled 500 Guru's Picks with strategy end4
Filled Closed with strategy end4
Filled Dramatic Lighting with strategy end4
Filled Photo of the Week! with strategy end4
Filled 3 Forms of Water with strategy end4

[2025-06-13 10:26:57] Récupération des données de vote pour Architectural Curves (URL: architectural-curves, HEADER:{'User-Agent': 'Mozilla/5.0 (X11; Linux i686; rv:39.0) Gecko/20100101 Firefox/39.0', 'x-api-version': '8', 'x-env': 'WEB', 'X-requested-with': 'XMLHttpRequest', 'X-token': 'a1cad95a6d480c14f51dd0eba4914c8337b893c789ec6278bb440c7c9a673b162f042470c62684e6da2bd342ffea7777'})
[2025-06-13 10:26:57] Récupération des données de vote pour City Creatures (URL: city-creatures2, HEADER:{'User-Agent': 'Mozilla/5.0 (X11; Linux i686; rv:39.0) Gecko/20100101 Firefox/39.0', 'x-api-version': '8', 'x-env': 'WEB', 'X-requested-with': 'XMLHttpRequest', 'X-token': 'a1cad95a6d480c14f51dd0eba4914c8337b893c789ec6278bb440c7c9a673b162f042470c62684e6da2bd342ffea7777'})
[2025-06-13 10:26:57] Récupération des données de vote pour 500 Guru's Picks (URL: 500-guru-s-picks79, HEADER:{'User-Agent': 'Mozilla/5.0 (X11; Linux i686; rv:39.0) Gecko/20100101 Firefox/39.0', 'x-api-version': '8', 'x-env': 'WEB', 'X-requested-with': 'XMLHttpRequest', 'X-token': 'a1cad95a6d480c14f51dd0eba4914c8337b893c789ec6278bb440c7c9a673b162f042470c62684e6da2bd342ffea7777'})
[2025-06-13 10:26:57] Récupération des données de vote pour Closed (URL: closed27, HEADER:{'User-Agent': 'Mozilla/5.0 (X11; Linux i686; rv:39.0) Gecko/20100101 Firefox/39.0', 'x-api-version': '8', 'x-env': 'WEB', 'X-requested-with': 'XMLHttpRequest', 'X-token': 'a1cad95a6d480c14f51dd0eba4914c8337b893c789ec6278bb440c7c9a673b162f042470c62684e6da2bd342ffea7777'})
[2025-06-13 10:26:57] Récupération des données de vote pour Dramatic Lighting (URL: dramatic-lighting11, HEADER:{'User-Agent': 'Mozilla/5.0 (X11; Linux i686; rv:39.0) Gecko/20100101 Firefox/39.0', 'x-api-version': '8', 'x-env': 'WEB', 'X-requested-with': 'XMLHttpRequest', 'X-token': 'a1cad95a6d480c14f51dd0eba4914c8337b893c789ec6278bb440c7c9a673b162f042470c62684e6da2bd342ffea7777'})
[2025-06-13 10:26:57] Récupération des données de vote pour Photo of the Week! (URL: photo-of-the-week-300, HEADER:{'User-Agent': 'Mozilla/5.0 (X11; Linux i686; rv:39.0) Gecko/20100101 Firefox/39.0', 'x-api-version': '8', 'x-env': 'WEB', 'X-requested-with': 'XMLHttpRequest', 'X-token': 'a1cad95a6d480c14f51dd0eba4914c8337b893c789ec6278bb440c7c9a673b162f042470c62684e6da2bd342ffea7777'})
[2025-06-13 10:26:57] Récupération des données de vote pour 3 Forms of Water (URL: liquid-gas-or-ice, HEADER:{'User-Agent': 'Mozilla/5.0 (X11; Linux i686; rv:39.0) Gecko/20100101 Firefox/39.0', 'x-api-version': '8', 'x-env': 'WEB', 'X-requested-with': 'XMLHttpRequest', 'X-token': 'a1cad95a6d480c14f51dd0eba4914c8337b893c789ec6278bb440c7c9a673b162f042470c62684e6da2bd342ffea7777'})
[2025-06-13 10:26:58] Récupération réussie: 200 images pour Photo of the Week!
[2025-06-13 10:26:58] Voting fetching ...
[2025-06-13 10:26:58] Photo of the Week! voting 35 images
[2025-06-13 10:27:01] Photo of the Week! voting 35 images
[2025-06-13 10:27:01] Récupération réussie: 200 images pour Architectural Curves
[2025-06-13 10:27:01] Voting fetching ...
[2025-06-13 10:27:01] Architectural Curves voting 35 images
[2025-06-13 10:27:04] Architectural Curves voting 35 images
[2025-06-13 10:27:04] Récupération réussie: 200 images pour Closed
[2025-06-13 10:27:04] Voting fetching ...
[2025-06-13 10:27:04] Closed voting 35 images
[2025-06-13 10:27:07] Closed voting 35 images
[2025-06-13 10:27:07] Récupération réussie: 200 images pour City Creatures
[2025-06-13 10:27:07] Voting fetching ...
[2025-06-13 10:27:07] City Creatures voting 35 images
[2025-06-13 10:27:10] City Creatures voting 35 images
[2025-06-13 10:27:10] Récupération réussie: 200 images pour 3 Forms of Water
[2025-06-13 10:27:10] Voting fetching ...
[2025-06-13 10:27:10] 3 Forms of Water voting 35 images
[2025-06-13 10:27:13] 3 Forms of Water voting 35 images
[2025-06-13 10:27:13] Récupération réussie: 200 images pour 500 Guru's Picks
[2025-06-13 10:27:13] Voting fetching ...
[2025-06-13 10:27:13] 500 Guru's Picks voting 35 images
[2025-06-13 10:27:16] 500 Guru's Picks voting 35 images
[2025-06-13 10:27:16] Récupération réussie: 200 images pour Dramatic Lighting
[2025-06-13 10:27:16] Voting fetching ...
[2025-06-13 10:27:16] Dramatic Lighting voting 35 images
[2025-06-13 10:27:19] Dramatic Lighting voting 35 images
[2025-06-13 10:27:20] Architectural Curves voted successfully
[2025-06-13 10:27:22] 3 Forms of Water voted successfully
[2025-06-13 10:27:24] Photo of the Week! voted successfully
[2025-06-13 10:27:26] Photo of the Week! voted successfully
[2025-06-13 10:27:28] 500 Guru's Picks voted successfully
[2025-06-13 10:27:30] 500 Guru's Picks voted successfully
[2025-06-13 10:27:32] Architectural Curves voted successfully
[2025-06-13 10:27:34] 3 Forms of Water voted successfully
[2025-06-13 10:27:36] Closed voted successfully
[2025-06-13 10:27:38] City Creatures voted successfully
[2025-06-13 10:27:40] City Creatures voted successfully
[2025-06-13 10:27:42] Closed voted successfully
[2025-06-13 10:27:44] Dramatic Lighting voted successfully
[2025-06-13 10:27:46] Dramatic Lighting voted successfully
[2025-06-13 10:27:48] Challenges fetching ...
[2025-06-13 10:27:49] Challenges fetched successfully for bruno!
[2025-06-13 10:27:49] Challenges fetching ...
[2025-06-13 10:27:49] Challenges fetched successfully for bruno!
[2025-06-13 10:27:49] Challenges fetching ...
[2025-06-13 10:27:49] Challenges fetched successfully for bruno!
[2025-06-13 10:27:49] Challenges fetching ...
[2025-06-13 10:27:49] Challenges fetched successfully for bruno!
[2025-06-13 10:27:49] Challenges fetching ...
[2025-06-13 10:27:49] Challenges fetched successfully for bruno!
[2025-06-13 10:27:49] Challenges fetching ...
[2025-06-13 10:27:49] Challenges fetched successfully for bruno!
[2025-06-13 10:27:49] Challenges fetching ...
[2025-06-13 10:27:49] Challenges fetched successfully for bruno!
[2025-06-13 10:27:49] Challenges fetching ...
[2025-06-13 10:27:49] Challenges fetched successfully for bruno!
[2025-06-13 10:27:49] Challenges fetching ...
[2025-06-13 10:27:49] Challenges fetched successfully for bruno!
[2025-06-13 10:27:49] Challenges fetching ...
[2025-06-13 10:27:49] Challenges fetched successfully for bruno!
[2025-06-13 10:27:49] Challenges fetching ...
[2025-06-13 10:27:49] Challenges fetched successfully for bruno!
[2025-06-13 10:27:49] Challenges fetching ...
[2025-06-13 10:27:49] Challenges fetched successfully for bruno!
[2025-06-13 10:27:49] Challenges fetching ...
[2025-06-13 10:27:49] Challenges fetched successfully for bruno!
[2025-06-13 10:27:49] Challenges fetching ...
[2025-06-13 10:27:49] Challenges fetched successfully for bruno!
[2025-06-13 10:28:20] Refreshing challenges...
[2025-06-13 10:28:20] Fetching challenges...
[2025-06-13 10:28:21] Challenges fetching ...
[2025-06-13 10:28:21] Challenges fetched successfully for pascale!
[2025-06-13 12:36:57] Refreshing challenges...
[2025-06-13 12:36:57] Fetching challenges...
[2025-06-13 12:36:59] Challenges fetching ...
[2025-06-13 12:36:59] Challenges fetched successfully for pascale!
[2025-06-13 15:37:40] Refreshing challenges...
[2025-06-13 15:37:40] Fetching challenges...
[2025-06-13 15:37:41] Refreshing challenges...
[2025-06-13 15:37:41] Fetching challenges...
[2025-06-13 15:37:41] Challenges fetching ...
[2025-06-13 15:37:41] Challenges fetched successfully for pascale!
[2025-06-13 15:37:43] Challenges fetching ...
[2025-06-13 15:37:43] Challenges fetched successfully for pascale!
[2025-06-13 15:38:03] Refreshing challenges...
[2025-06-13 15:38:03] Fetching challenges...
[2025-06-13 15:38:05] Challenges fetching ...
[2025-06-13 15:38:05] Challenges fetched successfully for pascale!
[2025-06-13 15:39:03] Lancement de la stratégie end4 pour Photographer of the Week
[2025-06-13 15:39:03] Nouveau processus ajouté pour pascale: photographer-of-the-week211-vote-70-left-0H:4M - Statut: init
[2025-06-13 15:39:03] Traitement du challenge pour pascale: photographer-of-the-week211
[2025-06-13 15:39:03] Nouveau processus ajouté pour pascale: photographer-of-the-week211-vote-20-left-0H:3M - Statut: init
[2025-06-13 15:39:03] Traitement du challenge pour pascale: photographer-of-the-week211
[2025-06-13 15:39:03] Nouveau processus ajouté pour pascale: photographer-of-the-week211-vote-20-left-0H:2M - Statut: init
[2025-06-13 15:39:03] Processus mis à jour pour pascale: photographer-of-the-week211-vote-70-left-0H:4M - waiting
[2025-06-13 15:39:03] Traitement du challenge pour pascale: photographer-of-the-week211
[2025-06-13 15:39:03] Nouveau processus ajouté pour pascale: photographer-of-the-week211-vote-20-left-0H:1M - Statut: init
[2025-06-13 15:39:03] Traitement du challenge pour pascale: photographer-of-the-week211
[2025-06-13 15:39:03] Processus mis à jour pour pascale: photographer-of-the-week211-vote-20-left-0H:3M - waiting
[2025-06-13 15:39:03] Processus mis à jour pour pascale: photographer-of-the-week211-vote-20-left-0H:2M - waiting
[2025-06-13 15:39:03] Processus mis à jour pour pascale: photographer-of-the-week211-vote-20-left-0H:1M - waiting
[2025-06-13 15:39:03] Application des stratégies pour les challenges sélectionnés:
- Photographer of the Week avec stratégie end4

[2025-06-13 15:47:35] Erreur lors du rafraîchissement API, utilisation du cache: HTTPSConnectionPool(host='api.gurushots.com', port=443): Max retries exceeded with url: /rest/get_my_active_challenges (Caused by NewConnectionError('<urllib3.connection.HTTPSConnection object at 0x11868aad0>: Failed to establish a new connection: [Errno 61] Connection refused'))
[2025-06-13 15:47:35] Erreur lors du rafraîchissement API, utilisation du cache: HTTPSConnectionPool(host='api.gurushots.com', port=443): Max retries exceeded with url: /rest/get_my_active_challenges (Caused by NewConnectionError('<urllib3.connection.HTTPSConnection object at 0x1186896d0>: Failed to establish a new connection: [Errno 61] Connection refused'))
[2025-06-13 15:47:37] Erreur lors du rafraîchissement API, utilisation du cache: HTTPSConnectionPool(host='api.gurushots.com', port=443): Max retries exceeded with url: /rest/get_my_active_challenges (Caused by NewConnectionError('<urllib3.connection.HTTPSConnection object at 0x11868ae90>: Failed to establish a new connection: [Errno 61] Connection refused'))
[2025-06-13 15:47:49] Erreur lors du rafraîchissement API, utilisation du cache: HTTPSConnectionPool(host='api.gurushots.com', port=443): Max retries exceeded with url: /rest/get_my_active_challenges (Caused by NewConnectionError('<urllib3.connection.HTTPSConnection object at 0x1290cc410>: Failed to establish a new connection: [Errno 61] Connection refused'))
[2025-06-13 15:47:50] Erreur lors du rafraîchissement API, utilisation du cache: HTTPSConnectionPool(host='api.gurushots.com', port=443): Max retries exceeded with url: /rest/get_my_active_challenges (Caused by NewConnectionError('<urllib3.connection.HTTPSConnection object at 0x1290cc550>: Failed to establish a new connection: [Errno 61] Connection refused'))
[2025-06-13 15:47:50] Erreur lors du rafraîchissement API, utilisation du cache: HTTPSConnectionPool(host='api.gurushots.com', port=443): Max retries exceeded with url: /rest/get_my_active_challenges (Caused by NewConnectionError('<urllib3.connection.HTTPSConnection object at 0x1290cc7d0>: Failed to establish a new connection: [Errno 61] Connection refused'))
[2025-06-13 15:47:52] Erreur lors du rafraîchissement API, utilisation du cache: HTTPSConnectionPool(host='api.gurushots.com', port=443): Max retries exceeded with url: /rest/get_my_active_challenges (Caused by NewConnectionError('<urllib3.connection.HTTPSConnection object at 0x1290cca50>: Failed to establish a new connection: [Errno 61] Connection refused'))
[2025-06-13 15:48:04] Erreur lors du rafraîchissement API, utilisation du cache: HTTPSConnectionPool(host='api.gurushots.com', port=443): Max retries exceeded with url: /rest/get_my_active_challenges (Caused by NewConnectionError('<urllib3.connection.HTTPSConnection object at 0x1290cccd0>: Failed to establish a new connection: [Errno 61] Connection refused'))
[2025-06-13 15:48:05] Erreur lors du rafraîchissement API, utilisation du cache: HTTPSConnectionPool(host='api.gurushots.com', port=443): Max retries exceeded with url: /rest/get_my_active_challenges (Caused by NewConnectionError('<urllib3.connection.HTTPSConnection object at 0x1290ccf50>: Failed to establish a new connection: [Errno 61] Connection refused'))
[2025-06-13 15:48:05] Erreur lors du rafraîchissement API, utilisation du cache: HTTPSConnectionPool(host='api.gurushots.com', port=443): Max retries exceeded with url: /rest/get_my_active_challenges (Caused by NewConnectionError('<urllib3.connection.HTTPSConnection object at 0x1290cd1d0>: Failed to establish a new connection: [Errno 61] Connection refused'))
[2025-06-13 15:48:07] Erreur lors du rafraîchissement API, utilisation du cache: HTTPSConnectionPool(host='api.gurushots.com', port=443): Max retries exceeded with url: /rest/get_my_active_challenges (Caused by NewConnectionError('<urllib3.connection.HTTPSConnection object at 0x1290cd450>: Failed to establish a new connection: [Errno 61] Connection refused'))
[2025-06-13 15:48:20] Erreur lors du rafraîchissement API, utilisation du cache: HTTPSConnectionPool(host='api.gurushots.com', port=443): Max retries exceeded with url: /rest/get_my_active_challenges (Caused by NewConnectionError('<urllib3.connection.HTTPSConnection object at 0x1290cd810>: Failed to establish a new connection: [Errno 61] Connection refused'))
[2025-06-13 15:48:20] Erreur lors du rafraîchissement API, utilisation du cache: HTTPSConnectionPool(host='api.gurushots.com', port=443): Max retries exceeded with url: /rest/get_my_active_challenges (Caused by NewConnectionError('<urllib3.connection.HTTPSConnection object at 0x1290cda90>: Failed to establish a new connection: [Errno 61] Connection refused'))
[2025-06-13 15:48:35] Erreur lors du rafraîchissement API, utilisation du cache: HTTPSConnectionPool(host='api.gurushots.com', port=443): Max retries exceeded with url: /rest/get_my_active_challenges (Caused by NewConnectionError('<urllib3.connection.HTTPSConnection object at 0x118689d10>: Failed to establish a new connection: [Errno 61] Connection refused'))
[2025-06-13 15:48:35] Erreur lors du rafraîchissement API, utilisation du cache: HTTPSConnectionPool(host='api.gurushots.com', port=443): Max retries exceeded with url: /rest/get_my_active_challenges (Caused by NewConnectionError('<urllib3.connection.HTTPSConnection object at 0x11868b390>: Failed to establish a new connection: [Errno 61] Connection refused'))
[2025-06-13 15:48:35] Erreur lors du rafraîchissement API, utilisation du cache: HTTPSConnectionPool(host='api.gurushots.com', port=443): Max retries exceeded with url: /rest/get_my_active_challenges (Caused by NewConnectionError('<urllib3.connection.HTTPSConnection object at 0x1186896d0>: Failed to establish a new connection: [Errno 61] Connection refused'))
[2025-06-13 15:48:38] Erreur lors du rafraîchissement API, utilisation du cache: HTTPSConnectionPool(host='api.gurushots.com', port=443): Max retries exceeded with url: /rest/get_my_active_challenges (Caused by NewConnectionError('<urllib3.connection.HTTPSConnection object at 0x11868aad0>: Failed to establish a new connection: [Errno 61] Connection refused'))
[2025-06-13 15:48:50] Erreur lors du rafraîchissement API, utilisation du cache: HTTPSConnectionPool(host='api.gurushots.com', port=443): Max retries exceeded with url: /rest/get_my_active_challenges (Caused by NewConnectionError('<urllib3.connection.HTTPSConnection object at 0x1290cdbd0>: Failed to establish a new connection: [Errno 61] Connection refused'))
[2025-06-13 15:48:50] Erreur lors du rafraîchissement API, utilisation du cache: HTTPSConnectionPool(host='api.gurushots.com', port=443): Max retries exceeded with url: /rest/get_my_active_challenges (Caused by NewConnectionError('<urllib3.connection.HTTPSConnection object at 0x1290cd950>: Failed to establish a new connection: [Errno 61] Connection refused'))
[2025-06-13 15:48:53] Erreur lors du rafraîchissement API, utilisation du cache: HTTPSConnectionPool(host='api.gurushots.com', port=443): Max retries exceeded with url: /rest/get_my_active_challenges (Caused by NewConnectionError('<urllib3.connection.HTTPSConnection object at 0x11868a710>: Failed to establish a new connection: [Errno 61] Connection refused'))
[2025-06-13 15:49:05] Erreur lors du rafraîchissement API, utilisation du cache: HTTPSConnectionPool(host='api.gurushots.com', port=443): Max retries exceeded with url: /rest/get_my_active_challenges (Caused by NewConnectionError('<urllib3.connection.HTTPSConnection object at 0x11868a850>: Failed to establish a new connection: [Errno 61] Connection refused'))
[2025-06-13 15:49:05] Erreur lors du rafraîchissement API, utilisation du cache: HTTPSConnectionPool(host='api.gurushots.com', port=443): Max retries exceeded with url: /rest/get_my_active_challenges (Caused by NewConnectionError('<urllib3.connection.HTTPSConnection object at 0x11868a5d0>: Failed to establish a new connection: [Errno 61] Connection refused'))
[2025-06-13 15:49:06] Erreur lors du rafraîchissement API, utilisation du cache: HTTPSConnectionPool(host='api.gurushots.com', port=443): Max retries exceeded with url: /rest/get_my_active_challenges (Caused by NewConnectionError('<urllib3.connection.HTTPSConnection object at 0x1290cd1d0>: Failed to establish a new connection: [Errno 61] Connection refused'))
[2025-06-13 15:49:08] Erreur lors du rafraîchissement API, utilisation du cache: HTTPSConnectionPool(host='api.gurushots.com', port=443): Max retries exceeded with url: /rest/get_my_active_challenges (Caused by NewConnectionError('<urllib3.connection.HTTPSConnection object at 0x1290ccf50>: Failed to establish a new connection: [Errno 61] Connection refused'))
[2025-06-13 15:49:20] Erreur lors du rafraîchissement API, utilisation du cache: HTTPSConnectionPool(host='api.gurushots.com', port=443): Max retries exceeded with url: /rest/get_my_active_challenges (Caused by NewConnectionError('<urllib3.connection.HTTPSConnection object at 0x1290cccd0>: Failed to establish a new connection: [Errno 61] Connection refused'))
[2025-06-13 15:49:20] Erreur lors du rafraîchissement API, utilisation du cache: HTTPSConnectionPool(host='api.gurushots.com', port=443): Max retries exceeded with url: /rest/get_my_active_challenges (Caused by NewConnectionError('<urllib3.connection.HTTPSConnection object at 0x1290cca50>: Failed to establish a new connection: [Errno 61] Connection refused'))
[2025-06-13 15:49:21] Erreur lors du rafraîchissement API, utilisation du cache: HTTPSConnectionPool(host='api.gurushots.com', port=443): Max retries exceeded with url: /rest/get_my_active_challenges (Caused by NewConnectionError('<urllib3.connection.HTTPSConnection object at 0x1290cc7d0>: Failed to establish a new connection: [Errno 61] Connection refused'))
[2025-06-13 15:49:23] Erreur lors du rafraîchissement API, utilisation du cache: HTTPSConnectionPool(host='api.gurushots.com', port=443): Max retries exceeded with url: /rest/get_my_active_challenges (Caused by NewConnectionError('<urllib3.connection.HTTPSConnection object at 0x1290cc550>: Failed to establish a new connection: [Errno 61] Connection refused'))
[2025-06-13 15:49:35] Erreur lors du rafraîchissement API, utilisation du cache: HTTPSConnectionPool(host='api.gurushots.com', port=443): Max retries exceeded with url: /rest/get_my_active_challenges (Caused by NewConnectionError('<urllib3.connection.HTTPSConnection object at 0x1290cc410>: Failed to establish a new connection: [Errno 61] Connection refused'))
[2025-06-13 15:49:35] Erreur lors du rafraîchissement API, utilisation du cache: HTTPSConnectionPool(host='api.gurushots.com', port=443): Max retries exceeded with url: /rest/get_my_active_challenges (Caused by NewConnectionError('<urllib3.connection.HTTPSConnection object at 0x11868a5d0>: Failed to establish a new connection: [Errno 61] Connection refused'))
[2025-06-13 15:49:36] Erreur lors du rafraîchissement API, utilisation du cache: HTTPSConnectionPool(host='api.gurushots.com', port=443): Max retries exceeded with url: /rest/get_my_active_challenges (Caused by NewConnectionError('<urllib3.connection.HTTPSConnection object at 0x11868a850>: Failed to establish a new connection: [Errno 61] Connection refused'))
[2025-06-13 15:49:38] Erreur lors du rafraîchissement API, utilisation du cache: HTTPSConnectionPool(host='api.gurushots.com', port=443): Max retries exceeded with url: /rest/get_my_active_challenges (Caused by NewConnectionError('<urllib3.connection.HTTPSConnection object at 0x11868a710>: Failed to establish a new connection: [Errno 61] Connection refused'))
[2025-06-13 15:49:50] Erreur lors du rafraîchissement API, utilisation du cache: HTTPSConnectionPool(host='api.gurushots.com', port=443): Max retries exceeded with url: /rest/get_my_active_challenges (Caused by NewConnectionError('<urllib3.connection.HTTPSConnection object at 0x11868a990>: Failed to establish a new connection: [Errno 61] Connection refused'))
[2025-06-13 15:49:50] Erreur lors du rafraîchissement API, utilisation du cache: HTTPSConnectionPool(host='api.gurushots.com', port=443): Max retries exceeded with url: /rest/get_my_active_challenges (Caused by NewConnectionError('<urllib3.connection.HTTPSConnection object at 0x118688550>: Failed to establish a new connection: [Errno 61] Connection refused'))
[2025-06-13 15:49:51] Erreur lors du rafraîchissement API, utilisation du cache: HTTPSConnectionPool(host='api.gurushots.com', port=443): Max retries exceeded with url: /rest/get_my_active_challenges (Caused by NewConnectionError('<urllib3.connection.HTTPSConnection object at 0x11868b250>: Failed to establish a new connection: [Errno 61] Connection refused'))
[2025-06-13 15:49:53] Erreur lors du rafraîchissement API, utilisation du cache: HTTPSConnectionPool(host='api.gurushots.com', port=443): Max retries exceeded with url: /rest/get_my_active_challenges (Caused by NewConnectionError('<urllib3.connection.HTTPSConnection object at 0x1290cc2d0>: Failed to establish a new connection: [Errno 61] Connection refused'))
[2025-06-13 15:50:05] Erreur lors du rafraîchissement API, utilisation du cache: HTTPSConnectionPool(host='api.gurushots.com', port=443): Max retries exceeded with url: /rest/get_my_active_challenges (Caused by NewConnectionError('<urllib3.connection.HTTPSConnection object at 0x1290cc690>: Failed to establish a new connection: [Errno 61] Connection refused'))
[2025-06-13 15:50:05] Erreur lors du rafraîchissement API, utilisation du cache: HTTPSConnectionPool(host='api.gurushots.com', port=443): Max retries exceeded with url: /rest/get_my_active_challenges (Caused by NewConnectionError('<urllib3.connection.HTTPSConnection object at 0x1290cc910>: Failed to establish a new connection: [Errno 61] Connection refused'))
[2025-06-13 15:50:06] Erreur lors du rafraîchissement API, utilisation du cache: HTTPSConnectionPool(host='api.gurushots.com', port=443): Max retries exceeded with url: /rest/get_my_active_challenges (Caused by NewConnectionError('<urllib3.connection.HTTPSConnection object at 0x1290ccb90>: Failed to establish a new connection: [Errno 61] Connection refused'))
[2025-06-13 15:50:08] Erreur lors du rafraîchissement API, utilisation du cache: HTTPSConnectionPool(host='api.gurushots.com', port=443): Max retries exceeded with url: /rest/get_my_active_challenges (Caused by NewConnectionError('<urllib3.connection.HTTPSConnection object at 0x1290cce10>: Failed to establish a new connection: [Errno 61] Connection refused'))
[2025-06-13 15:50:20] Erreur lors du rafraîchissement API, utilisation du cache: HTTPSConnectionPool(host='api.gurushots.com', port=443): Max retries exceeded with url: /rest/get_my_active_challenges (Caused by NewConnectionError('<urllib3.connection.HTTPSConnection object at 0x1290cd090>: Failed to establish a new connection: [Errno 61] Connection refused'))
[2025-06-13 15:50:21] Erreur lors du rafraîchissement API, utilisation du cache: HTTPSConnectionPool(host='api.gurushots.com', port=443): Max retries exceeded with url: /rest/get_my_active_challenges (Caused by NewConnectionError('<urllib3.connection.HTTPSConnection object at 0x1290cd310>: Failed to establish a new connection: [Errno 61] Connection refused'))
[2025-06-13 15:50:21] Erreur lors du rafraîchissement API, utilisation du cache: HTTPSConnectionPool(host='api.gurushots.com', port=443): Max retries exceeded with url: /rest/get_my_active_challenges (Caused by NewConnectionError('<urllib3.connection.HTTPSConnection object at 0x1290cd950>: Failed to establish a new connection: [Errno 61] Connection refused'))
[2025-06-13 15:50:23] Erreur lors du rafraîchissement API, utilisation du cache: HTTPSConnectionPool(host='api.gurushots.com', port=443): Max retries exceeded with url: /rest/get_my_active_challenges (Caused by NewConnectionError('<urllib3.connection.HTTPSConnection object at 0x1290cdbd0>: Failed to establish a new connection: [Errno 61] Connection refused'))
[2025-06-13 15:50:35] Erreur lors du rafraîchissement API, utilisation du cache: HTTPSConnectionPool(host='api.gurushots.com', port=443): Max retries exceeded with url: /rest/get_my_active_challenges (Caused by NewConnectionError('<urllib3.connection.HTTPSConnection object at 0x1290ce0d0>: Failed to establish a new connection: [Errno 61] Connection refused'))
[2025-06-13 15:50:36] Erreur lors du rafraîchissement API, utilisation du cache: HTTPSConnectionPool(host='api.gurushots.com', port=443): Max retries exceeded with url: /rest/get_my_active_challenges (Caused by NewConnectionError('<urllib3.connection.HTTPSConnection object at 0x118689d10>: Failed to establish a new connection: [Errno 61] Connection refused'))
[2025-06-13 15:50:36] Erreur lors du rafraîchissement API, utilisation du cache: HTTPSConnectionPool(host='api.gurushots.com', port=443): Max retries exceeded with url: /rest/get_my_active_challenges (Caused by NewConnectionError('<urllib3.connection.HTTPSConnection object at 0x11868b390>: Failed to establish a new connection: [Errno 61] Connection refused'))
[2025-06-13 15:50:38] Erreur lors du rafraîchissement API, utilisation du cache: HTTPSConnectionPool(host='api.gurushots.com', port=443): Max retries exceeded with url: /rest/get_my_active_challenges (Caused by NewConnectionError('<urllib3.connection.HTTPSConnection object at 0x1186896d0>: Failed to establish a new connection: [Errno 61] Connection refused'))
[2025-06-13 15:50:50] Erreur lors du rafraîchissement API, utilisation du cache: HTTPSConnectionPool(host='api.gurushots.com', port=443): Max retries exceeded with url: /rest/get_my_active_challenges (Caused by NewConnectionError('<urllib3.connection.HTTPSConnection object at 0x11868aad0>: Failed to establish a new connection: [Errno 61] Connection refused'))
[2025-06-13 15:50:51] Erreur lors du rafraîchissement API, utilisation du cache: HTTPSConnectionPool(host='api.gurushots.com', port=443): Max retries exceeded with url: /rest/get_my_active_challenges (Caused by NewConnectionError('<urllib3.connection.HTTPSConnection object at 0x11868bb10>: Failed to establish a new connection: [Errno 61] Connection refused'))
[2025-06-13 15:50:51] Erreur lors du rafraîchissement API, utilisation du cache: HTTPSConnectionPool(host='api.gurushots.com', port=443): Max retries exceeded with url: /rest/get_my_active_challenges (Caused by NewConnectionError('<urllib3.connection.HTTPSConnection object at 0x11868a490>: Failed to establish a new connection: [Errno 61] Connection refused'))
[2025-06-13 15:50:53] Erreur lors du rafraîchissement API, utilisation du cache: HTTPSConnectionPool(host='api.gurushots.com', port=443): Max retries exceeded with url: /rest/get_my_active_challenges (Caused by NewConnectionError('<urllib3.connection.HTTPSConnection object at 0x1290ce210>: Failed to establish a new connection: [Errno 61] Connection refused'))
[2025-06-13 15:51:06] Erreur lors du rafraîchissement API, utilisation du cache: HTTPSConnectionPool(host='api.gurushots.com', port=443): Max retries exceeded with url: /rest/get_my_active_challenges (Caused by NewConnectionError('<urllib3.connection.HTTPSConnection object at 0x1290cc050>: Failed to establish a new connection: [Errno 61] Connection refused'))
[2025-06-13 15:51:06] Erreur lors du rafraîchissement API, utilisation du cache: HTTPSConnectionPool(host='api.gurushots.com', port=443): Max retries exceeded with url: /rest/get_my_active_challenges (Caused by NewConnectionError('<urllib3.connection.HTTPSConnection object at 0x1290cda90>: Failed to establish a new connection: [Errno 61] Connection refused'))
[2025-06-13 15:51:06] Erreur lors du rafraîchissement API, utilisation du cache: HTTPSConnectionPool(host='api.gurushots.com', port=443): Max retries exceeded with url: /rest/get_my_active_challenges (Caused by NewConnectionError('<urllib3.connection.HTTPSConnection object at 0x1290cd810>: Failed to establish a new connection: [Errno 61] Connection refused'))
[2025-06-13 15:51:08] Erreur lors du rafraîchissement API, utilisation du cache: HTTPSConnectionPool(host='api.gurushots.com', port=443): Max retries exceeded with url: /rest/get_my_active_challenges (Caused by NewConnectionError('<urllib3.connection.HTTPSConnection object at 0x1290cd1d0>: Failed to establish a new connection: [Errno 61] Connection refused'))
[2025-06-13 15:51:21] Erreur lors du rafraîchissement API, utilisation du cache: HTTPSConnectionPool(host='api.gurushots.com', port=443): Max retries exceeded with url: /rest/get_my_active_challenges (Caused by NewConnectionError('<urllib3.connection.HTTPSConnection object at 0x1290ccf50>: Failed to establish a new connection: [Errno 61] Connection refused'))
[2025-06-13 15:51:21] Erreur lors du rafraîchissement API, utilisation du cache: HTTPSConnectionPool(host='api.gurushots.com', port=443): Max retries exceeded with url: /rest/get_my_active_challenges (Caused by NewConnectionError('<urllib3.connection.HTTPSConnection object at 0x1290cccd0>: Failed to establish a new connection: [Errno 61] Connection refused'))
[2025-06-13 15:51:21] Erreur lors du rafraîchissement API, utilisation du cache: HTTPSConnectionPool(host='api.gurushots.com', port=443): Max retries exceeded with url: /rest/get_my_active_challenges (Caused by NewConnectionError('<urllib3.connection.HTTPSConnection object at 0x1290cca50>: Failed to establish a new connection: [Errno 61] Connection refused'))
[2025-06-13 15:51:23] Erreur lors du rafraîchissement API, utilisation du cache: HTTPSConnectionPool(host='api.gurushots.com', port=443): Max retries exceeded with url: /rest/get_my_active_challenges (Caused by NewConnectionError('<urllib3.connection.HTTPSConnection object at 0x1290cc7d0>: Failed to establish a new connection: [Errno 61] Connection refused'))
[2025-06-13 15:51:36] Erreur lors du rafraîchissement API, utilisation du cache: HTTPSConnectionPool(host='api.gurushots.com', port=443): Max retries exceeded with url: /rest/get_my_active_challenges (Caused by NewConnectionError('<urllib3.connection.HTTPSConnection object at 0x1290cc550>: Failed to establish a new connection: [Errno 61] Connection refused'))
[2025-06-13 15:51:36] Erreur lors du rafraîchissement API, utilisation du cache: HTTPSConnectionPool(host='api.gurushots.com', port=443): Max retries exceeded with url: /rest/get_my_active_challenges (Caused by NewConnectionError('<urllib3.connection.HTTPSConnection object at 0x1290ce350>: Failed to establish a new connection: [Errno 61] Connection refused'))
[2025-06-13 15:51:36] Erreur lors du rafraîchissement API, utilisation du cache: HTTPSConnectionPool(host='api.gurushots.com', port=443): Max retries exceeded with url: /rest/get_my_active_challenges (Caused by NewConnectionError('<urllib3.connection.HTTPSConnection object at 0x11868a5d0>: Failed to establish a new connection: [Errno 61] Connection refused'))
[2025-06-13 15:51:38] Erreur lors du rafraîchissement API, utilisation du cache: HTTPSConnectionPool(host='api.gurushots.com', port=443): Max retries exceeded with url: /rest/get_my_active_challenges (Caused by NewConnectionError('<urllib3.connection.HTTPSConnection object at 0x11868a850>: Failed to establish a new connection: [Errno 61] Connection refused'))
[2025-06-13 15:51:51] Erreur lors du rafraîchissement API, utilisation du cache: HTTPSConnectionPool(host='api.gurushots.com', port=443): Max retries exceeded with url: /rest/get_my_active_challenges (Caused by NewConnectionError('<urllib3.connection.HTTPSConnection object at 0x11868a710>: Failed to establish a new connection: [Errno 61] Connection refused'))
[2025-06-13 15:51:51] Erreur lors du rafraîchissement API, utilisation du cache: HTTPSConnectionPool(host='api.gurushots.com', port=443): Max retries exceeded with url: /rest/get_my_active_challenges (Caused by NewConnectionError('<urllib3.connection.HTTPSConnection object at 0x11868a990>: Failed to establish a new connection: [Errno 61] Connection refused'))
[2025-06-13 15:51:51] Erreur lors du rafraîchissement API, utilisation du cache: HTTPSConnectionPool(host='api.gurushots.com', port=443): Max retries exceeded with url: /rest/get_my_active_challenges (Caused by NewConnectionError('<urllib3.connection.HTTPSConnection object at 0x118688550>: Failed to establish a new connection: [Errno 61] Connection refused'))
[2025-06-13 15:51:53] Erreur lors du rafraîchissement API, utilisation du cache: HTTPSConnectionPool(host='api.gurushots.com', port=443): Max retries exceeded with url: /rest/get_my_active_challenges (Caused by NewConnectionError('<urllib3.connection.HTTPSConnection object at 0x11868b250>: Failed to establish a new connection: [Errno 61] Connection refused'))
[2025-06-13 15:52:06] Erreur lors du rafraîchissement API, utilisation du cache: HTTPSConnectionPool(host='api.gurushots.com', port=443): Max retries exceeded with url: /rest/get_my_active_challenges (Caused by NewConnectionError('<urllib3.connection.HTTPSConnection object at 0x1290ce350>: Failed to establish a new connection: [Errno 61] Connection refused'))
[2025-06-13 15:52:06] Erreur lors du rafraîchissement API, utilisation du cache: HTTPSConnectionPool(host='api.gurushots.com', port=443): Max retries exceeded with url: /rest/get_my_active_challenges (Caused by NewConnectionError('<urllib3.connection.HTTPSConnection object at 0x1290cc550>: Failed to establish a new connection: [Errno 61] Connection refused'))
[2025-06-13 15:52:08] Erreur lors du rafraîchissement API, utilisation du cache: HTTPSConnectionPool(host='api.gurushots.com', port=443): Max retries exceeded with url: /rest/get_my_active_challenges (Caused by NewConnectionError('<urllib3.connection.HTTPSConnection object at 0x11868b4d0>: Failed to establish a new connection: [Errno 61] Connection refused'))
[2025-06-13 15:52:21] Erreur lors du rafraîchissement API, utilisation du cache: HTTPSConnectionPool(host='api.gurushots.com', port=443): Max retries exceeded with url: /rest/get_my_active_challenges (Caused by NewConnectionError('<urllib3.connection.HTTPSConnection object at 0x11868b750>: Failed to establish a new connection: [Errno 61] Connection refused'))
[2025-06-13 15:52:21] Erreur lors du rafraîchissement API, utilisation du cache: HTTPSConnectionPool(host='api.gurushots.com', port=443): Max retries exceeded with url: /rest/get_my_active_challenges (Caused by NewConnectionError('<urllib3.connection.HTTPSConnection object at 0x11868b610>: Failed to establish a new connection: [Errno 61] Connection refused'))
[2025-06-13 15:52:22] Erreur lors du rafraîchissement API, utilisation du cache: HTTPSConnectionPool(host='api.gurushots.com', port=443): Max retries exceeded with url: /rest/get_my_active_challenges (Caused by NewConnectionError('<urllib3.connection.HTTPSConnection object at 0x1290ccb90>: Failed to establish a new connection: [Errno 61] Connection refused'))
[2025-06-13 15:52:24] Erreur lors du rafraîchissement API, utilisation du cache: HTTPSConnectionPool(host='api.gurushots.com', port=443): Max retries exceeded with url: /rest/get_my_active_challenges (Caused by NewConnectionError('<urllib3.connection.HTTPSConnection object at 0x1290cce10>: Failed to establish a new connection: [Errno 61] Connection refused'))
[2025-06-13 15:52:36] Erreur lors du rafraîchissement API, utilisation du cache: HTTPSConnectionPool(host='api.gurushots.com', port=443): Max retries exceeded with url: /rest/get_my_active_challenges (Caused by NewConnectionError('<urllib3.connection.HTTPSConnection object at 0x1290cd090>: Failed to establish a new connection: [Errno 61] Connection refused'))
[2025-06-13 15:52:36] Erreur lors du rafraîchissement API, utilisation du cache: HTTPSConnectionPool(host='api.gurushots.com', port=443): Max retries exceeded with url: /rest/get_my_active_challenges (Caused by NewConnectionError('<urllib3.connection.HTTPSConnection object at 0x1290cd310>: Failed to establish a new connection: [Errno 61] Connection refused'))
[2025-06-13 15:52:37] Erreur lors du rafraîchissement API, utilisation du cache: HTTPSConnectionPool(host='api.gurushots.com', port=443): Max retries exceeded with url: /rest/get_my_active_challenges (Caused by NewConnectionError('<urllib3.connection.HTTPSConnection object at 0x1290cd950>: Failed to establish a new connection: [Errno 61] Connection refused'))
[2025-06-13 15:52:39] Erreur lors du rafraîchissement API, utilisation du cache: HTTPSConnectionPool(host='api.gurushots.com', port=443): Max retries exceeded with url: /rest/get_my_active_challenges (Caused by NewConnectionError('<urllib3.connection.HTTPSConnection object at 0x1290cdbd0>: Failed to establish a new connection: [Errno 61] Connection refused'))
[2025-06-13 15:52:51] Erreur lors du rafraîchissement API, utilisation du cache: HTTPSConnectionPool(host='api.gurushots.com', port=443): Max retries exceeded with url: /rest/get_my_active_challenges (Caused by NewConnectionError('<urllib3.connection.HTTPSConnection object at 0x11868b610>: Failed to establish a new connection: [Errno 61] Connection refused'))
[2025-06-13 15:52:51] Erreur lors du rafraîchissement API, utilisation du cache: HTTPSConnectionPool(host='api.gurushots.com', port=443): Max retries exceeded with url: /rest/get_my_active_challenges (Caused by NewConnectionError('<urllib3.connection.HTTPSConnection object at 0x11868b750>: Failed to establish a new connection: [Errno 61] Connection refused'))
[2025-06-13 15:52:52] Erreur lors du rafraîchissement API, utilisation du cache: HTTPSConnectionPool(host='api.gurushots.com', port=443): Max retries exceeded with url: /rest/get_my_active_challenges (Caused by NewConnectionError('<urllib3.connection.HTTPSConnection object at 0x11868b4d0>: Failed to establish a new connection: [Errno 61] Connection refused'))
[2025-06-13 15:52:54] Erreur lors du rafraîchissement API, utilisation du cache: HTTPSConnectionPool(host='api.gurushots.com', port=443): Max retries exceeded with url: /rest/get_my_active_challenges (Caused by NewConnectionError('<urllib3.connection.HTTPSConnection object at 0x11868b250>: Failed to establish a new connection: [Errno 61] Connection refused'))
[2025-06-13 15:53:06] Erreur lors du rafraîchissement API, utilisation du cache: HTTPSConnectionPool(host='api.gurushots.com', port=443): Max retries exceeded with url: /rest/get_my_active_challenges (Caused by NewConnectionError('<urllib3.connection.HTTPSConnection object at 0x118688550>: Failed to establish a new connection: [Errno 61] Connection refused'))
[2025-06-13 15:53:07] Erreur lors du rafraîchissement API, utilisation du cache: HTTPSConnectionPool(host='api.gurushots.com', port=443): Max retries exceeded with url: /rest/get_my_active_challenges (Caused by NewConnectionError('<urllib3.connection.HTTPSConnection object at 0x11868a990>: Failed to establish a new connection: [Errno 61] Connection refused'))
[2025-06-13 15:53:07] Erreur lors du rafraîchissement API, utilisation du cache: HTTPSConnectionPool(host='api.gurushots.com', port=443): Max retries exceeded with url: /rest/get_my_active_challenges (Caused by NewConnectionError('<urllib3.connection.HTTPSConnection object at 0x11868a710>: Failed to establish a new connection: [Errno 61] Connection refused'))
[2025-06-13 15:53:09] Erreur lors du rafraîchissement API, utilisation du cache: HTTPSConnectionPool(host='api.gurushots.com', port=443): Max retries exceeded with url: /rest/get_my_active_challenges (Caused by NewConnectionError('<urllib3.connection.HTTPSConnection object at 0x11868a850>: Failed to establish a new connection: [Errno 61] Connection refused'))
[2025-06-13 15:53:21] Erreur lors du rafraîchissement API, utilisation du cache: HTTPSConnectionPool(host='api.gurushots.com', port=443): Max retries exceeded with url: /rest/get_my_active_challenges (Caused by NewConnectionError('<urllib3.connection.HTTPSConnection object at 0x11868a5d0>: Failed to establish a new connection: [Errno 61] Connection refused'))
[2025-06-13 15:53:22] Erreur lors du rafraîchissement API, utilisation du cache: HTTPSConnectionPool(host='api.gurushots.com', port=443): Max retries exceeded with url: /rest/get_my_active_challenges (Caused by NewConnectionError('<urllib3.connection.HTTPSConnection object at 0x1290cd950>: Failed to establish a new connection: [Errno 61] Connection refused'))
[2025-06-13 15:53:22] Erreur lors du rafraîchissement API, utilisation du cache: HTTPSConnectionPool(host='api.gurushots.com', port=443): Max retries exceeded with url: /rest/get_my_active_challenges (Caused by NewConnectionError('<urllib3.connection.HTTPSConnection object at 0x1290cd310>: Failed to establish a new connection: [Errno 61] Connection refused'))
[2025-06-13 15:53:24] Erreur lors du rafraîchissement API, utilisation du cache: HTTPSConnectionPool(host='api.gurushots.com', port=443): Max retries exceeded with url: /rest/get_my_active_challenges (Caused by NewConnectionError('<urllib3.connection.HTTPSConnection object at 0x1290cd090>: Failed to establish a new connection: [Errno 61] Connection refused'))
[2025-06-13 15:53:36] Erreur lors du rafraîchissement API, utilisation du cache: HTTPSConnectionPool(host='api.gurushots.com', port=443): Max retries exceeded with url: /rest/get_my_active_challenges (Caused by NewConnectionError('<urllib3.connection.HTTPSConnection object at 0x1290cce10>: Failed to establish a new connection: [Errno 61] Connection refused'))
[2025-06-13 15:53:37] Erreur lors du rafraîchissement API, utilisation du cache: HTTPSConnectionPool(host='api.gurushots.com', port=443): Max retries exceeded with url: /rest/get_my_active_challenges (Caused by NewConnectionError('<urllib3.connection.HTTPSConnection object at 0x1290ccb90>: Failed to establish a new connection: [Errno 61] Connection refused'))
[2025-06-13 15:53:37] Erreur lors du rafraîchissement API, utilisation du cache: HTTPSConnectionPool(host='api.gurushots.com', port=443): Max retries exceeded with url: /rest/get_my_active_challenges (Caused by NewConnectionError('<urllib3.connection.HTTPSConnection object at 0x1290cc690>: Failed to establish a new connection: [Errno 61] Connection refused'))
[2025-06-13 15:53:39] Erreur lors du rafraîchissement API, utilisation du cache: HTTPSConnectionPool(host='api.gurushots.com', port=443): Max retries exceeded with url: /rest/get_my_active_challenges (Caused by NewConnectionError('<urllib3.connection.HTTPSConnection object at 0x1290cc2d0>: Failed to establish a new connection: [Errno 61] Connection refused'))
[2025-06-13 15:53:51] Erreur lors du rafraîchissement API, utilisation du cache: HTTPSConnectionPool(host='api.gurushots.com', port=443): Max retries exceeded with url: /rest/get_my_active_challenges (Caused by NewConnectionError('<urllib3.connection.HTTPSConnection object at 0x1290cdf90>: Failed to establish a new connection: [Errno 61] Connection refused'))
[2025-06-13 15:53:52] Erreur lors du rafraîchissement API, utilisation du cache: HTTPSConnectionPool(host='api.gurushots.com', port=443): Max retries exceeded with url: /rest/get_my_active_challenges (Caused by NewConnectionError('<urllib3.connection.HTTPSConnection object at 0x11868a490>: Failed to establish a new connection: [Errno 61] Connection refused'))
[2025-06-13 15:53:52] Erreur lors du rafraîchissement API, utilisation du cache: HTTPSConnectionPool(host='api.gurushots.com', port=443): Max retries exceeded with url: /rest/get_my_active_challenges (Caused by NewConnectionError('<urllib3.connection.HTTPSConnection object at 0x11868bb10>: Failed to establish a new connection: [Errno 61] Connection refused'))
[2025-06-13 15:53:54] Erreur lors du rafraîchissement API, utilisation du cache: HTTPSConnectionPool(host='api.gurushots.com', port=443): Max retries exceeded with url: /rest/get_my_active_challenges (Caused by NewConnectionError('<urllib3.connection.HTTPSConnection object at 0x11868aad0>: Failed to establish a new connection: [Errno 61] Connection refused'))
[2025-06-13 15:54:06] Erreur lors du rafraîchissement API, utilisation du cache: HTTPSConnectionPool(host='api.gurushots.com', port=443): Max retries exceeded with url: /rest/get_my_active_challenges (Caused by NewConnectionError('<urllib3.connection.HTTPSConnection object at 0x1186896d0>: Failed to establish a new connection: [Errno 61] Connection refused'))
[2025-06-13 15:54:07] Erreur lors du rafraîchissement API, utilisation du cache: HTTPSConnectionPool(host='api.gurushots.com', port=443): Max retries exceeded with url: /rest/get_my_active_challenges (Caused by NewConnectionError('<urllib3.connection.HTTPSConnection object at 0x11868b390>: Failed to establish a new connection: [Errno 61] Connection refused'))
[2025-06-13 15:54:07] Erreur lors du rafraîchissement API, utilisation du cache: HTTPSConnectionPool(host='api.gurushots.com', port=443): Max retries exceeded with url: /rest/get_my_active_challenges (Caused by NewConnectionError('<urllib3.connection.HTTPSConnection object at 0x118689d10>: Failed to establish a new connection: [Errno 61] Connection refused'))
[2025-06-13 15:54:09] Erreur lors du rafraîchissement API, utilisation du cache: HTTPSConnectionPool(host='api.gurushots.com', port=443): Max retries exceeded with url: /rest/get_my_active_challenges (Caused by NewConnectionError('<urllib3.connection.HTTPSConnection object at 0x11868a210>: Failed to establish a new connection: [Errno 61] Connection refused'))
[2025-06-13 15:54:21] Erreur lors du rafraîchissement API, utilisation du cache: HTTPSConnectionPool(host='api.gurushots.com', port=443): Max retries exceeded with url: /rest/get_my_active_challenges (Caused by NewConnectionError('<urllib3.connection.HTTPSConnection object at 0x118689450>: Failed to establish a new connection: [Errno 61] Connection refused'))
[2025-06-13 15:54:22] Erreur lors du rafraîchissement API, utilisation du cache: HTTPSConnectionPool(host='api.gurushots.com', port=443): Max retries exceeded with url: /rest/get_my_active_challenges (Caused by NewConnectionError('<urllib3.connection.HTTPSConnection object at 0x1290ce350>: Failed to establish a new connection: [Errno 61] Connection refused'))
[2025-06-13 15:54:22] Erreur lors du rafraîchissement API, utilisation du cache: HTTPSConnectionPool(host='api.gurushots.com', port=443): Max retries exceeded with url: /rest/get_my_active_challenges (Caused by NewConnectionError('<urllib3.connection.HTTPSConnection object at 0x1290cc550>: Failed to establish a new connection: [Errno 61] Connection refused'))
[2025-06-13 15:54:24] Erreur lors du rafraîchissement API, utilisation du cache: HTTPSConnectionPool(host='api.gurushots.com', port=443): Max retries exceeded with url: /rest/get_my_active_challenges (Caused by NewConnectionError('<urllib3.connection.HTTPSConnection object at 0x1290cca50>: Failed to establish a new connection: [Errno 61] Connection refused'))
[2025-06-13 15:54:36] Erreur lors du rafraîchissement API, utilisation du cache: HTTPSConnectionPool(host='api.gurushots.com', port=443): Max retries exceeded with url: /rest/get_my_active_challenges (Caused by NewConnectionError('<urllib3.connection.HTTPSConnection object at 0x1290cccd0>: Failed to establish a new connection: [Errno 61] Connection refused'))
[2025-06-13 15:54:37] Erreur lors du rafraîchissement API, utilisation du cache: HTTPSConnectionPool(host='api.gurushots.com', port=443): Max retries exceeded with url: /rest/get_my_active_challenges (Caused by NewConnectionError('<urllib3.connection.HTTPSConnection object at 0x1290ccf50>: Failed to establish a new connection: [Errno 61] Connection refused'))
[2025-06-13 15:54:37] Erreur lors du rafraîchissement API, utilisation du cache: HTTPSConnectionPool(host='api.gurushots.com', port=443): Max retries exceeded with url: /rest/get_my_active_challenges (Caused by NewConnectionError('<urllib3.connection.HTTPSConnection object at 0x1290cd1d0>: Failed to establish a new connection: [Errno 61] Connection refused'))
[2025-06-13 15:54:39] Erreur lors du rafraîchissement API, utilisation du cache: HTTPSConnectionPool(host='api.gurushots.com', port=443): Max retries exceeded with url: /rest/get_my_active_challenges (Caused by NewConnectionError('<urllib3.connection.HTTPSConnection object at 0x1290cd810>: Failed to establish a new connection: [Errno 61] Connection refused'))
[2025-06-13 15:54:51] Erreur lors du rafraîchissement API, utilisation du cache: HTTPSConnectionPool(host='api.gurushots.com', port=443): Max retries exceeded with url: /rest/get_my_active_challenges (Caused by NewConnectionError('<urllib3.connection.HTTPSConnection object at 0x1290cda90>: Failed to establish a new connection: [Errno 61] Connection refused'))
[2025-06-13 15:54:52] Erreur lors du rafraîchissement API, utilisation du cache: HTTPSConnectionPool(host='api.gurushots.com', port=443): Max retries exceeded with url: /rest/get_my_active_challenges (Caused by NewConnectionError('<urllib3.connection.HTTPSConnection object at 0x11868b610>: Failed to establish a new connection: [Errno 61] Connection refused'))
[2025-06-13 15:54:52] Erreur lors du rafraîchissement API, utilisation du cache: HTTPSConnectionPool(host='api.gurushots.com', port=443): Max retries exceeded with url: /rest/get_my_active_challenges (Caused by NewConnectionError('<urllib3.connection.HTTPSConnection object at 0x11868b750>: Failed to establish a new connection: [Errno 61] Connection refused'))
[2025-06-13 15:54:54] Erreur lors du rafraîchissement API, utilisation du cache: HTTPSConnectionPool(host='api.gurushots.com', port=443): Max retries exceeded with url: /rest/get_my_active_challenges (Caused by NewConnectionError('<urllib3.connection.HTTPSConnection object at 0x11868b4d0>: Failed to establish a new connection: [Errno 61] Connection refused'))
[2025-06-13 15:55:06] Erreur lors du rafraîchissement API, utilisation du cache: HTTPSConnectionPool(host='api.gurushots.com', port=443): Max retries exceeded with url: /rest/get_my_active_challenges (Caused by NewConnectionError('<urllib3.connection.HTTPSConnection object at 0x11868b250>: Failed to establish a new connection: [Errno 61] Connection refused'))
[2025-06-13 15:55:07] Erreur lors du rafraîchissement API, utilisation du cache: HTTPSConnectionPool(host='api.gurushots.com', port=443): Max retries exceeded with url: /rest/get_my_active_challenges (Caused by NewConnectionError('<urllib3.connection.HTTPSConnection object at 0x118688550>: Failed to establish a new connection: [Errno 61] Connection refused'))
[2025-06-13 15:55:07] Erreur lors du rafraîchissement API, utilisation du cache: HTTPSConnectionPool(host='api.gurushots.com', port=443): Max retries exceeded with url: /rest/get_my_active_challenges (Caused by NewConnectionError('<urllib3.connection.HTTPSConnection object at 0x11868a990>: Failed to establish a new connection: [Errno 61] Connection refused'))
[2025-06-13 15:55:09] Erreur lors du rafraîchissement API, utilisation du cache: HTTPSConnectionPool(host='api.gurushots.com', port=443): Max retries exceeded with url: /rest/get_my_active_challenges (Caused by NewConnectionError('<urllib3.connection.HTTPSConnection object at 0x11868a710>: Failed to establish a new connection: [Errno 61] Connection refused'))
[2025-06-13 15:55:21] Erreur lors du rafraîchissement API, utilisation du cache: HTTPSConnectionPool(host='api.gurushots.com', port=443): Max retries exceeded with url: /rest/get_my_active_challenges (Caused by NewConnectionError('<urllib3.connection.HTTPSConnection object at 0x11868a850>: Failed to establish a new connection: [Errno 61] Connection refused'))
[2025-06-13 15:55:22] Erreur lors du rafraîchissement API, utilisation du cache: HTTPSConnectionPool(host='api.gurushots.com', port=443): Max retries exceeded with url: /rest/get_my_active_challenges (Caused by NewConnectionError('<urllib3.connection.HTTPSConnection object at 0x1290cc410>: Failed to establish a new connection: [Errno 61] Connection refused'))
[2025-06-13 15:55:22] Erreur lors du rafraîchissement API, utilisation du cache: HTTPSConnectionPool(host='api.gurushots.com', port=443): Max retries exceeded with url: /rest/get_my_active_challenges (Caused by NewConnectionError('<urllib3.connection.HTTPSConnection object at 0x1290cd950>: Failed to establish a new connection: [Errno 61] Connection refused'))
[2025-06-13 15:55:24] Erreur lors du rafraîchissement API, utilisation du cache: HTTPSConnectionPool(host='api.gurushots.com', port=443): Max retries exceeded with url: /rest/get_my_active_challenges (Caused by NewConnectionError('<urllib3.connection.HTTPSConnection object at 0x1290cd310>: Failed to establish a new connection: [Errno 61] Connection refused'))
[2025-06-13 15:55:36] Erreur lors du rafraîchissement API, utilisation du cache: HTTPSConnectionPool(host='api.gurushots.com', port=443): Max retries exceeded with url: /rest/get_my_active_challenges (Caused by NewConnectionError('<urllib3.connection.HTTPSConnection object at 0x1290cd090>: Failed to establish a new connection: [Errno 61] Connection refused'))
[2025-06-13 15:55:37] Erreur lors du rafraîchissement API, utilisation du cache: HTTPSConnectionPool(host='api.gurushots.com', port=443): Max retries exceeded with url: /rest/get_my_active_challenges (Caused by NewConnectionError('<urllib3.connection.HTTPSConnection object at 0x1290cce10>: Failed to establish a new connection: [Errno 61] Connection refused'))
[2025-06-13 15:55:37] Erreur lors du rafraîchissement API, utilisation du cache: HTTPSConnectionPool(host='api.gurushots.com', port=443): Max retries exceeded with url: /rest/get_my_active_challenges (Caused by NewConnectionError('<urllib3.connection.HTTPSConnection object at 0x1290ccb90>: Failed to establish a new connection: [Errno 61] Connection refused'))
[2025-06-13 15:55:39] Erreur lors du rafraîchissement API, utilisation du cache: HTTPSConnectionPool(host='api.gurushots.com', port=443): Max retries exceeded with url: /rest/get_my_active_challenges (Caused by NewConnectionError('<urllib3.connection.HTTPSConnection object at 0x1290cc690>: Failed to establish a new connection: [Errno 61] Connection refused'))
[2025-06-13 15:55:51] Erreur lors du rafraîchissement API, utilisation du cache: HTTPSConnectionPool(host='api.gurushots.com', port=443): Max retries exceeded with url: /rest/get_my_active_challenges (Caused by NewConnectionError('<urllib3.connection.HTTPSConnection object at 0x1290cc2d0>: Failed to establish a new connection: [Errno 61] Connection refused'))
[2025-06-13 15:55:52] Erreur lors du rafraîchissement API, utilisation du cache: HTTPSConnectionPool(host='api.gurushots.com', port=443): Max retries exceeded with url: /rest/get_my_active_challenges (Caused by NewConnectionError('<urllib3.connection.HTTPSConnection object at 0x1290ce0d0>: Failed to establish a new connection: [Errno 61] Connection refused'))
[2025-06-13 15:55:52] Erreur lors du rafraîchissement API, utilisation du cache: HTTPSConnectionPool(host='api.gurushots.com', port=443): Max retries exceeded with url: /rest/get_my_active_challenges (Caused by NewConnectionError('<urllib3.connection.HTTPSConnection object at 0x11868a490>: Failed to establish a new connection: [Errno 61] Connection refused'))
[2025-06-13 15:55:54] Erreur lors du rafraîchissement API, utilisation du cache: HTTPSConnectionPool(host='api.gurushots.com', port=443): Max retries exceeded with url: /rest/get_my_active_challenges (Caused by NewConnectionError('<urllib3.connection.HTTPSConnection object at 0x11868bb10>: Failed to establish a new connection: [Errno 61] Connection refused'))
[2025-06-13 15:56:06] Erreur lors du rafraîchissement API, utilisation du cache: HTTPSConnectionPool(host='api.gurushots.com', port=443): Max retries exceeded with url: /rest/get_my_active_challenges (Caused by NewConnectionError('<urllib3.connection.HTTPSConnection object at 0x11868aad0>: Failed to establish a new connection: [Errno 61] Connection refused'))
[2025-06-13 15:56:07] Erreur lors du rafraîchissement API, utilisation du cache: HTTPSConnectionPool(host='api.gurushots.com', port=443): Max retries exceeded with url: /rest/get_my_active_challenges (Caused by NewConnectionError('<urllib3.connection.HTTPSConnection object at 0x1186896d0>: Failed to establish a new connection: [Errno 61] Connection refused'))
[2025-06-13 15:56:07] Erreur lors du rafraîchissement API, utilisation du cache: HTTPSConnectionPool(host='api.gurushots.com', port=443): Max retries exceeded with url: /rest/get_my_active_challenges (Caused by NewConnectionError('<urllib3.connection.HTTPSConnection object at 0x11868b390>: Failed to establish a new connection: [Errno 61] Connection refused'))
[2025-06-13 15:56:09] Erreur lors du rafraîchissement API, utilisation du cache: HTTPSConnectionPool(host='api.gurushots.com', port=443): Max retries exceeded with url: /rest/get_my_active_challenges (Caused by NewConnectionError('<urllib3.connection.HTTPSConnection object at 0x118689d10>: Failed to establish a new connection: [Errno 61] Connection refused'))
[2025-06-13 15:56:21] Erreur lors du rafraîchissement API, utilisation du cache: HTTPSConnectionPool(host='api.gurushots.com', port=443): Max retries exceeded with url: /rest/get_my_active_challenges (Caused by NewConnectionError('<urllib3.connection.HTTPSConnection object at 0x11868a210>: Failed to establish a new connection: [Errno 61] Connection refused'))
[2025-06-13 15:56:22] Erreur lors du rafraîchissement API, utilisation du cache: HTTPSConnectionPool(host='api.gurushots.com', port=443): Max retries exceeded with url: /rest/get_my_active_challenges (Caused by NewConnectionError('<urllib3.connection.HTTPSConnection object at 0x118689450>: Failed to establish a new connection: [Errno 61] Connection refused'))
[2025-06-13 15:56:22] Erreur lors du rafraîchissement API, utilisation du cache: HTTPSConnectionPool(host='api.gurushots.com', port=443): Max retries exceeded with url: /rest/get_my_active_challenges (Caused by NewConnectionError('<urllib3.connection.HTTPSConnection object at 0x1290ce210>: Failed to establish a new connection: [Errno 61] Connection refused'))
[2025-06-13 15:56:24] Erreur lors du rafraîchissement API, utilisation du cache: HTTPSConnectionPool(host='api.gurushots.com', port=443): Max retries exceeded with url: /rest/get_my_active_challenges (Caused by NewConnectionError('<urllib3.connection.HTTPSConnection object at 0x1290ce350>: Failed to establish a new connection: [Errno 61] Connection refused'))
[2025-06-13 15:56:36] Erreur lors du rafraîchissement API, utilisation du cache: HTTPSConnectionPool(host='api.gurushots.com', port=443): Max retries exceeded with url: /rest/get_my_active_challenges (Caused by NewConnectionError('<urllib3.connection.HTTPSConnection object at 0x1290cc550>: Failed to establish a new connection: [Errno 61] Connection refused'))
[2025-06-13 15:56:37] Erreur lors du rafraîchissement API, utilisation du cache: HTTPSConnectionPool(host='api.gurushots.com', port=443): Max retries exceeded with url: /rest/get_my_active_challenges (Caused by NewConnectionError('<urllib3.connection.HTTPSConnection object at 0x1290cca50>: Failed to establish a new connection: [Errno 61] Connection refused'))
[2025-06-13 15:56:37] Erreur lors du rafraîchissement API, utilisation du cache: HTTPSConnectionPool(host='api.gurushots.com', port=443): Max retries exceeded with url: /rest/get_my_active_challenges (Caused by NewConnectionError('<urllib3.connection.HTTPSConnection object at 0x1290cccd0>: Failed to establish a new connection: [Errno 61] Connection refused'))
[2025-06-13 15:56:39] Erreur lors du rafraîchissement API, utilisation du cache: HTTPSConnectionPool(host='api.gurushots.com', port=443): Max retries exceeded with url: /rest/get_my_active_challenges (Caused by NewConnectionError('<urllib3.connection.HTTPSConnection object at 0x1290ccf50>: Failed to establish a new connection: [Errno 61] Connection refused'))
[2025-06-13 15:56:52] Erreur lors du rafraîchissement API, utilisation du cache: HTTPSConnectionPool(host='api.gurushots.com', port=443): Max retries exceeded with url: /rest/get_my_active_challenges (Caused by NewConnectionError('<urllib3.connection.HTTPSConnection object at 0x1290cd1d0>: Failed to establish a new connection: [Errno 61] Connection refused'))
[2025-06-13 15:56:52] Erreur lors du rafraîchissement API, utilisation du cache: HTTPSConnectionPool(host='api.gurushots.com', port=443): Max retries exceeded with url: /rest/get_my_active_challenges (Caused by NewConnectionError('<urllib3.connection.HTTPSConnection object at 0x1290cd810>: Failed to establish a new connection: [Errno 61] Connection refused'))
[2025-06-13 15:56:54] Erreur lors du rafraîchissement API, utilisation du cache: HTTPSConnectionPool(host='api.gurushots.com', port=443): Max retries exceeded with url: /rest/get_my_active_challenges (Caused by NewConnectionError('<urllib3.connection.HTTPSConnection object at 0x118688410>: Failed to establish a new connection: [Errno 61] Connection refused'))
[2025-06-13 15:57:07] Erreur lors du rafraîchissement API, utilisation du cache: HTTPSConnectionPool(host='api.gurushots.com', port=443): Max retries exceeded with url: /rest/get_my_active_challenges (Caused by NewConnectionError('<urllib3.connection.HTTPSConnection object at 0x118689450>: Failed to establish a new connection: [Errno 61] Connection refused'))
[2025-06-13 15:57:07] Erreur lors du rafraîchissement API, utilisation du cache: HTTPSConnectionPool(host='api.gurushots.com', port=443): Max retries exceeded with url: /rest/get_my_active_challenges (Caused by NewConnectionError('<urllib3.connection.HTTPSConnection object at 0x11868a210>: Failed to establish a new connection: [Errno 61] Connection refused'))
[2025-06-13 15:57:08] Erreur lors du rafraîchissement API, utilisation du cache: HTTPSConnectionPool(host='api.gurushots.com', port=443): Max retries exceeded with url: /rest/get_my_active_challenges (Caused by NewConnectionError('<urllib3.connection.HTTPSConnection object at 0x118689d10>: Failed to establish a new connection: [Errno 61] Connection refused'))
[2025-06-13 15:57:09] Erreur lors du rafraîchissement API, utilisation du cache: HTTPSConnectionPool(host='api.gurushots.com', port=443): Max retries exceeded with url: /rest/get_my_active_challenges (Caused by NewConnectionError('<urllib3.connection.HTTPSConnection object at 0x11868b390>: Failed to establish a new connection: [Errno 61] Connection refused'))
[2025-06-13 15:57:22] Erreur lors du rafraîchissement API, utilisation du cache: HTTPSConnectionPool(host='api.gurushots.com', port=443): Max retries exceeded with url: /rest/get_my_active_challenges (Caused by NewConnectionError('<urllib3.connection.HTTPSConnection object at 0x11868a990>: Failed to establish a new connection: [Errno 61] Connection refused'))
[2025-06-13 15:57:23] Erreur lors du rafraîchissement API, utilisation du cache: HTTPSConnectionPool(host='api.gurushots.com', port=443): Max retries exceeded with url: /rest/get_my_active_challenges (Caused by NewConnectionError('<urllib3.connection.HTTPSConnection object at 0x118689f90>: Failed to establish a new connection: [Errno 61] Connection refused'))
[2025-06-13 15:57:24] Erreur lors du rafraîchissement API, utilisation du cache: HTTPSConnectionPool(host='api.gurushots.com', port=443): Max retries exceeded with url: /rest/get_my_active_challenges (Caused by NewConnectionError('<urllib3.connection.HTTPSConnection object at 0x1290cde50>: Failed to establish a new connection: [Errno 61] Connection refused'))
[2025-06-13 15:57:37] Erreur lors du rafraîchissement API, utilisation du cache: HTTPSConnectionPool(host='api.gurushots.com', port=443): Max retries exceeded with url: /rest/get_my_active_challenges (Caused by NewConnectionError('<urllib3.connection.HTTPSConnection object at 0x1290cc910>: Failed to establish a new connection: [Errno 61] Connection refused'))
[2025-06-13 15:57:38] Erreur lors du rafraîchissement API, utilisation du cache: HTTPSConnectionPool(host='api.gurushots.com', port=443): Max retries exceeded with url: /rest/get_my_active_challenges (Caused by NewConnectionError('<urllib3.connection.HTTPSConnection object at 0x1290cd810>: Failed to establish a new connection: [Errno 61] Connection refused'))
[2025-06-13 15:57:38] Erreur lors du rafraîchissement API, utilisation du cache: HTTPSConnectionPool(host='api.gurushots.com', port=443): Max retries exceeded with url: /rest/get_my_active_challenges (Caused by NewConnectionError('<urllib3.connection.HTTPSConnection object at 0x1290cd1d0>: Failed to establish a new connection: [Errno 61] Connection refused'))
[2025-06-13 15:57:39] Erreur lors du rafraîchissement API, utilisation du cache: HTTPSConnectionPool(host='api.gurushots.com', port=443): Max retries exceeded with url: /rest/get_my_active_challenges (Caused by NewConnectionError('<urllib3.connection.HTTPSConnection object at 0x1290ccf50>: Failed to establish a new connection: [Errno 61] Connection refused'))
[2025-06-13 15:57:52] Erreur lors du rafraîchissement API, utilisation du cache: HTTPSConnectionPool(host='api.gurushots.com', port=443): Max retries exceeded with url: /rest/get_my_active_challenges (Caused by NewConnectionError('<urllib3.connection.HTTPSConnection object at 0x1290cccd0>: Failed to establish a new connection: [Errno 61] Connection refused'))
[2025-06-13 15:57:53] Erreur lors du rafraîchissement API, utilisation du cache: HTTPSConnectionPool(host='api.gurushots.com', port=443): Max retries exceeded with url: /rest/get_my_active_challenges (Caused by NewConnectionError('<urllib3.connection.HTTPSConnection object at 0x1290cca50>: Failed to establish a new connection: [Errno 61] Connection refused'))
[2025-06-13 15:57:53] Erreur lors du rafraîchissement API, utilisation du cache: HTTPSConnectionPool(host='api.gurushots.com', port=443): Max retries exceeded with url: /rest/get_my_active_challenges (Caused by NewConnectionError('<urllib3.connection.HTTPSConnection object at 0x1290cc550>: Failed to establish a new connection: [Errno 61] Connection refused'))
[2025-06-13 15:57:54] Erreur lors du rafraîchissement API, utilisation du cache: HTTPSConnectionPool(host='api.gurushots.com', port=443): Max retries exceeded with url: /rest/get_my_active_challenges (Caused by NewConnectionError('<urllib3.connection.HTTPSConnection object at 0x1290ce350>: Failed to establish a new connection: [Errno 61] Connection refused'))
[2025-06-13 15:58:07] Erreur lors du rafraîchissement API, utilisation du cache: HTTPSConnectionPool(host='api.gurushots.com', port=443): Max retries exceeded with url: /rest/get_my_active_challenges (Caused by NewConnectionError('<urllib3.connection.HTTPSConnection object at 0x1290ce210>: Failed to establish a new connection: [Errno 61] Connection refused'))
[2025-06-13 15:58:08] Erreur lors du rafraîchissement API, utilisation du cache: HTTPSConnectionPool(host='api.gurushots.com', port=443): Max retries exceeded with url: /rest/get_my_active_challenges (Caused by NewConnectionError('<urllib3.connection.HTTPSConnection object at 0x11868aad0>: Failed to establish a new connection: [Errno 61] Connection refused'))
[2025-06-13 15:58:08] Erreur lors du rafraîchissement API, utilisation du cache: HTTPSConnectionPool(host='api.gurushots.com', port=443): Max retries exceeded with url: /rest/get_my_active_challenges (Caused by NewConnectionError('<urllib3.connection.HTTPSConnection object at 0x118688550>: Failed to establish a new connection: [Errno 61] Connection refused'))
[2025-06-13 15:58:09] Erreur lors du rafraîchissement API, utilisation du cache: HTTPSConnectionPool(host='api.gurushots.com', port=443): Max retries exceeded with url: /rest/get_my_active_challenges (Caused by NewConnectionError('<urllib3.connection.HTTPSConnection object at 0x11868b250>: Failed to establish a new connection: [Errno 61] Connection refused'))
[2025-06-13 15:58:22] Erreur lors du rafraîchissement API, utilisation du cache: HTTPSConnectionPool(host='api.gurushots.com', port=443): Max retries exceeded with url: /rest/get_my_active_challenges (Caused by NewConnectionError('<urllib3.connection.HTTPSConnection object at 0x11868b4d0>: Failed to establish a new connection: [Errno 61] Connection refused'))
[2025-06-13 15:58:23] Erreur lors du rafraîchissement API, utilisation du cache: HTTPSConnectionPool(host='api.gurushots.com', port=443): Max retries exceeded with url: /rest/get_my_active_challenges (Caused by NewConnectionError('<urllib3.connection.HTTPSConnection object at 0x11868b750>: Failed to establish a new connection: [Errno 61] Connection refused'))
[2025-06-13 15:58:24] Erreur lors du rafraîchissement API, utilisation du cache: HTTPSConnectionPool(host='api.gurushots.com', port=443): Max retries exceeded with url: /rest/get_my_active_challenges (Caused by NewConnectionError('<urllib3.connection.HTTPSConnection object at 0x11868b610>: Failed to establish a new connection: [Errno 61] Connection refused'))
[2025-06-13 15:58:24] Erreur lors du rafraîchissement API, utilisation du cache: HTTPSConnectionPool(host='api.gurushots.com', port=443): Max retries exceeded with url: /rest/get_my_active_challenges (Caused by NewConnectionError('<urllib3.connection.HTTPSConnection object at 0x1290ce0d0>: Failed to establish a new connection: [Errno 61] Connection refused'))
[2025-06-13 15:58:37] Erreur lors du rafraîchissement API, utilisation du cache: HTTPSConnectionPool(host='api.gurushots.com', port=443): Max retries exceeded with url: /rest/get_my_active_challenges (Caused by NewConnectionError('<urllib3.connection.HTTPSConnection object at 0x1290cc2d0>: Failed to establish a new connection: [Errno 61] Connection refused'))
[2025-06-13 15:58:38] Erreur lors du rafraîchissement API, utilisation du cache: HTTPSConnectionPool(host='api.gurushots.com', port=443): Max retries exceeded with url: /rest/get_my_active_challenges (Caused by NewConnectionError('<urllib3.connection.HTTPSConnection object at 0x1290cc690>: Failed to establish a new connection: [Errno 61] Connection refused'))
[2025-06-13 15:58:39] Erreur lors du rafraîchissement API, utilisation du cache: HTTPSConnectionPool(host='api.gurushots.com', port=443): Max retries exceeded with url: /rest/get_my_active_challenges (Caused by NewConnectionError('<urllib3.connection.HTTPSConnection object at 0x1290ccb90>: Failed to establish a new connection: [Errno 61] Connection refused'))
[2025-06-13 15:58:39] Erreur lors du rafraîchissement API, utilisation du cache: HTTPSConnectionPool(host='api.gurushots.com', port=443): Max retries exceeded with url: /rest/get_my_active_challenges (Caused by NewConnectionError('<urllib3.connection.HTTPSConnection object at 0x1290cce10>: Failed to establish a new connection: [Errno 61] Connection refused'))
[2025-06-13 15:58:53] Erreur lors du rafraîchissement API, utilisation du cache: HTTPSConnectionPool(host='api.gurushots.com', port=443): Max retries exceeded with url: /rest/get_my_active_challenges (Caused by NewConnectionError('<urllib3.connection.HTTPSConnection object at 0x1290cd090>: Failed to establish a new connection: [Errno 61] Connection refused'))
[2025-06-13 15:58:53] Erreur lors du rafraîchissement API, utilisation du cache: HTTPSConnectionPool(host='api.gurushots.com', port=443): Max retries exceeded with url: /rest/get_my_active_challenges (Caused by NewConnectionError('<urllib3.connection.HTTPSConnection object at 0x1290cd310>: Failed to establish a new connection: [Errno 61] Connection refused'))
[2025-06-13 15:58:54] Erreur lors du rafraîchissement API, utilisation du cache: HTTPSConnectionPool(host='api.gurushots.com', port=443): Max retries exceeded with url: /rest/get_my_active_challenges (Caused by NewConnectionError('<urllib3.connection.HTTPSConnection object at 0x1290cd950>: Failed to establish a new connection: [Errno 61] Connection refused'))
[2025-06-13 15:58:54] Erreur lors du rafraîchissement API, utilisation du cache: HTTPSConnectionPool(host='api.gurushots.com', port=443): Max retries exceeded with url: /rest/get_my_active_challenges (Caused by NewConnectionError('<urllib3.connection.HTTPSConnection object at 0x1290cc7d0>: Failed to establish a new connection: [Errno 61] Connection refused'))
[2025-06-13 15:59:08] Erreur lors du rafraîchissement API, utilisation du cache: HTTPSConnectionPool(host='api.gurushots.com', port=443): Max retries exceeded with url: /rest/get_my_active_challenges (Caused by NewConnectionError('<urllib3.connection.HTTPSConnection object at 0x1290cdd10>: Failed to establish a new connection: [Errno 61] Connection refused'))
[2025-06-13 15:59:08] Erreur lors du rafraîchissement API, utilisation du cache: HTTPSConnectionPool(host='api.gurushots.com', port=443): Max retries exceeded with url: /rest/get_my_active_challenges (Caused by NewConnectionError('<urllib3.connection.HTTPSConnection object at 0x118688410>: Failed to establish a new connection: [Errno 61] Connection refused'))
[2025-06-13 15:59:09] Erreur lors du rafraîchissement API, utilisation du cache: HTTPSConnectionPool(host='api.gurushots.com', port=443): Max retries exceeded with url: /rest/get_my_active_challenges (Caused by NewConnectionError('<urllib3.connection.HTTPSConnection object at 0x118689450>: Failed to establish a new connection: [Errno 61] Connection refused'))
[2025-06-13 15:59:10] Erreur lors du rafraîchissement API, utilisation du cache: HTTPSConnectionPool(host='api.gurushots.com', port=443): Max retries exceeded with url: /rest/get_my_active_challenges (Caused by NewConnectionError('<urllib3.connection.HTTPSConnection object at 0x11868a210>: Failed to establish a new connection: [Errno 61] Connection refused'))
[2025-06-13 15:59:23] Erreur lors du rafraîchissement API, utilisation du cache: HTTPSConnectionPool(host='api.gurushots.com', port=443): Max retries exceeded with url: /rest/get_my_active_challenges (Caused by NewConnectionError('<urllib3.connection.HTTPSConnection object at 0x118689d10>: Failed to establish a new connection: [Errno 61] Connection refused'))
[2025-06-13 15:59:23] Erreur lors du rafraîchissement API, utilisation du cache: HTTPSConnectionPool(host='api.gurushots.com', port=443): Max retries exceeded with url: /rest/get_my_active_challenges (Caused by NewConnectionError('<urllib3.connection.HTTPSConnection object at 0x11868b390>: Failed to establish a new connection: [Errno 61] Connection refused'))
[2025-06-13 15:59:24] Erreur lors du rafraîchissement API, utilisation du cache: HTTPSConnectionPool(host='api.gurushots.com', port=443): Max retries exceeded with url: /rest/get_my_active_challenges (Caused by NewConnectionError('<urllib3.connection.HTTPSConnection object at 0x11868a990>: Failed to establish a new connection: [Errno 61] Connection refused'))
[2025-06-13 15:59:25] Erreur lors du rafraîchissement API, utilisation du cache: HTTPSConnectionPool(host='api.gurushots.com', port=443): Max retries exceeded with url: /rest/get_my_active_challenges (Caused by NewConnectionError('<urllib3.connection.HTTPSConnection object at 0x1290ce710>: Failed to establish a new connection: [Errno 61] Connection refused'))
[2025-06-13 15:59:38] Erreur lors du rafraîchissement API, utilisation du cache: HTTPSConnectionPool(host='api.gurushots.com', port=443): Max retries exceeded with url: /rest/get_my_active_challenges (Caused by NewConnectionError('<urllib3.connection.HTTPSConnection object at 0x1290cde50>: Failed to establish a new connection: [Errno 61] Connection refused'))
[2025-06-13 15:59:38] Erreur lors du rafraîchissement API, utilisation du cache: HTTPSConnectionPool(host='api.gurushots.com', port=443): Max retries exceeded with url: /rest/get_my_active_challenges (Caused by NewConnectionError('<urllib3.connection.HTTPSConnection object at 0x1290cc910>: Failed to establish a new connection: [Errno 61] Connection refused'))
[2025-06-13 15:59:39] Erreur lors du rafraîchissement API, utilisation du cache: HTTPSConnectionPool(host='api.gurushots.com', port=443): Max retries exceeded with url: /rest/get_my_active_challenges (Caused by NewConnectionError('<urllib3.connection.HTTPSConnection object at 0x1290cd810>: Failed to establish a new connection: [Errno 61] Connection refused'))
[2025-06-13 15:59:40] Erreur lors du rafraîchissement API, utilisation du cache: HTTPSConnectionPool(host='api.gurushots.com', port=443): Max retries exceeded with url: /rest/get_my_active_challenges (Caused by NewConnectionError('<urllib3.connection.HTTPSConnection object at 0x1290cd1d0>: Failed to establish a new connection: [Errno 61] Connection refused'))
[2025-06-13 15:59:53] Erreur lors du rafraîchissement API, utilisation du cache: HTTPSConnectionPool(host='api.gurushots.com', port=443): Max retries exceeded with url: /rest/get_my_active_challenges (Caused by NewConnectionError('<urllib3.connection.HTTPSConnection object at 0x1290ccf50>: Failed to establish a new connection: [Errno 61] Connection refused'))
[2025-06-13 15:59:53] Erreur lors du rafraîchissement API, utilisation du cache: HTTPSConnectionPool(host='api.gurushots.com', port=443): Max retries exceeded with url: /rest/get_my_active_challenges (Caused by NewConnectionError('<urllib3.connection.HTTPSConnection object at 0x1290cccd0>: Failed to establish a new connection: [Errno 61] Connection refused'))
[2025-06-13 15:59:54] Erreur lors du rafraîchissement API, utilisation du cache: HTTPSConnectionPool(host='api.gurushots.com', port=443): Max retries exceeded with url: /rest/get_my_active_challenges (Caused by NewConnectionError('<urllib3.connection.HTTPSConnection object at 0x1290cca50>: Failed to establish a new connection: [Errno 61] Connection refused'))
[2025-06-13 15:59:55] Erreur lors du rafraîchissement API, utilisation du cache: HTTPSConnectionPool(host='api.gurushots.com', port=443): Max retries exceeded with url: /rest/get_my_active_challenges (Caused by NewConnectionError('<urllib3.connection.HTTPSConnection object at 0x1290cc550>: Failed to establish a new connection: [Errno 61] Connection refused'))
[2025-06-13 16:00:08] Erreur lors du rafraîchissement API, utilisation du cache: HTTPSConnectionPool(host='api.gurushots.com', port=443): Max retries exceeded with url: /rest/get_my_active_challenges (Caused by NewConnectionError('<urllib3.connection.HTTPSConnection object at 0x1290ce350>: Failed to establish a new connection: [Errno 61] Connection refused'))
[2025-06-13 16:00:08] Erreur lors du rafraîchissement API, utilisation du cache: HTTPSConnectionPool(host='api.gurushots.com', port=443): Max retries exceeded with url: /rest/get_my_active_challenges (Caused by NewConnectionError('<urllib3.connection.HTTPSConnection object at 0x1290ce850>: Failed to establish a new connection: [Errno 61] Connection refused'))
[2025-06-13 16:00:09] Erreur lors du rafraîchissement API, utilisation du cache: HTTPSConnectionPool(host='api.gurushots.com', port=443): Max retries exceeded with url: /rest/get_my_active_challenges (Caused by NewConnectionError('<urllib3.connection.HTTPSConnection object at 0x11868aad0>: Failed to establish a new connection: [Errno 61] Connection refused'))
[2025-06-13 16:00:10] Erreur lors du rafraîchissement API, utilisation du cache: HTTPSConnectionPool(host='api.gurushots.com', port=443): Max retries exceeded with url: /rest/get_my_active_challenges (Caused by NewConnectionError('<urllib3.connection.HTTPSConnection object at 0x118688550>: Failed to establish a new connection: [Errno 61] Connection refused'))
[2025-06-13 16:00:23] Erreur lors du rafraîchissement API, utilisation du cache: HTTPSConnectionPool(host='api.gurushots.com', port=443): Max retries exceeded with url: /rest/get_my_active_challenges (Caused by NewConnectionError('<urllib3.connection.HTTPSConnection object at 0x11868b250>: Failed to establish a new connection: [Errno 61] Connection refused'))
[2025-06-13 16:00:23] Erreur lors du rafraîchissement API, utilisation du cache: HTTPSConnectionPool(host='api.gurushots.com', port=443): Max retries exceeded with url: /rest/get_my_active_challenges (Caused by NewConnectionError('<urllib3.connection.HTTPSConnection object at 0x11868b4d0>: Failed to establish a new connection: [Errno 61] Connection refused'))
[2025-06-13 16:00:24] Erreur lors du rafraîchissement API, utilisation du cache: HTTPSConnectionPool(host='api.gurushots.com', port=443): Max retries exceeded with url: /rest/get_my_active_challenges (Caused by NewConnectionError('<urllib3.connection.HTTPSConnection object at 0x11868b750>: Failed to establish a new connection: [Errno 61] Connection refused'))
[2025-06-13 16:00:25] Erreur lors du rafraîchissement API, utilisation du cache: HTTPSConnectionPool(host='api.gurushots.com', port=443): Max retries exceeded with url: /rest/get_my_active_challenges (Caused by NewConnectionError('<urllib3.connection.HTTPSConnection object at 0x11868b610>: Failed to establish a new connection: [Errno 61] Connection refused'))
[2025-06-13 16:00:38] Erreur lors du rafraîchissement API, utilisation du cache: HTTPSConnectionPool(host='api.gurushots.com', port=443): Max retries exceeded with url: /rest/get_my_active_challenges (Caused by NewConnectionError('<urllib3.connection.HTTPSConnection object at 0x1290ce990>: Failed to establish a new connection: [Errno 61] Connection refused'))
[2025-06-13 16:00:38] Erreur lors du rafraîchissement API, utilisation du cache: HTTPSConnectionPool(host='api.gurushots.com', port=443): Max retries exceeded with url: /rest/get_my_active_challenges (Caused by NewConnectionError('<urllib3.connection.HTTPSConnection object at 0x1290ce0d0>: Failed to establish a new connection: [Errno 61] Connection refused'))
[2025-06-13 16:00:39] Erreur lors du rafraîchissement API, utilisation du cache: HTTPSConnectionPool(host='api.gurushots.com', port=443): Max retries exceeded with url: /rest/get_my_active_challenges (Caused by NewConnectionError('<urllib3.connection.HTTPSConnection object at 0x1290cc2d0>: Failed to establish a new connection: [Errno 61] Connection refused'))
[2025-06-13 16:00:40] Erreur lors du rafraîchissement API, utilisation du cache: HTTPSConnectionPool(host='api.gurushots.com', port=443): Max retries exceeded with url: /rest/get_my_active_challenges (Caused by NewConnectionError('<urllib3.connection.HTTPSConnection object at 0x1290cc690>: Failed to establish a new connection: [Errno 61] Connection refused'))
[2025-06-13 16:00:53] Erreur lors du rafraîchissement API, utilisation du cache: HTTPSConnectionPool(host='api.gurushots.com', port=443): Max retries exceeded with url: /rest/get_my_active_challenges (Caused by NewConnectionError('<urllib3.connection.HTTPSConnection object at 0x1290ccb90>: Failed to establish a new connection: [Errno 61] Connection refused'))
[2025-06-13 16:00:53] Erreur lors du rafraîchissement API, utilisation du cache: HTTPSConnectionPool(host='api.gurushots.com', port=443): Max retries exceeded with url: /rest/get_my_active_challenges (Caused by NewConnectionError('<urllib3.connection.HTTPSConnection object at 0x1290cce10>: Failed to establish a new connection: [Errno 61] Connection refused'))
[2025-06-13 16:00:54] Erreur lors du rafraîchissement API, utilisation du cache: HTTPSConnectionPool(host='api.gurushots.com', port=443): Max retries exceeded with url: /rest/get_my_active_challenges (Caused by NewConnectionError('<urllib3.connection.HTTPSConnection object at 0x1290cd090>: Failed to establish a new connection: [Errno 61] Connection refused'))
[2025-06-13 16:00:55] Erreur lors du rafraîchissement API, utilisation du cache: HTTPSConnectionPool(host='api.gurushots.com', port=443): Max retries exceeded with url: /rest/get_my_active_challenges (Caused by NewConnectionError('<urllib3.connection.HTTPSConnection object at 0x1290cd310>: Failed to establish a new connection: [Errno 61] Connection refused'))
[2025-06-13 16:01:08] Erreur lors du rafraîchissement API, utilisation du cache: HTTPSConnectionPool(host='api.gurushots.com', port=443): Max retries exceeded with url: /rest/get_my_active_challenges (Caused by NewConnectionError('<urllib3.connection.HTTPSConnection object at 0x1290cd950>: Failed to establish a new connection: [Errno 61] Connection refused'))
[2025-06-13 16:01:08] Erreur lors du rafraîchissement API, utilisation du cache: HTTPSConnectionPool(host='api.gurushots.com', port=443): Max retries exceeded with url: /rest/get_my_active_challenges (Caused by NewConnectionError('<urllib3.connection.HTTPSConnection object at 0x1290cc7d0>: Failed to establish a new connection: [Errno 61] Connection refused'))
[2025-06-13 16:01:09] Erreur lors du rafraîchissement API, utilisation du cache: HTTPSConnectionPool(host='api.gurushots.com', port=443): Max retries exceeded with url: /rest/get_my_active_challenges (Caused by NewConnectionError('<urllib3.connection.HTTPSConnection object at 0x1290cdd10>: Failed to establish a new connection: [Errno 61] Connection refused'))
[2025-06-13 16:01:10] Erreur lors du rafraîchissement API, utilisation du cache: HTTPSConnectionPool(host='api.gurushots.com', port=443): Max retries exceeded with url: /rest/get_my_active_challenges (Caused by NewConnectionError('<urllib3.connection.HTTPSConnection object at 0x118688410>: Failed to establish a new connection: [Errno 61] Connection refused'))
[2025-06-13 16:01:23] Erreur lors du rafraîchissement API, utilisation du cache: HTTPSConnectionPool(host='api.gurushots.com', port=443): Max retries exceeded with url: /rest/get_my_active_challenges (Caused by NewConnectionError('<urllib3.connection.HTTPSConnection object at 0x118689450>: Failed to establish a new connection: [Errno 61] Connection refused'))
[2025-06-13 16:01:23] Erreur lors du rafraîchissement API, utilisation du cache: HTTPSConnectionPool(host='api.gurushots.com', port=443): Max retries exceeded with url: /rest/get_my_active_challenges (Caused by NewConnectionError('<urllib3.connection.HTTPSConnection object at 0x11868a210>: Failed to establish a new connection: [Errno 61] Connection refused'))
[2025-06-13 16:01:24] Erreur lors du rafraîchissement API, utilisation du cache: HTTPSConnectionPool(host='api.gurushots.com', port=443): Max retries exceeded with url: /rest/get_my_active_challenges (Caused by NewConnectionError('<urllib3.connection.HTTPSConnection object at 0x118689d10>: Failed to establish a new connection: [Errno 61] Connection refused'))
[2025-06-13 16:01:25] Erreur lors du rafraîchissement API, utilisation du cache: HTTPSConnectionPool(host='api.gurushots.com', port=443): Max retries exceeded with url: /rest/get_my_active_challenges (Caused by NewConnectionError('<urllib3.connection.HTTPSConnection object at 0x11868b390>: Failed to establish a new connection: [Errno 61] Connection refused'))
[2025-06-13 16:01:38] Erreur lors du rafraîchissement API, utilisation du cache: HTTPSConnectionPool(host='api.gurushots.com', port=443): Max retries exceeded with url: /rest/get_my_active_challenges (Caused by NewConnectionError('<urllib3.connection.HTTPSConnection object at 0x11868a990>: Failed to establish a new connection: [Errno 61] Connection refused'))
[2025-06-13 16:01:38] Erreur lors du rafraîchissement API, utilisation du cache: HTTPSConnectionPool(host='api.gurushots.com', port=443): Max retries exceeded with url: /rest/get_my_active_challenges (Caused by NewConnectionError('<urllib3.connection.HTTPSConnection object at 0x1290ce710>: Failed to establish a new connection: [Errno 61] Connection refused'))
[2025-06-13 16:01:39] Erreur lors du rafraîchissement API, utilisation du cache: HTTPSConnectionPool(host='api.gurushots.com', port=443): Max retries exceeded with url: /rest/get_my_active_challenges (Caused by NewConnectionError('<urllib3.connection.HTTPSConnection object at 0x1290cde50>: Failed to establish a new connection: [Errno 61] Connection refused'))
[2025-06-13 16:01:40] Erreur lors du rafraîchissement API, utilisation du cache: HTTPSConnectionPool(host='api.gurushots.com', port=443): Max retries exceeded with url: /rest/get_my_active_challenges (Caused by NewConnectionError('<urllib3.connection.HTTPSConnection object at 0x1290cc910>: Failed to establish a new connection: [Errno 61] Connection refused'))
[2025-06-13 16:01:53] Erreur lors du rafraîchissement API, utilisation du cache: HTTPSConnectionPool(host='api.gurushots.com', port=443): Max retries exceeded with url: /rest/get_my_active_challenges (Caused by NewConnectionError('<urllib3.connection.HTTPSConnection object at 0x1290cd810>: Failed to establish a new connection: [Errno 61] Connection refused'))
[2025-06-13 16:01:53] Erreur lors du rafraîchissement API, utilisation du cache: HTTPSConnectionPool(host='api.gurushots.com', port=443): Max retries exceeded with url: /rest/get_my_active_challenges (Caused by NewConnectionError('<urllib3.connection.HTTPSConnection object at 0x1290cd1d0>: Failed to establish a new connection: [Errno 61] Connection refused'))
[2025-06-13 16:01:54] Erreur lors du rafraîchissement API, utilisation du cache: HTTPSConnectionPool(host='api.gurushots.com', port=443): Max retries exceeded with url: /rest/get_my_active_challenges (Caused by NewConnectionError('<urllib3.connection.HTTPSConnection object at 0x1290ccf50>: Failed to establish a new connection: [Errno 61] Connection refused'))
[2025-06-13 16:01:55] Erreur lors du rafraîchissement API, utilisation du cache: HTTPSConnectionPool(host='api.gurushots.com', port=443): Max retries exceeded with url: /rest/get_my_active_challenges (Caused by NewConnectionError('<urllib3.connection.HTTPSConnection object at 0x1290cccd0>: Failed to establish a new connection: [Errno 61] Connection refused'))
[2025-06-13 16:02:08] Erreur lors du rafraîchissement API, utilisation du cache: HTTPSConnectionPool(host='api.gurushots.com', port=443): Max retries exceeded with url: /rest/get_my_active_challenges (Caused by NewConnectionError('<urllib3.connection.HTTPSConnection object at 0x1290cca50>: Failed to establish a new connection: [Errno 61] Connection refused'))
[2025-06-13 16:02:08] Erreur lors du rafraîchissement API, utilisation du cache: HTTPSConnectionPool(host='api.gurushots.com', port=443): Max retries exceeded with url: /rest/get_my_active_challenges (Caused by NewConnectionError('<urllib3.connection.HTTPSConnection object at 0x1290cc550>: Failed to establish a new connection: [Errno 61] Connection refused'))
[2025-06-13 16:02:09] Erreur lors du rafraîchissement API, utilisation du cache: HTTPSConnectionPool(host='api.gurushots.com', port=443): Max retries exceeded with url: /rest/get_my_active_challenges (Caused by NewConnectionError('<urllib3.connection.HTTPSConnection object at 0x1290ce350>: Failed to establish a new connection: [Errno 61] Connection refused'))
[2025-06-13 16:02:10] Erreur lors du rafraîchissement API, utilisation du cache: HTTPSConnectionPool(host='api.gurushots.com', port=443): Max retries exceeded with url: /rest/get_my_active_challenges (Caused by NewConnectionError('<urllib3.connection.HTTPSConnection object at 0x1290ce850>: Failed to establish a new connection: [Errno 61] Connection refused'))
[2025-06-13 16:02:23] Erreur lors du rafraîchissement API, utilisation du cache: HTTPSConnectionPool(host='api.gurushots.com', port=443): Max retries exceeded with url: /rest/get_my_active_challenges (Caused by NewConnectionError('<urllib3.connection.HTTPSConnection object at 0x11868aad0>: Failed to establish a new connection: [Errno 61] Connection refused'))
[2025-06-13 16:02:23] Erreur lors du rafraîchissement API, utilisation du cache: HTTPSConnectionPool(host='api.gurushots.com', port=443): Max retries exceeded with url: /rest/get_my_active_challenges (Caused by NewConnectionError('<urllib3.connection.HTTPSConnection object at 0x118688550>: Failed to establish a new connection: [Errno 61] Connection refused'))
[2025-06-13 16:02:24] Erreur lors du rafraîchissement API, utilisation du cache: HTTPSConnectionPool(host='api.gurushots.com', port=443): Max retries exceeded with url: /rest/get_my_active_challenges (Caused by NewConnectionError('<urllib3.connection.HTTPSConnection object at 0x11868b250>: Failed to establish a new connection: [Errno 61] Connection refused'))
[2025-06-13 16:02:25] Erreur lors du rafraîchissement API, utilisation du cache: HTTPSConnectionPool(host='api.gurushots.com', port=443): Max retries exceeded with url: /rest/get_my_active_challenges (Caused by NewConnectionError('<urllib3.connection.HTTPSConnection object at 0x11868b4d0>: Failed to establish a new connection: [Errno 61] Connection refused'))
[2025-06-13 16:02:38] Erreur lors du rafraîchissement API, utilisation du cache: HTTPSConnectionPool(host='api.gurushots.com', port=443): Max retries exceeded with url: /rest/get_my_active_challenges (Caused by NewConnectionError('<urllib3.connection.HTTPSConnection object at 0x11868b750>: Failed to establish a new connection: [Errno 61] Connection refused'))
[2025-06-13 16:02:39] Erreur lors du rafraîchissement API, utilisation du cache: HTTPSConnectionPool(host='api.gurushots.com', port=443): Max retries exceeded with url: /rest/get_my_active_challenges (Caused by NewConnectionError('<urllib3.connection.HTTPSConnection object at 0x11868b610>: Failed to establish a new connection: [Errno 61] Connection refused'))
[2025-06-13 16:02:39] Erreur lors du rafraîchissement API, utilisation du cache: HTTPSConnectionPool(host='api.gurushots.com', port=443): Max retries exceeded with url: /rest/get_my_active_challenges (Caused by NewConnectionError('<urllib3.connection.HTTPSConnection object at 0x1290ce990>: Failed to establish a new connection: [Errno 61] Connection refused'))
[2025-06-13 16:02:40] Erreur lors du rafraîchissement API, utilisation du cache: HTTPSConnectionPool(host='api.gurushots.com', port=443): Max retries exceeded with url: /rest/get_my_active_challenges (Caused by NewConnectionError('<urllib3.connection.HTTPSConnection object at 0x1290ce0d0>: Failed to establish a new connection: [Errno 61] Connection refused'))
[2025-06-13 16:02:53] Erreur lors du rafraîchissement API, utilisation du cache: HTTPSConnectionPool(host='api.gurushots.com', port=443): Max retries exceeded with url: /rest/get_my_active_challenges (Caused by NewConnectionError('<urllib3.connection.HTTPSConnection object at 0x1290cc2d0>: Failed to establish a new connection: [Errno 61] Connection refused'))
[2025-06-13 16:02:54] Erreur lors du rafraîchissement API, utilisation du cache: HTTPSConnectionPool(host='api.gurushots.com', port=443): Max retries exceeded with url: /rest/get_my_active_challenges (Caused by NewConnectionError('<urllib3.connection.HTTPSConnection object at 0x1290cc690>: Failed to establish a new connection: [Errno 61] Connection refused'))
[2025-06-13 16:02:54] Erreur lors du rafraîchissement API, utilisation du cache: HTTPSConnectionPool(host='api.gurushots.com', port=443): Max retries exceeded with url: /rest/get_my_active_challenges (Caused by NewConnectionError('<urllib3.connection.HTTPSConnection object at 0x1290ccb90>: Failed to establish a new connection: [Errno 61] Connection refused'))
[2025-06-13 16:02:55] Erreur lors du rafraîchissement API, utilisation du cache: HTTPSConnectionPool(host='api.gurushots.com', port=443): Max retries exceeded with url: /rest/get_my_active_challenges (Caused by NewConnectionError('<urllib3.connection.HTTPSConnection object at 0x1290cce10>: Failed to establish a new connection: [Errno 61] Connection refused'))
[2025-06-13 16:03:08] Erreur lors du rafraîchissement API, utilisation du cache: HTTPSConnectionPool(host='api.gurushots.com', port=443): Max retries exceeded with url: /rest/get_my_active_challenges (Caused by NewConnectionError('<urllib3.connection.HTTPSConnection object at 0x1290cd090>: Failed to establish a new connection: [Errno 61] Connection refused'))
[2025-06-13 16:03:09] Erreur lors du rafraîchissement API, utilisation du cache: HTTPSConnectionPool(host='api.gurushots.com', port=443): Max retries exceeded with url: /rest/get_my_active_challenges (Caused by NewConnectionError('<urllib3.connection.HTTPSConnection object at 0x1290cd310>: Failed to establish a new connection: [Errno 61] Connection refused'))
[2025-06-13 16:03:09] Erreur lors du rafraîchissement API, utilisation du cache: HTTPSConnectionPool(host='api.gurushots.com', port=443): Max retries exceeded with url: /rest/get_my_active_challenges (Caused by NewConnectionError('<urllib3.connection.HTTPSConnection object at 0x1290cd950>: Failed to establish a new connection: [Errno 61] Connection refused'))
[2025-06-13 16:03:10] Erreur lors du rafraîchissement API, utilisation du cache: HTTPSConnectionPool(host='api.gurushots.com', port=443): Max retries exceeded with url: /rest/get_my_active_challenges (Caused by NewConnectionError('<urllib3.connection.HTTPSConnection object at 0x1290cc7d0>: Failed to establish a new connection: [Errno 61] Connection refused'))
[2025-06-13 16:03:23] Erreur lors du rafraîchissement API, utilisation du cache: HTTPSConnectionPool(host='api.gurushots.com', port=443): Max retries exceeded with url: /rest/get_my_active_challenges (Caused by NewConnectionError('<urllib3.connection.HTTPSConnection object at 0x1290cdd10>: Failed to establish a new connection: [Errno 61] Connection refused'))
[2025-06-13 16:03:24] Erreur lors du rafraîchissement API, utilisation du cache: HTTPSConnectionPool(host='api.gurushots.com', port=443): Max retries exceeded with url: /rest/get_my_active_challenges (Caused by NewConnectionError('<urllib3.connection.HTTPSConnection object at 0x118688410>: Failed to establish a new connection: [Errno 61] Connection refused'))
[2025-06-13 16:03:24] Erreur lors du rafraîchissement API, utilisation du cache: HTTPSConnectionPool(host='api.gurushots.com', port=443): Max retries exceeded with url: /rest/get_my_active_challenges (Caused by NewConnectionError('<urllib3.connection.HTTPSConnection object at 0x118689450>: Failed to establish a new connection: [Errno 61] Connection refused'))
[2025-06-13 16:03:25] Erreur lors du rafraîchissement API, utilisation du cache: HTTPSConnectionPool(host='api.gurushots.com', port=443): Max retries exceeded with url: /rest/get_my_active_challenges (Caused by NewConnectionError('<urllib3.connection.HTTPSConnection object at 0x11868a210>: Failed to establish a new connection: [Errno 61] Connection refused'))
[2025-06-13 16:03:38] Erreur lors du rafraîchissement API, utilisation du cache: HTTPSConnectionPool(host='api.gurushots.com', port=443): Max retries exceeded with url: /rest/get_my_active_challenges (Caused by NewConnectionError('<urllib3.connection.HTTPSConnection object at 0x118689d10>: Failed to establish a new connection: [Errno 61] Connection refused'))
[2025-06-13 16:03:39] Erreur lors du rafraîchissement API, utilisation du cache: HTTPSConnectionPool(host='api.gurushots.com', port=443): Max retries exceeded with url: /rest/get_my_active_challenges (Caused by NewConnectionError('<urllib3.connection.HTTPSConnection object at 0x11868b390>: Failed to establish a new connection: [Errno 61] Connection refused'))
[2025-06-13 16:03:39] Erreur lors du rafraîchissement API, utilisation du cache: HTTPSConnectionPool(host='api.gurushots.com', port=443): Max retries exceeded with url: /rest/get_my_active_challenges (Caused by NewConnectionError('<urllib3.connection.HTTPSConnection object at 0x11868a990>: Failed to establish a new connection: [Errno 61] Connection refused'))
[2025-06-13 16:03:40] Erreur lors du rafraîchissement API, utilisation du cache: HTTPSConnectionPool(host='api.gurushots.com', port=443): Max retries exceeded with url: /rest/get_my_active_challenges (Caused by NewConnectionError('<urllib3.connection.HTTPSConnection object at 0x1290ce710>: Failed to establish a new connection: [Errno 61] Connection refused'))
[2025-06-13 16:03:54] Erreur lors du rafraîchissement API, utilisation du cache: HTTPSConnectionPool(host='api.gurushots.com', port=443): Max retries exceeded with url: /rest/get_my_active_challenges (Caused by NewConnectionError('<urllib3.connection.HTTPSConnection object at 0x1290cde50>: Failed to establish a new connection: [Errno 61] Connection refused'))
[2025-06-13 16:03:54] Erreur lors du rafraîchissement API, utilisation du cache: HTTPSConnectionPool(host='api.gurushots.com', port=443): Max retries exceeded with url: /rest/get_my_active_challenges (Caused by NewConnectionError('<urllib3.connection.HTTPSConnection object at 0x1290cc910>: Failed to establish a new connection: [Errno 61] Connection refused'))
[2025-06-13 16:03:54] Erreur lors du rafraîchissement API, utilisation du cache: HTTPSConnectionPool(host='api.gurushots.com', port=443): Max retries exceeded with url: /rest/get_my_active_challenges (Caused by NewConnectionError('<urllib3.connection.HTTPSConnection object at 0x1290cd810>: Failed to establish a new connection: [Errno 61] Connection refused'))
[2025-06-13 16:03:55] Erreur lors du rafraîchissement API, utilisation du cache: HTTPSConnectionPool(host='api.gurushots.com', port=443): Max retries exceeded with url: /rest/get_my_active_challenges (Caused by NewConnectionError('<urllib3.connection.HTTPSConnection object at 0x1290cd1d0>: Failed to establish a new connection: [Errno 61] Connection refused'))
[2025-06-13 16:04:09] Erreur lors du rafraîchissement API, utilisation du cache: HTTPSConnectionPool(host='api.gurushots.com', port=443): Max retries exceeded with url: /rest/get_my_active_challenges (Caused by NewConnectionError('<urllib3.connection.HTTPSConnection object at 0x1290ccf50>: Failed to establish a new connection: [Errno 61] Connection refused'))
[2025-06-13 16:04:09] Erreur lors du rafraîchissement API, utilisation du cache: HTTPSConnectionPool(host='api.gurushots.com', port=443): Max retries exceeded with url: /rest/get_my_active_challenges (Caused by NewConnectionError('<urllib3.connection.HTTPSConnection object at 0x1290cccd0>: Failed to establish a new connection: [Errno 61] Connection refused'))
[2025-06-13 16:04:09] Erreur lors du rafraîchissement API, utilisation du cache: HTTPSConnectionPool(host='api.gurushots.com', port=443): Max retries exceeded with url: /rest/get_my_active_challenges (Caused by NewConnectionError('<urllib3.connection.HTTPSConnection object at 0x1290cca50>: Failed to establish a new connection: [Errno 61] Connection refused'))
[2025-06-13 16:04:10] Erreur lors du rafraîchissement API, utilisation du cache: HTTPSConnectionPool(host='api.gurushots.com', port=443): Max retries exceeded with url: /rest/get_my_active_challenges (Caused by NewConnectionError('<urllib3.connection.HTTPSConnection object at 0x1290cc550>: Failed to establish a new connection: [Errno 61] Connection refused'))
[2025-06-13 16:04:24] Erreur lors du rafraîchissement API, utilisation du cache: HTTPSConnectionPool(host='api.gurushots.com', port=443): Max retries exceeded with url: /rest/get_my_active_challenges (Caused by NewConnectionError('<urllib3.connection.HTTPSConnection object at 0x1290ce350>: Failed to establish a new connection: [Errno 61] Connection refused'))
[2025-06-13 16:04:24] Erreur lors du rafraîchissement API, utilisation du cache: HTTPSConnectionPool(host='api.gurushots.com', port=443): Max retries exceeded with url: /rest/get_my_active_challenges (Caused by NewConnectionError('<urllib3.connection.HTTPSConnection object at 0x1290ce850>: Failed to establish a new connection: [Errno 61] Connection refused'))
[2025-06-13 16:04:24] Erreur lors du rafraîchissement API, utilisation du cache: HTTPSConnectionPool(host='api.gurushots.com', port=443): Max retries exceeded with url: /rest/get_my_active_challenges (Caused by NewConnectionError('<urllib3.connection.HTTPSConnection object at 0x11868aad0>: Failed to establish a new connection: [Errno 61] Connection refused'))
[2025-06-13 16:04:25] Erreur lors du rafraîchissement API, utilisation du cache: HTTPSConnectionPool(host='api.gurushots.com', port=443): Max retries exceeded with url: /rest/get_my_active_challenges (Caused by NewConnectionError('<urllib3.connection.HTTPSConnection object at 0x118688550>: Failed to establish a new connection: [Errno 61] Connection refused'))
[2025-06-13 16:04:39] Erreur lors du rafraîchissement API, utilisation du cache: HTTPSConnectionPool(host='api.gurushots.com', port=443): Max retries exceeded with url: /rest/get_my_active_challenges (Caused by NewConnectionError('<urllib3.connection.HTTPSConnection object at 0x11868b250>: Failed to establish a new connection: [Errno 61] Connection refused'))
[2025-06-13 16:04:39] Erreur lors du rafraîchissement API, utilisation du cache: HTTPSConnectionPool(host='api.gurushots.com', port=443): Max retries exceeded with url: /rest/get_my_active_challenges (Caused by NewConnectionError('<urllib3.connection.HTTPSConnection object at 0x11868b4d0>: Failed to establish a new connection: [Errno 61] Connection refused'))
[2025-06-13 16:04:39] Erreur lors du rafraîchissement API, utilisation du cache: HTTPSConnectionPool(host='api.gurushots.com', port=443): Max retries exceeded with url: /rest/get_my_active_challenges (Caused by NewConnectionError('<urllib3.connection.HTTPSConnection object at 0x11868b750>: Failed to establish a new connection: [Errno 61] Connection refused'))
[2025-06-13 16:04:40] Erreur lors du rafraîchissement API, utilisation du cache: HTTPSConnectionPool(host='api.gurushots.com', port=443): Max retries exceeded with url: /rest/get_my_active_challenges (Caused by NewConnectionError('<urllib3.connection.HTTPSConnection object at 0x11868b610>: Failed to establish a new connection: [Errno 61] Connection refused'))
[2025-06-13 16:04:54] Erreur lors du rafraîchissement API, utilisation du cache: HTTPSConnectionPool(host='api.gurushots.com', port=443): Max retries exceeded with url: /rest/get_my_active_challenges (Caused by NewConnectionError('<urllib3.connection.HTTPSConnection object at 0x1290ce990>: Failed to establish a new connection: [Errno 61] Connection refused'))
[2025-06-13 16:04:54] Erreur lors du rafraîchissement API, utilisation du cache: HTTPSConnectionPool(host='api.gurushots.com', port=443): Max retries exceeded with url: /rest/get_my_active_challenges (Caused by NewConnectionError('<urllib3.connection.HTTPSConnection object at 0x1290ce0d0>: Failed to establish a new connection: [Errno 61] Connection refused'))
[2025-06-13 16:04:55] Erreur lors du rafraîchissement API, utilisation du cache: HTTPSConnectionPool(host='api.gurushots.com', port=443): Max retries exceeded with url: /rest/get_my_active_challenges (Caused by NewConnectionError('<urllib3.connection.HTTPSConnection object at 0x1290cc2d0>: Failed to establish a new connection: [Errno 61] Connection refused'))
[2025-06-13 16:04:55] Erreur lors du rafraîchissement API, utilisation du cache: HTTPSConnectionPool(host='api.gurushots.com', port=443): Max retries exceeded with url: /rest/get_my_active_challenges (Caused by NewConnectionError('<urllib3.connection.HTTPSConnection object at 0x1290cc690>: Failed to establish a new connection: [Errno 61] Connection refused'))
[2025-06-13 16:05:09] Erreur lors du rafraîchissement API, utilisation du cache: HTTPSConnectionPool(host='api.gurushots.com', port=443): Max retries exceeded with url: /rest/get_my_active_challenges (Caused by NewConnectionError('<urllib3.connection.HTTPSConnection object at 0x1290ccb90>: Failed to establish a new connection: [Errno 61] Connection refused'))
[2025-06-13 16:05:09] Erreur lors du rafraîchissement API, utilisation du cache: HTTPSConnectionPool(host='api.gurushots.com', port=443): Max retries exceeded with url: /rest/get_my_active_challenges (Caused by NewConnectionError('<urllib3.connection.HTTPSConnection object at 0x1290cce10>: Failed to establish a new connection: [Errno 61] Connection refused'))
[2025-06-13 16:05:10] Erreur lors du rafraîchissement API, utilisation du cache: HTTPSConnectionPool(host='api.gurushots.com', port=443): Max retries exceeded with url: /rest/get_my_active_challenges (Caused by NewConnectionError('<urllib3.connection.HTTPSConnection object at 0x1290cd090>: Failed to establish a new connection: [Errno 61] Connection refused'))
[2025-06-13 16:05:10] Erreur lors du rafraîchissement API, utilisation du cache: HTTPSConnectionPool(host='api.gurushots.com', port=443): Max retries exceeded with url: /rest/get_my_active_challenges (Caused by NewConnectionError('<urllib3.connection.HTTPSConnection object at 0x1290cd310>: Failed to establish a new connection: [Errno 61] Connection refused'))
[2025-06-13 16:05:24] Erreur lors du rafraîchissement API, utilisation du cache: HTTPSConnectionPool(host='api.gurushots.com', port=443): Max retries exceeded with url: /rest/get_my_active_challenges (Caused by NewConnectionError('<urllib3.connection.HTTPSConnection object at 0x1290cd950>: Failed to establish a new connection: [Errno 61] Connection refused'))
[2025-06-13 16:05:24] Erreur lors du rafraîchissement API, utilisation du cache: HTTPSConnectionPool(host='api.gurushots.com', port=443): Max retries exceeded with url: /rest/get_my_active_challenges (Caused by NewConnectionError('<urllib3.connection.HTTPSConnection object at 0x1290cc7d0>: Failed to establish a new connection: [Errno 61] Connection refused'))
[2025-06-13 16:05:25] Erreur lors du rafraîchissement API, utilisation du cache: HTTPSConnectionPool(host='api.gurushots.com', port=443): Max retries exceeded with url: /rest/get_my_active_challenges (Caused by NewConnectionError('<urllib3.connection.HTTPSConnection object at 0x1290cdd10>: Failed to establish a new connection: [Errno 61] Connection refused'))
[2025-06-13 16:05:26] Erreur lors du rafraîchissement API, utilisation du cache: HTTPSConnectionPool(host='api.gurushots.com', port=443): Max retries exceeded with url: /rest/get_my_active_challenges (Caused by NewConnectionError('<urllib3.connection.HTTPSConnection object at 0x118688410>: Failed to establish a new connection: [Errno 61] Connection refused'))
[2025-06-13 16:05:39] Erreur lors du rafraîchissement API, utilisation du cache: HTTPSConnectionPool(host='api.gurushots.com', port=443): Max retries exceeded with url: /rest/get_my_active_challenges (Caused by NewConnectionError('<urllib3.connection.HTTPSConnection object at 0x118689450>: Failed to establish a new connection: [Errno 61] Connection refused'))
[2025-06-13 16:05:39] Erreur lors du rafraîchissement API, utilisation du cache: HTTPSConnectionPool(host='api.gurushots.com', port=443): Max retries exceeded with url: /rest/get_my_active_challenges (Caused by NewConnectionError('<urllib3.connection.HTTPSConnection object at 0x11868a210>: Failed to establish a new connection: [Errno 61] Connection refused'))
[2025-06-13 16:05:40] Erreur lors du rafraîchissement API, utilisation du cache: HTTPSConnectionPool(host='api.gurushots.com', port=443): Max retries exceeded with url: /rest/get_my_active_challenges (Caused by NewConnectionError('<urllib3.connection.HTTPSConnection object at 0x118689d10>: Failed to establish a new connection: [Errno 61] Connection refused'))
[2025-06-13 16:05:41] Erreur lors du rafraîchissement API, utilisation du cache: HTTPSConnectionPool(host='api.gurushots.com', port=443): Max retries exceeded with url: /rest/get_my_active_challenges (Caused by NewConnectionError('<urllib3.connection.HTTPSConnection object at 0x11868b390>: Failed to establish a new connection: [Errno 61] Connection refused'))
[2025-06-13 16:05:54] Erreur lors du rafraîchissement API, utilisation du cache: HTTPSConnectionPool(host='api.gurushots.com', port=443): Max retries exceeded with url: /rest/get_my_active_challenges (Caused by NewConnectionError('<urllib3.connection.HTTPSConnection object at 0x11868a990>: Failed to establish a new connection: [Errno 61] Connection refused'))
[2025-06-13 16:05:54] Erreur lors du rafraîchissement API, utilisation du cache: HTTPSConnectionPool(host='api.gurushots.com', port=443): Max retries exceeded with url: /rest/get_my_active_challenges (Caused by NewConnectionError('<urllib3.connection.HTTPSConnection object at 0x118689f90>: Failed to establish a new connection: [Errno 61] Connection refused'))
[2025-06-13 16:05:55] Erreur lors du rafraîchissement API, utilisation du cache: HTTPSConnectionPool(host='api.gurushots.com', port=443): Max retries exceeded with url: /rest/get_my_active_challenges (Caused by NewConnectionError('<urllib3.connection.HTTPSConnection object at 0x1290cde50>: Failed to establish a new connection: [Errno 61] Connection refused'))
[2025-06-13 16:05:56] Erreur lors du rafraîchissement API, utilisation du cache: HTTPSConnectionPool(host='api.gurushots.com', port=443): Max retries exceeded with url: /rest/get_my_active_challenges (Caused by NewConnectionError('<urllib3.connection.HTTPSConnection object at 0x1290cc910>: Failed to establish a new connection: [Errno 61] Connection refused'))
[2025-06-13 16:06:09] Erreur lors du rafraîchissement API, utilisation du cache: HTTPSConnectionPool(host='api.gurushots.com', port=443): Max retries exceeded with url: /rest/get_my_active_challenges (Caused by NewConnectionError('<urllib3.connection.HTTPSConnection object at 0x1290cd810>: Failed to establish a new connection: [Errno 61] Connection refused'))
[2025-06-13 16:06:09] Erreur lors du rafraîchissement API, utilisation du cache: HTTPSConnectionPool(host='api.gurushots.com', port=443): Max retries exceeded with url: /rest/get_my_active_challenges (Caused by NewConnectionError('<urllib3.connection.HTTPSConnection object at 0x1290cd1d0>: Failed to establish a new connection: [Errno 61] Connection refused'))
[2025-06-13 16:06:10] Erreur lors du rafraîchissement API, utilisation du cache: HTTPSConnectionPool(host='api.gurushots.com', port=443): Max retries exceeded with url: /rest/get_my_active_challenges (Caused by NewConnectionError('<urllib3.connection.HTTPSConnection object at 0x1290ccf50>: Failed to establish a new connection: [Errno 61] Connection refused'))
[2025-06-13 16:06:11] Erreur lors du rafraîchissement API, utilisation du cache: HTTPSConnectionPool(host='api.gurushots.com', port=443): Max retries exceeded with url: /rest/get_my_active_challenges (Caused by NewConnectionError('<urllib3.connection.HTTPSConnection object at 0x1290cccd0>: Failed to establish a new connection: [Errno 61] Connection refused'))
[2025-06-13 16:06:24] Erreur lors du rafraîchissement API, utilisation du cache: HTTPSConnectionPool(host='api.gurushots.com', port=443): Max retries exceeded with url: /rest/get_my_active_challenges (Caused by NewConnectionError('<urllib3.connection.HTTPSConnection object at 0x1290cca50>: Failed to establish a new connection: [Errno 61] Connection refused'))
[2025-06-13 16:06:24] Erreur lors du rafraîchissement API, utilisation du cache: HTTPSConnectionPool(host='api.gurushots.com', port=443): Max retries exceeded with url: /rest/get_my_active_challenges (Caused by NewConnectionError('<urllib3.connection.HTTPSConnection object at 0x1290cc550>: Failed to establish a new connection: [Errno 61] Connection refused'))
[2025-06-13 16:06:25] Erreur lors du rafraîchissement API, utilisation du cache: HTTPSConnectionPool(host='api.gurushots.com', port=443): Max retries exceeded with url: /rest/get_my_active_challenges (Caused by NewConnectionError('<urllib3.connection.HTTPSConnection object at 0x1290ce350>: Failed to establish a new connection: [Errno 61] Connection refused'))
[2025-06-13 16:06:26] Erreur lors du rafraîchissement API, utilisation du cache: HTTPSConnectionPool(host='api.gurushots.com', port=443): Max retries exceeded with url: /rest/get_my_active_challenges (Caused by NewConnectionError('<urllib3.connection.HTTPSConnection object at 0x1290ce850>: Failed to establish a new connection: [Errno 61] Connection refused'))
[2025-06-13 16:06:39] Erreur lors du rafraîchissement API, utilisation du cache: HTTPSConnectionPool(host='api.gurushots.com', port=443): Max retries exceeded with url: /rest/get_my_active_challenges (Caused by NewConnectionError('<urllib3.connection.HTTPSConnection object at 0x118689f90>: Failed to establish a new connection: [Errno 61] Connection refused'))
[2025-06-13 16:06:39] Erreur lors du rafraîchissement API, utilisation du cache: HTTPSConnectionPool(host='api.gurushots.com', port=443): Max retries exceeded with url: /rest/get_my_active_challenges (Caused by NewConnectionError('<urllib3.connection.HTTPSConnection object at 0x11868a990>: Failed to establish a new connection: [Errno 61] Connection refused'))
[2025-06-13 16:06:40] Erreur lors du rafraîchissement API, utilisation du cache: HTTPSConnectionPool(host='api.gurushots.com', port=443): Max retries exceeded with url: /rest/get_my_active_challenges (Caused by NewConnectionError('<urllib3.connection.HTTPSConnection object at 0x11868b390>: Failed to establish a new connection: [Errno 61] Connection refused'))
[2025-06-13 16:06:41] Erreur lors du rafraîchissement API, utilisation du cache: HTTPSConnectionPool(host='api.gurushots.com', port=443): Max retries exceeded with url: /rest/get_my_active_challenges (Caused by NewConnectionError('<urllib3.connection.HTTPSConnection object at 0x118689d10>: Failed to establish a new connection: [Errno 61] Connection refused'))
[2025-06-13 16:06:54] Erreur lors du rafraîchissement API, utilisation du cache: HTTPSConnectionPool(host='api.gurushots.com', port=443): Max retries exceeded with url: /rest/get_my_active_challenges (Caused by NewConnectionError('<urllib3.connection.HTTPSConnection object at 0x11868a210>: Failed to establish a new connection: [Errno 61] Connection refused'))
[2025-06-13 16:06:54] Erreur lors du rafraîchissement API, utilisation du cache: HTTPSConnectionPool(host='api.gurushots.com', port=443): Max retries exceeded with url: /rest/get_my_active_challenges (Caused by NewConnectionError('<urllib3.connection.HTTPSConnection object at 0x118689450>: Failed to establish a new connection: [Errno 61] Connection refused'))
[2025-06-13 16:06:55] Erreur lors du rafraîchissement API, utilisation du cache: HTTPSConnectionPool(host='api.gurushots.com', port=443): Max retries exceeded with url: /rest/get_my_active_challenges (Caused by NewConnectionError('<urllib3.connection.HTTPSConnection object at 0x118688410>: Failed to establish a new connection: [Errno 61] Connection refused'))
[2025-06-13 16:06:56] Erreur lors du rafraîchissement API, utilisation du cache: HTTPSConnectionPool(host='api.gurushots.com', port=443): Max retries exceeded with url: /rest/get_my_active_challenges (Caused by NewConnectionError('<urllib3.connection.HTTPSConnection object at 0x1290ce350>: Failed to establish a new connection: [Errno 61] Connection refused'))
[2025-06-13 16:07:09] Erreur lors du rafraîchissement API, utilisation du cache: HTTPSConnectionPool(host='api.gurushots.com', port=443): Max retries exceeded with url: /rest/get_my_active_challenges (Caused by NewConnectionError('<urllib3.connection.HTTPSConnection object at 0x1290cc550>: Failed to establish a new connection: [Errno 61] Connection refused'))
[2025-06-13 16:07:09] Erreur lors du rafraîchissement API, utilisation du cache: HTTPSConnectionPool(host='api.gurushots.com', port=443): Max retries exceeded with url: /rest/get_my_active_challenges (Caused by NewConnectionError('<urllib3.connection.HTTPSConnection object at 0x1290cca50>: Failed to establish a new connection: [Errno 61] Connection refused'))
[2025-06-13 16:07:10] Erreur lors du rafraîchissement API, utilisation du cache: HTTPSConnectionPool(host='api.gurushots.com', port=443): Max retries exceeded with url: /rest/get_my_active_challenges (Caused by NewConnectionError('<urllib3.connection.HTTPSConnection object at 0x1290cccd0>: Failed to establish a new connection: [Errno 61] Connection refused'))
[2025-06-13 16:07:11] Erreur lors du rafraîchissement API, utilisation du cache: HTTPSConnectionPool(host='api.gurushots.com', port=443): Max retries exceeded with url: /rest/get_my_active_challenges (Caused by NewConnectionError('<urllib3.connection.HTTPSConnection object at 0x1290ccf50>: Failed to establish a new connection: [Errno 61] Connection refused'))
[2025-06-13 16:07:24] Erreur lors du rafraîchissement API, utilisation du cache: HTTPSConnectionPool(host='api.gurushots.com', port=443): Max retries exceeded with url: /rest/get_my_active_challenges (Caused by NewConnectionError('<urllib3.connection.HTTPSConnection object at 0x1290cd1d0>: Failed to establish a new connection: [Errno 61] Connection refused'))
[2025-06-13 16:07:24] Erreur lors du rafraîchissement API, utilisation du cache: HTTPSConnectionPool(host='api.gurushots.com', port=443): Max retries exceeded with url: /rest/get_my_active_challenges (Caused by NewConnectionError('<urllib3.connection.HTTPSConnection object at 0x1290cd810>: Failed to establish a new connection: [Errno 61] Connection refused'))
[2025-06-13 16:07:25] Erreur lors du rafraîchissement API, utilisation du cache: HTTPSConnectionPool(host='api.gurushots.com', port=443): Max retries exceeded with url: /rest/get_my_active_challenges (Caused by NewConnectionError('<urllib3.connection.HTTPSConnection object at 0x1290cc910>: Failed to establish a new connection: [Errno 61] Connection refused'))
[2025-06-13 16:07:26] Erreur lors du rafraîchissement API, utilisation du cache: HTTPSConnectionPool(host='api.gurushots.com', port=443): Max retries exceeded with url: /rest/get_my_active_challenges (Caused by NewConnectionError('<urllib3.connection.HTTPSConnection object at 0x1290cde50>: Failed to establish a new connection: [Errno 61] Connection refused'))
[2025-06-13 16:07:39] Erreur lors du rafraîchissement API, utilisation du cache: HTTPSConnectionPool(host='api.gurushots.com', port=443): Max retries exceeded with url: /rest/get_my_active_challenges (Caused by NewConnectionError('<urllib3.connection.HTTPSConnection object at 0x118688410>: Failed to establish a new connection: [Errno 61] Connection refused'))
[2025-06-13 16:07:39] Erreur lors du rafraîchissement API, utilisation du cache: HTTPSConnectionPool(host='api.gurushots.com', port=443): Max retries exceeded with url: /rest/get_my_active_challenges (Caused by NewConnectionError('<urllib3.connection.HTTPSConnection object at 0x118689450>: Failed to establish a new connection: [Errno 61] Connection refused'))
[2025-06-13 16:07:40] Erreur lors du rafraîchissement API, utilisation du cache: HTTPSConnectionPool(host='api.gurushots.com', port=443): Max retries exceeded with url: /rest/get_my_active_challenges (Caused by NewConnectionError('<urllib3.connection.HTTPSConnection object at 0x11868a210>: Failed to establish a new connection: [Errno 61] Connection refused'))
[2025-06-13 16:07:41] Erreur lors du rafraîchissement API, utilisation du cache: HTTPSConnectionPool(host='api.gurushots.com', port=443): Max retries exceeded with url: /rest/get_my_active_challenges (Caused by NewConnectionError('<urllib3.connection.HTTPSConnection object at 0x118689d10>: Failed to establish a new connection: [Errno 61] Connection refused'))
[2025-06-13 16:07:54] Erreur lors du rafraîchissement API, utilisation du cache: HTTPSConnectionPool(host='api.gurushots.com', port=443): Max retries exceeded with url: /rest/get_my_active_challenges (Caused by NewConnectionError('<urllib3.connection.HTTPSConnection object at 0x11868b390>: Failed to establish a new connection: [Errno 61] Connection refused'))
[2025-06-13 16:07:54] Erreur lors du rafraîchissement API, utilisation du cache: HTTPSConnectionPool(host='api.gurushots.com', port=443): Max retries exceeded with url: /rest/get_my_active_challenges (Caused by NewConnectionError('<urllib3.connection.HTTPSConnection object at 0x11868a990>: Failed to establish a new connection: [Errno 61] Connection refused'))
[2025-06-13 16:07:55] Erreur lors du rafraîchissement API, utilisation du cache: HTTPSConnectionPool(host='api.gurushots.com', port=443): Max retries exceeded with url: /rest/get_my_active_challenges (Caused by NewConnectionError('<urllib3.connection.HTTPSConnection object at 0x118689f90>: Failed to establish a new connection: [Errno 61] Connection refused'))
[2025-06-13 16:07:56] Erreur lors du rafraîchissement API, utilisation du cache: HTTPSConnectionPool(host='api.gurushots.com', port=443): Max retries exceeded with url: /rest/get_my_active_challenges (Caused by NewConnectionError('<urllib3.connection.HTTPSConnection object at 0x1290cde50>: Failed to establish a new connection: [Errno 61] Connection refused'))
[2025-06-13 16:08:09] Erreur lors du rafraîchissement API, utilisation du cache: HTTPSConnectionPool(host='api.gurushots.com', port=443): Max retries exceeded with url: /rest/get_my_active_challenges (Caused by NewConnectionError('<urllib3.connection.HTTPSConnection object at 0x1290cc910>: Failed to establish a new connection: [Errno 61] Connection refused'))
[2025-06-13 16:08:09] Erreur lors du rafraîchissement API, utilisation du cache: HTTPSConnectionPool(host='api.gurushots.com', port=443): Max retries exceeded with url: /rest/get_my_active_challenges (Caused by NewConnectionError('<urllib3.connection.HTTPSConnection object at 0x1290cd810>: Failed to establish a new connection: [Errno 61] Connection refused'))
[2025-06-13 16:08:10] Erreur lors du rafraîchissement API, utilisation du cache: HTTPSConnectionPool(host='api.gurushots.com', port=443): Max retries exceeded with url: /rest/get_my_active_challenges (Caused by NewConnectionError('<urllib3.connection.HTTPSConnection object at 0x1290cd1d0>: Failed to establish a new connection: [Errno 61] Connection refused'))
[2025-06-13 16:08:11] Erreur lors du rafraîchissement API, utilisation du cache: HTTPSConnectionPool(host='api.gurushots.com', port=443): Max retries exceeded with url: /rest/get_my_active_challenges (Caused by NewConnectionError('<urllib3.connection.HTTPSConnection object at 0x1290ccf50>: Failed to establish a new connection: [Errno 61] Connection refused'))
[2025-06-13 16:08:24] Erreur lors du rafraîchissement API, utilisation du cache: HTTPSConnectionPool(host='api.gurushots.com', port=443): Max retries exceeded with url: /rest/get_my_active_challenges (Caused by NewConnectionError('<urllib3.connection.HTTPSConnection object at 0x1290cccd0>: Failed to establish a new connection: [Errno 61] Connection refused'))
[2025-06-13 16:08:24] Erreur lors du rafraîchissement API, utilisation du cache: HTTPSConnectionPool(host='api.gurushots.com', port=443): Max retries exceeded with url: /rest/get_my_active_challenges (Caused by NewConnectionError('<urllib3.connection.HTTPSConnection object at 0x1290cca50>: Failed to establish a new connection: [Errno 61] Connection refused'))
[2025-06-13 16:08:25] Erreur lors du rafraîchissement API, utilisation du cache: HTTPSConnectionPool(host='api.gurushots.com', port=443): Max retries exceeded with url: /rest/get_my_active_challenges (Caused by NewConnectionError('<urllib3.connection.HTTPSConnection object at 0x1290cc550>: Failed to establish a new connection: [Errno 61] Connection refused'))
[2025-06-13 16:08:26] Erreur lors du rafraîchissement API, utilisation du cache: HTTPSConnectionPool(host='api.gurushots.com', port=443): Max retries exceeded with url: /rest/get_my_active_challenges (Caused by NewConnectionError('<urllib3.connection.HTTPSConnection object at 0x1290ce350>: Failed to establish a new connection: [Errno 61] Connection refused'))
[2025-06-13 16:08:39] Erreur lors du rafraîchissement API, utilisation du cache: HTTPSConnectionPool(host='api.gurushots.com', port=443): Max retries exceeded with url: /rest/get_my_active_challenges (Caused by NewConnectionError('<urllib3.connection.HTTPSConnection object at 0x1290ce210>: Failed to establish a new connection: [Errno 61] Connection refused'))
[2025-06-13 16:08:39] Erreur lors du rafraîchissement API, utilisation du cache: HTTPSConnectionPool(host='api.gurushots.com', port=443): Max retries exceeded with url: /rest/get_my_active_challenges (Caused by NewConnectionError('<urllib3.connection.HTTPSConnection object at 0x118689f90>: Failed to establish a new connection: [Errno 61] Connection refused'))
[2025-06-13 16:08:41] Erreur lors du rafraîchissement API, utilisation du cache: HTTPSConnectionPool(host='api.gurushots.com', port=443): Max retries exceeded with url: /rest/get_my_active_challenges (Caused by NewConnectionError('<urllib3.connection.HTTPSConnection object at 0x118688550>: Failed to establish a new connection: [Errno 61] Connection refused'))
[2025-06-13 16:08:54] Erreur lors du rafraîchissement API, utilisation du cache: HTTPSConnectionPool(host='api.gurushots.com', port=443): Max retries exceeded with url: /rest/get_my_active_challenges (Caused by NewConnectionError('<urllib3.connection.HTTPSConnection object at 0x118689450>: Failed to establish a new connection: [Errno 61] Connection refused'))
[2025-06-13 16:08:54] Erreur lors du rafraîchissement API, utilisation du cache: HTTPSConnectionPool(host='api.gurushots.com', port=443): Max retries exceeded with url: /rest/get_my_active_challenges (Caused by NewConnectionError('<urllib3.connection.HTTPSConnection object at 0x118688410>: Failed to establish a new connection: [Errno 61] Connection refused'))
[2025-06-13 16:08:56] Erreur lors du rafraîchissement API, utilisation du cache: HTTPSConnectionPool(host='api.gurushots.com', port=443): Max retries exceeded with url: /rest/get_my_active_challenges (Caused by NewConnectionError('<urllib3.connection.HTTPSConnection object at 0x1290ce490>: Failed to establish a new connection: [Errno 61] Connection refused'))
[2025-06-13 16:08:56] Erreur lors du rafraîchissement API, utilisation du cache: HTTPSConnectionPool(host='api.gurushots.com', port=443): Max retries exceeded with url: /rest/get_my_active_challenges (Caused by NewConnectionError('<urllib3.connection.HTTPSConnection object at 0x1290cda90>: Failed to establish a new connection: [Errno 61] Connection refused'))
[2025-06-13 16:09:09] Erreur lors du rafraîchissement API, utilisation du cache: HTTPSConnectionPool(host='api.gurushots.com', port=443): Max retries exceeded with url: /rest/get_my_active_challenges (Caused by NewConnectionError('<urllib3.connection.HTTPSConnection object at 0x1290ce210>: Failed to establish a new connection: [Errno 61] Connection refused'))
[2025-06-13 16:09:10] Erreur lors du rafraîchissement API, utilisation du cache: HTTPSConnectionPool(host='api.gurushots.com', port=443): Max retries exceeded with url: /rest/get_my_active_challenges (Caused by NewConnectionError('<urllib3.connection.HTTPSConnection object at 0x1290ce350>: Failed to establish a new connection: [Errno 61] Connection refused'))
[2025-06-13 16:09:11] Erreur lors du rafraîchissement API, utilisation du cache: HTTPSConnectionPool(host='api.gurushots.com', port=443): Max retries exceeded with url: /rest/get_my_active_challenges (Caused by NewConnectionError('<urllib3.connection.HTTPSConnection object at 0x1290cc550>: Failed to establish a new connection: [Errno 61] Connection refused'))
[2025-06-13 16:09:11] Erreur lors du rafraîchissement API, utilisation du cache: HTTPSConnectionPool(host='api.gurushots.com', port=443): Max retries exceeded with url: /rest/get_my_active_challenges (Caused by NewConnectionError('<urllib3.connection.HTTPSConnection object at 0x1290cca50>: Failed to establish a new connection: [Errno 61] Connection refused'))
[2025-06-13 16:09:24] Erreur lors du rafraîchissement API, utilisation du cache: HTTPSConnectionPool(host='api.gurushots.com', port=443): Max retries exceeded with url: /rest/get_my_active_challenges (Caused by NewConnectionError('<urllib3.connection.HTTPSConnection object at 0x1290cccd0>: Failed to establish a new connection: [Errno 61] Connection refused'))
[2025-06-13 16:09:25] Erreur lors du rafraîchissement API, utilisation du cache: HTTPSConnectionPool(host='api.gurushots.com', port=443): Max retries exceeded with url: /rest/get_my_active_challenges (Caused by NewConnectionError('<urllib3.connection.HTTPSConnection object at 0x1290ccf50>: Failed to establish a new connection: [Errno 61] Connection refused'))
[2025-06-13 16:09:26] Erreur lors du rafraîchissement API, utilisation du cache: HTTPSConnectionPool(host='api.gurushots.com', port=443): Max retries exceeded with url: /rest/get_my_active_challenges (Caused by NewConnectionError('<urllib3.connection.HTTPSConnection object at 0x1290cd1d0>: Failed to establish a new connection: [Errno 61] Connection refused'))
[2025-06-13 16:09:26] Erreur lors du rafraîchissement API, utilisation du cache: HTTPSConnectionPool(host='api.gurushots.com', port=443): Max retries exceeded with url: /rest/get_my_active_challenges (Caused by NewConnectionError('<urllib3.connection.HTTPSConnection object at 0x1290cd810>: Failed to establish a new connection: [Errno 61] Connection refused'))
[2025-06-13 16:09:39] Erreur lors du rafraîchissement API, utilisation du cache: HTTPSConnectionPool(host='api.gurushots.com', port=443): Max retries exceeded with url: /rest/get_my_active_challenges (Caused by NewConnectionError('<urllib3.connection.HTTPSConnection object at 0x1290cc910>: Failed to establish a new connection: [Errno 61] Connection refused'))
[2025-06-13 16:09:40] Erreur lors du rafraîchissement API, utilisation du cache: HTTPSConnectionPool(host='api.gurushots.com', port=443): Max retries exceeded with url: /rest/get_my_active_challenges (Caused by NewConnectionError('<urllib3.connection.HTTPSConnection object at 0x1290cde50>: Failed to establish a new connection: [Errno 61] Connection refused'))
[2025-06-13 16:09:41] Erreur lors du rafraîchissement API, utilisation du cache: HTTPSConnectionPool(host='api.gurushots.com', port=443): Max retries exceeded with url: /rest/get_my_active_challenges (Caused by NewConnectionError('<urllib3.connection.HTTPSConnection object at 0x1290cead0>: Failed to establish a new connection: [Errno 61] Connection refused'))
[2025-06-13 16:09:41] Erreur lors du rafraîchissement API, utilisation du cache: HTTPSConnectionPool(host='api.gurushots.com', port=443): Max retries exceeded with url: /rest/get_my_active_challenges (Caused by NewConnectionError('<urllib3.connection.HTTPSConnection object at 0x118688410>: Failed to establish a new connection: [Errno 61] Connection refused'))
[2025-06-13 16:09:54] Erreur lors du rafraîchissement API, utilisation du cache: HTTPSConnectionPool(host='api.gurushots.com', port=443): Max retries exceeded with url: /rest/get_my_active_challenges (Caused by NewConnectionError('<urllib3.connection.HTTPSConnection object at 0x118689450>: Failed to establish a new connection: [Errno 61] Connection refused'))
[2025-06-13 16:09:55] Erreur lors du rafraîchissement API, utilisation du cache: HTTPSConnectionPool(host='api.gurushots.com', port=443): Max retries exceeded with url: /rest/get_my_active_challenges (Caused by NewConnectionError('<urllib3.connection.HTTPSConnection object at 0x118688550>: Failed to establish a new connection: [Errno 61] Connection refused'))
[2025-06-13 16:09:56] Erreur lors du rafraîchissement API, utilisation du cache: HTTPSConnectionPool(host='api.gurushots.com', port=443): Max retries exceeded with url: /rest/get_my_active_challenges (Caused by NewConnectionError('<urllib3.connection.HTTPSConnection object at 0x118689f90>: Failed to establish a new connection: [Errno 61] Connection refused'))
[2025-06-13 16:09:56] Erreur lors du rafraîchissement API, utilisation du cache: HTTPSConnectionPool(host='api.gurushots.com', port=443): Max retries exceeded with url: /rest/get_my_active_challenges (Caused by NewConnectionError('<urllib3.connection.HTTPSConnection object at 0x1290cead0>: Failed to establish a new connection: [Errno 61] Connection refused'))
[2025-06-13 16:10:09] Erreur lors du rafraîchissement API, utilisation du cache: HTTPSConnectionPool(host='api.gurushots.com', port=443): Max retries exceeded with url: /rest/get_my_active_challenges (Caused by NewConnectionError('<urllib3.connection.HTTPSConnection object at 0x1290cde50>: Failed to establish a new connection: [Errno 61] Connection refused'))
[2025-06-13 16:10:10] Erreur lors du rafraîchissement API, utilisation du cache: HTTPSConnectionPool(host='api.gurushots.com', port=443): Max retries exceeded with url: /rest/get_my_active_challenges (Caused by NewConnectionError('<urllib3.connection.HTTPSConnection object at 0x1290cc910>: Failed to establish a new connection: [Errno 61] Connection refused'))
[2025-06-13 16:10:11] Erreur lors du rafraîchissement API, utilisation du cache: HTTPSConnectionPool(host='api.gurushots.com', port=443): Max retries exceeded with url: /rest/get_my_active_challenges (Caused by NewConnectionError('<urllib3.connection.HTTPSConnection object at 0x1290cd810>: Failed to establish a new connection: [Errno 61] Connection refused'))
[2025-06-13 16:10:11] Erreur lors du rafraîchissement API, utilisation du cache: HTTPSConnectionPool(host='api.gurushots.com', port=443): Max retries exceeded with url: /rest/get_my_active_challenges (Caused by NewConnectionError('<urllib3.connection.HTTPSConnection object at 0x1290cd1d0>: Failed to establish a new connection: [Errno 61] Connection refused'))
[2025-06-13 16:10:24] Erreur lors du rafraîchissement API, utilisation du cache: HTTPSConnectionPool(host='api.gurushots.com', port=443): Max retries exceeded with url: /rest/get_my_active_challenges (Caused by NewConnectionError('<urllib3.connection.HTTPSConnection object at 0x1290ccf50>: Failed to establish a new connection: [Errno 61] Connection refused'))
[2025-06-13 16:10:25] Erreur lors du rafraîchissement API, utilisation du cache: HTTPSConnectionPool(host='api.gurushots.com', port=443): Max retries exceeded with url: /rest/get_my_active_challenges (Caused by NewConnectionError('<urllib3.connection.HTTPSConnection object at 0x1290cccd0>: Failed to establish a new connection: [Errno 61] Connection refused'))
[2025-06-13 16:10:26] Erreur lors du rafraîchissement API, utilisation du cache: HTTPSConnectionPool(host='api.gurushots.com', port=443): Max retries exceeded with url: /rest/get_my_active_challenges (Caused by NewConnectionError('<urllib3.connection.HTTPSConnection object at 0x1290cca50>: Failed to establish a new connection: [Errno 61] Connection refused'))
[2025-06-13 16:10:26] Erreur lors du rafraîchissement API, utilisation du cache: HTTPSConnectionPool(host='api.gurushots.com', port=443): Max retries exceeded with url: /rest/get_my_active_challenges (Caused by NewConnectionError('<urllib3.connection.HTTPSConnection object at 0x1290cc550>: Failed to establish a new connection: [Errno 61] Connection refused'))
[2025-06-13 16:10:40] Erreur lors du rafraîchissement API, utilisation du cache: HTTPSConnectionPool(host='api.gurushots.com', port=443): Max retries exceeded with url: /rest/get_my_active_challenges (Caused by NewConnectionError('<urllib3.connection.HTTPSConnection object at 0x1290ce350>: Failed to establish a new connection: [Errno 61] Connection refused'))
[2025-06-13 16:10:40] Erreur lors du rafraîchissement API, utilisation du cache: HTTPSConnectionPool(host='api.gurushots.com', port=443): Max retries exceeded with url: /rest/get_my_active_challenges (Caused by NewConnectionError('<urllib3.connection.HTTPSConnection object at 0x1290ce210>: Failed to establish a new connection: [Errno 61] Connection refused'))
[2025-06-13 16:10:41] Erreur lors du rafraîchissement API, utilisation du cache: HTTPSConnectionPool(host='api.gurushots.com', port=443): Max retries exceeded with url: /rest/get_my_active_challenges (Caused by NewConnectionError('<urllib3.connection.HTTPSConnection object at 0x1290cda90>: Failed to establish a new connection: [Errno 61] Connection refused'))
[2025-06-13 16:10:41] Erreur lors du rafraîchissement API, utilisation du cache: HTTPSConnectionPool(host='api.gurushots.com', port=443): Max retries exceeded with url: /rest/get_my_active_challenges (Caused by NewConnectionError('<urllib3.connection.HTTPSConnection object at 0x1290ce490>: Failed to establish a new connection: [Errno 61] Connection refused'))
[2025-06-13 16:10:55] Erreur lors du rafraîchissement API, utilisation du cache: HTTPSConnectionPool(host='api.gurushots.com', port=443): Max retries exceeded with url: /rest/get_my_active_challenges (Caused by NewConnectionError('<urllib3.connection.HTTPSConnection object at 0x118689f90>: Failed to establish a new connection: [Errno 61] Connection refused'))
[2025-06-13 16:10:55] Erreur lors du rafraîchissement API, utilisation du cache: HTTPSConnectionPool(host='api.gurushots.com', port=443): Max retries exceeded with url: /rest/get_my_active_challenges (Caused by NewConnectionError('<urllib3.connection.HTTPSConnection object at 0x118688550>: Failed to establish a new connection: [Errno 61] Connection refused'))
[2025-06-13 16:10:56] Erreur lors du rafraîchissement API, utilisation du cache: HTTPSConnectionPool(host='api.gurushots.com', port=443): Max retries exceeded with url: /rest/get_my_active_challenges (Caused by NewConnectionError('<urllib3.connection.HTTPSConnection object at 0x118689450>: Failed to establish a new connection: [Errno 61] Connection refused'))
[2025-06-13 16:10:56] Erreur lors du rafraîchissement API, utilisation du cache: HTTPSConnectionPool(host='api.gurushots.com', port=443): Max retries exceeded with url: /rest/get_my_active_challenges (Caused by NewConnectionError('<urllib3.connection.HTTPSConnection object at 0x118688410>: Failed to establish a new connection: [Errno 61] Connection refused'))
[2025-06-13 16:11:10] Erreur lors du rafraîchissement API, utilisation du cache: HTTPSConnectionPool(host='api.gurushots.com', port=443): Max retries exceeded with url: /rest/get_my_active_challenges (Caused by NewConnectionError('<urllib3.connection.HTTPSConnection object at 0x1290ce490>: Failed to establish a new connection: [Errno 61] Connection refused'))
[2025-06-13 16:11:10] Erreur lors du rafraîchissement API, utilisation du cache: HTTPSConnectionPool(host='api.gurushots.com', port=443): Max retries exceeded with url: /rest/get_my_active_challenges (Caused by NewConnectionError('<urllib3.connection.HTTPSConnection object at 0x1290cda90>: Failed to establish a new connection: [Errno 61] Connection refused'))
[2025-06-13 16:11:11] Erreur lors du rafraîchissement API, utilisation du cache: HTTPSConnectionPool(host='api.gurushots.com', port=443): Max retries exceeded with url: /rest/get_my_active_challenges (Caused by NewConnectionError('<urllib3.connection.HTTPSConnection object at 0x1290ce210>: Failed to establish a new connection: [Errno 61] Connection refused'))
[2025-06-13 16:11:11] Erreur lors du rafraîchissement API, utilisation du cache: HTTPSConnectionPool(host='api.gurushots.com', port=443): Max retries exceeded with url: /rest/get_my_active_challenges (Caused by NewConnectionError('<urllib3.connection.HTTPSConnection object at 0x1290ce350>: Failed to establish a new connection: [Errno 61] Connection refused'))
[2025-06-13 16:11:25] Erreur lors du rafraîchissement API, utilisation du cache: HTTPSConnectionPool(host='api.gurushots.com', port=443): Max retries exceeded with url: /rest/get_my_active_challenges (Caused by NewConnectionError('<urllib3.connection.HTTPSConnection object at 0x1290cc550>: Failed to establish a new connection: [Errno 61] Connection refused'))
[2025-06-13 16:11:25] Erreur lors du rafraîchissement API, utilisation du cache: HTTPSConnectionPool(host='api.gurushots.com', port=443): Max retries exceeded with url: /rest/get_my_active_challenges (Caused by NewConnectionError('<urllib3.connection.HTTPSConnection object at 0x1290cca50>: Failed to establish a new connection: [Errno 61] Connection refused'))
[2025-06-13 16:11:26] Erreur lors du rafraîchissement API, utilisation du cache: HTTPSConnectionPool(host='api.gurushots.com', port=443): Max retries exceeded with url: /rest/get_my_active_challenges (Caused by NewConnectionError('<urllib3.connection.HTTPSConnection object at 0x1290cccd0>: Failed to establish a new connection: [Errno 61] Connection refused'))
[2025-06-13 16:11:26] Erreur lors du rafraîchissement API, utilisation du cache: HTTPSConnectionPool(host='api.gurushots.com', port=443): Max retries exceeded with url: /rest/get_my_active_challenges (Caused by NewConnectionError('<urllib3.connection.HTTPSConnection object at 0x1290ccf50>: Failed to establish a new connection: [Errno 61] Connection refused'))
[2025-06-13 16:11:40] Erreur lors du rafraîchissement API, utilisation du cache: HTTPSConnectionPool(host='api.gurushots.com', port=443): Max retries exceeded with url: /rest/get_my_active_challenges (Caused by NewConnectionError('<urllib3.connection.HTTPSConnection object at 0x1290cd1d0>: Failed to establish a new connection: [Errno 61] Connection refused'))
[2025-06-13 16:11:40] Erreur lors du rafraîchissement API, utilisation du cache: HTTPSConnectionPool(host='api.gurushots.com', port=443): Max retries exceeded with url: /rest/get_my_active_challenges (Caused by NewConnectionError('<urllib3.connection.HTTPSConnection object at 0x1290cd810>: Failed to establish a new connection: [Errno 61] Connection refused'))
[2025-06-13 16:11:41] Erreur lors du rafraîchissement API, utilisation du cache: HTTPSConnectionPool(host='api.gurushots.com', port=443): Max retries exceeded with url: /rest/get_my_active_challenges (Caused by NewConnectionError('<urllib3.connection.HTTPSConnection object at 0x1290cc910>: Failed to establish a new connection: [Errno 61] Connection refused'))
[2025-06-13 16:11:42] Erreur lors du rafraîchissement API, utilisation du cache: HTTPSConnectionPool(host='api.gurushots.com', port=443): Max retries exceeded with url: /rest/get_my_active_challenges (Caused by NewConnectionError('<urllib3.connection.HTTPSConnection object at 0x1290cde50>: Failed to establish a new connection: [Errno 61] Connection refused'))
[2025-06-13 16:11:55] Erreur lors du rafraîchissement API, utilisation du cache: HTTPSConnectionPool(host='api.gurushots.com', port=443): Max retries exceeded with url: /rest/get_my_active_challenges (Caused by NewConnectionError('<urllib3.connection.HTTPSConnection object at 0x1290cead0>: Failed to establish a new connection: [Errno 61] Connection refused'))
[2025-06-13 16:11:55] Erreur lors du rafraîchissement API, utilisation du cache: HTTPSConnectionPool(host='api.gurushots.com', port=443): Max retries exceeded with url: /rest/get_my_active_challenges (Caused by NewConnectionError('<urllib3.connection.HTTPSConnection object at 0x118688410>: Failed to establish a new connection: [Errno 61] Connection refused'))
[2025-06-13 16:11:56] Erreur lors du rafraîchissement API, utilisation du cache: HTTPSConnectionPool(host='api.gurushots.com', port=443): Max retries exceeded with url: /rest/get_my_active_challenges (Caused by NewConnectionError('<urllib3.connection.HTTPSConnection object at 0x118689450>: Failed to establish a new connection: [Errno 61] Connection refused'))
[2025-06-13 16:11:57] Erreur lors du rafraîchissement API, utilisation du cache: HTTPSConnectionPool(host='api.gurushots.com', port=443): Max retries exceeded with url: /rest/get_my_active_challenges (Caused by NewConnectionError('<urllib3.connection.HTTPSConnection object at 0x118688550>: Failed to establish a new connection: [Errno 61] Connection refused'))
[2025-06-13 16:12:10] Erreur lors du rafraîchissement API, utilisation du cache: HTTPSConnectionPool(host='api.gurushots.com', port=443): Max retries exceeded with url: /rest/get_my_active_challenges (Caused by NewConnectionError('<urllib3.connection.HTTPSConnection object at 0x118689f90>: Failed to establish a new connection: [Errno 61] Connection refused'))
[2025-06-13 16:12:10] Erreur lors du rafraîchissement API, utilisation du cache: HTTPSConnectionPool(host='api.gurushots.com', port=443): Max retries exceeded with url: /rest/get_my_active_challenges (Caused by NewConnectionError('<urllib3.connection.HTTPSConnection object at 0x1290cead0>: Failed to establish a new connection: [Errno 61] Connection refused'))
[2025-06-13 16:12:12] Erreur lors du rafraîchissement API, utilisation du cache: HTTPSConnectionPool(host='api.gurushots.com', port=443): Max retries exceeded with url: /rest/get_my_active_challenges (Caused by NewConnectionError('<urllib3.connection.HTTPSConnection object at 0x1290cde50>: Failed to establish a new connection: [Errno 61] Connection refused'))
[2025-06-13 16:12:12] Erreur lors du rafraîchissement API, utilisation du cache: HTTPSConnectionPool(host='api.gurushots.com', port=443): Max retries exceeded with url: /rest/get_my_active_challenges (Caused by NewConnectionError('<urllib3.connection.HTTPSConnection object at 0x1290cc910>: Failed to establish a new connection: [Errno 61] Connection refused'))
[2025-06-13 16:12:25] Erreur lors du rafraîchissement API, utilisation du cache: HTTPSConnectionPool(host='api.gurushots.com', port=443): Max retries exceeded with url: /rest/get_my_active_challenges (Caused by NewConnectionError('<urllib3.connection.HTTPSConnection object at 0x1290cd810>: Failed to establish a new connection: [Errno 61] Connection refused'))
[2025-06-13 16:12:25] Erreur lors du rafraîchissement API, utilisation du cache: HTTPSConnectionPool(host='api.gurushots.com', port=443): Max retries exceeded with url: /rest/get_my_active_challenges (Caused by NewConnectionError('<urllib3.connection.HTTPSConnection object at 0x1290cd1d0>: Failed to establish a new connection: [Errno 61] Connection refused'))
[2025-06-13 16:12:27] Erreur lors du rafraîchissement API, utilisation du cache: HTTPSConnectionPool(host='api.gurushots.com', port=443): Max retries exceeded with url: /rest/get_my_active_challenges (Caused by NewConnectionError('<urllib3.connection.HTTPSConnection object at 0x1290ccf50>: Failed to establish a new connection: [Errno 61] Connection refused'))
[2025-06-13 16:12:27] Erreur lors du rafraîchissement API, utilisation du cache: HTTPSConnectionPool(host='api.gurushots.com', port=443): Max retries exceeded with url: /rest/get_my_active_challenges (Caused by NewConnectionError('<urllib3.connection.HTTPSConnection object at 0x1290cccd0>: Failed to establish a new connection: [Errno 61] Connection refused'))
[2025-06-13 16:12:40] Erreur lors du rafraîchissement API, utilisation du cache: HTTPSConnectionPool(host='api.gurushots.com', port=443): Max retries exceeded with url: /rest/get_my_active_challenges (Caused by NewConnectionError('<urllib3.connection.HTTPSConnection object at 0x1290cca50>: Failed to establish a new connection: [Errno 61] Connection refused'))
[2025-06-13 16:12:40] Erreur lors du rafraîchissement API, utilisation du cache: HTTPSConnectionPool(host='api.gurushots.com', port=443): Max retries exceeded with url: /rest/get_my_active_challenges (Caused by NewConnectionError('<urllib3.connection.HTTPSConnection object at 0x1290cc550>: Failed to establish a new connection: [Errno 61] Connection refused'))
[2025-06-13 16:12:42] Erreur lors du rafraîchissement API, utilisation du cache: HTTPSConnectionPool(host='api.gurushots.com', port=443): Max retries exceeded with url: /rest/get_my_active_challenges (Caused by NewConnectionError('<urllib3.connection.HTTPSConnection object at 0x1290ce350>: Failed to establish a new connection: [Errno 61] Connection refused'))
[2025-06-13 16:12:42] Erreur lors du rafraîchissement API, utilisation du cache: HTTPSConnectionPool(host='api.gurushots.com', port=443): Max retries exceeded with url: /rest/get_my_active_challenges (Caused by NewConnectionError('<urllib3.connection.HTTPSConnection object at 0x1290ce210>: Failed to establish a new connection: [Errno 61] Connection refused'))
[2025-06-13 16:12:55] Erreur lors du rafraîchissement API, utilisation du cache: HTTPSConnectionPool(host='api.gurushots.com', port=443): Max retries exceeded with url: /rest/get_my_active_challenges (Caused by NewConnectionError('<urllib3.connection.HTTPSConnection object at 0x1290cda90>: Failed to establish a new connection: [Errno 61] Connection refused'))
[2025-06-13 16:12:55] Erreur lors du rafraîchissement API, utilisation du cache: HTTPSConnectionPool(host='api.gurushots.com', port=443): Max retries exceeded with url: /rest/get_my_active_challenges (Caused by NewConnectionError('<urllib3.connection.HTTPSConnection object at 0x1290ce490>: Failed to establish a new connection: [Errno 61] Connection refused'))
[2025-06-13 16:12:57] Erreur lors du rafraîchissement API, utilisation du cache: HTTPSConnectionPool(host='api.gurushots.com', port=443): Max retries exceeded with url: /rest/get_my_active_challenges (Caused by NewConnectionError('<urllib3.connection.HTTPSConnection object at 0x118689f90>: Failed to establish a new connection: [Errno 61] Connection refused'))
[2025-06-13 16:12:57] Erreur lors du rafraîchissement API, utilisation du cache: HTTPSConnectionPool(host='api.gurushots.com', port=443): Max retries exceeded with url: /rest/get_my_active_challenges (Caused by NewConnectionError('<urllib3.connection.HTTPSConnection object at 0x118688550>: Failed to establish a new connection: [Errno 61] Connection refused'))
[2025-06-13 16:13:10] Erreur lors du rafraîchissement API, utilisation du cache: HTTPSConnectionPool(host='api.gurushots.com', port=443): Max retries exceeded with url: /rest/get_my_active_challenges (Caused by NewConnectionError('<urllib3.connection.HTTPSConnection object at 0x118689450>: Failed to establish a new connection: [Errno 61] Connection refused'))
[2025-06-13 16:13:10] Erreur lors du rafraîchissement API, utilisation du cache: HTTPSConnectionPool(host='api.gurushots.com', port=443): Max retries exceeded with url: /rest/get_my_active_challenges (Caused by NewConnectionError('<urllib3.connection.HTTPSConnection object at 0x118688410>: Failed to establish a new connection: [Errno 61] Connection refused'))
[2025-06-13 16:13:12] Erreur lors du rafraîchissement API, utilisation du cache: HTTPSConnectionPool(host='api.gurushots.com', port=443): Max retries exceeded with url: /rest/get_my_active_challenges (Caused by NewConnectionError('<urllib3.connection.HTTPSConnection object at 0x1290ce490>: Failed to establish a new connection: [Errno 61] Connection refused'))
[2025-06-13 16:13:12] Erreur lors du rafraîchissement API, utilisation du cache: HTTPSConnectionPool(host='api.gurushots.com', port=443): Max retries exceeded with url: /rest/get_my_active_challenges (Caused by NewConnectionError('<urllib3.connection.HTTPSConnection object at 0x1290cda90>: Failed to establish a new connection: [Errno 61] Connection refused'))
[2025-06-13 16:13:25] Erreur lors du rafraîchissement API, utilisation du cache: HTTPSConnectionPool(host='api.gurushots.com', port=443): Max retries exceeded with url: /rest/get_my_active_challenges (Caused by NewConnectionError('<urllib3.connection.HTTPSConnection object at 0x1290ce210>: Failed to establish a new connection: [Errno 61] Connection refused'))
[2025-06-13 16:13:25] Erreur lors du rafraîchissement API, utilisation du cache: HTTPSConnectionPool(host='api.gurushots.com', port=443): Max retries exceeded with url: /rest/get_my_active_challenges (Caused by NewConnectionError('<urllib3.connection.HTTPSConnection object at 0x1290ce350>: Failed to establish a new connection: [Errno 61] Connection refused'))
[2025-06-13 16:13:27] Erreur lors du rafraîchissement API, utilisation du cache: HTTPSConnectionPool(host='api.gurushots.com', port=443): Max retries exceeded with url: /rest/get_my_active_challenges (Caused by NewConnectionError('<urllib3.connection.HTTPSConnection object at 0x1290cc550>: Failed to establish a new connection: [Errno 61] Connection refused'))
[2025-06-13 16:13:27] Erreur lors du rafraîchissement API, utilisation du cache: HTTPSConnectionPool(host='api.gurushots.com', port=443): Max retries exceeded with url: /rest/get_my_active_challenges (Caused by NewConnectionError('<urllib3.connection.HTTPSConnection object at 0x1290cca50>: Failed to establish a new connection: [Errno 61] Connection refused'))
[2025-06-13 16:13:40] Erreur lors du rafraîchissement API, utilisation du cache: HTTPSConnectionPool(host='api.gurushots.com', port=443): Max retries exceeded with url: /rest/get_my_active_challenges (Caused by NewConnectionError('<urllib3.connection.HTTPSConnection object at 0x1290cccd0>: Failed to establish a new connection: [Errno 61] Connection refused'))
[2025-06-13 16:13:40] Erreur lors du rafraîchissement API, utilisation du cache: HTTPSConnectionPool(host='api.gurushots.com', port=443): Max retries exceeded with url: /rest/get_my_active_challenges (Caused by NewConnectionError('<urllib3.connection.HTTPSConnection object at 0x1290ccf50>: Failed to establish a new connection: [Errno 61] Connection refused'))
[2025-06-13 16:13:42] Erreur lors du rafraîchissement API, utilisation du cache: HTTPSConnectionPool(host='api.gurushots.com', port=443): Max retries exceeded with url: /rest/get_my_active_challenges (Caused by NewConnectionError('<urllib3.connection.HTTPSConnection object at 0x1290cd1d0>: Failed to establish a new connection: [Errno 61] Connection refused'))
[2025-06-13 16:13:42] Erreur lors du rafraîchissement API, utilisation du cache: HTTPSConnectionPool(host='api.gurushots.com', port=443): Max retries exceeded with url: /rest/get_my_active_challenges (Caused by NewConnectionError('<urllib3.connection.HTTPSConnection object at 0x1290cd810>: Failed to establish a new connection: [Errno 61] Connection refused'))
[2025-06-13 16:13:55] Erreur lors du rafraîchissement API, utilisation du cache: HTTPSConnectionPool(host='api.gurushots.com', port=443): Max retries exceeded with url: /rest/get_my_active_challenges (Caused by NewConnectionError('<urllib3.connection.HTTPSConnection object at 0x1290cc910>: Failed to establish a new connection: [Errno 61] Connection refused'))
[2025-06-13 16:13:55] Erreur lors du rafraîchissement API, utilisation du cache: HTTPSConnectionPool(host='api.gurushots.com', port=443): Max retries exceeded with url: /rest/get_my_active_challenges (Caused by NewConnectionError('<urllib3.connection.HTTPSConnection object at 0x1290cde50>: Failed to establish a new connection: [Errno 61] Connection refused'))
[2025-06-13 16:13:57] Erreur lors du rafraîchissement API, utilisation du cache: HTTPSConnectionPool(host='api.gurushots.com', port=443): Max retries exceeded with url: /rest/get_my_active_challenges (Caused by NewConnectionError('<urllib3.connection.HTTPSConnection object at 0x1290cead0>: Failed to establish a new connection: [Errno 61] Connection refused'))
[2025-06-13 16:13:57] Erreur lors du rafraîchissement API, utilisation du cache: HTTPSConnectionPool(host='api.gurushots.com', port=443): Max retries exceeded with url: /rest/get_my_active_challenges (Caused by NewConnectionError('<urllib3.connection.HTTPSConnection object at 0x118688410>: Failed to establish a new connection: [Errno 61] Connection refused'))
[2025-06-13 16:14:10] Erreur lors du rafraîchissement API, utilisation du cache: HTTPSConnectionPool(host='api.gurushots.com', port=443): Max retries exceeded with url: /rest/get_my_active_challenges (Caused by NewConnectionError('<urllib3.connection.HTTPSConnection object at 0x118689450>: Failed to establish a new connection: [Errno 61] Connection refused'))
[2025-06-13 16:14:10] Erreur lors du rafraîchissement API, utilisation du cache: HTTPSConnectionPool(host='api.gurushots.com', port=443): Max retries exceeded with url: /rest/get_my_active_challenges (Caused by NewConnectionError('<urllib3.connection.HTTPSConnection object at 0x118688550>: Failed to establish a new connection: [Errno 61] Connection refused'))
[2025-06-13 16:14:12] Erreur lors du rafraîchissement API, utilisation du cache: HTTPSConnectionPool(host='api.gurushots.com', port=443): Max retries exceeded with url: /rest/get_my_active_challenges (Caused by NewConnectionError('<urllib3.connection.HTTPSConnection object at 0x118689f90>: Failed to establish a new connection: [Errno 61] Connection refused'))
[2025-06-13 16:14:12] Erreur lors du rafraîchissement API, utilisation du cache: HTTPSConnectionPool(host='api.gurushots.com', port=443): Max retries exceeded with url: /rest/get_my_active_challenges (Caused by NewConnectionError('<urllib3.connection.HTTPSConnection object at 0x1290cde50>: Failed to establish a new connection: [Errno 61] Connection refused'))
[2025-06-13 16:14:25] Erreur lors du rafraîchissement API, utilisation du cache: HTTPSConnectionPool(host='api.gurushots.com', port=443): Max retries exceeded with url: /rest/get_my_active_challenges (Caused by NewConnectionError('<urllib3.connection.HTTPSConnection object at 0x1290cc910>: Failed to establish a new connection: [Errno 61] Connection refused'))
[2025-06-13 16:14:25] Erreur lors du rafraîchissement API, utilisation du cache: HTTPSConnectionPool(host='api.gurushots.com', port=443): Max retries exceeded with url: /rest/get_my_active_challenges (Caused by NewConnectionError('<urllib3.connection.HTTPSConnection object at 0x1290cd810>: Failed to establish a new connection: [Errno 61] Connection refused'))
[2025-06-13 16:14:27] Erreur lors du rafraîchissement API, utilisation du cache: HTTPSConnectionPool(host='api.gurushots.com', port=443): Max retries exceeded with url: /rest/get_my_active_challenges (Caused by NewConnectionError('<urllib3.connection.HTTPSConnection object at 0x1290cd1d0>: Failed to establish a new connection: [Errno 61] Connection refused'))
[2025-06-13 16:14:27] Erreur lors du rafraîchissement API, utilisation du cache: HTTPSConnectionPool(host='api.gurushots.com', port=443): Max retries exceeded with url: /rest/get_my_active_challenges (Caused by NewConnectionError('<urllib3.connection.HTTPSConnection object at 0x1290ccf50>: Failed to establish a new connection: [Errno 61] Connection refused'))
[2025-06-13 16:14:40] Erreur lors du rafraîchissement API, utilisation du cache: HTTPSConnectionPool(host='api.gurushots.com', port=443): Max retries exceeded with url: /rest/get_my_active_challenges (Caused by NewConnectionError('<urllib3.connection.HTTPSConnection object at 0x1290cccd0>: Failed to establish a new connection: [Errno 61] Connection refused'))
[2025-06-13 16:14:40] Erreur lors du rafraîchissement API, utilisation du cache: HTTPSConnectionPool(host='api.gurushots.com', port=443): Max retries exceeded with url: /rest/get_my_active_challenges (Caused by NewConnectionError('<urllib3.connection.HTTPSConnection object at 0x1290cca50>: Failed to establish a new connection: [Errno 61] Connection refused'))
[2025-06-13 16:14:42] Erreur lors du rafraîchissement API, utilisation du cache: HTTPSConnectionPool(host='api.gurushots.com', port=443): Max retries exceeded with url: /rest/get_my_active_challenges (Caused by NewConnectionError('<urllib3.connection.HTTPSConnection object at 0x1290cc550>: Failed to establish a new connection: [Errno 61] Connection refused'))
[2025-06-13 16:14:42] Erreur lors du rafraîchissement API, utilisation du cache: HTTPSConnectionPool(host='api.gurushots.com', port=443): Max retries exceeded with url: /rest/get_my_active_challenges (Caused by NewConnectionError('<urllib3.connection.HTTPSConnection object at 0x1290ce350>: Failed to establish a new connection: [Errno 61] Connection refused'))
[2025-06-13 16:14:55] Erreur lors du rafraîchissement API, utilisation du cache: HTTPSConnectionPool(host='api.gurushots.com', port=443): Max retries exceeded with url: /rest/get_my_active_challenges (Caused by NewConnectionError('<urllib3.connection.HTTPSConnection object at 0x1290ce210>: Failed to establish a new connection: [Errno 61] Connection refused'))
[2025-06-13 16:14:55] Erreur lors du rafraîchissement API, utilisation du cache: HTTPSConnectionPool(host='api.gurushots.com', port=443): Max retries exceeded with url: /rest/get_my_active_challenges (Caused by NewConnectionError('<urllib3.connection.HTTPSConnection object at 0x1290cda90>: Failed to establish a new connection: [Errno 61] Connection refused'))
[2025-06-13 16:14:57] Erreur lors du rafraîchissement API, utilisation du cache: HTTPSConnectionPool(host='api.gurushots.com', port=443): Max retries exceeded with url: /rest/get_my_active_challenges (Caused by NewConnectionError('<urllib3.connection.HTTPSConnection object at 0x1290ce490>: Failed to establish a new connection: [Errno 61] Connection refused'))
[2025-06-13 16:14:57] Erreur lors du rafraîchissement API, utilisation du cache: HTTPSConnectionPool(host='api.gurushots.com', port=443): Max retries exceeded with url: /rest/get_my_active_challenges (Caused by NewConnectionError('<urllib3.connection.HTTPSConnection object at 0x118689f90>: Failed to establish a new connection: [Errno 61] Connection refused'))
[2025-06-13 16:15:10] Erreur lors du rafraîchissement API, utilisation du cache: HTTPSConnectionPool(host='api.gurushots.com', port=443): Max retries exceeded with url: /rest/get_my_active_challenges (Caused by NewConnectionError('<urllib3.connection.HTTPSConnection object at 0x118688550>: Failed to establish a new connection: [Errno 61] Connection refused'))
[2025-06-13 16:15:10] Erreur lors du rafraîchissement API, utilisation du cache: HTTPSConnectionPool(host='api.gurushots.com', port=443): Max retries exceeded with url: /rest/get_my_active_challenges (Caused by NewConnectionError('<urllib3.connection.HTTPSConnection object at 0x118689450>: Failed to establish a new connection: [Errno 61] Connection refused'))
[2025-06-13 16:15:12] Erreur lors du rafraîchissement API, utilisation du cache: HTTPSConnectionPool(host='api.gurushots.com', port=443): Max retries exceeded with url: /rest/get_my_active_challenges (Caused by NewConnectionError('<urllib3.connection.HTTPSConnection object at 0x118688410>: Failed to establish a new connection: [Errno 61] Connection refused'))
[2025-06-13 16:15:12] Erreur lors du rafraîchissement API, utilisation du cache: HTTPSConnectionPool(host='api.gurushots.com', port=443): Max retries exceeded with url: /rest/get_my_active_challenges (Caused by NewConnectionError('<urllib3.connection.HTTPSConnection object at 0x1290ce490>: Failed to establish a new connection: [Errno 61] Connection refused'))
[2025-06-13 16:15:25] Erreur lors du rafraîchissement API, utilisation du cache: HTTPSConnectionPool(host='api.gurushots.com', port=443): Max retries exceeded with url: /rest/get_my_active_challenges (Caused by NewConnectionError('<urllib3.connection.HTTPSConnection object at 0x1290cda90>: Failed to establish a new connection: [Errno 61] Connection refused'))
[2025-06-13 16:15:26] Erreur lors du rafraîchissement API, utilisation du cache: HTTPSConnectionPool(host='api.gurushots.com', port=443): Max retries exceeded with url: /rest/get_my_active_challenges (Caused by NewConnectionError('<urllib3.connection.HTTPSConnection object at 0x1290ce210>: Failed to establish a new connection: [Errno 61] Connection refused'))
[2025-06-13 16:15:27] Erreur lors du rafraîchissement API, utilisation du cache: HTTPSConnectionPool(host='api.gurushots.com', port=443): Max retries exceeded with url: /rest/get_my_active_challenges (Caused by NewConnectionError('<urllib3.connection.HTTPSConnection object at 0x1290ce350>: Failed to establish a new connection: [Errno 61] Connection refused'))
[2025-06-13 16:15:27] Erreur lors du rafraîchissement API, utilisation du cache: HTTPSConnectionPool(host='api.gurushots.com', port=443): Max retries exceeded with url: /rest/get_my_active_challenges (Caused by NewConnectionError('<urllib3.connection.HTTPSConnection object at 0x1290cc550>: Failed to establish a new connection: [Errno 61] Connection refused'))
[2025-06-13 16:15:40] Erreur lors du rafraîchissement API, utilisation du cache: HTTPSConnectionPool(host='api.gurushots.com', port=443): Max retries exceeded with url: /rest/get_my_active_challenges (Caused by NewConnectionError('<urllib3.connection.HTTPSConnection object at 0x1290cca50>: Failed to establish a new connection: [Errno 61] Connection refused'))
[2025-06-13 16:15:41] Erreur lors du rafraîchissement API, utilisation du cache: HTTPSConnectionPool(host='api.gurushots.com', port=443): Max retries exceeded with url: /rest/get_my_active_challenges (Caused by NewConnectionError('<urllib3.connection.HTTPSConnection object at 0x1290cccd0>: Failed to establish a new connection: [Errno 61] Connection refused'))
[2025-06-13 16:15:42] Erreur lors du rafraîchissement API, utilisation du cache: HTTPSConnectionPool(host='api.gurushots.com', port=443): Max retries exceeded with url: /rest/get_my_active_challenges (Caused by NewConnectionError('<urllib3.connection.HTTPSConnection object at 0x1290ccf50>: Failed to establish a new connection: [Errno 61] Connection refused'))
[2025-06-13 16:15:42] Erreur lors du rafraîchissement API, utilisation du cache: HTTPSConnectionPool(host='api.gurushots.com', port=443): Max retries exceeded with url: /rest/get_my_active_challenges (Caused by NewConnectionError('<urllib3.connection.HTTPSConnection object at 0x1290cd1d0>: Failed to establish a new connection: [Errno 61] Connection refused'))
[2025-06-13 16:15:55] Erreur lors du rafraîchissement API, utilisation du cache: HTTPSConnectionPool(host='api.gurushots.com', port=443): Max retries exceeded with url: /rest/get_my_active_challenges (Caused by NewConnectionError('<urllib3.connection.HTTPSConnection object at 0x1290cd810>: Failed to establish a new connection: [Errno 61] Connection refused'))
[2025-06-13 16:15:56] Erreur lors du rafraîchissement API, utilisation du cache: HTTPSConnectionPool(host='api.gurushots.com', port=443): Max retries exceeded with url: /rest/get_my_active_challenges (Caused by NewConnectionError('<urllib3.connection.HTTPSConnection object at 0x1290cc910>: Failed to establish a new connection: [Errno 61] Connection refused'))
[2025-06-13 16:15:57] Erreur lors du rafraîchissement API, utilisation du cache: HTTPSConnectionPool(host='api.gurushots.com', port=443): Max retries exceeded with url: /rest/get_my_active_challenges (Caused by NewConnectionError('<urllib3.connection.HTTPSConnection object at 0x1290cde50>: Failed to establish a new connection: [Errno 61] Connection refused'))
[2025-06-13 16:15:57] Erreur lors du rafraîchissement API, utilisation du cache: HTTPSConnectionPool(host='api.gurushots.com', port=443): Max retries exceeded with url: /rest/get_my_active_challenges (Caused by NewConnectionError('<urllib3.connection.HTTPSConnection object at 0x1290ced50>: Failed to establish a new connection: [Errno 61] Connection refused'))
[2025-06-13 16:16:10] Erreur lors du rafraîchissement API, utilisation du cache: HTTPSConnectionPool(host='api.gurushots.com', port=443): Max retries exceeded with url: /rest/get_my_active_challenges (Caused by NewConnectionError('<urllib3.connection.HTTPSConnection object at 0x118688410>: Failed to establish a new connection: [Errno 61] Connection refused'))
[2025-06-13 16:16:11] Erreur lors du rafraîchissement API, utilisation du cache: HTTPSConnectionPool(host='api.gurushots.com', port=443): Max retries exceeded with url: /rest/get_my_active_challenges (Caused by NewConnectionError('<urllib3.connection.HTTPSConnection object at 0x118689450>: Failed to establish a new connection: [Errno 61] Connection refused'))
[2025-06-13 16:16:12] Erreur lors du rafraîchissement API, utilisation du cache: HTTPSConnectionPool(host='api.gurushots.com', port=443): Max retries exceeded with url: /rest/get_my_active_challenges (Caused by NewConnectionError('<urllib3.connection.HTTPSConnection object at 0x118688550>: Failed to establish a new connection: [Errno 61] Connection refused'))
[2025-06-13 16:16:12] Erreur lors du rafraîchissement API, utilisation du cache: HTTPSConnectionPool(host='api.gurushots.com', port=443): Max retries exceeded with url: /rest/get_my_active_challenges (Caused by NewConnectionError('<urllib3.connection.HTTPSConnection object at 0x118689f90>: Failed to establish a new connection: [Errno 61] Connection refused'))
[2025-06-13 16:16:25] Erreur lors du rafraîchissement API, utilisation du cache: HTTPSConnectionPool(host='api.gurushots.com', port=443): Max retries exceeded with url: /rest/get_my_active_challenges (Caused by NewConnectionError('<urllib3.connection.HTTPSConnection object at 0x1290ced50>: Failed to establish a new connection: [Errno 61] Connection refused'))
[2025-06-13 16:16:26] Erreur lors du rafraîchissement API, utilisation du cache: HTTPSConnectionPool(host='api.gurushots.com', port=443): Max retries exceeded with url: /rest/get_my_active_challenges (Caused by NewConnectionError('<urllib3.connection.HTTPSConnection object at 0x1290cde50>: Failed to establish a new connection: [Errno 61] Connection refused'))
[2025-06-13 16:16:27] Erreur lors du rafraîchissement API, utilisation du cache: HTTPSConnectionPool(host='api.gurushots.com', port=443): Max retries exceeded with url: /rest/get_my_active_challenges (Caused by NewConnectionError('<urllib3.connection.HTTPSConnection object at 0x1290cc910>: Failed to establish a new connection: [Errno 61] Connection refused'))
[2025-06-13 16:16:27] Erreur lors du rafraîchissement API, utilisation du cache: HTTPSConnectionPool(host='api.gurushots.com', port=443): Max retries exceeded with url: /rest/get_my_active_challenges (Caused by NewConnectionError('<urllib3.connection.HTTPSConnection object at 0x1290cd810>: Failed to establish a new connection: [Errno 61] Connection refused'))
[2025-06-13 16:16:40] Erreur lors du rafraîchissement API, utilisation du cache: HTTPSConnectionPool(host='api.gurushots.com', port=443): Max retries exceeded with url: /rest/get_my_active_challenges (Caused by NewConnectionError('<urllib3.connection.HTTPSConnection object at 0x1290cd1d0>: Failed to establish a new connection: [Errno 61] Connection refused'))
[2025-06-13 16:16:41] Erreur lors du rafraîchissement API, utilisation du cache: HTTPSConnectionPool(host='api.gurushots.com', port=443): Max retries exceeded with url: /rest/get_my_active_challenges (Caused by NewConnectionError('<urllib3.connection.HTTPSConnection object at 0x1290ccf50>: Failed to establish a new connection: [Errno 61] Connection refused'))
[2025-06-13 16:16:42] Erreur lors du rafraîchissement API, utilisation du cache: HTTPSConnectionPool(host='api.gurushots.com', port=443): Max retries exceeded with url: /rest/get_my_active_challenges (Caused by NewConnectionError('<urllib3.connection.HTTPSConnection object at 0x1290cccd0>: Failed to establish a new connection: [Errno 61] Connection refused'))
[2025-06-13 16:16:42] Erreur lors du rafraîchissement API, utilisation du cache: HTTPSConnectionPool(host='api.gurushots.com', port=443): Max retries exceeded with url: /rest/get_my_active_challenges (Caused by NewConnectionError('<urllib3.connection.HTTPSConnection object at 0x1290cca50>: Failed to establish a new connection: [Errno 61] Connection refused'))
[2025-06-13 16:16:56] Erreur lors du rafraîchissement API, utilisation du cache: HTTPSConnectionPool(host='api.gurushots.com', port=443): Max retries exceeded with url: /rest/get_my_active_challenges (Caused by NewConnectionError('<urllib3.connection.HTTPSConnection object at 0x1290cc550>: Failed to establish a new connection: [Errno 61] Connection refused'))
[2025-06-13 16:16:56] Erreur lors du rafraîchissement API, utilisation du cache: HTTPSConnectionPool(host='api.gurushots.com', port=443): Max retries exceeded with url: /rest/get_my_active_challenges (Caused by NewConnectionError('<urllib3.connection.HTTPSConnection object at 0x1290ce350>: Failed to establish a new connection: [Errno 61] Connection refused'))
[2025-06-13 16:16:57] Erreur lors du rafraîchissement API, utilisation du cache: HTTPSConnectionPool(host='api.gurushots.com', port=443): Max retries exceeded with url: /rest/get_my_active_challenges (Caused by NewConnectionError('<urllib3.connection.HTTPSConnection object at 0x1290ce210>: Failed to establish a new connection: [Errno 61] Connection refused'))
[2025-06-13 16:16:57] Erreur lors du rafraîchissement API, utilisation du cache: HTTPSConnectionPool(host='api.gurushots.com', port=443): Max retries exceeded with url: /rest/get_my_active_challenges (Caused by NewConnectionError('<urllib3.connection.HTTPSConnection object at 0x1290cda90>: Failed to establish a new connection: [Errno 61] Connection refused'))
[2025-06-13 16:17:11] Erreur lors du rafraîchissement API, utilisation du cache: HTTPSConnectionPool(host='api.gurushots.com', port=443): Max retries exceeded with url: /rest/get_my_active_challenges (Caused by NewConnectionError('<urllib3.connection.HTTPSConnection object at 0x1290ce490>: Failed to establish a new connection: [Errno 61] Connection refused'))
[2025-06-13 16:17:11] Erreur lors du rafraîchissement API, utilisation du cache: HTTPSConnectionPool(host='api.gurushots.com', port=443): Max retries exceeded with url: /rest/get_my_active_challenges (Caused by NewConnectionError('<urllib3.connection.HTTPSConnection object at 0x118689f90>: Failed to establish a new connection: [Errno 61] Connection refused'))
[2025-06-13 16:17:12] Erreur lors du rafraîchissement API, utilisation du cache: HTTPSConnectionPool(host='api.gurushots.com', port=443): Max retries exceeded with url: /rest/get_my_active_challenges (Caused by NewConnectionError('<urllib3.connection.HTTPSConnection object at 0x118688550>: Failed to establish a new connection: [Errno 61] Connection refused'))
[2025-06-13 16:17:12] Erreur lors du rafraîchissement API, utilisation du cache: HTTPSConnectionPool(host='api.gurushots.com', port=443): Max retries exceeded with url: /rest/get_my_active_challenges (Caused by NewConnectionError('<urllib3.connection.HTTPSConnection object at 0x118689450>: Failed to establish a new connection: [Errno 61] Connection refused'))
[2025-06-13 16:17:26] Erreur lors du rafraîchissement API, utilisation du cache: HTTPSConnectionPool(host='api.gurushots.com', port=443): Max retries exceeded with url: /rest/get_my_active_challenges (Caused by NewConnectionError('<urllib3.connection.HTTPSConnection object at 0x118688410>: Failed to establish a new connection: [Errno 61] Connection refused'))
[2025-06-13 16:17:26] Erreur lors du rafraîchissement API, utilisation du cache: HTTPSConnectionPool(host='api.gurushots.com', port=443): Max retries exceeded with url: /rest/get_my_active_challenges (Caused by NewConnectionError('<urllib3.connection.HTTPSConnection object at 0x1290ce490>: Failed to establish a new connection: [Errno 61] Connection refused'))
[2025-06-13 16:17:27] Erreur lors du rafraîchissement API, utilisation du cache: HTTPSConnectionPool(host='api.gurushots.com', port=443): Max retries exceeded with url: /rest/get_my_active_challenges (Caused by NewConnectionError('<urllib3.connection.HTTPSConnection object at 0x1290cda90>: Failed to establish a new connection: [Errno 61] Connection refused'))
[2025-06-13 16:17:27] Erreur lors du rafraîchissement API, utilisation du cache: HTTPSConnectionPool(host='api.gurushots.com', port=443): Max retries exceeded with url: /rest/get_my_active_challenges (Caused by NewConnectionError('<urllib3.connection.HTTPSConnection object at 0x1290ce210>: Failed to establish a new connection: [Errno 61] Connection refused'))
[2025-06-13 16:17:41] Erreur lors du rafraîchissement API, utilisation du cache: HTTPSConnectionPool(host='api.gurushots.com', port=443): Max retries exceeded with url: /rest/get_my_active_challenges (Caused by NewConnectionError('<urllib3.connection.HTTPSConnection object at 0x1290ce350>: Failed to establish a new connection: [Errno 61] Connection refused'))
[2025-06-13 16:17:41] Erreur lors du rafraîchissement API, utilisation du cache: HTTPSConnectionPool(host='api.gurushots.com', port=443): Max retries exceeded with url: /rest/get_my_active_challenges (Caused by NewConnectionError('<urllib3.connection.HTTPSConnection object at 0x1290cc550>: Failed to establish a new connection: [Errno 61] Connection refused'))
[2025-06-13 16:17:42] Erreur lors du rafraîchissement API, utilisation du cache: HTTPSConnectionPool(host='api.gurushots.com', port=443): Max retries exceeded with url: /rest/get_my_active_challenges (Caused by NewConnectionError('<urllib3.connection.HTTPSConnection object at 0x1290cca50>: Failed to establish a new connection: [Errno 61] Connection refused'))
[2025-06-13 16:17:42] Erreur lors du rafraîchissement API, utilisation du cache: HTTPSConnectionPool(host='api.gurushots.com', port=443): Max retries exceeded with url: /rest/get_my_active_challenges (Caused by NewConnectionError('<urllib3.connection.HTTPSConnection object at 0x1290cccd0>: Failed to establish a new connection: [Errno 61] Connection refused'))
[2025-06-13 16:17:56] Erreur lors du rafraîchissement API, utilisation du cache: HTTPSConnectionPool(host='api.gurushots.com', port=443): Max retries exceeded with url: /rest/get_my_active_challenges (Caused by NewConnectionError('<urllib3.connection.HTTPSConnection object at 0x1290ccf50>: Failed to establish a new connection: [Errno 61] Connection refused'))
[2025-06-13 16:17:56] Erreur lors du rafraîchissement API, utilisation du cache: HTTPSConnectionPool(host='api.gurushots.com', port=443): Max retries exceeded with url: /rest/get_my_active_challenges (Caused by NewConnectionError('<urllib3.connection.HTTPSConnection object at 0x1290cd1d0>: Failed to establish a new connection: [Errno 61] Connection refused'))
[2025-06-13 16:17:57] Erreur lors du rafraîchissement API, utilisation du cache: HTTPSConnectionPool(host='api.gurushots.com', port=443): Max retries exceeded with url: /rest/get_my_active_challenges (Caused by NewConnectionError('<urllib3.connection.HTTPSConnection object at 0x1290cd810>: Failed to establish a new connection: [Errno 61] Connection refused'))
[2025-06-13 16:17:58] Erreur lors du rafraîchissement API, utilisation du cache: HTTPSConnectionPool(host='api.gurushots.com', port=443): Max retries exceeded with url: /rest/get_my_active_challenges (Caused by NewConnectionError('<urllib3.connection.HTTPSConnection object at 0x1290cc910>: Failed to establish a new connection: [Errno 61] Connection refused'))
[2025-06-13 16:18:11] Erreur lors du rafraîchissement API, utilisation du cache: HTTPSConnectionPool(host='api.gurushots.com', port=443): Max retries exceeded with url: /rest/get_my_active_challenges (Caused by NewConnectionError('<urllib3.connection.HTTPSConnection object at 0x1290cde50>: Failed to establish a new connection: [Errno 61] Connection refused'))
[2025-06-13 16:18:11] Erreur lors du rafraîchissement API, utilisation du cache: HTTPSConnectionPool(host='api.gurushots.com', port=443): Max retries exceeded with url: /rest/get_my_active_challenges (Caused by NewConnectionError('<urllib3.connection.HTTPSConnection object at 0x1290ced50>: Failed to establish a new connection: [Errno 61] Connection refused'))
[2025-06-13 16:18:12] Erreur lors du rafraîchissement API, utilisation du cache: HTTPSConnectionPool(host='api.gurushots.com', port=443): Max retries exceeded with url: /rest/get_my_active_challenges (Caused by NewConnectionError('<urllib3.connection.HTTPSConnection object at 0x118688410>: Failed to establish a new connection: [Errno 61] Connection refused'))
[2025-06-13 16:18:13] Erreur lors du rafraîchissement API, utilisation du cache: HTTPSConnectionPool(host='api.gurushots.com', port=443): Max retries exceeded with url: /rest/get_my_active_challenges (Caused by NewConnectionError('<urllib3.connection.HTTPSConnection object at 0x118689450>: Failed to establish a new connection: [Errno 61] Connection refused'))
[2025-06-13 16:18:26] Erreur lors du rafraîchissement API, utilisation du cache: HTTPSConnectionPool(host='api.gurushots.com', port=443): Max retries exceeded with url: /rest/get_my_active_challenges (Caused by NewConnectionError('<urllib3.connection.HTTPSConnection object at 0x118688550>: Failed to establish a new connection: [Errno 61] Connection refused'))
[2025-06-13 16:18:26] Erreur lors du rafraîchissement API, utilisation du cache: HTTPSConnectionPool(host='api.gurushots.com', port=443): Max retries exceeded with url: /rest/get_my_active_challenges (Caused by NewConnectionError('<urllib3.connection.HTTPSConnection object at 0x118689f90>: Failed to establish a new connection: [Errno 61] Connection refused'))
[2025-06-13 16:18:27] Erreur lors du rafraîchissement API, utilisation du cache: HTTPSConnectionPool(host='api.gurushots.com', port=443): Max retries exceeded with url: /rest/get_my_active_challenges (Caused by NewConnectionError('<urllib3.connection.HTTPSConnection object at 0x1290cee90>: Failed to establish a new connection: [Errno 61] Connection refused'))
[2025-06-13 16:18:28] Erreur lors du rafraîchissement API, utilisation du cache: HTTPSConnectionPool(host='api.gurushots.com', port=443): Max retries exceeded with url: /rest/get_my_active_challenges (Caused by NewConnectionError('<urllib3.connection.HTTPSConnection object at 0x1290ce990>: Failed to establish a new connection: [Errno 61] Connection refused'))
[2025-06-13 16:18:41] Erreur lors du rafraîchissement API, utilisation du cache: HTTPSConnectionPool(host='api.gurushots.com', port=443): Max retries exceeded with url: /rest/get_my_active_challenges (Caused by NewConnectionError('<urllib3.connection.HTTPSConnection object at 0x1290cc7d0>: Failed to establish a new connection: [Errno 61] Connection refused'))
[2025-06-13 16:18:41] Erreur lors du rafraîchissement API, utilisation du cache: HTTPSConnectionPool(host='api.gurushots.com', port=443): Max retries exceeded with url: /rest/get_my_active_challenges (Caused by NewConnectionError('<urllib3.connection.HTTPSConnection object at 0x1290cd950>: Failed to establish a new connection: [Errno 61] Connection refused'))
[2025-06-13 16:18:43] Erreur lors du rafraîchissement API, utilisation du cache: HTTPSConnectionPool(host='api.gurushots.com', port=443): Max retries exceeded with url: /rest/get_my_active_challenges (Caused by NewConnectionError('<urllib3.connection.HTTPSConnection object at 0x1290cd310>: Failed to establish a new connection: [Errno 61] Connection refused'))
[2025-06-13 16:18:43] Erreur lors du rafraîchissement API, utilisation du cache: HTTPSConnectionPool(host='api.gurushots.com', port=443): Max retries exceeded with url: /rest/get_my_active_challenges (Caused by NewConnectionError('<urllib3.connection.HTTPSConnection object at 0x1290cd090>: Failed to establish a new connection: [Errno 61] Connection refused'))
[2025-06-13 16:18:56] Erreur lors du rafraîchissement API, utilisation du cache: HTTPSConnectionPool(host='api.gurushots.com', port=443): Max retries exceeded with url: /rest/get_my_active_challenges (Caused by NewConnectionError('<urllib3.connection.HTTPSConnection object at 0x1290cce10>: Failed to establish a new connection: [Errno 61] Connection refused'))
[2025-06-13 16:18:56] Erreur lors du rafraîchissement API, utilisation du cache: HTTPSConnectionPool(host='api.gurushots.com', port=443): Max retries exceeded with url: /rest/get_my_active_challenges (Caused by NewConnectionError('<urllib3.connection.HTTPSConnection object at 0x1290ccb90>: Failed to establish a new connection: [Errno 61] Connection refused'))
[2025-06-13 16:18:58] Erreur lors du rafraîchissement API, utilisation du cache: HTTPSConnectionPool(host='api.gurushots.com', port=443): Max retries exceeded with url: /rest/get_my_active_challenges (Caused by NewConnectionError('<urllib3.connection.HTTPSConnection object at 0x1290cc690>: Failed to establish a new connection: [Errno 61] Connection refused'))
[2025-06-13 16:18:58] Erreur lors du rafraîchissement API, utilisation du cache: HTTPSConnectionPool(host='api.gurushots.com', port=443): Max retries exceeded with url: /rest/get_my_active_challenges (Caused by NewConnectionError('<urllib3.connection.HTTPSConnection object at 0x1290cc2d0>: Failed to establish a new connection: [Errno 61] Connection refused'))
[2025-06-13 16:19:11] Erreur lors du rafraîchissement API, utilisation du cache: HTTPSConnectionPool(host='api.gurushots.com', port=443): Max retries exceeded with url: /rest/get_my_active_challenges (Caused by NewConnectionError('<urllib3.connection.HTTPSConnection object at 0x1290ce0d0>: Failed to establish a new connection: [Errno 61] Connection refused'))
[2025-06-13 16:19:11] Erreur lors du rafraîchissement API, utilisation du cache: HTTPSConnectionPool(host='api.gurushots.com', port=443): Max retries exceeded with url: /rest/get_my_active_challenges (Caused by NewConnectionError('<urllib3.connection.HTTPSConnection object at 0x1290cdf90>: Failed to establish a new connection: [Errno 61] Connection refused'))
[2025-06-13 16:19:13] Erreur lors du rafraîchissement API, utilisation du cache: HTTPSConnectionPool(host='api.gurushots.com', port=443): Max retries exceeded with url: /rest/get_my_active_challenges (Caused by NewConnectionError('<urllib3.connection.HTTPSConnection object at 0x1290ce5d0>: Failed to establish a new connection: [Errno 61] Connection refused'))
[2025-06-13 16:19:13] Erreur lors du rafraîchissement API, utilisation du cache: HTTPSConnectionPool(host='api.gurushots.com', port=443): Max retries exceeded with url: /rest/get_my_active_challenges (Caused by NewConnectionError('<urllib3.connection.HTTPSConnection object at 0x11868a5d0>: Failed to establish a new connection: [Errno 61] Connection refused'))
[2025-06-13 16:19:26] Erreur lors du rafraîchissement API, utilisation du cache: HTTPSConnectionPool(host='api.gurushots.com', port=443): Max retries exceeded with url: /rest/get_my_active_challenges (Caused by NewConnectionError('<urllib3.connection.HTTPSConnection object at 0x11868aad0>: Failed to establish a new connection: [Errno 61] Connection refused'))
[2025-06-13 16:19:26] Erreur lors du rafraîchissement API, utilisation du cache: HTTPSConnectionPool(host='api.gurushots.com', port=443): Max retries exceeded with url: /rest/get_my_active_challenges (Caused by NewConnectionError('<urllib3.connection.HTTPSConnection object at 0x11868b390>: Failed to establish a new connection: [Errno 61] Connection refused'))
[2025-06-13 16:19:28] Erreur lors du rafraîchissement API, utilisation du cache: HTTPSConnectionPool(host='api.gurushots.com', port=443): Max retries exceeded with url: /rest/get_my_active_challenges (Caused by NewConnectionError('<urllib3.connection.HTTPSConnection object at 0x11868b610>: Failed to establish a new connection: [Errno 61] Connection refused'))
[2025-06-13 16:19:28] Erreur lors du rafraîchissement API, utilisation du cache: HTTPSConnectionPool(host='api.gurushots.com', port=443): Max retries exceeded with url: /rest/get_my_active_challenges (Caused by NewConnectionError('<urllib3.connection.HTTPSConnection object at 0x1290ce490>: Failed to establish a new connection: [Errno 61] Connection refused'))
[2025-06-13 16:19:41] Erreur lors du rafraîchissement API, utilisation du cache: HTTPSConnectionPool(host='api.gurushots.com', port=443): Max retries exceeded with url: /rest/get_my_active_challenges (Caused by NewConnectionError('<urllib3.connection.HTTPSConnection object at 0x1290cda90>: Failed to establish a new connection: [Errno 61] Connection refused'))
[2025-06-13 16:19:41] Erreur lors du rafraîchissement API, utilisation du cache: HTTPSConnectionPool(host='api.gurushots.com', port=443): Max retries exceeded with url: /rest/get_my_active_challenges (Caused by NewConnectionError('<urllib3.connection.HTTPSConnection object at 0x1290ce210>: Failed to establish a new connection: [Errno 61] Connection refused'))
[2025-06-13 16:19:43] Erreur lors du rafraîchissement API, utilisation du cache: HTTPSConnectionPool(host='api.gurushots.com', port=443): Max retries exceeded with url: /rest/get_my_active_challenges (Caused by NewConnectionError('<urllib3.connection.HTTPSConnection object at 0x1290ce350>: Failed to establish a new connection: [Errno 61] Connection refused'))
[2025-06-13 16:19:43] Erreur lors du rafraîchissement API, utilisation du cache: HTTPSConnectionPool(host='api.gurushots.com', port=443): Max retries exceeded with url: /rest/get_my_active_challenges (Caused by NewConnectionError('<urllib3.connection.HTTPSConnection object at 0x1290cc550>: Failed to establish a new connection: [Errno 61] Connection refused'))
[2025-06-13 16:19:56] Erreur lors du rafraîchissement API, utilisation du cache: HTTPSConnectionPool(host='api.gurushots.com', port=443): Max retries exceeded with url: /rest/get_my_active_challenges (Caused by NewConnectionError('<urllib3.connection.HTTPSConnection object at 0x1290cca50>: Failed to establish a new connection: [Errno 61] Connection refused'))
[2025-06-13 16:19:56] Erreur lors du rafraîchissement API, utilisation du cache: HTTPSConnectionPool(host='api.gurushots.com', port=443): Max retries exceeded with url: /rest/get_my_active_challenges (Caused by NewConnectionError('<urllib3.connection.HTTPSConnection object at 0x1290cccd0>: Failed to establish a new connection: [Errno 61] Connection refused'))
[2025-06-13 16:19:58] Erreur lors du rafraîchissement API, utilisation du cache: HTTPSConnectionPool(host='api.gurushots.com', port=443): Max retries exceeded with url: /rest/get_my_active_challenges (Caused by NewConnectionError('<urllib3.connection.HTTPSConnection object at 0x1290ccf50>: Failed to establish a new connection: [Errno 61] Connection refused'))
[2025-06-13 16:19:58] Erreur lors du rafraîchissement API, utilisation du cache: HTTPSConnectionPool(host='api.gurushots.com', port=443): Max retries exceeded with url: /rest/get_my_active_challenges (Caused by NewConnectionError('<urllib3.connection.HTTPSConnection object at 0x1290cd1d0>: Failed to establish a new connection: [Errno 61] Connection refused'))
[2025-06-13 16:20:11] Erreur lors du rafraîchissement API, utilisation du cache: HTTPSConnectionPool(host='api.gurushots.com', port=443): Max retries exceeded with url: /rest/get_my_active_challenges (Caused by NewConnectionError('<urllib3.connection.HTTPSConnection object at 0x1290cd810>: Failed to establish a new connection: [Errno 61] Connection refused'))
[2025-06-13 16:20:11] Erreur lors du rafraîchissement API, utilisation du cache: HTTPSConnectionPool(host='api.gurushots.com', port=443): Max retries exceeded with url: /rest/get_my_active_challenges (Caused by NewConnectionError('<urllib3.connection.HTTPSConnection object at 0x1290cc910>: Failed to establish a new connection: [Errno 61] Connection refused'))
[2025-06-13 16:20:13] Erreur lors du rafraîchissement API, utilisation du cache: HTTPSConnectionPool(host='api.gurushots.com', port=443): Max retries exceeded with url: /rest/get_my_active_challenges (Caused by NewConnectionError('<urllib3.connection.HTTPSConnection object at 0x1290cde50>: Failed to establish a new connection: [Errno 61] Connection refused'))
[2025-06-13 16:20:13] Erreur lors du rafraîchissement API, utilisation du cache: HTTPSConnectionPool(host='api.gurushots.com', port=443): Max retries exceeded with url: /rest/get_my_active_challenges (Caused by NewConnectionError('<urllib3.connection.HTTPSConnection object at 0x1290ced50>: Failed to establish a new connection: [Errno 61] Connection refused'))
[2025-06-13 16:20:26] Erreur lors du rafraîchissement API, utilisation du cache: HTTPSConnectionPool(host='api.gurushots.com', port=443): Max retries exceeded with url: /rest/get_my_active_challenges (Caused by NewConnectionError('<urllib3.connection.HTTPSConnection object at 0x118688410>: Failed to establish a new connection: [Errno 61] Connection refused'))
[2025-06-13 16:20:26] Erreur lors du rafraîchissement API, utilisation du cache: HTTPSConnectionPool(host='api.gurushots.com', port=443): Max retries exceeded with url: /rest/get_my_active_challenges (Caused by NewConnectionError('<urllib3.connection.HTTPSConnection object at 0x118689450>: Failed to establish a new connection: [Errno 61] Connection refused'))
[2025-06-13 16:20:28] Erreur lors du rafraîchissement API, utilisation du cache: HTTPSConnectionPool(host='api.gurushots.com', port=443): Max retries exceeded with url: /rest/get_my_active_challenges (Caused by NewConnectionError('<urllib3.connection.HTTPSConnection object at 0x118688550>: Failed to establish a new connection: [Errno 61] Connection refused'))
[2025-06-13 16:20:28] Erreur lors du rafraîchissement API, utilisation du cache: HTTPSConnectionPool(host='api.gurushots.com', port=443): Max retries exceeded with url: /rest/get_my_active_challenges (Caused by NewConnectionError('<urllib3.connection.HTTPSConnection object at 0x118689f90>: Failed to establish a new connection: [Errno 61] Connection refused'))
[2025-06-13 16:20:41] Erreur lors du rafraîchissement API, utilisation du cache: HTTPSConnectionPool(host='api.gurushots.com', port=443): Max retries exceeded with url: /rest/get_my_active_challenges (Caused by NewConnectionError('<urllib3.connection.HTTPSConnection object at 0x1290cee90>: Failed to establish a new connection: [Errno 61] Connection refused'))
[2025-06-13 16:20:41] Erreur lors du rafraîchissement API, utilisation du cache: HTTPSConnectionPool(host='api.gurushots.com', port=443): Max retries exceeded with url: /rest/get_my_active_challenges (Caused by NewConnectionError('<urllib3.connection.HTTPSConnection object at 0x1290ce990>: Failed to establish a new connection: [Errno 61] Connection refused'))
[2025-06-13 16:20:43] Erreur lors du rafraîchissement API, utilisation du cache: HTTPSConnectionPool(host='api.gurushots.com', port=443): Max retries exceeded with url: /rest/get_my_active_challenges (Caused by NewConnectionError('<urllib3.connection.HTTPSConnection object at 0x1290cc7d0>: Failed to establish a new connection: [Errno 61] Connection refused'))
[2025-06-13 16:20:43] Erreur lors du rafraîchissement API, utilisation du cache: HTTPSConnectionPool(host='api.gurushots.com', port=443): Max retries exceeded with url: /rest/get_my_active_challenges (Caused by NewConnectionError('<urllib3.connection.HTTPSConnection object at 0x1290cd950>: Failed to establish a new connection: [Errno 61] Connection refused'))
[2025-06-13 16:20:56] Erreur lors du rafraîchissement API, utilisation du cache: HTTPSConnectionPool(host='api.gurushots.com', port=443): Max retries exceeded with url: /rest/get_my_active_challenges (Caused by NewConnectionError('<urllib3.connection.HTTPSConnection object at 0x1290cd310>: Failed to establish a new connection: [Errno 61] Connection refused'))
[2025-06-13 16:20:56] Erreur lors du rafraîchissement API, utilisation du cache: HTTPSConnectionPool(host='api.gurushots.com', port=443): Max retries exceeded with url: /rest/get_my_active_challenges (Caused by NewConnectionError('<urllib3.connection.HTTPSConnection object at 0x1290cd090>: Failed to establish a new connection: [Errno 61] Connection refused'))
[2025-06-13 16:20:58] Erreur lors du rafraîchissement API, utilisation du cache: HTTPSConnectionPool(host='api.gurushots.com', port=443): Max retries exceeded with url: /rest/get_my_active_challenges (Caused by NewConnectionError('<urllib3.connection.HTTPSConnection object at 0x1290cce10>: Failed to establish a new connection: [Errno 61] Connection refused'))
[2025-06-13 16:20:58] Erreur lors du rafraîchissement API, utilisation du cache: HTTPSConnectionPool(host='api.gurushots.com', port=443): Max retries exceeded with url: /rest/get_my_active_challenges (Caused by NewConnectionError('<urllib3.connection.HTTPSConnection object at 0x1290ccb90>: Failed to establish a new connection: [Errno 61] Connection refused'))
[2025-06-13 16:21:11] Erreur lors du rafraîchissement API, utilisation du cache: HTTPSConnectionPool(host='api.gurushots.com', port=443): Max retries exceeded with url: /rest/get_my_active_challenges (Caused by NewConnectionError('<urllib3.connection.HTTPSConnection object at 0x1290cc690>: Failed to establish a new connection: [Errno 61] Connection refused'))
[2025-06-13 16:21:11] Erreur lors du rafraîchissement API, utilisation du cache: HTTPSConnectionPool(host='api.gurushots.com', port=443): Max retries exceeded with url: /rest/get_my_active_challenges (Caused by NewConnectionError('<urllib3.connection.HTTPSConnection object at 0x1290cc2d0>: Failed to establish a new connection: [Errno 61] Connection refused'))
[2025-06-13 16:21:13] Erreur lors du rafraîchissement API, utilisation du cache: HTTPSConnectionPool(host='api.gurushots.com', port=443): Max retries exceeded with url: /rest/get_my_active_challenges (Caused by NewConnectionError('<urllib3.connection.HTTPSConnection object at 0x1290ce0d0>: Failed to establish a new connection: [Errno 61] Connection refused'))
[2025-06-13 16:21:13] Erreur lors du rafraîchissement API, utilisation du cache: HTTPSConnectionPool(host='api.gurushots.com', port=443): Max retries exceeded with url: /rest/get_my_active_challenges (Caused by NewConnectionError('<urllib3.connection.HTTPSConnection object at 0x1290cdf90>: Failed to establish a new connection: [Errno 61] Connection refused'))
[2025-06-13 16:21:26] Erreur lors du rafraîchissement API, utilisation du cache: HTTPSConnectionPool(host='api.gurushots.com', port=443): Max retries exceeded with url: /rest/get_my_active_challenges (Caused by NewConnectionError('<urllib3.connection.HTTPSConnection object at 0x1290ce5d0>: Failed to establish a new connection: [Errno 61] Connection refused'))
[2025-06-13 16:21:26] Erreur lors du rafraîchissement API, utilisation du cache: HTTPSConnectionPool(host='api.gurushots.com', port=443): Max retries exceeded with url: /rest/get_my_active_challenges (Caused by NewConnectionError('<urllib3.connection.HTTPSConnection object at 0x11868a5d0>: Failed to establish a new connection: [Errno 61] Connection refused'))
[2025-06-13 16:21:28] Erreur lors du rafraîchissement API, utilisation du cache: HTTPSConnectionPool(host='api.gurushots.com', port=443): Max retries exceeded with url: /rest/get_my_active_challenges (Caused by NewConnectionError('<urllib3.connection.HTTPSConnection object at 0x11868aad0>: Failed to establish a new connection: [Errno 61] Connection refused'))
[2025-06-13 16:21:28] Erreur lors du rafraîchissement API, utilisation du cache: HTTPSConnectionPool(host='api.gurushots.com', port=443): Max retries exceeded with url: /rest/get_my_active_challenges (Caused by NewConnectionError('<urllib3.connection.HTTPSConnection object at 0x11868b390>: Failed to establish a new connection: [Errno 61] Connection refused'))
[2025-06-13 16:21:41] Erreur lors du rafraîchissement API, utilisation du cache: HTTPSConnectionPool(host='api.gurushots.com', port=443): Max retries exceeded with url: /rest/get_my_active_challenges (Caused by NewConnectionError('<urllib3.connection.HTTPSConnection object at 0x11868b610>: Failed to establish a new connection: [Errno 61] Connection refused'))
[2025-06-13 16:21:41] Erreur lors du rafraîchissement API, utilisation du cache: HTTPSConnectionPool(host='api.gurushots.com', port=443): Max retries exceeded with url: /rest/get_my_active_challenges (Caused by NewConnectionError('<urllib3.connection.HTTPSConnection object at 0x1290ce490>: Failed to establish a new connection: [Errno 61] Connection refused'))
[2025-06-13 16:21:43] Erreur lors du rafraîchissement API, utilisation du cache: HTTPSConnectionPool(host='api.gurushots.com', port=443): Max retries exceeded with url: /rest/get_my_active_challenges (Caused by NewConnectionError('<urllib3.connection.HTTPSConnection object at 0x1290cda90>: Failed to establish a new connection: [Errno 61] Connection refused'))
[2025-06-13 16:21:43] Erreur lors du rafraîchissement API, utilisation du cache: HTTPSConnectionPool(host='api.gurushots.com', port=443): Max retries exceeded with url: /rest/get_my_active_challenges (Caused by NewConnectionError('<urllib3.connection.HTTPSConnection object at 0x1290ce210>: Failed to establish a new connection: [Errno 61] Connection refused'))
[2025-06-13 16:21:56] Erreur lors du rafraîchissement API, utilisation du cache: HTTPSConnectionPool(host='api.gurushots.com', port=443): Max retries exceeded with url: /rest/get_my_active_challenges (Caused by NewConnectionError('<urllib3.connection.HTTPSConnection object at 0x1290ce350>: Failed to establish a new connection: [Errno 61] Connection refused'))
[2025-06-13 16:21:57] Erreur lors du rafraîchissement API, utilisation du cache: HTTPSConnectionPool(host='api.gurushots.com', port=443): Max retries exceeded with url: /rest/get_my_active_challenges (Caused by NewConnectionError('<urllib3.connection.HTTPSConnection object at 0x1290cc550>: Failed to establish a new connection: [Errno 61] Connection refused'))
[2025-06-13 16:21:58] Erreur lors du rafraîchissement API, utilisation du cache: HTTPSConnectionPool(host='api.gurushots.com', port=443): Max retries exceeded with url: /rest/get_my_active_challenges (Caused by NewConnectionError('<urllib3.connection.HTTPSConnection object at 0x1290cca50>: Failed to establish a new connection: [Errno 61] Connection refused'))
[2025-06-13 16:21:58] Erreur lors du rafraîchissement API, utilisation du cache: HTTPSConnectionPool(host='api.gurushots.com', port=443): Max retries exceeded with url: /rest/get_my_active_challenges (Caused by NewConnectionError('<urllib3.connection.HTTPSConnection object at 0x1290cccd0>: Failed to establish a new connection: [Errno 61] Connection refused'))
[2025-06-13 16:22:11] Erreur lors du rafraîchissement API, utilisation du cache: HTTPSConnectionPool(host='api.gurushots.com', port=443): Max retries exceeded with url: /rest/get_my_active_challenges (Caused by NewConnectionError('<urllib3.connection.HTTPSConnection object at 0x1290ccf50>: Failed to establish a new connection: [Errno 61] Connection refused'))
[2025-06-13 16:22:12] Erreur lors du rafraîchissement API, utilisation du cache: HTTPSConnectionPool(host='api.gurushots.com', port=443): Max retries exceeded with url: /rest/get_my_active_challenges (Caused by NewConnectionError('<urllib3.connection.HTTPSConnection object at 0x1290cd1d0>: Failed to establish a new connection: [Errno 61] Connection refused'))
[2025-06-13 16:22:13] Erreur lors du rafraîchissement API, utilisation du cache: HTTPSConnectionPool(host='api.gurushots.com', port=443): Max retries exceeded with url: /rest/get_my_active_challenges (Caused by NewConnectionError('<urllib3.connection.HTTPSConnection object at 0x1290cd810>: Failed to establish a new connection: [Errno 61] Connection refused'))
[2025-06-13 16:22:13] Erreur lors du rafraîchissement API, utilisation du cache: HTTPSConnectionPool(host='api.gurushots.com', port=443): Max retries exceeded with url: /rest/get_my_active_challenges (Caused by NewConnectionError('<urllib3.connection.HTTPSConnection object at 0x1290cc910>: Failed to establish a new connection: [Errno 61] Connection refused'))
[2025-06-13 16:22:26] Erreur lors du rafraîchissement API, utilisation du cache: HTTPSConnectionPool(host='api.gurushots.com', port=443): Max retries exceeded with url: /rest/get_my_active_challenges (Caused by NewConnectionError('<urllib3.connection.HTTPSConnection object at 0x1290cde50>: Failed to establish a new connection: [Errno 61] Connection refused'))
[2025-06-13 16:22:27] Erreur lors du rafraîchissement API, utilisation du cache: HTTPSConnectionPool(host='api.gurushots.com', port=443): Max retries exceeded with url: /rest/get_my_active_challenges (Caused by NewConnectionError('<urllib3.connection.HTTPSConnection object at 0x1290ced50>: Failed to establish a new connection: [Errno 61] Connection refused'))
[2025-06-13 16:22:28] Erreur lors du rafraîchissement API, utilisation du cache: HTTPSConnectionPool(host='api.gurushots.com', port=443): Max retries exceeded with url: /rest/get_my_active_challenges (Caused by NewConnectionError('<urllib3.connection.HTTPSConnection object at 0x118688410>: Failed to establish a new connection: [Errno 61] Connection refused'))
[2025-06-13 16:22:28] Erreur lors du rafraîchissement API, utilisation du cache: HTTPSConnectionPool(host='api.gurushots.com', port=443): Max retries exceeded with url: /rest/get_my_active_challenges (Caused by NewConnectionError('<urllib3.connection.HTTPSConnection object at 0x118689450>: Failed to establish a new connection: [Errno 61] Connection refused'))
[2025-06-13 16:22:41] Erreur lors du rafraîchissement API, utilisation du cache: HTTPSConnectionPool(host='api.gurushots.com', port=443): Max retries exceeded with url: /rest/get_my_active_challenges (Caused by NewConnectionError('<urllib3.connection.HTTPSConnection object at 0x118688550>: Failed to establish a new connection: [Errno 61] Connection refused'))
[2025-06-13 16:22:42] Erreur lors du rafraîchissement API, utilisation du cache: HTTPSConnectionPool(host='api.gurushots.com', port=443): Max retries exceeded with url: /rest/get_my_active_challenges (Caused by NewConnectionError('<urllib3.connection.HTTPSConnection object at 0x118689f90>: Failed to establish a new connection: [Errno 61] Connection refused'))
[2025-06-13 16:22:43] Erreur lors du rafraîchissement API, utilisation du cache: HTTPSConnectionPool(host='api.gurushots.com', port=443): Max retries exceeded with url: /rest/get_my_active_challenges (Caused by NewConnectionError('<urllib3.connection.HTTPSConnection object at 0x1290cee90>: Failed to establish a new connection: [Errno 61] Connection refused'))
[2025-06-13 16:22:43] Erreur lors du rafraîchissement API, utilisation du cache: HTTPSConnectionPool(host='api.gurushots.com', port=443): Max retries exceeded with url: /rest/get_my_active_challenges (Caused by NewConnectionError('<urllib3.connection.HTTPSConnection object at 0x1290ce990>: Failed to establish a new connection: [Errno 61] Connection refused'))
[2025-06-13 16:22:56] Erreur lors du rafraîchissement API, utilisation du cache: HTTPSConnectionPool(host='api.gurushots.com', port=443): Max retries exceeded with url: /rest/get_my_active_challenges (Caused by NewConnectionError('<urllib3.connection.HTTPSConnection object at 0x1290cc7d0>: Failed to establish a new connection: [Errno 61] Connection refused'))
[2025-06-13 16:22:57] Erreur lors du rafraîchissement API, utilisation du cache: HTTPSConnectionPool(host='api.gurushots.com', port=443): Max retries exceeded with url: /rest/get_my_active_challenges (Caused by NewConnectionError('<urllib3.connection.HTTPSConnection object at 0x1290cd950>: Failed to establish a new connection: [Errno 61] Connection refused'))
[2025-06-13 16:22:58] Erreur lors du rafraîchissement API, utilisation du cache: HTTPSConnectionPool(host='api.gurushots.com', port=443): Max retries exceeded with url: /rest/get_my_active_challenges (Caused by NewConnectionError('<urllib3.connection.HTTPSConnection object at 0x1290cd310>: Failed to establish a new connection: [Errno 61] Connection refused'))
[2025-06-13 16:22:58] Erreur lors du rafraîchissement API, utilisation du cache: HTTPSConnectionPool(host='api.gurushots.com', port=443): Max retries exceeded with url: /rest/get_my_active_challenges (Caused by NewConnectionError('<urllib3.connection.HTTPSConnection object at 0x1290cd090>: Failed to establish a new connection: [Errno 61] Connection refused'))
[2025-06-13 16:23:12] Erreur lors du rafraîchissement API, utilisation du cache: HTTPSConnectionPool(host='api.gurushots.com', port=443): Max retries exceeded with url: /rest/get_my_active_challenges (Caused by NewConnectionError('<urllib3.connection.HTTPSConnection object at 0x1290cce10>: Failed to establish a new connection: [Errno 61] Connection refused'))
[2025-06-13 16:23:12] Erreur lors du rafraîchissement API, utilisation du cache: HTTPSConnectionPool(host='api.gurushots.com', port=443): Max retries exceeded with url: /rest/get_my_active_challenges (Caused by NewConnectionError('<urllib3.connection.HTTPSConnection object at 0x1290ccb90>: Failed to establish a new connection: [Errno 61] Connection refused'))
[2025-06-13 16:23:13] Erreur lors du rafraîchissement API, utilisation du cache: HTTPSConnectionPool(host='api.gurushots.com', port=443): Max retries exceeded with url: /rest/get_my_active_challenges (Caused by NewConnectionError('<urllib3.connection.HTTPSConnection object at 0x1290cc690>: Failed to establish a new connection: [Errno 61] Connection refused'))
[2025-06-13 16:23:13] Erreur lors du rafraîchissement API, utilisation du cache: HTTPSConnectionPool(host='api.gurushots.com', port=443): Max retries exceeded with url: /rest/get_my_active_challenges (Caused by NewConnectionError('<urllib3.connection.HTTPSConnection object at 0x1290cc2d0>: Failed to establish a new connection: [Errno 61] Connection refused'))
[2025-06-13 16:23:27] Erreur lors du rafraîchissement API, utilisation du cache: HTTPSConnectionPool(host='api.gurushots.com', port=443): Max retries exceeded with url: /rest/get_my_active_challenges (Caused by NewConnectionError('<urllib3.connection.HTTPSConnection object at 0x1290ce0d0>: Failed to establish a new connection: [Errno 61] Connection refused'))
[2025-06-13 16:23:27] Erreur lors du rafraîchissement API, utilisation du cache: HTTPSConnectionPool(host='api.gurushots.com', port=443): Max retries exceeded with url: /rest/get_my_active_challenges (Caused by NewConnectionError('<urllib3.connection.HTTPSConnection object at 0x1290cdf90>: Failed to establish a new connection: [Errno 61] Connection refused'))
[2025-06-13 16:23:28] Erreur lors du rafraîchissement API, utilisation du cache: HTTPSConnectionPool(host='api.gurushots.com', port=443): Max retries exceeded with url: /rest/get_my_active_challenges (Caused by NewConnectionError('<urllib3.connection.HTTPSConnection object at 0x1290ce5d0>: Failed to establish a new connection: [Errno 61] Connection refused'))
[2025-06-13 16:23:28] Erreur lors du rafraîchissement API, utilisation du cache: HTTPSConnectionPool(host='api.gurushots.com', port=443): Max retries exceeded with url: /rest/get_my_active_challenges (Caused by NewConnectionError('<urllib3.connection.HTTPSConnection object at 0x11868a5d0>: Failed to establish a new connection: [Errno 61] Connection refused'))
[2025-06-13 16:23:42] Erreur lors du rafraîchissement API, utilisation du cache: HTTPSConnectionPool(host='api.gurushots.com', port=443): Max retries exceeded with url: /rest/get_my_active_challenges (Caused by NewConnectionError('<urllib3.connection.HTTPSConnection object at 0x11868aad0>: Failed to establish a new connection: [Errno 61] Connection refused'))
[2025-06-13 16:23:42] Erreur lors du rafraîchissement API, utilisation du cache: HTTPSConnectionPool(host='api.gurushots.com', port=443): Max retries exceeded with url: /rest/get_my_active_challenges (Caused by NewConnectionError('<urllib3.connection.HTTPSConnection object at 0x11868b390>: Failed to establish a new connection: [Errno 61] Connection refused'))
[2025-06-13 16:23:43] Erreur lors du rafraîchissement API, utilisation du cache: HTTPSConnectionPool(host='api.gurushots.com', port=443): Max retries exceeded with url: /rest/get_my_active_challenges (Caused by NewConnectionError('<urllib3.connection.HTTPSConnection object at 0x11868b610>: Failed to establish a new connection: [Errno 61] Connection refused'))
[2025-06-13 16:23:43] Erreur lors du rafraîchissement API, utilisation du cache: HTTPSConnectionPool(host='api.gurushots.com', port=443): Max retries exceeded with url: /rest/get_my_active_challenges (Caused by NewConnectionError('<urllib3.connection.HTTPSConnection object at 0x1290ce490>: Failed to establish a new connection: [Errno 61] Connection refused'))
[2025-06-13 16:23:57] Erreur lors du rafraîchissement API, utilisation du cache: HTTPSConnectionPool(host='api.gurushots.com', port=443): Max retries exceeded with url: /rest/get_my_active_challenges (Caused by NewConnectionError('<urllib3.connection.HTTPSConnection object at 0x1290cda90>: Failed to establish a new connection: [Errno 61] Connection refused'))
[2025-06-13 16:23:57] Erreur lors du rafraîchissement API, utilisation du cache: HTTPSConnectionPool(host='api.gurushots.com', port=443): Max retries exceeded with url: /rest/get_my_active_challenges (Caused by NewConnectionError('<urllib3.connection.HTTPSConnection object at 0x1290ce210>: Failed to establish a new connection: [Errno 61] Connection refused'))
[2025-06-13 16:23:58] Erreur lors du rafraîchissement API, utilisation du cache: HTTPSConnectionPool(host='api.gurushots.com', port=443): Max retries exceeded with url: /rest/get_my_active_challenges (Caused by NewConnectionError('<urllib3.connection.HTTPSConnection object at 0x1290ce350>: Failed to establish a new connection: [Errno 61] Connection refused'))
[2025-06-13 16:23:58] Erreur lors du rafraîchissement API, utilisation du cache: HTTPSConnectionPool(host='api.gurushots.com', port=443): Max retries exceeded with url: /rest/get_my_active_challenges (Caused by NewConnectionError('<urllib3.connection.HTTPSConnection object at 0x1290cc550>: Failed to establish a new connection: [Errno 61] Connection refused'))
[2025-06-13 16:24:12] Erreur lors du rafraîchissement API, utilisation du cache: HTTPSConnectionPool(host='api.gurushots.com', port=443): Max retries exceeded with url: /rest/get_my_active_challenges (Caused by NewConnectionError('<urllib3.connection.HTTPSConnection object at 0x1290cca50>: Failed to establish a new connection: [Errno 61] Connection refused'))
[2025-06-13 16:24:12] Erreur lors du rafraîchissement API, utilisation du cache: HTTPSConnectionPool(host='api.gurushots.com', port=443): Max retries exceeded with url: /rest/get_my_active_challenges (Caused by NewConnectionError('<urllib3.connection.HTTPSConnection object at 0x1290cccd0>: Failed to establish a new connection: [Errno 61] Connection refused'))
[2025-06-13 16:24:13] Erreur lors du rafraîchissement API, utilisation du cache: HTTPSConnectionPool(host='api.gurushots.com', port=443): Max retries exceeded with url: /rest/get_my_active_challenges (Caused by NewConnectionError('<urllib3.connection.HTTPSConnection object at 0x1290ccf50>: Failed to establish a new connection: [Errno 61] Connection refused'))
[2025-06-13 16:24:14] Erreur lors du rafraîchissement API, utilisation du cache: HTTPSConnectionPool(host='api.gurushots.com', port=443): Max retries exceeded with url: /rest/get_my_active_challenges (Caused by NewConnectionError('<urllib3.connection.HTTPSConnection object at 0x1290cd1d0>: Failed to establish a new connection: [Errno 61] Connection refused'))
[2025-06-13 16:24:27] Erreur lors du rafraîchissement API, utilisation du cache: HTTPSConnectionPool(host='api.gurushots.com', port=443): Max retries exceeded with url: /rest/get_my_active_challenges (Caused by NewConnectionError('<urllib3.connection.HTTPSConnection object at 0x1290cd810>: Failed to establish a new connection: [Errno 61] Connection refused'))
[2025-06-13 16:24:27] Erreur lors du rafraîchissement API, utilisation du cache: HTTPSConnectionPool(host='api.gurushots.com', port=443): Max retries exceeded with url: /rest/get_my_active_challenges (Caused by NewConnectionError('<urllib3.connection.HTTPSConnection object at 0x1290cc910>: Failed to establish a new connection: [Errno 61] Connection refused'))
[2025-06-13 16:24:28] Erreur lors du rafraîchissement API, utilisation du cache: HTTPSConnectionPool(host='api.gurushots.com', port=443): Max retries exceeded with url: /rest/get_my_active_challenges (Caused by NewConnectionError('<urllib3.connection.HTTPSConnection object at 0x1290cde50>: Failed to establish a new connection: [Errno 61] Connection refused'))
[2025-06-13 16:24:29] Erreur lors du rafraîchissement API, utilisation du cache: HTTPSConnectionPool(host='api.gurushots.com', port=443): Max retries exceeded with url: /rest/get_my_active_challenges (Caused by NewConnectionError('<urllib3.connection.HTTPSConnection object at 0x1290ced50>: Failed to establish a new connection: [Errno 61] Connection refused'))
[2025-06-13 16:24:42] Erreur lors du rafraîchissement API, utilisation du cache: HTTPSConnectionPool(host='api.gurushots.com', port=443): Max retries exceeded with url: /rest/get_my_active_challenges (Caused by NewConnectionError('<urllib3.connection.HTTPSConnection object at 0x118688410>: Failed to establish a new connection: [Errno 61] Connection refused'))
[2025-06-13 16:24:42] Erreur lors du rafraîchissement API, utilisation du cache: HTTPSConnectionPool(host='api.gurushots.com', port=443): Max retries exceeded with url: /rest/get_my_active_challenges (Caused by NewConnectionError('<urllib3.connection.HTTPSConnection object at 0x118689450>: Failed to establish a new connection: [Errno 61] Connection refused'))
[2025-06-13 16:24:44] Erreur lors du rafraîchissement API, utilisation du cache: HTTPSConnectionPool(host='api.gurushots.com', port=443): Max retries exceeded with url: /rest/get_my_active_challenges (Caused by NewConnectionError('<urllib3.connection.HTTPSConnection object at 0x118688550>: Failed to establish a new connection: [Errno 61] Connection refused'))
[2025-06-13 16:24:44] Erreur lors du rafraîchissement API, utilisation du cache: HTTPSConnectionPool(host='api.gurushots.com', port=443): Max retries exceeded with url: /rest/get_my_active_challenges (Caused by NewConnectionError('<urllib3.connection.HTTPSConnection object at 0x118689f90>: Failed to establish a new connection: [Errno 61] Connection refused'))
[2025-06-13 16:24:57] Erreur lors du rafraîchissement API, utilisation du cache: HTTPSConnectionPool(host='api.gurushots.com', port=443): Max retries exceeded with url: /rest/get_my_active_challenges (Caused by NewConnectionError('<urllib3.connection.HTTPSConnection object at 0x1290cee90>: Failed to establish a new connection: [Errno 61] Connection refused'))
[2025-06-13 16:24:57] Erreur lors du rafraîchissement API, utilisation du cache: HTTPSConnectionPool(host='api.gurushots.com', port=443): Max retries exceeded with url: /rest/get_my_active_challenges (Caused by NewConnectionError('<urllib3.connection.HTTPSConnection object at 0x1290ce990>: Failed to establish a new connection: [Errno 61] Connection refused'))
[2025-06-13 16:24:59] Erreur lors du rafraîchissement API, utilisation du cache: HTTPSConnectionPool(host='api.gurushots.com', port=443): Max retries exceeded with url: /rest/get_my_active_challenges (Caused by NewConnectionError('<urllib3.connection.HTTPSConnection object at 0x1290cc910>: Failed to establish a new connection: [Errno 61] Connection refused'))
[2025-06-13 16:24:59] Erreur lors du rafraîchissement API, utilisation du cache: HTTPSConnectionPool(host='api.gurushots.com', port=443): Max retries exceeded with url: /rest/get_my_active_challenges (Caused by NewConnectionError('<urllib3.connection.HTTPSConnection object at 0x1290cc7d0>: Failed to establish a new connection: [Errno 61] Connection refused'))
[2025-06-13 16:25:12] Erreur lors du rafraîchissement API, utilisation du cache: HTTPSConnectionPool(host='api.gurushots.com', port=443): Max retries exceeded with url: /rest/get_my_active_challenges (Caused by NewConnectionError('<urllib3.connection.HTTPSConnection object at 0x1290cd310>: Failed to establish a new connection: [Errno 61] Connection refused'))
[2025-06-13 16:25:12] Erreur lors du rafraîchissement API, utilisation du cache: HTTPSConnectionPool(host='api.gurushots.com', port=443): Max retries exceeded with url: /rest/get_my_active_challenges (Caused by NewConnectionError('<urllib3.connection.HTTPSConnection object at 0x1290cd090>: Failed to establish a new connection: [Errno 61] Connection refused'))
[2025-06-13 16:25:14] Erreur lors du rafraîchissement API, utilisation du cache: HTTPSConnectionPool(host='api.gurushots.com', port=443): Max retries exceeded with url: /rest/get_my_active_challenges (Caused by NewConnectionError('<urllib3.connection.HTTPSConnection object at 0x1290cce10>: Failed to establish a new connection: [Errno 61] Connection refused'))
[2025-06-13 16:25:14] Erreur lors du rafraîchissement API, utilisation du cache: HTTPSConnectionPool(host='api.gurushots.com', port=443): Max retries exceeded with url: /rest/get_my_active_challenges (Caused by NewConnectionError('<urllib3.connection.HTTPSConnection object at 0x1290cccd0>: Failed to establish a new connection: [Errno 61] Connection refused'))
[2025-06-13 16:25:27] Erreur lors du rafraîchissement API, utilisation du cache: HTTPSConnectionPool(host='api.gurushots.com', port=443): Max retries exceeded with url: /rest/get_my_active_challenges (Caused by NewConnectionError('<urllib3.connection.HTTPSConnection object at 0x1290cc690>: Failed to establish a new connection: [Errno 61] Connection refused'))
[2025-06-13 16:25:27] Erreur lors du rafraîchissement API, utilisation du cache: HTTPSConnectionPool(host='api.gurushots.com', port=443): Max retries exceeded with url: /rest/get_my_active_challenges (Caused by NewConnectionError('<urllib3.connection.HTTPSConnection object at 0x1290cc2d0>: Failed to establish a new connection: [Errno 61] Connection refused'))
[2025-06-13 16:25:29] Erreur lors du rafraîchissement API, utilisation du cache: HTTPSConnectionPool(host='api.gurushots.com', port=443): Max retries exceeded with url: /rest/get_my_active_challenges (Caused by NewConnectionError('<urllib3.connection.HTTPSConnection object at 0x1290ce210>: Failed to establish a new connection: [Errno 61] Connection refused'))
[2025-06-13 16:25:29] Erreur lors du rafraîchissement API, utilisation du cache: HTTPSConnectionPool(host='api.gurushots.com', port=443): Max retries exceeded with url: /rest/get_my_active_challenges (Caused by NewConnectionError('<urllib3.connection.HTTPSConnection object at 0x1290ce0d0>: Failed to establish a new connection: [Errno 61] Connection refused'))
[2025-06-13 16:25:42] Erreur lors du rafraîchissement API, utilisation du cache: HTTPSConnectionPool(host='api.gurushots.com', port=443): Max retries exceeded with url: /rest/get_my_active_challenges (Caused by NewConnectionError('<urllib3.connection.HTTPSConnection object at 0x1290ce5d0>: Failed to establish a new connection: [Errno 61] Connection refused'))
[2025-06-13 16:25:42] Erreur lors du rafraîchissement API, utilisation du cache: HTTPSConnectionPool(host='api.gurushots.com', port=443): Max retries exceeded with url: /rest/get_my_active_challenges (Caused by NewConnectionError('<urllib3.connection.HTTPSConnection object at 0x11868a5d0>: Failed to establish a new connection: [Errno 61] Connection refused'))
[2025-06-13 16:25:44] Erreur lors du rafraîchissement API, utilisation du cache: HTTPSConnectionPool(host='api.gurushots.com', port=443): Max retries exceeded with url: /rest/get_my_active_challenges (Caused by NewConnectionError('<urllib3.connection.HTTPSConnection object at 0x11868aad0>: Failed to establish a new connection: [Errno 61] Connection refused'))
[2025-06-13 16:25:44] Erreur lors du rafraîchissement API, utilisation du cache: HTTPSConnectionPool(host='api.gurushots.com', port=443): Max retries exceeded with url: /rest/get_my_active_challenges (Caused by NewConnectionError('<urllib3.connection.HTTPSConnection object at 0x118688550>: Failed to establish a new connection: [Errno 61] Connection refused'))
[2025-06-13 16:25:57] Erreur lors du rafraîchissement API, utilisation du cache: HTTPSConnectionPool(host='api.gurushots.com', port=443): Max retries exceeded with url: /rest/get_my_active_challenges (Caused by NewConnectionError('<urllib3.connection.HTTPSConnection object at 0x11868b610>: Failed to establish a new connection: [Errno 61] Connection refused'))
[2025-06-13 16:25:57] Erreur lors du rafraîchissement API, utilisation du cache: HTTPSConnectionPool(host='api.gurushots.com', port=443): Max retries exceeded with url: /rest/get_my_active_challenges (Caused by NewConnectionError('<urllib3.connection.HTTPSConnection object at 0x1290cda90>: Failed to establish a new connection: [Errno 61] Connection refused'))
[2025-06-13 16:25:59] Erreur lors du rafraîchissement API, utilisation du cache: HTTPSConnectionPool(host='api.gurushots.com', port=443): Max retries exceeded with url: /rest/get_my_active_challenges (Caused by NewConnectionError('<urllib3.connection.HTTPSConnection object at 0x1290cdf90>: Failed to establish a new connection: [Errno 61] Connection refused'))
[2025-06-13 16:25:59] Erreur lors du rafraîchissement API, utilisation du cache: HTTPSConnectionPool(host='api.gurushots.com', port=443): Max retries exceeded with url: /rest/get_my_active_challenges (Caused by NewConnectionError('<urllib3.connection.HTTPSConnection object at 0x1290ce210>: Failed to establish a new connection: [Errno 61] Connection refused'))
[2025-06-13 16:26:12] Erreur lors du rafraîchissement API, utilisation du cache: HTTPSConnectionPool(host='api.gurushots.com', port=443): Max retries exceeded with url: /rest/get_my_active_challenges (Caused by NewConnectionError('<urllib3.connection.HTTPSConnection object at 0x1290cc550>: Failed to establish a new connection: [Errno 61] Connection refused'))
[2025-06-13 16:26:12] Erreur lors du rafraîchissement API, utilisation du cache: HTTPSConnectionPool(host='api.gurushots.com', port=443): Max retries exceeded with url: /rest/get_my_active_challenges (Caused by NewConnectionError('<urllib3.connection.HTTPSConnection object at 0x1290cca50>: Failed to establish a new connection: [Errno 61] Connection refused'))
[2025-06-13 16:26:14] Erreur lors du rafraîchissement API, utilisation du cache: HTTPSConnectionPool(host='api.gurushots.com', port=443): Max retries exceeded with url: /rest/get_my_active_challenges (Caused by NewConnectionError('<urllib3.connection.HTTPSConnection object at 0x1290ccb90>: Failed to establish a new connection: [Errno 61] Connection refused'))
[2025-06-13 16:26:14] Erreur lors du rafraîchissement API, utilisation du cache: HTTPSConnectionPool(host='api.gurushots.com', port=443): Max retries exceeded with url: /rest/get_my_active_challenges (Caused by NewConnectionError('<urllib3.connection.HTTPSConnection object at 0x1290cccd0>: Failed to establish a new connection: [Errno 61] Connection refused'))
[2025-06-13 16:26:27] Erreur lors du rafraîchissement API, utilisation du cache: HTTPSConnectionPool(host='api.gurushots.com', port=443): Max retries exceeded with url: /rest/get_my_active_challenges (Caused by NewConnectionError('<urllib3.connection.HTTPSConnection object at 0x1290cd1d0>: Failed to establish a new connection: [Errno 61] Connection refused'))
[2025-06-13 16:26:27] Erreur lors du rafraîchissement API, utilisation du cache: HTTPSConnectionPool(host='api.gurushots.com', port=443): Max retries exceeded with url: /rest/get_my_active_challenges (Caused by NewConnectionError('<urllib3.connection.HTTPSConnection object at 0x1290cd810>: Failed to establish a new connection: [Errno 61] Connection refused'))
[2025-06-13 16:26:29] Erreur lors du rafraîchissement API, utilisation du cache: HTTPSConnectionPool(host='api.gurushots.com', port=443): Max retries exceeded with url: /rest/get_my_active_challenges (Caused by NewConnectionError('<urllib3.connection.HTTPSConnection object at 0x1290cd950>: Failed to establish a new connection: [Errno 61] Connection refused'))
[2025-06-13 16:26:29] Erreur lors du rafraîchissement API, utilisation du cache: HTTPSConnectionPool(host='api.gurushots.com', port=443): Max retries exceeded with url: /rest/get_my_active_challenges (Caused by NewConnectionError('<urllib3.connection.HTTPSConnection object at 0x1290cc910>: Failed to establish a new connection: [Errno 61] Connection refused'))
[2025-06-13 16:26:42] Erreur lors du rafraîchissement API, utilisation du cache: HTTPSConnectionPool(host='api.gurushots.com', port=443): Max retries exceeded with url: /rest/get_my_active_challenges (Caused by NewConnectionError('<urllib3.connection.HTTPSConnection object at 0x1290ced50>: Failed to establish a new connection: [Errno 61] Connection refused'))
[2025-06-13 16:26:42] Erreur lors du rafraîchissement API, utilisation du cache: HTTPSConnectionPool(host='api.gurushots.com', port=443): Max retries exceeded with url: /rest/get_my_active_challenges (Caused by NewConnectionError('<urllib3.connection.HTTPSConnection object at 0x118688410>: Failed to establish a new connection: [Errno 61] Connection refused'))
[2025-06-13 16:26:44] Erreur lors du rafraîchissement API, utilisation du cache: HTTPSConnectionPool(host='api.gurushots.com', port=443): Max retries exceeded with url: /rest/get_my_active_challenges (Caused by NewConnectionError('<urllib3.connection.HTTPSConnection object at 0x118688550>: Failed to establish a new connection: [Errno 61] Connection refused'))
[2025-06-13 16:26:44] Erreur lors du rafraîchissement API, utilisation du cache: HTTPSConnectionPool(host='api.gurushots.com', port=443): Max retries exceeded with url: /rest/get_my_active_challenges (Caused by NewConnectionError('<urllib3.connection.HTTPSConnection object at 0x118689450>: Failed to establish a new connection: [Errno 61] Connection refused'))
[2025-06-13 16:26:57] Erreur lors du rafraîchissement API, utilisation du cache: HTTPSConnectionPool(host='api.gurushots.com', port=443): Max retries exceeded with url: /rest/get_my_active_challenges (Caused by NewConnectionError('<urllib3.connection.HTTPSConnection object at 0x118689f90>: Failed to establish a new connection: [Errno 61] Connection refused'))
[2025-06-13 16:26:57] Erreur lors du rafraîchissement API, utilisation du cache: HTTPSConnectionPool(host='api.gurushots.com', port=443): Max retries exceeded with url: /rest/get_my_active_challenges (Caused by NewConnectionError('<urllib3.connection.HTTPSConnection object at 0x1290cee90>: Failed to establish a new connection: [Errno 61] Connection refused'))
[2025-06-13 16:26:59] Erreur lors du rafraîchissement API, utilisation du cache: HTTPSConnectionPool(host='api.gurushots.com', port=443): Max retries exceeded with url: /rest/get_my_active_challenges (Caused by NewConnectionError('<urllib3.connection.HTTPSConnection object at 0x1290cc910>: Failed to establish a new connection: [Errno 61] Connection refused'))
[2025-06-13 16:26:59] Erreur lors du rafraîchissement API, utilisation du cache: HTTPSConnectionPool(host='api.gurushots.com', port=443): Max retries exceeded with url: /rest/get_my_active_challenges (Caused by NewConnectionError('<urllib3.connection.HTTPSConnection object at 0x1290ce990>: Failed to establish a new connection: [Errno 61] Connection refused'))
[2025-06-13 16:27:12] Erreur lors du rafraîchissement API, utilisation du cache: HTTPSConnectionPool(host='api.gurushots.com', port=443): Max retries exceeded with url: /rest/get_my_active_challenges (Caused by NewConnectionError('<urllib3.connection.HTTPSConnection object at 0x1290cc7d0>: Failed to establish a new connection: [Errno 61] Connection refused'))
[2025-06-13 16:27:12] Erreur lors du rafraîchissement API, utilisation du cache: HTTPSConnectionPool(host='api.gurushots.com', port=443): Max retries exceeded with url: /rest/get_my_active_challenges (Caused by NewConnectionError('<urllib3.connection.HTTPSConnection object at 0x1290cd310>: Failed to establish a new connection: [Errno 61] Connection refused'))
[2025-06-13 16:27:14] Erreur lors du rafraîchissement API, utilisation du cache: HTTPSConnectionPool(host='api.gurushots.com', port=443): Max retries exceeded with url: /rest/get_my_active_challenges (Caused by NewConnectionError('<urllib3.connection.HTTPSConnection object at 0x1290cd090>: Failed to establish a new connection: [Errno 61] Connection refused'))
[2025-06-13 16:27:14] Erreur lors du rafraîchissement API, utilisation du cache: HTTPSConnectionPool(host='api.gurushots.com', port=443): Max retries exceeded with url: /rest/get_my_active_challenges (Caused by NewConnectionError('<urllib3.connection.HTTPSConnection object at 0x1290cccd0>: Failed to establish a new connection: [Errno 61] Connection refused'))
[2025-06-13 16:27:27] Erreur lors du rafraîchissement API, utilisation du cache: HTTPSConnectionPool(host='api.gurushots.com', port=443): Max retries exceeded with url: /rest/get_my_active_challenges (Caused by NewConnectionError('<urllib3.connection.HTTPSConnection object at 0x1290cce10>: Failed to establish a new connection: [Errno 61] Connection refused'))
[2025-06-13 16:27:27] Erreur lors du rafraîchissement API, utilisation du cache: HTTPSConnectionPool(host='api.gurushots.com', port=443): Max retries exceeded with url: /rest/get_my_active_challenges (Caused by NewConnectionError('<urllib3.connection.HTTPSConnection object at 0x1290cc690>: Failed to establish a new connection: [Errno 61] Connection refused'))
[2025-06-13 16:27:29] Erreur lors du rafraîchissement API, utilisation du cache: HTTPSConnectionPool(host='api.gurushots.com', port=443): Max retries exceeded with url: /rest/get_my_active_challenges (Caused by NewConnectionError('<urllib3.connection.HTTPSConnection object at 0x1290ce210>: Failed to establish a new connection: [Errno 61] Connection refused'))
[2025-06-13 16:27:42] Erreur lors du rafraîchissement API, utilisation du cache: HTTPSConnectionPool(host='api.gurushots.com', port=443): Max retries exceeded with url: /rest/get_my_active_challenges (Caused by NewConnectionError('<urllib3.connection.HTTPSConnection object at 0x11868ae90>: Failed to establish a new connection: [Errno 61] Connection refused'))
[2025-06-13 16:27:42] Erreur lors du rafraîchissement API, utilisation du cache: HTTPSConnectionPool(host='api.gurushots.com', port=443): Max retries exceeded with url: /rest/get_my_active_challenges (Caused by NewConnectionError('<urllib3.connection.HTTPSConnection object at 0x11868ad50>: Failed to establish a new connection: [Errno 61] Connection refused'))
[2025-06-13 16:27:44] Erreur lors du rafraîchissement API, utilisation du cache: HTTPSConnectionPool(host='api.gurushots.com', port=443): Max retries exceeded with url: /rest/get_my_active_challenges (Caused by NewConnectionError('<urllib3.connection.HTTPSConnection object at 0x11868b9d0>: Failed to establish a new connection: [Errno 61] Connection refused'))
[2025-06-13 16:27:45] Erreur lors du rafraîchissement API, utilisation du cache: HTTPSConnectionPool(host='api.gurushots.com', port=443): Max retries exceeded with url: /rest/get_my_active_challenges (Caused by NewConnectionError('<urllib3.connection.HTTPSConnection object at 0x118689f90>: Failed to establish a new connection: [Errno 61] Connection refused'))
[2025-06-13 16:27:57] Erreur lors du rafraîchissement API, utilisation du cache: HTTPSConnectionPool(host='api.gurushots.com', port=443): Max retries exceeded with url: /rest/get_my_active_challenges (Caused by NewConnectionError('<urllib3.connection.HTTPSConnection object at 0x118689450>: Failed to establish a new connection: [Errno 61] Connection refused'))
[2025-06-13 16:27:57] Erreur lors du rafraîchissement API, utilisation du cache: HTTPSConnectionPool(host='api.gurushots.com', port=443): Max retries exceeded with url: /rest/get_my_active_challenges (Caused by NewConnectionError('<urllib3.connection.HTTPSConnection object at 0x118688550>: Failed to establish a new connection: [Errno 61] Connection refused'))
[2025-06-13 16:27:59] Erreur lors du rafraîchissement API, utilisation du cache: HTTPSConnectionPool(host='api.gurushots.com', port=443): Max retries exceeded with url: /rest/get_my_active_challenges (Caused by NewConnectionError('<urllib3.connection.HTTPSConnection object at 0x118688410>: Failed to establish a new connection: [Errno 61] Connection refused'))
[2025-06-13 16:28:00] Erreur lors du rafraîchissement API, utilisation du cache: HTTPSConnectionPool(host='api.gurushots.com', port=443): Max retries exceeded with url: /rest/get_my_active_challenges (Caused by NewConnectionError('<urllib3.connection.HTTPSConnection object at 0x1290ce210>: Failed to establish a new connection: [Errno 61] Connection refused'))
[2025-06-13 16:28:12] Erreur lors du rafraîchissement API, utilisation du cache: HTTPSConnectionPool(host='api.gurushots.com', port=443): Max retries exceeded with url: /rest/get_my_active_challenges (Caused by NewConnectionError('<urllib3.connection.HTTPSConnection object at 0x1290cc690>: Failed to establish a new connection: [Errno 61] Connection refused'))
[2025-06-13 16:28:12] Erreur lors du rafraîchissement API, utilisation du cache: HTTPSConnectionPool(host='api.gurushots.com', port=443): Max retries exceeded with url: /rest/get_my_active_challenges (Caused by NewConnectionError('<urllib3.connection.HTTPSConnection object at 0x1290cce10>: Failed to establish a new connection: [Errno 61] Connection refused'))
[2025-06-13 16:28:14] Erreur lors du rafraîchissement API, utilisation du cache: HTTPSConnectionPool(host='api.gurushots.com', port=443): Max retries exceeded with url: /rest/get_my_active_challenges (Caused by NewConnectionError('<urllib3.connection.HTTPSConnection object at 0x1290cccd0>: Failed to establish a new connection: [Errno 61] Connection refused'))
[2025-06-13 16:28:15] Erreur lors du rafraîchissement API, utilisation du cache: HTTPSConnectionPool(host='api.gurushots.com', port=443): Max retries exceeded with url: /rest/get_my_active_challenges (Caused by NewConnectionError('<urllib3.connection.HTTPSConnection object at 0x1290cd090>: Failed to establish a new connection: [Errno 61] Connection refused'))
[2025-06-13 16:28:27] Erreur lors du rafraîchissement API, utilisation du cache: HTTPSConnectionPool(host='api.gurushots.com', port=443): Max retries exceeded with url: /rest/get_my_active_challenges (Caused by NewConnectionError('<urllib3.connection.HTTPSConnection object at 0x1290cd310>: Failed to establish a new connection: [Errno 61] Connection refused'))
[2025-06-13 16:28:27] Erreur lors du rafraîchissement API, utilisation du cache: HTTPSConnectionPool(host='api.gurushots.com', port=443): Max retries exceeded with url: /rest/get_my_active_challenges (Caused by NewConnectionError('<urllib3.connection.HTTPSConnection object at 0x1290cc7d0>: Failed to establish a new connection: [Errno 61] Connection refused'))
[2025-06-13 16:28:29] Erreur lors du rafraîchissement API, utilisation du cache: HTTPSConnectionPool(host='api.gurushots.com', port=443): Max retries exceeded with url: /rest/get_my_active_challenges (Caused by NewConnectionError('<urllib3.connection.HTTPSConnection object at 0x1290cc910>: Failed to establish a new connection: [Errno 61] Connection refused'))
[2025-06-13 16:28:30] Erreur lors du rafraîchissement API, utilisation du cache: HTTPSConnectionPool(host='api.gurushots.com', port=443): Max retries exceeded with url: /rest/get_my_active_challenges (Caused by NewConnectionError('<urllib3.connection.HTTPSConnection object at 0x1290ce990>: Failed to establish a new connection: [Errno 61] Connection refused'))
[2025-06-13 16:28:42] Erreur lors du rafraîchissement API, utilisation du cache: HTTPSConnectionPool(host='api.gurushots.com', port=443): Max retries exceeded with url: /rest/get_my_active_challenges (Caused by NewConnectionError('<urllib3.connection.HTTPSConnection object at 0x118688410>: Failed to establish a new connection: [Errno 61] Connection refused'))
[2025-06-13 16:28:43] Erreur lors du rafraîchissement API, utilisation du cache: HTTPSConnectionPool(host='api.gurushots.com', port=443): Max retries exceeded with url: /rest/get_my_active_challenges (Caused by NewConnectionError('<urllib3.connection.HTTPSConnection object at 0x118688550>: Failed to establish a new connection: [Errno 61] Connection refused'))
[2025-06-13 16:28:44] Erreur lors du rafraîchissement API, utilisation du cache: HTTPSConnectionPool(host='api.gurushots.com', port=443): Max retries exceeded with url: /rest/get_my_active_challenges (Caused by NewConnectionError('<urllib3.connection.HTTPSConnection object at 0x118689450>: Failed to establish a new connection: [Errno 61] Connection refused'))
[2025-06-13 16:28:45] Erreur lors du rafraîchissement API, utilisation du cache: HTTPSConnectionPool(host='api.gurushots.com', port=443): Max retries exceeded with url: /rest/get_my_active_challenges (Caused by NewConnectionError('<urllib3.connection.HTTPSConnection object at 0x118689f90>: Failed to establish a new connection: [Errno 61] Connection refused'))
[2025-06-13 16:28:57] Erreur lors du rafraîchissement API, utilisation du cache: HTTPSConnectionPool(host='api.gurushots.com', port=443): Max retries exceeded with url: /rest/get_my_active_challenges (Caused by NewConnectionError('<urllib3.connection.HTTPSConnection object at 0x11868b9d0>: Failed to establish a new connection: [Errno 61] Connection refused'))
[2025-06-13 16:28:58] Erreur lors du rafraîchissement API, utilisation du cache: HTTPSConnectionPool(host='api.gurushots.com', port=443): Max retries exceeded with url: /rest/get_my_active_challenges (Caused by NewConnectionError('<urllib3.connection.HTTPSConnection object at 0x11868ad50>: Failed to establish a new connection: [Errno 61] Connection refused'))
[2025-06-13 16:28:59] Erreur lors du rafraîchissement API, utilisation du cache: HTTPSConnectionPool(host='api.gurushots.com', port=443): Max retries exceeded with url: /rest/get_my_active_challenges (Caused by NewConnectionError('<urllib3.connection.HTTPSConnection object at 0x11868ae90>: Failed to establish a new connection: [Errno 61] Connection refused'))
[2025-06-13 16:29:00] Erreur lors du rafraîchissement API, utilisation du cache: HTTPSConnectionPool(host='api.gurushots.com', port=443): Max retries exceeded with url: /rest/get_my_active_challenges (Caused by NewConnectionError('<urllib3.connection.HTTPSConnection object at 0x1290ce990>: Failed to establish a new connection: [Errno 61] Connection refused'))
[2025-06-13 16:29:12] Erreur lors du rafraîchissement API, utilisation du cache: HTTPSConnectionPool(host='api.gurushots.com', port=443): Max retries exceeded with url: /rest/get_my_active_challenges (Caused by NewConnectionError('<urllib3.connection.HTTPSConnection object at 0x1290cc910>: Failed to establish a new connection: [Errno 61] Connection refused'))
[2025-06-13 16:29:13] Erreur lors du rafraîchissement API, utilisation du cache: HTTPSConnectionPool(host='api.gurushots.com', port=443): Max retries exceeded with url: /rest/get_my_active_challenges (Caused by NewConnectionError('<urllib3.connection.HTTPSConnection object at 0x1290cc7d0>: Failed to establish a new connection: [Errno 61] Connection refused'))
[2025-06-13 16:29:14] Erreur lors du rafraîchissement API, utilisation du cache: HTTPSConnectionPool(host='api.gurushots.com', port=443): Max retries exceeded with url: /rest/get_my_active_challenges (Caused by NewConnectionError('<urllib3.connection.HTTPSConnection object at 0x1290cd310>: Failed to establish a new connection: [Errno 61] Connection refused'))
[2025-06-13 16:29:15] Erreur lors du rafraîchissement API, utilisation du cache: HTTPSConnectionPool(host='api.gurushots.com', port=443): Max retries exceeded with url: /rest/get_my_active_challenges (Caused by NewConnectionError('<urllib3.connection.HTTPSConnection object at 0x1290cd090>: Failed to establish a new connection: [Errno 61] Connection refused'))
[2025-06-13 16:29:27] Erreur lors du rafraîchissement API, utilisation du cache: HTTPSConnectionPool(host='api.gurushots.com', port=443): Max retries exceeded with url: /rest/get_my_active_challenges (Caused by NewConnectionError('<urllib3.connection.HTTPSConnection object at 0x1290cccd0>: Failed to establish a new connection: [Errno 61] Connection refused'))
[2025-06-13 16:29:28] Erreur lors du rafraîchissement API, utilisation du cache: HTTPSConnectionPool(host='api.gurushots.com', port=443): Max retries exceeded with url: /rest/get_my_active_challenges (Caused by NewConnectionError('<urllib3.connection.HTTPSConnection object at 0x1290cce10>: Failed to establish a new connection: [Errno 61] Connection refused'))
[2025-06-13 16:29:29] Erreur lors du rafraîchissement API, utilisation du cache: HTTPSConnectionPool(host='api.gurushots.com', port=443): Max retries exceeded with url: /rest/get_my_active_challenges (Caused by NewConnectionError('<urllib3.connection.HTTPSConnection object at 0x1290cc690>: Failed to establish a new connection: [Errno 61] Connection refused'))
[2025-06-13 16:29:30] Erreur lors du rafraîchissement API, utilisation du cache: HTTPSConnectionPool(host='api.gurushots.com', port=443): Max retries exceeded with url: /rest/get_my_active_challenges (Caused by NewConnectionError('<urllib3.connection.HTTPSConnection object at 0x1290ce210>: Failed to establish a new connection: [Errno 61] Connection refused'))
[2025-06-13 16:29:43] Erreur lors du rafraîchissement API, utilisation du cache: HTTPSConnectionPool(host='api.gurushots.com', port=443): Max retries exceeded with url: /rest/get_my_active_challenges (Caused by NewConnectionError('<urllib3.connection.HTTPSConnection object at 0x1290cee90>: Failed to establish a new connection: [Errno 61] Connection refused'))
[2025-06-13 16:29:43] Erreur lors du rafraîchissement API, utilisation du cache: HTTPSConnectionPool(host='api.gurushots.com', port=443): Max retries exceeded with url: /rest/get_my_active_challenges (Caused by NewConnectionError('<urllib3.connection.HTTPSConnection object at 0x11868ae90>: Failed to establish a new connection: [Errno 61] Connection refused'))
[2025-06-13 16:29:44] Erreur lors du rafraîchissement API, utilisation du cache: HTTPSConnectionPool(host='api.gurushots.com', port=443): Max retries exceeded with url: /rest/get_my_active_challenges (Caused by NewConnectionError('<urllib3.connection.HTTPSConnection object at 0x11868ad50>: Failed to establish a new connection: [Errno 61] Connection refused'))
[2025-06-13 16:29:45] Erreur lors du rafraîchissement API, utilisation du cache: HTTPSConnectionPool(host='api.gurushots.com', port=443): Max retries exceeded with url: /rest/get_my_active_challenges (Caused by NewConnectionError('<urllib3.connection.HTTPSConnection object at 0x11868b9d0>: Failed to establish a new connection: [Errno 61] Connection refused'))
[2025-06-13 16:29:58] Erreur lors du rafraîchissement API, utilisation du cache: HTTPSConnectionPool(host='api.gurushots.com', port=443): Max retries exceeded with url: /rest/get_my_active_challenges (Caused by NewConnectionError('<urllib3.connection.HTTPSConnection object at 0x118689f90>: Failed to establish a new connection: [Errno 61] Connection refused'))
[2025-06-13 16:29:58] Erreur lors du rafraîchissement API, utilisation du cache: HTTPSConnectionPool(host='api.gurushots.com', port=443): Max retries exceeded with url: /rest/get_my_active_challenges (Caused by NewConnectionError('<urllib3.connection.HTTPSConnection object at 0x118689450>: Failed to establish a new connection: [Errno 61] Connection refused'))
[2025-06-13 16:29:59] Erreur lors du rafraîchissement API, utilisation du cache: HTTPSConnectionPool(host='api.gurushots.com', port=443): Max retries exceeded with url: /rest/get_my_active_challenges (Caused by NewConnectionError('<urllib3.connection.HTTPSConnection object at 0x118688550>: Failed to establish a new connection: [Errno 61] Connection refused'))
[2025-06-13 16:30:01] Erreur lors du rafraîchissement API, utilisation du cache: HTTPSConnectionPool(host='api.gurushots.com', port=443): Max retries exceeded with url: /rest/get_my_active_challenges (Caused by NewConnectionError('<urllib3.connection.HTTPSConnection object at 0x118688410>: Failed to establish a new connection: [Errno 61] Connection refused'))
[2025-06-13 16:30:13] Erreur lors du rafraîchissement API, utilisation du cache: HTTPSConnectionPool(host='api.gurushots.com', port=443): Max retries exceeded with url: /rest/get_my_active_challenges (Caused by NewConnectionError('<urllib3.connection.HTTPSConnection object at 0x1290cee90>: Failed to establish a new connection: [Errno 61] Connection refused'))
[2025-06-13 16:30:13] Erreur lors du rafraîchissement API, utilisation du cache: HTTPSConnectionPool(host='api.gurushots.com', port=443): Max retries exceeded with url: /rest/get_my_active_challenges (Caused by NewConnectionError('<urllib3.connection.HTTPSConnection object at 0x1290ce210>: Failed to establish a new connection: [Errno 61] Connection refused'))
[2025-06-13 16:30:14] Erreur lors du rafraîchissement API, utilisation du cache: HTTPSConnectionPool(host='api.gurushots.com', port=443): Max retries exceeded with url: /rest/get_my_active_challenges (Caused by NewConnectionError('<urllib3.connection.HTTPSConnection object at 0x1290cc690>: Failed to establish a new connection: [Errno 61] Connection refused'))
[2025-06-13 16:30:16] Erreur lors du rafraîchissement API, utilisation du cache: HTTPSConnectionPool(host='api.gurushots.com', port=443): Max retries exceeded with url: /rest/get_my_active_challenges (Caused by NewConnectionError('<urllib3.connection.HTTPSConnection object at 0x1290cce10>: Failed to establish a new connection: [Errno 61] Connection refused'))
[2025-06-13 16:30:28] Erreur lors du rafraîchissement API, utilisation du cache: HTTPSConnectionPool(host='api.gurushots.com', port=443): Max retries exceeded with url: /rest/get_my_active_challenges (Caused by NewConnectionError('<urllib3.connection.HTTPSConnection object at 0x1290cccd0>: Failed to establish a new connection: [Errno 61] Connection refused'))
[2025-06-13 16:30:28] Erreur lors du rafraîchissement API, utilisation du cache: HTTPSConnectionPool(host='api.gurushots.com', port=443): Max retries exceeded with url: /rest/get_my_active_challenges (Caused by NewConnectionError('<urllib3.connection.HTTPSConnection object at 0x1290cd090>: Failed to establish a new connection: [Errno 61] Connection refused'))
[2025-06-13 16:30:30] Erreur lors du rafraîchissement API, utilisation du cache: HTTPSConnectionPool(host='api.gurushots.com', port=443): Max retries exceeded with url: /rest/get_my_active_challenges (Caused by NewConnectionError('<urllib3.connection.HTTPSConnection object at 0x1290cd310>: Failed to establish a new connection: [Errno 61] Connection refused'))
[2025-06-13 16:30:31] Erreur lors du rafraîchissement API, utilisation du cache: HTTPSConnectionPool(host='api.gurushots.com', port=443): Max retries exceeded with url: /rest/get_my_active_challenges (Caused by NewConnectionError('<urllib3.connection.HTTPSConnection object at 0x1290cc7d0>: Failed to establish a new connection: [Errno 61] Connection refused'))
[2025-06-13 16:30:43] Erreur lors du rafraîchissement API, utilisation du cache: HTTPSConnectionPool(host='api.gurushots.com', port=443): Max retries exceeded with url: /rest/get_my_active_challenges (Caused by NewConnectionError('<urllib3.connection.HTTPSConnection object at 0x1290cc910>: Failed to establish a new connection: [Errno 61] Connection refused'))
[2025-06-13 16:30:43] Erreur lors du rafraîchissement API, utilisation du cache: HTTPSConnectionPool(host='api.gurushots.com', port=443): Max retries exceeded with url: /rest/get_my_active_challenges (Caused by NewConnectionError('<urllib3.connection.HTTPSConnection object at 0x1290ce990>: Failed to establish a new connection: [Errno 61] Connection refused'))
[2025-06-13 16:30:45] Erreur lors du rafraîchissement API, utilisation du cache: HTTPSConnectionPool(host='api.gurushots.com', port=443): Max retries exceeded with url: /rest/get_my_active_challenges (Caused by NewConnectionError('<urllib3.connection.HTTPSConnection object at 0x118688410>: Failed to establish a new connection: [Errno 61] Connection refused'))
[2025-06-13 16:30:46] Erreur lors du rafraîchissement API, utilisation du cache: HTTPSConnectionPool(host='api.gurushots.com', port=443): Max retries exceeded with url: /rest/get_my_active_challenges (Caused by NewConnectionError('<urllib3.connection.HTTPSConnection object at 0x118688550>: Failed to establish a new connection: [Errno 61] Connection refused'))
[2025-06-13 16:30:58] Erreur lors du rafraîchissement API, utilisation du cache: HTTPSConnectionPool(host='api.gurushots.com', port=443): Max retries exceeded with url: /rest/get_my_active_challenges (Caused by NewConnectionError('<urllib3.connection.HTTPSConnection object at 0x118689450>: Failed to establish a new connection: [Errno 61] Connection refused'))
[2025-06-13 16:30:58] Erreur lors du rafraîchissement API, utilisation du cache: HTTPSConnectionPool(host='api.gurushots.com', port=443): Max retries exceeded with url: /rest/get_my_active_challenges (Caused by NewConnectionError('<urllib3.connection.HTTPSConnection object at 0x118689f90>: Failed to establish a new connection: [Errno 61] Connection refused'))
[2025-06-13 16:31:00] Erreur lors du rafraîchissement API, utilisation du cache: HTTPSConnectionPool(host='api.gurushots.com', port=443): Max retries exceeded with url: /rest/get_my_active_challenges (Caused by NewConnectionError('<urllib3.connection.HTTPSConnection object at 0x11868b9d0>: Failed to establish a new connection: [Errno 61] Connection refused'))
[2025-06-13 16:31:01] Erreur lors du rafraîchissement API, utilisation du cache: HTTPSConnectionPool(host='api.gurushots.com', port=443): Max retries exceeded with url: /rest/get_my_active_challenges (Caused by NewConnectionError('<urllib3.connection.HTTPSConnection object at 0x11868ad50>: Failed to establish a new connection: [Errno 61] Connection refused'))
[2025-06-13 16:31:13] Erreur lors du rafraîchissement API, utilisation du cache: HTTPSConnectionPool(host='api.gurushots.com', port=443): Max retries exceeded with url: /rest/get_my_active_challenges (Caused by NewConnectionError('<urllib3.connection.HTTPSConnection object at 0x11868ae90>: Failed to establish a new connection: [Errno 61] Connection refused'))
[2025-06-13 16:31:13] Erreur lors du rafraîchissement API, utilisation du cache: HTTPSConnectionPool(host='api.gurushots.com', port=443): Max retries exceeded with url: /rest/get_my_active_challenges (Caused by NewConnectionError('<urllib3.connection.HTTPSConnection object at 0x1290ce990>: Failed to establish a new connection: [Errno 61] Connection refused'))
[2025-06-13 16:31:15] Erreur lors du rafraîchissement API, utilisation du cache: HTTPSConnectionPool(host='api.gurushots.com', port=443): Max retries exceeded with url: /rest/get_my_active_challenges (Caused by NewConnectionError('<urllib3.connection.HTTPSConnection object at 0x1290cc910>: Failed to establish a new connection: [Errno 61] Connection refused'))
[2025-06-13 16:31:16] Erreur lors du rafraîchissement API, utilisation du cache: HTTPSConnectionPool(host='api.gurushots.com', port=443): Max retries exceeded with url: /rest/get_my_active_challenges (Caused by NewConnectionError('<urllib3.connection.HTTPSConnection object at 0x1290cc7d0>: Failed to establish a new connection: [Errno 61] Connection refused'))
[2025-06-13 16:31:28] Erreur lors du rafraîchissement API, utilisation du cache: HTTPSConnectionPool(host='api.gurushots.com', port=443): Max retries exceeded with url: /rest/get_my_active_challenges (Caused by NewConnectionError('<urllib3.connection.HTTPSConnection object at 0x1290cd310>: Failed to establish a new connection: [Errno 61] Connection refused'))
[2025-06-13 16:31:28] Erreur lors du rafraîchissement API, utilisation du cache: HTTPSConnectionPool(host='api.gurushots.com', port=443): Max retries exceeded with url: /rest/get_my_active_challenges (Caused by NewConnectionError('<urllib3.connection.HTTPSConnection object at 0x1290cd090>: Failed to establish a new connection: [Errno 61] Connection refused'))
[2025-06-13 16:31:30] Erreur lors du rafraîchissement API, utilisation du cache: HTTPSConnectionPool(host='api.gurushots.com', port=443): Max retries exceeded with url: /rest/get_my_active_challenges (Caused by NewConnectionError('<urllib3.connection.HTTPSConnection object at 0x1290cccd0>: Failed to establish a new connection: [Errno 61] Connection refused'))
[2025-06-13 16:31:31] Erreur lors du rafraîchissement API, utilisation du cache: HTTPSConnectionPool(host='api.gurushots.com', port=443): Max retries exceeded with url: /rest/get_my_active_challenges (Caused by NewConnectionError('<urllib3.connection.HTTPSConnection object at 0x1290cce10>: Failed to establish a new connection: [Errno 61] Connection refused'))
[2025-06-13 16:31:43] Erreur lors du rafraîchissement API, utilisation du cache: HTTPSConnectionPool(host='api.gurushots.com', port=443): Max retries exceeded with url: /rest/get_my_active_challenges (Caused by NewConnectionError('<urllib3.connection.HTTPSConnection object at 0x1290cc690>: Failed to establish a new connection: [Errno 61] Connection refused'))
[2025-06-13 16:31:43] Erreur lors du rafraîchissement API, utilisation du cache: HTTPSConnectionPool(host='api.gurushots.com', port=443): Max retries exceeded with url: /rest/get_my_active_challenges (Caused by NewConnectionError('<urllib3.connection.HTTPSConnection object at 0x1290ce210>: Failed to establish a new connection: [Errno 61] Connection refused'))
[2025-06-13 16:31:45] Erreur lors du rafraîchissement API, utilisation du cache: HTTPSConnectionPool(host='api.gurushots.com', port=443): Max retries exceeded with url: /rest/get_my_active_challenges (Caused by NewConnectionError('<urllib3.connection.HTTPSConnection object at 0x1290cee90>: Failed to establish a new connection: [Errno 61] Connection refused'))
[2025-06-13 16:31:46] Erreur lors du rafraîchissement API, utilisation du cache: HTTPSConnectionPool(host='api.gurushots.com', port=443): Max retries exceeded with url: /rest/get_my_active_challenges (Caused by NewConnectionError('<urllib3.connection.HTTPSConnection object at 0x11868ae90>: Failed to establish a new connection: [Errno 61] Connection refused'))
[2025-06-13 16:31:58] Erreur lors du rafraîchissement API, utilisation du cache: HTTPSConnectionPool(host='api.gurushots.com', port=443): Max retries exceeded with url: /rest/get_my_active_challenges (Caused by NewConnectionError('<urllib3.connection.HTTPSConnection object at 0x11868ad50>: Failed to establish a new connection: [Errno 61] Connection refused'))
[2025-06-13 16:31:58] Erreur lors du rafraîchissement API, utilisation du cache: HTTPSConnectionPool(host='api.gurushots.com', port=443): Max retries exceeded with url: /rest/get_my_active_challenges (Caused by NewConnectionError('<urllib3.connection.HTTPSConnection object at 0x11868b9d0>: Failed to establish a new connection: [Errno 61] Connection refused'))
[2025-06-13 16:32:00] Erreur lors du rafraîchissement API, utilisation du cache: HTTPSConnectionPool(host='api.gurushots.com', port=443): Max retries exceeded with url: /rest/get_my_active_challenges (Caused by NewConnectionError('<urllib3.connection.HTTPSConnection object at 0x118689f90>: Failed to establish a new connection: [Errno 61] Connection refused'))
[2025-06-13 16:32:01] Erreur lors du rafraîchissement API, utilisation du cache: HTTPSConnectionPool(host='api.gurushots.com', port=443): Max retries exceeded with url: /rest/get_my_active_challenges (Caused by NewConnectionError('<urllib3.connection.HTTPSConnection object at 0x118689450>: Failed to establish a new connection: [Errno 61] Connection refused'))
[2025-06-13 16:32:13] Erreur lors du rafraîchissement API, utilisation du cache: HTTPSConnectionPool(host='api.gurushots.com', port=443): Max retries exceeded with url: /rest/get_my_active_challenges (Caused by NewConnectionError('<urllib3.connection.HTTPSConnection object at 0x118688550>: Failed to establish a new connection: [Errno 61] Connection refused'))
[2025-06-13 16:32:13] Erreur lors du rafraîchissement API, utilisation du cache: HTTPSConnectionPool(host='api.gurushots.com', port=443): Max retries exceeded with url: /rest/get_my_active_challenges (Caused by NewConnectionError('<urllib3.connection.HTTPSConnection object at 0x118688410>: Failed to establish a new connection: [Errno 61] Connection refused'))
[2025-06-13 16:32:15] Erreur lors du rafraîchissement API, utilisation du cache: HTTPSConnectionPool(host='api.gurushots.com', port=443): Max retries exceeded with url: /rest/get_my_active_challenges (Caused by NewConnectionError('<urllib3.connection.HTTPSConnection object at 0x1290cda90>: Failed to establish a new connection: [Errno 61] Connection refused'))
[2025-06-13 16:32:16] Erreur lors du rafraîchissement API, utilisation du cache: HTTPSConnectionPool(host='api.gurushots.com', port=443): Max retries exceeded with url: /rest/get_my_active_challenges (Caused by NewConnectionError('<urllib3.connection.HTTPSConnection object at 0x1290ce350>: Failed to establish a new connection: [Errno 61] Connection refused'))
[2025-06-13 16:32:28] Erreur lors du rafraîchissement API, utilisation du cache: HTTPSConnectionPool(host='api.gurushots.com', port=443): Max retries exceeded with url: /rest/get_my_active_challenges (Caused by NewConnectionError('<urllib3.connection.HTTPSConnection object at 0x1290cc550>: Failed to establish a new connection: [Errno 61] Connection refused'))
[2025-06-13 16:32:28] Erreur lors du rafraîchissement API, utilisation du cache: HTTPSConnectionPool(host='api.gurushots.com', port=443): Max retries exceeded with url: /rest/get_my_active_challenges (Caused by NewConnectionError('<urllib3.connection.HTTPSConnection object at 0x1290cca50>: Failed to establish a new connection: [Errno 61] Connection refused'))
[2025-06-13 16:32:30] Erreur lors du rafraîchissement API, utilisation du cache: HTTPSConnectionPool(host='api.gurushots.com', port=443): Max retries exceeded with url: /rest/get_my_active_challenges (Caused by NewConnectionError('<urllib3.connection.HTTPSConnection object at 0x1290ccb90>: Failed to establish a new connection: [Errno 61] Connection refused'))
[2025-06-13 16:32:31] Erreur lors du rafraîchissement API, utilisation du cache: HTTPSConnectionPool(host='api.gurushots.com', port=443): Max retries exceeded with url: /rest/get_my_active_challenges (Caused by NewConnectionError('<urllib3.connection.HTTPSConnection object at 0x1290ccf50>: Failed to establish a new connection: [Errno 61] Connection refused'))
[2025-06-13 16:32:43] Erreur lors du rafraîchissement API, utilisation du cache: HTTPSConnectionPool(host='api.gurushots.com', port=443): Max retries exceeded with url: /rest/get_my_active_challenges (Caused by NewConnectionError('<urllib3.connection.HTTPSConnection object at 0x118688410>: Failed to establish a new connection: [Errno 61] Connection refused'))
[2025-06-13 16:32:43] Erreur lors du rafraîchissement API, utilisation du cache: HTTPSConnectionPool(host='api.gurushots.com', port=443): Max retries exceeded with url: /rest/get_my_active_challenges (Caused by NewConnectionError('<urllib3.connection.HTTPSConnection object at 0x118688550>: Failed to establish a new connection: [Errno 61] Connection refused'))
[2025-06-13 16:32:45] Erreur lors du rafraîchissement API, utilisation du cache: HTTPSConnectionPool(host='api.gurushots.com', port=443): Max retries exceeded with url: /rest/get_my_active_challenges (Caused by NewConnectionError('<urllib3.connection.HTTPSConnection object at 0x118689450>: Failed to establish a new connection: [Errno 61] Connection refused'))
[2025-06-13 16:32:46] Erreur lors du rafraîchissement API, utilisation du cache: HTTPSConnectionPool(host='api.gurushots.com', port=443): Max retries exceeded with url: /rest/get_my_active_challenges (Caused by NewConnectionError('<urllib3.connection.HTTPSConnection object at 0x118689f90>: Failed to establish a new connection: [Errno 61] Connection refused'))
[2025-06-13 16:32:58] Erreur lors du rafraîchissement API, utilisation du cache: HTTPSConnectionPool(host='api.gurushots.com', port=443): Max retries exceeded with url: /rest/get_my_active_challenges (Caused by NewConnectionError('<urllib3.connection.HTTPSConnection object at 0x11868b9d0>: Failed to establish a new connection: [Errno 61] Connection refused'))
[2025-06-13 16:32:58] Erreur lors du rafraîchissement API, utilisation du cache: HTTPSConnectionPool(host='api.gurushots.com', port=443): Max retries exceeded with url: /rest/get_my_active_challenges (Caused by NewConnectionError('<urllib3.connection.HTTPSConnection object at 0x11868ad50>: Failed to establish a new connection: [Errno 61] Connection refused'))
[2025-06-13 16:33:01] Erreur lors du rafraîchissement API, utilisation du cache: HTTPSConnectionPool(host='api.gurushots.com', port=443): Max retries exceeded with url: /rest/get_my_active_challenges (Caused by NewConnectionError('<urllib3.connection.HTTPSConnection object at 0x11868b750>: Failed to establish a new connection: [Errno 61] Connection refused'))
[2025-06-13 16:33:13] Erreur lors du rafraîchissement API, utilisation du cache: HTTPSConnectionPool(host='api.gurushots.com', port=443): Max retries exceeded with url: /rest/get_my_active_challenges (Caused by NewConnectionError('<urllib3.connection.HTTPSConnection object at 0x118689d10>: Failed to establish a new connection: [Errno 61] Connection refused'))
[2025-06-13 16:33:13] Erreur lors du rafraîchissement API, utilisation du cache: HTTPSConnectionPool(host='api.gurushots.com', port=443): Max retries exceeded with url: /rest/get_my_active_challenges (Caused by NewConnectionError('<urllib3.connection.HTTPSConnection object at 0x11868b4d0>: Failed to establish a new connection: [Errno 61] Connection refused'))
[2025-06-13 16:33:16] Erreur lors du rafraîchissement API, utilisation du cache: HTTPSConnectionPool(host='api.gurushots.com', port=443): Max retries exceeded with url: /rest/get_my_active_challenges (Caused by NewConnectionError('<urllib3.connection.HTTPSConnection object at 0x1290cc550>: Failed to establish a new connection: [Errno 61] Connection refused'))
[2025-06-13 16:33:16] Erreur lors du rafraîchissement API, utilisation du cache: HTTPSConnectionPool(host='api.gurushots.com', port=443): Max retries exceeded with url: /rest/get_my_active_challenges (Caused by NewConnectionError('<urllib3.connection.HTTPSConnection object at 0x1290ce210>: Failed to establish a new connection: [Errno 61] Connection refused'))
[2025-06-13 16:33:28] Erreur lors du rafraîchissement API, utilisation du cache: HTTPSConnectionPool(host='api.gurushots.com', port=443): Max retries exceeded with url: /rest/get_my_active_challenges (Caused by NewConnectionError('<urllib3.connection.HTTPSConnection object at 0x1290cda90>: Failed to establish a new connection: [Errno 61] Connection refused'))
[2025-06-13 16:33:28] Erreur lors du rafraîchissement API, utilisation du cache: HTTPSConnectionPool(host='api.gurushots.com', port=443): Max retries exceeded with url: /rest/get_my_active_challenges (Caused by NewConnectionError('<urllib3.connection.HTTPSConnection object at 0x1290cd1d0>: Failed to establish a new connection: [Errno 61] Connection refused'))
[2025-06-13 16:33:31] Erreur lors du rafraîchissement API, utilisation du cache: HTTPSConnectionPool(host='api.gurushots.com', port=443): Max retries exceeded with url: /rest/get_my_active_challenges (Caused by NewConnectionError('<urllib3.connection.HTTPSConnection object at 0x1290cd810>: Failed to establish a new connection: [Errno 61] Connection refused'))
[2025-06-13 16:33:31] Erreur lors du rafraîchissement API, utilisation du cache: HTTPSConnectionPool(host='api.gurushots.com', port=443): Max retries exceeded with url: /rest/get_my_active_challenges (Caused by NewConnectionError('<urllib3.connection.HTTPSConnection object at 0x1290cd950>: Failed to establish a new connection: [Errno 61] Connection refused'))
[2025-06-13 16:33:43] Erreur lors du rafraîchissement API, utilisation du cache: HTTPSConnectionPool(host='api.gurushots.com', port=443): Max retries exceeded with url: /rest/get_my_active_challenges (Caused by NewConnectionError('<urllib3.connection.HTTPSConnection object at 0x11868b4d0>: Failed to establish a new connection: [Errno 61] Connection refused'))
[2025-06-13 16:33:43] Erreur lors du rafraîchissement API, utilisation du cache: HTTPSConnectionPool(host='api.gurushots.com', port=443): Max retries exceeded with url: /rest/get_my_active_challenges (Caused by NewConnectionError('<urllib3.connection.HTTPSConnection object at 0x118689d10>: Failed to establish a new connection: [Errno 61] Connection refused'))
[2025-06-13 16:33:46] Erreur lors du rafraîchissement API, utilisation du cache: HTTPSConnectionPool(host='api.gurushots.com', port=443): Max retries exceeded with url: /rest/get_my_active_challenges (Caused by NewConnectionError('<urllib3.connection.HTTPSConnection object at 0x11868b750>: Failed to establish a new connection: [Errno 61] Connection refused'))
[2025-06-13 16:33:46] Erreur lors du rafraîchissement API, utilisation du cache: HTTPSConnectionPool(host='api.gurushots.com', port=443): Max retries exceeded with url: /rest/get_my_active_challenges (Caused by NewConnectionError('<urllib3.connection.HTTPSConnection object at 0x11868ad50>: Failed to establish a new connection: [Errno 61] Connection refused'))
[2025-06-13 16:33:58] Erreur lors du rafraîchissement API, utilisation du cache: HTTPSConnectionPool(host='api.gurushots.com', port=443): Max retries exceeded with url: /rest/get_my_active_challenges (Caused by NewConnectionError('<urllib3.connection.HTTPSConnection object at 0x11868b9d0>: Failed to establish a new connection: [Errno 61] Connection refused'))
[2025-06-13 16:33:58] Erreur lors du rafraîchissement API, utilisation du cache: HTTPSConnectionPool(host='api.gurushots.com', port=443): Max retries exceeded with url: /rest/get_my_active_challenges (Caused by NewConnectionError('<urllib3.connection.HTTPSConnection object at 0x118689f90>: Failed to establish a new connection: [Errno 61] Connection refused'))
[2025-06-13 16:34:01] Erreur lors du rafraîchissement API, utilisation du cache: HTTPSConnectionPool(host='api.gurushots.com', port=443): Max retries exceeded with url: /rest/get_my_active_challenges (Caused by NewConnectionError('<urllib3.connection.HTTPSConnection object at 0x118689450>: Failed to establish a new connection: [Errno 61] Connection refused'))
[2025-06-13 16:34:01] Erreur lors du rafraîchissement API, utilisation du cache: HTTPSConnectionPool(host='api.gurushots.com', port=443): Max retries exceeded with url: /rest/get_my_active_challenges (Caused by NewConnectionError('<urllib3.connection.HTTPSConnection object at 0x118688550>: Failed to establish a new connection: [Errno 61] Connection refused'))
[2025-06-13 16:34:13] Erreur lors du rafraîchissement API, utilisation du cache: HTTPSConnectionPool(host='api.gurushots.com', port=443): Max retries exceeded with url: /rest/get_my_active_challenges (Caused by NewConnectionError('<urllib3.connection.HTTPSConnection object at 0x118688410>: Failed to establish a new connection: [Errno 61] Connection refused'))
[2025-06-13 16:34:13] Erreur lors du rafraîchissement API, utilisation du cache: HTTPSConnectionPool(host='api.gurushots.com', port=443): Max retries exceeded with url: /rest/get_my_active_challenges (Caused by NewConnectionError('<urllib3.connection.HTTPSConnection object at 0x1290cd950>: Failed to establish a new connection: [Errno 61] Connection refused'))
[2025-06-13 16:34:16] Erreur lors du rafraîchissement API, utilisation du cache: HTTPSConnectionPool(host='api.gurushots.com', port=443): Max retries exceeded with url: /rest/get_my_active_challenges (Caused by NewConnectionError('<urllib3.connection.HTTPSConnection object at 0x1290cd810>: Failed to establish a new connection: [Errno 61] Connection refused'))
[2025-06-13 16:34:16] Erreur lors du rafraîchissement API, utilisation du cache: HTTPSConnectionPool(host='api.gurushots.com', port=443): Max retries exceeded with url: /rest/get_my_active_challenges (Caused by NewConnectionError('<urllib3.connection.HTTPSConnection object at 0x1290cd1d0>: Failed to establish a new connection: [Errno 61] Connection refused'))
[2025-06-13 16:34:28] Erreur lors du rafraîchissement API, utilisation du cache: HTTPSConnectionPool(host='api.gurushots.com', port=443): Max retries exceeded with url: /rest/get_my_active_challenges (Caused by NewConnectionError('<urllib3.connection.HTTPSConnection object at 0x1290cda90>: Failed to establish a new connection: [Errno 61] Connection refused'))
[2025-06-13 16:34:28] Erreur lors du rafraîchissement API, utilisation du cache: HTTPSConnectionPool(host='api.gurushots.com', port=443): Max retries exceeded with url: /rest/get_my_active_challenges (Caused by NewConnectionError('<urllib3.connection.HTTPSConnection object at 0x1290ce210>: Failed to establish a new connection: [Errno 61] Connection refused'))
[2025-06-13 16:34:31] Erreur lors du rafraîchissement API, utilisation du cache: HTTPSConnectionPool(host='api.gurushots.com', port=443): Max retries exceeded with url: /rest/get_my_active_challenges (Caused by NewConnectionError('<urllib3.connection.HTTPSConnection object at 0x1290cc550>: Failed to establish a new connection: [Errno 61] Connection refused'))
[2025-06-13 16:34:31] Erreur lors du rafraîchissement API, utilisation du cache: HTTPSConnectionPool(host='api.gurushots.com', port=443): Max retries exceeded with url: /rest/get_my_active_challenges (Caused by NewConnectionError('<urllib3.connection.HTTPSConnection object at 0x1290cde50>: Failed to establish a new connection: [Errno 61] Connection refused'))
[2025-06-13 16:34:43] Erreur lors du rafraîchissement API, utilisation du cache: HTTPSConnectionPool(host='api.gurushots.com', port=443): Max retries exceeded with url: /rest/get_my_active_challenges (Caused by NewConnectionError('<urllib3.connection.HTTPSConnection object at 0x1290ced50>: Failed to establish a new connection: [Errno 61] Connection refused'))
[2025-06-13 16:34:43] Erreur lors du rafraîchissement API, utilisation du cache: HTTPSConnectionPool(host='api.gurushots.com', port=443): Max retries exceeded with url: /rest/get_my_active_challenges (Caused by NewConnectionError('<urllib3.connection.HTTPSConnection object at 0x11868b610>: Failed to establish a new connection: [Errno 61] Connection refused'))
[2025-06-13 16:34:58] Erreur lors du rafraîchissement API, utilisation du cache: HTTPSConnectionPool(host='api.gurushots.com', port=443): Max retries exceeded with url: /rest/get_my_active_challenges (Caused by NewConnectionError('<urllib3.connection.HTTPSConnection object at 0x11868afd0>: Failed to establish a new connection: [Errno 61] Connection refused'))
[2025-06-13 16:35:02] Erreur lors du rafraîchissement API, utilisation du cache: HTTPSConnectionPool(host='api.gurushots.com', port=443): Max retries exceeded with url: /rest/get_my_active_challenges (Caused by NewConnectionError('<urllib3.connection.HTTPSConnection object at 0x11868b110>: Failed to establish a new connection: [Errno 61] Connection refused'))
[2025-06-13 16:35:02] Erreur lors du rafraîchissement API, utilisation du cache: HTTPSConnectionPool(host='api.gurushots.com', port=443): Max retries exceeded with url: /rest/get_my_active_challenges (Caused by NewConnectionError('<urllib3.connection.HTTPSConnection object at 0x1290cd450>: Failed to establish a new connection: [Errno 61] Connection refused'))
[2025-06-13 16:35:14] Erreur lors du rafraîchissement API, utilisation du cache: HTTPSConnectionPool(host='api.gurushots.com', port=443): Max retries exceeded with url: /rest/get_my_active_challenges (Caused by NewConnectionError('<urllib3.connection.HTTPSConnection object at 0x1290ce0d0>: Failed to establish a new connection: [Errno 61] Connection refused'))
[2025-06-13 16:35:15] Erreur lors du rafraîchissement API, utilisation du cache: HTTPSConnectionPool(host='api.gurushots.com', port=443): Max retries exceeded with url: /rest/get_my_active_challenges (Caused by NewConnectionError('<urllib3.connection.HTTPSConnection object at 0x1290cca50>: Failed to establish a new connection: [Errno 61] Connection refused'))
[2025-06-13 16:35:17] Erreur lors du rafraîchissement API, utilisation du cache: HTTPSConnectionPool(host='api.gurushots.com', port=443): Max retries exceeded with url: /rest/get_my_active_challenges (Caused by NewConnectionError('<urllib3.connection.HTTPSConnection object at 0x1290cccd0>: Failed to establish a new connection: [Errno 61] Connection refused'))
[2025-06-13 16:35:18] Erreur lors du rafraîchissement API, utilisation du cache: HTTPSConnectionPool(host='api.gurushots.com', port=443): Max retries exceeded with url: /rest/get_my_active_challenges (Caused by NewConnectionError('<urllib3.connection.HTTPSConnection object at 0x1290ce990>: Failed to establish a new connection: [Errno 61] Connection refused'))
[2025-06-13 16:35:29] Erreur lors du rafraîchissement API, utilisation du cache: HTTPSConnectionPool(host='api.gurushots.com', port=443): Max retries exceeded with url: /rest/get_my_active_challenges (Caused by NewConnectionError('<urllib3.connection.HTTPSConnection object at 0x1290cc690>: Failed to establish a new connection: [Errno 61] Connection refused'))
[2025-06-13 16:35:30] Erreur lors du rafraîchissement API, utilisation du cache: HTTPSConnectionPool(host='api.gurushots.com', port=443): Max retries exceeded with url: /rest/get_my_active_challenges (Caused by NewConnectionError('<urllib3.connection.HTTPSConnection object at 0x1290ce350>: Failed to establish a new connection: [Errno 61] Connection refused'))
[2025-06-13 16:35:32] Erreur lors du rafraîchissement API, utilisation du cache: HTTPSConnectionPool(host='api.gurushots.com', port=443): Max retries exceeded with url: /rest/get_my_active_challenges (Caused by NewConnectionError('<urllib3.connection.HTTPSConnection object at 0x1290cee90>: Failed to establish a new connection: [Errno 61] Connection refused'))
[2025-06-13 16:35:33] Erreur lors du rafraîchissement API, utilisation du cache: HTTPSConnectionPool(host='api.gurushots.com', port=443): Max retries exceeded with url: /rest/get_my_active_challenges (Caused by NewConnectionError('<urllib3.connection.HTTPSConnection object at 0x1290cd090>: Failed to establish a new connection: [Errno 61] Connection refused'))
[2025-06-13 16:35:44] Erreur lors du rafraîchissement API, utilisation du cache: HTTPSConnectionPool(host='api.gurushots.com', port=443): Max retries exceeded with url: /rest/get_my_active_challenges (Caused by NewConnectionError('<urllib3.connection.HTTPSConnection object at 0x1290cd310>: Failed to establish a new connection: [Errno 61] Connection refused'))
[2025-06-13 16:35:45] Erreur lors du rafraîchissement API, utilisation du cache: HTTPSConnectionPool(host='api.gurushots.com', port=443): Max retries exceeded with url: /rest/get_my_active_challenges (Caused by NewConnectionError('<urllib3.connection.HTTPSConnection object at 0x1290cc7d0>: Failed to establish a new connection: [Errno 61] Connection refused'))
[2025-06-13 16:35:48] Erreur lors du rafraîchissement API, utilisation du cache: HTTPSConnectionPool(host='api.gurushots.com', port=443): Max retries exceeded with url: /rest/get_my_active_challenges (Caused by NewConnectionError('<urllib3.connection.HTTPSConnection object at 0x1290cc910>: Failed to establish a new connection: [Errno 61] Connection refused'))
[2025-06-13 16:35:48] Erreur lors du rafraîchissement API, utilisation du cache: HTTPSConnectionPool(host='api.gurushots.com', port=443): Max retries exceeded with url: /rest/get_my_active_challenges (Caused by NewConnectionError('<urllib3.connection.HTTPSConnection object at 0x11868b110>: Failed to establish a new connection: [Errno 61] Connection refused'))
[2025-06-13 16:35:59] Erreur lors du rafraîchissement API, utilisation du cache: HTTPSConnectionPool(host='api.gurushots.com', port=443): Max retries exceeded with url: /rest/get_my_active_challenges (Caused by NewConnectionError('<urllib3.connection.HTTPSConnection object at 0x11868afd0>: Failed to establish a new connection: [Errno 61] Connection refused'))
[2025-06-13 16:36:00] Erreur lors du rafraîchissement API, utilisation du cache: HTTPSConnectionPool(host='api.gurushots.com', port=443): Max retries exceeded with url: /rest/get_my_active_challenges (Caused by NewConnectionError('<urllib3.connection.HTTPSConnection object at 0x11868b610>: Failed to establish a new connection: [Errno 61] Connection refused'))
[2025-06-13 16:36:03] Erreur lors du rafraîchissement API, utilisation du cache: HTTPSConnectionPool(host='api.gurushots.com', port=443): Max retries exceeded with url: /rest/get_my_active_challenges (Caused by NewConnectionError('<urllib3.connection.HTTPSConnection object at 0x1290cc910>: Failed to establish a new connection: [Errno 61] Connection refused'))
[2025-06-13 16:36:03] Erreur lors du rafraîchissement API, utilisation du cache: HTTPSConnectionPool(host='api.gurushots.com', port=443): Max retries exceeded with url: /rest/get_my_active_challenges (Caused by NewConnectionError('<urllib3.connection.HTTPSConnection object at 0x1290cc7d0>: Failed to establish a new connection: [Errno 61] Connection refused'))
[2025-06-13 16:36:14] Erreur lors du rafraîchissement API, utilisation du cache: HTTPSConnectionPool(host='api.gurushots.com', port=443): Max retries exceeded with url: /rest/get_my_active_challenges (Caused by NewConnectionError('<urllib3.connection.HTTPSConnection object at 0x1290cd310>: Failed to establish a new connection: [Errno 61] Connection refused'))
[2025-06-13 16:36:15] Erreur lors du rafraîchissement API, utilisation du cache: HTTPSConnectionPool(host='api.gurushots.com', port=443): Max retries exceeded with url: /rest/get_my_active_challenges (Caused by NewConnectionError('<urllib3.connection.HTTPSConnection object at 0x1290cd090>: Failed to establish a new connection: [Errno 61] Connection refused'))
[2025-06-13 16:36:18] Erreur lors du rafraîchissement API, utilisation du cache: HTTPSConnectionPool(host='api.gurushots.com', port=443): Max retries exceeded with url: /rest/get_my_active_challenges (Caused by NewConnectionError('<urllib3.connection.HTTPSConnection object at 0x1290cee90>: Failed to establish a new connection: [Errno 61] Connection refused'))
[2025-06-13 16:36:18] Erreur lors du rafraîchissement API, utilisation du cache: HTTPSConnectionPool(host='api.gurushots.com', port=443): Max retries exceeded with url: /rest/get_my_active_challenges (Caused by NewConnectionError('<urllib3.connection.HTTPSConnection object at 0x1290ce350>: Failed to establish a new connection: [Errno 61] Connection refused'))
[2025-06-13 16:36:29] Erreur lors du rafraîchissement API, utilisation du cache: HTTPSConnectionPool(host='api.gurushots.com', port=443): Max retries exceeded with url: /rest/get_my_active_challenges (Caused by NewConnectionError('<urllib3.connection.HTTPSConnection object at 0x1290cc690>: Failed to establish a new connection: [Errno 61] Connection refused'))
[2025-06-13 16:36:30] Erreur lors du rafraîchissement API, utilisation du cache: HTTPSConnectionPool(host='api.gurushots.com', port=443): Max retries exceeded with url: /rest/get_my_active_challenges (Caused by NewConnectionError('<urllib3.connection.HTTPSConnection object at 0x1290ce990>: Failed to establish a new connection: [Errno 61] Connection refused'))
[2025-06-13 16:36:33] Erreur lors du rafraîchissement API, utilisation du cache: HTTPSConnectionPool(host='api.gurushots.com', port=443): Max retries exceeded with url: /rest/get_my_active_challenges (Caused by NewConnectionError('<urllib3.connection.HTTPSConnection object at 0x1290cccd0>: Failed to establish a new connection: [Errno 61] Connection refused'))
[2025-06-13 16:36:33] Erreur lors du rafraîchissement API, utilisation du cache: HTTPSConnectionPool(host='api.gurushots.com', port=443): Max retries exceeded with url: /rest/get_my_active_challenges (Caused by NewConnectionError('<urllib3.connection.HTTPSConnection object at 0x1290cca50>: Failed to establish a new connection: [Errno 61] Connection refused'))
[2025-06-13 16:36:44] Erreur lors du rafraîchissement API, utilisation du cache: HTTPSConnectionPool(host='api.gurushots.com', port=443): Max retries exceeded with url: /rest/get_my_active_challenges (Caused by NewConnectionError('<urllib3.connection.HTTPSConnection object at 0x1290ce0d0>: Failed to establish a new connection: [Errno 61] Connection refused'))
[2025-06-13 16:36:45] Erreur lors du rafraîchissement API, utilisation du cache: HTTPSConnectionPool(host='api.gurushots.com', port=443): Max retries exceeded with url: /rest/get_my_active_challenges (Caused by NewConnectionError('<urllib3.connection.HTTPSConnection object at 0x1290cd450>: Failed to establish a new connection: [Errno 61] Connection refused'))
[2025-06-13 16:36:48] Erreur lors du rafraîchissement API, utilisation du cache: HTTPSConnectionPool(host='api.gurushots.com', port=443): Max retries exceeded with url: /rest/get_my_active_challenges (Caused by NewConnectionError('<urllib3.connection.HTTPSConnection object at 0x1290cdd10>: Failed to establish a new connection: [Errno 61] Connection refused'))
[2025-06-13 16:36:48] Erreur lors du rafraîchissement API, utilisation du cache: HTTPSConnectionPool(host='api.gurushots.com', port=443): Max retries exceeded with url: /rest/get_my_active_challenges (Caused by NewConnectionError('<urllib3.connection.HTTPSConnection object at 0x1290cdbd0>: Failed to establish a new connection: [Errno 61] Connection refused'))
[2025-06-13 16:36:59] Erreur lors du rafraîchissement API, utilisation du cache: HTTPSConnectionPool(host='api.gurushots.com', port=443): Max retries exceeded with url: /rest/get_my_active_challenges (Caused by NewConnectionError('<urllib3.connection.HTTPSConnection object at 0x118688550>: Failed to establish a new connection: [Errno 61] Connection refused'))
[2025-06-13 16:37:00] Erreur lors du rafraîchissement API, utilisation du cache: HTTPSConnectionPool(host='api.gurushots.com', port=443): Max retries exceeded with url: /rest/get_my_active_challenges (Caused by NewConnectionError('<urllib3.connection.HTTPSConnection object at 0x11868b750>: Failed to establish a new connection: [Errno 61] Connection refused'))
[2025-06-13 16:37:03] Erreur lors du rafraîchissement API, utilisation du cache: HTTPSConnectionPool(host='api.gurushots.com', port=443): Max retries exceeded with url: /rest/get_my_active_challenges (Caused by NewConnectionError('<urllib3.connection.HTTPSConnection object at 0x1290cc050>: Failed to establish a new connection: [Errno 61] Connection refused'))
[2025-06-13 16:37:03] Erreur lors du rafraîchissement API, utilisation du cache: HTTPSConnectionPool(host='api.gurushots.com', port=443): Max retries exceeded with url: /rest/get_my_active_challenges (Caused by NewConnectionError('<urllib3.connection.HTTPSConnection object at 0x1290cd590>: Failed to establish a new connection: [Errno 61] Connection refused'))
[2025-06-13 16:37:14] Erreur lors du rafraîchissement API, utilisation du cache: HTTPSConnectionPool(host='api.gurushots.com', port=443): Max retries exceeded with url: /rest/get_my_active_challenges (Caused by NewConnectionError('<urllib3.connection.HTTPSConnection object at 0x1290cdf90>: Failed to establish a new connection: [Errno 61] Connection refused'))
[2025-06-13 16:37:15] Erreur lors du rafraîchissement API, utilisation du cache: HTTPSConnectionPool(host='api.gurushots.com', port=443): Max retries exceeded with url: /rest/get_my_active_challenges (Caused by NewConnectionError('<urllib3.connection.HTTPSConnection object at 0x1290cc2d0>: Failed to establish a new connection: [Errno 61] Connection refused'))
[2025-06-13 16:37:18] Erreur lors du rafraîchissement API, utilisation du cache: HTTPSConnectionPool(host='api.gurushots.com', port=443): Max retries exceeded with url: /rest/get_my_active_challenges (Caused by NewConnectionError('<urllib3.connection.HTTPSConnection object at 0x1290cce10>: Failed to establish a new connection: [Errno 61] Connection refused'))
[2025-06-13 16:37:18] Erreur lors du rafraîchissement API, utilisation du cache: HTTPSConnectionPool(host='api.gurushots.com', port=443): Max retries exceeded with url: /rest/get_my_active_challenges (Caused by NewConnectionError('<urllib3.connection.HTTPSConnection object at 0x1290ccb90>: Failed to establish a new connection: [Errno 61] Connection refused'))
[2025-06-13 16:37:29] Erreur lors du rafraîchissement API, utilisation du cache: HTTPSConnectionPool(host='api.gurushots.com', port=443): Max retries exceeded with url: /rest/get_my_active_challenges (Caused by NewConnectionError('<urllib3.connection.HTTPSConnection object at 0x1290cde50>: Failed to establish a new connection: [Errno 61] Connection refused'))
[2025-06-13 16:37:30] Erreur lors du rafraîchissement API, utilisation du cache: HTTPSConnectionPool(host='api.gurushots.com', port=443): Max retries exceeded with url: /rest/get_my_active_challenges (Caused by NewConnectionError('<urllib3.connection.HTTPSConnection object at 0x1290cc550>: Failed to establish a new connection: [Errno 61] Connection refused'))
[2025-06-13 16:37:33] Erreur lors du rafraîchissement API, utilisation du cache: HTTPSConnectionPool(host='api.gurushots.com', port=443): Max retries exceeded with url: /rest/get_my_active_challenges (Caused by NewConnectionError('<urllib3.connection.HTTPSConnection object at 0x1290ce210>: Failed to establish a new connection: [Errno 61] Connection refused'))
[2025-06-13 16:37:33] Erreur lors du rafraîchissement API, utilisation du cache: HTTPSConnectionPool(host='api.gurushots.com', port=443): Max retries exceeded with url: /rest/get_my_active_challenges (Caused by NewConnectionError('<urllib3.connection.HTTPSConnection object at 0x1290cda90>: Failed to establish a new connection: [Errno 61] Connection refused'))
[2025-06-13 16:37:45] Erreur lors du rafraîchissement API, utilisation du cache: HTTPSConnectionPool(host='api.gurushots.com', port=443): Max retries exceeded with url: /rest/get_my_active_challenges (Caused by NewConnectionError('<urllib3.connection.HTTPSConnection object at 0x1290cd310>: Failed to establish a new connection: [Errno 61] Connection refused'))
[2025-06-13 16:37:48] Erreur lors du rafraîchissement API, utilisation du cache: HTTPSConnectionPool(host='api.gurushots.com', port=443): Max retries exceeded with url: /rest/get_my_active_challenges (Caused by NewConnectionError('<urllib3.connection.HTTPSConnection object at 0x11868a490>: Failed to establish a new connection: [Errno 61] Connection refused'))
[2025-06-13 16:37:48] Erreur lors du rafraîchissement API, utilisation du cache: HTTPSConnectionPool(host='api.gurushots.com', port=443): Max retries exceeded with url: /rest/get_my_active_challenges (Caused by NewConnectionError('<urllib3.connection.HTTPSConnection object at 0x11868a710>: Failed to establish a new connection: [Errno 61] Connection refused'))
[2025-06-13 16:38:00] Erreur lors du rafraîchissement API, utilisation du cache: HTTPSConnectionPool(host='api.gurushots.com', port=443): Max retries exceeded with url: /rest/get_my_active_challenges (Caused by NewConnectionError('<urllib3.connection.HTTPSConnection object at 0x11868b110>: Failed to establish a new connection: [Errno 61] Connection refused'))
[2025-06-13 16:38:00] Erreur lors du rafraîchissement API, utilisation du cache: HTTPSConnectionPool(host='api.gurushots.com', port=443): Max retries exceeded with url: /rest/get_my_active_challenges (Caused by NewConnectionError('<urllib3.connection.HTTPSConnection object at 0x11868afd0>: Failed to establish a new connection: [Errno 61] Connection refused'))
[2025-06-13 16:38:03] Erreur lors du rafraîchissement API, utilisation du cache: HTTPSConnectionPool(host='api.gurushots.com', port=443): Max retries exceeded with url: /rest/get_my_active_challenges (Caused by NewConnectionError('<urllib3.connection.HTTPSConnection object at 0x1290cd6d0>: Failed to establish a new connection: [Errno 61] Connection refused'))
[2025-06-13 16:38:03] Erreur lors du rafraîchissement API, utilisation du cache: HTTPSConnectionPool(host='api.gurushots.com', port=443): Max retries exceeded with url: /rest/get_my_active_challenges (Caused by NewConnectionError('<urllib3.connection.HTTPSConnection object at 0x1290cd310>: Failed to establish a new connection: [Errno 61] Connection refused'))
[2025-06-13 16:38:15] Erreur lors du rafraîchissement API, utilisation du cache: HTTPSConnectionPool(host='api.gurushots.com', port=443): Max retries exceeded with url: /rest/get_my_active_challenges (Caused by NewConnectionError('<urllib3.connection.HTTPSConnection object at 0x1290cda90>: Failed to establish a new connection: [Errno 61] Connection refused'))
[2025-06-13 16:38:15] Erreur lors du rafraîchissement API, utilisation du cache: HTTPSConnectionPool(host='api.gurushots.com', port=443): Max retries exceeded with url: /rest/get_my_active_challenges (Caused by NewConnectionError('<urllib3.connection.HTTPSConnection object at 0x1290ce210>: Failed to establish a new connection: [Errno 61] Connection refused'))
[2025-06-13 16:38:18] Erreur lors du rafraîchissement API, utilisation du cache: HTTPSConnectionPool(host='api.gurushots.com', port=443): Max retries exceeded with url: /rest/get_my_active_challenges (Caused by NewConnectionError('<urllib3.connection.HTTPSConnection object at 0x1290cc550>: Failed to establish a new connection: [Errno 61] Connection refused'))
[2025-06-13 16:38:18] Erreur lors du rafraîchissement API, utilisation du cache: HTTPSConnectionPool(host='api.gurushots.com', port=443): Max retries exceeded with url: /rest/get_my_active_challenges (Caused by NewConnectionError('<urllib3.connection.HTTPSConnection object at 0x1290cde50>: Failed to establish a new connection: [Errno 61] Connection refused'))
[2025-06-13 16:38:30] Erreur lors du rafraîchissement API, utilisation du cache: HTTPSConnectionPool(host='api.gurushots.com', port=443): Max retries exceeded with url: /rest/get_my_active_challenges (Caused by NewConnectionError('<urllib3.connection.HTTPSConnection object at 0x1290ccb90>: Failed to establish a new connection: [Errno 61] Connection refused'))
[2025-06-13 16:38:30] Erreur lors du rafraîchissement API, utilisation du cache: HTTPSConnectionPool(host='api.gurushots.com', port=443): Max retries exceeded with url: /rest/get_my_active_challenges (Caused by NewConnectionError('<urllib3.connection.HTTPSConnection object at 0x1290cce10>: Failed to establish a new connection: [Errno 61] Connection refused'))
[2025-06-13 16:38:33] Erreur lors du rafraîchissement API, utilisation du cache: HTTPSConnectionPool(host='api.gurushots.com', port=443): Max retries exceeded with url: /rest/get_my_active_challenges (Caused by NewConnectionError('<urllib3.connection.HTTPSConnection object at 0x1290cc2d0>: Failed to establish a new connection: [Errno 61] Connection refused'))
[2025-06-13 16:38:33] Erreur lors du rafraîchissement API, utilisation du cache: HTTPSConnectionPool(host='api.gurushots.com', port=443): Max retries exceeded with url: /rest/get_my_active_challenges (Caused by NewConnectionError('<urllib3.connection.HTTPSConnection object at 0x1290cdf90>: Failed to establish a new connection: [Errno 61] Connection refused'))
[2025-06-13 16:38:45] Erreur lors du rafraîchissement API, utilisation du cache: HTTPSConnectionPool(host='api.gurushots.com', port=443): Max retries exceeded with url: /rest/get_my_active_challenges (Caused by NewConnectionError('<urllib3.connection.HTTPSConnection object at 0x1290cd590>: Failed to establish a new connection: [Errno 61] Connection refused'))
[2025-06-13 16:38:45] Erreur lors du rafraîchissement API, utilisation du cache: HTTPSConnectionPool(host='api.gurushots.com', port=443): Max retries exceeded with url: /rest/get_my_active_challenges (Caused by NewConnectionError('<urllib3.connection.HTTPSConnection object at 0x1290cc050>: Failed to establish a new connection: [Errno 61] Connection refused'))
[2025-06-13 16:38:48] Erreur lors du rafraîchissement API, utilisation du cache: HTTPSConnectionPool(host='api.gurushots.com', port=443): Max retries exceeded with url: /rest/get_my_active_challenges (Caused by NewConnectionError('<urllib3.connection.HTTPSConnection object at 0x118688550>: Failed to establish a new connection: [Errno 61] Connection refused'))
[2025-06-13 16:38:48] Erreur lors du rafraîchissement API, utilisation du cache: HTTPSConnectionPool(host='api.gurushots.com', port=443): Max retries exceeded with url: /rest/get_my_active_challenges (Caused by NewConnectionError('<urllib3.connection.HTTPSConnection object at 0x11868b750>: Failed to establish a new connection: [Errno 61] Connection refused'))
[2025-06-13 16:39:00] Erreur lors du rafraîchissement API, utilisation du cache: HTTPSConnectionPool(host='api.gurushots.com', port=443): Max retries exceeded with url: /rest/get_my_active_challenges (Caused by NewConnectionError('<urllib3.connection.HTTPSConnection object at 0x11868a850>: Failed to establish a new connection: [Errno 61] Connection refused'))
[2025-06-13 16:39:00] Erreur lors du rafraîchissement API, utilisation du cache: HTTPSConnectionPool(host='api.gurushots.com', port=443): Max retries exceeded with url: /rest/get_my_active_challenges (Caused by NewConnectionError('<urllib3.connection.HTTPSConnection object at 0x11868bb10>: Failed to establish a new connection: [Errno 61] Connection refused'))
[2025-06-13 16:39:03] Erreur lors du rafraîchissement API, utilisation du cache: HTTPSConnectionPool(host='api.gurushots.com', port=443): Max retries exceeded with url: /rest/get_my_active_challenges (Caused by NewConnectionError('<urllib3.connection.HTTPSConnection object at 0x1290ce490>: Failed to establish a new connection: [Errno 61] Connection refused'))
[2025-06-13 16:39:03] Erreur lors du rafraîchissement API, utilisation du cache: HTTPSConnectionPool(host='api.gurushots.com', port=443): Max retries exceeded with url: /rest/get_my_active_challenges (Caused by NewConnectionError('<urllib3.connection.HTTPSConnection object at 0x1290cdd10>: Failed to establish a new connection: [Errno 61] Connection refused'))
[2025-06-13 16:39:15] Erreur lors du rafraîchissement API, utilisation du cache: HTTPSConnectionPool(host='api.gurushots.com', port=443): Max retries exceeded with url: /rest/get_my_active_challenges (Caused by NewConnectionError('<urllib3.connection.HTTPSConnection object at 0x1290cd450>: Failed to establish a new connection: [Errno 61] Connection refused'))
[2025-06-13 16:39:15] Erreur lors du rafraîchissement API, utilisation du cache: HTTPSConnectionPool(host='api.gurushots.com', port=443): Max retries exceeded with url: /rest/get_my_active_challenges (Caused by NewConnectionError('<urllib3.connection.HTTPSConnection object at 0x1290ce0d0>: Failed to establish a new connection: [Errno 61] Connection refused'))
[2025-06-13 16:39:18] Erreur lors du rafraîchissement API, utilisation du cache: HTTPSConnectionPool(host='api.gurushots.com', port=443): Max retries exceeded with url: /rest/get_my_active_challenges (Caused by NewConnectionError('<urllib3.connection.HTTPSConnection object at 0x1290cca50>: Failed to establish a new connection: [Errno 61] Connection refused'))
[2025-06-13 16:39:18] Erreur lors du rafraîchissement API, utilisation du cache: HTTPSConnectionPool(host='api.gurushots.com', port=443): Max retries exceeded with url: /rest/get_my_active_challenges (Caused by NewConnectionError('<urllib3.connection.HTTPSConnection object at 0x1290cccd0>: Failed to establish a new connection: [Errno 61] Connection refused'))
[2025-06-13 16:39:30] Erreur lors du rafraîchissement API, utilisation du cache: HTTPSConnectionPool(host='api.gurushots.com', port=443): Max retries exceeded with url: /rest/get_my_active_challenges (Caused by NewConnectionError('<urllib3.connection.HTTPSConnection object at 0x1290ce990>: Failed to establish a new connection: [Errno 61] Connection refused'))
[2025-06-13 16:39:30] Erreur lors du rafraîchissement API, utilisation du cache: HTTPSConnectionPool(host='api.gurushots.com', port=443): Max retries exceeded with url: /rest/get_my_active_challenges (Caused by NewConnectionError('<urllib3.connection.HTTPSConnection object at 0x1290cc690>: Failed to establish a new connection: [Errno 61] Connection refused'))
[2025-06-13 16:39:33] Erreur lors du rafraîchissement API, utilisation du cache: HTTPSConnectionPool(host='api.gurushots.com', port=443): Max retries exceeded with url: /rest/get_my_active_challenges (Caused by NewConnectionError('<urllib3.connection.HTTPSConnection object at 0x1290ce350>: Failed to establish a new connection: [Errno 61] Connection refused'))
[2025-06-13 16:39:33] Erreur lors du rafraîchissement API, utilisation du cache: HTTPSConnectionPool(host='api.gurushots.com', port=443): Max retries exceeded with url: /rest/get_my_active_challenges (Caused by NewConnectionError('<urllib3.connection.HTTPSConnection object at 0x1290ce210>: Failed to establish a new connection: [Errno 61] Connection refused'))
[2025-06-13 16:39:45] Erreur lors du rafraîchissement API, utilisation du cache: HTTPSConnectionPool(host='api.gurushots.com', port=443): Max retries exceeded with url: /rest/get_my_active_challenges (Caused by NewConnectionError('<urllib3.connection.HTTPSConnection object at 0x1290cd090>: Failed to establish a new connection: [Errno 61] Connection refused'))
[2025-06-13 16:39:45] Erreur lors du rafraîchissement API, utilisation du cache: HTTPSConnectionPool(host='api.gurushots.com', port=443): Max retries exceeded with url: /rest/get_my_active_challenges (Caused by NewConnectionError('<urllib3.connection.HTTPSConnection object at 0x1290cd810>: Failed to establish a new connection: [Errno 61] Connection refused'))
[2025-06-13 16:39:48] Erreur lors du rafraîchissement API, utilisation du cache: HTTPSConnectionPool(host='api.gurushots.com', port=443): Max retries exceeded with url: /rest/get_my_active_challenges (Caused by NewConnectionError('<urllib3.connection.HTTPSConnection object at 0x1290ce5d0>: Failed to establish a new connection: [Errno 61] Connection refused'))
[2025-06-13 16:39:48] Erreur lors du rafraîchissement API, utilisation du cache: HTTPSConnectionPool(host='api.gurushots.com', port=443): Max retries exceeded with url: /rest/get_my_active_challenges (Caused by NewConnectionError('<urllib3.connection.HTTPSConnection object at 0x11868a490>: Failed to establish a new connection: [Errno 61] Connection refused'))
[2025-06-13 16:40:00] Erreur lors du rafraîchissement API, utilisation du cache: HTTPSConnectionPool(host='api.gurushots.com', port=443): Max retries exceeded with url: /rest/get_my_active_challenges (Caused by NewConnectionError('<urllib3.connection.HTTPSConnection object at 0x11868a850>: Failed to establish a new connection: [Errno 61] Connection refused'))
[2025-06-13 16:40:00] Erreur lors du rafraîchissement API, utilisation du cache: HTTPSConnectionPool(host='api.gurushots.com', port=443): Max retries exceeded with url: /rest/get_my_active_challenges (Caused by NewConnectionError('<urllib3.connection.HTTPSConnection object at 0x11868b750>: Failed to establish a new connection: [Errno 61] Connection refused'))
[2025-06-13 16:40:03] Erreur lors du rafraîchissement API, utilisation du cache: HTTPSConnectionPool(host='api.gurushots.com', port=443): Max retries exceeded with url: /rest/get_my_active_challenges (Caused by NewConnectionError('<urllib3.connection.HTTPSConnection object at 0x1290cd6d0>: Failed to establish a new connection: [Errno 61] Connection refused'))
[2025-06-13 16:40:15] Erreur lors du rafraîchissement API, utilisation du cache: HTTPSConnectionPool(host='api.gurushots.com', port=443): Max retries exceeded with url: /rest/get_my_active_challenges (Caused by NewConnectionError('<urllib3.connection.HTTPSConnection object at 0x11868aad0>: Failed to establish a new connection: [Errno 61] Connection refused'))
[2025-06-13 16:40:15] Erreur lors du rafraîchissement API, utilisation du cache: HTTPSConnectionPool(host='api.gurushots.com', port=443): Max retries exceeded with url: /rest/get_my_active_challenges (Caused by NewConnectionError('<urllib3.connection.HTTPSConnection object at 0x118689f90>: Failed to establish a new connection: [Errno 61] Connection refused'))
[2025-06-13 16:40:18] Erreur lors du rafraîchissement API, utilisation du cache: HTTPSConnectionPool(host='api.gurushots.com', port=443): Max retries exceeded with url: /rest/get_my_active_challenges (Caused by NewConnectionError('<urllib3.connection.HTTPSConnection object at 0x1290ce210>: Failed to establish a new connection: [Errno 61] Connection refused'))
[2025-06-13 16:40:19] Erreur lors du rafraîchissement API, utilisation du cache: HTTPSConnectionPool(host='api.gurushots.com', port=443): Max retries exceeded with url: /rest/get_my_active_challenges (Caused by NewConnectionError('<urllib3.connection.HTTPSConnection object at 0x1290ce350>: Failed to establish a new connection: [Errno 61] Connection refused'))
[2025-06-13 16:40:30] Erreur lors du rafraîchissement API, utilisation du cache: HTTPSConnectionPool(host='api.gurushots.com', port=443): Max retries exceeded with url: /rest/get_my_active_challenges (Caused by NewConnectionError('<urllib3.connection.HTTPSConnection object at 0x1290cc690>: Failed to establish a new connection: [Errno 61] Connection refused'))
[2025-06-13 16:40:30] Erreur lors du rafraîchissement API, utilisation du cache: HTTPSConnectionPool(host='api.gurushots.com', port=443): Max retries exceeded with url: /rest/get_my_active_challenges (Caused by NewConnectionError('<urllib3.connection.HTTPSConnection object at 0x1290ce990>: Failed to establish a new connection: [Errno 61] Connection refused'))
[2025-06-13 16:40:33] Erreur lors du rafraîchissement API, utilisation du cache: HTTPSConnectionPool(host='api.gurushots.com', port=443): Max retries exceeded with url: /rest/get_my_active_challenges (Caused by NewConnectionError('<urllib3.connection.HTTPSConnection object at 0x1290cccd0>: Failed to establish a new connection: [Errno 61] Connection refused'))
[2025-06-13 16:40:34] Erreur lors du rafraîchissement API, utilisation du cache: HTTPSConnectionPool(host='api.gurushots.com', port=443): Max retries exceeded with url: /rest/get_my_active_challenges (Caused by NewConnectionError('<urllib3.connection.HTTPSConnection object at 0x1290cca50>: Failed to establish a new connection: [Errno 61] Connection refused'))
[2025-06-13 16:40:45] Erreur lors du rafraîchissement API, utilisation du cache: HTTPSConnectionPool(host='api.gurushots.com', port=443): Max retries exceeded with url: /rest/get_my_active_challenges (Caused by NewConnectionError('<urllib3.connection.HTTPSConnection object at 0x1290ce0d0>: Failed to establish a new connection: [Errno 61] Connection refused'))
[2025-06-13 16:40:45] Erreur lors du rafraîchissement API, utilisation du cache: HTTPSConnectionPool(host='api.gurushots.com', port=443): Max retries exceeded with url: /rest/get_my_active_challenges (Caused by NewConnectionError('<urllib3.connection.HTTPSConnection object at 0x1290cd450>: Failed to establish a new connection: [Errno 61] Connection refused'))
[2025-06-13 16:40:48] Erreur lors du rafraîchissement API, utilisation du cache: HTTPSConnectionPool(host='api.gurushots.com', port=443): Max retries exceeded with url: /rest/get_my_active_challenges (Caused by NewConnectionError('<urllib3.connection.HTTPSConnection object at 0x1290cdd10>: Failed to establish a new connection: [Errno 61] Connection refused'))
[2025-06-13 16:40:49] Erreur lors du rafraîchissement API, utilisation du cache: HTTPSConnectionPool(host='api.gurushots.com', port=443): Max retries exceeded with url: /rest/get_my_active_challenges (Caused by NewConnectionError('<urllib3.connection.HTTPSConnection object at 0x1290ce490>: Failed to establish a new connection: [Errno 61] Connection refused'))
[2025-06-13 16:41:00] Erreur lors du rafraîchissement API, utilisation du cache: HTTPSConnectionPool(host='api.gurushots.com', port=443): Max retries exceeded with url: /rest/get_my_active_challenges (Caused by NewConnectionError('<urllib3.connection.HTTPSConnection object at 0x1290cec10>: Failed to establish a new connection: [Errno 61] Connection refused'))
[2025-06-13 16:41:00] Erreur lors du rafraîchissement API, utilisation du cache: HTTPSConnectionPool(host='api.gurushots.com', port=443): Max retries exceeded with url: /rest/get_my_active_challenges (Caused by NewConnectionError('<urllib3.connection.HTTPSConnection object at 0x118689f90>: Failed to establish a new connection: [Errno 61] Connection refused'))
[2025-06-13 16:41:04] Erreur lors du rafraîchissement API, utilisation du cache: HTTPSConnectionPool(host='api.gurushots.com', port=443): Max retries exceeded with url: /rest/get_my_active_challenges (Caused by NewConnectionError('<urllib3.connection.HTTPSConnection object at 0x11868afd0>: Failed to establish a new connection: [Errno 61] Connection refused'))
[2025-06-13 16:41:15] Erreur lors du rafraîchissement API, utilisation du cache: HTTPSConnectionPool(host='api.gurushots.com', port=443): Max retries exceeded with url: /rest/get_my_active_challenges (Caused by NewConnectionError('<urllib3.connection.HTTPSConnection object at 0x11868ad50>: Failed to establish a new connection: [Errno 61] Connection refused'))
[2025-06-13 16:41:16] Erreur lors du rafraîchissement API, utilisation du cache: HTTPSConnectionPool(host='api.gurushots.com', port=443): Max retries exceeded with url: /rest/get_my_active_challenges (Caused by NewConnectionError('<urllib3.connection.HTTPSConnection object at 0x11868a5d0>: Failed to establish a new connection: [Errno 61] Connection refused'))
[2025-06-13 16:41:20] Erreur lors du rafraîchissement API, utilisation du cache: HTTPSConnectionPool(host='api.gurushots.com', port=443): Max retries exceeded with url: /rest/get_my_active_challenges (Caused by NewConnectionError('<urllib3.connection.HTTPSConnection object at 0x11868b9d0>: Failed to establish a new connection: [Errno 61] Connection refused'))
[2025-06-13 16:41:20] Erreur lors du rafraîchissement API, utilisation du cache: HTTPSConnectionPool(host='api.gurushots.com', port=443): Max retries exceeded with url: /rest/get_my_active_challenges (Caused by NewConnectionError('<urllib3.connection.HTTPSConnection object at 0x11868a490>: Failed to establish a new connection: [Errno 61] Connection refused'))
[2025-06-13 16:41:31] Erreur lors du rafraîchissement API, utilisation du cache: HTTPSConnectionPool(host='api.gurushots.com', port=443): Max retries exceeded with url: /rest/get_my_active_challenges (Caused by NewConnectionError('<urllib3.connection.HTTPSConnection object at 0x1290cead0>: Failed to establish a new connection: [Errno 61] Connection refused'))
[2025-06-13 16:41:31] Erreur lors du rafraîchissement API, utilisation du cache: HTTPSConnectionPool(host='api.gurushots.com', port=443): Max retries exceeded with url: /rest/get_my_active_challenges (Caused by NewConnectionError('<urllib3.connection.HTTPSConnection object at 0x1290cc410>: Failed to establish a new connection: [Errno 61] Connection refused'))
[2025-06-13 16:41:35] Erreur lors du rafraîchissement API, utilisation du cache: HTTPSConnectionPool(host='api.gurushots.com', port=443): Max retries exceeded with url: /rest/get_my_active_challenges (Caused by NewConnectionError('<urllib3.connection.HTTPSConnection object at 0x1290cc050>: Failed to establish a new connection: [Errno 61] Connection refused'))
[2025-06-13 16:41:35] Erreur lors du rafraîchissement API, utilisation du cache: HTTPSConnectionPool(host='api.gurushots.com', port=443): Max retries exceeded with url: /rest/get_my_active_challenges (Caused by NewConnectionError('<urllib3.connection.HTTPSConnection object at 0x1290cd590>: Failed to establish a new connection: [Errno 61] Connection refused'))
[2025-06-13 16:41:46] Erreur lors du rafraîchissement API, utilisation du cache: HTTPSConnectionPool(host='api.gurushots.com', port=443): Max retries exceeded with url: /rest/get_my_active_challenges (Caused by NewConnectionError('<urllib3.connection.HTTPSConnection object at 0x1290cdf90>: Failed to establish a new connection: [Errno 61] Connection refused'))
[2025-06-13 16:41:46] Erreur lors du rafraîchissement API, utilisation du cache: HTTPSConnectionPool(host='api.gurushots.com', port=443): Max retries exceeded with url: /rest/get_my_active_challenges (Caused by NewConnectionError('<urllib3.connection.HTTPSConnection object at 0x1290cc2d0>: Failed to establish a new connection: [Errno 61] Connection refused'))
[2025-06-13 16:41:50] Erreur lors du rafraîchissement API, utilisation du cache: HTTPSConnectionPool(host='api.gurushots.com', port=443): Max retries exceeded with url: /rest/get_my_active_challenges (Caused by NewConnectionError('<urllib3.connection.HTTPSConnection object at 0x1290cce10>: Failed to establish a new connection: [Errno 61] Connection refused'))
[2025-06-13 16:41:50] Erreur lors du rafraîchissement API, utilisation du cache: HTTPSConnectionPool(host='api.gurushots.com', port=443): Max retries exceeded with url: /rest/get_my_active_challenges (Caused by NewConnectionError('<urllib3.connection.HTTPSConnection object at 0x1290ccb90>: Failed to establish a new connection: [Errno 61] Connection refused'))
[2025-06-13 16:42:01] Erreur lors du rafraîchissement API, utilisation du cache: HTTPSConnectionPool(host='api.gurushots.com', port=443): Max retries exceeded with url: /rest/get_my_active_challenges (Caused by NewConnectionError('<urllib3.connection.HTTPSConnection object at 0x1290cde50>: Failed to establish a new connection: [Errno 61] Connection refused'))
[2025-06-13 16:42:01] Erreur lors du rafraîchissement API, utilisation du cache: HTTPSConnectionPool(host='api.gurushots.com', port=443): Max retries exceeded with url: /rest/get_my_active_challenges (Caused by NewConnectionError('<urllib3.connection.HTTPSConnection object at 0x1290cc690>: Failed to establish a new connection: [Errno 61] Connection refused'))
[2025-06-13 16:42:05] Erreur lors du rafraîchissement API, utilisation du cache: HTTPSConnectionPool(host='api.gurushots.com', port=443): Max retries exceeded with url: /rest/get_my_active_challenges (Caused by NewConnectionError('<urllib3.connection.HTTPSConnection object at 0x1290cee90>: Failed to establish a new connection: [Errno 61] Connection refused'))
[2025-06-13 16:42:05] Erreur lors du rafraîchissement API, utilisation du cache: HTTPSConnectionPool(host='api.gurushots.com', port=443): Max retries exceeded with url: /rest/get_my_active_challenges (Caused by NewConnectionError('<urllib3.connection.HTTPSConnection object at 0x1290cda90>: Failed to establish a new connection: [Errno 61] Connection refused'))
[2025-06-13 16:42:16] Erreur lors du rafraîchissement API, utilisation du cache: HTTPSConnectionPool(host='api.gurushots.com', port=443): Max retries exceeded with url: /rest/get_my_active_challenges (Caused by NewConnectionError('<urllib3.connection.HTTPSConnection object at 0x11868a490>: Failed to establish a new connection: [Errno 61] Connection refused'))
[2025-06-13 16:42:16] Erreur lors du rafraîchissement API, utilisation du cache: HTTPSConnectionPool(host='api.gurushots.com', port=443): Max retries exceeded with url: /rest/get_my_active_challenges (Caused by NewConnectionError('<urllib3.connection.HTTPSConnection object at 0x11868a710>: Failed to establish a new connection: [Errno 61] Connection refused'))
[2025-06-13 16:42:20] Erreur lors du rafraîchissement API, utilisation du cache: HTTPSConnectionPool(host='api.gurushots.com', port=443): Max retries exceeded with url: /rest/get_my_active_challenges (Caused by NewConnectionError('<urllib3.connection.HTTPSConnection object at 0x11868a5d0>: Failed to establish a new connection: [Errno 61] Connection refused'))
[2025-06-13 16:42:20] Erreur lors du rafraîchissement API, utilisation du cache: HTTPSConnectionPool(host='api.gurushots.com', port=443): Max retries exceeded with url: /rest/get_my_active_challenges (Caused by NewConnectionError('<urllib3.connection.HTTPSConnection object at 0x11868ad50>: Failed to establish a new connection: [Errno 61] Connection refused'))
[2025-06-13 16:42:31] Erreur lors du rafraîchissement API, utilisation du cache: HTTPSConnectionPool(host='api.gurushots.com', port=443): Max retries exceeded with url: /rest/get_my_active_challenges (Caused by NewConnectionError('<urllib3.connection.HTTPSConnection object at 0x11868afd0>: Failed to establish a new connection: [Errno 61] Connection refused'))
[2025-06-13 16:42:31] Erreur lors du rafraîchissement API, utilisation du cache: HTTPSConnectionPool(host='api.gurushots.com', port=443): Max retries exceeded with url: /rest/get_my_active_challenges (Caused by NewConnectionError('<urllib3.connection.HTTPSConnection object at 0x11868ae90>: Failed to establish a new connection: [Errno 61] Connection refused'))
[2025-06-13 16:42:35] Erreur lors du rafraîchissement API, utilisation du cache: HTTPSConnectionPool(host='api.gurushots.com', port=443): Max retries exceeded with url: /rest/get_my_active_challenges (Caused by NewConnectionError('<urllib3.connection.HTTPSConnection object at 0x1290cee90>: Failed to establish a new connection: [Errno 61] Connection refused'))
[2025-06-13 16:42:35] Erreur lors du rafraîchissement API, utilisation du cache: HTTPSConnectionPool(host='api.gurushots.com', port=443): Max retries exceeded with url: /rest/get_my_active_challenges (Caused by NewConnectionError('<urllib3.connection.HTTPSConnection object at 0x1290cc690>: Failed to establish a new connection: [Errno 61] Connection refused'))
[2025-06-13 16:42:46] Erreur lors du rafraîchissement API, utilisation du cache: HTTPSConnectionPool(host='api.gurushots.com', port=443): Max retries exceeded with url: /rest/get_my_active_challenges (Caused by NewConnectionError('<urllib3.connection.HTTPSConnection object at 0x1290ce990>: Failed to establish a new connection: [Errno 61] Connection refused'))
[2025-06-13 16:42:46] Erreur lors du rafraîchissement API, utilisation du cache: HTTPSConnectionPool(host='api.gurushots.com', port=443): Max retries exceeded with url: /rest/get_my_active_challenges (Caused by NewConnectionError('<urllib3.connection.HTTPSConnection object at 0x1290cde50>: Failed to establish a new connection: [Errno 61] Connection refused'))
[2025-06-13 16:42:50] Erreur lors du rafraîchissement API, utilisation du cache: HTTPSConnectionPool(host='api.gurushots.com', port=443): Max retries exceeded with url: /rest/get_my_active_challenges (Caused by NewConnectionError('<urllib3.connection.HTTPSConnection object at 0x1290cce10>: Failed to establish a new connection: [Errno 61] Connection refused'))
[2025-06-13 16:42:50] Erreur lors du rafraîchissement API, utilisation du cache: HTTPSConnectionPool(host='api.gurushots.com', port=443): Max retries exceeded with url: /rest/get_my_active_challenges (Caused by NewConnectionError('<urllib3.connection.HTTPSConnection object at 0x1290cc2d0>: Failed to establish a new connection: [Errno 61] Connection refused'))
[2025-06-13 16:43:01] Erreur lors du rafraîchissement API, utilisation du cache: HTTPSConnectionPool(host='api.gurushots.com', port=443): Max retries exceeded with url: /rest/get_my_active_challenges (Caused by NewConnectionError('<urllib3.connection.HTTPSConnection object at 0x1290cdf90>: Failed to establish a new connection: [Errno 61] Connection refused'))
[2025-06-13 16:43:01] Erreur lors du rafraîchissement API, utilisation du cache: HTTPSConnectionPool(host='api.gurushots.com', port=443): Max retries exceeded with url: /rest/get_my_active_challenges (Caused by NewConnectionError('<urllib3.connection.HTTPSConnection object at 0x1290cd450>: Failed to establish a new connection: [Errno 61] Connection refused'))
[2025-06-13 16:43:05] Erreur lors du rafraîchissement API, utilisation du cache: HTTPSConnectionPool(host='api.gurushots.com', port=443): Max retries exceeded with url: /rest/get_my_active_challenges (Caused by NewConnectionError('<urllib3.connection.HTTPSConnection object at 0x1290cc050>: Failed to establish a new connection: [Errno 61] Connection refused'))
[2025-06-13 16:43:05] Erreur lors du rafraîchissement API, utilisation du cache: HTTPSConnectionPool(host='api.gurushots.com', port=443): Max retries exceeded with url: /rest/get_my_active_challenges (Caused by NewConnectionError('<urllib3.connection.HTTPSConnection object at 0x1290cc410>: Failed to establish a new connection: [Errno 61] Connection refused'))
[2025-06-13 16:43:16] Erreur lors du rafraîchissement API, utilisation du cache: HTTPSConnectionPool(host='api.gurushots.com', port=443): Max retries exceeded with url: /rest/get_my_active_challenges (Caused by NewConnectionError('<urllib3.connection.HTTPSConnection object at 0x118689f90>: Failed to establish a new connection: [Errno 61] Connection refused'))
[2025-06-13 16:43:16] Erreur lors du rafraîchissement API, utilisation du cache: HTTPSConnectionPool(host='api.gurushots.com', port=443): Max retries exceeded with url: /rest/get_my_active_challenges (Caused by NewConnectionError('<urllib3.connection.HTTPSConnection object at 0x11868ae90>: Failed to establish a new connection: [Errno 61] Connection refused'))
[2025-06-13 16:43:20] Erreur lors du rafraîchissement API, utilisation du cache: HTTPSConnectionPool(host='api.gurushots.com', port=443): Max retries exceeded with url: /rest/get_my_active_challenges (Caused by NewConnectionError('<urllib3.connection.HTTPSConnection object at 0x11868ad50>: Failed to establish a new connection: [Errno 61] Connection refused'))
[2025-06-13 16:43:20] Erreur lors du rafraîchissement API, utilisation du cache: HTTPSConnectionPool(host='api.gurushots.com', port=443): Max retries exceeded with url: /rest/get_my_active_challenges (Caused by NewConnectionError('<urllib3.connection.HTTPSConnection object at 0x11868a5d0>: Failed to establish a new connection: [Errno 61] Connection refused'))
[2025-06-13 16:43:31] Erreur lors du rafraîchissement API, utilisation du cache: HTTPSConnectionPool(host='api.gurushots.com', port=443): Max retries exceeded with url: /rest/get_my_active_challenges (Caused by NewConnectionError('<urllib3.connection.HTTPSConnection object at 0x11868a490>: Failed to establish a new connection: [Errno 61] Connection refused'))
[2025-06-13 16:43:31] Erreur lors du rafraîchissement API, utilisation du cache: HTTPSConnectionPool(host='api.gurushots.com', port=443): Max retries exceeded with url: /rest/get_my_active_challenges (Caused by NewConnectionError('<urllib3.connection.HTTPSConnection object at 0x11868b9d0>: Failed to establish a new connection: [Errno 61] Connection refused'))
[2025-06-13 16:43:35] Erreur lors du rafraîchissement API, utilisation du cache: HTTPSConnectionPool(host='api.gurushots.com', port=443): Max retries exceeded with url: /rest/get_my_active_challenges (Caused by NewConnectionError('<urllib3.connection.HTTPSConnection object at 0x1290cc410>: Failed to establish a new connection: [Errno 61] Connection refused'))
[2025-06-13 16:43:35] Erreur lors du rafraîchissement API, utilisation du cache: HTTPSConnectionPool(host='api.gurushots.com', port=443): Max retries exceeded with url: /rest/get_my_active_challenges (Caused by NewConnectionError('<urllib3.connection.HTTPSConnection object at 0x1290cc050>: Failed to establish a new connection: [Errno 61] Connection refused'))
[2025-06-13 16:43:46] Erreur lors du rafraîchissement API, utilisation du cache: HTTPSConnectionPool(host='api.gurushots.com', port=443): Max retries exceeded with url: /rest/get_my_active_challenges (Caused by NewConnectionError('<urllib3.connection.HTTPSConnection object at 0x1290cd450>: Failed to establish a new connection: [Errno 61] Connection refused'))
[2025-06-13 16:43:46] Erreur lors du rafraîchissement API, utilisation du cache: HTTPSConnectionPool(host='api.gurushots.com', port=443): Max retries exceeded with url: /rest/get_my_active_challenges (Caused by NewConnectionError('<urllib3.connection.HTTPSConnection object at 0x1290cd590>: Failed to establish a new connection: [Errno 61] Connection refused'))
[2025-06-13 16:43:50] Erreur lors du rafraîchissement API, utilisation du cache: HTTPSConnectionPool(host='api.gurushots.com', port=443): Max retries exceeded with url: /rest/get_my_active_challenges (Caused by NewConnectionError('<urllib3.connection.HTTPSConnection object at 0x1290cc2d0>: Failed to establish a new connection: [Errno 61] Connection refused'))
[2025-06-13 16:43:50] Erreur lors du rafraîchissement API, utilisation du cache: HTTPSConnectionPool(host='api.gurushots.com', port=443): Max retries exceeded with url: /rest/get_my_active_challenges (Caused by NewConnectionError('<urllib3.connection.HTTPSConnection object at 0x1290cce10>: Failed to establish a new connection: [Errno 61] Connection refused'))
[2025-06-13 16:44:01] Erreur lors du rafraîchissement API, utilisation du cache: HTTPSConnectionPool(host='api.gurushots.com', port=443): Max retries exceeded with url: /rest/get_my_active_challenges (Caused by NewConnectionError('<urllib3.connection.HTTPSConnection object at 0x1290ce990>: Failed to establish a new connection: [Errno 61] Connection refused'))
[2025-06-13 16:44:01] Erreur lors du rafraîchissement API, utilisation du cache: HTTPSConnectionPool(host='api.gurushots.com', port=443): Max retries exceeded with url: /rest/get_my_active_challenges (Caused by NewConnectionError('<urllib3.connection.HTTPSConnection object at 0x1290ccb90>: Failed to establish a new connection: [Errno 61] Connection refused'))
[2025-06-13 16:44:05] Erreur lors du rafraîchissement API, utilisation du cache: HTTPSConnectionPool(host='api.gurushots.com', port=443): Max retries exceeded with url: /rest/get_my_active_challenges (Caused by NewConnectionError('<urllib3.connection.HTTPSConnection object at 0x1290ce350>: Failed to establish a new connection: [Errno 61] Connection refused'))
[2025-06-13 16:44:16] Erreur lors du rafraîchissement API, utilisation du cache: HTTPSConnectionPool(host='api.gurushots.com', port=443): Max retries exceeded with url: /rest/get_my_active_challenges (Caused by NewConnectionError('<urllib3.connection.HTTPSConnection object at 0x11868b9d0>: Failed to establish a new connection: [Errno 61] Connection refused'))
[2025-06-13 16:44:16] Erreur lors du rafraîchissement API, utilisation du cache: HTTPSConnectionPool(host='api.gurushots.com', port=443): Max retries exceeded with url: /rest/get_my_active_challenges (Caused by NewConnectionError('<urllib3.connection.HTTPSConnection object at 0x11868b390>: Failed to establish a new connection: [Errno 61] Connection refused'))
[2025-06-13 16:44:21] Erreur lors du rafraîchissement API, utilisation du cache: HTTPSConnectionPool(host='api.gurushots.com', port=443): Max retries exceeded with url: /rest/get_my_active_challenges (Caused by NewConnectionError('<urllib3.connection.HTTPSConnection object at 0x11868a5d0>: Failed to establish a new connection: [Errno 61] Connection refused'))
[2025-06-13 16:44:31] Erreur lors du rafraîchissement API, utilisation du cache: HTTPSConnectionPool(host='api.gurushots.com', port=443): Max retries exceeded with url: /rest/get_my_active_challenges (Caused by NewConnectionError('<urllib3.connection.HTTPSConnection object at 0x118689450>: Failed to establish a new connection: [Errno 61] Connection refused'))
[2025-06-13 16:44:31] Erreur lors du rafraîchissement API, utilisation du cache: HTTPSConnectionPool(host='api.gurushots.com', port=443): Max retries exceeded with url: /rest/get_my_active_challenges (Caused by NewConnectionError('<urllib3.connection.HTTPSConnection object at 0x11868b110>: Failed to establish a new connection: [Errno 61] Connection refused'))
[2025-06-13 16:44:36] Erreur lors du rafraîchissement API, utilisation du cache: HTTPSConnectionPool(host='api.gurushots.com', port=443): Max retries exceeded with url: /rest/get_my_active_challenges (Caused by NewConnectionError('<urllib3.connection.HTTPSConnection object at 0x11868afd0>: Failed to establish a new connection: [Errno 61] Connection refused'))
[2025-06-13 16:44:36] Erreur lors du rafraîchissement API, utilisation du cache: HTTPSConnectionPool(host='api.gurushots.com', port=443): Max retries exceeded with url: /rest/get_my_active_challenges (Caused by NewConnectionError('<urllib3.connection.HTTPSConnection object at 0x11868bb10>: Failed to establish a new connection: [Errno 61] Connection refused'))
[2025-06-13 16:44:46] Erreur lors du rafraîchissement API, utilisation du cache: HTTPSConnectionPool(host='api.gurushots.com', port=443): Max retries exceeded with url: /rest/get_my_active_challenges (Caused by NewConnectionError('<urllib3.connection.HTTPSConnection object at 0x118688410>: Failed to establish a new connection: [Errno 61] Connection refused'))
[2025-06-13 16:44:46] Erreur lors du rafraîchissement API, utilisation du cache: HTTPSConnectionPool(host='api.gurushots.com', port=443): Max retries exceeded with url: /rest/get_my_active_challenges (Caused by NewConnectionError('<urllib3.connection.HTTPSConnection object at 0x115945310>: Failed to establish a new connection: [Errno 61] Connection refused'))
[2025-06-13 16:44:51] Erreur lors du rafraîchissement API, utilisation du cache: HTTPSConnectionPool(host='api.gurushots.com', port=443): Max retries exceeded with url: /rest/get_my_active_challenges (Caused by NewConnectionError('<urllib3.connection.HTTPSConnection object at 0x1290ce350>: Failed to establish a new connection: [Errno 61] Connection refused'))
[2025-06-13 16:45:01] Erreur lors du rafraîchissement API, utilisation du cache: HTTPSConnectionPool(host='api.gurushots.com', port=443): Max retries exceeded with url: /rest/get_my_active_challenges (Caused by NewConnectionError('<urllib3.connection.HTTPSConnection object at 0x115945310>: Failed to establish a new connection: [Errno 61] Connection refused'))
[2025-06-13 16:45:01] Erreur lors du rafraîchissement API, utilisation du cache: HTTPSConnectionPool(host='api.gurushots.com', port=443): Max retries exceeded with url: /rest/get_my_active_challenges (Caused by NewConnectionError('<urllib3.connection.HTTPSConnection object at 0x118688550>: Failed to establish a new connection: [Errno 61] Connection refused'))
[2025-06-13 16:45:16] Erreur lors du rafraîchissement API, utilisation du cache: HTTPSConnectionPool(host='api.gurushots.com', port=443): Max retries exceeded with url: /rest/get_my_active_challenges (Caused by NewConnectionError('<urllib3.connection.HTTPSConnection object at 0x11868a850>: Failed to establish a new connection: [Errno 61] Connection refused'))
[2025-06-13 16:45:16] Erreur lors du rafraîchissement API, utilisation du cache: HTTPSConnectionPool(host='api.gurushots.com', port=443): Max retries exceeded with url: /rest/get_my_active_challenges (Caused by NewConnectionError('<urllib3.connection.HTTPSConnection object at 0x11868b110>: Failed to establish a new connection: [Errno 61] Connection refused'))
[2025-06-13 16:47:16] Erreur lors du rafraîchissement API, utilisation du cache: HTTPSConnectionPool(host='api.gurushots.com', port=443): Max retries exceeded with url: /rest/get_my_active_challenges (Caused by NewConnectionError('<urllib3.connection.HTTPSConnection object at 0x11868b390>: Failed to establish a new connection: [Errno 61] Connection refused'))
[2025-06-13 16:48:03] Erreur lors du rafraîchissement API, utilisation du cache: HTTPSConnectionPool(host='api.gurushots.com', port=443): Max retries exceeded with url: /rest/get_my_active_challenges (Caused by NewConnectionError('<urllib3.connection.HTTPSConnection object at 0x11868aad0>: Failed to establish a new connection: [Errno 61] Connection refused'))
[2025-06-13 16:48:48] Erreur lors du rafraîchissement API, utilisation du cache: HTTPSConnectionPool(host='api.gurushots.com', port=443): Max retries exceeded with url: /rest/get_my_active_challenges (Caused by NewConnectionError('<urllib3.connection.HTTPSConnection object at 0x118689f90>: Failed to establish a new connection: [Errno 61] Connection refused'))
[2025-06-13 16:48:49] Erreur lors du rafraîchissement API, utilisation du cache: HTTPSConnectionPool(host='api.gurushots.com', port=443): Max retries exceeded with url: /rest/get_my_active_challenges (Caused by NewConnectionError('<urllib3.connection.HTTPSConnection object at 0x11868b250>: Failed to establish a new connection: [Errno 61] Connection refused'))
[2025-06-13 16:48:50] Erreur lors du rafraîchissement API, utilisation du cache: HTTPSConnectionPool(host='api.gurushots.com', port=443): Max retries exceeded with url: /rest/get_my_active_challenges (Caused by NewConnectionError('<urllib3.connection.HTTPSConnection object at 0x1290cee90>: Failed to establish a new connection: [Errno 61] Connection refused'))
[2025-06-13 16:49:52] Erreur lors du rafraîchissement API, utilisation du cache: HTTPSConnectionPool(host='api.gurushots.com', port=443): Max retries exceeded with url: /rest/get_my_active_challenges (Caused by NewConnectionError('<urllib3.connection.HTTPSConnection object at 0x11868b250>: Failed to establish a new connection: [Errno 61] Connection refused'))
[2025-06-13 16:50:50] Erreur lors du rafraîchissement API, utilisation du cache: HTTPSConnectionPool(host='api.gurushots.com', port=443): Max retries exceeded with url: /rest/get_my_active_challenges (Caused by NewConnectionError('<urllib3.connection.HTTPSConnection object at 0x118688550>: Failed to establish a new connection: [Errno 61] Connection refused'))
[2025-06-13 16:51:21] Erreur lors du rafraîchissement API, utilisation du cache: HTTPSConnectionPool(host='api.gurushots.com', port=443): Max retries exceeded with url: /rest/get_my_active_challenges (Caused by NewConnectionError('<urllib3.connection.HTTPSConnection object at 0x118689810>: Failed to establish a new connection: [Errno 61] Connection refused'))
[2025-06-13 16:51:36] Erreur lors du rafraîchissement API, utilisation du cache: HTTPSConnectionPool(host='api.gurushots.com', port=443): Max retries exceeded with url: /rest/get_my_active_challenges (Caused by NewConnectionError('<urllib3.connection.HTTPSConnection object at 0x11868b110>: Failed to establish a new connection: [Errno 61] Connection refused'))
[2025-06-13 16:51:48] Erreur lors du rafraîchissement API, utilisation du cache: HTTPSConnectionPool(host='api.gurushots.com', port=443): Max retries exceeded with url: /rest/get_my_active_challenges (Caused by NewConnectionError('<urllib3.connection.HTTPSConnection object at 0x11868aad0>: Failed to establish a new connection: [Errno 61] Connection refused'))
[2025-06-13 16:52:54] Erreur lors du rafraîchissement API, utilisation du cache: HTTPSConnectionPool(host='api.gurushots.com', port=443): Max retries exceeded with url: /rest/get_my_active_challenges (Caused by NewConnectionError('<urllib3.connection.HTTPSConnection object at 0x1186896d0>: Failed to establish a new connection: [Errno 61] Connection refused'))
[2025-06-13 16:53:09] Erreur lors du rafraîchissement API, utilisation du cache: HTTPSConnectionPool(host='api.gurushots.com', port=443): Max retries exceeded with url: /rest/get_my_active_challenges (Caused by NewConnectionError('<urllib3.connection.HTTPSConnection object at 0x1290cc2d0>: Failed to establish a new connection: [Errno 61] Connection refused'))
[2025-06-13 16:53:20] Erreur lors du rafraîchissement API, utilisation du cache: HTTPSConnectionPool(host='api.gurushots.com', port=443): Max retries exceeded with url: /rest/get_my_active_challenges (Caused by NewConnectionError('<urllib3.connection.HTTPSConnection object at 0x11868ad50>: Failed to establish a new connection: [Errno 61] Connection refused'))
[2025-06-13 16:53:24] Erreur lors du rafraîchissement API, utilisation du cache: HTTPSConnectionPool(host='api.gurushots.com', port=443): Max retries exceeded with url: /rest/get_my_active_challenges (Caused by NewConnectionError('<urllib3.connection.HTTPSConnection object at 0x1290cc410>: Failed to establish a new connection: [Errno 61] Connection refused'))
[2025-06-13 16:53:25] Erreur lors du rafraîchissement API, utilisation du cache: HTTPSConnectionPool(host='api.gurushots.com', port=443): Max retries exceeded with url: /rest/get_my_active_challenges (Caused by NewConnectionError('<urllib3.connection.HTTPSConnection object at 0x1290ccb90>: Failed to establish a new connection: [Errno 61] Connection refused'))
[2025-06-13 16:53:30] Erreur lors du rafraîchissement API, utilisation du cache: HTTPSConnectionPool(host='api.gurushots.com', port=443): Max retries exceeded with url: /rest/get_my_active_challenges (Caused by NewConnectionError('<urllib3.connection.HTTPSConnection object at 0x1290cc7d0>: Failed to establish a new connection: [Errno 61] Connection refused'))
[2025-06-13 16:53:35] Erreur lors du rafraîchissement API, utilisation du cache: HTTPSConnectionPool(host='api.gurushots.com', port=443): Max retries exceeded with url: /rest/get_my_active_challenges (Caused by NewConnectionError('<urllib3.connection.HTTPSConnection object at 0x1290cd090>: Failed to establish a new connection: [Errno 61] Connection refused'))
[2025-06-13 16:53:40] Erreur lors du rafraîchissement API, utilisation du cache: HTTPSConnectionPool(host='api.gurushots.com', port=443): Max retries exceeded with url: /rest/get_my_active_challenges (Caused by NewConnectionError('<urllib3.connection.HTTPSConnection object at 0x1290cd450>: Failed to establish a new connection: [Errno 61] Connection refused'))
[2025-06-13 16:55:10] Processus mis à jour pour pascale: photographer-of-the-week211-vote-70-left-0H:4M - executing
[2025-06-13 16:55:10] Traitement de vote pour Photographer of the Week
[2025-06-13 16:55:10] Photographer of the Week get vote panel
[2025-06-13 16:55:10] Processus associé: photographer-of-the-week211-vote-70-left-0H:4M
[2025-06-13 16:55:10] Récupération des données de vote pour Photographer of the Week (URL: photographer-of-the-week211, HEADER:{'User-Agent': 'Mozilla/5.0 (X11; Linux i686; rv:39.0) Gecko/20100101 Firefox/39.0', 'x-api-version': '8', 'x-env': 'WEB', 'X-requested-with': 'XMLHttpRequest', 'X-token': 'f96bbe3a7e7f833329e7129767a69abbfa6dfce3152e3c2a311eb49d89b5c3bb2b12b66b402f03dce682b8b2b6a005cd'})
[2025-06-13 16:55:12] Récupération réussie: 200 images pour Photographer of the Week
[2025-06-13 16:55:12] Voting fetching ...
[2025-06-13 16:55:12] Photographer of the Week voting 70 images
[2025-06-13 16:55:18] Photographer of the Week voting 70 images
[2025-06-13 16:55:19] Photographer of the Week voted successfully
[2025-06-13 16:55:19] Processus supprimé pour pascale: photographer-of-the-week211-vote-70-left-0H:4M - success
[2025-06-13 16:55:19] Processus mis à jour pour pascale: photographer-of-the-week211-vote-70-left-0H:4M - success
[2025-06-13 16:55:19] Processus photographer-of-the-week211-vote-70-left-0H:4M terminé avec succès (profil: pascale)
[2025-06-13 16:55:21] Photographer of the Week voted successfully
[2025-06-13 16:55:24] Challenges fetching ...
[2025-06-13 16:55:24] Challenges fetched successfully for pascale!
[2025-06-13 16:55:24] Challenges fetching ...
[2025-06-13 16:55:24] Challenges fetched successfully for pascale!
[2025-06-13 16:56:02] Erreur lors du rafraîchissement API, utilisation du cache: HTTPSConnectionPool(host='api.gurushots.com', port=443): Max retries exceeded with url: /rest/get_my_active_challenges (Caused by NewConnectionError('<urllib3.connection.HTTPSConnection object at 0x115945310>: Failed to establish a new connection: [Errno 61] Connection refused'))
[2025-06-13 16:56:19] Processus mis à jour pour pascale: photographer-of-the-week211-vote-20-left-0H:3M - executing
[2025-06-13 16:56:19] Traitement de vote pour Photographer of the Week
[2025-06-13 16:56:19] Photographer of the Week get vote panel
[2025-06-13 16:56:19] Processus associé: photographer-of-the-week211-vote-20-left-0H:3M
[2025-06-13 16:56:19] Récupération des données de vote pour Photographer of the Week (URL: photographer-of-the-week211, HEADER:{'User-Agent': 'Mozilla/5.0 (X11; Linux i686; rv:39.0) Gecko/20100101 Firefox/39.0', 'x-api-version': '8', 'x-env': 'WEB', 'X-requested-with': 'XMLHttpRequest', 'X-token': 'f96bbe3a7e7f833329e7129767a69abbfa6dfce3152e3c2a311eb49d89b5c3bb2b12b66b402f03dce682b8b2b6a005cd'})
[2025-06-13 16:56:20] Récupération réussie: 200 images pour Photographer of the Week
[2025-06-13 16:56:20] Voting fetching ...
[2025-06-13 16:56:20] Photographer of the Week voting 20 images
[2025-06-13 16:56:26] Photographer of the Week voting 20 images
[2025-06-13 16:56:27] Photographer of the Week voted successfully
[2025-06-13 16:56:27] Processus supprimé pour pascale: photographer-of-the-week211-vote-20-left-0H:3M - success
[2025-06-13 16:56:27] Processus mis à jour pour pascale: photographer-of-the-week211-vote-20-left-0H:3M - success
[2025-06-13 16:56:27] Processus photographer-of-the-week211-vote-20-left-0H:3M terminé avec succès (profil: pascale)
[2025-06-13 16:56:29] Photographer of the Week voted successfully
[2025-06-13 16:56:32] Challenges fetching ...
[2025-06-13 16:56:32] Challenges fetched successfully for pascale!
[2025-06-13 16:56:32] Challenges fetching ...
[2025-06-13 16:56:32] Challenges fetched successfully for pascale!
[2025-06-13 16:57:15] Processus mis à jour pour pascale: photographer-of-the-week211-vote-20-left-0H:2M - executing
[2025-06-13 16:57:15] Traitement de vote pour Photographer of the Week
[2025-06-13 16:57:15] Photographer of the Week get vote panel
[2025-06-13 16:57:15] Processus associé: photographer-of-the-week211-vote-20-left-0H:2M
[2025-06-13 16:57:15] Récupération des données de vote pour Photographer of the Week (URL: photographer-of-the-week211, HEADER:{'User-Agent': 'Mozilla/5.0 (X11; Linux i686; rv:39.0) Gecko/20100101 Firefox/39.0', 'x-api-version': '8', 'x-env': 'WEB', 'X-requested-with': 'XMLHttpRequest', 'X-token': 'f96bbe3a7e7f833329e7129767a69abbfa6dfce3152e3c2a311eb49d89b5c3bb2b12b66b402f03dce682b8b2b6a005cd'})
[2025-06-13 16:57:16] Récupération réussie: 200 images pour Photographer of the Week
[2025-06-13 16:57:16] Voting fetching ...
[2025-06-13 16:57:16] Photographer of the Week voting 20 images
[2025-06-13 16:57:19] Photographer of the Week voting 20 images
[2025-06-13 16:57:20] Photographer of the Week voted successfully
[2025-06-13 16:57:20] Processus supprimé pour pascale: photographer-of-the-week211-vote-20-left-0H:2M - success
[2025-06-13 16:57:20] Processus mis à jour pour pascale: photographer-of-the-week211-vote-20-left-0H:2M - success
[2025-06-13 16:57:20] Processus photographer-of-the-week211-vote-20-left-0H:2M terminé avec succès (profil: pascale)
[2025-06-13 16:57:22] Photographer of the Week voted successfully
[2025-06-13 16:57:25] Challenges fetching ...
[2025-06-13 16:57:25] Challenges fetched successfully for pascale!
[2025-06-13 16:57:25] Challenges fetching ...
[2025-06-13 16:57:25] Challenges fetched successfully for pascale!
[2025-06-13 16:58:03] Processus mis à jour pour pascale: photographer-of-the-week211-vote-20-left-0H:1M - executing
[2025-06-13 16:58:03] Traitement de vote pour Photographer of the Week
[2025-06-13 16:58:03] Photographer of the Week get vote panel
[2025-06-13 16:58:03] Processus associé: photographer-of-the-week211-vote-20-left-0H:1M
[2025-06-13 16:58:03] Récupération des données de vote pour Photographer of the Week (URL: photographer-of-the-week211, HEADER:{'User-Agent': 'Mozilla/5.0 (X11; Linux i686; rv:39.0) Gecko/20100101 Firefox/39.0', 'x-api-version': '8', 'x-env': 'WEB', 'X-requested-with': 'XMLHttpRequest', 'X-token': 'f96bbe3a7e7f833329e7129767a69abbfa6dfce3152e3c2a311eb49d89b5c3bb2b12b66b402f03dce682b8b2b6a005cd'})
[2025-06-13 16:58:04] Récupération réussie: 200 images pour Photographer of the Week
[2025-06-13 16:58:04] Voting fetching ...
[2025-06-13 16:58:04] Photographer of the Week voting 20 images
[2025-06-13 16:58:11] Photographer of the Week voting 20 images
[2025-06-13 16:58:12] Photographer of the Week voted successfully
[2025-06-13 16:58:12] Processus supprimé pour pascale: photographer-of-the-week211-vote-20-left-0H:1M - success
[2025-06-13 16:58:12] Processus mis à jour pour pascale: photographer-of-the-week211-vote-20-left-0H:1M - success
[2025-06-13 16:58:12] Processus photographer-of-the-week211-vote-20-left-0H:1M terminé avec succès (profil: pascale)
[2025-06-13 16:58:14] Photographer of the Week voted successfully
[2025-06-13 16:58:17] Challenges fetching ...
[2025-06-13 16:58:17] Challenges fetched successfully for pascale!
[2025-06-13 16:58:17] Challenges fetching ...
[2025-06-13 16:58:17] Challenges fetched successfully for pascale!
[2025-06-13 22:39:52] Refreshing challenges...
[2025-06-13 22:39:52] Fetching challenges...
[2025-06-13 22:39:53] Challenges fetching ...
[2025-06-13 22:39:53] Challenges fetched successfully for bruno!
[2025-06-13 22:39:59] 500 Guru's Picks get vote panel
[2025-06-13 22:39:59] Closed get vote panel
[2025-06-13 22:39:59] Dramatic Lighting get vote panel
[2025-06-13 22:39:59] Photo of the Week! get vote panel
[2025-06-13 22:39:59] Filling challenges: {101633, 101605, 102473, 101643, 101789, 102238, 101663}
Filled 500 Guru's Picks with strategy end4
Filled Closed with strategy end4
Filled Dramatic Lighting with strategy end4
Filled Photo of the Week! with strategy end4

[2025-06-13 22:39:59] Récupération des données de vote pour 500 Guru's Picks (URL: 500-guru-s-picks79, HEADER:{'User-Agent': 'Mozilla/5.0 (X11; Linux i686; rv:39.0) Gecko/20100101 Firefox/39.0', 'x-api-version': '8', 'x-env': 'WEB', 'X-requested-with': 'XMLHttpRequest', 'X-token': 'a1cad95a6d480c14f51dd0eba4914c8337b893c789ec6278bb440c7c9a673b162f042470c62684e6da2bd342ffea7777'})
[2025-06-13 22:39:59] Récupération des données de vote pour Closed (URL: closed27, HEADER:{'User-Agent': 'Mozilla/5.0 (X11; Linux i686; rv:39.0) Gecko/20100101 Firefox/39.0', 'x-api-version': '8', 'x-env': 'WEB', 'X-requested-with': 'XMLHttpRequest', 'X-token': 'a1cad95a6d480c14f51dd0eba4914c8337b893c789ec6278bb440c7c9a673b162f042470c62684e6da2bd342ffea7777'})
[2025-06-13 22:39:59] Récupération des données de vote pour Dramatic Lighting (URL: dramatic-lighting11, HEADER:{'User-Agent': 'Mozilla/5.0 (X11; Linux i686; rv:39.0) Gecko/20100101 Firefox/39.0', 'x-api-version': '8', 'x-env': 'WEB', 'X-requested-with': 'XMLHttpRequest', 'X-token': 'a1cad95a6d480c14f51dd0eba4914c8337b893c789ec6278bb440c7c9a673b162f042470c62684e6da2bd342ffea7777'})
[2025-06-13 22:39:59] Récupération des données de vote pour Photo of the Week! (URL: photo-of-the-week-300, HEADER:{'User-Agent': 'Mozilla/5.0 (X11; Linux i686; rv:39.0) Gecko/20100101 Firefox/39.0', 'x-api-version': '8', 'x-env': 'WEB', 'X-requested-with': 'XMLHttpRequest', 'X-token': 'a1cad95a6d480c14f51dd0eba4914c8337b893c789ec6278bb440c7c9a673b162f042470c62684e6da2bd342ffea7777'})
[2025-06-13 22:40:00] Récupération réussie: 200 images pour Photo of the Week!
[2025-06-13 22:40:00] Voting fetching ...
[2025-06-13 22:40:00] Photo of the Week! voting 35 images
[2025-06-13 22:40:03] Photo of the Week! voting 35 images
[2025-06-13 22:40:03] Récupération réussie: 200 images pour Closed
[2025-06-13 22:40:03] Voting fetching ...
[2025-06-13 22:40:03] Closed voting 35 images
[2025-06-13 22:40:06] Closed voting 35 images
[2025-06-13 22:40:06] Récupération réussie: 200 images pour 500 Guru's Picks
[2025-06-13 22:40:06] Voting fetching ...
[2025-06-13 22:40:06] 500 Guru's Picks voting 35 images
[2025-06-13 22:40:09] 500 Guru's Picks voting 35 images
[2025-06-13 22:40:09] Récupération réussie: 200 images pour Dramatic Lighting
[2025-06-13 22:40:09] Voting fetching ...
[2025-06-13 22:40:09] Dramatic Lighting voting 35 images
[2025-06-13 22:40:12] Dramatic Lighting voting 35 images
[2025-06-13 22:40:13] Closed voted successfully
[2025-06-13 22:40:15] Photo of the Week! voted successfully
[2025-06-13 22:40:17] Photo of the Week! voted successfully
[2025-06-13 22:40:19] Closed voted successfully
[2025-06-13 22:40:21] 500 Guru's Picks voted successfully
[2025-06-13 22:40:23] Dramatic Lighting voted successfully
[2025-06-13 22:40:25] Dramatic Lighting voted successfully
[2025-06-13 22:40:27] 500 Guru's Picks voted successfully
[2025-06-13 22:40:29] Challenges fetching ...
[2025-06-13 22:40:29] Challenges fetched successfully for bruno!
[2025-06-13 22:40:29] Challenges fetching ...
[2025-06-13 22:40:29] Challenges fetched successfully for bruno!
[2025-06-13 22:40:29] Challenges fetching ...
[2025-06-13 22:40:29] Challenges fetched successfully for bruno!
[2025-06-13 22:40:29] Challenges fetching ...
[2025-06-13 22:40:29] Challenges fetched successfully for bruno!
[2025-06-13 22:40:29] Challenges fetching ...
[2025-06-13 22:40:29] Challenges fetched successfully for bruno!
[2025-06-13 22:40:30] Challenges fetching ...
[2025-06-13 22:40:30] Challenges fetched successfully for bruno!
[2025-06-13 22:40:30] Challenges fetching ...
[2025-06-13 22:40:30] Challenges fetched successfully for bruno!
[2025-06-13 22:40:30] Challenges fetching ...
[2025-06-13 22:40:30] Challenges fetched successfully for bruno!
[2025-06-13 22:40:51] 500 Guru's Picks get vote panel
[2025-06-13 22:40:51] Closed get vote panel
[2025-06-13 22:40:51] Dramatic Lighting get vote panel
[2025-06-13 22:40:51] Photo of the Week! get vote panel
[2025-06-13 22:40:51] Filling challenges: {101633, 101605, 102473, 101643, 101789, 102238, 101663}
Filled 500 Guru's Picks with strategy end4
Filled Closed with strategy end4
Filled Dramatic Lighting with strategy end4
Filled Photo of the Week! with strategy end4

[2025-06-13 22:40:51] Récupération des données de vote pour 500 Guru's Picks (URL: 500-guru-s-picks79, HEADER:{'User-Agent': 'Mozilla/5.0 (X11; Linux i686; rv:39.0) Gecko/20100101 Firefox/39.0', 'x-api-version': '8', 'x-env': 'WEB', 'X-requested-with': 'XMLHttpRequest', 'X-token': 'a1cad95a6d480c14f51dd0eba4914c8337b893c789ec6278bb440c7c9a673b162f042470c62684e6da2bd342ffea7777'})
[2025-06-13 22:40:51] Récupération des données de vote pour Closed (URL: closed27, HEADER:{'User-Agent': 'Mozilla/5.0 (X11; Linux i686; rv:39.0) Gecko/20100101 Firefox/39.0', 'x-api-version': '8', 'x-env': 'WEB', 'X-requested-with': 'XMLHttpRequest', 'X-token': 'a1cad95a6d480c14f51dd0eba4914c8337b893c789ec6278bb440c7c9a673b162f042470c62684e6da2bd342ffea7777'})
[2025-06-13 22:40:51] Récupération des données de vote pour Dramatic Lighting (URL: dramatic-lighting11, HEADER:{'User-Agent': 'Mozilla/5.0 (X11; Linux i686; rv:39.0) Gecko/20100101 Firefox/39.0', 'x-api-version': '8', 'x-env': 'WEB', 'X-requested-with': 'XMLHttpRequest', 'X-token': 'a1cad95a6d480c14f51dd0eba4914c8337b893c789ec6278bb440c7c9a673b162f042470c62684e6da2bd342ffea7777'})
[2025-06-13 22:40:51] Récupération des données de vote pour Photo of the Week! (URL: photo-of-the-week-300, HEADER:{'User-Agent': 'Mozilla/5.0 (X11; Linux i686; rv:39.0) Gecko/20100101 Firefox/39.0', 'x-api-version': '8', 'x-env': 'WEB', 'X-requested-with': 'XMLHttpRequest', 'X-token': 'a1cad95a6d480c14f51dd0eba4914c8337b893c789ec6278bb440c7c9a673b162f042470c62684e6da2bd342ffea7777'})
[2025-06-13 22:40:51] Récupération réussie: 200 images pour Photo of the Week!
[2025-06-13 22:40:51] Voting fetching ...
[2025-06-13 22:40:51] Photo of the Week! voting 35 images
[2025-06-13 22:40:54] Photo of the Week! voting 35 images
[2025-06-13 22:40:54] Récupération réussie: 200 images pour Closed
[2025-06-13 22:40:54] Voting fetching ...
[2025-06-13 22:40:54] Closed voting 35 images
[2025-06-13 22:40:57] Closed voting 35 images
[2025-06-13 22:40:57] Récupération réussie: 200 images pour 500 Guru's Picks
[2025-06-13 22:40:57] Voting fetching ...
[2025-06-13 22:40:57] 500 Guru's Picks voting 35 images
[2025-06-13 22:41:00] 500 Guru's Picks voting 35 images
[2025-06-13 22:41:00] Récupération réussie: 200 images pour Dramatic Lighting
[2025-06-13 22:41:00] Voting fetching ...
[2025-06-13 22:41:00] Dramatic Lighting voting 35 images
[2025-06-13 22:41:03] Dramatic Lighting voting 35 images
[2025-06-13 22:41:04] Photo of the Week! voted successfully
[2025-06-13 22:41:06] Photo of the Week! voted successfully
[2025-06-13 22:41:08] 500 Guru's Picks voted successfully
[2025-06-13 22:41:10] Closed voted successfully
[2025-06-13 22:41:12] 500 Guru's Picks voted successfully
[2025-06-13 22:41:14] Closed voted successfully
[2025-06-13 22:41:16] Dramatic Lighting voted successfully
[2025-06-13 22:41:18] Dramatic Lighting voted successfully
[2025-06-13 22:41:21] Challenges fetching ...
[2025-06-13 22:41:21] Challenges fetched successfully for bruno!
[2025-06-13 22:41:21] Challenges fetching ...
[2025-06-13 22:41:21] Challenges fetched successfully for bruno!
[2025-06-13 22:41:21] Challenges fetching ...
[2025-06-13 22:41:21] Challenges fetched successfully for bruno!
[2025-06-13 22:41:21] Challenges fetching ...
[2025-06-13 22:41:21] Challenges fetched successfully for bruno!
[2025-06-13 22:41:21] Challenges fetching ...
[2025-06-13 22:41:21] Challenges fetched successfully for bruno!
[2025-06-13 22:41:21] Challenges fetching ...
[2025-06-13 22:41:21] Challenges fetched successfully for bruno!
[2025-06-13 22:41:21] Challenges fetching ...
[2025-06-13 22:41:21] Challenges fetched successfully for bruno!
[2025-06-13 22:41:21] Challenges fetching ...
[2025-06-13 22:41:21] Challenges fetched successfully for bruno!
[2025-06-13 22:42:39] Refreshing challenges...
[2025-06-13 22:42:39] Fetching challenges...
[2025-06-13 22:42:40] Challenges fetching ...
[2025-06-13 22:42:40] Challenges fetched successfully for pascale!
[2025-06-13 22:42:42] Sélection de tous les challenges

[2025-06-13 22:42:46] Traveling The World get vote panel
[2025-06-13 22:42:46] You On GS Instagram get vote panel
[2025-06-13 22:42:46] My Exhibition Shot get vote panel
[2025-06-13 22:42:46] 500 Guru's Picks get vote panel
[2025-06-13 22:42:46] Closed get vote panel
[2025-06-13 22:42:46] Solo - Single Subject get vote panel
[2025-06-13 22:42:46] Guru of The Week get vote panel
[2025-06-13 22:42:46] Dramatic Lighting get vote panel
[2025-06-13 22:42:46] Photo of the Week! get vote panel
[2025-06-13 22:42:46] Filling challenges: {101794, 102470, 101223, 102473, 101643, 102164, 102231, 101789, 102238}
Filled Traveling The World with strategy end4
Filled You On GS Instagram with strategy end4
Filled My Exhibition Shot with strategy end4
Filled 500 Guru's Picks with strategy end4
Filled Closed with strategy end4
Filled Solo - Single Subject with strategy end4
Filled Guru of The Week with strategy end4
Filled Dramatic Lighting with strategy end4
Filled Photo of the Week! with strategy end4

[2025-06-13 22:42:46] Récupération des données de vote pour Traveling The World (URL: travel-stories6, HEADER:{'User-Agent': 'Mozilla/5.0 (X11; Linux i686; rv:39.0) Gecko/20100101 Firefox/39.0', 'x-api-version': '8', 'x-env': 'WEB', 'X-requested-with': 'XMLHttpRequest', 'X-token': 'f96bbe3a7e7f833329e7129767a69abbfa6dfce3152e3c2a311eb49d89b5c3bb2b12b66b402f03dce682b8b2b6a005cd'})
[2025-06-13 22:42:46] Récupération des données de vote pour You On GS Instagram (URL: you-on-gs-instagram74, HEADER:{'User-Agent': 'Mozilla/5.0 (X11; Linux i686; rv:39.0) Gecko/20100101 Firefox/39.0', 'x-api-version': '8', 'x-env': 'WEB', 'X-requested-with': 'XMLHttpRequest', 'X-token': 'f96bbe3a7e7f833329e7129767a69abbfa6dfce3152e3c2a311eb49d89b5c3bb2b12b66b402f03dce682b8b2b6a005cd'})
[2025-06-13 22:42:46] Récupération des données de vote pour My Exhibition Shot (URL: my-exhibition-shot14, HEADER:{'User-Agent': 'Mozilla/5.0 (X11; Linux i686; rv:39.0) Gecko/20100101 Firefox/39.0', 'x-api-version': '8', 'x-env': 'WEB', 'X-requested-with': 'XMLHttpRequest', 'X-token': 'f96bbe3a7e7f833329e7129767a69abbfa6dfce3152e3c2a311eb49d89b5c3bb2b12b66b402f03dce682b8b2b6a005cd'})
[2025-06-13 22:42:46] Récupération des données de vote pour 500 Guru's Picks (URL: 500-guru-s-picks79, HEADER:{'User-Agent': 'Mozilla/5.0 (X11; Linux i686; rv:39.0) Gecko/20100101 Firefox/39.0', 'x-api-version': '8', 'x-env': 'WEB', 'X-requested-with': 'XMLHttpRequest', 'X-token': 'f96bbe3a7e7f833329e7129767a69abbfa6dfce3152e3c2a311eb49d89b5c3bb2b12b66b402f03dce682b8b2b6a005cd'})
[2025-06-13 22:42:46] Récupération des données de vote pour Closed (URL: closed27, HEADER:{'User-Agent': 'Mozilla/5.0 (X11; Linux i686; rv:39.0) Gecko/20100101 Firefox/39.0', 'x-api-version': '8', 'x-env': 'WEB', 'X-requested-with': 'XMLHttpRequest', 'X-token': 'f96bbe3a7e7f833329e7129767a69abbfa6dfce3152e3c2a311eb49d89b5c3bb2b12b66b402f03dce682b8b2b6a005cd'})
[2025-06-13 22:42:46] Récupération des données de vote pour Solo - Single Subject (URL: solo-single-subject32, HEADER:{'User-Agent': 'Mozilla/5.0 (X11; Linux i686; rv:39.0) Gecko/20100101 Firefox/39.0', 'x-api-version': '8', 'x-env': 'WEB', 'X-requested-with': 'XMLHttpRequest', 'X-token': 'f96bbe3a7e7f833329e7129767a69abbfa6dfce3152e3c2a311eb49d89b5c3bb2b12b66b402f03dce682b8b2b6a005cd'})
[2025-06-13 22:42:46] Récupération des données de vote pour Guru of The Week (URL: guru-of-the-week37, HEADER:{'User-Agent': 'Mozilla/5.0 (X11; Linux i686; rv:39.0) Gecko/20100101 Firefox/39.0', 'x-api-version': '8', 'x-env': 'WEB', 'X-requested-with': 'XMLHttpRequest', 'X-token': 'f96bbe3a7e7f833329e7129767a69abbfa6dfce3152e3c2a311eb49d89b5c3bb2b12b66b402f03dce682b8b2b6a005cd'})
[2025-06-13 22:42:46] Récupération des données de vote pour Dramatic Lighting (URL: dramatic-lighting11, HEADER:{'User-Agent': 'Mozilla/5.0 (X11; Linux i686; rv:39.0) Gecko/20100101 Firefox/39.0', 'x-api-version': '8', 'x-env': 'WEB', 'X-requested-with': 'XMLHttpRequest', 'X-token': 'f96bbe3a7e7f833329e7129767a69abbfa6dfce3152e3c2a311eb49d89b5c3bb2b12b66b402f03dce682b8b2b6a005cd'})
[2025-06-13 22:42:46] Récupération des données de vote pour Photo of the Week! (URL: photo-of-the-week-300, HEADER:{'User-Agent': 'Mozilla/5.0 (X11; Linux i686; rv:39.0) Gecko/20100101 Firefox/39.0', 'x-api-version': '8', 'x-env': 'WEB', 'X-requested-with': 'XMLHttpRequest', 'X-token': 'f96bbe3a7e7f833329e7129767a69abbfa6dfce3152e3c2a311eb49d89b5c3bb2b12b66b402f03dce682b8b2b6a005cd'})
[2025-06-13 22:42:47] Récupération réussie: 200 images pour Photo of the Week!
[2025-06-13 22:42:47] Voting fetching ...
[2025-06-13 22:42:47] Photo of the Week! voting 35 images
[2025-06-13 22:42:50] Photo of the Week! voting 35 images
[2025-06-13 22:42:50] Récupération réussie: 200 images pour Closed
[2025-06-13 22:42:50] Voting fetching ...
[2025-06-13 22:42:50] Closed voting 35 images
[2025-06-13 22:42:53] Closed voting 35 images
[2025-06-13 22:42:53] Récupération réussie: 200 images pour Guru of The Week
[2025-06-13 22:42:53] Voting fetching ...
[2025-06-13 22:42:53] Guru of The Week voting 35 images
[2025-06-13 22:42:56] Guru of The Week voting 35 images
[2025-06-13 22:42:56] Récupération réussie: 200 images pour You On GS Instagram
[2025-06-13 22:42:56] Voting fetching ...
[2025-06-13 22:42:56] You On GS Instagram voting 35 images
[2025-06-13 22:42:59] You On GS Instagram voting 35 images
[2025-06-13 22:42:59] Récupération réussie: 200 images pour My Exhibition Shot
[2025-06-13 22:42:59] Voting fetching ...
[2025-06-13 22:42:59] My Exhibition Shot voting 35 images
[2025-06-13 22:43:02] My Exhibition Shot voting 35 images
[2025-06-13 22:43:02] Récupération réussie: 200 images pour 500 Guru's Picks
[2025-06-13 22:43:02] Voting fetching ...
[2025-06-13 22:43:02] 500 Guru's Picks voting 35 images
[2025-06-13 22:43:05] 500 Guru's Picks voting 35 images
[2025-06-13 22:43:05] Récupération réussie: 200 images pour Solo - Single Subject
[2025-06-13 22:43:05] Voting fetching ...
[2025-06-13 22:43:05] Solo - Single Subject voting 35 images
[2025-06-13 22:43:08] Solo - Single Subject voting 35 images
[2025-06-13 22:43:08] Récupération réussie: 200 images pour Traveling The World
[2025-06-13 22:43:08] Voting fetching ...
[2025-06-13 22:43:08] Traveling The World voting 35 images
[2025-06-13 22:43:11] Traveling The World voting 35 images
[2025-06-13 22:43:11] Récupération réussie: 200 images pour Dramatic Lighting
[2025-06-13 22:43:11] Voting fetching ...
[2025-06-13 22:43:11] Dramatic Lighting voting 35 images
[2025-06-13 22:43:14] Dramatic Lighting voting 35 images
[2025-06-13 22:43:15] Photo of the Week! voted successfully
[2025-06-13 22:43:17] Closed voted successfully
[2025-06-13 22:43:19] Photo of the Week! voted successfully
[2025-06-13 22:43:21] Guru of The Week voted successfully
[2025-06-13 22:43:23] Closed voted successfully
[2025-06-13 22:43:25] Solo - Single Subject voted successfully
[2025-06-13 22:43:27] My Exhibition Shot voted successfully
[2025-06-13 22:43:29] My Exhibition Shot voted successfully
[2025-06-13 22:43:31] 500 Guru's Picks voted successfully
[2025-06-13 22:43:33] You On GS Instagram voted successfully
[2025-06-13 22:43:35] 500 Guru's Picks voted successfully
[2025-06-13 22:43:37] Traveling The World voted successfully
[2025-06-13 22:43:39] Guru of The Week voted successfully
[2025-06-13 22:43:41] Dramatic Lighting voted successfully
[2025-06-13 22:43:43] You On GS Instagram voted successfully
[2025-06-13 22:43:45] Dramatic Lighting voted successfully
[2025-06-13 22:43:47] Solo - Single Subject voted successfully
[2025-06-13 22:43:49] Traveling The World voted successfully
[2025-06-13 22:43:52] Challenges fetching ...
[2025-06-13 22:43:52] Challenges fetched successfully for pascale!
[2025-06-13 22:43:52] Challenges fetching ...
[2025-06-13 22:43:52] Challenges fetched successfully for pascale!
[2025-06-13 22:43:52] Challenges fetching ...
[2025-06-13 22:43:52] Challenges fetched successfully for pascale!
[2025-06-13 22:43:52] Challenges fetching ...
[2025-06-13 22:43:52] Challenges fetched successfully for pascale!
[2025-06-13 22:43:52] Challenges fetching ...
[2025-06-13 22:43:52] Challenges fetched successfully for pascale!
[2025-06-13 22:43:52] Challenges fetching ...
[2025-06-13 22:43:52] Challenges fetched successfully for pascale!
[2025-06-13 22:43:52] Challenges fetching ...
[2025-06-13 22:43:52] Challenges fetched successfully for pascale!
[2025-06-13 22:43:52] Challenges fetching ...
[2025-06-13 22:43:52] Challenges fetched successfully for pascale!
[2025-06-13 22:43:52] Challenges fetching ...
[2025-06-13 22:43:52] Challenges fetched successfully for pascale!
[2025-06-13 22:43:52] Challenges fetching ...
[2025-06-13 22:43:52] Challenges fetched successfully for pascale!
[2025-06-13 22:43:52] Challenges fetching ...
[2025-06-13 22:43:52] Challenges fetched successfully for pascale!
[2025-06-13 22:43:52] Challenges fetching ...
[2025-06-13 22:43:52] Challenges fetched successfully for pascale!
[2025-06-13 22:43:52] Challenges fetching ...
[2025-06-13 22:43:52] Challenges fetched successfully for pascale!
[2025-06-13 22:43:52] Challenges fetching ...
[2025-06-13 22:43:52] Challenges fetched successfully for pascale!
[2025-06-13 22:43:52] Challenges fetching ...
[2025-06-13 22:43:52] Challenges fetched successfully for pascale!
[2025-06-13 22:43:52] Challenges fetching ...
[2025-06-13 22:43:52] Challenges fetched successfully for pascale!
[2025-06-13 22:43:52] Challenges fetching ...
[2025-06-13 22:43:52] Challenges fetched successfully for pascale!
[2025-06-13 22:43:52] Challenges fetching ...
[2025-06-13 22:43:52] Challenges fetched successfully for pascale!
