[2025-06-06 00:36:11] Refreshing challenges...
[2025-06-06 00:36:11] Fetching challenges...
[2025-06-06 00:36:12] Challenges fetching ...
[2025-06-06 00:36:12] Lancement automatique des stratégies de fin pour 1 nouveaux challenges...
[2025-06-06 00:36:12] Nouveau challenge détecté pour pascale: Beautiful Eyes
[2025-06-06 00:36:12] Challenges fetched successfully for pascale!
[2025-06-06 00:36:14] Sélection de tous les challenges

[2025-06-06 00:36:21] Beautiful Eyes get vote panel
[2025-06-06 00:36:42] Best of Black & White get vote panel
[2025-06-06 00:37:03] Photographer of the Week get vote panel
[2025-06-06 00:37:24] Ultimate Exposure get vote panel
[2025-06-06 00:37:28] Refreshing challenges...
[2025-06-06 00:37:28] Fetching challenges...
[2025-06-06 00:37:29] Challenges fetching ...
[2025-06-06 00:37:29] Challenges fetched successfully for bruno!
[2025-06-06 00:37:30] Sélection de tous les challenges

[2025-06-06 00:37:38] Beautiful Eyes get vote panel
[2025-06-06 00:37:45] Gone Walking get vote panel
[2025-06-06 00:37:59] Ultimate Exposure get vote panel
[2025-06-06 00:38:06] Still Life get vote panel
[2025-06-06 00:38:20] Cactus & Succulent Plants get vote panel
[2025-06-06 00:38:27] Guru of The Week get vote panel
[2025-06-06 00:38:41] Gone Walking get vote panel
[2025-06-06 00:38:48] Dramatic Lighting get vote panel
[2025-06-06 00:39:02] Great Mistakes get vote panel
[2025-06-06 00:39:09] Filling challenges: {101573, 101222, 101478, 101734, 101555, 101466, 101725, 101789}
Filled Beautiful Eyes with strategy end4
Filled Best of Black & White with strategy end4
Filled Photographer of the Week with strategy end4
Filled Ultimate Exposure with strategy end4
Filled Gone Walking with strategy end4
Filled Still Life with strategy end4
Filled Guru of The Week with strategy end4
Filled Dramatic Lighting with strategy end4

[2025-06-06 00:39:09] Récupération des données de vote pour Beautiful Eyes (URL: attractive-eyes, HEADER:{'User-Agent': 'Mozilla/5.0 (X11; Linux i686; rv:39.0) Gecko/20100101 Firefox/39.0', 'x-api-version': '8', 'x-env': 'WEB', 'X-requested-with': 'XMLHttpRequest', 'X-token': 'f96bbe3a7e7f833329e7129767a69abbfa6dfce3152e3c2a311eb49d89b5c3bb2b12b66b402f03dce682b8b2b6a005cd'})
[2025-06-06 00:39:09] Récupération des données de vote pour Beautiful Eyes (URL: attractive-eyes, HEADER:{'User-Agent': 'Mozilla/5.0 (X11; Linux i686; rv:39.0) Gecko/20100101 Firefox/39.0', 'x-api-version': '8', 'x-env': 'WEB', 'X-requested-with': 'XMLHttpRequest', 'X-token': 'f96bbe3a7e7f833329e7129767a69abbfa6dfce3152e3c2a311eb49d89b5c3bb2b12b66b402f03dce682b8b2b6a005cd'})
[2025-06-06 00:39:09] Récupération des données de vote pour Beautiful Eyes (URL: attractive-eyes, HEADER:{'User-Agent': 'Mozilla/5.0 (X11; Linux i686; rv:39.0) Gecko/20100101 Firefox/39.0', 'x-api-version': '8', 'x-env': 'WEB', 'X-requested-with': 'XMLHttpRequest', 'X-token': 'f96bbe3a7e7f833329e7129767a69abbfa6dfce3152e3c2a311eb49d89b5c3bb2b12b66b402f03dce682b8b2b6a005cd'})
[2025-06-06 00:39:09] Récupération des données de vote pour Beautiful Eyes (URL: attractive-eyes, HEADER:{'User-Agent': 'Mozilla/5.0 (X11; Linux i686; rv:39.0) Gecko/20100101 Firefox/39.0', 'x-api-version': '8', 'x-env': 'WEB', 'X-requested-with': 'XMLHttpRequest', 'X-token': 'f96bbe3a7e7f833329e7129767a69abbfa6dfce3152e3c2a311eb49d89b5c3bb2b12b66b402f03dce682b8b2b6a005cd'})
[2025-06-06 00:39:09] Récupération des données de vote pour Beautiful Eyes (URL: attractive-eyes, HEADER:{'User-Agent': 'Mozilla/5.0 (X11; Linux i686; rv:39.0) Gecko/20100101 Firefox/39.0', 'x-api-version': '8', 'x-env': 'WEB', 'X-requested-with': 'XMLHttpRequest', 'X-token': 'f96bbe3a7e7f833329e7129767a69abbfa6dfce3152e3c2a311eb49d89b5c3bb2b12b66b402f03dce682b8b2b6a005cd'})
[2025-06-06 00:39:09] Récupération des données de vote pour Beautiful Eyes (URL: attractive-eyes, HEADER:{'User-Agent': 'Mozilla/5.0 (X11; Linux i686; rv:39.0) Gecko/20100101 Firefox/39.0', 'x-api-version': '8', 'x-env': 'WEB', 'X-requested-with': 'XMLHttpRequest', 'X-token': 'f96bbe3a7e7f833329e7129767a69abbfa6dfce3152e3c2a311eb49d89b5c3bb2b12b66b402f03dce682b8b2b6a005cd'})
[2025-06-06 00:39:09] Récupération des données de vote pour Beautiful Eyes (URL: attractive-eyes, HEADER:{'User-Agent': 'Mozilla/5.0 (X11; Linux i686; rv:39.0) Gecko/20100101 Firefox/39.0', 'x-api-version': '8', 'x-env': 'WEB', 'X-requested-with': 'XMLHttpRequest', 'X-token': 'f96bbe3a7e7f833329e7129767a69abbfa6dfce3152e3c2a311eb49d89b5c3bb2b12b66b402f03dce682b8b2b6a005cd'})
[2025-06-06 00:39:09] Récupération des données de vote pour Best of Black & White (URL: best-of-black-white29, HEADER:{'User-Agent': 'Mozilla/5.0 (X11; Linux i686; rv:39.0) Gecko/20100101 Firefox/39.0', 'x-api-version': '8', 'x-env': 'WEB', 'X-requested-with': 'XMLHttpRequest', 'X-token': 'f96bbe3a7e7f833329e7129767a69abbfa6dfce3152e3c2a311eb49d89b5c3bb2b12b66b402f03dce682b8b2b6a005cd'})
[2025-06-06 00:39:09] Récupération des données de vote pour Best of Black & White (URL: best-of-black-white29, HEADER:{'User-Agent': 'Mozilla/5.0 (X11; Linux i686; rv:39.0) Gecko/20100101 Firefox/39.0', 'x-api-version': '8', 'x-env': 'WEB', 'X-requested-with': 'XMLHttpRequest', 'X-token': 'f96bbe3a7e7f833329e7129767a69abbfa6dfce3152e3c2a311eb49d89b5c3bb2b12b66b402f03dce682b8b2b6a005cd'})
[2025-06-06 00:39:09] Récupération des données de vote pour Best of Black & White (URL: best-of-black-white29, HEADER:{'User-Agent': 'Mozilla/5.0 (X11; Linux i686; rv:39.0) Gecko/20100101 Firefox/39.0', 'x-api-version': '8', 'x-env': 'WEB', 'X-requested-with': 'XMLHttpRequest', 'X-token': 'f96bbe3a7e7f833329e7129767a69abbfa6dfce3152e3c2a311eb49d89b5c3bb2b12b66b402f03dce682b8b2b6a005cd'})
[2025-06-06 00:39:09] Récupération des données de vote pour Best of Black & White (URL: best-of-black-white29, HEADER:{'User-Agent': 'Mozilla/5.0 (X11; Linux i686; rv:39.0) Gecko/20100101 Firefox/39.0', 'x-api-version': '8', 'x-env': 'WEB', 'X-requested-with': 'XMLHttpRequest', 'X-token': 'f96bbe3a7e7f833329e7129767a69abbfa6dfce3152e3c2a311eb49d89b5c3bb2b12b66b402f03dce682b8b2b6a005cd'})
[2025-06-06 00:39:09] Récupération des données de vote pour Best of Black & White (URL: best-of-black-white29, HEADER:{'User-Agent': 'Mozilla/5.0 (X11; Linux i686; rv:39.0) Gecko/20100101 Firefox/39.0', 'x-api-version': '8', 'x-env': 'WEB', 'X-requested-with': 'XMLHttpRequest', 'X-token': 'f96bbe3a7e7f833329e7129767a69abbfa6dfce3152e3c2a311eb49d89b5c3bb2b12b66b402f03dce682b8b2b6a005cd'})
[2025-06-06 00:39:09] Récupération des données de vote pour Best of Black & White (URL: best-of-black-white29, HEADER:{'User-Agent': 'Mozilla/5.0 (X11; Linux i686; rv:39.0) Gecko/20100101 Firefox/39.0', 'x-api-version': '8', 'x-env': 'WEB', 'X-requested-with': 'XMLHttpRequest', 'X-token': 'f96bbe3a7e7f833329e7129767a69abbfa6dfce3152e3c2a311eb49d89b5c3bb2b12b66b402f03dce682b8b2b6a005cd'})
[2025-06-06 00:39:09] Récupération des données de vote pour Best of Black & White (URL: best-of-black-white29, HEADER:{'User-Agent': 'Mozilla/5.0 (X11; Linux i686; rv:39.0) Gecko/20100101 Firefox/39.0', 'x-api-version': '8', 'x-env': 'WEB', 'X-requested-with': 'XMLHttpRequest', 'X-token': 'f96bbe3a7e7f833329e7129767a69abbfa6dfce3152e3c2a311eb49d89b5c3bb2b12b66b402f03dce682b8b2b6a005cd'})
[2025-06-06 00:39:09] Récupération des données de vote pour Photographer of the Week (URL: photographer-of-the-week210, HEADER:{'User-Agent': 'Mozilla/5.0 (X11; Linux i686; rv:39.0) Gecko/20100101 Firefox/39.0', 'x-api-version': '8', 'x-env': 'WEB', 'X-requested-with': 'XMLHttpRequest', 'X-token': 'f96bbe3a7e7f833329e7129767a69abbfa6dfce3152e3c2a311eb49d89b5c3bb2b12b66b402f03dce682b8b2b6a005cd'})
[2025-06-06 00:39:09] Récupération des données de vote pour Photographer of the Week (URL: photographer-of-the-week210, HEADER:{'User-Agent': 'Mozilla/5.0 (X11; Linux i686; rv:39.0) Gecko/20100101 Firefox/39.0', 'x-api-version': '8', 'x-env': 'WEB', 'X-requested-with': 'XMLHttpRequest', 'X-token': 'f96bbe3a7e7f833329e7129767a69abbfa6dfce3152e3c2a311eb49d89b5c3bb2b12b66b402f03dce682b8b2b6a005cd'})
[2025-06-06 00:39:09] Récupération des données de vote pour Photographer of the Week (URL: photographer-of-the-week210, HEADER:{'User-Agent': 'Mozilla/5.0 (X11; Linux i686; rv:39.0) Gecko/20100101 Firefox/39.0', 'x-api-version': '8', 'x-env': 'WEB', 'X-requested-with': 'XMLHttpRequest', 'X-token': 'f96bbe3a7e7f833329e7129767a69abbfa6dfce3152e3c2a311eb49d89b5c3bb2b12b66b402f03dce682b8b2b6a005cd'})
[2025-06-06 00:39:09] Récupération des données de vote pour Photographer of the Week (URL: photographer-of-the-week210, HEADER:{'User-Agent': 'Mozilla/5.0 (X11; Linux i686; rv:39.0) Gecko/20100101 Firefox/39.0', 'x-api-version': '8', 'x-env': 'WEB', 'X-requested-with': 'XMLHttpRequest', 'X-token': 'f96bbe3a7e7f833329e7129767a69abbfa6dfce3152e3c2a311eb49d89b5c3bb2b12b66b402f03dce682b8b2b6a005cd'})
[2025-06-06 00:39:09] Récupération des données de vote pour Photographer of the Week (URL: photographer-of-the-week210, HEADER:{'User-Agent': 'Mozilla/5.0 (X11; Linux i686; rv:39.0) Gecko/20100101 Firefox/39.0', 'x-api-version': '8', 'x-env': 'WEB', 'X-requested-with': 'XMLHttpRequest', 'X-token': 'f96bbe3a7e7f833329e7129767a69abbfa6dfce3152e3c2a311eb49d89b5c3bb2b12b66b402f03dce682b8b2b6a005cd'})
[2025-06-06 00:39:09] Récupération des données de vote pour Photographer of the Week (URL: photographer-of-the-week210, HEADER:{'User-Agent': 'Mozilla/5.0 (X11; Linux i686; rv:39.0) Gecko/20100101 Firefox/39.0', 'x-api-version': '8', 'x-env': 'WEB', 'X-requested-with': 'XMLHttpRequest', 'X-token': 'f96bbe3a7e7f833329e7129767a69abbfa6dfce3152e3c2a311eb49d89b5c3bb2b12b66b402f03dce682b8b2b6a005cd'})
[2025-06-06 00:39:09] Récupération des données de vote pour Photographer of the Week (URL: photographer-of-the-week210, HEADER:{'User-Agent': 'Mozilla/5.0 (X11; Linux i686; rv:39.0) Gecko/20100101 Firefox/39.0', 'x-api-version': '8', 'x-env': 'WEB', 'X-requested-with': 'XMLHttpRequest', 'X-token': 'f96bbe3a7e7f833329e7129767a69abbfa6dfce3152e3c2a311eb49d89b5c3bb2b12b66b402f03dce682b8b2b6a005cd'})
[2025-06-06 00:39:09] Récupération des données de vote pour Ultimate Exposure (URL: ultimate-exposure80, HEADER:{'User-Agent': 'Mozilla/5.0 (X11; Linux i686; rv:39.0) Gecko/20100101 Firefox/39.0', 'x-api-version': '8', 'x-env': 'WEB', 'X-requested-with': 'XMLHttpRequest', 'X-token': 'f96bbe3a7e7f833329e7129767a69abbfa6dfce3152e3c2a311eb49d89b5c3bb2b12b66b402f03dce682b8b2b6a005cd'})
[2025-06-06 00:39:09] Récupération des données de vote pour Ultimate Exposure (URL: ultimate-exposure80, HEADER:{'User-Agent': 'Mozilla/5.0 (X11; Linux i686; rv:39.0) Gecko/20100101 Firefox/39.0', 'x-api-version': '8', 'x-env': 'WEB', 'X-requested-with': 'XMLHttpRequest', 'X-token': 'f96bbe3a7e7f833329e7129767a69abbfa6dfce3152e3c2a311eb49d89b5c3bb2b12b66b402f03dce682b8b2b6a005cd'})
[2025-06-06 00:39:09] Récupération des données de vote pour Ultimate Exposure (URL: ultimate-exposure80, HEADER:{'User-Agent': 'Mozilla/5.0 (X11; Linux i686; rv:39.0) Gecko/20100101 Firefox/39.0', 'x-api-version': '8', 'x-env': 'WEB', 'X-requested-with': 'XMLHttpRequest', 'X-token': 'f96bbe3a7e7f833329e7129767a69abbfa6dfce3152e3c2a311eb49d89b5c3bb2b12b66b402f03dce682b8b2b6a005cd'})
[2025-06-06 00:39:09] Récupération des données de vote pour Ultimate Exposure (URL: ultimate-exposure80, HEADER:{'User-Agent': 'Mozilla/5.0 (X11; Linux i686; rv:39.0) Gecko/20100101 Firefox/39.0', 'x-api-version': '8', 'x-env': 'WEB', 'X-requested-with': 'XMLHttpRequest', 'X-token': 'f96bbe3a7e7f833329e7129767a69abbfa6dfce3152e3c2a311eb49d89b5c3bb2b12b66b402f03dce682b8b2b6a005cd'})
[2025-06-06 00:39:09] Récupération des données de vote pour Ultimate Exposure (URL: ultimate-exposure80, HEADER:{'User-Agent': 'Mozilla/5.0 (X11; Linux i686; rv:39.0) Gecko/20100101 Firefox/39.0', 'x-api-version': '8', 'x-env': 'WEB', 'X-requested-with': 'XMLHttpRequest', 'X-token': 'f96bbe3a7e7f833329e7129767a69abbfa6dfce3152e3c2a311eb49d89b5c3bb2b12b66b402f03dce682b8b2b6a005cd'})
[2025-06-06 00:39:09] Récupération des données de vote pour Ultimate Exposure (URL: ultimate-exposure80, HEADER:{'User-Agent': 'Mozilla/5.0 (X11; Linux i686; rv:39.0) Gecko/20100101 Firefox/39.0', 'x-api-version': '8', 'x-env': 'WEB', 'X-requested-with': 'XMLHttpRequest', 'X-token': 'f96bbe3a7e7f833329e7129767a69abbfa6dfce3152e3c2a311eb49d89b5c3bb2b12b66b402f03dce682b8b2b6a005cd'})
[2025-06-06 00:39:09] Récupération des données de vote pour Ultimate Exposure (URL: ultimate-exposure80, HEADER:{'User-Agent': 'Mozilla/5.0 (X11; Linux i686; rv:39.0) Gecko/20100101 Firefox/39.0', 'x-api-version': '8', 'x-env': 'WEB', 'X-requested-with': 'XMLHttpRequest', 'X-token': 'f96bbe3a7e7f833329e7129767a69abbfa6dfce3152e3c2a311eb49d89b5c3bb2b12b66b402f03dce682b8b2b6a005cd'})
[2025-06-06 00:39:09] Récupération des données de vote pour Gone Walking (URL: gone-walking, HEADER:{'User-Agent': 'Mozilla/5.0 (X11; Linux i686; rv:39.0) Gecko/20100101 Firefox/39.0', 'x-api-version': '8', 'x-env': 'WEB', 'X-requested-with': 'XMLHttpRequest', 'X-token': 'f96bbe3a7e7f833329e7129767a69abbfa6dfce3152e3c2a311eb49d89b5c3bb2b12b66b402f03dce682b8b2b6a005cd'})
[2025-06-06 00:39:09] Récupération des données de vote pour Gone Walking (URL: gone-walking, HEADER:{'User-Agent': 'Mozilla/5.0 (X11; Linux i686; rv:39.0) Gecko/20100101 Firefox/39.0', 'x-api-version': '8', 'x-env': 'WEB', 'X-requested-with': 'XMLHttpRequest', 'X-token': 'f96bbe3a7e7f833329e7129767a69abbfa6dfce3152e3c2a311eb49d89b5c3bb2b12b66b402f03dce682b8b2b6a005cd'})
[2025-06-06 00:39:09] Récupération des données de vote pour Gone Walking (URL: gone-walking, HEADER:{'User-Agent': 'Mozilla/5.0 (X11; Linux i686; rv:39.0) Gecko/20100101 Firefox/39.0', 'x-api-version': '8', 'x-env': 'WEB', 'X-requested-with': 'XMLHttpRequest', 'X-token': 'f96bbe3a7e7f833329e7129767a69abbfa6dfce3152e3c2a311eb49d89b5c3bb2b12b66b402f03dce682b8b2b6a005cd'})
[2025-06-06 00:39:09] Récupération des données de vote pour Gone Walking (URL: gone-walking, HEADER:{'User-Agent': 'Mozilla/5.0 (X11; Linux i686; rv:39.0) Gecko/20100101 Firefox/39.0', 'x-api-version': '8', 'x-env': 'WEB', 'X-requested-with': 'XMLHttpRequest', 'X-token': 'f96bbe3a7e7f833329e7129767a69abbfa6dfce3152e3c2a311eb49d89b5c3bb2b12b66b402f03dce682b8b2b6a005cd'})
[2025-06-06 00:39:09] Récupération des données de vote pour Gone Walking (URL: gone-walking, HEADER:{'User-Agent': 'Mozilla/5.0 (X11; Linux i686; rv:39.0) Gecko/20100101 Firefox/39.0', 'x-api-version': '8', 'x-env': 'WEB', 'X-requested-with': 'XMLHttpRequest', 'X-token': 'f96bbe3a7e7f833329e7129767a69abbfa6dfce3152e3c2a311eb49d89b5c3bb2b12b66b402f03dce682b8b2b6a005cd'})
[2025-06-06 00:39:09] Récupération des données de vote pour Gone Walking (URL: gone-walking, HEADER:{'User-Agent': 'Mozilla/5.0 (X11; Linux i686; rv:39.0) Gecko/20100101 Firefox/39.0', 'x-api-version': '8', 'x-env': 'WEB', 'X-requested-with': 'XMLHttpRequest', 'X-token': 'f96bbe3a7e7f833329e7129767a69abbfa6dfce3152e3c2a311eb49d89b5c3bb2b12b66b402f03dce682b8b2b6a005cd'})
[2025-06-06 00:39:09] Récupération des données de vote pour Gone Walking (URL: gone-walking, HEADER:{'User-Agent': 'Mozilla/5.0 (X11; Linux i686; rv:39.0) Gecko/20100101 Firefox/39.0', 'x-api-version': '8', 'x-env': 'WEB', 'X-requested-with': 'XMLHttpRequest', 'X-token': 'f96bbe3a7e7f833329e7129767a69abbfa6dfce3152e3c2a311eb49d89b5c3bb2b12b66b402f03dce682b8b2b6a005cd'})
[2025-06-06 00:39:09] Récupération des données de vote pour Still Life (URL: still-life5, HEADER:{'User-Agent': 'Mozilla/5.0 (X11; Linux i686; rv:39.0) Gecko/20100101 Firefox/39.0', 'x-api-version': '8', 'x-env': 'WEB', 'X-requested-with': 'XMLHttpRequest', 'X-token': 'f96bbe3a7e7f833329e7129767a69abbfa6dfce3152e3c2a311eb49d89b5c3bb2b12b66b402f03dce682b8b2b6a005cd'})
[2025-06-06 00:39:09] Récupération des données de vote pour Still Life (URL: still-life5, HEADER:{'User-Agent': 'Mozilla/5.0 (X11; Linux i686; rv:39.0) Gecko/20100101 Firefox/39.0', 'x-api-version': '8', 'x-env': 'WEB', 'X-requested-with': 'XMLHttpRequest', 'X-token': 'f96bbe3a7e7f833329e7129767a69abbfa6dfce3152e3c2a311eb49d89b5c3bb2b12b66b402f03dce682b8b2b6a005cd'})
[2025-06-06 00:39:09] Récupération des données de vote pour Still Life (URL: still-life5, HEADER:{'User-Agent': 'Mozilla/5.0 (X11; Linux i686; rv:39.0) Gecko/20100101 Firefox/39.0', 'x-api-version': '8', 'x-env': 'WEB', 'X-requested-with': 'XMLHttpRequest', 'X-token': 'f96bbe3a7e7f833329e7129767a69abbfa6dfce3152e3c2a311eb49d89b5c3bb2b12b66b402f03dce682b8b2b6a005cd'})
[2025-06-06 00:39:09] Récupération des données de vote pour Still Life (URL: still-life5, HEADER:{'User-Agent': 'Mozilla/5.0 (X11; Linux i686; rv:39.0) Gecko/20100101 Firefox/39.0', 'x-api-version': '8', 'x-env': 'WEB', 'X-requested-with': 'XMLHttpRequest', 'X-token': 'f96bbe3a7e7f833329e7129767a69abbfa6dfce3152e3c2a311eb49d89b5c3bb2b12b66b402f03dce682b8b2b6a005cd'})
[2025-06-06 00:39:09] Récupération des données de vote pour Still Life (URL: still-life5, HEADER:{'User-Agent': 'Mozilla/5.0 (X11; Linux i686; rv:39.0) Gecko/20100101 Firefox/39.0', 'x-api-version': '8', 'x-env': 'WEB', 'X-requested-with': 'XMLHttpRequest', 'X-token': 'f96bbe3a7e7f833329e7129767a69abbfa6dfce3152e3c2a311eb49d89b5c3bb2b12b66b402f03dce682b8b2b6a005cd'})
[2025-06-06 00:39:09] Récupération des données de vote pour Still Life (URL: still-life5, HEADER:{'User-Agent': 'Mozilla/5.0 (X11; Linux i686; rv:39.0) Gecko/20100101 Firefox/39.0', 'x-api-version': '8', 'x-env': 'WEB', 'X-requested-with': 'XMLHttpRequest', 'X-token': 'f96bbe3a7e7f833329e7129767a69abbfa6dfce3152e3c2a311eb49d89b5c3bb2b12b66b402f03dce682b8b2b6a005cd'})
[2025-06-06 00:39:09] Récupération des données de vote pour Still Life (URL: still-life5, HEADER:{'User-Agent': 'Mozilla/5.0 (X11; Linux i686; rv:39.0) Gecko/20100101 Firefox/39.0', 'x-api-version': '8', 'x-env': 'WEB', 'X-requested-with': 'XMLHttpRequest', 'X-token': 'f96bbe3a7e7f833329e7129767a69abbfa6dfce3152e3c2a311eb49d89b5c3bb2b12b66b402f03dce682b8b2b6a005cd'})
[2025-06-06 00:39:09] Récupération des données de vote pour Guru of The Week (URL: guru-of-the-week36, HEADER:{'User-Agent': 'Mozilla/5.0 (X11; Linux i686; rv:39.0) Gecko/20100101 Firefox/39.0', 'x-api-version': '8', 'x-env': 'WEB', 'X-requested-with': 'XMLHttpRequest', 'X-token': 'f96bbe3a7e7f833329e7129767a69abbfa6dfce3152e3c2a311eb49d89b5c3bb2b12b66b402f03dce682b8b2b6a005cd'})
[2025-06-06 00:39:09] Récupération des données de vote pour Guru of The Week (URL: guru-of-the-week36, HEADER:{'User-Agent': 'Mozilla/5.0 (X11; Linux i686; rv:39.0) Gecko/20100101 Firefox/39.0', 'x-api-version': '8', 'x-env': 'WEB', 'X-requested-with': 'XMLHttpRequest', 'X-token': 'f96bbe3a7e7f833329e7129767a69abbfa6dfce3152e3c2a311eb49d89b5c3bb2b12b66b402f03dce682b8b2b6a005cd'})
[2025-06-06 00:39:09] Récupération des données de vote pour Guru of The Week (URL: guru-of-the-week36, HEADER:{'User-Agent': 'Mozilla/5.0 (X11; Linux i686; rv:39.0) Gecko/20100101 Firefox/39.0', 'x-api-version': '8', 'x-env': 'WEB', 'X-requested-with': 'XMLHttpRequest', 'X-token': 'f96bbe3a7e7f833329e7129767a69abbfa6dfce3152e3c2a311eb49d89b5c3bb2b12b66b402f03dce682b8b2b6a005cd'})
[2025-06-06 00:39:09] Récupération des données de vote pour Guru of The Week (URL: guru-of-the-week36, HEADER:{'User-Agent': 'Mozilla/5.0 (X11; Linux i686; rv:39.0) Gecko/20100101 Firefox/39.0', 'x-api-version': '8', 'x-env': 'WEB', 'X-requested-with': 'XMLHttpRequest', 'X-token': 'f96bbe3a7e7f833329e7129767a69abbfa6dfce3152e3c2a311eb49d89b5c3bb2b12b66b402f03dce682b8b2b6a005cd'})
[2025-06-06 00:39:09] Récupération des données de vote pour Guru of The Week (URL: guru-of-the-week36, HEADER:{'User-Agent': 'Mozilla/5.0 (X11; Linux i686; rv:39.0) Gecko/20100101 Firefox/39.0', 'x-api-version': '8', 'x-env': 'WEB', 'X-requested-with': 'XMLHttpRequest', 'X-token': 'f96bbe3a7e7f833329e7129767a69abbfa6dfce3152e3c2a311eb49d89b5c3bb2b12b66b402f03dce682b8b2b6a005cd'})
[2025-06-06 00:39:09] Récupération des données de vote pour Guru of The Week (URL: guru-of-the-week36, HEADER:{'User-Agent': 'Mozilla/5.0 (X11; Linux i686; rv:39.0) Gecko/20100101 Firefox/39.0', 'x-api-version': '8', 'x-env': 'WEB', 'X-requested-with': 'XMLHttpRequest', 'X-token': 'f96bbe3a7e7f833329e7129767a69abbfa6dfce3152e3c2a311eb49d89b5c3bb2b12b66b402f03dce682b8b2b6a005cd'})
[2025-06-06 00:39:09] Récupération des données de vote pour Guru of The Week (URL: guru-of-the-week36, HEADER:{'User-Agent': 'Mozilla/5.0 (X11; Linux i686; rv:39.0) Gecko/20100101 Firefox/39.0', 'x-api-version': '8', 'x-env': 'WEB', 'X-requested-with': 'XMLHttpRequest', 'X-token': 'f96bbe3a7e7f833329e7129767a69abbfa6dfce3152e3c2a311eb49d89b5c3bb2b12b66b402f03dce682b8b2b6a005cd'})
[2025-06-06 00:39:09] Récupération des données de vote pour Dramatic Lighting (URL: dramatic-lighting11, HEADER:{'User-Agent': 'Mozilla/5.0 (X11; Linux i686; rv:39.0) Gecko/20100101 Firefox/39.0', 'x-api-version': '8', 'x-env': 'WEB', 'X-requested-with': 'XMLHttpRequest', 'X-token': 'f96bbe3a7e7f833329e7129767a69abbfa6dfce3152e3c2a311eb49d89b5c3bb2b12b66b402f03dce682b8b2b6a005cd'})
[2025-06-06 00:39:09] Récupération des données de vote pour Dramatic Lighting (URL: dramatic-lighting11, HEADER:{'User-Agent': 'Mozilla/5.0 (X11; Linux i686; rv:39.0) Gecko/20100101 Firefox/39.0', 'x-api-version': '8', 'x-env': 'WEB', 'X-requested-with': 'XMLHttpRequest', 'X-token': 'f96bbe3a7e7f833329e7129767a69abbfa6dfce3152e3c2a311eb49d89b5c3bb2b12b66b402f03dce682b8b2b6a005cd'})
[2025-06-06 00:39:09] Récupération des données de vote pour Dramatic Lighting (URL: dramatic-lighting11, HEADER:{'User-Agent': 'Mozilla/5.0 (X11; Linux i686; rv:39.0) Gecko/20100101 Firefox/39.0', 'x-api-version': '8', 'x-env': 'WEB', 'X-requested-with': 'XMLHttpRequest', 'X-token': 'f96bbe3a7e7f833329e7129767a69abbfa6dfce3152e3c2a311eb49d89b5c3bb2b12b66b402f03dce682b8b2b6a005cd'})
[2025-06-06 00:39:09] Récupération des données de vote pour Dramatic Lighting (URL: dramatic-lighting11, HEADER:{'User-Agent': 'Mozilla/5.0 (X11; Linux i686; rv:39.0) Gecko/20100101 Firefox/39.0', 'x-api-version': '8', 'x-env': 'WEB', 'X-requested-with': 'XMLHttpRequest', 'X-token': 'f96bbe3a7e7f833329e7129767a69abbfa6dfce3152e3c2a311eb49d89b5c3bb2b12b66b402f03dce682b8b2b6a005cd'})
[2025-06-06 00:39:09] Récupération des données de vote pour Dramatic Lighting (URL: dramatic-lighting11, HEADER:{'User-Agent': 'Mozilla/5.0 (X11; Linux i686; rv:39.0) Gecko/20100101 Firefox/39.0', 'x-api-version': '8', 'x-env': 'WEB', 'X-requested-with': 'XMLHttpRequest', 'X-token': 'f96bbe3a7e7f833329e7129767a69abbfa6dfce3152e3c2a311eb49d89b5c3bb2b12b66b402f03dce682b8b2b6a005cd'})
[2025-06-06 00:39:09] Récupération des données de vote pour Dramatic Lighting (URL: dramatic-lighting11, HEADER:{'User-Agent': 'Mozilla/5.0 (X11; Linux i686; rv:39.0) Gecko/20100101 Firefox/39.0', 'x-api-version': '8', 'x-env': 'WEB', 'X-requested-with': 'XMLHttpRequest', 'X-token': 'f96bbe3a7e7f833329e7129767a69abbfa6dfce3152e3c2a311eb49d89b5c3bb2b12b66b402f03dce682b8b2b6a005cd'})
[2025-06-06 00:39:09] Récupération des données de vote pour Dramatic Lighting (URL: dramatic-lighting11, HEADER:{'User-Agent': 'Mozilla/5.0 (X11; Linux i686; rv:39.0) Gecko/20100101 Firefox/39.0', 'x-api-version': '8', 'x-env': 'WEB', 'X-requested-with': 'XMLHttpRequest', 'X-token': 'f96bbe3a7e7f833329e7129767a69abbfa6dfce3152e3c2a311eb49d89b5c3bb2b12b66b402f03dce682b8b2b6a005cd'})
[2025-06-06 00:39:10] Récupération réussie: 200 images pour Beautiful Eyes
[2025-06-06 00:39:10] Voting fetching ...
[2025-06-06 00:39:10] Beautiful Eyes voting 10 images
[2025-06-06 00:39:11] Récupération réussie: 200 images pour Beautiful Eyes
[2025-06-06 00:39:11] Voting fetching ...
[2025-06-06 00:39:11] Beautiful Eyes voting 10 images
[2025-06-06 00:39:11] Récupération réussie: 200 images pour Beautiful Eyes
[2025-06-06 00:39:11] Voting fetching ...
[2025-06-06 00:39:11] Beautiful Eyes voting 10 images
[2025-06-06 00:39:11] Récupération réussie: 200 images pour Beautiful Eyes
[2025-06-06 00:39:11] Voting fetching ...
[2025-06-06 00:39:11] Beautiful Eyes voting 10 images
[2025-06-06 00:39:11] Récupération réussie: 200 images pour Guru of The Week
[2025-06-06 00:39:11] Voting fetching ...
[2025-06-06 00:39:11] Guru of The Week voting 10 images
[2025-06-06 00:39:11] Récupération réussie: 200 images pour Beautiful Eyes
[2025-06-06 00:39:11] Voting fetching ...
[2025-06-06 00:39:11] Beautiful Eyes voting 10 images
[2025-06-06 00:39:11] Récupération réussie: 200 images pour Beautiful Eyes
[2025-06-06 00:39:11] Voting fetching ...
[2025-06-06 00:39:11] Beautiful Eyes voting 10 images
[2025-06-06 00:39:11] Récupération réussie: 200 images pour Photographer of the Week
[2025-06-06 00:39:11] Voting fetching ...
[2025-06-06 00:39:11] Photographer of the Week voting 10 images
[2025-06-06 00:39:11] Récupération réussie: 200 images pour Beautiful Eyes
[2025-06-06 00:39:11] Voting fetching ...
[2025-06-06 00:39:11] Beautiful Eyes voting 10 images
[2025-06-06 00:39:11] Récupération réussie: 200 images pour Guru of The Week
[2025-06-06 00:39:11] Voting fetching ...
[2025-06-06 00:39:11] Guru of The Week voting 10 images
[2025-06-06 00:39:11] Récupération réussie: 200 images pour Guru of The Week
[2025-06-06 00:39:11] Voting fetching ...
[2025-06-06 00:39:11] Guru of The Week voting 10 images
[2025-06-06 00:39:11] Récupération réussie: 200 images pour Guru of The Week
[2025-06-06 00:39:11] Voting fetching ...
[2025-06-06 00:39:11] Guru of The Week voting 10 images
[2025-06-06 00:39:11] Récupération réussie: 200 images pour Photographer of the Week
[2025-06-06 00:39:11] Voting fetching ...
[2025-06-06 00:39:11] Photographer of the Week voting 10 images
[2025-06-06 00:39:11] Récupération réussie: 200 images pour Gone Walking
[2025-06-06 00:39:11] Voting fetching ...
[2025-06-06 00:39:11] Gone Walking voting 10 images
[2025-06-06 00:39:11] Récupération réussie: 200 images pour Guru of The Week
[2025-06-06 00:39:11] Voting fetching ...
[2025-06-06 00:39:11] Guru of The Week voting 10 images
[2025-06-06 00:39:11] Récupération réussie: 200 images pour Gone Walking
[2025-06-06 00:39:11] Voting fetching ...
[2025-06-06 00:39:11] Gone Walking voting 10 images
[2025-06-06 00:39:11] Récupération réussie: 200 images pour Photographer of the Week
[2025-06-06 00:39:11] Voting fetching ...
[2025-06-06 00:39:11] Photographer of the Week voting 10 images
[2025-06-06 00:39:11] Récupération réussie: 200 images pour Guru of The Week
[2025-06-06 00:39:11] Voting fetching ...
[2025-06-06 00:39:11] Guru of The Week voting 10 images
[2025-06-06 00:39:11] Récupération réussie: 200 images pour Photographer of the Week
[2025-06-06 00:39:11] Voting fetching ...
[2025-06-06 00:39:11] Photographer of the Week voting 10 images
[2025-06-06 00:39:11] Récupération réussie: 200 images pour Photographer of the Week
[2025-06-06 00:39:11] Voting fetching ...
[2025-06-06 00:39:11] Photographer of the Week voting 10 images
[2025-06-06 00:39:11] Récupération réussie: 200 images pour Gone Walking
[2025-06-06 00:39:11] Voting fetching ...
[2025-06-06 00:39:11] Gone Walking voting 10 images
[2025-06-06 00:39:11] Récupération réussie: 200 images pour Photographer of the Week
[2025-06-06 00:39:11] Voting fetching ...
[2025-06-06 00:39:11] Photographer of the Week voting 10 images
[2025-06-06 00:39:11] Récupération réussie: 200 images pour Gone Walking
[2025-06-06 00:39:11] Voting fetching ...
[2025-06-06 00:39:11] Gone Walking voting 10 images
[2025-06-06 00:39:11] Récupération réussie: 200 images pour Photographer of the Week
[2025-06-06 00:39:11] Voting fetching ...
[2025-06-06 00:39:11] Photographer of the Week voting 10 images
[2025-06-06 00:39:11] Récupération réussie: 200 images pour Guru of The Week
[2025-06-06 00:39:11] Voting fetching ...
[2025-06-06 00:39:11] Guru of The Week voting 10 images
[2025-06-06 00:39:11] Récupération réussie: 200 images pour Gone Walking
[2025-06-06 00:39:11] Voting fetching ...
[2025-06-06 00:39:11] Gone Walking voting 10 images
[2025-06-06 00:39:11] Récupération réussie: 200 images pour Gone Walking
[2025-06-06 00:39:11] Voting fetching ...
[2025-06-06 00:39:11] Gone Walking voting 10 images
[2025-06-06 00:39:11] Récupération réussie: 200 images pour Gone Walking
[2025-06-06 00:39:11] Voting fetching ...
[2025-06-06 00:39:11] Gone Walking voting 10 images
[2025-06-06 00:39:11] Récupération réussie: 200 images pour Still Life
[2025-06-06 00:39:11] Voting fetching ...
[2025-06-06 00:39:11] Still Life voting 10 images
[2025-06-06 00:39:11] Récupération réussie: 200 images pour Best of Black & White
[2025-06-06 00:39:11] Voting fetching ...
[2025-06-06 00:39:11] Best of Black & White voting 10 images
[2025-06-06 00:39:11] Récupération réussie: 200 images pour Still Life
[2025-06-06 00:39:11] Voting fetching ...
[2025-06-06 00:39:11] Still Life voting 10 images
[2025-06-06 00:39:11] Récupération réussie: 200 images pour Best of Black & White
[2025-06-06 00:39:11] Voting fetching ...
[2025-06-06 00:39:11] Best of Black & White voting 10 images
[2025-06-06 00:39:11] Récupération réussie: 200 images pour Ultimate Exposure
[2025-06-06 00:39:11] Voting fetching ...
[2025-06-06 00:39:11] Ultimate Exposure voting 10 images
[2025-06-06 00:39:11] Récupération réussie: 200 images pour Ultimate Exposure
[2025-06-06 00:39:11] Voting fetching ...
[2025-06-06 00:39:11] Ultimate Exposure voting 10 images
[2025-06-06 00:39:11] Récupération réussie: 200 images pour Dramatic Lighting
[2025-06-06 00:39:11] Voting fetching ...
[2025-06-06 00:39:11] Dramatic Lighting voting 10 images
[2025-06-06 00:39:11] Récupération réussie: 200 images pour Still Life
[2025-06-06 00:39:11] Voting fetching ...
[2025-06-06 00:39:11] Still Life voting 10 images
[2025-06-06 00:39:12] Récupération réussie: 200 images pour Dramatic Lighting
[2025-06-06 00:39:12] Voting fetching ...
[2025-06-06 00:39:12] Dramatic Lighting voting 10 images
[2025-06-06 00:39:12] Récupération réussie: 200 images pour Dramatic Lighting
[2025-06-06 00:39:12] Voting fetching ...
[2025-06-06 00:39:12] Dramatic Lighting voting 10 images
[2025-06-06 00:39:12] Récupération réussie: 200 images pour Dramatic Lighting
[2025-06-06 00:39:12] Voting fetching ...
[2025-06-06 00:39:12] Dramatic Lighting voting 10 images
[2025-06-06 00:39:12] Récupération réussie: 200 images pour Best of Black & White
[2025-06-06 00:39:12] Voting fetching ...
[2025-06-06 00:39:12] Best of Black & White voting 10 images
[2025-06-06 00:39:12] Récupération réussie: 200 images pour Ultimate Exposure
[2025-06-06 00:39:12] Voting fetching ...
[2025-06-06 00:39:12] Ultimate Exposure voting 10 images
[2025-06-06 00:39:12] Récupération réussie: 200 images pour Dramatic Lighting
[2025-06-06 00:39:12] Voting fetching ...
[2025-06-06 00:39:12] Dramatic Lighting voting 10 images
[2025-06-06 00:39:12] Récupération réussie: 200 images pour Best of Black & White
[2025-06-06 00:39:12] Voting fetching ...
[2025-06-06 00:39:12] Best of Black & White voting 10 images
[2025-06-06 00:39:12] Récupération réussie: 200 images pour Still Life
[2025-06-06 00:39:12] Voting fetching ...
[2025-06-06 00:39:12] Still Life voting 10 images
[2025-06-06 00:39:12] Récupération réussie: 200 images pour Still Life
[2025-06-06 00:39:12] Voting fetching ...
[2025-06-06 00:39:12] Still Life voting 10 images
[2025-06-06 00:39:12] Récupération réussie: 200 images pour Ultimate Exposure
[2025-06-06 00:39:12] Voting fetching ...
[2025-06-06 00:39:12] Ultimate Exposure voting 10 images
[2025-06-06 00:39:12] Récupération réussie: 200 images pour Ultimate Exposure
[2025-06-06 00:39:12] Voting fetching ...
[2025-06-06 00:39:12] Ultimate Exposure voting 10 images
[2025-06-06 00:39:12] Récupération réussie: 200 images pour Best of Black & White
[2025-06-06 00:39:12] Voting fetching ...
[2025-06-06 00:39:12] Best of Black & White voting 10 images
[2025-06-06 00:39:12] Récupération réussie: 200 images pour Dramatic Lighting
[2025-06-06 00:39:12] Voting fetching ...
[2025-06-06 00:39:12] Dramatic Lighting voting 10 images
[2025-06-06 00:39:12] Récupération réussie: 200 images pour Best of Black & White
[2025-06-06 00:39:12] Voting fetching ...
[2025-06-06 00:39:12] Best of Black & White voting 10 images
[2025-06-06 00:39:12] Récupération réussie: 200 images pour Ultimate Exposure
[2025-06-06 00:39:12] Voting fetching ...
[2025-06-06 00:39:12] Ultimate Exposure voting 10 images
[2025-06-06 00:39:12] Récupération réussie: 200 images pour Ultimate Exposure
[2025-06-06 00:39:12] Voting fetching ...
[2025-06-06 00:39:12] Ultimate Exposure voting 10 images
[2025-06-06 00:39:12] Récupération réussie: 200 images pour Still Life
[2025-06-06 00:39:12] Voting fetching ...
[2025-06-06 00:39:12] Still Life voting 10 images
[2025-06-06 00:39:12] Récupération réussie: 200 images pour Best of Black & White
[2025-06-06 00:39:12] Voting fetching ...
[2025-06-06 00:39:12] Best of Black & White voting 10 images
[2025-06-06 00:39:12] Récupération réussie: 200 images pour Dramatic Lighting
[2025-06-06 00:39:12] Voting fetching ...
[2025-06-06 00:39:12] Dramatic Lighting voting 10 images
[2025-06-06 00:39:12] Récupération réussie: 200 images pour Still Life
[2025-06-06 00:39:12] Voting fetching ...
[2025-06-06 00:39:12] Still Life voting 10 images
[2025-06-06 00:39:12] Beautiful Eyes voted successfully
[2025-06-06 00:39:14] Beautiful Eyes voted successfully
[2025-06-06 00:39:16] Beautiful Eyes voted successfully
[2025-06-06 00:39:18] Beautiful Eyes voted successfully
[2025-06-06 00:39:20] Guru of The Week voted successfully
[2025-06-06 00:39:22] Beautiful Eyes voted successfully
[2025-06-06 00:39:23] Dramatic Lighting get vote panel
[2025-06-06 00:39:24] Beautiful Eyes voted successfully
[2025-06-06 00:39:26] Guru of The Week voted successfully
[2025-06-06 00:39:28] Photographer of the Week voted successfully
[2025-06-06 00:39:30] Photographer of the Week voted successfully
[2025-06-06 00:39:32] Gone Walking voted successfully
[2025-06-06 00:39:34] Beautiful Eyes voted successfully
[2025-06-06 00:39:36] Guru of The Week voted successfully
[2025-06-06 00:39:38] Gone Walking voted successfully
[2025-06-06 00:39:40] Guru of The Week voted successfully
[2025-06-06 00:39:43] Guru of The Week voted successfully
[2025-06-06 00:39:44] Photo of the Week! get vote panel
[2025-06-06 00:39:45] Photographer of the Week voted successfully
[2025-06-06 00:39:47] Photographer of the Week voted successfully
[2025-06-06 00:39:49] Photographer of the Week voted successfully
[2025-06-06 00:39:51] Photographer of the Week voted successfully
[2025-06-06 00:39:53] Gone Walking voted successfully
[2025-06-06 00:39:55] Guru of The Week voted successfully
[2025-06-06 00:39:57] Gone Walking voted successfully
[2025-06-06 00:39:59] Gone Walking voted successfully
[2025-06-06 00:40:01] Best of Black & White voted successfully
[2025-06-06 00:40:03] Gone Walking voted successfully
[2025-06-06 00:40:05] Dramatic Lighting voted successfully
[2025-06-06 00:40:05] Filling challenges: {101568, 101569, 101570, 101573, 101574, 101734, 101579, 101555, 101566, 101789, 101790, 101791}
Filled Beautiful Eyes with strategy end4
Filled Ultimate Exposure with strategy end4
Filled Cactus & Succulent Plants with strategy end4
Filled Gone Walking with strategy end4
Filled Great Mistakes with strategy end4
Filled Dramatic Lighting with strategy end4
Filled Photo of the Week! with strategy end4

[2025-06-06 00:40:05] Récupération des données de vote pour Beautiful Eyes (URL: attractive-eyes, HEADER:{'User-Agent': 'Mozilla/5.0 (X11; Linux i686; rv:39.0) Gecko/20100101 Firefox/39.0', 'x-api-version': '8', 'x-env': 'WEB', 'X-requested-with': 'XMLHttpRequest', 'X-token': 'a1cad95a6d480c14f51dd0eba4914c8337b893c789ec6278bb440c7c9a673b162f042470c62684e6da2bd342ffea7777'})
[2025-06-06 00:40:05] Récupération des données de vote pour Beautiful Eyes (URL: attractive-eyes, HEADER:{'User-Agent': 'Mozilla/5.0 (X11; Linux i686; rv:39.0) Gecko/20100101 Firefox/39.0', 'x-api-version': '8', 'x-env': 'WEB', 'X-requested-with': 'XMLHttpRequest', 'X-token': 'a1cad95a6d480c14f51dd0eba4914c8337b893c789ec6278bb440c7c9a673b162f042470c62684e6da2bd342ffea7777'})
[2025-06-06 00:40:05] Récupération des données de vote pour Beautiful Eyes (URL: attractive-eyes, HEADER:{'User-Agent': 'Mozilla/5.0 (X11; Linux i686; rv:39.0) Gecko/20100101 Firefox/39.0', 'x-api-version': '8', 'x-env': 'WEB', 'X-requested-with': 'XMLHttpRequest', 'X-token': 'a1cad95a6d480c14f51dd0eba4914c8337b893c789ec6278bb440c7c9a673b162f042470c62684e6da2bd342ffea7777'})
[2025-06-06 00:40:05] Récupération des données de vote pour Beautiful Eyes (URL: attractive-eyes, HEADER:{'User-Agent': 'Mozilla/5.0 (X11; Linux i686; rv:39.0) Gecko/20100101 Firefox/39.0', 'x-api-version': '8', 'x-env': 'WEB', 'X-requested-with': 'XMLHttpRequest', 'X-token': 'a1cad95a6d480c14f51dd0eba4914c8337b893c789ec6278bb440c7c9a673b162f042470c62684e6da2bd342ffea7777'})
[2025-06-06 00:40:05] Récupération des données de vote pour Beautiful Eyes (URL: attractive-eyes, HEADER:{'User-Agent': 'Mozilla/5.0 (X11; Linux i686; rv:39.0) Gecko/20100101 Firefox/39.0', 'x-api-version': '8', 'x-env': 'WEB', 'X-requested-with': 'XMLHttpRequest', 'X-token': 'a1cad95a6d480c14f51dd0eba4914c8337b893c789ec6278bb440c7c9a673b162f042470c62684e6da2bd342ffea7777'})
[2025-06-06 00:40:05] Récupération des données de vote pour Beautiful Eyes (URL: attractive-eyes, HEADER:{'User-Agent': 'Mozilla/5.0 (X11; Linux i686; rv:39.0) Gecko/20100101 Firefox/39.0', 'x-api-version': '8', 'x-env': 'WEB', 'X-requested-with': 'XMLHttpRequest', 'X-token': 'a1cad95a6d480c14f51dd0eba4914c8337b893c789ec6278bb440c7c9a673b162f042470c62684e6da2bd342ffea7777'})
[2025-06-06 00:40:05] Récupération des données de vote pour Beautiful Eyes (URL: attractive-eyes, HEADER:{'User-Agent': 'Mozilla/5.0 (X11; Linux i686; rv:39.0) Gecko/20100101 Firefox/39.0', 'x-api-version': '8', 'x-env': 'WEB', 'X-requested-with': 'XMLHttpRequest', 'X-token': 'a1cad95a6d480c14f51dd0eba4914c8337b893c789ec6278bb440c7c9a673b162f042470c62684e6da2bd342ffea7777'})
[2025-06-06 00:40:05] Récupération des données de vote pour Ultimate Exposure (URL: ultimate-exposure80, HEADER:{'User-Agent': 'Mozilla/5.0 (X11; Linux i686; rv:39.0) Gecko/20100101 Firefox/39.0', 'x-api-version': '8', 'x-env': 'WEB', 'X-requested-with': 'XMLHttpRequest', 'X-token': 'a1cad95a6d480c14f51dd0eba4914c8337b893c789ec6278bb440c7c9a673b162f042470c62684e6da2bd342ffea7777'})
[2025-06-06 00:40:05] Récupération des données de vote pour Ultimate Exposure (URL: ultimate-exposure80, HEADER:{'User-Agent': 'Mozilla/5.0 (X11; Linux i686; rv:39.0) Gecko/20100101 Firefox/39.0', 'x-api-version': '8', 'x-env': 'WEB', 'X-requested-with': 'XMLHttpRequest', 'X-token': 'a1cad95a6d480c14f51dd0eba4914c8337b893c789ec6278bb440c7c9a673b162f042470c62684e6da2bd342ffea7777'})
[2025-06-06 00:40:05] Récupération des données de vote pour Ultimate Exposure (URL: ultimate-exposure80, HEADER:{'User-Agent': 'Mozilla/5.0 (X11; Linux i686; rv:39.0) Gecko/20100101 Firefox/39.0', 'x-api-version': '8', 'x-env': 'WEB', 'X-requested-with': 'XMLHttpRequest', 'X-token': 'a1cad95a6d480c14f51dd0eba4914c8337b893c789ec6278bb440c7c9a673b162f042470c62684e6da2bd342ffea7777'})
[2025-06-06 00:40:05] Récupération des données de vote pour Ultimate Exposure (URL: ultimate-exposure80, HEADER:{'User-Agent': 'Mozilla/5.0 (X11; Linux i686; rv:39.0) Gecko/20100101 Firefox/39.0', 'x-api-version': '8', 'x-env': 'WEB', 'X-requested-with': 'XMLHttpRequest', 'X-token': 'a1cad95a6d480c14f51dd0eba4914c8337b893c789ec6278bb440c7c9a673b162f042470c62684e6da2bd342ffea7777'})
[2025-06-06 00:40:05] Récupération des données de vote pour Ultimate Exposure (URL: ultimate-exposure80, HEADER:{'User-Agent': 'Mozilla/5.0 (X11; Linux i686; rv:39.0) Gecko/20100101 Firefox/39.0', 'x-api-version': '8', 'x-env': 'WEB', 'X-requested-with': 'XMLHttpRequest', 'X-token': 'a1cad95a6d480c14f51dd0eba4914c8337b893c789ec6278bb440c7c9a673b162f042470c62684e6da2bd342ffea7777'})
[2025-06-06 00:40:05] Récupération des données de vote pour Ultimate Exposure (URL: ultimate-exposure80, HEADER:{'User-Agent': 'Mozilla/5.0 (X11; Linux i686; rv:39.0) Gecko/20100101 Firefox/39.0', 'x-api-version': '8', 'x-env': 'WEB', 'X-requested-with': 'XMLHttpRequest', 'X-token': 'a1cad95a6d480c14f51dd0eba4914c8337b893c789ec6278bb440c7c9a673b162f042470c62684e6da2bd342ffea7777'})
[2025-06-06 00:40:05] Récupération des données de vote pour Ultimate Exposure (URL: ultimate-exposure80, HEADER:{'User-Agent': 'Mozilla/5.0 (X11; Linux i686; rv:39.0) Gecko/20100101 Firefox/39.0', 'x-api-version': '8', 'x-env': 'WEB', 'X-requested-with': 'XMLHttpRequest', 'X-token': 'a1cad95a6d480c14f51dd0eba4914c8337b893c789ec6278bb440c7c9a673b162f042470c62684e6da2bd342ffea7777'})
[2025-06-06 00:40:05] Récupération des données de vote pour Cactus & Succulent Plants (URL: cactus-succulent-plants, HEADER:{'User-Agent': 'Mozilla/5.0 (X11; Linux i686; rv:39.0) Gecko/20100101 Firefox/39.0', 'x-api-version': '8', 'x-env': 'WEB', 'X-requested-with': 'XMLHttpRequest', 'X-token': 'a1cad95a6d480c14f51dd0eba4914c8337b893c789ec6278bb440c7c9a673b162f042470c62684e6da2bd342ffea7777'})
[2025-06-06 00:40:05] Récupération des données de vote pour Cactus & Succulent Plants (URL: cactus-succulent-plants, HEADER:{'User-Agent': 'Mozilla/5.0 (X11; Linux i686; rv:39.0) Gecko/20100101 Firefox/39.0', 'x-api-version': '8', 'x-env': 'WEB', 'X-requested-with': 'XMLHttpRequest', 'X-token': 'a1cad95a6d480c14f51dd0eba4914c8337b893c789ec6278bb440c7c9a673b162f042470c62684e6da2bd342ffea7777'})
[2025-06-06 00:40:05] Récupération des données de vote pour Cactus & Succulent Plants (URL: cactus-succulent-plants, HEADER:{'User-Agent': 'Mozilla/5.0 (X11; Linux i686; rv:39.0) Gecko/20100101 Firefox/39.0', 'x-api-version': '8', 'x-env': 'WEB', 'X-requested-with': 'XMLHttpRequest', 'X-token': 'a1cad95a6d480c14f51dd0eba4914c8337b893c789ec6278bb440c7c9a673b162f042470c62684e6da2bd342ffea7777'})
[2025-06-06 00:40:05] Récupération des données de vote pour Cactus & Succulent Plants (URL: cactus-succulent-plants, HEADER:{'User-Agent': 'Mozilla/5.0 (X11; Linux i686; rv:39.0) Gecko/20100101 Firefox/39.0', 'x-api-version': '8', 'x-env': 'WEB', 'X-requested-with': 'XMLHttpRequest', 'X-token': 'a1cad95a6d480c14f51dd0eba4914c8337b893c789ec6278bb440c7c9a673b162f042470c62684e6da2bd342ffea7777'})
[2025-06-06 00:40:05] Récupération des données de vote pour Cactus & Succulent Plants (URL: cactus-succulent-plants, HEADER:{'User-Agent': 'Mozilla/5.0 (X11; Linux i686; rv:39.0) Gecko/20100101 Firefox/39.0', 'x-api-version': '8', 'x-env': 'WEB', 'X-requested-with': 'XMLHttpRequest', 'X-token': 'a1cad95a6d480c14f51dd0eba4914c8337b893c789ec6278bb440c7c9a673b162f042470c62684e6da2bd342ffea7777'})
[2025-06-06 00:40:05] Récupération des données de vote pour Cactus & Succulent Plants (URL: cactus-succulent-plants, HEADER:{'User-Agent': 'Mozilla/5.0 (X11; Linux i686; rv:39.0) Gecko/20100101 Firefox/39.0', 'x-api-version': '8', 'x-env': 'WEB', 'X-requested-with': 'XMLHttpRequest', 'X-token': 'a1cad95a6d480c14f51dd0eba4914c8337b893c789ec6278bb440c7c9a673b162f042470c62684e6da2bd342ffea7777'})
[2025-06-06 00:40:05] Récupération des données de vote pour Cactus & Succulent Plants (URL: cactus-succulent-plants, HEADER:{'User-Agent': 'Mozilla/5.0 (X11; Linux i686; rv:39.0) Gecko/20100101 Firefox/39.0', 'x-api-version': '8', 'x-env': 'WEB', 'X-requested-with': 'XMLHttpRequest', 'X-token': 'a1cad95a6d480c14f51dd0eba4914c8337b893c789ec6278bb440c7c9a673b162f042470c62684e6da2bd342ffea7777'})
[2025-06-06 00:40:05] Récupération des données de vote pour Gone Walking (URL: gone-walking, HEADER:{'User-Agent': 'Mozilla/5.0 (X11; Linux i686; rv:39.0) Gecko/20100101 Firefox/39.0', 'x-api-version': '8', 'x-env': 'WEB', 'X-requested-with': 'XMLHttpRequest', 'X-token': 'a1cad95a6d480c14f51dd0eba4914c8337b893c789ec6278bb440c7c9a673b162f042470c62684e6da2bd342ffea7777'})
[2025-06-06 00:40:05] Récupération des données de vote pour Gone Walking (URL: gone-walking, HEADER:{'User-Agent': 'Mozilla/5.0 (X11; Linux i686; rv:39.0) Gecko/20100101 Firefox/39.0', 'x-api-version': '8', 'x-env': 'WEB', 'X-requested-with': 'XMLHttpRequest', 'X-token': 'a1cad95a6d480c14f51dd0eba4914c8337b893c789ec6278bb440c7c9a673b162f042470c62684e6da2bd342ffea7777'})
[2025-06-06 00:40:05] Récupération des données de vote pour Gone Walking (URL: gone-walking, HEADER:{'User-Agent': 'Mozilla/5.0 (X11; Linux i686; rv:39.0) Gecko/20100101 Firefox/39.0', 'x-api-version': '8', 'x-env': 'WEB', 'X-requested-with': 'XMLHttpRequest', 'X-token': 'a1cad95a6d480c14f51dd0eba4914c8337b893c789ec6278bb440c7c9a673b162f042470c62684e6da2bd342ffea7777'})
[2025-06-06 00:40:05] Récupération des données de vote pour Gone Walking (URL: gone-walking, HEADER:{'User-Agent': 'Mozilla/5.0 (X11; Linux i686; rv:39.0) Gecko/20100101 Firefox/39.0', 'x-api-version': '8', 'x-env': 'WEB', 'X-requested-with': 'XMLHttpRequest', 'X-token': 'a1cad95a6d480c14f51dd0eba4914c8337b893c789ec6278bb440c7c9a673b162f042470c62684e6da2bd342ffea7777'})
[2025-06-06 00:40:05] Récupération des données de vote pour Gone Walking (URL: gone-walking, HEADER:{'User-Agent': 'Mozilla/5.0 (X11; Linux i686; rv:39.0) Gecko/20100101 Firefox/39.0', 'x-api-version': '8', 'x-env': 'WEB', 'X-requested-with': 'XMLHttpRequest', 'X-token': 'a1cad95a6d480c14f51dd0eba4914c8337b893c789ec6278bb440c7c9a673b162f042470c62684e6da2bd342ffea7777'})
[2025-06-06 00:40:05] Récupération des données de vote pour Gone Walking (URL: gone-walking, HEADER:{'User-Agent': 'Mozilla/5.0 (X11; Linux i686; rv:39.0) Gecko/20100101 Firefox/39.0', 'x-api-version': '8', 'x-env': 'WEB', 'X-requested-with': 'XMLHttpRequest', 'X-token': 'a1cad95a6d480c14f51dd0eba4914c8337b893c789ec6278bb440c7c9a673b162f042470c62684e6da2bd342ffea7777'})
[2025-06-06 00:40:05] Récupération des données de vote pour Gone Walking (URL: gone-walking, HEADER:{'User-Agent': 'Mozilla/5.0 (X11; Linux i686; rv:39.0) Gecko/20100101 Firefox/39.0', 'x-api-version': '8', 'x-env': 'WEB', 'X-requested-with': 'XMLHttpRequest', 'X-token': 'a1cad95a6d480c14f51dd0eba4914c8337b893c789ec6278bb440c7c9a673b162f042470c62684e6da2bd342ffea7777'})
[2025-06-06 00:40:05] Récupération des données de vote pour Great Mistakes (URL: great-mistakes, HEADER:{'User-Agent': 'Mozilla/5.0 (X11; Linux i686; rv:39.0) Gecko/20100101 Firefox/39.0', 'x-api-version': '8', 'x-env': 'WEB', 'X-requested-with': 'XMLHttpRequest', 'X-token': 'a1cad95a6d480c14f51dd0eba4914c8337b893c789ec6278bb440c7c9a673b162f042470c62684e6da2bd342ffea7777'})
[2025-06-06 00:40:05] Récupération des données de vote pour Great Mistakes (URL: great-mistakes, HEADER:{'User-Agent': 'Mozilla/5.0 (X11; Linux i686; rv:39.0) Gecko/20100101 Firefox/39.0', 'x-api-version': '8', 'x-env': 'WEB', 'X-requested-with': 'XMLHttpRequest', 'X-token': 'a1cad95a6d480c14f51dd0eba4914c8337b893c789ec6278bb440c7c9a673b162f042470c62684e6da2bd342ffea7777'})
[2025-06-06 00:40:05] Récupération des données de vote pour Great Mistakes (URL: great-mistakes, HEADER:{'User-Agent': 'Mozilla/5.0 (X11; Linux i686; rv:39.0) Gecko/20100101 Firefox/39.0', 'x-api-version': '8', 'x-env': 'WEB', 'X-requested-with': 'XMLHttpRequest', 'X-token': 'a1cad95a6d480c14f51dd0eba4914c8337b893c789ec6278bb440c7c9a673b162f042470c62684e6da2bd342ffea7777'})
[2025-06-06 00:40:05] Récupération des données de vote pour Great Mistakes (URL: great-mistakes, HEADER:{'User-Agent': 'Mozilla/5.0 (X11; Linux i686; rv:39.0) Gecko/20100101 Firefox/39.0', 'x-api-version': '8', 'x-env': 'WEB', 'X-requested-with': 'XMLHttpRequest', 'X-token': 'a1cad95a6d480c14f51dd0eba4914c8337b893c789ec6278bb440c7c9a673b162f042470c62684e6da2bd342ffea7777'})
[2025-06-06 00:40:05] Récupération des données de vote pour Great Mistakes (URL: great-mistakes, HEADER:{'User-Agent': 'Mozilla/5.0 (X11; Linux i686; rv:39.0) Gecko/20100101 Firefox/39.0', 'x-api-version': '8', 'x-env': 'WEB', 'X-requested-with': 'XMLHttpRequest', 'X-token': 'a1cad95a6d480c14f51dd0eba4914c8337b893c789ec6278bb440c7c9a673b162f042470c62684e6da2bd342ffea7777'})
[2025-06-06 00:40:05] Récupération des données de vote pour Great Mistakes (URL: great-mistakes, HEADER:{'User-Agent': 'Mozilla/5.0 (X11; Linux i686; rv:39.0) Gecko/20100101 Firefox/39.0', 'x-api-version': '8', 'x-env': 'WEB', 'X-requested-with': 'XMLHttpRequest', 'X-token': 'a1cad95a6d480c14f51dd0eba4914c8337b893c789ec6278bb440c7c9a673b162f042470c62684e6da2bd342ffea7777'})
[2025-06-06 00:40:05] Récupération des données de vote pour Great Mistakes (URL: great-mistakes, HEADER:{'User-Agent': 'Mozilla/5.0 (X11; Linux i686; rv:39.0) Gecko/20100101 Firefox/39.0', 'x-api-version': '8', 'x-env': 'WEB', 'X-requested-with': 'XMLHttpRequest', 'X-token': 'a1cad95a6d480c14f51dd0eba4914c8337b893c789ec6278bb440c7c9a673b162f042470c62684e6da2bd342ffea7777'})
[2025-06-06 00:40:05] Récupération des données de vote pour Dramatic Lighting (URL: dramatic-lighting11, HEADER:{'User-Agent': 'Mozilla/5.0 (X11; Linux i686; rv:39.0) Gecko/20100101 Firefox/39.0', 'x-api-version': '8', 'x-env': 'WEB', 'X-requested-with': 'XMLHttpRequest', 'X-token': 'a1cad95a6d480c14f51dd0eba4914c8337b893c789ec6278bb440c7c9a673b162f042470c62684e6da2bd342ffea7777'})
[2025-06-06 00:40:05] Récupération des données de vote pour Dramatic Lighting (URL: dramatic-lighting11, HEADER:{'User-Agent': 'Mozilla/5.0 (X11; Linux i686; rv:39.0) Gecko/20100101 Firefox/39.0', 'x-api-version': '8', 'x-env': 'WEB', 'X-requested-with': 'XMLHttpRequest', 'X-token': 'a1cad95a6d480c14f51dd0eba4914c8337b893c789ec6278bb440c7c9a673b162f042470c62684e6da2bd342ffea7777'})
[2025-06-06 00:40:05] Récupération des données de vote pour Dramatic Lighting (URL: dramatic-lighting11, HEADER:{'User-Agent': 'Mozilla/5.0 (X11; Linux i686; rv:39.0) Gecko/20100101 Firefox/39.0', 'x-api-version': '8', 'x-env': 'WEB', 'X-requested-with': 'XMLHttpRequest', 'X-token': 'a1cad95a6d480c14f51dd0eba4914c8337b893c789ec6278bb440c7c9a673b162f042470c62684e6da2bd342ffea7777'})
[2025-06-06 00:40:05] Récupération des données de vote pour Dramatic Lighting (URL: dramatic-lighting11, HEADER:{'User-Agent': 'Mozilla/5.0 (X11; Linux i686; rv:39.0) Gecko/20100101 Firefox/39.0', 'x-api-version': '8', 'x-env': 'WEB', 'X-requested-with': 'XMLHttpRequest', 'X-token': 'a1cad95a6d480c14f51dd0eba4914c8337b893c789ec6278bb440c7c9a673b162f042470c62684e6da2bd342ffea7777'})
[2025-06-06 00:40:05] Récupération des données de vote pour Dramatic Lighting (URL: dramatic-lighting11, HEADER:{'User-Agent': 'Mozilla/5.0 (X11; Linux i686; rv:39.0) Gecko/20100101 Firefox/39.0', 'x-api-version': '8', 'x-env': 'WEB', 'X-requested-with': 'XMLHttpRequest', 'X-token': 'a1cad95a6d480c14f51dd0eba4914c8337b893c789ec6278bb440c7c9a673b162f042470c62684e6da2bd342ffea7777'})
[2025-06-06 00:40:05] Récupération des données de vote pour Dramatic Lighting (URL: dramatic-lighting11, HEADER:{'User-Agent': 'Mozilla/5.0 (X11; Linux i686; rv:39.0) Gecko/20100101 Firefox/39.0', 'x-api-version': '8', 'x-env': 'WEB', 'X-requested-with': 'XMLHttpRequest', 'X-token': 'a1cad95a6d480c14f51dd0eba4914c8337b893c789ec6278bb440c7c9a673b162f042470c62684e6da2bd342ffea7777'})
[2025-06-06 00:40:05] Récupération des données de vote pour Dramatic Lighting (URL: dramatic-lighting11, HEADER:{'User-Agent': 'Mozilla/5.0 (X11; Linux i686; rv:39.0) Gecko/20100101 Firefox/39.0', 'x-api-version': '8', 'x-env': 'WEB', 'X-requested-with': 'XMLHttpRequest', 'X-token': 'a1cad95a6d480c14f51dd0eba4914c8337b893c789ec6278bb440c7c9a673b162f042470c62684e6da2bd342ffea7777'})
[2025-06-06 00:40:05] Récupération des données de vote pour Photo of the Week! (URL: photo-of-the-week-299, HEADER:{'User-Agent': 'Mozilla/5.0 (X11; Linux i686; rv:39.0) Gecko/20100101 Firefox/39.0', 'x-api-version': '8', 'x-env': 'WEB', 'X-requested-with': 'XMLHttpRequest', 'X-token': 'a1cad95a6d480c14f51dd0eba4914c8337b893c789ec6278bb440c7c9a673b162f042470c62684e6da2bd342ffea7777'})
[2025-06-06 00:40:05] Récupération des données de vote pour Photo of the Week! (URL: photo-of-the-week-299, HEADER:{'User-Agent': 'Mozilla/5.0 (X11; Linux i686; rv:39.0) Gecko/20100101 Firefox/39.0', 'x-api-version': '8', 'x-env': 'WEB', 'X-requested-with': 'XMLHttpRequest', 'X-token': 'a1cad95a6d480c14f51dd0eba4914c8337b893c789ec6278bb440c7c9a673b162f042470c62684e6da2bd342ffea7777'})
[2025-06-06 00:40:05] Récupération des données de vote pour Photo of the Week! (URL: photo-of-the-week-299, HEADER:{'User-Agent': 'Mozilla/5.0 (X11; Linux i686; rv:39.0) Gecko/20100101 Firefox/39.0', 'x-api-version': '8', 'x-env': 'WEB', 'X-requested-with': 'XMLHttpRequest', 'X-token': 'a1cad95a6d480c14f51dd0eba4914c8337b893c789ec6278bb440c7c9a673b162f042470c62684e6da2bd342ffea7777'})
[2025-06-06 00:40:05] Récupération des données de vote pour Photo of the Week! (URL: photo-of-the-week-299, HEADER:{'User-Agent': 'Mozilla/5.0 (X11; Linux i686; rv:39.0) Gecko/20100101 Firefox/39.0', 'x-api-version': '8', 'x-env': 'WEB', 'X-requested-with': 'XMLHttpRequest', 'X-token': 'a1cad95a6d480c14f51dd0eba4914c8337b893c789ec6278bb440c7c9a673b162f042470c62684e6da2bd342ffea7777'})
[2025-06-06 00:40:05] Récupération des données de vote pour Photo of the Week! (URL: photo-of-the-week-299, HEADER:{'User-Agent': 'Mozilla/5.0 (X11; Linux i686; rv:39.0) Gecko/20100101 Firefox/39.0', 'x-api-version': '8', 'x-env': 'WEB', 'X-requested-with': 'XMLHttpRequest', 'X-token': 'a1cad95a6d480c14f51dd0eba4914c8337b893c789ec6278bb440c7c9a673b162f042470c62684e6da2bd342ffea7777'})
[2025-06-06 00:40:05] Récupération des données de vote pour Photo of the Week! (URL: photo-of-the-week-299, HEADER:{'User-Agent': 'Mozilla/5.0 (X11; Linux i686; rv:39.0) Gecko/20100101 Firefox/39.0', 'x-api-version': '8', 'x-env': 'WEB', 'X-requested-with': 'XMLHttpRequest', 'X-token': 'a1cad95a6d480c14f51dd0eba4914c8337b893c789ec6278bb440c7c9a673b162f042470c62684e6da2bd342ffea7777'})
[2025-06-06 00:40:05] Récupération des données de vote pour Photo of the Week! (URL: photo-of-the-week-299, HEADER:{'User-Agent': 'Mozilla/5.0 (X11; Linux i686; rv:39.0) Gecko/20100101 Firefox/39.0', 'x-api-version': '8', 'x-env': 'WEB', 'X-requested-with': 'XMLHttpRequest', 'X-token': 'a1cad95a6d480c14f51dd0eba4914c8337b893c789ec6278bb440c7c9a673b162f042470c62684e6da2bd342ffea7777'})
[2025-06-06 00:40:06] Récupération réussie: 200 images pour Great Mistakes
[2025-06-06 00:40:06] Voting fetching ...
[2025-06-06 00:40:06] Great Mistakes voting 10 images
[2025-06-06 00:40:06] Récupération réussie: 200 images pour Cactus & Succulent Plants
[2025-06-06 00:40:06] Voting fetching ...
[2025-06-06 00:40:06] Cactus & Succulent Plants voting 10 images
[2025-06-06 00:40:06] Récupération réussie: 200 images pour Photo of the Week!
[2025-06-06 00:40:06] Voting fetching ...
[2025-06-06 00:40:06] Photo of the Week! voting 10 images
[2025-06-06 00:40:06] Récupération réussie: 200 images pour Great Mistakes
[2025-06-06 00:40:06] Voting fetching ...
[2025-06-06 00:40:06] Great Mistakes voting 10 images
[2025-06-06 00:40:06] Récupération réussie: 200 images pour Beautiful Eyes
[2025-06-06 00:40:06] Voting fetching ...
[2025-06-06 00:40:06] Beautiful Eyes voting 10 images
[2025-06-06 00:40:06] Récupération réussie: 200 images pour Cactus & Succulent Plants
[2025-06-06 00:40:06] Voting fetching ...
[2025-06-06 00:40:06] Cactus & Succulent Plants voting 10 images
[2025-06-06 00:40:06] Récupération réussie: 200 images pour Cactus & Succulent Plants
[2025-06-06 00:40:06] Voting fetching ...
[2025-06-06 00:40:06] Cactus & Succulent Plants voting 10 images
[2025-06-06 00:40:06] Récupération réussie: 200 images pour Cactus & Succulent Plants
[2025-06-06 00:40:06] Voting fetching ...
[2025-06-06 00:40:06] Cactus & Succulent Plants voting 10 images
[2025-06-06 00:40:06] Récupération réussie: 200 images pour Great Mistakes
[2025-06-06 00:40:06] Voting fetching ...
[2025-06-06 00:40:06] Great Mistakes voting 10 images
[2025-06-06 00:40:06] Récupération réussie: 200 images pour Photo of the Week!
[2025-06-06 00:40:06] Voting fetching ...
[2025-06-06 00:40:06] Photo of the Week! voting 10 images
[2025-06-06 00:40:07] Récupération réussie: 200 images pour Cactus & Succulent Plants
[2025-06-06 00:40:07] Voting fetching ...
[2025-06-06 00:40:07] Cactus & Succulent Plants voting 10 images
[2025-06-06 00:40:07] Récupération réussie: 200 images pour Cactus & Succulent Plants
[2025-06-06 00:40:07] Voting fetching ...
[2025-06-06 00:40:07] Cactus & Succulent Plants voting 10 images
[2025-06-06 00:40:07] Ultimate Exposure voted successfully
[2025-06-06 00:40:07] Récupération réussie: 200 images pour Photo of the Week!
[2025-06-06 00:40:07] Voting fetching ...
[2025-06-06 00:40:07] Photo of the Week! voting 10 images
[2025-06-06 00:40:07] Récupération réussie: 200 images pour Beautiful Eyes
[2025-06-06 00:40:07] Voting fetching ...
[2025-06-06 00:40:07] Beautiful Eyes voting 10 images
[2025-06-06 00:40:07] Récupération réussie: 200 images pour Great Mistakes
[2025-06-06 00:40:07] Voting fetching ...
[2025-06-06 00:40:07] Great Mistakes voting 10 images
[2025-06-06 00:40:07] Récupération réussie: 200 images pour Beautiful Eyes
[2025-06-06 00:40:07] Voting fetching ...
[2025-06-06 00:40:07] Beautiful Eyes voting 10 images
[2025-06-06 00:40:07] Récupération réussie: 200 images pour Beautiful Eyes
[2025-06-06 00:40:07] Voting fetching ...
[2025-06-06 00:40:07] Beautiful Eyes voting 10 images
[2025-06-06 00:40:07] Récupération réussie: 200 images pour Photo of the Week!
[2025-06-06 00:40:07] Voting fetching ...
[2025-06-06 00:40:07] Photo of the Week! voting 10 images
[2025-06-06 00:40:07] Récupération réussie: 200 images pour Great Mistakes
[2025-06-06 00:40:07] Voting fetching ...
[2025-06-06 00:40:07] Great Mistakes voting 10 images
[2025-06-06 00:40:07] Récupération réussie: 200 images pour Photo of the Week!
[2025-06-06 00:40:07] Voting fetching ...
[2025-06-06 00:40:07] Photo of the Week! voting 10 images
[2025-06-06 00:40:07] Récupération réussie: 200 images pour Beautiful Eyes
[2025-06-06 00:40:07] Voting fetching ...
[2025-06-06 00:40:07] Beautiful Eyes voting 10 images
[2025-06-06 00:40:07] Récupération réussie: 200 images pour Photo of the Week!
[2025-06-06 00:40:07] Voting fetching ...
[2025-06-06 00:40:07] Photo of the Week! voting 10 images
[2025-06-06 00:40:07] Récupération réussie: 200 images pour Great Mistakes
[2025-06-06 00:40:07] Voting fetching ...
[2025-06-06 00:40:07] Great Mistakes voting 10 images
[2025-06-06 00:40:07] Récupération réussie: 200 images pour Gone Walking
[2025-06-06 00:40:07] Voting fetching ...
[2025-06-06 00:40:07] Gone Walking voting 10 images
[2025-06-06 00:40:07] Récupération réussie: 200 images pour Great Mistakes
[2025-06-06 00:40:07] Voting fetching ...
[2025-06-06 00:40:07] Great Mistakes voting 10 images
[2025-06-06 00:40:07] Récupération réussie: 200 images pour Photo of the Week!
[2025-06-06 00:40:07] Voting fetching ...
[2025-06-06 00:40:07] Photo of the Week! voting 10 images
[2025-06-06 00:40:07] Récupération réussie: 200 images pour Gone Walking
[2025-06-06 00:40:07] Voting fetching ...
[2025-06-06 00:40:07] Gone Walking voting 10 images
[2025-06-06 00:40:07] Récupération réussie: 200 images pour Beautiful Eyes
[2025-06-06 00:40:07] Voting fetching ...
[2025-06-06 00:40:07] Beautiful Eyes voting 10 images
[2025-06-06 00:40:07] Récupération réussie: 200 images pour Gone Walking
[2025-06-06 00:40:07] Voting fetching ...
[2025-06-06 00:40:07] Gone Walking voting 10 images
[2025-06-06 00:40:07] Récupération réussie: 200 images pour Beautiful Eyes
[2025-06-06 00:40:07] Voting fetching ...
[2025-06-06 00:40:07] Beautiful Eyes voting 10 images
[2025-06-06 00:40:07] Récupération réussie: 200 images pour Cactus & Succulent Plants
[2025-06-06 00:40:07] Voting fetching ...
[2025-06-06 00:40:07] Cactus & Succulent Plants voting 10 images
[2025-06-06 00:40:07] Récupération réussie: 200 images pour Gone Walking
[2025-06-06 00:40:07] Voting fetching ...
[2025-06-06 00:40:07] Gone Walking voting 10 images
[2025-06-06 00:40:07] Récupération réussie: 200 images pour Gone Walking
[2025-06-06 00:40:07] Voting fetching ...
[2025-06-06 00:40:07] Gone Walking voting 10 images
[2025-06-06 00:40:07] Récupération réussie: 200 images pour Gone Walking
[2025-06-06 00:40:07] Voting fetching ...
[2025-06-06 00:40:07] Gone Walking voting 10 images
[2025-06-06 00:40:07] Récupération réussie: 200 images pour Gone Walking
[2025-06-06 00:40:07] Voting fetching ...
[2025-06-06 00:40:07] Gone Walking voting 10 images
[2025-06-06 00:40:07] Récupération réussie: 200 images pour Dramatic Lighting
[2025-06-06 00:40:07] Voting fetching ...
[2025-06-06 00:40:07] Dramatic Lighting voting 10 images
[2025-06-06 00:40:07] Récupération réussie: 200 images pour Dramatic Lighting
[2025-06-06 00:40:07] Voting fetching ...
[2025-06-06 00:40:07] Dramatic Lighting voting 10 images
[2025-06-06 00:40:07] Récupération réussie: 200 images pour Dramatic Lighting
[2025-06-06 00:40:07] Voting fetching ...
[2025-06-06 00:40:07] Dramatic Lighting voting 10 images
[2025-06-06 00:40:07] Récupération réussie: 200 images pour Dramatic Lighting
[2025-06-06 00:40:07] Voting fetching ...
[2025-06-06 00:40:07] Dramatic Lighting voting 10 images
[2025-06-06 00:40:07] Récupération réussie: 200 images pour Ultimate Exposure
[2025-06-06 00:40:07] Voting fetching ...
[2025-06-06 00:40:07] Ultimate Exposure voting 10 images
[2025-06-06 00:40:07] Récupération réussie: 200 images pour Dramatic Lighting
[2025-06-06 00:40:07] Voting fetching ...
[2025-06-06 00:40:07] Dramatic Lighting voting 10 images
[2025-06-06 00:40:07] Récupération réussie: 200 images pour Ultimate Exposure
[2025-06-06 00:40:07] Voting fetching ...
[2025-06-06 00:40:07] Ultimate Exposure voting 10 images
[2025-06-06 00:40:07] Récupération réussie: 200 images pour Dramatic Lighting
[2025-06-06 00:40:07] Voting fetching ...
[2025-06-06 00:40:07] Dramatic Lighting voting 10 images
[2025-06-06 00:40:07] Récupération réussie: 200 images pour Ultimate Exposure
[2025-06-06 00:40:07] Voting fetching ...
[2025-06-06 00:40:07] Ultimate Exposure voting 10 images
[2025-06-06 00:40:07] Récupération réussie: 200 images pour Ultimate Exposure
[2025-06-06 00:40:07] Voting fetching ...
[2025-06-06 00:40:07] Ultimate Exposure voting 10 images
[2025-06-06 00:40:07] Récupération réussie: 200 images pour Ultimate Exposure
[2025-06-06 00:40:07] Voting fetching ...
[2025-06-06 00:40:07] Ultimate Exposure voting 10 images
[2025-06-06 00:40:07] Récupération réussie: 200 images pour Ultimate Exposure
[2025-06-06 00:40:07] Voting fetching ...
[2025-06-06 00:40:07] Ultimate Exposure voting 10 images
[2025-06-06 00:40:07] Récupération réussie: 200 images pour Ultimate Exposure
[2025-06-06 00:40:07] Voting fetching ...
[2025-06-06 00:40:07] Ultimate Exposure voting 10 images
[2025-06-06 00:40:07] Récupération réussie: 200 images pour Dramatic Lighting
[2025-06-06 00:40:07] Voting fetching ...
[2025-06-06 00:40:07] Dramatic Lighting voting 10 images
[2025-06-06 00:40:08] Cactus & Succulent Plants voted successfully
[2025-06-06 00:40:09] Photographer of the Week voted successfully
[2025-06-06 00:40:10] Great Mistakes voted successfully
[2025-06-06 00:40:11] Still Life voted successfully
[2025-06-06 00:40:12] Beautiful Eyes voted successfully
[2025-06-06 00:40:13] Ultimate Exposure voted successfully
[2025-06-06 00:40:14] Great Mistakes voted successfully
[2025-06-06 00:40:15] Gone Walking voted successfully
[2025-06-06 00:40:16] Photo of the Week! voted successfully
[2025-06-06 00:40:17] Best of Black & White voted successfully
[2025-06-06 00:40:18] Cactus & Succulent Plants voted successfully
[2025-06-06 00:40:19] Ultimate Exposure voted successfully
[2025-06-06 00:40:20] Great Mistakes voted successfully
[2025-06-06 00:40:21] Guru of The Week voted successfully
[2025-06-06 00:40:22] Cactus & Succulent Plants voted successfully
[2025-06-06 00:40:23] Dramatic Lighting voted successfully
[2025-06-06 00:40:24] Cactus & Succulent Plants voted successfully
[2025-06-06 00:40:25] Best of Black & White voted successfully
[2025-06-06 00:40:26] Photo of the Week! voted successfully
[2025-06-06 00:40:27] Ultimate Exposure voted successfully
[2025-06-06 00:40:28] Great Mistakes voted successfully
[2025-06-06 00:40:29] Still Life voted successfully
[2025-06-06 00:40:30] Great Mistakes voted successfully
[2025-06-06 00:40:31] Dramatic Lighting voted successfully
[2025-06-06 00:40:32] Cactus & Succulent Plants voted successfully
[2025-06-06 00:40:33] Still Life voted successfully
[2025-06-06 00:40:34] Photo of the Week! voted successfully
[2025-06-06 00:40:35] Dramatic Lighting voted successfully
[2025-06-06 00:40:36] Photo of the Week! voted successfully
[2025-06-06 00:40:37] Dramatic Lighting voted successfully
[2025-06-06 00:40:38] Cactus & Succulent Plants voted successfully
[2025-06-06 00:40:39] Dramatic Lighting voted successfully
[2025-06-06 00:40:40] Beautiful Eyes voted successfully
[2025-06-06 00:40:41] Still Life voted successfully
[2025-06-06 00:40:42] Beautiful Eyes voted successfully
[2025-06-06 00:40:43] Still Life voted successfully
[2025-06-06 00:40:44] Photo of the Week! voted successfully
[2025-06-06 00:40:45] Still Life voted successfully
[2025-06-06 00:40:46] Gone Walking voted successfully
[2025-06-06 00:40:47] Ultimate Exposure voted successfully
[2025-06-06 00:40:48] Great Mistakes voted successfully
[2025-06-06 00:40:49] Ultimate Exposure voted successfully
[2025-06-06 00:40:50] Beautiful Eyes voted successfully
[2025-06-06 00:40:51] Best of Black & White voted successfully
[2025-06-06 00:40:52] Gone Walking voted successfully
[2025-06-06 00:40:53] Ultimate Exposure voted successfully
[2025-06-06 00:40:54] Beautiful Eyes voted successfully
[2025-06-06 00:40:55] Still Life voted successfully
[2025-06-06 00:40:56] Photo of the Week! voted successfully
[2025-06-06 00:40:57] Best of Black & White voted successfully
[2025-06-06 00:40:58] Beautiful Eyes voted successfully
[2025-06-06 00:40:59] Best of Black & White voted successfully
[2025-06-06 00:41:00] Gone Walking voted successfully
[2025-06-06 00:41:01] Dramatic Lighting voted successfully
[2025-06-06 00:41:02] Beautiful Eyes voted successfully
[2025-06-06 00:41:03] Best of Black & White voted successfully
[2025-06-06 00:41:04] Gone Walking voted successfully
[2025-06-06 00:41:06] Challenges fetching ...
[2025-06-06 00:41:06] Challenges fetched successfully for pascale!
[2025-06-06 00:41:06] Challenges fetching ...
[2025-06-06 00:41:06] Challenges fetched successfully for pascale!
[2025-06-06 00:41:06] Challenges fetching ...
[2025-06-06 00:41:06] Challenges fetched successfully for pascale!
[2025-06-06 00:41:06] Challenges fetching ...
[2025-06-06 00:41:06] Challenges fetched successfully for pascale!
[2025-06-06 00:41:06] Challenges fetching ...
[2025-06-06 00:41:06] Challenges fetched successfully for pascale!
[2025-06-06 00:41:06] Challenges fetching ...
[2025-06-06 00:41:06] Challenges fetched successfully for pascale!
[2025-06-06 00:41:06] Challenges fetching ...
[2025-06-06 00:41:06] Challenges fetched successfully for pascale!
[2025-06-06 00:41:06] Challenges fetching ...
[2025-06-06 00:41:06] Challenges fetched successfully for pascale!
[2025-06-06 00:41:06] Challenges fetching ...
[2025-06-06 00:41:06] Challenges fetched successfully for pascale!
[2025-06-06 00:41:06] Challenges fetching ...
[2025-06-06 00:41:06] Challenges fetched successfully for pascale!
[2025-06-06 00:41:06] Challenges fetching ...
[2025-06-06 00:41:06] Challenges fetched successfully for pascale!
[2025-06-06 00:41:06] Challenges fetching ...
[2025-06-06 00:41:06] Cactus & Succulent Plants voted successfully
[2025-06-06 00:41:06] Challenges fetched successfully for pascale!
[2025-06-06 00:41:06] Challenges fetching ...
[2025-06-06 00:41:06] Challenges fetched successfully for pascale!
[2025-06-06 00:41:06] Challenges fetching ...
[2025-06-06 00:41:06] Challenges fetched successfully for pascale!
[2025-06-06 00:41:06] Challenges fetching ...
[2025-06-06 00:41:06] Challenges fetched successfully for pascale!
[2025-06-06 00:41:06] Challenges fetching ...
[2025-06-06 00:41:06] Challenges fetched successfully for pascale!
[2025-06-06 00:41:06] Challenges fetching ...
[2025-06-06 00:41:06] Challenges fetched successfully for pascale!
[2025-06-06 00:41:06] Challenges fetching ...
[2025-06-06 00:41:06] Challenges fetched successfully for pascale!
[2025-06-06 00:41:06] Challenges fetching ...
[2025-06-06 00:41:06] Challenges fetched successfully for pascale!
[2025-06-06 00:41:06] Challenges fetching ...
[2025-06-06 00:41:06] Challenges fetched successfully for pascale!
[2025-06-06 00:41:06] Challenges fetching ...
[2025-06-06 00:41:06] Challenges fetched successfully for pascale!
[2025-06-06 00:41:06] Challenges fetching ...
[2025-06-06 00:41:06] Challenges fetched successfully for pascale!
[2025-06-06 00:41:06] Challenges fetching ...
[2025-06-06 00:41:06] Challenges fetched successfully for pascale!
[2025-06-06 00:41:06] Challenges fetching ...
[2025-06-06 00:41:06] Challenges fetched successfully for pascale!
[2025-06-06 00:41:07] Challenges fetching ...
[2025-06-06 00:41:07] Challenges fetched successfully for pascale!
[2025-06-06 00:41:07] Challenges fetching ...
[2025-06-06 00:41:07] Challenges fetched successfully for pascale!
[2025-06-06 00:41:07] Challenges fetching ...
[2025-06-06 00:41:07] Challenges fetched successfully for pascale!
[2025-06-06 00:41:07] Challenges fetching ...
[2025-06-06 00:41:07] Challenges fetched successfully for pascale!
[2025-06-06 00:41:07] Challenges fetching ...
[2025-06-06 00:41:07] Challenges fetched successfully for pascale!
[2025-06-06 00:41:07] Challenges fetching ...
[2025-06-06 00:41:07] Challenges fetched successfully for pascale!
[2025-06-06 00:41:07] Challenges fetching ...
[2025-06-06 00:41:07] Challenges fetched successfully for pascale!
[2025-06-06 00:41:07] Challenges fetching ...
[2025-06-06 00:41:07] Challenges fetched successfully for pascale!
[2025-06-06 00:41:07] Challenges fetching ...
[2025-06-06 00:41:07] Challenges fetched successfully for pascale!
[2025-06-06 00:41:07] Challenges fetching ...
[2025-06-06 00:41:07] Challenges fetched successfully for pascale!
[2025-06-06 00:41:07] Challenges fetching ...
[2025-06-06 00:41:07] Challenges fetched successfully for pascale!
[2025-06-06 00:41:07] Challenges fetching ...
[2025-06-06 00:41:07] Challenges fetched successfully for pascale!
[2025-06-06 00:41:07] Challenges fetching ...
[2025-06-06 00:41:07] Challenges fetched successfully for pascale!
[2025-06-06 00:41:07] Challenges fetching ...
[2025-06-06 00:41:07] Challenges fetched successfully for pascale!
[2025-06-06 00:41:07] Challenges fetching ...
[2025-06-06 00:41:07] Challenges fetched successfully for pascale!
[2025-06-06 00:41:07] Challenges fetching ...
[2025-06-06 00:41:07] Challenges fetched successfully for pascale!
[2025-06-06 00:41:07] Challenges fetching ...
[2025-06-06 00:41:07] Challenges fetched successfully for pascale!
[2025-06-06 00:41:07] Challenges fetching ...
[2025-06-06 00:41:07] Challenges fetched successfully for pascale!
[2025-06-06 00:41:07] Challenges fetching ...
[2025-06-06 00:41:07] Challenges fetched successfully for pascale!
[2025-06-06 00:41:07] Challenges fetching ...
[2025-06-06 00:41:07] Challenges fetched successfully for pascale!
[2025-06-06 00:41:07] Challenges fetching ...
[2025-06-06 00:41:07] Challenges fetched successfully for pascale!
[2025-06-06 00:41:07] Challenges fetching ...
[2025-06-06 00:41:07] Challenges fetched successfully for pascale!
[2025-06-06 00:41:07] Challenges fetching ...
[2025-06-06 00:41:07] Challenges fetched successfully for pascale!
[2025-06-06 00:41:07] Challenges fetching ...
[2025-06-06 00:41:07] Challenges fetched successfully for pascale!
[2025-06-06 00:41:07] Challenges fetching ...
[2025-06-06 00:41:07] Challenges fetched successfully for pascale!
[2025-06-06 00:41:07] Challenges fetching ...
[2025-06-06 00:41:07] Challenges fetched successfully for pascale!
[2025-06-06 00:41:07] Challenges fetching ...
[2025-06-06 00:41:07] Challenges fetched successfully for pascale!
[2025-06-06 00:41:07] Challenges fetching ...
[2025-06-06 00:41:07] Challenges fetched successfully for pascale!
[2025-06-06 00:41:07] Challenges fetching ...
[2025-06-06 00:41:07] Challenges fetched successfully for pascale!
[2025-06-06 00:41:07] Challenges fetching ...
[2025-06-06 00:41:07] Challenges fetched successfully for pascale!
[2025-06-06 00:41:07] Challenges fetching ...
[2025-06-06 00:41:07] Challenges fetched successfully for pascale!
[2025-06-06 00:41:08] Challenges fetching ...
[2025-06-06 00:41:08] Challenges fetched successfully for pascale!
[2025-06-06 00:41:08] Gone Walking voted successfully
[2025-06-06 00:41:10] Photo of the Week! voted successfully
[2025-06-06 00:41:12] Great Mistakes voted successfully
[2025-06-06 00:41:14] Gone Walking voted successfully
[2025-06-06 00:41:16] Dramatic Lighting voted successfully
[2025-06-06 00:41:18] Dramatic Lighting voted successfully
[2025-06-06 00:41:20] Dramatic Lighting voted successfully
[2025-06-06 00:41:22] Ultimate Exposure voted successfully
[2025-06-06 00:41:24] Dramatic Lighting voted successfully
[2025-06-06 00:41:26] Ultimate Exposure voted successfully
[2025-06-06 00:41:28] Ultimate Exposure voted successfully
[2025-06-06 00:41:30] Ultimate Exposure voted successfully
[2025-06-06 00:41:32] Ultimate Exposure voted successfully
[2025-06-06 00:41:34] Gone Walking voted successfully
[2025-06-06 00:41:36] Dramatic Lighting voted successfully
[2025-06-06 00:41:38] Ultimate Exposure voted successfully
[2025-06-06 00:41:40] Ultimate Exposure voted successfully
[2025-06-06 00:41:42] Dramatic Lighting voted successfully
[2025-06-06 00:41:44] Dramatic Lighting voted successfully
[2025-06-06 00:41:47] Challenges fetching ...
[2025-06-06 00:41:47] Challenges fetched successfully for bruno!
[2025-06-06 00:41:47] Challenges fetching ...
[2025-06-06 00:41:47] Challenges fetched successfully for bruno!
[2025-06-06 00:41:48] Challenges fetching ...
[2025-06-06 00:41:48] Challenges fetched successfully for bruno!
[2025-06-06 00:41:48] Challenges fetching ...
[2025-06-06 00:41:48] Challenges fetched successfully for bruno!
[2025-06-06 00:41:48] Challenges fetching ...
[2025-06-06 00:41:48] Challenges fetched successfully for bruno!
[2025-06-06 00:41:48] Challenges fetching ...
[2025-06-06 00:41:48] Challenges fetched successfully for bruno!
[2025-06-06 00:41:48] Challenges fetching ...
[2025-06-06 00:41:48] Challenges fetched successfully for bruno!
[2025-06-06 00:41:48] Challenges fetching ...
[2025-06-06 00:41:48] Challenges fetched successfully for bruno!
[2025-06-06 00:41:48] Challenges fetching ...
[2025-06-06 00:41:48] Challenges fetched successfully for bruno!
[2025-06-06 00:41:48] Challenges fetching ...
[2025-06-06 00:41:48] Challenges fetched successfully for bruno!
[2025-06-06 00:41:48] Challenges fetching ...
[2025-06-06 00:41:48] Challenges fetched successfully for bruno!
[2025-06-06 00:41:48] Challenges fetching ...
[2025-06-06 00:41:48] Challenges fetched successfully for bruno!
[2025-06-06 00:41:48] Challenges fetching ...
[2025-06-06 00:41:48] Challenges fetched successfully for bruno!
[2025-06-06 00:41:48] Challenges fetching ...
[2025-06-06 00:41:48] Challenges fetched successfully for bruno!
[2025-06-06 00:41:48] Challenges fetching ...
[2025-06-06 00:41:48] Challenges fetched successfully for bruno!
[2025-06-06 00:41:48] Challenges fetching ...
[2025-06-06 00:41:48] Challenges fetched successfully for bruno!
[2025-06-06 00:41:48] Challenges fetching ...
[2025-06-06 00:41:48] Challenges fetched successfully for bruno!
[2025-06-06 00:41:48] Challenges fetching ...
[2025-06-06 00:41:48] Challenges fetched successfully for bruno!
[2025-06-06 00:41:48] Challenges fetching ...
[2025-06-06 00:41:49] Challenges fetched successfully for bruno!
[2025-06-06 00:41:49] Challenges fetching ...
[2025-06-06 00:41:49] Challenges fetched successfully for bruno!
[2025-06-06 00:41:49] Challenges fetching ...
[2025-06-06 00:41:49] Challenges fetched successfully for bruno!
[2025-06-06 00:41:49] Challenges fetching ...
[2025-06-06 00:41:49] Challenges fetched successfully for bruno!
[2025-06-06 00:41:49] Challenges fetching ...
[2025-06-06 00:41:49] Challenges fetched successfully for bruno!
[2025-06-06 00:41:49] Challenges fetching ...
[2025-06-06 00:41:49] Challenges fetched successfully for bruno!
[2025-06-06 00:41:49] Challenges fetching ...
[2025-06-06 00:41:49] Challenges fetched successfully for bruno!
[2025-06-06 00:41:49] Challenges fetching ...
[2025-06-06 00:41:49] Challenges fetched successfully for bruno!
[2025-06-06 00:41:49] Challenges fetching ...
[2025-06-06 00:41:49] Challenges fetched successfully for bruno!
[2025-06-06 00:41:49] Challenges fetching ...
[2025-06-06 00:41:49] Challenges fetched successfully for bruno!
[2025-06-06 00:41:49] Challenges fetching ...
[2025-06-06 00:41:49] Challenges fetched successfully for bruno!
[2025-06-06 00:41:49] Challenges fetching ...
[2025-06-06 00:41:49] Challenges fetched successfully for bruno!
[2025-06-06 00:41:49] Challenges fetching ...
[2025-06-06 00:41:49] Challenges fetched successfully for bruno!
[2025-06-06 00:41:49] Challenges fetching ...
[2025-06-06 00:41:49] Challenges fetched successfully for bruno!
[2025-06-06 00:41:49] Challenges fetching ...
[2025-06-06 00:41:49] Challenges fetched successfully for bruno!
[2025-06-06 00:41:49] Challenges fetching ...
[2025-06-06 00:41:49] Challenges fetched successfully for bruno!
[2025-06-06 00:41:49] Challenges fetching ...
[2025-06-06 00:41:49] Challenges fetched successfully for bruno!
[2025-06-06 00:41:49] Challenges fetching ...
[2025-06-06 00:41:49] Challenges fetched successfully for bruno!
[2025-06-06 00:41:49] Challenges fetching ...
[2025-06-06 00:41:49] Challenges fetched successfully for bruno!
[2025-06-06 00:41:49] Challenges fetching ...
[2025-06-06 00:41:49] Challenges fetched successfully for bruno!
[2025-06-06 00:41:49] Challenges fetching ...
[2025-06-06 00:41:49] Challenges fetched successfully for bruno!
[2025-06-06 00:41:49] Challenges fetching ...
[2025-06-06 00:41:49] Challenges fetched successfully for bruno!
[2025-06-06 00:41:49] Challenges fetching ...
[2025-06-06 00:41:49] Challenges fetched successfully for bruno!
[2025-06-06 00:41:49] Challenges fetching ...
[2025-06-06 00:41:49] Challenges fetched successfully for bruno!
[2025-06-06 00:41:49] Challenges fetching ...
[2025-06-06 00:41:49] Challenges fetched successfully for bruno!
[2025-06-06 00:41:49] Challenges fetching ...
[2025-06-06 00:41:49] Challenges fetched successfully for bruno!
[2025-06-06 00:41:49] Challenges fetching ...
[2025-06-06 00:41:49] Challenges fetched successfully for bruno!
[2025-06-06 00:41:49] Challenges fetching ...
[2025-06-06 00:41:49] Challenges fetched successfully for bruno!
[2025-06-06 00:41:49] Challenges fetching ...
[2025-06-06 00:41:49] Challenges fetched successfully for bruno!
[2025-06-06 00:41:49] Challenges fetching ...
[2025-06-06 00:41:49] Challenges fetched successfully for bruno!
[2025-06-06 00:41:49] Challenges fetching ...
[2025-06-06 00:41:49] Challenges fetched successfully for bruno!
[2025-06-06 11:07:59] Désélection de tous les challenges

[2025-06-06 11:08:00] Refreshing challenges...
[2025-06-06 11:08:00] Fetching challenges...
[2025-06-06 11:08:01] Challenges fetching ...
[2025-06-06 11:08:01] Lancement automatique des stratégies de fin pour 7 nouveaux challenges...
[2025-06-06 11:08:01] Nouveau challenge détecté pour bruno: Best of Black & White
[2025-06-06 11:08:01] Nouveau challenge détecté pour bruno: Still Life
[2025-06-06 11:08:01] Nouveau challenge détecté pour bruno: Bridges
[2025-06-06 11:08:01] Nouveau challenge détecté pour bruno: Fields and Meadows
[2025-06-06 11:08:01] Nouveau challenge détecté pour bruno: The 7 Sins
[2025-06-06 11:08:01] Nouveau challenge détecté pour bruno: Joyous Laughter
[2025-06-06 11:08:01] Nouveau challenge détecté pour bruno: The Letter "S"
[2025-06-06 11:08:01] Challenges fetched successfully for bruno!
[2025-06-06 11:08:29] Sélection de tous les challenges

[2025-06-06 11:08:31] Beautiful Eyes get vote panel
[2025-06-06 11:08:52] Ultimate Exposure get vote panel
[2025-06-06 11:09:13] Best of Black & White get vote panel
[2025-06-06 11:09:34] The 7 Sins get vote panel
[2025-06-06 11:09:55] The Letter "S" get vote panel
[2025-06-06 11:10:16] Fields and Meadows get vote panel
[2025-06-06 11:10:37] Gone Walking get vote panel
[2025-06-06 11:10:58] Bridges get vote panel
[2025-06-06 11:11:19] Still Life get vote panel
[2025-06-06 11:11:40] Great Mistakes get vote panel
[2025-06-06 11:12:01] Dramatic Lighting get vote panel
[2025-06-06 11:12:22] Photo of the Week! get vote panel
[2025-06-06 11:12:43] Joyous Laughter get vote panel
[2025-06-06 11:13:04] Filling challenges: {101573, 101734, 101222, 101608, 101578, 101586, 101555, 101587, 101466, 101566, 101789, 101790, 101599}
Filled Beautiful Eyes with strategy end4
Filled Ultimate Exposure with strategy end4
Filled Best of Black & White with strategy end4
Filled The 7 Sins with strategy end4
Filled The Letter "S" with strategy end4
Filled Fields and Meadows with strategy end4
Filled Gone Walking with strategy end4
Filled Bridges with strategy end4
Filled Still Life with strategy end4
Filled Great Mistakes with strategy end4
Filled Dramatic Lighting with strategy end4
Filled Photo of the Week! with strategy end4
Filled Joyous Laughter with strategy end4

[2025-06-06 11:13:04] Récupération des données de vote pour Beautiful Eyes (URL: attractive-eyes, HEADER:{'User-Agent': 'Mozilla/5.0 (X11; Linux i686; rv:39.0) Gecko/20100101 Firefox/39.0', 'x-api-version': '8', 'x-env': 'WEB', 'X-requested-with': 'XMLHttpRequest', 'X-token': 'a1cad95a6d480c14f51dd0eba4914c8337b893c789ec6278bb440c7c9a673b162f042470c62684e6da2bd342ffea7777'})
[2025-06-06 11:13:04] Récupération des données de vote pour Beautiful Eyes (URL: attractive-eyes, HEADER:{'User-Agent': 'Mozilla/5.0 (X11; Linux i686; rv:39.0) Gecko/20100101 Firefox/39.0', 'x-api-version': '8', 'x-env': 'WEB', 'X-requested-with': 'XMLHttpRequest', 'X-token': 'a1cad95a6d480c14f51dd0eba4914c8337b893c789ec6278bb440c7c9a673b162f042470c62684e6da2bd342ffea7777'})
[2025-06-06 11:13:04] Récupération des données de vote pour Beautiful Eyes (URL: attractive-eyes, HEADER:{'User-Agent': 'Mozilla/5.0 (X11; Linux i686; rv:39.0) Gecko/20100101 Firefox/39.0', 'x-api-version': '8', 'x-env': 'WEB', 'X-requested-with': 'XMLHttpRequest', 'X-token': 'a1cad95a6d480c14f51dd0eba4914c8337b893c789ec6278bb440c7c9a673b162f042470c62684e6da2bd342ffea7777'})
[2025-06-06 11:13:04] Récupération des données de vote pour Beautiful Eyes (URL: attractive-eyes, HEADER:{'User-Agent': 'Mozilla/5.0 (X11; Linux i686; rv:39.0) Gecko/20100101 Firefox/39.0', 'x-api-version': '8', 'x-env': 'WEB', 'X-requested-with': 'XMLHttpRequest', 'X-token': 'a1cad95a6d480c14f51dd0eba4914c8337b893c789ec6278bb440c7c9a673b162f042470c62684e6da2bd342ffea7777'})
[2025-06-06 11:13:04] Récupération des données de vote pour Beautiful Eyes (URL: attractive-eyes, HEADER:{'User-Agent': 'Mozilla/5.0 (X11; Linux i686; rv:39.0) Gecko/20100101 Firefox/39.0', 'x-api-version': '8', 'x-env': 'WEB', 'X-requested-with': 'XMLHttpRequest', 'X-token': 'a1cad95a6d480c14f51dd0eba4914c8337b893c789ec6278bb440c7c9a673b162f042470c62684e6da2bd342ffea7777'})
[2025-06-06 11:13:04] Récupération des données de vote pour Beautiful Eyes (URL: attractive-eyes, HEADER:{'User-Agent': 'Mozilla/5.0 (X11; Linux i686; rv:39.0) Gecko/20100101 Firefox/39.0', 'x-api-version': '8', 'x-env': 'WEB', 'X-requested-with': 'XMLHttpRequest', 'X-token': 'a1cad95a6d480c14f51dd0eba4914c8337b893c789ec6278bb440c7c9a673b162f042470c62684e6da2bd342ffea7777'})
[2025-06-06 11:13:04] Récupération des données de vote pour Beautiful Eyes (URL: attractive-eyes, HEADER:{'User-Agent': 'Mozilla/5.0 (X11; Linux i686; rv:39.0) Gecko/20100101 Firefox/39.0', 'x-api-version': '8', 'x-env': 'WEB', 'X-requested-with': 'XMLHttpRequest', 'X-token': 'a1cad95a6d480c14f51dd0eba4914c8337b893c789ec6278bb440c7c9a673b162f042470c62684e6da2bd342ffea7777'})
[2025-06-06 11:13:04] Récupération des données de vote pour Ultimate Exposure (URL: ultimate-exposure80, HEADER:{'User-Agent': 'Mozilla/5.0 (X11; Linux i686; rv:39.0) Gecko/20100101 Firefox/39.0', 'x-api-version': '8', 'x-env': 'WEB', 'X-requested-with': 'XMLHttpRequest', 'X-token': 'a1cad95a6d480c14f51dd0eba4914c8337b893c789ec6278bb440c7c9a673b162f042470c62684e6da2bd342ffea7777'})
[2025-06-06 11:13:04] Récupération des données de vote pour Ultimate Exposure (URL: ultimate-exposure80, HEADER:{'User-Agent': 'Mozilla/5.0 (X11; Linux i686; rv:39.0) Gecko/20100101 Firefox/39.0', 'x-api-version': '8', 'x-env': 'WEB', 'X-requested-with': 'XMLHttpRequest', 'X-token': 'a1cad95a6d480c14f51dd0eba4914c8337b893c789ec6278bb440c7c9a673b162f042470c62684e6da2bd342ffea7777'})
[2025-06-06 11:13:04] Récupération des données de vote pour Ultimate Exposure (URL: ultimate-exposure80, HEADER:{'User-Agent': 'Mozilla/5.0 (X11; Linux i686; rv:39.0) Gecko/20100101 Firefox/39.0', 'x-api-version': '8', 'x-env': 'WEB', 'X-requested-with': 'XMLHttpRequest', 'X-token': 'a1cad95a6d480c14f51dd0eba4914c8337b893c789ec6278bb440c7c9a673b162f042470c62684e6da2bd342ffea7777'})
[2025-06-06 11:13:04] Récupération des données de vote pour Ultimate Exposure (URL: ultimate-exposure80, HEADER:{'User-Agent': 'Mozilla/5.0 (X11; Linux i686; rv:39.0) Gecko/20100101 Firefox/39.0', 'x-api-version': '8', 'x-env': 'WEB', 'X-requested-with': 'XMLHttpRequest', 'X-token': 'a1cad95a6d480c14f51dd0eba4914c8337b893c789ec6278bb440c7c9a673b162f042470c62684e6da2bd342ffea7777'})
[2025-06-06 11:13:04] Récupération des données de vote pour Ultimate Exposure (URL: ultimate-exposure80, HEADER:{'User-Agent': 'Mozilla/5.0 (X11; Linux i686; rv:39.0) Gecko/20100101 Firefox/39.0', 'x-api-version': '8', 'x-env': 'WEB', 'X-requested-with': 'XMLHttpRequest', 'X-token': 'a1cad95a6d480c14f51dd0eba4914c8337b893c789ec6278bb440c7c9a673b162f042470c62684e6da2bd342ffea7777'})
[2025-06-06 11:13:04] Récupération des données de vote pour Ultimate Exposure (URL: ultimate-exposure80, HEADER:{'User-Agent': 'Mozilla/5.0 (X11; Linux i686; rv:39.0) Gecko/20100101 Firefox/39.0', 'x-api-version': '8', 'x-env': 'WEB', 'X-requested-with': 'XMLHttpRequest', 'X-token': 'a1cad95a6d480c14f51dd0eba4914c8337b893c789ec6278bb440c7c9a673b162f042470c62684e6da2bd342ffea7777'})
[2025-06-06 11:13:04] Récupération des données de vote pour Ultimate Exposure (URL: ultimate-exposure80, HEADER:{'User-Agent': 'Mozilla/5.0 (X11; Linux i686; rv:39.0) Gecko/20100101 Firefox/39.0', 'x-api-version': '8', 'x-env': 'WEB', 'X-requested-with': 'XMLHttpRequest', 'X-token': 'a1cad95a6d480c14f51dd0eba4914c8337b893c789ec6278bb440c7c9a673b162f042470c62684e6da2bd342ffea7777'})
[2025-06-06 11:13:04] Récupération des données de vote pour Best of Black & White (URL: best-of-black-white29, HEADER:{'User-Agent': 'Mozilla/5.0 (X11; Linux i686; rv:39.0) Gecko/20100101 Firefox/39.0', 'x-api-version': '8', 'x-env': 'WEB', 'X-requested-with': 'XMLHttpRequest', 'X-token': 'a1cad95a6d480c14f51dd0eba4914c8337b893c789ec6278bb440c7c9a673b162f042470c62684e6da2bd342ffea7777'})
[2025-06-06 11:13:04] Récupération des données de vote pour Best of Black & White (URL: best-of-black-white29, HEADER:{'User-Agent': 'Mozilla/5.0 (X11; Linux i686; rv:39.0) Gecko/20100101 Firefox/39.0', 'x-api-version': '8', 'x-env': 'WEB', 'X-requested-with': 'XMLHttpRequest', 'X-token': 'a1cad95a6d480c14f51dd0eba4914c8337b893c789ec6278bb440c7c9a673b162f042470c62684e6da2bd342ffea7777'})
[2025-06-06 11:13:04] Récupération des données de vote pour Best of Black & White (URL: best-of-black-white29, HEADER:{'User-Agent': 'Mozilla/5.0 (X11; Linux i686; rv:39.0) Gecko/20100101 Firefox/39.0', 'x-api-version': '8', 'x-env': 'WEB', 'X-requested-with': 'XMLHttpRequest', 'X-token': 'a1cad95a6d480c14f51dd0eba4914c8337b893c789ec6278bb440c7c9a673b162f042470c62684e6da2bd342ffea7777'})
[2025-06-06 11:13:04] Récupération des données de vote pour Best of Black & White (URL: best-of-black-white29, HEADER:{'User-Agent': 'Mozilla/5.0 (X11; Linux i686; rv:39.0) Gecko/20100101 Firefox/39.0', 'x-api-version': '8', 'x-env': 'WEB', 'X-requested-with': 'XMLHttpRequest', 'X-token': 'a1cad95a6d480c14f51dd0eba4914c8337b893c789ec6278bb440c7c9a673b162f042470c62684e6da2bd342ffea7777'})
[2025-06-06 11:13:04] Récupération des données de vote pour Best of Black & White (URL: best-of-black-white29, HEADER:{'User-Agent': 'Mozilla/5.0 (X11; Linux i686; rv:39.0) Gecko/20100101 Firefox/39.0', 'x-api-version': '8', 'x-env': 'WEB', 'X-requested-with': 'XMLHttpRequest', 'X-token': 'a1cad95a6d480c14f51dd0eba4914c8337b893c789ec6278bb440c7c9a673b162f042470c62684e6da2bd342ffea7777'})
[2025-06-06 11:13:04] Récupération des données de vote pour Best of Black & White (URL: best-of-black-white29, HEADER:{'User-Agent': 'Mozilla/5.0 (X11; Linux i686; rv:39.0) Gecko/20100101 Firefox/39.0', 'x-api-version': '8', 'x-env': 'WEB', 'X-requested-with': 'XMLHttpRequest', 'X-token': 'a1cad95a6d480c14f51dd0eba4914c8337b893c789ec6278bb440c7c9a673b162f042470c62684e6da2bd342ffea7777'})
[2025-06-06 11:13:04] Récupération des données de vote pour Best of Black & White (URL: best-of-black-white29, HEADER:{'User-Agent': 'Mozilla/5.0 (X11; Linux i686; rv:39.0) Gecko/20100101 Firefox/39.0', 'x-api-version': '8', 'x-env': 'WEB', 'X-requested-with': 'XMLHttpRequest', 'X-token': 'a1cad95a6d480c14f51dd0eba4914c8337b893c789ec6278bb440c7c9a673b162f042470c62684e6da2bd342ffea7777'})
[2025-06-06 11:13:04] Récupération des données de vote pour The 7 Sins (URL: the-7-sins, HEADER:{'User-Agent': 'Mozilla/5.0 (X11; Linux i686; rv:39.0) Gecko/20100101 Firefox/39.0', 'x-api-version': '8', 'x-env': 'WEB', 'X-requested-with': 'XMLHttpRequest', 'X-token': 'a1cad95a6d480c14f51dd0eba4914c8337b893c789ec6278bb440c7c9a673b162f042470c62684e6da2bd342ffea7777'})
[2025-06-06 11:13:04] Récupération des données de vote pour The 7 Sins (URL: the-7-sins, HEADER:{'User-Agent': 'Mozilla/5.0 (X11; Linux i686; rv:39.0) Gecko/20100101 Firefox/39.0', 'x-api-version': '8', 'x-env': 'WEB', 'X-requested-with': 'XMLHttpRequest', 'X-token': 'a1cad95a6d480c14f51dd0eba4914c8337b893c789ec6278bb440c7c9a673b162f042470c62684e6da2bd342ffea7777'})
[2025-06-06 11:13:04] Récupération des données de vote pour The 7 Sins (URL: the-7-sins, HEADER:{'User-Agent': 'Mozilla/5.0 (X11; Linux i686; rv:39.0) Gecko/20100101 Firefox/39.0', 'x-api-version': '8', 'x-env': 'WEB', 'X-requested-with': 'XMLHttpRequest', 'X-token': 'a1cad95a6d480c14f51dd0eba4914c8337b893c789ec6278bb440c7c9a673b162f042470c62684e6da2bd342ffea7777'})
[2025-06-06 11:13:04] Récupération des données de vote pour The 7 Sins (URL: the-7-sins, HEADER:{'User-Agent': 'Mozilla/5.0 (X11; Linux i686; rv:39.0) Gecko/20100101 Firefox/39.0', 'x-api-version': '8', 'x-env': 'WEB', 'X-requested-with': 'XMLHttpRequest', 'X-token': 'a1cad95a6d480c14f51dd0eba4914c8337b893c789ec6278bb440c7c9a673b162f042470c62684e6da2bd342ffea7777'})
[2025-06-06 11:13:04] Récupération des données de vote pour The 7 Sins (URL: the-7-sins, HEADER:{'User-Agent': 'Mozilla/5.0 (X11; Linux i686; rv:39.0) Gecko/20100101 Firefox/39.0', 'x-api-version': '8', 'x-env': 'WEB', 'X-requested-with': 'XMLHttpRequest', 'X-token': 'a1cad95a6d480c14f51dd0eba4914c8337b893c789ec6278bb440c7c9a673b162f042470c62684e6da2bd342ffea7777'})
[2025-06-06 11:13:04] Récupération des données de vote pour The 7 Sins (URL: the-7-sins, HEADER:{'User-Agent': 'Mozilla/5.0 (X11; Linux i686; rv:39.0) Gecko/20100101 Firefox/39.0', 'x-api-version': '8', 'x-env': 'WEB', 'X-requested-with': 'XMLHttpRequest', 'X-token': 'a1cad95a6d480c14f51dd0eba4914c8337b893c789ec6278bb440c7c9a673b162f042470c62684e6da2bd342ffea7777'})
[2025-06-06 11:13:04] Récupération des données de vote pour The 7 Sins (URL: the-7-sins, HEADER:{'User-Agent': 'Mozilla/5.0 (X11; Linux i686; rv:39.0) Gecko/20100101 Firefox/39.0', 'x-api-version': '8', 'x-env': 'WEB', 'X-requested-with': 'XMLHttpRequest', 'X-token': 'a1cad95a6d480c14f51dd0eba4914c8337b893c789ec6278bb440c7c9a673b162f042470c62684e6da2bd342ffea7777'})
[2025-06-06 11:13:04] Récupération des données de vote pour The Letter "S" (URL: the-letter-s-, HEADER:{'User-Agent': 'Mozilla/5.0 (X11; Linux i686; rv:39.0) Gecko/20100101 Firefox/39.0', 'x-api-version': '8', 'x-env': 'WEB', 'X-requested-with': 'XMLHttpRequest', 'X-token': 'a1cad95a6d480c14f51dd0eba4914c8337b893c789ec6278bb440c7c9a673b162f042470c62684e6da2bd342ffea7777'})
[2025-06-06 11:13:04] Récupération des données de vote pour The Letter "S" (URL: the-letter-s-, HEADER:{'User-Agent': 'Mozilla/5.0 (X11; Linux i686; rv:39.0) Gecko/20100101 Firefox/39.0', 'x-api-version': '8', 'x-env': 'WEB', 'X-requested-with': 'XMLHttpRequest', 'X-token': 'a1cad95a6d480c14f51dd0eba4914c8337b893c789ec6278bb440c7c9a673b162f042470c62684e6da2bd342ffea7777'})
[2025-06-06 11:13:04] Récupération des données de vote pour The Letter "S" (URL: the-letter-s-, HEADER:{'User-Agent': 'Mozilla/5.0 (X11; Linux i686; rv:39.0) Gecko/20100101 Firefox/39.0', 'x-api-version': '8', 'x-env': 'WEB', 'X-requested-with': 'XMLHttpRequest', 'X-token': 'a1cad95a6d480c14f51dd0eba4914c8337b893c789ec6278bb440c7c9a673b162f042470c62684e6da2bd342ffea7777'})
[2025-06-06 11:13:04] Récupération des données de vote pour The Letter "S" (URL: the-letter-s-, HEADER:{'User-Agent': 'Mozilla/5.0 (X11; Linux i686; rv:39.0) Gecko/20100101 Firefox/39.0', 'x-api-version': '8', 'x-env': 'WEB', 'X-requested-with': 'XMLHttpRequest', 'X-token': 'a1cad95a6d480c14f51dd0eba4914c8337b893c789ec6278bb440c7c9a673b162f042470c62684e6da2bd342ffea7777'})
[2025-06-06 11:13:04] Récupération des données de vote pour The Letter "S" (URL: the-letter-s-, HEADER:{'User-Agent': 'Mozilla/5.0 (X11; Linux i686; rv:39.0) Gecko/20100101 Firefox/39.0', 'x-api-version': '8', 'x-env': 'WEB', 'X-requested-with': 'XMLHttpRequest', 'X-token': 'a1cad95a6d480c14f51dd0eba4914c8337b893c789ec6278bb440c7c9a673b162f042470c62684e6da2bd342ffea7777'})
[2025-06-06 11:13:04] Récupération des données de vote pour The Letter "S" (URL: the-letter-s-, HEADER:{'User-Agent': 'Mozilla/5.0 (X11; Linux i686; rv:39.0) Gecko/20100101 Firefox/39.0', 'x-api-version': '8', 'x-env': 'WEB', 'X-requested-with': 'XMLHttpRequest', 'X-token': 'a1cad95a6d480c14f51dd0eba4914c8337b893c789ec6278bb440c7c9a673b162f042470c62684e6da2bd342ffea7777'})
[2025-06-06 11:13:04] Récupération des données de vote pour The Letter "S" (URL: the-letter-s-, HEADER:{'User-Agent': 'Mozilla/5.0 (X11; Linux i686; rv:39.0) Gecko/20100101 Firefox/39.0', 'x-api-version': '8', 'x-env': 'WEB', 'X-requested-with': 'XMLHttpRequest', 'X-token': 'a1cad95a6d480c14f51dd0eba4914c8337b893c789ec6278bb440c7c9a673b162f042470c62684e6da2bd342ffea7777'})
[2025-06-06 11:13:04] Récupération des données de vote pour Fields and Meadows (URL: fields-and-meadows44, HEADER:{'User-Agent': 'Mozilla/5.0 (X11; Linux i686; rv:39.0) Gecko/20100101 Firefox/39.0', 'x-api-version': '8', 'x-env': 'WEB', 'X-requested-with': 'XMLHttpRequest', 'X-token': 'a1cad95a6d480c14f51dd0eba4914c8337b893c789ec6278bb440c7c9a673b162f042470c62684e6da2bd342ffea7777'})
[2025-06-06 11:13:04] Récupération des données de vote pour Fields and Meadows (URL: fields-and-meadows44, HEADER:{'User-Agent': 'Mozilla/5.0 (X11; Linux i686; rv:39.0) Gecko/20100101 Firefox/39.0', 'x-api-version': '8', 'x-env': 'WEB', 'X-requested-with': 'XMLHttpRequest', 'X-token': 'a1cad95a6d480c14f51dd0eba4914c8337b893c789ec6278bb440c7c9a673b162f042470c62684e6da2bd342ffea7777'})
[2025-06-06 11:13:04] Récupération des données de vote pour Fields and Meadows (URL: fields-and-meadows44, HEADER:{'User-Agent': 'Mozilla/5.0 (X11; Linux i686; rv:39.0) Gecko/20100101 Firefox/39.0', 'x-api-version': '8', 'x-env': 'WEB', 'X-requested-with': 'XMLHttpRequest', 'X-token': 'a1cad95a6d480c14f51dd0eba4914c8337b893c789ec6278bb440c7c9a673b162f042470c62684e6da2bd342ffea7777'})
[2025-06-06 11:13:04] Récupération des données de vote pour Fields and Meadows (URL: fields-and-meadows44, HEADER:{'User-Agent': 'Mozilla/5.0 (X11; Linux i686; rv:39.0) Gecko/20100101 Firefox/39.0', 'x-api-version': '8', 'x-env': 'WEB', 'X-requested-with': 'XMLHttpRequest', 'X-token': 'a1cad95a6d480c14f51dd0eba4914c8337b893c789ec6278bb440c7c9a673b162f042470c62684e6da2bd342ffea7777'})
[2025-06-06 11:13:04] Récupération des données de vote pour Fields and Meadows (URL: fields-and-meadows44, HEADER:{'User-Agent': 'Mozilla/5.0 (X11; Linux i686; rv:39.0) Gecko/20100101 Firefox/39.0', 'x-api-version': '8', 'x-env': 'WEB', 'X-requested-with': 'XMLHttpRequest', 'X-token': 'a1cad95a6d480c14f51dd0eba4914c8337b893c789ec6278bb440c7c9a673b162f042470c62684e6da2bd342ffea7777'})
[2025-06-06 11:13:04] Récupération des données de vote pour Fields and Meadows (URL: fields-and-meadows44, HEADER:{'User-Agent': 'Mozilla/5.0 (X11; Linux i686; rv:39.0) Gecko/20100101 Firefox/39.0', 'x-api-version': '8', 'x-env': 'WEB', 'X-requested-with': 'XMLHttpRequest', 'X-token': 'a1cad95a6d480c14f51dd0eba4914c8337b893c789ec6278bb440c7c9a673b162f042470c62684e6da2bd342ffea7777'})
[2025-06-06 11:13:04] Récupération des données de vote pour Fields and Meadows (URL: fields-and-meadows44, HEADER:{'User-Agent': 'Mozilla/5.0 (X11; Linux i686; rv:39.0) Gecko/20100101 Firefox/39.0', 'x-api-version': '8', 'x-env': 'WEB', 'X-requested-with': 'XMLHttpRequest', 'X-token': 'a1cad95a6d480c14f51dd0eba4914c8337b893c789ec6278bb440c7c9a673b162f042470c62684e6da2bd342ffea7777'})
[2025-06-06 11:13:04] Récupération des données de vote pour Gone Walking (URL: gone-walking, HEADER:{'User-Agent': 'Mozilla/5.0 (X11; Linux i686; rv:39.0) Gecko/20100101 Firefox/39.0', 'x-api-version': '8', 'x-env': 'WEB', 'X-requested-with': 'XMLHttpRequest', 'X-token': 'a1cad95a6d480c14f51dd0eba4914c8337b893c789ec6278bb440c7c9a673b162f042470c62684e6da2bd342ffea7777'})
[2025-06-06 11:13:04] Récupération des données de vote pour Gone Walking (URL: gone-walking, HEADER:{'User-Agent': 'Mozilla/5.0 (X11; Linux i686; rv:39.0) Gecko/20100101 Firefox/39.0', 'x-api-version': '8', 'x-env': 'WEB', 'X-requested-with': 'XMLHttpRequest', 'X-token': 'a1cad95a6d480c14f51dd0eba4914c8337b893c789ec6278bb440c7c9a673b162f042470c62684e6da2bd342ffea7777'})
[2025-06-06 11:13:04] Récupération des données de vote pour Gone Walking (URL: gone-walking, HEADER:{'User-Agent': 'Mozilla/5.0 (X11; Linux i686; rv:39.0) Gecko/20100101 Firefox/39.0', 'x-api-version': '8', 'x-env': 'WEB', 'X-requested-with': 'XMLHttpRequest', 'X-token': 'a1cad95a6d480c14f51dd0eba4914c8337b893c789ec6278bb440c7c9a673b162f042470c62684e6da2bd342ffea7777'})
[2025-06-06 11:13:04] Récupération des données de vote pour Gone Walking (URL: gone-walking, HEADER:{'User-Agent': 'Mozilla/5.0 (X11; Linux i686; rv:39.0) Gecko/20100101 Firefox/39.0', 'x-api-version': '8', 'x-env': 'WEB', 'X-requested-with': 'XMLHttpRequest', 'X-token': 'a1cad95a6d480c14f51dd0eba4914c8337b893c789ec6278bb440c7c9a673b162f042470c62684e6da2bd342ffea7777'})
[2025-06-06 11:13:04] Récupération des données de vote pour Gone Walking (URL: gone-walking, HEADER:{'User-Agent': 'Mozilla/5.0 (X11; Linux i686; rv:39.0) Gecko/20100101 Firefox/39.0', 'x-api-version': '8', 'x-env': 'WEB', 'X-requested-with': 'XMLHttpRequest', 'X-token': 'a1cad95a6d480c14f51dd0eba4914c8337b893c789ec6278bb440c7c9a673b162f042470c62684e6da2bd342ffea7777'})
[2025-06-06 11:13:04] Récupération des données de vote pour Gone Walking (URL: gone-walking, HEADER:{'User-Agent': 'Mozilla/5.0 (X11; Linux i686; rv:39.0) Gecko/20100101 Firefox/39.0', 'x-api-version': '8', 'x-env': 'WEB', 'X-requested-with': 'XMLHttpRequest', 'X-token': 'a1cad95a6d480c14f51dd0eba4914c8337b893c789ec6278bb440c7c9a673b162f042470c62684e6da2bd342ffea7777'})
[2025-06-06 11:13:04] Récupération des données de vote pour Gone Walking (URL: gone-walking, HEADER:{'User-Agent': 'Mozilla/5.0 (X11; Linux i686; rv:39.0) Gecko/20100101 Firefox/39.0', 'x-api-version': '8', 'x-env': 'WEB', 'X-requested-with': 'XMLHttpRequest', 'X-token': 'a1cad95a6d480c14f51dd0eba4914c8337b893c789ec6278bb440c7c9a673b162f042470c62684e6da2bd342ffea7777'})
[2025-06-06 11:13:04] Récupération des données de vote pour Bridges (URL: bridges35, HEADER:{'User-Agent': 'Mozilla/5.0 (X11; Linux i686; rv:39.0) Gecko/20100101 Firefox/39.0', 'x-api-version': '8', 'x-env': 'WEB', 'X-requested-with': 'XMLHttpRequest', 'X-token': 'a1cad95a6d480c14f51dd0eba4914c8337b893c789ec6278bb440c7c9a673b162f042470c62684e6da2bd342ffea7777'})
[2025-06-06 11:13:04] Récupération des données de vote pour Bridges (URL: bridges35, HEADER:{'User-Agent': 'Mozilla/5.0 (X11; Linux i686; rv:39.0) Gecko/20100101 Firefox/39.0', 'x-api-version': '8', 'x-env': 'WEB', 'X-requested-with': 'XMLHttpRequest', 'X-token': 'a1cad95a6d480c14f51dd0eba4914c8337b893c789ec6278bb440c7c9a673b162f042470c62684e6da2bd342ffea7777'})
[2025-06-06 11:13:04] Récupération des données de vote pour Bridges (URL: bridges35, HEADER:{'User-Agent': 'Mozilla/5.0 (X11; Linux i686; rv:39.0) Gecko/20100101 Firefox/39.0', 'x-api-version': '8', 'x-env': 'WEB', 'X-requested-with': 'XMLHttpRequest', 'X-token': 'a1cad95a6d480c14f51dd0eba4914c8337b893c789ec6278bb440c7c9a673b162f042470c62684e6da2bd342ffea7777'})
[2025-06-06 11:13:04] Récupération des données de vote pour Bridges (URL: bridges35, HEADER:{'User-Agent': 'Mozilla/5.0 (X11; Linux i686; rv:39.0) Gecko/20100101 Firefox/39.0', 'x-api-version': '8', 'x-env': 'WEB', 'X-requested-with': 'XMLHttpRequest', 'X-token': 'a1cad95a6d480c14f51dd0eba4914c8337b893c789ec6278bb440c7c9a673b162f042470c62684e6da2bd342ffea7777'})
[2025-06-06 11:13:04] Récupération des données de vote pour Bridges (URL: bridges35, HEADER:{'User-Agent': 'Mozilla/5.0 (X11; Linux i686; rv:39.0) Gecko/20100101 Firefox/39.0', 'x-api-version': '8', 'x-env': 'WEB', 'X-requested-with': 'XMLHttpRequest', 'X-token': 'a1cad95a6d480c14f51dd0eba4914c8337b893c789ec6278bb440c7c9a673b162f042470c62684e6da2bd342ffea7777'})
[2025-06-06 11:13:04] Récupération des données de vote pour Bridges (URL: bridges35, HEADER:{'User-Agent': 'Mozilla/5.0 (X11; Linux i686; rv:39.0) Gecko/20100101 Firefox/39.0', 'x-api-version': '8', 'x-env': 'WEB', 'X-requested-with': 'XMLHttpRequest', 'X-token': 'a1cad95a6d480c14f51dd0eba4914c8337b893c789ec6278bb440c7c9a673b162f042470c62684e6da2bd342ffea7777'})
[2025-06-06 11:13:04] Récupération des données de vote pour Bridges (URL: bridges35, HEADER:{'User-Agent': 'Mozilla/5.0 (X11; Linux i686; rv:39.0) Gecko/20100101 Firefox/39.0', 'x-api-version': '8', 'x-env': 'WEB', 'X-requested-with': 'XMLHttpRequest', 'X-token': 'a1cad95a6d480c14f51dd0eba4914c8337b893c789ec6278bb440c7c9a673b162f042470c62684e6da2bd342ffea7777'})
[2025-06-06 11:13:04] Récupération des données de vote pour Still Life (URL: still-life5, HEADER:{'User-Agent': 'Mozilla/5.0 (X11; Linux i686; rv:39.0) Gecko/20100101 Firefox/39.0', 'x-api-version': '8', 'x-env': 'WEB', 'X-requested-with': 'XMLHttpRequest', 'X-token': 'a1cad95a6d480c14f51dd0eba4914c8337b893c789ec6278bb440c7c9a673b162f042470c62684e6da2bd342ffea7777'})
[2025-06-06 11:13:04] Récupération des données de vote pour Still Life (URL: still-life5, HEADER:{'User-Agent': 'Mozilla/5.0 (X11; Linux i686; rv:39.0) Gecko/20100101 Firefox/39.0', 'x-api-version': '8', 'x-env': 'WEB', 'X-requested-with': 'XMLHttpRequest', 'X-token': 'a1cad95a6d480c14f51dd0eba4914c8337b893c789ec6278bb440c7c9a673b162f042470c62684e6da2bd342ffea7777'})
[2025-06-06 11:13:04] Récupération des données de vote pour Still Life (URL: still-life5, HEADER:{'User-Agent': 'Mozilla/5.0 (X11; Linux i686; rv:39.0) Gecko/20100101 Firefox/39.0', 'x-api-version': '8', 'x-env': 'WEB', 'X-requested-with': 'XMLHttpRequest', 'X-token': 'a1cad95a6d480c14f51dd0eba4914c8337b893c789ec6278bb440c7c9a673b162f042470c62684e6da2bd342ffea7777'})
[2025-06-06 11:13:04] Récupération des données de vote pour Still Life (URL: still-life5, HEADER:{'User-Agent': 'Mozilla/5.0 (X11; Linux i686; rv:39.0) Gecko/20100101 Firefox/39.0', 'x-api-version': '8', 'x-env': 'WEB', 'X-requested-with': 'XMLHttpRequest', 'X-token': 'a1cad95a6d480c14f51dd0eba4914c8337b893c789ec6278bb440c7c9a673b162f042470c62684e6da2bd342ffea7777'})
[2025-06-06 11:13:04] Récupération des données de vote pour Still Life (URL: still-life5, HEADER:{'User-Agent': 'Mozilla/5.0 (X11; Linux i686; rv:39.0) Gecko/20100101 Firefox/39.0', 'x-api-version': '8', 'x-env': 'WEB', 'X-requested-with': 'XMLHttpRequest', 'X-token': 'a1cad95a6d480c14f51dd0eba4914c8337b893c789ec6278bb440c7c9a673b162f042470c62684e6da2bd342ffea7777'})
[2025-06-06 11:13:04] Récupération des données de vote pour Still Life (URL: still-life5, HEADER:{'User-Agent': 'Mozilla/5.0 (X11; Linux i686; rv:39.0) Gecko/20100101 Firefox/39.0', 'x-api-version': '8', 'x-env': 'WEB', 'X-requested-with': 'XMLHttpRequest', 'X-token': 'a1cad95a6d480c14f51dd0eba4914c8337b893c789ec6278bb440c7c9a673b162f042470c62684e6da2bd342ffea7777'})
[2025-06-06 11:13:04] Récupération des données de vote pour Still Life (URL: still-life5, HEADER:{'User-Agent': 'Mozilla/5.0 (X11; Linux i686; rv:39.0) Gecko/20100101 Firefox/39.0', 'x-api-version': '8', 'x-env': 'WEB', 'X-requested-with': 'XMLHttpRequest', 'X-token': 'a1cad95a6d480c14f51dd0eba4914c8337b893c789ec6278bb440c7c9a673b162f042470c62684e6da2bd342ffea7777'})
[2025-06-06 11:13:04] Récupération des données de vote pour Great Mistakes (URL: great-mistakes, HEADER:{'User-Agent': 'Mozilla/5.0 (X11; Linux i686; rv:39.0) Gecko/20100101 Firefox/39.0', 'x-api-version': '8', 'x-env': 'WEB', 'X-requested-with': 'XMLHttpRequest', 'X-token': 'a1cad95a6d480c14f51dd0eba4914c8337b893c789ec6278bb440c7c9a673b162f042470c62684e6da2bd342ffea7777'})
[2025-06-06 11:13:04] Récupération des données de vote pour Great Mistakes (URL: great-mistakes, HEADER:{'User-Agent': 'Mozilla/5.0 (X11; Linux i686; rv:39.0) Gecko/20100101 Firefox/39.0', 'x-api-version': '8', 'x-env': 'WEB', 'X-requested-with': 'XMLHttpRequest', 'X-token': 'a1cad95a6d480c14f51dd0eba4914c8337b893c789ec6278bb440c7c9a673b162f042470c62684e6da2bd342ffea7777'})
[2025-06-06 11:13:04] Récupération des données de vote pour Great Mistakes (URL: great-mistakes, HEADER:{'User-Agent': 'Mozilla/5.0 (X11; Linux i686; rv:39.0) Gecko/20100101 Firefox/39.0', 'x-api-version': '8', 'x-env': 'WEB', 'X-requested-with': 'XMLHttpRequest', 'X-token': 'a1cad95a6d480c14f51dd0eba4914c8337b893c789ec6278bb440c7c9a673b162f042470c62684e6da2bd342ffea7777'})
[2025-06-06 11:13:04] Récupération des données de vote pour Great Mistakes (URL: great-mistakes, HEADER:{'User-Agent': 'Mozilla/5.0 (X11; Linux i686; rv:39.0) Gecko/20100101 Firefox/39.0', 'x-api-version': '8', 'x-env': 'WEB', 'X-requested-with': 'XMLHttpRequest', 'X-token': 'a1cad95a6d480c14f51dd0eba4914c8337b893c789ec6278bb440c7c9a673b162f042470c62684e6da2bd342ffea7777'})
[2025-06-06 11:13:04] Récupération des données de vote pour Great Mistakes (URL: great-mistakes, HEADER:{'User-Agent': 'Mozilla/5.0 (X11; Linux i686; rv:39.0) Gecko/20100101 Firefox/39.0', 'x-api-version': '8', 'x-env': 'WEB', 'X-requested-with': 'XMLHttpRequest', 'X-token': 'a1cad95a6d480c14f51dd0eba4914c8337b893c789ec6278bb440c7c9a673b162f042470c62684e6da2bd342ffea7777'})
[2025-06-06 11:13:04] Récupération des données de vote pour Great Mistakes (URL: great-mistakes, HEADER:{'User-Agent': 'Mozilla/5.0 (X11; Linux i686; rv:39.0) Gecko/20100101 Firefox/39.0', 'x-api-version': '8', 'x-env': 'WEB', 'X-requested-with': 'XMLHttpRequest', 'X-token': 'a1cad95a6d480c14f51dd0eba4914c8337b893c789ec6278bb440c7c9a673b162f042470c62684e6da2bd342ffea7777'})
[2025-06-06 11:13:04] Récupération des données de vote pour Great Mistakes (URL: great-mistakes, HEADER:{'User-Agent': 'Mozilla/5.0 (X11; Linux i686; rv:39.0) Gecko/20100101 Firefox/39.0', 'x-api-version': '8', 'x-env': 'WEB', 'X-requested-with': 'XMLHttpRequest', 'X-token': 'a1cad95a6d480c14f51dd0eba4914c8337b893c789ec6278bb440c7c9a673b162f042470c62684e6da2bd342ffea7777'})
[2025-06-06 11:13:04] Récupération des données de vote pour Dramatic Lighting (URL: dramatic-lighting11, HEADER:{'User-Agent': 'Mozilla/5.0 (X11; Linux i686; rv:39.0) Gecko/20100101 Firefox/39.0', 'x-api-version': '8', 'x-env': 'WEB', 'X-requested-with': 'XMLHttpRequest', 'X-token': 'a1cad95a6d480c14f51dd0eba4914c8337b893c789ec6278bb440c7c9a673b162f042470c62684e6da2bd342ffea7777'})
[2025-06-06 11:13:04] Récupération des données de vote pour Dramatic Lighting (URL: dramatic-lighting11, HEADER:{'User-Agent': 'Mozilla/5.0 (X11; Linux i686; rv:39.0) Gecko/20100101 Firefox/39.0', 'x-api-version': '8', 'x-env': 'WEB', 'X-requested-with': 'XMLHttpRequest', 'X-token': 'a1cad95a6d480c14f51dd0eba4914c8337b893c789ec6278bb440c7c9a673b162f042470c62684e6da2bd342ffea7777'})
[2025-06-06 11:13:04] Récupération des données de vote pour Dramatic Lighting (URL: dramatic-lighting11, HEADER:{'User-Agent': 'Mozilla/5.0 (X11; Linux i686; rv:39.0) Gecko/20100101 Firefox/39.0', 'x-api-version': '8', 'x-env': 'WEB', 'X-requested-with': 'XMLHttpRequest', 'X-token': 'a1cad95a6d480c14f51dd0eba4914c8337b893c789ec6278bb440c7c9a673b162f042470c62684e6da2bd342ffea7777'})
[2025-06-06 11:13:04] Récupération des données de vote pour Dramatic Lighting (URL: dramatic-lighting11, HEADER:{'User-Agent': 'Mozilla/5.0 (X11; Linux i686; rv:39.0) Gecko/20100101 Firefox/39.0', 'x-api-version': '8', 'x-env': 'WEB', 'X-requested-with': 'XMLHttpRequest', 'X-token': 'a1cad95a6d480c14f51dd0eba4914c8337b893c789ec6278bb440c7c9a673b162f042470c62684e6da2bd342ffea7777'})
[2025-06-06 11:13:04] Récupération des données de vote pour Dramatic Lighting (URL: dramatic-lighting11, HEADER:{'User-Agent': 'Mozilla/5.0 (X11; Linux i686; rv:39.0) Gecko/20100101 Firefox/39.0', 'x-api-version': '8', 'x-env': 'WEB', 'X-requested-with': 'XMLHttpRequest', 'X-token': 'a1cad95a6d480c14f51dd0eba4914c8337b893c789ec6278bb440c7c9a673b162f042470c62684e6da2bd342ffea7777'})
[2025-06-06 11:13:04] Récupération des données de vote pour Dramatic Lighting (URL: dramatic-lighting11, HEADER:{'User-Agent': 'Mozilla/5.0 (X11; Linux i686; rv:39.0) Gecko/20100101 Firefox/39.0', 'x-api-version': '8', 'x-env': 'WEB', 'X-requested-with': 'XMLHttpRequest', 'X-token': 'a1cad95a6d480c14f51dd0eba4914c8337b893c789ec6278bb440c7c9a673b162f042470c62684e6da2bd342ffea7777'})
[2025-06-06 11:13:04] Récupération des données de vote pour Dramatic Lighting (URL: dramatic-lighting11, HEADER:{'User-Agent': 'Mozilla/5.0 (X11; Linux i686; rv:39.0) Gecko/20100101 Firefox/39.0', 'x-api-version': '8', 'x-env': 'WEB', 'X-requested-with': 'XMLHttpRequest', 'X-token': 'a1cad95a6d480c14f51dd0eba4914c8337b893c789ec6278bb440c7c9a673b162f042470c62684e6da2bd342ffea7777'})
[2025-06-06 11:13:04] Récupération des données de vote pour Photo of the Week! (URL: photo-of-the-week-299, HEADER:{'User-Agent': 'Mozilla/5.0 (X11; Linux i686; rv:39.0) Gecko/20100101 Firefox/39.0', 'x-api-version': '8', 'x-env': 'WEB', 'X-requested-with': 'XMLHttpRequest', 'X-token': 'a1cad95a6d480c14f51dd0eba4914c8337b893c789ec6278bb440c7c9a673b162f042470c62684e6da2bd342ffea7777'})
[2025-06-06 11:13:04] Récupération des données de vote pour Photo of the Week! (URL: photo-of-the-week-299, HEADER:{'User-Agent': 'Mozilla/5.0 (X11; Linux i686; rv:39.0) Gecko/20100101 Firefox/39.0', 'x-api-version': '8', 'x-env': 'WEB', 'X-requested-with': 'XMLHttpRequest', 'X-token': 'a1cad95a6d480c14f51dd0eba4914c8337b893c789ec6278bb440c7c9a673b162f042470c62684e6da2bd342ffea7777'})
[2025-06-06 11:13:04] Récupération des données de vote pour Photo of the Week! (URL: photo-of-the-week-299, HEADER:{'User-Agent': 'Mozilla/5.0 (X11; Linux i686; rv:39.0) Gecko/20100101 Firefox/39.0', 'x-api-version': '8', 'x-env': 'WEB', 'X-requested-with': 'XMLHttpRequest', 'X-token': 'a1cad95a6d480c14f51dd0eba4914c8337b893c789ec6278bb440c7c9a673b162f042470c62684e6da2bd342ffea7777'})
[2025-06-06 11:13:04] Récupération des données de vote pour Photo of the Week! (URL: photo-of-the-week-299, HEADER:{'User-Agent': 'Mozilla/5.0 (X11; Linux i686; rv:39.0) Gecko/20100101 Firefox/39.0', 'x-api-version': '8', 'x-env': 'WEB', 'X-requested-with': 'XMLHttpRequest', 'X-token': 'a1cad95a6d480c14f51dd0eba4914c8337b893c789ec6278bb440c7c9a673b162f042470c62684e6da2bd342ffea7777'})
[2025-06-06 11:13:04] Récupération des données de vote pour Photo of the Week! (URL: photo-of-the-week-299, HEADER:{'User-Agent': 'Mozilla/5.0 (X11; Linux i686; rv:39.0) Gecko/20100101 Firefox/39.0', 'x-api-version': '8', 'x-env': 'WEB', 'X-requested-with': 'XMLHttpRequest', 'X-token': 'a1cad95a6d480c14f51dd0eba4914c8337b893c789ec6278bb440c7c9a673b162f042470c62684e6da2bd342ffea7777'})
[2025-06-06 11:13:04] Récupération des données de vote pour Photo of the Week! (URL: photo-of-the-week-299, HEADER:{'User-Agent': 'Mozilla/5.0 (X11; Linux i686; rv:39.0) Gecko/20100101 Firefox/39.0', 'x-api-version': '8', 'x-env': 'WEB', 'X-requested-with': 'XMLHttpRequest', 'X-token': 'a1cad95a6d480c14f51dd0eba4914c8337b893c789ec6278bb440c7c9a673b162f042470c62684e6da2bd342ffea7777'})
[2025-06-06 11:13:04] Récupération des données de vote pour Photo of the Week! (URL: photo-of-the-week-299, HEADER:{'User-Agent': 'Mozilla/5.0 (X11; Linux i686; rv:39.0) Gecko/20100101 Firefox/39.0', 'x-api-version': '8', 'x-env': 'WEB', 'X-requested-with': 'XMLHttpRequest', 'X-token': 'a1cad95a6d480c14f51dd0eba4914c8337b893c789ec6278bb440c7c9a673b162f042470c62684e6da2bd342ffea7777'})
[2025-06-06 11:13:04] Récupération des données de vote pour Joyous Laughter (URL: joyous-laughter, HEADER:{'User-Agent': 'Mozilla/5.0 (X11; Linux i686; rv:39.0) Gecko/20100101 Firefox/39.0', 'x-api-version': '8', 'x-env': 'WEB', 'X-requested-with': 'XMLHttpRequest', 'X-token': 'a1cad95a6d480c14f51dd0eba4914c8337b893c789ec6278bb440c7c9a673b162f042470c62684e6da2bd342ffea7777'})
[2025-06-06 11:13:04] Récupération des données de vote pour Joyous Laughter (URL: joyous-laughter, HEADER:{'User-Agent': 'Mozilla/5.0 (X11; Linux i686; rv:39.0) Gecko/20100101 Firefox/39.0', 'x-api-version': '8', 'x-env': 'WEB', 'X-requested-with': 'XMLHttpRequest', 'X-token': 'a1cad95a6d480c14f51dd0eba4914c8337b893c789ec6278bb440c7c9a673b162f042470c62684e6da2bd342ffea7777'})
[2025-06-06 11:13:04] Récupération des données de vote pour Joyous Laughter (URL: joyous-laughter, HEADER:{'User-Agent': 'Mozilla/5.0 (X11; Linux i686; rv:39.0) Gecko/20100101 Firefox/39.0', 'x-api-version': '8', 'x-env': 'WEB', 'X-requested-with': 'XMLHttpRequest', 'X-token': 'a1cad95a6d480c14f51dd0eba4914c8337b893c789ec6278bb440c7c9a673b162f042470c62684e6da2bd342ffea7777'})
[2025-06-06 11:13:04] Récupération des données de vote pour Joyous Laughter (URL: joyous-laughter, HEADER:{'User-Agent': 'Mozilla/5.0 (X11; Linux i686; rv:39.0) Gecko/20100101 Firefox/39.0', 'x-api-version': '8', 'x-env': 'WEB', 'X-requested-with': 'XMLHttpRequest', 'X-token': 'a1cad95a6d480c14f51dd0eba4914c8337b893c789ec6278bb440c7c9a673b162f042470c62684e6da2bd342ffea7777'})
[2025-06-06 11:13:04] Récupération des données de vote pour Joyous Laughter (URL: joyous-laughter, HEADER:{'User-Agent': 'Mozilla/5.0 (X11; Linux i686; rv:39.0) Gecko/20100101 Firefox/39.0', 'x-api-version': '8', 'x-env': 'WEB', 'X-requested-with': 'XMLHttpRequest', 'X-token': 'a1cad95a6d480c14f51dd0eba4914c8337b893c789ec6278bb440c7c9a673b162f042470c62684e6da2bd342ffea7777'})
[2025-06-06 11:13:04] Récupération des données de vote pour Joyous Laughter (URL: joyous-laughter, HEADER:{'User-Agent': 'Mozilla/5.0 (X11; Linux i686; rv:39.0) Gecko/20100101 Firefox/39.0', 'x-api-version': '8', 'x-env': 'WEB', 'X-requested-with': 'XMLHttpRequest', 'X-token': 'a1cad95a6d480c14f51dd0eba4914c8337b893c789ec6278bb440c7c9a673b162f042470c62684e6da2bd342ffea7777'})
[2025-06-06 11:13:04] Récupération des données de vote pour Joyous Laughter (URL: joyous-laughter, HEADER:{'User-Agent': 'Mozilla/5.0 (X11; Linux i686; rv:39.0) Gecko/20100101 Firefox/39.0', 'x-api-version': '8', 'x-env': 'WEB', 'X-requested-with': 'XMLHttpRequest', 'X-token': 'a1cad95a6d480c14f51dd0eba4914c8337b893c789ec6278bb440c7c9a673b162f042470c62684e6da2bd342ffea7777'})
[2025-06-06 11:13:05] Récupération réussie: 200 images pour The 7 Sins
[2025-06-06 11:13:05] Voting fetching ...
[2025-06-06 11:13:05] The 7 Sins voting 10 images
[2025-06-06 11:13:05] Récupération réussie: 200 images pour The 7 Sins
[2025-06-06 11:13:05] Voting fetching ...
[2025-06-06 11:13:05] The 7 Sins voting 10 images
[2025-06-06 11:13:05] Récupération réussie: 200 images pour Fields and Meadows
[2025-06-06 11:13:05] Voting fetching ...
[2025-06-06 11:13:05] Fields and Meadows voting 10 images
[2025-06-06 11:13:05] Récupération réussie: 200 images pour The 7 Sins
[2025-06-06 11:13:05] Voting fetching ...
[2025-06-06 11:13:05] The 7 Sins voting 10 images
[2025-06-06 11:13:05] Récupération réussie: 200 images pour Fields and Meadows
[2025-06-06 11:13:05] Voting fetching ...
[2025-06-06 11:13:05] Fields and Meadows voting 10 images
[2025-06-06 11:13:05] Récupération réussie: 200 images pour Fields and Meadows
[2025-06-06 11:13:05] Voting fetching ...
[2025-06-06 11:13:05] Fields and Meadows voting 10 images
[2025-06-06 11:13:05] Récupération réussie: 200 images pour The 7 Sins
[2025-06-06 11:13:05] Voting fetching ...
[2025-06-06 11:13:05] The 7 Sins voting 10 images
[2025-06-06 11:13:05] Récupération réussie: 200 images pour Fields and Meadows
[2025-06-06 11:13:05] Voting fetching ...
[2025-06-06 11:13:05] Fields and Meadows voting 10 images
[2025-06-06 11:13:05] Récupération réussie: 200 images pour Fields and Meadows
[2025-06-06 11:13:05] Voting fetching ...
[2025-06-06 11:13:05] Fields and Meadows voting 10 images
[2025-06-06 11:13:05] Récupération réussie: 200 images pour Fields and Meadows
[2025-06-06 11:13:05] Voting fetching ...
[2025-06-06 11:13:05] Fields and Meadows voting 10 images
[2025-06-06 11:13:05] Récupération réussie: 200 images pour The 7 Sins
[2025-06-06 11:13:05] Voting fetching ...
[2025-06-06 11:13:05] The 7 Sins voting 10 images
[2025-06-06 11:13:06] Récupération réussie: 200 images pour The 7 Sins
[2025-06-06 11:13:06] Voting fetching ...
[2025-06-06 11:13:06] The 7 Sins voting 10 images
[2025-06-06 11:13:06] Récupération réussie: 200 images pour Fields and Meadows
[2025-06-06 11:13:06] Voting fetching ...
[2025-06-06 11:13:06] Fields and Meadows voting 10 images
[2025-06-06 11:13:06] Récupération réussie: 200 images pour The 7 Sins
[2025-06-06 11:13:06] Voting fetching ...
[2025-06-06 11:13:06] The 7 Sins voting 10 images
[2025-06-06 11:13:06] Récupération réussie: 200 images pour Beautiful Eyes
[2025-06-06 11:13:06] Voting fetching ...
[2025-06-06 11:13:06] Beautiful Eyes voting 10 images
[2025-06-06 11:13:06] Récupération réussie: 200 images pour Great Mistakes
[2025-06-06 11:13:06] Voting fetching ...
[2025-06-06 11:13:06] Great Mistakes voting 10 images
[2025-06-06 11:13:06] Récupération réussie: 200 images pour Great Mistakes
[2025-06-06 11:13:06] Voting fetching ...
[2025-06-06 11:13:06] Great Mistakes voting 10 images
[2025-06-06 11:13:06] Récupération réussie: 200 images pour Photo of the Week!
[2025-06-06 11:13:06] Voting fetching ...
[2025-06-06 11:13:06] Photo of the Week! voting 10 images
[2025-06-06 11:13:06] Récupération réussie: 200 images pour Joyous Laughter
[2025-06-06 11:13:06] Voting fetching ...
[2025-06-06 11:13:06] Joyous Laughter voting 10 images
[2025-06-06 11:13:06] Récupération réussie: 200 images pour The Letter "S"
[2025-06-06 11:13:06] Voting fetching ...
[2025-06-06 11:13:06] The Letter "S" voting 10 images
[2025-06-06 11:13:06] Récupération réussie: 200 images pour Photo of the Week!
[2025-06-06 11:13:06] Voting fetching ...
[2025-06-06 11:13:06] Photo of the Week! voting 10 images
[2025-06-06 11:13:06] Récupération réussie: 200 images pour Great Mistakes
[2025-06-06 11:13:06] Voting fetching ...
[2025-06-06 11:13:06] Great Mistakes voting 10 images
[2025-06-06 11:13:06] Récupération réussie: 200 images pour Great Mistakes
[2025-06-06 11:13:06] Voting fetching ...
[2025-06-06 11:13:06] Great Mistakes voting 10 images
[2025-06-06 11:13:06] Récupération réussie: 200 images pour Beautiful Eyes
[2025-06-06 11:13:06] Voting fetching ...
[2025-06-06 11:13:06] Beautiful Eyes voting 10 images
[2025-06-06 11:13:06] Récupération réussie: 200 images pour Photo of the Week!
[2025-06-06 11:13:06] Voting fetching ...
[2025-06-06 11:13:06] Photo of the Week! voting 10 images
[2025-06-06 11:13:06] Récupération réussie: 200 images pour Great Mistakes
[2025-06-06 11:13:06] Voting fetching ...
[2025-06-06 11:13:06] Great Mistakes voting 10 images
[2025-06-06 11:13:06] Récupération réussie: 200 images pour Beautiful Eyes
[2025-06-06 11:13:06] Voting fetching ...
[2025-06-06 11:13:06] Beautiful Eyes voting 10 images
[2025-06-06 11:13:06] Récupération réussie: 200 images pour Bridges
[2025-06-06 11:13:06] Voting fetching ...
[2025-06-06 11:13:06] Bridges voting 10 images
[2025-06-06 11:13:06] Récupération réussie: 200 images pour Beautiful Eyes
[2025-06-06 11:13:06] Voting fetching ...
[2025-06-06 11:13:06] Beautiful Eyes voting 10 images
[2025-06-06 11:13:06] Récupération réussie: 200 images pour Beautiful Eyes
[2025-06-06 11:13:06] Voting fetching ...
[2025-06-06 11:13:06] Beautiful Eyes voting 10 images
[2025-06-06 11:13:06] Récupération réussie: 200 images pour Bridges
[2025-06-06 11:13:06] Voting fetching ...
[2025-06-06 11:13:06] Bridges voting 10 images
[2025-06-06 11:13:06] Récupération réussie: 200 images pour The Letter "S"
[2025-06-06 11:13:06] Voting fetching ...
[2025-06-06 11:13:06] The Letter "S" voting 10 images
[2025-06-06 11:13:06] Récupération réussie: 200 images pour Great Mistakes
[2025-06-06 11:13:06] Voting fetching ...
[2025-06-06 11:13:06] Great Mistakes voting 10 images
[2025-06-06 11:13:06] Récupération réussie: 200 images pour Joyous Laughter
[2025-06-06 11:13:06] Voting fetching ...
[2025-06-06 11:13:06] Joyous Laughter voting 10 images
[2025-06-06 11:13:06] Récupération réussie: 200 images pour Joyous Laughter
[2025-06-06 11:13:06] Voting fetching ...
[2025-06-06 11:13:06] Joyous Laughter voting 10 images
[2025-06-06 11:13:06] Récupération réussie: 200 images pour Beautiful Eyes
[2025-06-06 11:13:06] Voting fetching ...
[2025-06-06 11:13:06] Beautiful Eyes voting 10 images
[2025-06-06 11:13:06] Récupération réussie: 200 images pour Photo of the Week!
[2025-06-06 11:13:06] Voting fetching ...
[2025-06-06 11:13:06] Photo of the Week! voting 10 images
[2025-06-06 11:13:06] Récupération réussie: 200 images pour Great Mistakes
[2025-06-06 11:13:06] Voting fetching ...
[2025-06-06 11:13:06] Great Mistakes voting 10 images
[2025-06-06 11:13:06] Récupération réussie: 200 images pour Joyous Laughter
[2025-06-06 11:13:06] Voting fetching ...
[2025-06-06 11:13:06] Joyous Laughter voting 10 images
[2025-06-06 11:13:06] Récupération réussie: 200 images pour The Letter "S"
[2025-06-06 11:13:06] Voting fetching ...
[2025-06-06 11:13:06] The Letter "S" voting 10 images
[2025-06-06 11:13:06] Récupération réussie: 200 images pour Joyous Laughter
[2025-06-06 11:13:06] Voting fetching ...
[2025-06-06 11:13:06] Joyous Laughter voting 10 images
[2025-06-06 11:13:06] Récupération réussie: 200 images pour Joyous Laughter
[2025-06-06 11:13:06] Voting fetching ...
[2025-06-06 11:13:06] Joyous Laughter voting 10 images
[2025-06-06 11:13:06] Récupération réussie: 200 images pour Joyous Laughter
[2025-06-06 11:13:06] Voting fetching ...
[2025-06-06 11:13:06] Joyous Laughter voting 10 images
[2025-06-06 11:13:06] Récupération réussie: 200 images pour Bridges
[2025-06-06 11:13:06] Voting fetching ...
[2025-06-06 11:13:06] Bridges voting 10 images
[2025-06-06 11:13:07] Récupération réussie: 200 images pour Bridges
[2025-06-06 11:13:07] Voting fetching ...
[2025-06-06 11:13:07] Bridges voting 10 images
[2025-06-06 11:13:07] Récupération réussie: 200 images pour The Letter "S"
[2025-06-06 11:13:07] Voting fetching ...
[2025-06-06 11:13:07] The Letter "S" voting 10 images
[2025-06-06 11:13:07] Récupération réussie: 200 images pour Bridges
[2025-06-06 11:13:07] Voting fetching ...
[2025-06-06 11:13:07] Bridges voting 10 images
[2025-06-06 11:13:07] Récupération réussie: 200 images pour The Letter "S"
[2025-06-06 11:13:07] Voting fetching ...
[2025-06-06 11:13:07] The Letter "S" voting 10 images
[2025-06-06 11:13:07] Récupération réussie: 200 images pour Photo of the Week!
[2025-06-06 11:13:07] Voting fetching ...
[2025-06-06 11:13:07] Photo of the Week! voting 10 images
[2025-06-06 11:13:07] Récupération réussie: 200 images pour Photo of the Week!
[2025-06-06 11:13:07] Voting fetching ...
[2025-06-06 11:13:07] Photo of the Week! voting 10 images
[2025-06-06 11:13:07] Récupération réussie: 200 images pour Photo of the Week!
[2025-06-06 11:13:07] Voting fetching ...
[2025-06-06 11:13:07] Photo of the Week! voting 10 images
[2025-06-06 11:13:07] Récupération réussie: 200 images pour Bridges
[2025-06-06 11:13:07] Voting fetching ...
[2025-06-06 11:13:07] Bridges voting 10 images
[2025-06-06 11:13:07] Récupération réussie: 200 images pour The Letter "S"
[2025-06-06 11:13:07] Voting fetching ...
[2025-06-06 11:13:07] The Letter "S" voting 10 images
[2025-06-06 11:13:07] Récupération réussie: 200 images pour Beautiful Eyes
[2025-06-06 11:13:07] Voting fetching ...
[2025-06-06 11:13:07] Beautiful Eyes voting 10 images
[2025-06-06 11:13:07] Récupération réussie: 200 images pour The Letter "S"
[2025-06-06 11:13:07] Voting fetching ...
[2025-06-06 11:13:07] The Letter "S" voting 10 images
[2025-06-06 11:13:07] Récupération réussie: 200 images pour Bridges
[2025-06-06 11:13:07] Voting fetching ...
[2025-06-06 11:13:07] Bridges voting 10 images
[2025-06-06 11:13:07] Récupération réussie: 200 images pour Gone Walking
[2025-06-06 11:13:07] Voting fetching ...
[2025-06-06 11:13:07] Gone Walking voting 10 images
[2025-06-06 11:13:07] Récupération réussie: 200 images pour Gone Walking
[2025-06-06 11:13:07] Voting fetching ...
[2025-06-06 11:13:07] Gone Walking voting 10 images
[2025-06-06 11:13:07] Récupération réussie: 200 images pour Gone Walking
[2025-06-06 11:13:07] Voting fetching ...
[2025-06-06 11:13:07] Gone Walking voting 10 images
[2025-06-06 11:13:07] Récupération réussie: 200 images pour Gone Walking
[2025-06-06 11:13:07] Voting fetching ...
[2025-06-06 11:13:07] Gone Walking voting 10 images
[2025-06-06 11:13:07] Récupération réussie: 200 images pour Gone Walking
[2025-06-06 11:13:07] Voting fetching ...
[2025-06-06 11:13:07] Gone Walking voting 10 images
[2025-06-06 11:13:07] Récupération réussie: 200 images pour Gone Walking
[2025-06-06 11:13:07] Voting fetching ...
[2025-06-06 11:13:07] Gone Walking voting 10 images
[2025-06-06 11:13:07] Récupération réussie: 200 images pour Gone Walking
[2025-06-06 11:13:07] Voting fetching ...
[2025-06-06 11:13:07] Gone Walking voting 10 images
[2025-06-06 11:13:07] Récupération réussie: 200 images pour Still Life
[2025-06-06 11:13:07] Voting fetching ...
[2025-06-06 11:13:07] Still Life voting 10 images
[2025-06-06 11:13:07] Récupération réussie: 200 images pour Dramatic Lighting
[2025-06-06 11:13:07] Voting fetching ...
[2025-06-06 11:13:07] Dramatic Lighting voting 10 images
[2025-06-06 11:13:07] Récupération réussie: 200 images pour Best of Black & White
[2025-06-06 11:13:07] Voting fetching ...
[2025-06-06 11:13:07] Best of Black & White voting 10 images
[2025-06-06 11:13:07] Récupération réussie: 200 images pour Still Life
[2025-06-06 11:13:07] Voting fetching ...
[2025-06-06 11:13:07] Still Life voting 10 images
[2025-06-06 11:13:07] Récupération réussie: 200 images pour Ultimate Exposure
[2025-06-06 11:13:07] Voting fetching ...
[2025-06-06 11:13:07] Ultimate Exposure voting 10 images
[2025-06-06 11:13:07] Récupération réussie: 200 images pour Still Life
[2025-06-06 11:13:07] Voting fetching ...
[2025-06-06 11:13:07] Still Life voting 10 images
[2025-06-06 11:13:07] Récupération réussie: 200 images pour Dramatic Lighting
[2025-06-06 11:13:07] Voting fetching ...
[2025-06-06 11:13:07] Dramatic Lighting voting 10 images
[2025-06-06 11:13:07] Récupération réussie: 200 images pour Ultimate Exposure
[2025-06-06 11:13:07] Voting fetching ...
[2025-06-06 11:13:07] Ultimate Exposure voting 10 images
[2025-06-06 11:13:08] Récupération réussie: 200 images pour Ultimate Exposure
[2025-06-06 11:13:08] Voting fetching ...
[2025-06-06 11:13:08] Ultimate Exposure voting 10 images
[2025-06-06 11:13:08] Récupération réussie: 200 images pour Dramatic Lighting
[2025-06-06 11:13:08] Voting fetching ...
[2025-06-06 11:13:08] Dramatic Lighting voting 10 images
[2025-06-06 11:13:08] Récupération réussie: 200 images pour Best of Black & White
[2025-06-06 11:13:08] Voting fetching ...
[2025-06-06 11:13:08] Best of Black & White voting 10 images
[2025-06-06 11:13:08] Récupération réussie: 200 images pour Still Life
[2025-06-06 11:13:08] Voting fetching ...
[2025-06-06 11:13:08] Still Life voting 10 images
[2025-06-06 11:13:08] Récupération réussie: 200 images pour Ultimate Exposure
[2025-06-06 11:13:08] Voting fetching ...
[2025-06-06 11:13:08] Ultimate Exposure voting 10 images
[2025-06-06 11:13:08] Récupération réussie: 200 images pour Ultimate Exposure
[2025-06-06 11:13:08] Voting fetching ...
[2025-06-06 11:13:08] Ultimate Exposure voting 10 images
[2025-06-06 11:13:08] Récupération réussie: 200 images pour Best of Black & White
[2025-06-06 11:13:08] Voting fetching ...
[2025-06-06 11:13:08] Best of Black & White voting 10 images
[2025-06-06 11:13:08] Récupération réussie: 200 images pour Ultimate Exposure
[2025-06-06 11:13:08] Voting fetching ...
[2025-06-06 11:13:08] Ultimate Exposure voting 10 images
[2025-06-06 11:13:08] Récupération réussie: 200 images pour Best of Black & White
[2025-06-06 11:13:08] Voting fetching ...
[2025-06-06 11:13:08] Best of Black & White voting 10 images
[2025-06-06 11:13:08] Récupération réussie: 200 images pour Best of Black & White
[2025-06-06 11:13:08] Voting fetching ...
[2025-06-06 11:13:08] Best of Black & White voting 10 images
[2025-06-06 11:13:08] Récupération réussie: 200 images pour Ultimate Exposure
[2025-06-06 11:13:08] Voting fetching ...
[2025-06-06 11:13:08] Ultimate Exposure voting 10 images
[2025-06-06 11:13:08] Récupération réussie: 200 images pour Best of Black & White
[2025-06-06 11:13:08] Voting fetching ...
[2025-06-06 11:13:08] Best of Black & White voting 10 images
[2025-06-06 11:13:08] Récupération réussie: 200 images pour Dramatic Lighting
[2025-06-06 11:13:08] Voting fetching ...
[2025-06-06 11:13:08] Dramatic Lighting voting 10 images
[2025-06-06 11:13:08] Récupération réussie: 200 images pour Dramatic Lighting
[2025-06-06 11:13:08] Voting fetching ...
[2025-06-06 11:13:08] Dramatic Lighting voting 10 images
[2025-06-06 11:13:08] Récupération réussie: 200 images pour Still Life
[2025-06-06 11:13:08] Voting fetching ...
[2025-06-06 11:13:08] Still Life voting 10 images
[2025-06-06 11:13:08] Récupération réussie: 200 images pour Still Life
[2025-06-06 11:13:08] Voting fetching ...
[2025-06-06 11:13:08] Still Life voting 10 images
[2025-06-06 11:13:08] Récupération réussie: 200 images pour Dramatic Lighting
[2025-06-06 11:13:08] Voting fetching ...
[2025-06-06 11:13:08] Dramatic Lighting voting 10 images
[2025-06-06 11:13:08] Récupération réussie: 200 images pour Best of Black & White
[2025-06-06 11:13:08] Voting fetching ...
[2025-06-06 11:13:08] Best of Black & White voting 10 images
[2025-06-06 11:13:08] Récupération réussie: 200 images pour Still Life
[2025-06-06 11:13:08] Voting fetching ...
[2025-06-06 11:13:08] Still Life voting 10 images
[2025-06-06 11:13:08] Récupération réussie: 200 images pour Dramatic Lighting
[2025-06-06 11:13:08] Voting fetching ...
[2025-06-06 11:13:08] Dramatic Lighting voting 10 images
[2025-06-06 11:13:09] The 7 Sins voted successfully
[2025-06-06 11:13:11] Fields and Meadows voted successfully
[2025-06-06 11:13:13] The 7 Sins voted successfully
[2025-06-06 11:13:15] The 7 Sins voted successfully
[2025-06-06 11:13:17] Fields and Meadows voted successfully
[2025-06-06 11:13:19] The 7 Sins voted successfully
[2025-06-06 11:13:21] The 7 Sins voted successfully
[2025-06-06 11:13:23] Fields and Meadows voted successfully
[2025-06-06 11:13:25] The 7 Sins voted successfully
[2025-06-06 11:13:27] Fields and Meadows voted successfully
[2025-06-06 11:13:29] Fields and Meadows voted successfully
[2025-06-06 11:13:31] Fields and Meadows voted successfully
[2025-06-06 11:13:33] Great Mistakes voted successfully
[2025-06-06 11:13:35] Photo of the Week! voted successfully
[2025-06-06 11:13:37] Beautiful Eyes voted successfully
[2025-06-06 11:13:39] Great Mistakes voted successfully
[2025-06-06 11:13:41] Fields and Meadows voted successfully
[2025-06-06 11:13:43] Joyous Laughter voted successfully
[2025-06-06 11:13:45] Great Mistakes voted successfully
[2025-06-06 11:13:47] Photo of the Week! voted successfully
[2025-06-06 11:13:49] Beautiful Eyes voted successfully
[2025-06-06 11:13:51] Great Mistakes voted successfully
[2025-06-06 11:13:53] Bridges voted successfully
[2025-06-06 11:13:55] Photo of the Week! voted successfully
[2025-06-06 11:13:57] The 7 Sins voted successfully
[2025-06-06 11:13:59] Photo of the Week! voted successfully
[2025-06-06 11:14:01] Bridges voted successfully
[2025-06-06 11:14:03] Joyous Laughter voted successfully
[2025-06-06 11:14:05] Great Mistakes voted successfully
[2025-06-06 11:14:07] Beautiful Eyes voted successfully
[2025-06-06 11:14:09] Beautiful Eyes voted successfully
[2025-06-06 11:14:11] Beautiful Eyes voted successfully
[2025-06-06 11:14:13] The Letter "S" voted successfully
[2025-06-06 11:14:15] Beautiful Eyes voted successfully
[2025-06-06 11:14:17] Joyous Laughter voted successfully
[2025-06-06 11:14:19] The Letter "S" voted successfully
[2025-06-06 11:14:21] Joyous Laughter voted successfully
[2025-06-06 11:14:23] Joyous Laughter voted successfully
[2025-06-06 11:14:25] Bridges voted successfully
[2025-06-06 11:14:27] Photo of the Week! voted successfully
[2025-06-06 11:14:29] Great Mistakes voted successfully
[2025-06-06 11:14:31] The Letter "S" voted successfully
[2025-06-06 11:14:33] Gone Walking voted successfully
[2025-06-06 11:14:35] Joyous Laughter voted successfully
[2025-06-06 11:14:37] Bridges voted successfully
[2025-06-06 11:14:39] Photo of the Week! voted successfully
[2025-06-06 11:14:41] Gone Walking voted successfully
[2025-06-06 11:14:43] Great Mistakes voted successfully
[2025-06-06 11:14:45] Bridges voted successfully
[2025-06-06 11:14:47] Bridges voted successfully
[2025-06-06 11:14:49] The Letter "S" voted successfully
[2025-06-06 11:14:51] The Letter "S" voted successfully
[2025-06-06 11:14:53] Gone Walking voted successfully
[2025-06-06 11:14:55] The Letter "S" voted successfully
[2025-06-06 11:14:57] The Letter "S" voted successfully
[2025-06-06 11:14:59] Photo of the Week! voted successfully
[2025-06-06 11:15:01] Gone Walking voted successfully
[2025-06-06 11:15:03] Joyous Laughter voted successfully
[2025-06-06 11:15:05] Dramatic Lighting voted successfully
[2025-06-06 11:15:07] Ultimate Exposure voted successfully
[2025-06-06 11:15:09] Dramatic Lighting voted successfully
[2025-06-06 11:15:11] Gone Walking voted successfully
[2025-06-06 11:15:13] Still Life voted successfully
[2025-06-06 11:15:15] Ultimate Exposure voted successfully
[2025-06-06 11:15:17] Ultimate Exposure voted successfully
[2025-06-06 11:15:19] Best of Black & White voted successfully
[2025-06-06 11:15:21] Best of Black & White voted successfully
[2025-06-06 11:15:23] Still Life voted successfully
[2025-06-06 11:15:25] Dramatic Lighting voted successfully
[2025-06-06 11:15:27] Ultimate Exposure voted successfully
[2025-06-06 11:15:29] Gone Walking voted successfully
[2025-06-06 11:15:31] Beautiful Eyes voted successfully
[2025-06-06 11:15:33] Ultimate Exposure voted successfully
[2025-06-06 11:15:35] Best of Black & White voted successfully
[2025-06-06 11:15:37] Still Life voted successfully
[2025-06-06 11:15:39] Ultimate Exposure voted successfully
[2025-06-06 11:15:41] Best of Black & White voted successfully
[2025-06-06 11:15:43] Best of Black & White voted successfully
[2025-06-06 11:15:45] Dramatic Lighting voted successfully
[2025-06-06 11:15:47] Best of Black & White voted successfully
[2025-06-06 11:15:49] Dramatic Lighting voted successfully
[2025-06-06 11:15:51] Dramatic Lighting voted successfully
[2025-06-06 11:15:53] Dramatic Lighting voted successfully
[2025-06-06 11:15:55] Best of Black & White voted successfully
[2025-06-06 11:15:57] Bridges voted successfully
[2025-06-06 11:15:59] Still Life voted successfully
[2025-06-06 11:16:01] Ultimate Exposure voted successfully
[2025-06-06 11:16:03] Still Life voted successfully
[2025-06-06 11:16:05] Gone Walking voted successfully
[2025-06-06 11:16:07] Still Life voted successfully
[2025-06-06 11:16:09] Still Life voted successfully
[2025-06-06 11:16:12] Challenges fetching ...
[2025-06-06 11:16:12] Challenges fetched successfully for bruno!
[2025-06-06 11:16:12] Challenges fetching ...
[2025-06-06 11:16:12] Challenges fetched successfully for bruno!
[2025-06-06 11:16:12] Challenges fetching ...
[2025-06-06 11:16:12] Challenges fetched successfully for bruno!
[2025-06-06 11:16:12] Challenges fetching ...
[2025-06-06 11:16:12] Challenges fetched successfully for bruno!
[2025-06-06 11:16:12] Challenges fetching ...
[2025-06-06 11:16:12] Challenges fetched successfully for bruno!
[2025-06-06 11:16:12] Challenges fetching ...
[2025-06-06 11:16:12] Challenges fetched successfully for bruno!
[2025-06-06 11:16:12] Challenges fetching ...
[2025-06-06 11:16:12] Challenges fetched successfully for bruno!
[2025-06-06 11:16:13] Challenges fetching ...
[2025-06-06 11:16:13] Challenges fetched successfully for bruno!
[2025-06-06 11:16:13] Challenges fetching ...
[2025-06-06 11:16:13] Challenges fetched successfully for bruno!
[2025-06-06 11:16:13] Challenges fetching ...
[2025-06-06 11:16:13] Challenges fetched successfully for bruno!
[2025-06-06 11:16:13] Challenges fetching ...
[2025-06-06 11:16:13] Challenges fetched successfully for bruno!
[2025-06-06 11:16:13] Challenges fetching ...
[2025-06-06 11:16:13] Challenges fetched successfully for bruno!
[2025-06-06 11:16:13] Challenges fetching ...
[2025-06-06 11:16:13] Challenges fetched successfully for bruno!
[2025-06-06 11:16:13] Challenges fetching ...
[2025-06-06 11:16:13] Challenges fetched successfully for bruno!
[2025-06-06 11:16:13] Challenges fetching ...
[2025-06-06 11:16:13] Challenges fetched successfully for bruno!
[2025-06-06 11:16:13] Challenges fetching ...
[2025-06-06 11:16:13] Challenges fetched successfully for bruno!
[2025-06-06 11:16:13] Challenges fetching ...
[2025-06-06 11:16:13] Challenges fetched successfully for bruno!
[2025-06-06 11:16:13] Challenges fetching ...
[2025-06-06 11:16:13] Challenges fetched successfully for bruno!
[2025-06-06 11:16:13] Challenges fetching ...
[2025-06-06 11:16:13] Challenges fetched successfully for bruno!
[2025-06-06 11:16:13] Challenges fetching ...
[2025-06-06 11:16:13] Challenges fetched successfully for bruno!
[2025-06-06 11:16:13] Challenges fetching ...
[2025-06-06 11:16:13] Challenges fetched successfully for bruno!
[2025-06-06 11:16:13] Challenges fetching ...
[2025-06-06 11:16:13] Challenges fetched successfully for bruno!
[2025-06-06 11:16:13] Challenges fetching ...
[2025-06-06 11:16:13] Challenges fetched successfully for bruno!
[2025-06-06 11:16:13] Challenges fetching ...
[2025-06-06 11:16:13] Challenges fetched successfully for bruno!
[2025-06-06 11:16:13] Challenges fetching ...
[2025-06-06 11:16:13] Challenges fetched successfully for bruno!
[2025-06-06 11:16:13] Challenges fetching ...
[2025-06-06 11:16:13] Challenges fetched successfully for bruno!
[2025-06-06 11:16:13] Challenges fetching ...
[2025-06-06 11:16:14] Challenges fetched successfully for bruno!
[2025-06-06 11:16:14] Challenges fetching ...
[2025-06-06 11:16:14] Challenges fetched successfully for bruno!
[2025-06-06 11:16:14] Challenges fetching ...
[2025-06-06 11:16:14] Challenges fetched successfully for bruno!
[2025-06-06 11:16:14] Challenges fetching ...
[2025-06-06 11:16:14] Challenges fetched successfully for bruno!
[2025-06-06 11:16:14] Challenges fetching ...
[2025-06-06 11:16:14] Challenges fetched successfully for bruno!
[2025-06-06 11:16:14] Challenges fetching ...
[2025-06-06 11:16:14] Challenges fetched successfully for bruno!
[2025-06-06 11:16:14] Challenges fetching ...
[2025-06-06 11:16:14] Challenges fetched successfully for bruno!
[2025-06-06 11:16:14] Challenges fetching ...
[2025-06-06 11:16:14] Challenges fetched successfully for bruno!
[2025-06-06 11:16:14] Challenges fetching ...
[2025-06-06 11:16:14] Challenges fetched successfully for bruno!
[2025-06-06 11:16:14] Challenges fetching ...
[2025-06-06 11:16:14] Challenges fetched successfully for bruno!
[2025-06-06 11:16:14] Challenges fetching ...
[2025-06-06 11:16:14] Challenges fetched successfully for bruno!
[2025-06-06 11:16:14] Challenges fetching ...
[2025-06-06 11:16:14] Challenges fetched successfully for bruno!
[2025-06-06 11:16:15] Challenges fetching ...
[2025-06-06 11:16:15] Challenges fetched successfully for bruno!
[2025-06-06 11:16:15] Challenges fetching ...
[2025-06-06 11:16:15] Challenges fetched successfully for bruno!
[2025-06-06 11:16:15] Challenges fetching ...
[2025-06-06 11:16:15] Challenges fetched successfully for bruno!
[2025-06-06 11:16:15] Challenges fetching ...
[2025-06-06 11:16:15] Challenges fetched successfully for bruno!
[2025-06-06 11:16:15] Challenges fetching ...
[2025-06-06 11:16:15] Challenges fetched successfully for bruno!
[2025-06-06 11:16:15] Challenges fetching ...
[2025-06-06 11:16:15] Challenges fetched successfully for bruno!
[2025-06-06 11:16:15] Challenges fetching ...
[2025-06-06 11:16:15] Challenges fetched successfully for bruno!
[2025-06-06 11:16:15] Challenges fetching ...
[2025-06-06 11:16:15] Challenges fetched successfully for bruno!
[2025-06-06 11:16:15] Challenges fetching ...
[2025-06-06 11:16:15] Challenges fetched successfully for bruno!
[2025-06-06 11:16:15] Challenges fetching ...
[2025-06-06 11:16:15] Challenges fetched successfully for bruno!
[2025-06-06 11:16:15] Challenges fetching ...
[2025-06-06 11:16:15] Challenges fetched successfully for bruno!
[2025-06-06 11:16:15] Challenges fetching ...
[2025-06-06 11:16:15] Challenges fetched successfully for bruno!
[2025-06-06 11:16:15] Challenges fetching ...
[2025-06-06 11:16:15] Challenges fetched successfully for bruno!
[2025-06-06 11:16:15] Challenges fetching ...
[2025-06-06 11:16:15] Challenges fetched successfully for bruno!
[2025-06-06 11:16:15] Challenges fetching ...
[2025-06-06 11:16:15] Challenges fetched successfully for bruno!
[2025-06-06 11:16:15] Challenges fetching ...
[2025-06-06 11:16:15] Challenges fetched successfully for bruno!
[2025-06-06 11:16:15] Challenges fetching ...
[2025-06-06 11:16:15] Challenges fetched successfully for bruno!
[2025-06-06 11:16:15] Challenges fetching ...
[2025-06-06 11:16:15] Challenges fetched successfully for bruno!
[2025-06-06 11:16:16] Challenges fetching ...
[2025-06-06 11:16:16] Challenges fetched successfully for bruno!
[2025-06-06 11:16:16] Challenges fetching ...
[2025-06-06 11:16:16] Challenges fetched successfully for bruno!
[2025-06-06 11:16:16] Challenges fetching ...
[2025-06-06 11:16:16] Challenges fetched successfully for bruno!
[2025-06-06 11:16:16] Challenges fetching ...
[2025-06-06 11:16:16] Challenges fetched successfully for bruno!
[2025-06-06 11:16:16] Challenges fetching ...
[2025-06-06 11:16:16] Challenges fetched successfully for bruno!
[2025-06-06 11:16:16] Challenges fetching ...
[2025-06-06 11:16:16] Challenges fetched successfully for bruno!
[2025-06-06 11:16:16] Challenges fetching ...
[2025-06-06 11:16:16] Challenges fetched successfully for bruno!
[2025-06-06 11:16:16] Challenges fetching ...
[2025-06-06 11:16:16] Challenges fetched successfully for bruno!
[2025-06-06 11:16:16] Challenges fetching ...
[2025-06-06 11:16:16] Challenges fetched successfully for bruno!
[2025-06-06 11:16:16] Challenges fetching ...
[2025-06-06 11:16:16] Challenges fetched successfully for bruno!
[2025-06-06 11:16:16] Challenges fetching ...
[2025-06-06 11:16:16] Challenges fetched successfully for bruno!
[2025-06-06 11:16:16] Challenges fetching ...
[2025-06-06 11:16:16] Challenges fetched successfully for bruno!
[2025-06-06 11:16:16] Challenges fetching ...
[2025-06-06 11:16:16] Challenges fetched successfully for bruno!
[2025-06-06 11:16:16] Challenges fetching ...
[2025-06-06 11:16:16] Challenges fetched successfully for bruno!
[2025-06-06 11:16:16] Challenges fetching ...
[2025-06-06 11:16:16] Challenges fetched successfully for bruno!
[2025-06-06 11:16:16] Challenges fetching ...
[2025-06-06 11:16:16] Challenges fetched successfully for bruno!
[2025-06-06 11:16:16] Challenges fetching ...
[2025-06-06 11:16:17] Challenges fetched successfully for bruno!
[2025-06-06 11:16:17] Challenges fetching ...
[2025-06-06 11:16:17] Challenges fetched successfully for bruno!
[2025-06-06 11:16:17] Challenges fetching ...
[2025-06-06 11:16:17] Challenges fetched successfully for bruno!
[2025-06-06 11:16:17] Challenges fetching ...
[2025-06-06 11:16:18] Challenges fetched successfully for bruno!
[2025-06-06 11:16:18] Challenges fetching ...
[2025-06-06 11:16:18] Challenges fetched successfully for bruno!
[2025-06-06 11:16:18] Challenges fetching ...
[2025-06-06 11:16:18] Challenges fetched successfully for bruno!
[2025-06-06 11:16:18] Challenges fetching ...
[2025-06-06 11:16:18] Challenges fetched successfully for bruno!
[2025-06-06 11:16:18] Challenges fetching ...
[2025-06-06 11:16:18] Challenges fetched successfully for bruno!
[2025-06-06 11:16:18] Challenges fetching ...
[2025-06-06 11:16:18] Challenges fetched successfully for bruno!
[2025-06-06 11:16:18] Challenges fetching ...
[2025-06-06 11:16:18] Challenges fetched successfully for bruno!
[2025-06-06 11:16:18] Challenges fetching ...
[2025-06-06 11:16:18] Challenges fetched successfully for bruno!
[2025-06-06 11:16:18] Challenges fetching ...
[2025-06-06 11:16:18] Challenges fetched successfully for bruno!
[2025-06-06 11:16:18] Challenges fetching ...
[2025-06-06 11:16:18] Challenges fetched successfully for bruno!
[2025-06-06 11:16:18] Challenges fetching ...
[2025-06-06 11:16:18] Challenges fetched successfully for bruno!
[2025-06-06 11:16:18] Challenges fetching ...
[2025-06-06 11:16:18] Challenges fetched successfully for bruno!
[2025-06-06 11:16:18] Challenges fetching ...
[2025-06-06 11:16:18] Challenges fetched successfully for bruno!
[2025-06-06 11:16:18] Challenges fetching ...
[2025-06-06 11:16:18] Challenges fetched successfully for bruno!
[2025-06-06 11:16:18] Challenges fetching ...
[2025-06-06 11:16:18] Challenges fetched successfully for bruno!
[2025-06-06 11:16:18] Challenges fetching ...
[2025-06-06 11:16:18] Challenges fetched successfully for bruno!
[2025-06-06 13:15:30] Désélection de tous les challenges

[2025-06-06 13:15:31] Refreshing challenges...
[2025-06-06 13:15:31] Fetching challenges...
[2025-06-06 13:15:32] Challenges fetching ...
[2025-06-06 13:15:32] Lancement automatique des stratégies de fin pour 6 nouveaux challenges...
[2025-06-06 13:15:32] Nouveau challenge détecté pour pascale: Fields and Meadows
[2025-06-06 13:15:32] Nouveau challenge détecté pour pascale: The 7 Sins
[2025-06-06 13:15:32] Nouveau challenge détecté pour pascale: Solo - Single Subject
[2025-06-06 13:15:32] Nouveau challenge détecté pour pascale: The Letter "S"
[2025-06-06 13:15:32] Nouveau challenge détecté pour pascale: Joyous Laughter
[2025-06-06 13:15:32] Nouveau challenge détecté pour pascale: Bridges
[2025-06-06 13:15:32] Challenges fetched successfully for pascale!
[2025-06-06 19:03:33] Désélection de tous les challenges

[2025-06-06 19:03:35] Refreshing challenges...
[2025-06-06 19:03:35] Fetching challenges...
[2025-06-06 19:03:36] Challenges fetching ...
[2025-06-06 19:03:36] Challenges fetched successfully for bruno!
[2025-06-06 19:03:48] Lancement de la stratégie end4 pour Great Mistakes
[2025-06-06 19:03:48] Nouveau processus ajouté pour bruno: great-mistakes-vote-70-left-0H:4M - Statut: init
[2025-06-06 19:03:48] Traitement du challenge pour bruno: great-mistakes
[2025-06-06 19:03:48] Nouveau processus ajouté pour bruno: great-mistakes-vote-20-left-0H:3M - Statut: init
[2025-06-06 19:03:48] Traitement du challenge pour bruno: great-mistakes
[2025-06-06 19:03:48] Nouveau processus ajouté pour bruno: great-mistakes-vote-20-left-0H:2M - Statut: init
[2025-06-06 19:03:48] Traitement du challenge pour bruno: great-mistakes
[2025-06-06 19:03:48] Processus mis à jour pour bruno: great-mistakes-vote-70-left-0H:4M - waiting
[2025-06-06 19:03:48] Nouveau processus ajouté pour bruno: great-mistakes-vote-20-left-0H:1M - Statut: init
[2025-06-06 19:03:48] Processus mis à jour pour bruno: great-mistakes-vote-20-left-0H:3M - waiting
[2025-06-06 19:03:48] Traitement du challenge pour bruno: great-mistakes
[2025-06-06 19:03:48] Processus mis à jour pour bruno: great-mistakes-vote-20-left-0H:2M - waiting
[2025-06-06 19:03:48] Processus mis à jour pour bruno: great-mistakes-vote-20-left-0H:1M - waiting
[2025-06-06 19:03:48] Application des stratégies pour les challenges sélectionnés:
- Great Mistakes avec stratégie end4

[2025-06-06 20:47:06] Refreshing challenges...
[2025-06-06 20:47:06] Fetching challenges...
[2025-06-06 20:47:08] Challenges fetching ...
[2025-06-06 20:47:08] Challenges fetched successfully for bruno!
[2025-06-06 20:47:57] The 7 Sins get vote panel
[2025-06-06 20:48:18] Filling challenges: {101608}
Filled The 7 Sins with strategy end4

[2025-06-06 20:48:18] Récupération des données de vote pour The 7 Sins (URL: the-7-sins, HEADER:{'User-Agent': 'Mozilla/5.0 (X11; Linux i686; rv:39.0) Gecko/20100101 Firefox/39.0', 'x-api-version': '8', 'x-env': 'WEB', 'X-requested-with': 'XMLHttpRequest', 'X-token': 'a1cad95a6d480c14f51dd0eba4914c8337b893c789ec6278bb440c7c9a673b162f042470c62684e6da2bd342ffea7777'})
[2025-06-06 20:48:18] Récupération des données de vote pour The 7 Sins (URL: the-7-sins, HEADER:{'User-Agent': 'Mozilla/5.0 (X11; Linux i686; rv:39.0) Gecko/20100101 Firefox/39.0', 'x-api-version': '8', 'x-env': 'WEB', 'X-requested-with': 'XMLHttpRequest', 'X-token': 'a1cad95a6d480c14f51dd0eba4914c8337b893c789ec6278bb440c7c9a673b162f042470c62684e6da2bd342ffea7777'})
[2025-06-06 20:48:18] Récupération des données de vote pour The 7 Sins (URL: the-7-sins, HEADER:{'User-Agent': 'Mozilla/5.0 (X11; Linux i686; rv:39.0) Gecko/20100101 Firefox/39.0', 'x-api-version': '8', 'x-env': 'WEB', 'X-requested-with': 'XMLHttpRequest', 'X-token': 'a1cad95a6d480c14f51dd0eba4914c8337b893c789ec6278bb440c7c9a673b162f042470c62684e6da2bd342ffea7777'})
[2025-06-06 20:48:18] Récupération des données de vote pour The 7 Sins (URL: the-7-sins, HEADER:{'User-Agent': 'Mozilla/5.0 (X11; Linux i686; rv:39.0) Gecko/20100101 Firefox/39.0', 'x-api-version': '8', 'x-env': 'WEB', 'X-requested-with': 'XMLHttpRequest', 'X-token': 'a1cad95a6d480c14f51dd0eba4914c8337b893c789ec6278bb440c7c9a673b162f042470c62684e6da2bd342ffea7777'})
[2025-06-06 20:48:18] Récupération des données de vote pour The 7 Sins (URL: the-7-sins, HEADER:{'User-Agent': 'Mozilla/5.0 (X11; Linux i686; rv:39.0) Gecko/20100101 Firefox/39.0', 'x-api-version': '8', 'x-env': 'WEB', 'X-requested-with': 'XMLHttpRequest', 'X-token': 'a1cad95a6d480c14f51dd0eba4914c8337b893c789ec6278bb440c7c9a673b162f042470c62684e6da2bd342ffea7777'})
[2025-06-06 20:48:18] Récupération des données de vote pour The 7 Sins (URL: the-7-sins, HEADER:{'User-Agent': 'Mozilla/5.0 (X11; Linux i686; rv:39.0) Gecko/20100101 Firefox/39.0', 'x-api-version': '8', 'x-env': 'WEB', 'X-requested-with': 'XMLHttpRequest', 'X-token': 'a1cad95a6d480c14f51dd0eba4914c8337b893c789ec6278bb440c7c9a673b162f042470c62684e6da2bd342ffea7777'})
[2025-06-06 20:48:18] Récupération des données de vote pour The 7 Sins (URL: the-7-sins, HEADER:{'User-Agent': 'Mozilla/5.0 (X11; Linux i686; rv:39.0) Gecko/20100101 Firefox/39.0', 'x-api-version': '8', 'x-env': 'WEB', 'X-requested-with': 'XMLHttpRequest', 'X-token': 'a1cad95a6d480c14f51dd0eba4914c8337b893c789ec6278bb440c7c9a673b162f042470c62684e6da2bd342ffea7777'})
[2025-06-06 20:48:19] Récupération réussie: 200 images pour The 7 Sins
[2025-06-06 20:48:19] Voting fetching ...
[2025-06-06 20:48:19] The 7 Sins voting 10 images
[2025-06-06 20:48:19] Récupération réussie: 200 images pour The 7 Sins
[2025-06-06 20:48:19] Voting fetching ...
[2025-06-06 20:48:19] The 7 Sins voting 10 images
[2025-06-06 20:48:19] Récupération réussie: 200 images pour The 7 Sins
[2025-06-06 20:48:19] Voting fetching ...
[2025-06-06 20:48:19] The 7 Sins voting 10 images
[2025-06-06 20:48:19] Récupération réussie: 200 images pour The 7 Sins
[2025-06-06 20:48:19] Voting fetching ...
[2025-06-06 20:48:19] The 7 Sins voting 10 images
[2025-06-06 20:48:19] Récupération réussie: 200 images pour The 7 Sins
[2025-06-06 20:48:19] Voting fetching ...
[2025-06-06 20:48:19] The 7 Sins voting 10 images
[2025-06-06 20:48:19] Récupération réussie: 200 images pour The 7 Sins
[2025-06-06 20:48:19] Voting fetching ...
[2025-06-06 20:48:19] The 7 Sins voting 10 images
[2025-06-06 20:48:19] Récupération réussie: 200 images pour The 7 Sins
[2025-06-06 20:48:19] Voting fetching ...
[2025-06-06 20:48:19] The 7 Sins voting 10 images
[2025-06-06 20:48:20] The 7 Sins voted successfully
[2025-06-06 20:48:22] The 7 Sins voted successfully
[2025-06-06 20:48:24] The 7 Sins voted successfully
[2025-06-06 20:48:26] The 7 Sins voted successfully
[2025-06-06 20:48:28] The 7 Sins voted successfully
[2025-06-06 20:48:30] The 7 Sins voted successfully
[2025-06-06 20:48:32] The 7 Sins voted successfully
[2025-06-06 20:48:35] Challenges fetching ...
[2025-06-06 20:48:35] Challenges fetched successfully for bruno!
[2025-06-06 20:48:35] Challenges fetching ...
[2025-06-06 20:48:35] Challenges fetched successfully for bruno!
[2025-06-06 20:48:35] Challenges fetching ...
[2025-06-06 20:48:35] Challenges fetched successfully for bruno!
[2025-06-06 20:48:35] Challenges fetching ...
[2025-06-06 20:48:35] Challenges fetched successfully for bruno!
[2025-06-06 20:48:35] Challenges fetching ...
[2025-06-06 20:48:35] Challenges fetched successfully for bruno!
[2025-06-06 20:48:35] Challenges fetching ...
[2025-06-06 20:48:35] Challenges fetched successfully for bruno!
[2025-06-06 20:48:35] Challenges fetching ...
[2025-06-06 20:48:36] Challenges fetched successfully for bruno!
[2025-06-06 20:55:12] Processus mis à jour pour bruno: great-mistakes-vote-70-left-0H:4M - executing
[2025-06-06 20:55:12] Traitement de vote pour Great Mistakes
[2025-06-06 20:55:12] Great Mistakes get vote panel
[2025-06-06 20:55:12] Processus associé: great-mistakes-vote-70-left-0H:4M
[2025-06-06 20:55:33] Récupération des données de vote pour Great Mistakes (URL: great-mistakes, HEADER:{'User-Agent': 'Mozilla/5.0 (X11; Linux i686; rv:39.0) Gecko/20100101 Firefox/39.0', 'x-api-version': '8', 'x-env': 'WEB', 'X-requested-with': 'XMLHttpRequest', 'X-token': 'a1cad95a6d480c14f51dd0eba4914c8337b893c789ec6278bb440c7c9a673b162f042470c62684e6da2bd342ffea7777'})
[2025-06-06 20:55:33] Récupération des données de vote pour Great Mistakes (URL: great-mistakes, HEADER:{'User-Agent': 'Mozilla/5.0 (X11; Linux i686; rv:39.0) Gecko/20100101 Firefox/39.0', 'x-api-version': '8', 'x-env': 'WEB', 'X-requested-with': 'XMLHttpRequest', 'X-token': 'a1cad95a6d480c14f51dd0eba4914c8337b893c789ec6278bb440c7c9a673b162f042470c62684e6da2bd342ffea7777'})
[2025-06-06 20:55:33] Récupération des données de vote pour Great Mistakes (URL: great-mistakes, HEADER:{'User-Agent': 'Mozilla/5.0 (X11; Linux i686; rv:39.0) Gecko/20100101 Firefox/39.0', 'x-api-version': '8', 'x-env': 'WEB', 'X-requested-with': 'XMLHttpRequest', 'X-token': 'a1cad95a6d480c14f51dd0eba4914c8337b893c789ec6278bb440c7c9a673b162f042470c62684e6da2bd342ffea7777'})
[2025-06-06 20:55:33] Récupération des données de vote pour Great Mistakes (URL: great-mistakes, HEADER:{'User-Agent': 'Mozilla/5.0 (X11; Linux i686; rv:39.0) Gecko/20100101 Firefox/39.0', 'x-api-version': '8', 'x-env': 'WEB', 'X-requested-with': 'XMLHttpRequest', 'X-token': 'a1cad95a6d480c14f51dd0eba4914c8337b893c789ec6278bb440c7c9a673b162f042470c62684e6da2bd342ffea7777'})
[2025-06-06 20:55:33] Récupération des données de vote pour Great Mistakes (URL: great-mistakes, HEADER:{'User-Agent': 'Mozilla/5.0 (X11; Linux i686; rv:39.0) Gecko/20100101 Firefox/39.0', 'x-api-version': '8', 'x-env': 'WEB', 'X-requested-with': 'XMLHttpRequest', 'X-token': 'a1cad95a6d480c14f51dd0eba4914c8337b893c789ec6278bb440c7c9a673b162f042470c62684e6da2bd342ffea7777'})
[2025-06-06 20:55:33] Récupération des données de vote pour Great Mistakes (URL: great-mistakes, HEADER:{'User-Agent': 'Mozilla/5.0 (X11; Linux i686; rv:39.0) Gecko/20100101 Firefox/39.0', 'x-api-version': '8', 'x-env': 'WEB', 'X-requested-with': 'XMLHttpRequest', 'X-token': 'a1cad95a6d480c14f51dd0eba4914c8337b893c789ec6278bb440c7c9a673b162f042470c62684e6da2bd342ffea7777'})
[2025-06-06 20:55:33] Récupération des données de vote pour Great Mistakes (URL: great-mistakes, HEADER:{'User-Agent': 'Mozilla/5.0 (X11; Linux i686; rv:39.0) Gecko/20100101 Firefox/39.0', 'x-api-version': '8', 'x-env': 'WEB', 'X-requested-with': 'XMLHttpRequest', 'X-token': 'a1cad95a6d480c14f51dd0eba4914c8337b893c789ec6278bb440c7c9a673b162f042470c62684e6da2bd342ffea7777'})
[2025-06-06 20:55:34] Récupération réussie: 200 images pour Great Mistakes
[2025-06-06 20:55:34] Voting fetching ...
[2025-06-06 20:55:34] Great Mistakes voting 10 images
[2025-06-06 20:55:34] Récupération réussie: 200 images pour Great Mistakes
[2025-06-06 20:55:34] Voting fetching ...
[2025-06-06 20:55:34] Great Mistakes voting 10 images
[2025-06-06 20:55:34] Récupération réussie: 200 images pour Great Mistakes
[2025-06-06 20:55:34] Voting fetching ...
[2025-06-06 20:55:34] Great Mistakes voting 10 images
[2025-06-06 20:55:34] Récupération réussie: 200 images pour Great Mistakes
[2025-06-06 20:55:34] Voting fetching ...
[2025-06-06 20:55:34] Great Mistakes voting 10 images
[2025-06-06 20:55:34] Récupération réussie: 200 images pour Great Mistakes
[2025-06-06 20:55:34] Voting fetching ...
[2025-06-06 20:55:34] Great Mistakes voting 10 images
[2025-06-06 20:55:34] Récupération réussie: 200 images pour Great Mistakes
[2025-06-06 20:55:34] Voting fetching ...
[2025-06-06 20:55:34] Great Mistakes voting 10 images
[2025-06-06 20:55:34] Récupération réussie: 200 images pour Great Mistakes
[2025-06-06 20:55:34] Voting fetching ...
[2025-06-06 20:55:34] Great Mistakes voting 10 images
[2025-06-06 20:55:35] Great Mistakes voted successfully
[2025-06-06 20:55:35] Processus supprimé pour bruno: great-mistakes-vote-70-left-0H:4M - success
[2025-06-06 20:55:35] Processus mis à jour pour bruno: great-mistakes-vote-70-left-0H:4M - success
[2025-06-06 20:55:35] Processus great-mistakes-vote-70-left-0H:4M terminé avec succès (profil: bruno)
[2025-06-06 20:55:37] Great Mistakes voted successfully
[2025-06-06 20:55:39] Great Mistakes voted successfully
[2025-06-06 20:55:42] Great Mistakes voted successfully
[2025-06-06 20:55:44] Great Mistakes voted successfully
[2025-06-06 20:55:48] Great Mistakes voted successfully
[2025-06-06 20:55:50] Great Mistakes voted successfully
[2025-06-06 20:55:55] Challenges fetching ...
[2025-06-06 20:55:55] Challenges fetched successfully for bruno!
[2025-06-06 20:55:55] Challenges fetching ...
[2025-06-06 20:55:55] Challenges fetched successfully for bruno!
[2025-06-06 20:55:55] Challenges fetching ...
[2025-06-06 20:55:55] Challenges fetched successfully for bruno!
[2025-06-06 20:55:55] Challenges fetching ...
[2025-06-06 20:55:55] Challenges fetched successfully for bruno!
[2025-06-06 20:55:55] Challenges fetching ...
[2025-06-06 20:55:55] Challenges fetched successfully for bruno!
[2025-06-06 20:55:55] Challenges fetching ...
[2025-06-06 20:55:56] Challenges fetched successfully for bruno!
[2025-06-06 20:55:56] Challenges fetching ...
[2025-06-06 20:55:56] Challenges fetched successfully for bruno!
[2025-06-06 20:56:11] Processus mis à jour pour bruno: great-mistakes-vote-20-left-0H:3M - executing
[2025-06-06 20:56:11] Traitement de vote pour Great Mistakes
[2025-06-06 20:56:11] Great Mistakes get vote panel
[2025-06-06 20:56:11] Processus associé: great-mistakes-vote-20-left-0H:3M
[2025-06-06 20:56:18] Récupération des données de vote pour Great Mistakes (URL: great-mistakes, HEADER:{'User-Agent': 'Mozilla/5.0 (X11; Linux i686; rv:39.0) Gecko/20100101 Firefox/39.0', 'x-api-version': '8', 'x-env': 'WEB', 'X-requested-with': 'XMLHttpRequest', 'X-token': 'a1cad95a6d480c14f51dd0eba4914c8337b893c789ec6278bb440c7c9a673b162f042470c62684e6da2bd342ffea7777'})
[2025-06-06 20:56:18] Récupération des données de vote pour Great Mistakes (URL: great-mistakes, HEADER:{'User-Agent': 'Mozilla/5.0 (X11; Linux i686; rv:39.0) Gecko/20100101 Firefox/39.0', 'x-api-version': '8', 'x-env': 'WEB', 'X-requested-with': 'XMLHttpRequest', 'X-token': 'a1cad95a6d480c14f51dd0eba4914c8337b893c789ec6278bb440c7c9a673b162f042470c62684e6da2bd342ffea7777'})
[2025-06-06 20:56:19] Récupération réussie: 200 images pour Great Mistakes
[2025-06-06 20:56:19] Voting fetching ...
[2025-06-06 20:56:19] Great Mistakes voting 10 images
[2025-06-06 20:56:19] Récupération réussie: 200 images pour Great Mistakes
[2025-06-06 20:56:19] Voting fetching ...
[2025-06-06 20:56:19] Great Mistakes voting 10 images
[2025-06-06 20:56:19] Great Mistakes voted successfully
[2025-06-06 20:56:19] Processus supprimé pour bruno: great-mistakes-vote-20-left-0H:3M - success
[2025-06-06 20:56:19] Processus mis à jour pour bruno: great-mistakes-vote-20-left-0H:3M - success
[2025-06-06 20:56:20] Processus great-mistakes-vote-20-left-0H:3M terminé avec succès (profil: bruno)
[2025-06-06 20:56:24] Great Mistakes voted successfully
[2025-06-06 20:56:27] Challenges fetching ...
[2025-06-06 20:56:27] Challenges fetched successfully for bruno!
[2025-06-06 20:56:27] Challenges fetching ...
[2025-06-06 20:56:27] Challenges fetched successfully for bruno!
[2025-06-06 20:57:05] Processus mis à jour pour bruno: great-mistakes-vote-20-left-0H:2M - executing
[2025-06-06 20:57:05] Traitement de vote pour Great Mistakes
[2025-06-06 20:57:05] Great Mistakes get vote panel
[2025-06-06 20:57:05] Processus associé: great-mistakes-vote-20-left-0H:2M
[2025-06-06 20:57:12] Récupération des données de vote pour Great Mistakes (URL: great-mistakes, HEADER:{'User-Agent': 'Mozilla/5.0 (X11; Linux i686; rv:39.0) Gecko/20100101 Firefox/39.0', 'x-api-version': '8', 'x-env': 'WEB', 'X-requested-with': 'XMLHttpRequest', 'X-token': 'a1cad95a6d480c14f51dd0eba4914c8337b893c789ec6278bb440c7c9a673b162f042470c62684e6da2bd342ffea7777'})
[2025-06-06 20:57:12] Récupération des données de vote pour Great Mistakes (URL: great-mistakes, HEADER:{'User-Agent': 'Mozilla/5.0 (X11; Linux i686; rv:39.0) Gecko/20100101 Firefox/39.0', 'x-api-version': '8', 'x-env': 'WEB', 'X-requested-with': 'XMLHttpRequest', 'X-token': 'a1cad95a6d480c14f51dd0eba4914c8337b893c789ec6278bb440c7c9a673b162f042470c62684e6da2bd342ffea7777'})
[2025-06-06 20:57:13] Récupération réussie: 200 images pour Great Mistakes
[2025-06-06 20:57:13] Voting fetching ...
[2025-06-06 20:57:13] Great Mistakes voting 10 images
[2025-06-06 20:57:13] Récupération réussie: 200 images pour Great Mistakes
[2025-06-06 20:57:13] Voting fetching ...
[2025-06-06 20:57:13] Great Mistakes voting 10 images
[2025-06-06 20:57:13] Great Mistakes voted successfully
[2025-06-06 20:57:13] Processus supprimé pour bruno: great-mistakes-vote-20-left-0H:2M - success
[2025-06-06 20:57:13] Processus mis à jour pour bruno: great-mistakes-vote-20-left-0H:2M - success
[2025-06-06 20:57:13] Processus great-mistakes-vote-20-left-0H:2M terminé avec succès (profil: bruno)
[2025-06-06 20:57:16] Great Mistakes voted successfully
[2025-06-06 20:57:19] Challenges fetching ...
[2025-06-06 20:57:19] Challenges fetched successfully for bruno!
[2025-06-06 20:57:19] Challenges fetching ...
[2025-06-06 20:57:19] Challenges fetched successfully for bruno!
[2025-06-06 20:58:04] Processus mis à jour pour bruno: great-mistakes-vote-20-left-0H:1M - executing
[2025-06-06 20:58:04] Traitement de vote pour Great Mistakes
[2025-06-06 20:58:04] Great Mistakes get vote panel
[2025-06-06 20:58:04] Processus associé: great-mistakes-vote-20-left-0H:1M
[2025-06-06 20:58:12] Récupération des données de vote pour Great Mistakes (URL: great-mistakes, HEADER:{'User-Agent': 'Mozilla/5.0 (X11; Linux i686; rv:39.0) Gecko/20100101 Firefox/39.0', 'x-api-version': '8', 'x-env': 'WEB', 'X-requested-with': 'XMLHttpRequest', 'X-token': 'a1cad95a6d480c14f51dd0eba4914c8337b893c789ec6278bb440c7c9a673b162f042470c62684e6da2bd342ffea7777'})
[2025-06-06 20:58:12] Récupération des données de vote pour Great Mistakes (URL: great-mistakes, HEADER:{'User-Agent': 'Mozilla/5.0 (X11; Linux i686; rv:39.0) Gecko/20100101 Firefox/39.0', 'x-api-version': '8', 'x-env': 'WEB', 'X-requested-with': 'XMLHttpRequest', 'X-token': 'a1cad95a6d480c14f51dd0eba4914c8337b893c789ec6278bb440c7c9a673b162f042470c62684e6da2bd342ffea7777'})
[2025-06-06 20:58:13] Récupération réussie: 200 images pour Great Mistakes
[2025-06-06 20:58:13] Voting fetching ...
[2025-06-06 20:58:13] Great Mistakes voting 10 images
[2025-06-06 20:58:13] Récupération réussie: 200 images pour Great Mistakes
[2025-06-06 20:58:13] Voting fetching ...
[2025-06-06 20:58:13] Great Mistakes voting 10 images
[2025-06-06 20:58:13] Great Mistakes voted successfully
[2025-06-06 20:58:13] Processus supprimé pour bruno: great-mistakes-vote-20-left-0H:1M - success
[2025-06-06 20:58:13] Processus mis à jour pour bruno: great-mistakes-vote-20-left-0H:1M - success
[2025-06-06 20:58:13] Processus great-mistakes-vote-20-left-0H:1M terminé avec succès (profil: bruno)
[2025-06-06 20:58:18] Great Mistakes voted successfully
[2025-06-06 20:58:21] Challenges fetching ...
[2025-06-06 20:58:21] Challenges fetched successfully for bruno!
[2025-06-06 20:58:21] Challenges fetching ...
[2025-06-06 20:58:21] Challenges fetched successfully for bruno!
[2025-06-06 22:48:53] Désélection de tous les challenges

[2025-06-06 22:48:54] Refreshing challenges...
[2025-06-06 22:48:54] Fetching challenges...
[2025-06-06 22:48:56] Challenges fetching ...
[2025-06-06 22:48:56] Lancement automatique des stratégies de fin pour 5 nouveaux challenges...
[2025-06-06 22:48:56] Nouveau challenge détecté pour pascale: Traveling The World
[2025-06-06 22:48:56] Nouveau challenge détecté pour pascale: Humans In Nature
[2025-06-06 22:48:56] Nouveau challenge détecté pour pascale: Gurus Only!
[2025-06-06 22:48:56] Nouveau challenge détecté pour pascale: Photographer of the Week
[2025-06-06 22:48:56] Nouveau challenge détecté pour pascale: Outdoor Furniture
[2025-06-06 22:48:56] Challenges fetched successfully for pascale!
[2025-06-06 22:49:00] Sélection de tous les challenges

[2025-06-06 22:49:08] Traveling The World get vote panel
[2025-06-06 22:49:29] Outdoor Furniture get vote panel
[2025-06-06 22:49:50] Beautiful Eyes get vote panel
[2025-06-06 22:50:11] Best of Black & White get vote panel
[2025-06-06 22:50:32] Ultimate Exposure get vote panel
[2025-06-06 22:50:53] The 7 Sins get vote panel
[2025-06-06 22:51:14] The Letter "S" get vote panel
[2025-06-06 22:51:35] Fields and Meadows get vote panel
[2025-06-06 22:51:56] Bridges get vote panel
[2025-06-06 22:52:17] Solo - Single Subject get vote panel
[2025-06-06 22:52:38] Photographer of the Week get vote panel
[2025-06-06 22:52:51] Récupération des données de vote pour Traveling The World (URL: travel-stories6, HEADER:{'User-Agent': 'Mozilla/5.0 (X11; Linux i686; rv:39.0) Gecko/20100101 Firefox/39.0', 'x-api-version': '8', 'x-env': 'WEB', 'X-requested-with': 'XMLHttpRequest', 'X-token': 'f96bbe3a7e7f833329e7129767a69abbfa6dfce3152e3c2a311eb49d89b5c3bb2b12b66b402f03dce682b8b2b6a005cd'})
[2025-06-06 22:52:51] Récupération des données de vote pour Traveling The World (URL: travel-stories6, HEADER:{'User-Agent': 'Mozilla/5.0 (X11; Linux i686; rv:39.0) Gecko/20100101 Firefox/39.0', 'x-api-version': '8', 'x-env': 'WEB', 'X-requested-with': 'XMLHttpRequest', 'X-token': 'f96bbe3a7e7f833329e7129767a69abbfa6dfce3152e3c2a311eb49d89b5c3bb2b12b66b402f03dce682b8b2b6a005cd'})
[2025-06-06 22:52:51] Récupération des données de vote pour Traveling The World (URL: travel-stories6, HEADER:{'User-Agent': 'Mozilla/5.0 (X11; Linux i686; rv:39.0) Gecko/20100101 Firefox/39.0', 'x-api-version': '8', 'x-env': 'WEB', 'X-requested-with': 'XMLHttpRequest', 'X-token': 'f96bbe3a7e7f833329e7129767a69abbfa6dfce3152e3c2a311eb49d89b5c3bb2b12b66b402f03dce682b8b2b6a005cd'})
[2025-06-06 22:52:51] Récupération des données de vote pour Traveling The World (URL: travel-stories6, HEADER:{'User-Agent': 'Mozilla/5.0 (X11; Linux i686; rv:39.0) Gecko/20100101 Firefox/39.0', 'x-api-version': '8', 'x-env': 'WEB', 'X-requested-with': 'XMLHttpRequest', 'X-token': 'f96bbe3a7e7f833329e7129767a69abbfa6dfce3152e3c2a311eb49d89b5c3bb2b12b66b402f03dce682b8b2b6a005cd'})
[2025-06-06 22:52:51] Récupération des données de vote pour Traveling The World (URL: travel-stories6, HEADER:{'User-Agent': 'Mozilla/5.0 (X11; Linux i686; rv:39.0) Gecko/20100101 Firefox/39.0', 'x-api-version': '8', 'x-env': 'WEB', 'X-requested-with': 'XMLHttpRequest', 'X-token': 'f96bbe3a7e7f833329e7129767a69abbfa6dfce3152e3c2a311eb49d89b5c3bb2b12b66b402f03dce682b8b2b6a005cd'})
[2025-06-06 22:52:51] Récupération des données de vote pour Traveling The World (URL: travel-stories6, HEADER:{'User-Agent': 'Mozilla/5.0 (X11; Linux i686; rv:39.0) Gecko/20100101 Firefox/39.0', 'x-api-version': '8', 'x-env': 'WEB', 'X-requested-with': 'XMLHttpRequest', 'X-token': 'f96bbe3a7e7f833329e7129767a69abbfa6dfce3152e3c2a311eb49d89b5c3bb2b12b66b402f03dce682b8b2b6a005cd'})
[2025-06-06 22:52:51] Récupération des données de vote pour Traveling The World (URL: travel-stories6, HEADER:{'User-Agent': 'Mozilla/5.0 (X11; Linux i686; rv:39.0) Gecko/20100101 Firefox/39.0', 'x-api-version': '8', 'x-env': 'WEB', 'X-requested-with': 'XMLHttpRequest', 'X-token': 'f96bbe3a7e7f833329e7129767a69abbfa6dfce3152e3c2a311eb49d89b5c3bb2b12b66b402f03dce682b8b2b6a005cd'})
[2025-06-06 22:52:51] Récupération des données de vote pour Outdoor Furniture (URL: outdoor-furniture48, HEADER:{'User-Agent': 'Mozilla/5.0 (X11; Linux i686; rv:39.0) Gecko/20100101 Firefox/39.0', 'x-api-version': '8', 'x-env': 'WEB', 'X-requested-with': 'XMLHttpRequest', 'X-token': 'f96bbe3a7e7f833329e7129767a69abbfa6dfce3152e3c2a311eb49d89b5c3bb2b12b66b402f03dce682b8b2b6a005cd'})
[2025-06-06 22:52:51] Récupération des données de vote pour Outdoor Furniture (URL: outdoor-furniture48, HEADER:{'User-Agent': 'Mozilla/5.0 (X11; Linux i686; rv:39.0) Gecko/20100101 Firefox/39.0', 'x-api-version': '8', 'x-env': 'WEB', 'X-requested-with': 'XMLHttpRequest', 'X-token': 'f96bbe3a7e7f833329e7129767a69abbfa6dfce3152e3c2a311eb49d89b5c3bb2b12b66b402f03dce682b8b2b6a005cd'})
[2025-06-06 22:52:51] Récupération des données de vote pour Outdoor Furniture (URL: outdoor-furniture48, HEADER:{'User-Agent': 'Mozilla/5.0 (X11; Linux i686; rv:39.0) Gecko/20100101 Firefox/39.0', 'x-api-version': '8', 'x-env': 'WEB', 'X-requested-with': 'XMLHttpRequest', 'X-token': 'f96bbe3a7e7f833329e7129767a69abbfa6dfce3152e3c2a311eb49d89b5c3bb2b12b66b402f03dce682b8b2b6a005cd'})
[2025-06-06 22:52:51] Récupération des données de vote pour Outdoor Furniture (URL: outdoor-furniture48, HEADER:{'User-Agent': 'Mozilla/5.0 (X11; Linux i686; rv:39.0) Gecko/20100101 Firefox/39.0', 'x-api-version': '8', 'x-env': 'WEB', 'X-requested-with': 'XMLHttpRequest', 'X-token': 'f96bbe3a7e7f833329e7129767a69abbfa6dfce3152e3c2a311eb49d89b5c3bb2b12b66b402f03dce682b8b2b6a005cd'})
[2025-06-06 22:52:51] Récupération des données de vote pour Outdoor Furniture (URL: outdoor-furniture48, HEADER:{'User-Agent': 'Mozilla/5.0 (X11; Linux i686; rv:39.0) Gecko/20100101 Firefox/39.0', 'x-api-version': '8', 'x-env': 'WEB', 'X-requested-with': 'XMLHttpRequest', 'X-token': 'f96bbe3a7e7f833329e7129767a69abbfa6dfce3152e3c2a311eb49d89b5c3bb2b12b66b402f03dce682b8b2b6a005cd'})
[2025-06-06 22:52:51] Récupération des données de vote pour Outdoor Furniture (URL: outdoor-furniture48, HEADER:{'User-Agent': 'Mozilla/5.0 (X11; Linux i686; rv:39.0) Gecko/20100101 Firefox/39.0', 'x-api-version': '8', 'x-env': 'WEB', 'X-requested-with': 'XMLHttpRequest', 'X-token': 'f96bbe3a7e7f833329e7129767a69abbfa6dfce3152e3c2a311eb49d89b5c3bb2b12b66b402f03dce682b8b2b6a005cd'})
[2025-06-06 22:52:51] Récupération des données de vote pour Outdoor Furniture (URL: outdoor-furniture48, HEADER:{'User-Agent': 'Mozilla/5.0 (X11; Linux i686; rv:39.0) Gecko/20100101 Firefox/39.0', 'x-api-version': '8', 'x-env': 'WEB', 'X-requested-with': 'XMLHttpRequest', 'X-token': 'f96bbe3a7e7f833329e7129767a69abbfa6dfce3152e3c2a311eb49d89b5c3bb2b12b66b402f03dce682b8b2b6a005cd'})
[2025-06-06 22:52:51] Récupération des données de vote pour Beautiful Eyes (URL: attractive-eyes, HEADER:{'User-Agent': 'Mozilla/5.0 (X11; Linux i686; rv:39.0) Gecko/20100101 Firefox/39.0', 'x-api-version': '8', 'x-env': 'WEB', 'X-requested-with': 'XMLHttpRequest', 'X-token': 'f96bbe3a7e7f833329e7129767a69abbfa6dfce3152e3c2a311eb49d89b5c3bb2b12b66b402f03dce682b8b2b6a005cd'})
[2025-06-06 22:52:51] Récupération des données de vote pour Beautiful Eyes (URL: attractive-eyes, HEADER:{'User-Agent': 'Mozilla/5.0 (X11; Linux i686; rv:39.0) Gecko/20100101 Firefox/39.0', 'x-api-version': '8', 'x-env': 'WEB', 'X-requested-with': 'XMLHttpRequest', 'X-token': 'f96bbe3a7e7f833329e7129767a69abbfa6dfce3152e3c2a311eb49d89b5c3bb2b12b66b402f03dce682b8b2b6a005cd'})
[2025-06-06 22:52:51] Récupération des données de vote pour Beautiful Eyes (URL: attractive-eyes, HEADER:{'User-Agent': 'Mozilla/5.0 (X11; Linux i686; rv:39.0) Gecko/20100101 Firefox/39.0', 'x-api-version': '8', 'x-env': 'WEB', 'X-requested-with': 'XMLHttpRequest', 'X-token': 'f96bbe3a7e7f833329e7129767a69abbfa6dfce3152e3c2a311eb49d89b5c3bb2b12b66b402f03dce682b8b2b6a005cd'})
[2025-06-06 22:52:51] Récupération des données de vote pour Beautiful Eyes (URL: attractive-eyes, HEADER:{'User-Agent': 'Mozilla/5.0 (X11; Linux i686; rv:39.0) Gecko/20100101 Firefox/39.0', 'x-api-version': '8', 'x-env': 'WEB', 'X-requested-with': 'XMLHttpRequest', 'X-token': 'f96bbe3a7e7f833329e7129767a69abbfa6dfce3152e3c2a311eb49d89b5c3bb2b12b66b402f03dce682b8b2b6a005cd'})
[2025-06-06 22:52:51] Récupération des données de vote pour Beautiful Eyes (URL: attractive-eyes, HEADER:{'User-Agent': 'Mozilla/5.0 (X11; Linux i686; rv:39.0) Gecko/20100101 Firefox/39.0', 'x-api-version': '8', 'x-env': 'WEB', 'X-requested-with': 'XMLHttpRequest', 'X-token': 'f96bbe3a7e7f833329e7129767a69abbfa6dfce3152e3c2a311eb49d89b5c3bb2b12b66b402f03dce682b8b2b6a005cd'})
[2025-06-06 22:52:51] Récupération des données de vote pour Beautiful Eyes (URL: attractive-eyes, HEADER:{'User-Agent': 'Mozilla/5.0 (X11; Linux i686; rv:39.0) Gecko/20100101 Firefox/39.0', 'x-api-version': '8', 'x-env': 'WEB', 'X-requested-with': 'XMLHttpRequest', 'X-token': 'f96bbe3a7e7f833329e7129767a69abbfa6dfce3152e3c2a311eb49d89b5c3bb2b12b66b402f03dce682b8b2b6a005cd'})
[2025-06-06 22:52:51] Récupération des données de vote pour Beautiful Eyes (URL: attractive-eyes, HEADER:{'User-Agent': 'Mozilla/5.0 (X11; Linux i686; rv:39.0) Gecko/20100101 Firefox/39.0', 'x-api-version': '8', 'x-env': 'WEB', 'X-requested-with': 'XMLHttpRequest', 'X-token': 'f96bbe3a7e7f833329e7129767a69abbfa6dfce3152e3c2a311eb49d89b5c3bb2b12b66b402f03dce682b8b2b6a005cd'})
[2025-06-06 22:52:51] Récupération des données de vote pour Best of Black & White (URL: best-of-black-white29, HEADER:{'User-Agent': 'Mozilla/5.0 (X11; Linux i686; rv:39.0) Gecko/20100101 Firefox/39.0', 'x-api-version': '8', 'x-env': 'WEB', 'X-requested-with': 'XMLHttpRequest', 'X-token': 'f96bbe3a7e7f833329e7129767a69abbfa6dfce3152e3c2a311eb49d89b5c3bb2b12b66b402f03dce682b8b2b6a005cd'})
[2025-06-06 22:52:51] Récupération des données de vote pour Best of Black & White (URL: best-of-black-white29, HEADER:{'User-Agent': 'Mozilla/5.0 (X11; Linux i686; rv:39.0) Gecko/20100101 Firefox/39.0', 'x-api-version': '8', 'x-env': 'WEB', 'X-requested-with': 'XMLHttpRequest', 'X-token': 'f96bbe3a7e7f833329e7129767a69abbfa6dfce3152e3c2a311eb49d89b5c3bb2b12b66b402f03dce682b8b2b6a005cd'})
[2025-06-06 22:52:51] Récupération des données de vote pour Best of Black & White (URL: best-of-black-white29, HEADER:{'User-Agent': 'Mozilla/5.0 (X11; Linux i686; rv:39.0) Gecko/20100101 Firefox/39.0', 'x-api-version': '8', 'x-env': 'WEB', 'X-requested-with': 'XMLHttpRequest', 'X-token': 'f96bbe3a7e7f833329e7129767a69abbfa6dfce3152e3c2a311eb49d89b5c3bb2b12b66b402f03dce682b8b2b6a005cd'})
[2025-06-06 22:52:51] Récupération des données de vote pour Best of Black & White (URL: best-of-black-white29, HEADER:{'User-Agent': 'Mozilla/5.0 (X11; Linux i686; rv:39.0) Gecko/20100101 Firefox/39.0', 'x-api-version': '8', 'x-env': 'WEB', 'X-requested-with': 'XMLHttpRequest', 'X-token': 'f96bbe3a7e7f833329e7129767a69abbfa6dfce3152e3c2a311eb49d89b5c3bb2b12b66b402f03dce682b8b2b6a005cd'})
[2025-06-06 22:52:51] Récupération des données de vote pour Best of Black & White (URL: best-of-black-white29, HEADER:{'User-Agent': 'Mozilla/5.0 (X11; Linux i686; rv:39.0) Gecko/20100101 Firefox/39.0', 'x-api-version': '8', 'x-env': 'WEB', 'X-requested-with': 'XMLHttpRequest', 'X-token': 'f96bbe3a7e7f833329e7129767a69abbfa6dfce3152e3c2a311eb49d89b5c3bb2b12b66b402f03dce682b8b2b6a005cd'})
[2025-06-06 22:52:51] Récupération des données de vote pour Best of Black & White (URL: best-of-black-white29, HEADER:{'User-Agent': 'Mozilla/5.0 (X11; Linux i686; rv:39.0) Gecko/20100101 Firefox/39.0', 'x-api-version': '8', 'x-env': 'WEB', 'X-requested-with': 'XMLHttpRequest', 'X-token': 'f96bbe3a7e7f833329e7129767a69abbfa6dfce3152e3c2a311eb49d89b5c3bb2b12b66b402f03dce682b8b2b6a005cd'})
[2025-06-06 22:52:51] Récupération des données de vote pour Best of Black & White (URL: best-of-black-white29, HEADER:{'User-Agent': 'Mozilla/5.0 (X11; Linux i686; rv:39.0) Gecko/20100101 Firefox/39.0', 'x-api-version': '8', 'x-env': 'WEB', 'X-requested-with': 'XMLHttpRequest', 'X-token': 'f96bbe3a7e7f833329e7129767a69abbfa6dfce3152e3c2a311eb49d89b5c3bb2b12b66b402f03dce682b8b2b6a005cd'})
[2025-06-06 22:52:51] Récupération des données de vote pour Ultimate Exposure (URL: ultimate-exposure80, HEADER:{'User-Agent': 'Mozilla/5.0 (X11; Linux i686; rv:39.0) Gecko/20100101 Firefox/39.0', 'x-api-version': '8', 'x-env': 'WEB', 'X-requested-with': 'XMLHttpRequest', 'X-token': 'f96bbe3a7e7f833329e7129767a69abbfa6dfce3152e3c2a311eb49d89b5c3bb2b12b66b402f03dce682b8b2b6a005cd'})
[2025-06-06 22:52:51] Récupération des données de vote pour Ultimate Exposure (URL: ultimate-exposure80, HEADER:{'User-Agent': 'Mozilla/5.0 (X11; Linux i686; rv:39.0) Gecko/20100101 Firefox/39.0', 'x-api-version': '8', 'x-env': 'WEB', 'X-requested-with': 'XMLHttpRequest', 'X-token': 'f96bbe3a7e7f833329e7129767a69abbfa6dfce3152e3c2a311eb49d89b5c3bb2b12b66b402f03dce682b8b2b6a005cd'})
[2025-06-06 22:52:51] Récupération des données de vote pour Ultimate Exposure (URL: ultimate-exposure80, HEADER:{'User-Agent': 'Mozilla/5.0 (X11; Linux i686; rv:39.0) Gecko/20100101 Firefox/39.0', 'x-api-version': '8', 'x-env': 'WEB', 'X-requested-with': 'XMLHttpRequest', 'X-token': 'f96bbe3a7e7f833329e7129767a69abbfa6dfce3152e3c2a311eb49d89b5c3bb2b12b66b402f03dce682b8b2b6a005cd'})
[2025-06-06 22:52:51] Récupération des données de vote pour Ultimate Exposure (URL: ultimate-exposure80, HEADER:{'User-Agent': 'Mozilla/5.0 (X11; Linux i686; rv:39.0) Gecko/20100101 Firefox/39.0', 'x-api-version': '8', 'x-env': 'WEB', 'X-requested-with': 'XMLHttpRequest', 'X-token': 'f96bbe3a7e7f833329e7129767a69abbfa6dfce3152e3c2a311eb49d89b5c3bb2b12b66b402f03dce682b8b2b6a005cd'})
[2025-06-06 22:52:51] Récupération des données de vote pour Ultimate Exposure (URL: ultimate-exposure80, HEADER:{'User-Agent': 'Mozilla/5.0 (X11; Linux i686; rv:39.0) Gecko/20100101 Firefox/39.0', 'x-api-version': '8', 'x-env': 'WEB', 'X-requested-with': 'XMLHttpRequest', 'X-token': 'f96bbe3a7e7f833329e7129767a69abbfa6dfce3152e3c2a311eb49d89b5c3bb2b12b66b402f03dce682b8b2b6a005cd'})
[2025-06-06 22:52:51] Récupération des données de vote pour Ultimate Exposure (URL: ultimate-exposure80, HEADER:{'User-Agent': 'Mozilla/5.0 (X11; Linux i686; rv:39.0) Gecko/20100101 Firefox/39.0', 'x-api-version': '8', 'x-env': 'WEB', 'X-requested-with': 'XMLHttpRequest', 'X-token': 'f96bbe3a7e7f833329e7129767a69abbfa6dfce3152e3c2a311eb49d89b5c3bb2b12b66b402f03dce682b8b2b6a005cd'})
[2025-06-06 22:52:51] Récupération des données de vote pour Ultimate Exposure (URL: ultimate-exposure80, HEADER:{'User-Agent': 'Mozilla/5.0 (X11; Linux i686; rv:39.0) Gecko/20100101 Firefox/39.0', 'x-api-version': '8', 'x-env': 'WEB', 'X-requested-with': 'XMLHttpRequest', 'X-token': 'f96bbe3a7e7f833329e7129767a69abbfa6dfce3152e3c2a311eb49d89b5c3bb2b12b66b402f03dce682b8b2b6a005cd'})
[2025-06-06 22:52:51] Récupération des données de vote pour The 7 Sins (URL: the-7-sins, HEADER:{'User-Agent': 'Mozilla/5.0 (X11; Linux i686; rv:39.0) Gecko/20100101 Firefox/39.0', 'x-api-version': '8', 'x-env': 'WEB', 'X-requested-with': 'XMLHttpRequest', 'X-token': 'f96bbe3a7e7f833329e7129767a69abbfa6dfce3152e3c2a311eb49d89b5c3bb2b12b66b402f03dce682b8b2b6a005cd'})
[2025-06-06 22:52:51] Récupération des données de vote pour The 7 Sins (URL: the-7-sins, HEADER:{'User-Agent': 'Mozilla/5.0 (X11; Linux i686; rv:39.0) Gecko/20100101 Firefox/39.0', 'x-api-version': '8', 'x-env': 'WEB', 'X-requested-with': 'XMLHttpRequest', 'X-token': 'f96bbe3a7e7f833329e7129767a69abbfa6dfce3152e3c2a311eb49d89b5c3bb2b12b66b402f03dce682b8b2b6a005cd'})
[2025-06-06 22:52:51] Récupération des données de vote pour The 7 Sins (URL: the-7-sins, HEADER:{'User-Agent': 'Mozilla/5.0 (X11; Linux i686; rv:39.0) Gecko/20100101 Firefox/39.0', 'x-api-version': '8', 'x-env': 'WEB', 'X-requested-with': 'XMLHttpRequest', 'X-token': 'f96bbe3a7e7f833329e7129767a69abbfa6dfce3152e3c2a311eb49d89b5c3bb2b12b66b402f03dce682b8b2b6a005cd'})
[2025-06-06 22:52:51] Récupération des données de vote pour The 7 Sins (URL: the-7-sins, HEADER:{'User-Agent': 'Mozilla/5.0 (X11; Linux i686; rv:39.0) Gecko/20100101 Firefox/39.0', 'x-api-version': '8', 'x-env': 'WEB', 'X-requested-with': 'XMLHttpRequest', 'X-token': 'f96bbe3a7e7f833329e7129767a69abbfa6dfce3152e3c2a311eb49d89b5c3bb2b12b66b402f03dce682b8b2b6a005cd'})
[2025-06-06 22:52:51] Récupération des données de vote pour The 7 Sins (URL: the-7-sins, HEADER:{'User-Agent': 'Mozilla/5.0 (X11; Linux i686; rv:39.0) Gecko/20100101 Firefox/39.0', 'x-api-version': '8', 'x-env': 'WEB', 'X-requested-with': 'XMLHttpRequest', 'X-token': 'f96bbe3a7e7f833329e7129767a69abbfa6dfce3152e3c2a311eb49d89b5c3bb2b12b66b402f03dce682b8b2b6a005cd'})
[2025-06-06 22:52:51] Récupération des données de vote pour The 7 Sins (URL: the-7-sins, HEADER:{'User-Agent': 'Mozilla/5.0 (X11; Linux i686; rv:39.0) Gecko/20100101 Firefox/39.0', 'x-api-version': '8', 'x-env': 'WEB', 'X-requested-with': 'XMLHttpRequest', 'X-token': 'f96bbe3a7e7f833329e7129767a69abbfa6dfce3152e3c2a311eb49d89b5c3bb2b12b66b402f03dce682b8b2b6a005cd'})
[2025-06-06 22:52:51] Récupération des données de vote pour The 7 Sins (URL: the-7-sins, HEADER:{'User-Agent': 'Mozilla/5.0 (X11; Linux i686; rv:39.0) Gecko/20100101 Firefox/39.0', 'x-api-version': '8', 'x-env': 'WEB', 'X-requested-with': 'XMLHttpRequest', 'X-token': 'f96bbe3a7e7f833329e7129767a69abbfa6dfce3152e3c2a311eb49d89b5c3bb2b12b66b402f03dce682b8b2b6a005cd'})
[2025-06-06 22:52:51] Récupération des données de vote pour The Letter "S" (URL: the-letter-s-, HEADER:{'User-Agent': 'Mozilla/5.0 (X11; Linux i686; rv:39.0) Gecko/20100101 Firefox/39.0', 'x-api-version': '8', 'x-env': 'WEB', 'X-requested-with': 'XMLHttpRequest', 'X-token': 'f96bbe3a7e7f833329e7129767a69abbfa6dfce3152e3c2a311eb49d89b5c3bb2b12b66b402f03dce682b8b2b6a005cd'})
[2025-06-06 22:52:51] Récupération des données de vote pour The Letter "S" (URL: the-letter-s-, HEADER:{'User-Agent': 'Mozilla/5.0 (X11; Linux i686; rv:39.0) Gecko/20100101 Firefox/39.0', 'x-api-version': '8', 'x-env': 'WEB', 'X-requested-with': 'XMLHttpRequest', 'X-token': 'f96bbe3a7e7f833329e7129767a69abbfa6dfce3152e3c2a311eb49d89b5c3bb2b12b66b402f03dce682b8b2b6a005cd'})
[2025-06-06 22:52:51] Récupération des données de vote pour The Letter "S" (URL: the-letter-s-, HEADER:{'User-Agent': 'Mozilla/5.0 (X11; Linux i686; rv:39.0) Gecko/20100101 Firefox/39.0', 'x-api-version': '8', 'x-env': 'WEB', 'X-requested-with': 'XMLHttpRequest', 'X-token': 'f96bbe3a7e7f833329e7129767a69abbfa6dfce3152e3c2a311eb49d89b5c3bb2b12b66b402f03dce682b8b2b6a005cd'})
[2025-06-06 22:52:51] Récupération des données de vote pour The Letter "S" (URL: the-letter-s-, HEADER:{'User-Agent': 'Mozilla/5.0 (X11; Linux i686; rv:39.0) Gecko/20100101 Firefox/39.0', 'x-api-version': '8', 'x-env': 'WEB', 'X-requested-with': 'XMLHttpRequest', 'X-token': 'f96bbe3a7e7f833329e7129767a69abbfa6dfce3152e3c2a311eb49d89b5c3bb2b12b66b402f03dce682b8b2b6a005cd'})
[2025-06-06 22:52:51] Récupération des données de vote pour The Letter "S" (URL: the-letter-s-, HEADER:{'User-Agent': 'Mozilla/5.0 (X11; Linux i686; rv:39.0) Gecko/20100101 Firefox/39.0', 'x-api-version': '8', 'x-env': 'WEB', 'X-requested-with': 'XMLHttpRequest', 'X-token': 'f96bbe3a7e7f833329e7129767a69abbfa6dfce3152e3c2a311eb49d89b5c3bb2b12b66b402f03dce682b8b2b6a005cd'})
[2025-06-06 22:52:51] Récupération des données de vote pour The Letter "S" (URL: the-letter-s-, HEADER:{'User-Agent': 'Mozilla/5.0 (X11; Linux i686; rv:39.0) Gecko/20100101 Firefox/39.0', 'x-api-version': '8', 'x-env': 'WEB', 'X-requested-with': 'XMLHttpRequest', 'X-token': 'f96bbe3a7e7f833329e7129767a69abbfa6dfce3152e3c2a311eb49d89b5c3bb2b12b66b402f03dce682b8b2b6a005cd'})
[2025-06-06 22:52:51] Récupération des données de vote pour The Letter "S" (URL: the-letter-s-, HEADER:{'User-Agent': 'Mozilla/5.0 (X11; Linux i686; rv:39.0) Gecko/20100101 Firefox/39.0', 'x-api-version': '8', 'x-env': 'WEB', 'X-requested-with': 'XMLHttpRequest', 'X-token': 'f96bbe3a7e7f833329e7129767a69abbfa6dfce3152e3c2a311eb49d89b5c3bb2b12b66b402f03dce682b8b2b6a005cd'})
[2025-06-06 22:52:51] Récupération des données de vote pour Fields and Meadows (URL: fields-and-meadows44, HEADER:{'User-Agent': 'Mozilla/5.0 (X11; Linux i686; rv:39.0) Gecko/20100101 Firefox/39.0', 'x-api-version': '8', 'x-env': 'WEB', 'X-requested-with': 'XMLHttpRequest', 'X-token': 'f96bbe3a7e7f833329e7129767a69abbfa6dfce3152e3c2a311eb49d89b5c3bb2b12b66b402f03dce682b8b2b6a005cd'})
[2025-06-06 22:52:51] Récupération des données de vote pour Fields and Meadows (URL: fields-and-meadows44, HEADER:{'User-Agent': 'Mozilla/5.0 (X11; Linux i686; rv:39.0) Gecko/20100101 Firefox/39.0', 'x-api-version': '8', 'x-env': 'WEB', 'X-requested-with': 'XMLHttpRequest', 'X-token': 'f96bbe3a7e7f833329e7129767a69abbfa6dfce3152e3c2a311eb49d89b5c3bb2b12b66b402f03dce682b8b2b6a005cd'})
[2025-06-06 22:52:51] Récupération des données de vote pour Fields and Meadows (URL: fields-and-meadows44, HEADER:{'User-Agent': 'Mozilla/5.0 (X11; Linux i686; rv:39.0) Gecko/20100101 Firefox/39.0', 'x-api-version': '8', 'x-env': 'WEB', 'X-requested-with': 'XMLHttpRequest', 'X-token': 'f96bbe3a7e7f833329e7129767a69abbfa6dfce3152e3c2a311eb49d89b5c3bb2b12b66b402f03dce682b8b2b6a005cd'})
[2025-06-06 22:52:51] Récupération des données de vote pour Fields and Meadows (URL: fields-and-meadows44, HEADER:{'User-Agent': 'Mozilla/5.0 (X11; Linux i686; rv:39.0) Gecko/20100101 Firefox/39.0', 'x-api-version': '8', 'x-env': 'WEB', 'X-requested-with': 'XMLHttpRequest', 'X-token': 'f96bbe3a7e7f833329e7129767a69abbfa6dfce3152e3c2a311eb49d89b5c3bb2b12b66b402f03dce682b8b2b6a005cd'})
[2025-06-06 22:52:51] Récupération des données de vote pour Fields and Meadows (URL: fields-and-meadows44, HEADER:{'User-Agent': 'Mozilla/5.0 (X11; Linux i686; rv:39.0) Gecko/20100101 Firefox/39.0', 'x-api-version': '8', 'x-env': 'WEB', 'X-requested-with': 'XMLHttpRequest', 'X-token': 'f96bbe3a7e7f833329e7129767a69abbfa6dfce3152e3c2a311eb49d89b5c3bb2b12b66b402f03dce682b8b2b6a005cd'})
[2025-06-06 22:52:51] Récupération des données de vote pour Fields and Meadows (URL: fields-and-meadows44, HEADER:{'User-Agent': 'Mozilla/5.0 (X11; Linux i686; rv:39.0) Gecko/20100101 Firefox/39.0', 'x-api-version': '8', 'x-env': 'WEB', 'X-requested-with': 'XMLHttpRequest', 'X-token': 'f96bbe3a7e7f833329e7129767a69abbfa6dfce3152e3c2a311eb49d89b5c3bb2b12b66b402f03dce682b8b2b6a005cd'})
[2025-06-06 22:52:51] Récupération des données de vote pour Fields and Meadows (URL: fields-and-meadows44, HEADER:{'User-Agent': 'Mozilla/5.0 (X11; Linux i686; rv:39.0) Gecko/20100101 Firefox/39.0', 'x-api-version': '8', 'x-env': 'WEB', 'X-requested-with': 'XMLHttpRequest', 'X-token': 'f96bbe3a7e7f833329e7129767a69abbfa6dfce3152e3c2a311eb49d89b5c3bb2b12b66b402f03dce682b8b2b6a005cd'})
[2025-06-06 22:52:51] Récupération des données de vote pour Bridges (URL: bridges35, HEADER:{'User-Agent': 'Mozilla/5.0 (X11; Linux i686; rv:39.0) Gecko/20100101 Firefox/39.0', 'x-api-version': '8', 'x-env': 'WEB', 'X-requested-with': 'XMLHttpRequest', 'X-token': 'f96bbe3a7e7f833329e7129767a69abbfa6dfce3152e3c2a311eb49d89b5c3bb2b12b66b402f03dce682b8b2b6a005cd'})
[2025-06-06 22:52:51] Récupération des données de vote pour Bridges (URL: bridges35, HEADER:{'User-Agent': 'Mozilla/5.0 (X11; Linux i686; rv:39.0) Gecko/20100101 Firefox/39.0', 'x-api-version': '8', 'x-env': 'WEB', 'X-requested-with': 'XMLHttpRequest', 'X-token': 'f96bbe3a7e7f833329e7129767a69abbfa6dfce3152e3c2a311eb49d89b5c3bb2b12b66b402f03dce682b8b2b6a005cd'})
[2025-06-06 22:52:51] Récupération des données de vote pour Bridges (URL: bridges35, HEADER:{'User-Agent': 'Mozilla/5.0 (X11; Linux i686; rv:39.0) Gecko/20100101 Firefox/39.0', 'x-api-version': '8', 'x-env': 'WEB', 'X-requested-with': 'XMLHttpRequest', 'X-token': 'f96bbe3a7e7f833329e7129767a69abbfa6dfce3152e3c2a311eb49d89b5c3bb2b12b66b402f03dce682b8b2b6a005cd'})
[2025-06-06 22:52:51] Récupération des données de vote pour Bridges (URL: bridges35, HEADER:{'User-Agent': 'Mozilla/5.0 (X11; Linux i686; rv:39.0) Gecko/20100101 Firefox/39.0', 'x-api-version': '8', 'x-env': 'WEB', 'X-requested-with': 'XMLHttpRequest', 'X-token': 'f96bbe3a7e7f833329e7129767a69abbfa6dfce3152e3c2a311eb49d89b5c3bb2b12b66b402f03dce682b8b2b6a005cd'})
[2025-06-06 22:52:51] Récupération des données de vote pour Bridges (URL: bridges35, HEADER:{'User-Agent': 'Mozilla/5.0 (X11; Linux i686; rv:39.0) Gecko/20100101 Firefox/39.0', 'x-api-version': '8', 'x-env': 'WEB', 'X-requested-with': 'XMLHttpRequest', 'X-token': 'f96bbe3a7e7f833329e7129767a69abbfa6dfce3152e3c2a311eb49d89b5c3bb2b12b66b402f03dce682b8b2b6a005cd'})
[2025-06-06 22:52:51] Récupération des données de vote pour Bridges (URL: bridges35, HEADER:{'User-Agent': 'Mozilla/5.0 (X11; Linux i686; rv:39.0) Gecko/20100101 Firefox/39.0', 'x-api-version': '8', 'x-env': 'WEB', 'X-requested-with': 'XMLHttpRequest', 'X-token': 'f96bbe3a7e7f833329e7129767a69abbfa6dfce3152e3c2a311eb49d89b5c3bb2b12b66b402f03dce682b8b2b6a005cd'})
[2025-06-06 22:52:51] Récupération des données de vote pour Bridges (URL: bridges35, HEADER:{'User-Agent': 'Mozilla/5.0 (X11; Linux i686; rv:39.0) Gecko/20100101 Firefox/39.0', 'x-api-version': '8', 'x-env': 'WEB', 'X-requested-with': 'XMLHttpRequest', 'X-token': 'f96bbe3a7e7f833329e7129767a69abbfa6dfce3152e3c2a311eb49d89b5c3bb2b12b66b402f03dce682b8b2b6a005cd'})
[2025-06-06 22:52:51] Récupération des données de vote pour Solo - Single Subject (URL: solo-single-subject32, HEADER:{'User-Agent': 'Mozilla/5.0 (X11; Linux i686; rv:39.0) Gecko/20100101 Firefox/39.0', 'x-api-version': '8', 'x-env': 'WEB', 'X-requested-with': 'XMLHttpRequest', 'X-token': 'f96bbe3a7e7f833329e7129767a69abbfa6dfce3152e3c2a311eb49d89b5c3bb2b12b66b402f03dce682b8b2b6a005cd'})
[2025-06-06 22:52:51] Récupération des données de vote pour Solo - Single Subject (URL: solo-single-subject32, HEADER:{'User-Agent': 'Mozilla/5.0 (X11; Linux i686; rv:39.0) Gecko/20100101 Firefox/39.0', 'x-api-version': '8', 'x-env': 'WEB', 'X-requested-with': 'XMLHttpRequest', 'X-token': 'f96bbe3a7e7f833329e7129767a69abbfa6dfce3152e3c2a311eb49d89b5c3bb2b12b66b402f03dce682b8b2b6a005cd'})
[2025-06-06 22:52:51] Récupération des données de vote pour Solo - Single Subject (URL: solo-single-subject32, HEADER:{'User-Agent': 'Mozilla/5.0 (X11; Linux i686; rv:39.0) Gecko/20100101 Firefox/39.0', 'x-api-version': '8', 'x-env': 'WEB', 'X-requested-with': 'XMLHttpRequest', 'X-token': 'f96bbe3a7e7f833329e7129767a69abbfa6dfce3152e3c2a311eb49d89b5c3bb2b12b66b402f03dce682b8b2b6a005cd'})
[2025-06-06 22:52:51] Récupération des données de vote pour Solo - Single Subject (URL: solo-single-subject32, HEADER:{'User-Agent': 'Mozilla/5.0 (X11; Linux i686; rv:39.0) Gecko/20100101 Firefox/39.0', 'x-api-version': '8', 'x-env': 'WEB', 'X-requested-with': 'XMLHttpRequest', 'X-token': 'f96bbe3a7e7f833329e7129767a69abbfa6dfce3152e3c2a311eb49d89b5c3bb2b12b66b402f03dce682b8b2b6a005cd'})
[2025-06-06 22:52:51] Récupération des données de vote pour Solo - Single Subject (URL: solo-single-subject32, HEADER:{'User-Agent': 'Mozilla/5.0 (X11; Linux i686; rv:39.0) Gecko/20100101 Firefox/39.0', 'x-api-version': '8', 'x-env': 'WEB', 'X-requested-with': 'XMLHttpRequest', 'X-token': 'f96bbe3a7e7f833329e7129767a69abbfa6dfce3152e3c2a311eb49d89b5c3bb2b12b66b402f03dce682b8b2b6a005cd'})
[2025-06-06 22:52:51] Récupération des données de vote pour Solo - Single Subject (URL: solo-single-subject32, HEADER:{'User-Agent': 'Mozilla/5.0 (X11; Linux i686; rv:39.0) Gecko/20100101 Firefox/39.0', 'x-api-version': '8', 'x-env': 'WEB', 'X-requested-with': 'XMLHttpRequest', 'X-token': 'f96bbe3a7e7f833329e7129767a69abbfa6dfce3152e3c2a311eb49d89b5c3bb2b12b66b402f03dce682b8b2b6a005cd'})
[2025-06-06 22:52:51] Récupération des données de vote pour Solo - Single Subject (URL: solo-single-subject32, HEADER:{'User-Agent': 'Mozilla/5.0 (X11; Linux i686; rv:39.0) Gecko/20100101 Firefox/39.0', 'x-api-version': '8', 'x-env': 'WEB', 'X-requested-with': 'XMLHttpRequest', 'X-token': 'f96bbe3a7e7f833329e7129767a69abbfa6dfce3152e3c2a311eb49d89b5c3bb2b12b66b402f03dce682b8b2b6a005cd'})
[2025-06-06 22:52:51] Récupération des données de vote pour Photographer of the Week (URL: photographer-of-the-week211, HEADER:{'User-Agent': 'Mozilla/5.0 (X11; Linux i686; rv:39.0) Gecko/20100101 Firefox/39.0', 'x-api-version': '8', 'x-env': 'WEB', 'X-requested-with': 'XMLHttpRequest', 'X-token': 'f96bbe3a7e7f833329e7129767a69abbfa6dfce3152e3c2a311eb49d89b5c3bb2b12b66b402f03dce682b8b2b6a005cd'})
[2025-06-06 22:52:51] Récupération des données de vote pour Photographer of the Week (URL: photographer-of-the-week211, HEADER:{'User-Agent': 'Mozilla/5.0 (X11; Linux i686; rv:39.0) Gecko/20100101 Firefox/39.0', 'x-api-version': '8', 'x-env': 'WEB', 'X-requested-with': 'XMLHttpRequest', 'X-token': 'f96bbe3a7e7f833329e7129767a69abbfa6dfce3152e3c2a311eb49d89b5c3bb2b12b66b402f03dce682b8b2b6a005cd'})
[2025-06-06 22:52:51] Récupération des données de vote pour Photographer of the Week (URL: photographer-of-the-week211, HEADER:{'User-Agent': 'Mozilla/5.0 (X11; Linux i686; rv:39.0) Gecko/20100101 Firefox/39.0', 'x-api-version': '8', 'x-env': 'WEB', 'X-requested-with': 'XMLHttpRequest', 'X-token': 'f96bbe3a7e7f833329e7129767a69abbfa6dfce3152e3c2a311eb49d89b5c3bb2b12b66b402f03dce682b8b2b6a005cd'})
[2025-06-06 22:52:51] Récupération des données de vote pour Photographer of the Week (URL: photographer-of-the-week211, HEADER:{'User-Agent': 'Mozilla/5.0 (X11; Linux i686; rv:39.0) Gecko/20100101 Firefox/39.0', 'x-api-version': '8', 'x-env': 'WEB', 'X-requested-with': 'XMLHttpRequest', 'X-token': 'f96bbe3a7e7f833329e7129767a69abbfa6dfce3152e3c2a311eb49d89b5c3bb2b12b66b402f03dce682b8b2b6a005cd'})
[2025-06-06 22:52:51] Récupération des données de vote pour Photographer of the Week (URL: photographer-of-the-week211, HEADER:{'User-Agent': 'Mozilla/5.0 (X11; Linux i686; rv:39.0) Gecko/20100101 Firefox/39.0', 'x-api-version': '8', 'x-env': 'WEB', 'X-requested-with': 'XMLHttpRequest', 'X-token': 'f96bbe3a7e7f833329e7129767a69abbfa6dfce3152e3c2a311eb49d89b5c3bb2b12b66b402f03dce682b8b2b6a005cd'})
[2025-06-06 22:52:51] Traveling The World get vote panel
[2025-06-06 22:53:02] Fetching challenges...
[2025-06-06 22:53:04] Challenges fetching ...
[2025-06-06 22:53:04] Lancement automatique des stratégies de fin pour 17 nouveaux challenges...
[2025-06-06 22:53:04] Nouveau challenge détecté pour pascale: Gurus Only!
[2025-06-06 22:53:04] Nouveau challenge détecté pour pascale: Bridges
[2025-06-06 22:53:04] Nouveau challenge détecté pour pascale: Outdoor Furniture
[2025-06-06 22:53:04] Nouveau challenge détecté pour pascale: Traveling The World
[2025-06-06 22:53:04] Nouveau challenge détecté pour pascale: Joyous Laughter
[2025-06-06 22:53:04] Nouveau challenge détecté pour pascale: Solo - Single Subject
[2025-06-06 22:53:04] Nouveau challenge détecté pour pascale: Dramatic Lighting
[2025-06-06 22:53:04] Nouveau challenge détecté pour pascale: Ultimate Exposure
[2025-06-06 22:53:04] Nouveau challenge détecté pour pascale: The Letter "S"
[2025-06-06 22:53:04] Nouveau challenge détecté pour pascale: The 7 Sins
[2025-06-06 22:53:04] Nouveau challenge détecté pour pascale: Beautiful Eyes
[2025-06-06 22:53:04] Nouveau challenge détecté pour pascale: Humans In Nature
[2025-06-06 22:53:04] Nouveau challenge détecté pour pascale: Fields and Meadows
[2025-06-06 22:53:04] Nouveau challenge détecté pour pascale: Photographer of the Week
[2025-06-06 22:53:04] Nouveau challenge détecté pour pascale: Best of Black & White
[2025-06-06 22:53:04] Nouveau challenge détecté pour pascale: Still Life
[2025-06-06 22:53:04] Nouveau challenge détecté pour pascale: Guru of The Week
[2025-06-06 22:53:04] Challenges fetched successfully for pascale!
[2025-06-06 22:53:07] Sélection de tous les challenges

[2025-06-06 22:53:08] Traveling The World get vote panel
[2025-06-06 22:53:30] Outdoor Furniture get vote panel
[2025-06-06 22:53:51] Beautiful Eyes get vote panel
[2025-06-06 22:54:12] Ultimate Exposure get vote panel
[2025-06-06 22:54:33] Best of Black & White get vote panel
[2025-06-06 22:54:54] The 7 Sins get vote panel
[2025-06-06 22:55:15] The Letter "S" get vote panel
[2025-06-06 22:55:36] Fields and Meadows get vote panel
[2025-06-06 22:55:57] Bridges get vote panel
[2025-06-06 22:56:18] Solo - Single Subject get vote panel
[2025-06-06 22:56:39] Photographer of the Week get vote panel
[2025-06-06 22:57:00] Gurus Only! get vote panel
[2025-06-06 22:57:21] Humans In Nature get vote panel
[2025-06-06 22:57:42] Still Life get vote panel
[2025-06-06 22:58:03] Guru of The Week get vote panel
[2025-06-06 22:58:24] Dramatic Lighting get vote panel
[2025-06-06 22:58:37] Récupération des données de vote pour Traveling The World (URL: travel-stories6, HEADER:{'User-Agent': 'Mozilla/5.0 (X11; Linux i686; rv:39.0) Gecko/20100101 Firefox/39.0', 'x-api-version': '8', 'x-env': 'WEB', 'X-requested-with': 'XMLHttpRequest', 'X-token': 'f96bbe3a7e7f833329e7129767a69abbfa6dfce3152e3c2a311eb49d89b5c3bb2b12b66b402f03dce682b8b2b6a005cd'})
[2025-06-06 22:58:37] Récupération des données de vote pour Traveling The World (URL: travel-stories6, HEADER:{'User-Agent': 'Mozilla/5.0 (X11; Linux i686; rv:39.0) Gecko/20100101 Firefox/39.0', 'x-api-version': '8', 'x-env': 'WEB', 'X-requested-with': 'XMLHttpRequest', 'X-token': 'f96bbe3a7e7f833329e7129767a69abbfa6dfce3152e3c2a311eb49d89b5c3bb2b12b66b402f03dce682b8b2b6a005cd'})
[2025-06-06 22:58:37] Récupération des données de vote pour Traveling The World (URL: travel-stories6, HEADER:{'User-Agent': 'Mozilla/5.0 (X11; Linux i686; rv:39.0) Gecko/20100101 Firefox/39.0', 'x-api-version': '8', 'x-env': 'WEB', 'X-requested-with': 'XMLHttpRequest', 'X-token': 'f96bbe3a7e7f833329e7129767a69abbfa6dfce3152e3c2a311eb49d89b5c3bb2b12b66b402f03dce682b8b2b6a005cd'})
[2025-06-06 22:58:37] Récupération des données de vote pour Traveling The World (URL: travel-stories6, HEADER:{'User-Agent': 'Mozilla/5.0 (X11; Linux i686; rv:39.0) Gecko/20100101 Firefox/39.0', 'x-api-version': '8', 'x-env': 'WEB', 'X-requested-with': 'XMLHttpRequest', 'X-token': 'f96bbe3a7e7f833329e7129767a69abbfa6dfce3152e3c2a311eb49d89b5c3bb2b12b66b402f03dce682b8b2b6a005cd'})
[2025-06-06 22:58:37] Récupération des données de vote pour Traveling The World (URL: travel-stories6, HEADER:{'User-Agent': 'Mozilla/5.0 (X11; Linux i686; rv:39.0) Gecko/20100101 Firefox/39.0', 'x-api-version': '8', 'x-env': 'WEB', 'X-requested-with': 'XMLHttpRequest', 'X-token': 'f96bbe3a7e7f833329e7129767a69abbfa6dfce3152e3c2a311eb49d89b5c3bb2b12b66b402f03dce682b8b2b6a005cd'})
[2025-06-06 22:58:37] Récupération des données de vote pour Traveling The World (URL: travel-stories6, HEADER:{'User-Agent': 'Mozilla/5.0 (X11; Linux i686; rv:39.0) Gecko/20100101 Firefox/39.0', 'x-api-version': '8', 'x-env': 'WEB', 'X-requested-with': 'XMLHttpRequest', 'X-token': 'f96bbe3a7e7f833329e7129767a69abbfa6dfce3152e3c2a311eb49d89b5c3bb2b12b66b402f03dce682b8b2b6a005cd'})
[2025-06-06 22:58:37] Récupération des données de vote pour Traveling The World (URL: travel-stories6, HEADER:{'User-Agent': 'Mozilla/5.0 (X11; Linux i686; rv:39.0) Gecko/20100101 Firefox/39.0', 'x-api-version': '8', 'x-env': 'WEB', 'X-requested-with': 'XMLHttpRequest', 'X-token': 'f96bbe3a7e7f833329e7129767a69abbfa6dfce3152e3c2a311eb49d89b5c3bb2b12b66b402f03dce682b8b2b6a005cd'})
[2025-06-06 22:58:37] Récupération des données de vote pour Outdoor Furniture (URL: outdoor-furniture48, HEADER:{'User-Agent': 'Mozilla/5.0 (X11; Linux i686; rv:39.0) Gecko/20100101 Firefox/39.0', 'x-api-version': '8', 'x-env': 'WEB', 'X-requested-with': 'XMLHttpRequest', 'X-token': 'f96bbe3a7e7f833329e7129767a69abbfa6dfce3152e3c2a311eb49d89b5c3bb2b12b66b402f03dce682b8b2b6a005cd'})
[2025-06-06 22:58:37] Récupération des données de vote pour Outdoor Furniture (URL: outdoor-furniture48, HEADER:{'User-Agent': 'Mozilla/5.0 (X11; Linux i686; rv:39.0) Gecko/20100101 Firefox/39.0', 'x-api-version': '8', 'x-env': 'WEB', 'X-requested-with': 'XMLHttpRequest', 'X-token': 'f96bbe3a7e7f833329e7129767a69abbfa6dfce3152e3c2a311eb49d89b5c3bb2b12b66b402f03dce682b8b2b6a005cd'})
[2025-06-06 22:58:37] Récupération des données de vote pour Outdoor Furniture (URL: outdoor-furniture48, HEADER:{'User-Agent': 'Mozilla/5.0 (X11; Linux i686; rv:39.0) Gecko/20100101 Firefox/39.0', 'x-api-version': '8', 'x-env': 'WEB', 'X-requested-with': 'XMLHttpRequest', 'X-token': 'f96bbe3a7e7f833329e7129767a69abbfa6dfce3152e3c2a311eb49d89b5c3bb2b12b66b402f03dce682b8b2b6a005cd'})
[2025-06-06 22:58:37] Récupération des données de vote pour Outdoor Furniture (URL: outdoor-furniture48, HEADER:{'User-Agent': 'Mozilla/5.0 (X11; Linux i686; rv:39.0) Gecko/20100101 Firefox/39.0', 'x-api-version': '8', 'x-env': 'WEB', 'X-requested-with': 'XMLHttpRequest', 'X-token': 'f96bbe3a7e7f833329e7129767a69abbfa6dfce3152e3c2a311eb49d89b5c3bb2b12b66b402f03dce682b8b2b6a005cd'})
[2025-06-06 22:58:37] Récupération des données de vote pour Outdoor Furniture (URL: outdoor-furniture48, HEADER:{'User-Agent': 'Mozilla/5.0 (X11; Linux i686; rv:39.0) Gecko/20100101 Firefox/39.0', 'x-api-version': '8', 'x-env': 'WEB', 'X-requested-with': 'XMLHttpRequest', 'X-token': 'f96bbe3a7e7f833329e7129767a69abbfa6dfce3152e3c2a311eb49d89b5c3bb2b12b66b402f03dce682b8b2b6a005cd'})
[2025-06-06 22:58:37] Récupération des données de vote pour Outdoor Furniture (URL: outdoor-furniture48, HEADER:{'User-Agent': 'Mozilla/5.0 (X11; Linux i686; rv:39.0) Gecko/20100101 Firefox/39.0', 'x-api-version': '8', 'x-env': 'WEB', 'X-requested-with': 'XMLHttpRequest', 'X-token': 'f96bbe3a7e7f833329e7129767a69abbfa6dfce3152e3c2a311eb49d89b5c3bb2b12b66b402f03dce682b8b2b6a005cd'})
[2025-06-06 22:58:37] Récupération des données de vote pour Outdoor Furniture (URL: outdoor-furniture48, HEADER:{'User-Agent': 'Mozilla/5.0 (X11; Linux i686; rv:39.0) Gecko/20100101 Firefox/39.0', 'x-api-version': '8', 'x-env': 'WEB', 'X-requested-with': 'XMLHttpRequest', 'X-token': 'f96bbe3a7e7f833329e7129767a69abbfa6dfce3152e3c2a311eb49d89b5c3bb2b12b66b402f03dce682b8b2b6a005cd'})
[2025-06-06 22:58:37] Récupération des données de vote pour Beautiful Eyes (URL: attractive-eyes, HEADER:{'User-Agent': 'Mozilla/5.0 (X11; Linux i686; rv:39.0) Gecko/20100101 Firefox/39.0', 'x-api-version': '8', 'x-env': 'WEB', 'X-requested-with': 'XMLHttpRequest', 'X-token': 'f96bbe3a7e7f833329e7129767a69abbfa6dfce3152e3c2a311eb49d89b5c3bb2b12b66b402f03dce682b8b2b6a005cd'})
[2025-06-06 22:58:37] Récupération des données de vote pour Beautiful Eyes (URL: attractive-eyes, HEADER:{'User-Agent': 'Mozilla/5.0 (X11; Linux i686; rv:39.0) Gecko/20100101 Firefox/39.0', 'x-api-version': '8', 'x-env': 'WEB', 'X-requested-with': 'XMLHttpRequest', 'X-token': 'f96bbe3a7e7f833329e7129767a69abbfa6dfce3152e3c2a311eb49d89b5c3bb2b12b66b402f03dce682b8b2b6a005cd'})
[2025-06-06 22:58:37] Récupération des données de vote pour Beautiful Eyes (URL: attractive-eyes, HEADER:{'User-Agent': 'Mozilla/5.0 (X11; Linux i686; rv:39.0) Gecko/20100101 Firefox/39.0', 'x-api-version': '8', 'x-env': 'WEB', 'X-requested-with': 'XMLHttpRequest', 'X-token': 'f96bbe3a7e7f833329e7129767a69abbfa6dfce3152e3c2a311eb49d89b5c3bb2b12b66b402f03dce682b8b2b6a005cd'})
[2025-06-06 22:58:37] Récupération des données de vote pour Beautiful Eyes (URL: attractive-eyes, HEADER:{'User-Agent': 'Mozilla/5.0 (X11; Linux i686; rv:39.0) Gecko/20100101 Firefox/39.0', 'x-api-version': '8', 'x-env': 'WEB', 'X-requested-with': 'XMLHttpRequest', 'X-token': 'f96bbe3a7e7f833329e7129767a69abbfa6dfce3152e3c2a311eb49d89b5c3bb2b12b66b402f03dce682b8b2b6a005cd'})
[2025-06-06 22:58:37] Récupération des données de vote pour Beautiful Eyes (URL: attractive-eyes, HEADER:{'User-Agent': 'Mozilla/5.0 (X11; Linux i686; rv:39.0) Gecko/20100101 Firefox/39.0', 'x-api-version': '8', 'x-env': 'WEB', 'X-requested-with': 'XMLHttpRequest', 'X-token': 'f96bbe3a7e7f833329e7129767a69abbfa6dfce3152e3c2a311eb49d89b5c3bb2b12b66b402f03dce682b8b2b6a005cd'})
[2025-06-06 22:58:37] Récupération des données de vote pour Beautiful Eyes (URL: attractive-eyes, HEADER:{'User-Agent': 'Mozilla/5.0 (X11; Linux i686; rv:39.0) Gecko/20100101 Firefox/39.0', 'x-api-version': '8', 'x-env': 'WEB', 'X-requested-with': 'XMLHttpRequest', 'X-token': 'f96bbe3a7e7f833329e7129767a69abbfa6dfce3152e3c2a311eb49d89b5c3bb2b12b66b402f03dce682b8b2b6a005cd'})
[2025-06-06 22:58:37] Récupération des données de vote pour Beautiful Eyes (URL: attractive-eyes, HEADER:{'User-Agent': 'Mozilla/5.0 (X11; Linux i686; rv:39.0) Gecko/20100101 Firefox/39.0', 'x-api-version': '8', 'x-env': 'WEB', 'X-requested-with': 'XMLHttpRequest', 'X-token': 'f96bbe3a7e7f833329e7129767a69abbfa6dfce3152e3c2a311eb49d89b5c3bb2b12b66b402f03dce682b8b2b6a005cd'})
[2025-06-06 22:58:37] Récupération des données de vote pour Ultimate Exposure (URL: ultimate-exposure80, HEADER:{'User-Agent': 'Mozilla/5.0 (X11; Linux i686; rv:39.0) Gecko/20100101 Firefox/39.0', 'x-api-version': '8', 'x-env': 'WEB', 'X-requested-with': 'XMLHttpRequest', 'X-token': 'f96bbe3a7e7f833329e7129767a69abbfa6dfce3152e3c2a311eb49d89b5c3bb2b12b66b402f03dce682b8b2b6a005cd'})
[2025-06-06 22:58:37] Récupération des données de vote pour Ultimate Exposure (URL: ultimate-exposure80, HEADER:{'User-Agent': 'Mozilla/5.0 (X11; Linux i686; rv:39.0) Gecko/20100101 Firefox/39.0', 'x-api-version': '8', 'x-env': 'WEB', 'X-requested-with': 'XMLHttpRequest', 'X-token': 'f96bbe3a7e7f833329e7129767a69abbfa6dfce3152e3c2a311eb49d89b5c3bb2b12b66b402f03dce682b8b2b6a005cd'})
[2025-06-06 22:58:37] Récupération des données de vote pour Ultimate Exposure (URL: ultimate-exposure80, HEADER:{'User-Agent': 'Mozilla/5.0 (X11; Linux i686; rv:39.0) Gecko/20100101 Firefox/39.0', 'x-api-version': '8', 'x-env': 'WEB', 'X-requested-with': 'XMLHttpRequest', 'X-token': 'f96bbe3a7e7f833329e7129767a69abbfa6dfce3152e3c2a311eb49d89b5c3bb2b12b66b402f03dce682b8b2b6a005cd'})
[2025-06-06 22:58:37] Récupération des données de vote pour Ultimate Exposure (URL: ultimate-exposure80, HEADER:{'User-Agent': 'Mozilla/5.0 (X11; Linux i686; rv:39.0) Gecko/20100101 Firefox/39.0', 'x-api-version': '8', 'x-env': 'WEB', 'X-requested-with': 'XMLHttpRequest', 'X-token': 'f96bbe3a7e7f833329e7129767a69abbfa6dfce3152e3c2a311eb49d89b5c3bb2b12b66b402f03dce682b8b2b6a005cd'})
[2025-06-06 22:58:37] Récupération des données de vote pour Ultimate Exposure (URL: ultimate-exposure80, HEADER:{'User-Agent': 'Mozilla/5.0 (X11; Linux i686; rv:39.0) Gecko/20100101 Firefox/39.0', 'x-api-version': '8', 'x-env': 'WEB', 'X-requested-with': 'XMLHttpRequest', 'X-token': 'f96bbe3a7e7f833329e7129767a69abbfa6dfce3152e3c2a311eb49d89b5c3bb2b12b66b402f03dce682b8b2b6a005cd'})
[2025-06-06 22:58:37] Récupération des données de vote pour Ultimate Exposure (URL: ultimate-exposure80, HEADER:{'User-Agent': 'Mozilla/5.0 (X11; Linux i686; rv:39.0) Gecko/20100101 Firefox/39.0', 'x-api-version': '8', 'x-env': 'WEB', 'X-requested-with': 'XMLHttpRequest', 'X-token': 'f96bbe3a7e7f833329e7129767a69abbfa6dfce3152e3c2a311eb49d89b5c3bb2b12b66b402f03dce682b8b2b6a005cd'})
[2025-06-06 22:58:37] Récupération des données de vote pour Ultimate Exposure (URL: ultimate-exposure80, HEADER:{'User-Agent': 'Mozilla/5.0 (X11; Linux i686; rv:39.0) Gecko/20100101 Firefox/39.0', 'x-api-version': '8', 'x-env': 'WEB', 'X-requested-with': 'XMLHttpRequest', 'X-token': 'f96bbe3a7e7f833329e7129767a69abbfa6dfce3152e3c2a311eb49d89b5c3bb2b12b66b402f03dce682b8b2b6a005cd'})
[2025-06-06 22:58:37] Récupération des données de vote pour Best of Black & White (URL: best-of-black-white29, HEADER:{'User-Agent': 'Mozilla/5.0 (X11; Linux i686; rv:39.0) Gecko/20100101 Firefox/39.0', 'x-api-version': '8', 'x-env': 'WEB', 'X-requested-with': 'XMLHttpRequest', 'X-token': 'f96bbe3a7e7f833329e7129767a69abbfa6dfce3152e3c2a311eb49d89b5c3bb2b12b66b402f03dce682b8b2b6a005cd'})
[2025-06-06 22:58:37] Récupération des données de vote pour Best of Black & White (URL: best-of-black-white29, HEADER:{'User-Agent': 'Mozilla/5.0 (X11; Linux i686; rv:39.0) Gecko/20100101 Firefox/39.0', 'x-api-version': '8', 'x-env': 'WEB', 'X-requested-with': 'XMLHttpRequest', 'X-token': 'f96bbe3a7e7f833329e7129767a69abbfa6dfce3152e3c2a311eb49d89b5c3bb2b12b66b402f03dce682b8b2b6a005cd'})
[2025-06-06 22:58:37] Récupération des données de vote pour Best of Black & White (URL: best-of-black-white29, HEADER:{'User-Agent': 'Mozilla/5.0 (X11; Linux i686; rv:39.0) Gecko/20100101 Firefox/39.0', 'x-api-version': '8', 'x-env': 'WEB', 'X-requested-with': 'XMLHttpRequest', 'X-token': 'f96bbe3a7e7f833329e7129767a69abbfa6dfce3152e3c2a311eb49d89b5c3bb2b12b66b402f03dce682b8b2b6a005cd'})
[2025-06-06 22:58:37] Récupération des données de vote pour Best of Black & White (URL: best-of-black-white29, HEADER:{'User-Agent': 'Mozilla/5.0 (X11; Linux i686; rv:39.0) Gecko/20100101 Firefox/39.0', 'x-api-version': '8', 'x-env': 'WEB', 'X-requested-with': 'XMLHttpRequest', 'X-token': 'f96bbe3a7e7f833329e7129767a69abbfa6dfce3152e3c2a311eb49d89b5c3bb2b12b66b402f03dce682b8b2b6a005cd'})
[2025-06-06 22:58:37] Récupération des données de vote pour Best of Black & White (URL: best-of-black-white29, HEADER:{'User-Agent': 'Mozilla/5.0 (X11; Linux i686; rv:39.0) Gecko/20100101 Firefox/39.0', 'x-api-version': '8', 'x-env': 'WEB', 'X-requested-with': 'XMLHttpRequest', 'X-token': 'f96bbe3a7e7f833329e7129767a69abbfa6dfce3152e3c2a311eb49d89b5c3bb2b12b66b402f03dce682b8b2b6a005cd'})
[2025-06-06 22:58:37] Récupération des données de vote pour Best of Black & White (URL: best-of-black-white29, HEADER:{'User-Agent': 'Mozilla/5.0 (X11; Linux i686; rv:39.0) Gecko/20100101 Firefox/39.0', 'x-api-version': '8', 'x-env': 'WEB', 'X-requested-with': 'XMLHttpRequest', 'X-token': 'f96bbe3a7e7f833329e7129767a69abbfa6dfce3152e3c2a311eb49d89b5c3bb2b12b66b402f03dce682b8b2b6a005cd'})
[2025-06-06 22:58:37] Récupération des données de vote pour Best of Black & White (URL: best-of-black-white29, HEADER:{'User-Agent': 'Mozilla/5.0 (X11; Linux i686; rv:39.0) Gecko/20100101 Firefox/39.0', 'x-api-version': '8', 'x-env': 'WEB', 'X-requested-with': 'XMLHttpRequest', 'X-token': 'f96bbe3a7e7f833329e7129767a69abbfa6dfce3152e3c2a311eb49d89b5c3bb2b12b66b402f03dce682b8b2b6a005cd'})
[2025-06-06 22:58:37] Récupération des données de vote pour The 7 Sins (URL: the-7-sins, HEADER:{'User-Agent': 'Mozilla/5.0 (X11; Linux i686; rv:39.0) Gecko/20100101 Firefox/39.0', 'x-api-version': '8', 'x-env': 'WEB', 'X-requested-with': 'XMLHttpRequest', 'X-token': 'f96bbe3a7e7f833329e7129767a69abbfa6dfce3152e3c2a311eb49d89b5c3bb2b12b66b402f03dce682b8b2b6a005cd'})
[2025-06-06 22:58:37] Récupération des données de vote pour The 7 Sins (URL: the-7-sins, HEADER:{'User-Agent': 'Mozilla/5.0 (X11; Linux i686; rv:39.0) Gecko/20100101 Firefox/39.0', 'x-api-version': '8', 'x-env': 'WEB', 'X-requested-with': 'XMLHttpRequest', 'X-token': 'f96bbe3a7e7f833329e7129767a69abbfa6dfce3152e3c2a311eb49d89b5c3bb2b12b66b402f03dce682b8b2b6a005cd'})
[2025-06-06 22:58:37] Récupération des données de vote pour The 7 Sins (URL: the-7-sins, HEADER:{'User-Agent': 'Mozilla/5.0 (X11; Linux i686; rv:39.0) Gecko/20100101 Firefox/39.0', 'x-api-version': '8', 'x-env': 'WEB', 'X-requested-with': 'XMLHttpRequest', 'X-token': 'f96bbe3a7e7f833329e7129767a69abbfa6dfce3152e3c2a311eb49d89b5c3bb2b12b66b402f03dce682b8b2b6a005cd'})
[2025-06-06 22:58:37] Récupération des données de vote pour The 7 Sins (URL: the-7-sins, HEADER:{'User-Agent': 'Mozilla/5.0 (X11; Linux i686; rv:39.0) Gecko/20100101 Firefox/39.0', 'x-api-version': '8', 'x-env': 'WEB', 'X-requested-with': 'XMLHttpRequest', 'X-token': 'f96bbe3a7e7f833329e7129767a69abbfa6dfce3152e3c2a311eb49d89b5c3bb2b12b66b402f03dce682b8b2b6a005cd'})
[2025-06-06 22:58:37] Récupération des données de vote pour The 7 Sins (URL: the-7-sins, HEADER:{'User-Agent': 'Mozilla/5.0 (X11; Linux i686; rv:39.0) Gecko/20100101 Firefox/39.0', 'x-api-version': '8', 'x-env': 'WEB', 'X-requested-with': 'XMLHttpRequest', 'X-token': 'f96bbe3a7e7f833329e7129767a69abbfa6dfce3152e3c2a311eb49d89b5c3bb2b12b66b402f03dce682b8b2b6a005cd'})
[2025-06-06 22:58:37] Récupération des données de vote pour The 7 Sins (URL: the-7-sins, HEADER:{'User-Agent': 'Mozilla/5.0 (X11; Linux i686; rv:39.0) Gecko/20100101 Firefox/39.0', 'x-api-version': '8', 'x-env': 'WEB', 'X-requested-with': 'XMLHttpRequest', 'X-token': 'f96bbe3a7e7f833329e7129767a69abbfa6dfce3152e3c2a311eb49d89b5c3bb2b12b66b402f03dce682b8b2b6a005cd'})
[2025-06-06 22:58:37] Récupération des données de vote pour The 7 Sins (URL: the-7-sins, HEADER:{'User-Agent': 'Mozilla/5.0 (X11; Linux i686; rv:39.0) Gecko/20100101 Firefox/39.0', 'x-api-version': '8', 'x-env': 'WEB', 'X-requested-with': 'XMLHttpRequest', 'X-token': 'f96bbe3a7e7f833329e7129767a69abbfa6dfce3152e3c2a311eb49d89b5c3bb2b12b66b402f03dce682b8b2b6a005cd'})
[2025-06-06 22:58:37] Récupération des données de vote pour The Letter "S" (URL: the-letter-s-, HEADER:{'User-Agent': 'Mozilla/5.0 (X11; Linux i686; rv:39.0) Gecko/20100101 Firefox/39.0', 'x-api-version': '8', 'x-env': 'WEB', 'X-requested-with': 'XMLHttpRequest', 'X-token': 'f96bbe3a7e7f833329e7129767a69abbfa6dfce3152e3c2a311eb49d89b5c3bb2b12b66b402f03dce682b8b2b6a005cd'})
[2025-06-06 22:58:37] Récupération des données de vote pour The Letter "S" (URL: the-letter-s-, HEADER:{'User-Agent': 'Mozilla/5.0 (X11; Linux i686; rv:39.0) Gecko/20100101 Firefox/39.0', 'x-api-version': '8', 'x-env': 'WEB', 'X-requested-with': 'XMLHttpRequest', 'X-token': 'f96bbe3a7e7f833329e7129767a69abbfa6dfce3152e3c2a311eb49d89b5c3bb2b12b66b402f03dce682b8b2b6a005cd'})
[2025-06-06 22:58:37] Récupération des données de vote pour The Letter "S" (URL: the-letter-s-, HEADER:{'User-Agent': 'Mozilla/5.0 (X11; Linux i686; rv:39.0) Gecko/20100101 Firefox/39.0', 'x-api-version': '8', 'x-env': 'WEB', 'X-requested-with': 'XMLHttpRequest', 'X-token': 'f96bbe3a7e7f833329e7129767a69abbfa6dfce3152e3c2a311eb49d89b5c3bb2b12b66b402f03dce682b8b2b6a005cd'})
[2025-06-06 22:58:37] Récupération des données de vote pour The Letter "S" (URL: the-letter-s-, HEADER:{'User-Agent': 'Mozilla/5.0 (X11; Linux i686; rv:39.0) Gecko/20100101 Firefox/39.0', 'x-api-version': '8', 'x-env': 'WEB', 'X-requested-with': 'XMLHttpRequest', 'X-token': 'f96bbe3a7e7f833329e7129767a69abbfa6dfce3152e3c2a311eb49d89b5c3bb2b12b66b402f03dce682b8b2b6a005cd'})
[2025-06-06 22:58:37] Récupération des données de vote pour The Letter "S" (URL: the-letter-s-, HEADER:{'User-Agent': 'Mozilla/5.0 (X11; Linux i686; rv:39.0) Gecko/20100101 Firefox/39.0', 'x-api-version': '8', 'x-env': 'WEB', 'X-requested-with': 'XMLHttpRequest', 'X-token': 'f96bbe3a7e7f833329e7129767a69abbfa6dfce3152e3c2a311eb49d89b5c3bb2b12b66b402f03dce682b8b2b6a005cd'})
[2025-06-06 22:58:37] Récupération des données de vote pour The Letter "S" (URL: the-letter-s-, HEADER:{'User-Agent': 'Mozilla/5.0 (X11; Linux i686; rv:39.0) Gecko/20100101 Firefox/39.0', 'x-api-version': '8', 'x-env': 'WEB', 'X-requested-with': 'XMLHttpRequest', 'X-token': 'f96bbe3a7e7f833329e7129767a69abbfa6dfce3152e3c2a311eb49d89b5c3bb2b12b66b402f03dce682b8b2b6a005cd'})
[2025-06-06 22:58:37] Récupération des données de vote pour The Letter "S" (URL: the-letter-s-, HEADER:{'User-Agent': 'Mozilla/5.0 (X11; Linux i686; rv:39.0) Gecko/20100101 Firefox/39.0', 'x-api-version': '8', 'x-env': 'WEB', 'X-requested-with': 'XMLHttpRequest', 'X-token': 'f96bbe3a7e7f833329e7129767a69abbfa6dfce3152e3c2a311eb49d89b5c3bb2b12b66b402f03dce682b8b2b6a005cd'})
[2025-06-06 22:58:37] Récupération des données de vote pour Fields and Meadows (URL: fields-and-meadows44, HEADER:{'User-Agent': 'Mozilla/5.0 (X11; Linux i686; rv:39.0) Gecko/20100101 Firefox/39.0', 'x-api-version': '8', 'x-env': 'WEB', 'X-requested-with': 'XMLHttpRequest', 'X-token': 'f96bbe3a7e7f833329e7129767a69abbfa6dfce3152e3c2a311eb49d89b5c3bb2b12b66b402f03dce682b8b2b6a005cd'})
[2025-06-06 22:58:37] Récupération des données de vote pour Fields and Meadows (URL: fields-and-meadows44, HEADER:{'User-Agent': 'Mozilla/5.0 (X11; Linux i686; rv:39.0) Gecko/20100101 Firefox/39.0', 'x-api-version': '8', 'x-env': 'WEB', 'X-requested-with': 'XMLHttpRequest', 'X-token': 'f96bbe3a7e7f833329e7129767a69abbfa6dfce3152e3c2a311eb49d89b5c3bb2b12b66b402f03dce682b8b2b6a005cd'})
[2025-06-06 22:58:38] Récupération des données de vote pour Fields and Meadows (URL: fields-and-meadows44, HEADER:{'User-Agent': 'Mozilla/5.0 (X11; Linux i686; rv:39.0) Gecko/20100101 Firefox/39.0', 'x-api-version': '8', 'x-env': 'WEB', 'X-requested-with': 'XMLHttpRequest', 'X-token': 'f96bbe3a7e7f833329e7129767a69abbfa6dfce3152e3c2a311eb49d89b5c3bb2b12b66b402f03dce682b8b2b6a005cd'})
[2025-06-06 22:58:38] Récupération des données de vote pour Fields and Meadows (URL: fields-and-meadows44, HEADER:{'User-Agent': 'Mozilla/5.0 (X11; Linux i686; rv:39.0) Gecko/20100101 Firefox/39.0', 'x-api-version': '8', 'x-env': 'WEB', 'X-requested-with': 'XMLHttpRequest', 'X-token': 'f96bbe3a7e7f833329e7129767a69abbfa6dfce3152e3c2a311eb49d89b5c3bb2b12b66b402f03dce682b8b2b6a005cd'})
[2025-06-06 22:58:38] Récupération des données de vote pour Fields and Meadows (URL: fields-and-meadows44, HEADER:{'User-Agent': 'Mozilla/5.0 (X11; Linux i686; rv:39.0) Gecko/20100101 Firefox/39.0', 'x-api-version': '8', 'x-env': 'WEB', 'X-requested-with': 'XMLHttpRequest', 'X-token': 'f96bbe3a7e7f833329e7129767a69abbfa6dfce3152e3c2a311eb49d89b5c3bb2b12b66b402f03dce682b8b2b6a005cd'})
[2025-06-06 22:58:38] Récupération des données de vote pour Fields and Meadows (URL: fields-and-meadows44, HEADER:{'User-Agent': 'Mozilla/5.0 (X11; Linux i686; rv:39.0) Gecko/20100101 Firefox/39.0', 'x-api-version': '8', 'x-env': 'WEB', 'X-requested-with': 'XMLHttpRequest', 'X-token': 'f96bbe3a7e7f833329e7129767a69abbfa6dfce3152e3c2a311eb49d89b5c3bb2b12b66b402f03dce682b8b2b6a005cd'})
[2025-06-06 22:58:38] Récupération des données de vote pour Fields and Meadows (URL: fields-and-meadows44, HEADER:{'User-Agent': 'Mozilla/5.0 (X11; Linux i686; rv:39.0) Gecko/20100101 Firefox/39.0', 'x-api-version': '8', 'x-env': 'WEB', 'X-requested-with': 'XMLHttpRequest', 'X-token': 'f96bbe3a7e7f833329e7129767a69abbfa6dfce3152e3c2a311eb49d89b5c3bb2b12b66b402f03dce682b8b2b6a005cd'})
[2025-06-06 22:58:38] Récupération des données de vote pour Bridges (URL: bridges35, HEADER:{'User-Agent': 'Mozilla/5.0 (X11; Linux i686; rv:39.0) Gecko/20100101 Firefox/39.0', 'x-api-version': '8', 'x-env': 'WEB', 'X-requested-with': 'XMLHttpRequest', 'X-token': 'f96bbe3a7e7f833329e7129767a69abbfa6dfce3152e3c2a311eb49d89b5c3bb2b12b66b402f03dce682b8b2b6a005cd'})
[2025-06-06 22:58:38] Récupération des données de vote pour Bridges (URL: bridges35, HEADER:{'User-Agent': 'Mozilla/5.0 (X11; Linux i686; rv:39.0) Gecko/20100101 Firefox/39.0', 'x-api-version': '8', 'x-env': 'WEB', 'X-requested-with': 'XMLHttpRequest', 'X-token': 'f96bbe3a7e7f833329e7129767a69abbfa6dfce3152e3c2a311eb49d89b5c3bb2b12b66b402f03dce682b8b2b6a005cd'})
[2025-06-06 22:58:38] Récupération des données de vote pour Bridges (URL: bridges35, HEADER:{'User-Agent': 'Mozilla/5.0 (X11; Linux i686; rv:39.0) Gecko/20100101 Firefox/39.0', 'x-api-version': '8', 'x-env': 'WEB', 'X-requested-with': 'XMLHttpRequest', 'X-token': 'f96bbe3a7e7f833329e7129767a69abbfa6dfce3152e3c2a311eb49d89b5c3bb2b12b66b402f03dce682b8b2b6a005cd'})
[2025-06-06 22:58:38] Récupération des données de vote pour Bridges (URL: bridges35, HEADER:{'User-Agent': 'Mozilla/5.0 (X11; Linux i686; rv:39.0) Gecko/20100101 Firefox/39.0', 'x-api-version': '8', 'x-env': 'WEB', 'X-requested-with': 'XMLHttpRequest', 'X-token': 'f96bbe3a7e7f833329e7129767a69abbfa6dfce3152e3c2a311eb49d89b5c3bb2b12b66b402f03dce682b8b2b6a005cd'})
[2025-06-06 22:58:38] Récupération des données de vote pour Bridges (URL: bridges35, HEADER:{'User-Agent': 'Mozilla/5.0 (X11; Linux i686; rv:39.0) Gecko/20100101 Firefox/39.0', 'x-api-version': '8', 'x-env': 'WEB', 'X-requested-with': 'XMLHttpRequest', 'X-token': 'f96bbe3a7e7f833329e7129767a69abbfa6dfce3152e3c2a311eb49d89b5c3bb2b12b66b402f03dce682b8b2b6a005cd'})
[2025-06-06 22:58:38] Récupération des données de vote pour Bridges (URL: bridges35, HEADER:{'User-Agent': 'Mozilla/5.0 (X11; Linux i686; rv:39.0) Gecko/20100101 Firefox/39.0', 'x-api-version': '8', 'x-env': 'WEB', 'X-requested-with': 'XMLHttpRequest', 'X-token': 'f96bbe3a7e7f833329e7129767a69abbfa6dfce3152e3c2a311eb49d89b5c3bb2b12b66b402f03dce682b8b2b6a005cd'})
[2025-06-06 22:58:38] Récupération des données de vote pour Bridges (URL: bridges35, HEADER:{'User-Agent': 'Mozilla/5.0 (X11; Linux i686; rv:39.0) Gecko/20100101 Firefox/39.0', 'x-api-version': '8', 'x-env': 'WEB', 'X-requested-with': 'XMLHttpRequest', 'X-token': 'f96bbe3a7e7f833329e7129767a69abbfa6dfce3152e3c2a311eb49d89b5c3bb2b12b66b402f03dce682b8b2b6a005cd'})
[2025-06-06 22:58:38] Récupération des données de vote pour Solo - Single Subject (URL: solo-single-subject32, HEADER:{'User-Agent': 'Mozilla/5.0 (X11; Linux i686; rv:39.0) Gecko/20100101 Firefox/39.0', 'x-api-version': '8', 'x-env': 'WEB', 'X-requested-with': 'XMLHttpRequest', 'X-token': 'f96bbe3a7e7f833329e7129767a69abbfa6dfce3152e3c2a311eb49d89b5c3bb2b12b66b402f03dce682b8b2b6a005cd'})
[2025-06-06 22:58:38] Récupération des données de vote pour Solo - Single Subject (URL: solo-single-subject32, HEADER:{'User-Agent': 'Mozilla/5.0 (X11; Linux i686; rv:39.0) Gecko/20100101 Firefox/39.0', 'x-api-version': '8', 'x-env': 'WEB', 'X-requested-with': 'XMLHttpRequest', 'X-token': 'f96bbe3a7e7f833329e7129767a69abbfa6dfce3152e3c2a311eb49d89b5c3bb2b12b66b402f03dce682b8b2b6a005cd'})
[2025-06-06 22:58:38] Récupération des données de vote pour Solo - Single Subject (URL: solo-single-subject32, HEADER:{'User-Agent': 'Mozilla/5.0 (X11; Linux i686; rv:39.0) Gecko/20100101 Firefox/39.0', 'x-api-version': '8', 'x-env': 'WEB', 'X-requested-with': 'XMLHttpRequest', 'X-token': 'f96bbe3a7e7f833329e7129767a69abbfa6dfce3152e3c2a311eb49d89b5c3bb2b12b66b402f03dce682b8b2b6a005cd'})
[2025-06-06 22:58:38] Récupération des données de vote pour Solo - Single Subject (URL: solo-single-subject32, HEADER:{'User-Agent': 'Mozilla/5.0 (X11; Linux i686; rv:39.0) Gecko/20100101 Firefox/39.0', 'x-api-version': '8', 'x-env': 'WEB', 'X-requested-with': 'XMLHttpRequest', 'X-token': 'f96bbe3a7e7f833329e7129767a69abbfa6dfce3152e3c2a311eb49d89b5c3bb2b12b66b402f03dce682b8b2b6a005cd'})
[2025-06-06 22:58:38] Récupération des données de vote pour Solo - Single Subject (URL: solo-single-subject32, HEADER:{'User-Agent': 'Mozilla/5.0 (X11; Linux i686; rv:39.0) Gecko/20100101 Firefox/39.0', 'x-api-version': '8', 'x-env': 'WEB', 'X-requested-with': 'XMLHttpRequest', 'X-token': 'f96bbe3a7e7f833329e7129767a69abbfa6dfce3152e3c2a311eb49d89b5c3bb2b12b66b402f03dce682b8b2b6a005cd'})
[2025-06-06 22:58:38] Récupération des données de vote pour Solo - Single Subject (URL: solo-single-subject32, HEADER:{'User-Agent': 'Mozilla/5.0 (X11; Linux i686; rv:39.0) Gecko/20100101 Firefox/39.0', 'x-api-version': '8', 'x-env': 'WEB', 'X-requested-with': 'XMLHttpRequest', 'X-token': 'f96bbe3a7e7f833329e7129767a69abbfa6dfce3152e3c2a311eb49d89b5c3bb2b12b66b402f03dce682b8b2b6a005cd'})
[2025-06-06 22:58:38] Récupération des données de vote pour Solo - Single Subject (URL: solo-single-subject32, HEADER:{'User-Agent': 'Mozilla/5.0 (X11; Linux i686; rv:39.0) Gecko/20100101 Firefox/39.0', 'x-api-version': '8', 'x-env': 'WEB', 'X-requested-with': 'XMLHttpRequest', 'X-token': 'f96bbe3a7e7f833329e7129767a69abbfa6dfce3152e3c2a311eb49d89b5c3bb2b12b66b402f03dce682b8b2b6a005cd'})
[2025-06-06 22:58:38] Récupération des données de vote pour Photographer of the Week (URL: photographer-of-the-week211, HEADER:{'User-Agent': 'Mozilla/5.0 (X11; Linux i686; rv:39.0) Gecko/20100101 Firefox/39.0', 'x-api-version': '8', 'x-env': 'WEB', 'X-requested-with': 'XMLHttpRequest', 'X-token': 'f96bbe3a7e7f833329e7129767a69abbfa6dfce3152e3c2a311eb49d89b5c3bb2b12b66b402f03dce682b8b2b6a005cd'})
[2025-06-06 22:58:38] Récupération des données de vote pour Photographer of the Week (URL: photographer-of-the-week211, HEADER:{'User-Agent': 'Mozilla/5.0 (X11; Linux i686; rv:39.0) Gecko/20100101 Firefox/39.0', 'x-api-version': '8', 'x-env': 'WEB', 'X-requested-with': 'XMLHttpRequest', 'X-token': 'f96bbe3a7e7f833329e7129767a69abbfa6dfce3152e3c2a311eb49d89b5c3bb2b12b66b402f03dce682b8b2b6a005cd'})
[2025-06-06 22:58:38] Récupération des données de vote pour Photographer of the Week (URL: photographer-of-the-week211, HEADER:{'User-Agent': 'Mozilla/5.0 (X11; Linux i686; rv:39.0) Gecko/20100101 Firefox/39.0', 'x-api-version': '8', 'x-env': 'WEB', 'X-requested-with': 'XMLHttpRequest', 'X-token': 'f96bbe3a7e7f833329e7129767a69abbfa6dfce3152e3c2a311eb49d89b5c3bb2b12b66b402f03dce682b8b2b6a005cd'})
[2025-06-06 22:58:38] Récupération des données de vote pour Photographer of the Week (URL: photographer-of-the-week211, HEADER:{'User-Agent': 'Mozilla/5.0 (X11; Linux i686; rv:39.0) Gecko/20100101 Firefox/39.0', 'x-api-version': '8', 'x-env': 'WEB', 'X-requested-with': 'XMLHttpRequest', 'X-token': 'f96bbe3a7e7f833329e7129767a69abbfa6dfce3152e3c2a311eb49d89b5c3bb2b12b66b402f03dce682b8b2b6a005cd'})
[2025-06-06 22:58:38] Récupération des données de vote pour Photographer of the Week (URL: photographer-of-the-week211, HEADER:{'User-Agent': 'Mozilla/5.0 (X11; Linux i686; rv:39.0) Gecko/20100101 Firefox/39.0', 'x-api-version': '8', 'x-env': 'WEB', 'X-requested-with': 'XMLHttpRequest', 'X-token': 'f96bbe3a7e7f833329e7129767a69abbfa6dfce3152e3c2a311eb49d89b5c3bb2b12b66b402f03dce682b8b2b6a005cd'})
[2025-06-06 22:58:38] Récupération des données de vote pour Photographer of the Week (URL: photographer-of-the-week211, HEADER:{'User-Agent': 'Mozilla/5.0 (X11; Linux i686; rv:39.0) Gecko/20100101 Firefox/39.0', 'x-api-version': '8', 'x-env': 'WEB', 'X-requested-with': 'XMLHttpRequest', 'X-token': 'f96bbe3a7e7f833329e7129767a69abbfa6dfce3152e3c2a311eb49d89b5c3bb2b12b66b402f03dce682b8b2b6a005cd'})
[2025-06-06 22:58:38] Récupération des données de vote pour Photographer of the Week (URL: photographer-of-the-week211, HEADER:{'User-Agent': 'Mozilla/5.0 (X11; Linux i686; rv:39.0) Gecko/20100101 Firefox/39.0', 'x-api-version': '8', 'x-env': 'WEB', 'X-requested-with': 'XMLHttpRequest', 'X-token': 'f96bbe3a7e7f833329e7129767a69abbfa6dfce3152e3c2a311eb49d89b5c3bb2b12b66b402f03dce682b8b2b6a005cd'})
[2025-06-06 22:58:38] Récupération des données de vote pour Gurus Only! (URL: gurus-only-73, HEADER:{'User-Agent': 'Mozilla/5.0 (X11; Linux i686; rv:39.0) Gecko/20100101 Firefox/39.0', 'x-api-version': '8', 'x-env': 'WEB', 'X-requested-with': 'XMLHttpRequest', 'X-token': 'f96bbe3a7e7f833329e7129767a69abbfa6dfce3152e3c2a311eb49d89b5c3bb2b12b66b402f03dce682b8b2b6a005cd'})
[2025-06-06 22:58:38] Récupération des données de vote pour Gurus Only! (URL: gurus-only-73, HEADER:{'User-Agent': 'Mozilla/5.0 (X11; Linux i686; rv:39.0) Gecko/20100101 Firefox/39.0', 'x-api-version': '8', 'x-env': 'WEB', 'X-requested-with': 'XMLHttpRequest', 'X-token': 'f96bbe3a7e7f833329e7129767a69abbfa6dfce3152e3c2a311eb49d89b5c3bb2b12b66b402f03dce682b8b2b6a005cd'})
[2025-06-06 22:58:38] Récupération des données de vote pour Gurus Only! (URL: gurus-only-73, HEADER:{'User-Agent': 'Mozilla/5.0 (X11; Linux i686; rv:39.0) Gecko/20100101 Firefox/39.0', 'x-api-version': '8', 'x-env': 'WEB', 'X-requested-with': 'XMLHttpRequest', 'X-token': 'f96bbe3a7e7f833329e7129767a69abbfa6dfce3152e3c2a311eb49d89b5c3bb2b12b66b402f03dce682b8b2b6a005cd'})
[2025-06-06 22:58:38] Récupération des données de vote pour Gurus Only! (URL: gurus-only-73, HEADER:{'User-Agent': 'Mozilla/5.0 (X11; Linux i686; rv:39.0) Gecko/20100101 Firefox/39.0', 'x-api-version': '8', 'x-env': 'WEB', 'X-requested-with': 'XMLHttpRequest', 'X-token': 'f96bbe3a7e7f833329e7129767a69abbfa6dfce3152e3c2a311eb49d89b5c3bb2b12b66b402f03dce682b8b2b6a005cd'})
[2025-06-06 22:58:38] Récupération des données de vote pour Gurus Only! (URL: gurus-only-73, HEADER:{'User-Agent': 'Mozilla/5.0 (X11; Linux i686; rv:39.0) Gecko/20100101 Firefox/39.0', 'x-api-version': '8', 'x-env': 'WEB', 'X-requested-with': 'XMLHttpRequest', 'X-token': 'f96bbe3a7e7f833329e7129767a69abbfa6dfce3152e3c2a311eb49d89b5c3bb2b12b66b402f03dce682b8b2b6a005cd'})
[2025-06-06 22:58:38] Récupération des données de vote pour Gurus Only! (URL: gurus-only-73, HEADER:{'User-Agent': 'Mozilla/5.0 (X11; Linux i686; rv:39.0) Gecko/20100101 Firefox/39.0', 'x-api-version': '8', 'x-env': 'WEB', 'X-requested-with': 'XMLHttpRequest', 'X-token': 'f96bbe3a7e7f833329e7129767a69abbfa6dfce3152e3c2a311eb49d89b5c3bb2b12b66b402f03dce682b8b2b6a005cd'})
[2025-06-06 22:58:38] Récupération des données de vote pour Gurus Only! (URL: gurus-only-73, HEADER:{'User-Agent': 'Mozilla/5.0 (X11; Linux i686; rv:39.0) Gecko/20100101 Firefox/39.0', 'x-api-version': '8', 'x-env': 'WEB', 'X-requested-with': 'XMLHttpRequest', 'X-token': 'f96bbe3a7e7f833329e7129767a69abbfa6dfce3152e3c2a311eb49d89b5c3bb2b12b66b402f03dce682b8b2b6a005cd'})
[2025-06-06 22:58:38] Récupération des données de vote pour Humans In Nature (URL: humans-in-nature, HEADER:{'User-Agent': 'Mozilla/5.0 (X11; Linux i686; rv:39.0) Gecko/20100101 Firefox/39.0', 'x-api-version': '8', 'x-env': 'WEB', 'X-requested-with': 'XMLHttpRequest', 'X-token': 'f96bbe3a7e7f833329e7129767a69abbfa6dfce3152e3c2a311eb49d89b5c3bb2b12b66b402f03dce682b8b2b6a005cd'})
[2025-06-06 22:58:38] Récupération des données de vote pour Humans In Nature (URL: humans-in-nature, HEADER:{'User-Agent': 'Mozilla/5.0 (X11; Linux i686; rv:39.0) Gecko/20100101 Firefox/39.0', 'x-api-version': '8', 'x-env': 'WEB', 'X-requested-with': 'XMLHttpRequest', 'X-token': 'f96bbe3a7e7f833329e7129767a69abbfa6dfce3152e3c2a311eb49d89b5c3bb2b12b66b402f03dce682b8b2b6a005cd'})
[2025-06-06 22:58:38] Récupération des données de vote pour Humans In Nature (URL: humans-in-nature, HEADER:{'User-Agent': 'Mozilla/5.0 (X11; Linux i686; rv:39.0) Gecko/20100101 Firefox/39.0', 'x-api-version': '8', 'x-env': 'WEB', 'X-requested-with': 'XMLHttpRequest', 'X-token': 'f96bbe3a7e7f833329e7129767a69abbfa6dfce3152e3c2a311eb49d89b5c3bb2b12b66b402f03dce682b8b2b6a005cd'})
[2025-06-06 22:58:38] Récupération des données de vote pour Humans In Nature (URL: humans-in-nature, HEADER:{'User-Agent': 'Mozilla/5.0 (X11; Linux i686; rv:39.0) Gecko/20100101 Firefox/39.0', 'x-api-version': '8', 'x-env': 'WEB', 'X-requested-with': 'XMLHttpRequest', 'X-token': 'f96bbe3a7e7f833329e7129767a69abbfa6dfce3152e3c2a311eb49d89b5c3bb2b12b66b402f03dce682b8b2b6a005cd'})
[2025-06-06 22:58:38] Récupération des données de vote pour Humans In Nature (URL: humans-in-nature, HEADER:{'User-Agent': 'Mozilla/5.0 (X11; Linux i686; rv:39.0) Gecko/20100101 Firefox/39.0', 'x-api-version': '8', 'x-env': 'WEB', 'X-requested-with': 'XMLHttpRequest', 'X-token': 'f96bbe3a7e7f833329e7129767a69abbfa6dfce3152e3c2a311eb49d89b5c3bb2b12b66b402f03dce682b8b2b6a005cd'})
[2025-06-06 22:58:38] Récupération des données de vote pour Humans In Nature (URL: humans-in-nature, HEADER:{'User-Agent': 'Mozilla/5.0 (X11; Linux i686; rv:39.0) Gecko/20100101 Firefox/39.0', 'x-api-version': '8', 'x-env': 'WEB', 'X-requested-with': 'XMLHttpRequest', 'X-token': 'f96bbe3a7e7f833329e7129767a69abbfa6dfce3152e3c2a311eb49d89b5c3bb2b12b66b402f03dce682b8b2b6a005cd'})
[2025-06-06 22:58:38] Récupération des données de vote pour Humans In Nature (URL: humans-in-nature, HEADER:{'User-Agent': 'Mozilla/5.0 (X11; Linux i686; rv:39.0) Gecko/20100101 Firefox/39.0', 'x-api-version': '8', 'x-env': 'WEB', 'X-requested-with': 'XMLHttpRequest', 'X-token': 'f96bbe3a7e7f833329e7129767a69abbfa6dfce3152e3c2a311eb49d89b5c3bb2b12b66b402f03dce682b8b2b6a005cd'})
[2025-06-06 22:58:38] Récupération des données de vote pour Still Life (URL: still-life5, HEADER:{'User-Agent': 'Mozilla/5.0 (X11; Linux i686; rv:39.0) Gecko/20100101 Firefox/39.0', 'x-api-version': '8', 'x-env': 'WEB', 'X-requested-with': 'XMLHttpRequest', 'X-token': 'f96bbe3a7e7f833329e7129767a69abbfa6dfce3152e3c2a311eb49d89b5c3bb2b12b66b402f03dce682b8b2b6a005cd'})
[2025-06-06 22:58:38] Récupération des données de vote pour Still Life (URL: still-life5, HEADER:{'User-Agent': 'Mozilla/5.0 (X11; Linux i686; rv:39.0) Gecko/20100101 Firefox/39.0', 'x-api-version': '8', 'x-env': 'WEB', 'X-requested-with': 'XMLHttpRequest', 'X-token': 'f96bbe3a7e7f833329e7129767a69abbfa6dfce3152e3c2a311eb49d89b5c3bb2b12b66b402f03dce682b8b2b6a005cd'})
[2025-06-06 22:58:38] Récupération des données de vote pour Still Life (URL: still-life5, HEADER:{'User-Agent': 'Mozilla/5.0 (X11; Linux i686; rv:39.0) Gecko/20100101 Firefox/39.0', 'x-api-version': '8', 'x-env': 'WEB', 'X-requested-with': 'XMLHttpRequest', 'X-token': 'f96bbe3a7e7f833329e7129767a69abbfa6dfce3152e3c2a311eb49d89b5c3bb2b12b66b402f03dce682b8b2b6a005cd'})
[2025-06-06 22:58:38] Récupération des données de vote pour Still Life (URL: still-life5, HEADER:{'User-Agent': 'Mozilla/5.0 (X11; Linux i686; rv:39.0) Gecko/20100101 Firefox/39.0', 'x-api-version': '8', 'x-env': 'WEB', 'X-requested-with': 'XMLHttpRequest', 'X-token': 'f96bbe3a7e7f833329e7129767a69abbfa6dfce3152e3c2a311eb49d89b5c3bb2b12b66b402f03dce682b8b2b6a005cd'})
[2025-06-06 22:58:38] Récupération des données de vote pour Still Life (URL: still-life5, HEADER:{'User-Agent': 'Mozilla/5.0 (X11; Linux i686; rv:39.0) Gecko/20100101 Firefox/39.0', 'x-api-version': '8', 'x-env': 'WEB', 'X-requested-with': 'XMLHttpRequest', 'X-token': 'f96bbe3a7e7f833329e7129767a69abbfa6dfce3152e3c2a311eb49d89b5c3bb2b12b66b402f03dce682b8b2b6a005cd'})
[2025-06-06 22:58:38] Récupération des données de vote pour Still Life (URL: still-life5, HEADER:{'User-Agent': 'Mozilla/5.0 (X11; Linux i686; rv:39.0) Gecko/20100101 Firefox/39.0', 'x-api-version': '8', 'x-env': 'WEB', 'X-requested-with': 'XMLHttpRequest', 'X-token': 'f96bbe3a7e7f833329e7129767a69abbfa6dfce3152e3c2a311eb49d89b5c3bb2b12b66b402f03dce682b8b2b6a005cd'})
[2025-06-06 22:58:38] Récupération des données de vote pour Still Life (URL: still-life5, HEADER:{'User-Agent': 'Mozilla/5.0 (X11; Linux i686; rv:39.0) Gecko/20100101 Firefox/39.0', 'x-api-version': '8', 'x-env': 'WEB', 'X-requested-with': 'XMLHttpRequest', 'X-token': 'f96bbe3a7e7f833329e7129767a69abbfa6dfce3152e3c2a311eb49d89b5c3bb2b12b66b402f03dce682b8b2b6a005cd'})
[2025-06-06 22:58:38] Récupération des données de vote pour Guru of The Week (URL: guru-of-the-week36, HEADER:{'User-Agent': 'Mozilla/5.0 (X11; Linux i686; rv:39.0) Gecko/20100101 Firefox/39.0', 'x-api-version': '8', 'x-env': 'WEB', 'X-requested-with': 'XMLHttpRequest', 'X-token': 'f96bbe3a7e7f833329e7129767a69abbfa6dfce3152e3c2a311eb49d89b5c3bb2b12b66b402f03dce682b8b2b6a005cd'})
[2025-06-06 22:58:38] Récupération des données de vote pour Guru of The Week (URL: guru-of-the-week36, HEADER:{'User-Agent': 'Mozilla/5.0 (X11; Linux i686; rv:39.0) Gecko/20100101 Firefox/39.0', 'x-api-version': '8', 'x-env': 'WEB', 'X-requested-with': 'XMLHttpRequest', 'X-token': 'f96bbe3a7e7f833329e7129767a69abbfa6dfce3152e3c2a311eb49d89b5c3bb2b12b66b402f03dce682b8b2b6a005cd'})
[2025-06-06 22:58:38] Récupération des données de vote pour Guru of The Week (URL: guru-of-the-week36, HEADER:{'User-Agent': 'Mozilla/5.0 (X11; Linux i686; rv:39.0) Gecko/20100101 Firefox/39.0', 'x-api-version': '8', 'x-env': 'WEB', 'X-requested-with': 'XMLHttpRequest', 'X-token': 'f96bbe3a7e7f833329e7129767a69abbfa6dfce3152e3c2a311eb49d89b5c3bb2b12b66b402f03dce682b8b2b6a005cd'})
[2025-06-06 22:58:38] Récupération des données de vote pour Guru of The Week (URL: guru-of-the-week36, HEADER:{'User-Agent': 'Mozilla/5.0 (X11; Linux i686; rv:39.0) Gecko/20100101 Firefox/39.0', 'x-api-version': '8', 'x-env': 'WEB', 'X-requested-with': 'XMLHttpRequest', 'X-token': 'f96bbe3a7e7f833329e7129767a69abbfa6dfce3152e3c2a311eb49d89b5c3bb2b12b66b402f03dce682b8b2b6a005cd'})
[2025-06-06 22:58:38] Récupération des données de vote pour Guru of The Week (URL: guru-of-the-week36, HEADER:{'User-Agent': 'Mozilla/5.0 (X11; Linux i686; rv:39.0) Gecko/20100101 Firefox/39.0', 'x-api-version': '8', 'x-env': 'WEB', 'X-requested-with': 'XMLHttpRequest', 'X-token': 'f96bbe3a7e7f833329e7129767a69abbfa6dfce3152e3c2a311eb49d89b5c3bb2b12b66b402f03dce682b8b2b6a005cd'})
[2025-06-06 22:58:38] Récupération des données de vote pour Guru of The Week (URL: guru-of-the-week36, HEADER:{'User-Agent': 'Mozilla/5.0 (X11; Linux i686; rv:39.0) Gecko/20100101 Firefox/39.0', 'x-api-version': '8', 'x-env': 'WEB', 'X-requested-with': 'XMLHttpRequest', 'X-token': 'f96bbe3a7e7f833329e7129767a69abbfa6dfce3152e3c2a311eb49d89b5c3bb2b12b66b402f03dce682b8b2b6a005cd'})
[2025-06-06 22:58:38] Récupération des données de vote pour Guru of The Week (URL: guru-of-the-week36, HEADER:{'User-Agent': 'Mozilla/5.0 (X11; Linux i686; rv:39.0) Gecko/20100101 Firefox/39.0', 'x-api-version': '8', 'x-env': 'WEB', 'X-requested-with': 'XMLHttpRequest', 'X-token': 'f96bbe3a7e7f833329e7129767a69abbfa6dfce3152e3c2a311eb49d89b5c3bb2b12b66b402f03dce682b8b2b6a005cd'})
[2025-06-06 22:58:38] Récupération des données de vote pour Dramatic Lighting (URL: dramatic-lighting11, HEADER:{'User-Agent': 'Mozilla/5.0 (X11; Linux i686; rv:39.0) Gecko/20100101 Firefox/39.0', 'x-api-version': '8', 'x-env': 'WEB', 'X-requested-with': 'XMLHttpRequest', 'X-token': 'f96bbe3a7e7f833329e7129767a69abbfa6dfce3152e3c2a311eb49d89b5c3bb2b12b66b402f03dce682b8b2b6a005cd'})
[2025-06-06 22:58:38] Récupération des données de vote pour Dramatic Lighting (URL: dramatic-lighting11, HEADER:{'User-Agent': 'Mozilla/5.0 (X11; Linux i686; rv:39.0) Gecko/20100101 Firefox/39.0', 'x-api-version': '8', 'x-env': 'WEB', 'X-requested-with': 'XMLHttpRequest', 'X-token': 'f96bbe3a7e7f833329e7129767a69abbfa6dfce3152e3c2a311eb49d89b5c3bb2b12b66b402f03dce682b8b2b6a005cd'})
[2025-06-06 22:58:38] Récupération des données de vote pour Dramatic Lighting (URL: dramatic-lighting11, HEADER:{'User-Agent': 'Mozilla/5.0 (X11; Linux i686; rv:39.0) Gecko/20100101 Firefox/39.0', 'x-api-version': '8', 'x-env': 'WEB', 'X-requested-with': 'XMLHttpRequest', 'X-token': 'f96bbe3a7e7f833329e7129767a69abbfa6dfce3152e3c2a311eb49d89b5c3bb2b12b66b402f03dce682b8b2b6a005cd'})
[2025-06-06 22:58:38] Récupération des données de vote pour Dramatic Lighting (URL: dramatic-lighting11, HEADER:{'User-Agent': 'Mozilla/5.0 (X11; Linux i686; rv:39.0) Gecko/20100101 Firefox/39.0', 'x-api-version': '8', 'x-env': 'WEB', 'X-requested-with': 'XMLHttpRequest', 'X-token': 'f96bbe3a7e7f833329e7129767a69abbfa6dfce3152e3c2a311eb49d89b5c3bb2b12b66b402f03dce682b8b2b6a005cd'})
[2025-06-06 22:58:38] Récupération des données de vote pour Dramatic Lighting (URL: dramatic-lighting11, HEADER:{'User-Agent': 'Mozilla/5.0 (X11; Linux i686; rv:39.0) Gecko/20100101 Firefox/39.0', 'x-api-version': '8', 'x-env': 'WEB', 'X-requested-with': 'XMLHttpRequest', 'X-token': 'f96bbe3a7e7f833329e7129767a69abbfa6dfce3152e3c2a311eb49d89b5c3bb2b12b66b402f03dce682b8b2b6a005cd'})
[2025-06-06 23:02:56] Fetching challenges...
[2025-06-06 23:02:58] Challenges fetching ...
[2025-06-06 23:02:58] Lancement automatique des stratégies de fin pour 11 nouveaux challenges...
[2025-06-06 23:02:58] Nouveau challenge détecté pour bruno: The 7 Sins
[2025-06-06 23:02:58] Nouveau challenge détecté pour bruno: Photo of the Week!
[2025-06-06 23:02:58] Nouveau challenge détecté pour bruno: Still Life
[2025-06-06 23:02:58] Nouveau challenge détecté pour bruno: Beautiful Eyes
[2025-06-06 23:02:58] Nouveau challenge détecté pour bruno: Best of Black & White
[2025-06-06 23:02:58] Nouveau challenge détecté pour bruno: The Letter "S"
[2025-06-06 23:02:58] Nouveau challenge détecté pour bruno: Dramatic Lighting
[2025-06-06 23:02:58] Nouveau challenge détecté pour bruno: Fields and Meadows
[2025-06-06 23:02:58] Nouveau challenge détecté pour bruno: Joyous Laughter
[2025-06-06 23:02:58] Nouveau challenge détecté pour bruno: Ultimate Exposure
[2025-06-06 23:02:58] Nouveau challenge détecté pour bruno: Bridges
[2025-06-06 23:02:58] Challenges fetched successfully for bruno!
[2025-06-06 23:03:01] Sélection de tous les challenges

[2025-06-06 23:03:03] Beautiful Eyes get vote panel
[2025-06-06 23:03:03] Best of Black & White get vote panel
[2025-06-06 23:03:03] Ultimate Exposure get vote panel
[2025-06-06 23:03:03] The 7 Sins get vote panel
[2025-06-06 23:03:03] The Letter "S" get vote panel
[2025-06-06 23:03:03] Fields and Meadows get vote panel
[2025-06-06 23:03:03] Bridges get vote panel
[2025-06-06 23:03:03] Still Life get vote panel
[2025-06-06 23:03:03] Dramatic Lighting get vote panel
[2025-06-06 23:03:03] Photo of the Week! get vote panel
[2025-06-06 23:03:03] Joyous Laughter get vote panel
[2025-06-06 23:03:03] Filling challenges: {101573, 101222, 101734, 101608, 101578, 101586, 101587, 101466, 101789, 101790, 101599}
Filled Beautiful Eyes with strategy end4
Filled Best of Black & White with strategy end4
Filled Ultimate Exposure with strategy end4
Filled The 7 Sins with strategy end4
Filled The Letter "S" with strategy end4
Filled Fields and Meadows with strategy end4
Filled Bridges with strategy end4
Filled Still Life with strategy end4
Filled Dramatic Lighting with strategy end4
Filled Photo of the Week! with strategy end4
Filled Joyous Laughter with strategy end4

[2025-06-06 23:03:03] Récupération des données de vote pour Beautiful Eyes (URL: attractive-eyes, HEADER:{'User-Agent': 'Mozilla/5.0 (X11; Linux i686; rv:39.0) Gecko/20100101 Firefox/39.0', 'x-api-version': '8', 'x-env': 'WEB', 'X-requested-with': 'XMLHttpRequest', 'X-token': 'a1cad95a6d480c14f51dd0eba4914c8337b893c789ec6278bb440c7c9a673b162f042470c62684e6da2bd342ffea7777'})
[2025-06-06 23:03:03] Récupération des données de vote pour Best of Black & White (URL: best-of-black-white29, HEADER:{'User-Agent': 'Mozilla/5.0 (X11; Linux i686; rv:39.0) Gecko/20100101 Firefox/39.0', 'x-api-version': '8', 'x-env': 'WEB', 'X-requested-with': 'XMLHttpRequest', 'X-token': 'a1cad95a6d480c14f51dd0eba4914c8337b893c789ec6278bb440c7c9a673b162f042470c62684e6da2bd342ffea7777'})
[2025-06-06 23:03:03] Récupération des données de vote pour Ultimate Exposure (URL: ultimate-exposure80, HEADER:{'User-Agent': 'Mozilla/5.0 (X11; Linux i686; rv:39.0) Gecko/20100101 Firefox/39.0', 'x-api-version': '8', 'x-env': 'WEB', 'X-requested-with': 'XMLHttpRequest', 'X-token': 'a1cad95a6d480c14f51dd0eba4914c8337b893c789ec6278bb440c7c9a673b162f042470c62684e6da2bd342ffea7777'})
[2025-06-06 23:03:03] Récupération des données de vote pour The 7 Sins (URL: the-7-sins, HEADER:{'User-Agent': 'Mozilla/5.0 (X11; Linux i686; rv:39.0) Gecko/20100101 Firefox/39.0', 'x-api-version': '8', 'x-env': 'WEB', 'X-requested-with': 'XMLHttpRequest', 'X-token': 'a1cad95a6d480c14f51dd0eba4914c8337b893c789ec6278bb440c7c9a673b162f042470c62684e6da2bd342ffea7777'})
[2025-06-06 23:03:03] Récupération des données de vote pour The Letter "S" (URL: the-letter-s-, HEADER:{'User-Agent': 'Mozilla/5.0 (X11; Linux i686; rv:39.0) Gecko/20100101 Firefox/39.0', 'x-api-version': '8', 'x-env': 'WEB', 'X-requested-with': 'XMLHttpRequest', 'X-token': 'a1cad95a6d480c14f51dd0eba4914c8337b893c789ec6278bb440c7c9a673b162f042470c62684e6da2bd342ffea7777'})
[2025-06-06 23:03:03] Récupération des données de vote pour Fields and Meadows (URL: fields-and-meadows44, HEADER:{'User-Agent': 'Mozilla/5.0 (X11; Linux i686; rv:39.0) Gecko/20100101 Firefox/39.0', 'x-api-version': '8', 'x-env': 'WEB', 'X-requested-with': 'XMLHttpRequest', 'X-token': 'a1cad95a6d480c14f51dd0eba4914c8337b893c789ec6278bb440c7c9a673b162f042470c62684e6da2bd342ffea7777'})
[2025-06-06 23:03:03] Récupération des données de vote pour Bridges (URL: bridges35, HEADER:{'User-Agent': 'Mozilla/5.0 (X11; Linux i686; rv:39.0) Gecko/20100101 Firefox/39.0', 'x-api-version': '8', 'x-env': 'WEB', 'X-requested-with': 'XMLHttpRequest', 'X-token': 'a1cad95a6d480c14f51dd0eba4914c8337b893c789ec6278bb440c7c9a673b162f042470c62684e6da2bd342ffea7777'})
[2025-06-06 23:03:03] Récupération des données de vote pour Still Life (URL: still-life5, HEADER:{'User-Agent': 'Mozilla/5.0 (X11; Linux i686; rv:39.0) Gecko/20100101 Firefox/39.0', 'x-api-version': '8', 'x-env': 'WEB', 'X-requested-with': 'XMLHttpRequest', 'X-token': 'a1cad95a6d480c14f51dd0eba4914c8337b893c789ec6278bb440c7c9a673b162f042470c62684e6da2bd342ffea7777'})
[2025-06-06 23:03:03] Récupération des données de vote pour Dramatic Lighting (URL: dramatic-lighting11, HEADER:{'User-Agent': 'Mozilla/5.0 (X11; Linux i686; rv:39.0) Gecko/20100101 Firefox/39.0', 'x-api-version': '8', 'x-env': 'WEB', 'X-requested-with': 'XMLHttpRequest', 'X-token': 'a1cad95a6d480c14f51dd0eba4914c8337b893c789ec6278bb440c7c9a673b162f042470c62684e6da2bd342ffea7777'})
[2025-06-06 23:03:03] Récupération des données de vote pour Photo of the Week! (URL: photo-of-the-week-299, HEADER:{'User-Agent': 'Mozilla/5.0 (X11; Linux i686; rv:39.0) Gecko/20100101 Firefox/39.0', 'x-api-version': '8', 'x-env': 'WEB', 'X-requested-with': 'XMLHttpRequest', 'X-token': 'a1cad95a6d480c14f51dd0eba4914c8337b893c789ec6278bb440c7c9a673b162f042470c62684e6da2bd342ffea7777'})
[2025-06-06 23:03:03] Récupération des données de vote pour Joyous Laughter (URL: joyous-laughter, HEADER:{'User-Agent': 'Mozilla/5.0 (X11; Linux i686; rv:39.0) Gecko/20100101 Firefox/39.0', 'x-api-version': '8', 'x-env': 'WEB', 'X-requested-with': 'XMLHttpRequest', 'X-token': 'a1cad95a6d480c14f51dd0eba4914c8337b893c789ec6278bb440c7c9a673b162f042470c62684e6da2bd342ffea7777'})
[2025-06-06 23:03:04] Récupération réussie: 200 images pour The 7 Sins
[2025-06-06 23:03:04] Voting fetching ...
[2025-06-06 23:03:04] The 7 Sins voting 70 images
[2025-06-06 23:03:04] Récupération réussie: 200 images pour Joyous Laughter
[2025-06-06 23:03:04] Voting fetching ...
[2025-06-06 23:03:04] Joyous Laughter voting 70 images
[2025-06-06 23:03:04] Récupération réussie: 200 images pour Photo of the Week!
[2025-06-06 23:03:04] Voting fetching ...
[2025-06-06 23:03:04] Photo of the Week! voting 70 images
[2025-06-06 23:03:04] Récupération réussie: 200 images pour Beautiful Eyes
[2025-06-06 23:03:04] Voting fetching ...
[2025-06-06 23:03:04] Beautiful Eyes voting 70 images
[2025-06-06 23:03:04] Récupération réussie: 200 images pour Bridges
[2025-06-06 23:03:04] Voting fetching ...
[2025-06-06 23:03:04] Bridges voting 70 images
[2025-06-06 23:03:04] Récupération réussie: 200 images pour The Letter "S"
[2025-06-06 23:03:04] Voting fetching ...
[2025-06-06 23:03:04] The Letter "S" voting 70 images
[2025-06-06 23:03:04] Récupération réussie: 200 images pour Fields and Meadows
[2025-06-06 23:03:04] Voting fetching ...
[2025-06-06 23:03:04] Fields and Meadows voting 70 images
[2025-06-06 23:03:04] Récupération réussie: 200 images pour Dramatic Lighting
[2025-06-06 23:03:04] Voting fetching ...
[2025-06-06 23:03:04] Dramatic Lighting voting 70 images
[2025-06-06 23:03:05] Récupération réussie: 200 images pour Best of Black & White
[2025-06-06 23:03:05] Voting fetching ...
[2025-06-06 23:03:05] Best of Black & White voting 70 images
[2025-06-06 23:03:05] Récupération réussie: 200 images pour Ultimate Exposure
[2025-06-06 23:03:05] Voting fetching ...
[2025-06-06 23:03:05] Ultimate Exposure voting 70 images
[2025-06-06 23:03:05] Récupération réussie: 200 images pour Still Life
[2025-06-06 23:03:05] Voting fetching ...
[2025-06-06 23:03:05] Still Life voting 70 images
[2025-06-06 23:03:05] Beautiful Eyes voted successfully
[2025-06-06 23:03:07] Joyous Laughter voted successfully
[2025-06-06 23:03:09] Best of Black & White voted successfully
[2025-06-06 23:03:11] Ultimate Exposure voted successfully
[2025-06-06 23:03:13] Dramatic Lighting voted successfully
[2025-06-06 23:03:15] Still Life voted successfully
[2025-06-06 23:03:17] The 7 Sins voted successfully
[2025-06-06 23:03:19] Photo of the Week! voted successfully
[2025-06-06 23:03:21] The Letter "S" voted successfully
[2025-06-06 23:03:23] Fields and Meadows voted successfully
[2025-06-06 23:03:25] Bridges voted successfully
[2025-06-06 23:03:28] Challenges fetching ...
[2025-06-06 23:03:28] Challenges fetched successfully for bruno!
[2025-06-06 23:03:29] Challenges fetching ...
[2025-06-06 23:03:29] Challenges fetched successfully for bruno!
[2025-06-06 23:03:29] Challenges fetching ...
[2025-06-06 23:03:29] Challenges fetched successfully for bruno!
[2025-06-06 23:03:29] Challenges fetching ...
[2025-06-06 23:03:29] Challenges fetched successfully for bruno!
[2025-06-06 23:03:29] Challenges fetching ...
[2025-06-06 23:03:29] Challenges fetched successfully for bruno!
[2025-06-06 23:03:29] Challenges fetching ...
[2025-06-06 23:03:29] Challenges fetched successfully for bruno!
[2025-06-06 23:03:29] Challenges fetching ...
[2025-06-06 23:03:29] Challenges fetched successfully for bruno!
[2025-06-06 23:03:29] Challenges fetching ...
[2025-06-06 23:03:29] Challenges fetched successfully for bruno!
[2025-06-06 23:03:29] Challenges fetching ...
[2025-06-06 23:03:29] Challenges fetched successfully for bruno!
[2025-06-06 23:03:29] Challenges fetching ...
[2025-06-06 23:03:29] Challenges fetched successfully for bruno!
[2025-06-06 23:03:29] Challenges fetching ...
[2025-06-06 23:03:29] Challenges fetched successfully for bruno!
[2025-06-06 23:03:42] Lancement de la stratégie end4 pour Beautiful Eyes
[2025-06-06 23:03:42] Nouveau processus ajouté pour bruno: attractive-eyes-vote-70-left-0H:4M - Statut: init
[2025-06-06 23:03:42] Traitement du challenge pour bruno: attractive-eyes
[2025-06-06 23:03:42] Nouveau processus ajouté pour bruno: attractive-eyes-vote-20-left-0H:3M - Statut: init
[2025-06-06 23:03:42] Traitement du challenge pour bruno: attractive-eyes
[2025-06-06 23:03:42] Processus mis à jour pour bruno: attractive-eyes-vote-70-left-0H:4M - waiting
[2025-06-06 23:03:42] Nouveau processus ajouté pour bruno: attractive-eyes-vote-20-left-0H:2M - Statut: init
[2025-06-06 23:03:42] Traitement du challenge pour bruno: attractive-eyes
[2025-06-06 23:03:42] Nouveau processus ajouté pour bruno: attractive-eyes-vote-20-left-0H:1M - Statut: init
[2025-06-06 23:03:42] Processus mis à jour pour bruno: attractive-eyes-vote-20-left-0H:3M - waiting
[2025-06-06 23:03:42] Traitement du challenge pour bruno: attractive-eyes
[2025-06-06 23:03:42] Processus mis à jour pour bruno: attractive-eyes-vote-20-left-0H:2M - waiting
[2025-06-06 23:03:42] Processus mis à jour pour bruno: attractive-eyes-vote-20-left-0H:1M - waiting
[2025-06-06 23:03:42] Lancement de la stratégie end4 pour Best of Black & White
[2025-06-06 23:03:42] Nouveau processus ajouté pour bruno: best-of-black-white29-vote-70-left-0H:4M - Statut: init
[2025-06-06 23:03:42] Traitement du challenge pour bruno: best-of-black-white29
[2025-06-06 23:03:42] Nouveau processus ajouté pour bruno: best-of-black-white29-vote-20-left-0H:3M - Statut: init
[2025-06-06 23:03:42] Traitement du challenge pour bruno: best-of-black-white29
[2025-06-06 23:03:42] Nouveau processus ajouté pour bruno: best-of-black-white29-vote-20-left-0H:2M - Statut: init
[2025-06-06 23:03:42] Processus mis à jour pour bruno: best-of-black-white29-vote-70-left-0H:4M - waiting
[2025-06-06 23:03:42] Traitement du challenge pour bruno: best-of-black-white29
[2025-06-06 23:03:42] Nouveau processus ajouté pour bruno: best-of-black-white29-vote-20-left-0H:1M - Statut: init
[2025-06-06 23:03:42] Traitement du challenge pour bruno: best-of-black-white29
[2025-06-06 23:03:42] Processus mis à jour pour bruno: best-of-black-white29-vote-20-left-0H:3M - waiting
[2025-06-06 23:03:42] Processus mis à jour pour bruno: best-of-black-white29-vote-20-left-0H:2M - waiting
[2025-06-06 23:03:42] Processus mis à jour pour bruno: best-of-black-white29-vote-20-left-0H:1M - waiting
[2025-06-06 23:03:42] Lancement de la stratégie end4 pour Ultimate Exposure
[2025-06-06 23:03:42] Nouveau processus ajouté pour bruno: ultimate-exposure80-vote-70-left-0H:4M - Statut: init
[2025-06-06 23:03:42] Traitement du challenge pour bruno: ultimate-exposure80
[2025-06-06 23:03:42] Nouveau processus ajouté pour bruno: ultimate-exposure80-vote-20-left-0H:3M - Statut: init
[2025-06-06 23:03:42] Traitement du challenge pour bruno: ultimate-exposure80
[2025-06-06 23:03:42] Nouveau processus ajouté pour bruno: ultimate-exposure80-vote-20-left-0H:2M - Statut: init
[2025-06-06 23:03:42] Traitement du challenge pour bruno: ultimate-exposure80
[2025-06-06 23:03:42] Processus mis à jour pour bruno: ultimate-exposure80-vote-70-left-0H:4M - waiting
[2025-06-06 23:03:42] Nouveau processus ajouté pour bruno: ultimate-exposure80-vote-20-left-0H:1M - Statut: init
[2025-06-06 23:03:42] Processus mis à jour pour bruno: ultimate-exposure80-vote-20-left-0H:3M - waiting
[2025-06-06 23:03:42] Traitement du challenge pour bruno: ultimate-exposure80
[2025-06-06 23:03:42] Processus mis à jour pour bruno: ultimate-exposure80-vote-20-left-0H:2M - waiting
[2025-06-06 23:03:42] Processus mis à jour pour bruno: ultimate-exposure80-vote-20-left-0H:1M - waiting
[2025-06-06 23:03:42] Lancement de la stratégie end4 pour The 7 Sins
[2025-06-06 23:03:42] Nouveau processus ajouté pour bruno: the-7-sins-vote-70-left-0H:4M - Statut: init
[2025-06-06 23:03:42] Traitement du challenge pour bruno: the-7-sins
[2025-06-06 23:03:42] Nouveau processus ajouté pour bruno: the-7-sins-vote-20-left-0H:3M - Statut: init
[2025-06-06 23:03:42] Traitement du challenge pour bruno: the-7-sins
[2025-06-06 23:03:42] Nouveau processus ajouté pour bruno: the-7-sins-vote-20-left-0H:2M - Statut: init
[2025-06-06 23:03:42] Traitement du challenge pour bruno: the-7-sins
[2025-06-06 23:03:42] Processus mis à jour pour bruno: the-7-sins-vote-70-left-0H:4M - waiting
[2025-06-06 23:03:42] Nouveau processus ajouté pour bruno: the-7-sins-vote-20-left-0H:1M - Statut: init
[2025-06-06 23:03:42] Processus mis à jour pour bruno: the-7-sins-vote-20-left-0H:3M - waiting
[2025-06-06 23:03:42] Traitement du challenge pour bruno: the-7-sins
[2025-06-06 23:03:42] Processus mis à jour pour bruno: the-7-sins-vote-20-left-0H:2M - waiting
[2025-06-06 23:03:42] Processus mis à jour pour bruno: the-7-sins-vote-20-left-0H:1M - waiting
[2025-06-06 23:03:42] Lancement de la stratégie end4 pour The Letter "S"
[2025-06-06 23:03:42] Nouveau processus ajouté pour bruno: the-letter-s--vote-70-left-0H:4M - Statut: init
[2025-06-06 23:03:42] Nouveau processus ajouté pour bruno: the-letter-s--vote-20-left-0H:3M - Statut: init
[2025-06-06 23:03:42] Traitement du challenge pour bruno: the-letter-s-
[2025-06-06 23:03:42] Traitement du challenge pour bruno: the-letter-s-
[2025-06-06 23:03:42] Nouveau processus ajouté pour bruno: the-letter-s--vote-20-left-0H:2M - Statut: init
[2025-06-06 23:03:42] Traitement du challenge pour bruno: the-letter-s-
[2025-06-06 23:03:42] Processus mis à jour pour bruno: the-letter-s--vote-70-left-0H:4M - waiting
[2025-06-06 23:03:42] Nouveau processus ajouté pour bruno: the-letter-s--vote-20-left-0H:1M - Statut: init
[2025-06-06 23:03:42] Processus mis à jour pour bruno: the-letter-s--vote-20-left-0H:3M - waiting
[2025-06-06 23:03:42] Processus mis à jour pour bruno: the-letter-s--vote-20-left-0H:2M - waiting
[2025-06-06 23:03:42] Traitement du challenge pour bruno: the-letter-s-
[2025-06-06 23:03:42] Processus mis à jour pour bruno: the-letter-s--vote-20-left-0H:1M - waiting
[2025-06-06 23:03:42] Lancement de la stratégie end4 pour Fields and Meadows
[2025-06-06 23:03:42] Nouveau processus ajouté pour bruno: fields-and-meadows44-vote-70-left-0H:4M - Statut: init
[2025-06-06 23:03:42] Traitement du challenge pour bruno: fields-and-meadows44
[2025-06-06 23:03:42] Nouveau processus ajouté pour bruno: fields-and-meadows44-vote-20-left-0H:3M - Statut: init
[2025-06-06 23:03:42] Nouveau processus ajouté pour bruno: fields-and-meadows44-vote-20-left-0H:2M - Statut: init
[2025-06-06 23:03:42] Traitement du challenge pour bruno: fields-and-meadows44
[2025-06-06 23:03:42] Traitement du challenge pour bruno: fields-and-meadows44
[2025-06-06 23:03:42] Processus mis à jour pour bruno: fields-and-meadows44-vote-70-left-0H:4M - waiting
[2025-06-06 23:03:42] Nouveau processus ajouté pour bruno: fields-and-meadows44-vote-20-left-0H:1M - Statut: init
[2025-06-06 23:03:42] Processus mis à jour pour bruno: fields-and-meadows44-vote-20-left-0H:3M - waiting
[2025-06-06 23:03:42] Traitement du challenge pour bruno: fields-and-meadows44
[2025-06-06 23:03:42] Processus mis à jour pour bruno: fields-and-meadows44-vote-20-left-0H:2M - waiting
[2025-06-06 23:03:42] Processus mis à jour pour bruno: fields-and-meadows44-vote-20-left-0H:1M - waiting
[2025-06-06 23:03:42] Lancement de la stratégie end4 pour Bridges
[2025-06-06 23:03:42] Nouveau processus ajouté pour bruno: bridges35-vote-70-left-0H:4M - Statut: init
[2025-06-06 23:03:42] Traitement du challenge pour bruno: bridges35
[2025-06-06 23:03:42] Nouveau processus ajouté pour bruno: bridges35-vote-20-left-0H:3M - Statut: init
[2025-06-06 23:03:42] Traitement du challenge pour bruno: bridges35
[2025-06-06 23:03:42] Nouveau processus ajouté pour bruno: bridges35-vote-20-left-0H:2M - Statut: init
[2025-06-06 23:03:42] Traitement du challenge pour bruno: bridges35
[2025-06-06 23:03:42] Processus mis à jour pour bruno: bridges35-vote-70-left-0H:4M - waiting
[2025-06-06 23:03:42] Nouveau processus ajouté pour bruno: bridges35-vote-20-left-0H:1M - Statut: init
[2025-06-06 23:03:42] Processus mis à jour pour bruno: bridges35-vote-20-left-0H:3M - waiting
[2025-06-06 23:03:42] Traitement du challenge pour bruno: bridges35
[2025-06-06 23:03:42] Processus mis à jour pour bruno: bridges35-vote-20-left-0H:2M - waiting
[2025-06-06 23:03:42] Processus mis à jour pour bruno: bridges35-vote-20-left-0H:1M - waiting
[2025-06-06 23:03:42] Lancement de la stratégie end4 pour Still Life
[2025-06-06 23:03:42] Nouveau processus ajouté pour bruno: still-life5-vote-70-left-0H:4M - Statut: init
[2025-06-06 23:03:42] Traitement du challenge pour bruno: still-life5
[2025-06-06 23:03:42] Nouveau processus ajouté pour bruno: still-life5-vote-20-left-0H:3M - Statut: init
[2025-06-06 23:03:42] Traitement du challenge pour bruno: still-life5
[2025-06-06 23:03:42] Nouveau processus ajouté pour bruno: still-life5-vote-20-left-0H:2M - Statut: init
[2025-06-06 23:03:42] Processus mis à jour pour bruno: still-life5-vote-70-left-0H:4M - waiting
[2025-06-06 23:03:42] Traitement du challenge pour bruno: still-life5
[2025-06-06 23:03:42] Nouveau processus ajouté pour bruno: still-life5-vote-20-left-0H:1M - Statut: init
[2025-06-06 23:03:42] Processus mis à jour pour bruno: still-life5-vote-20-left-0H:3M - waiting
[2025-06-06 23:03:42] Traitement du challenge pour bruno: still-life5
[2025-06-06 23:03:42] Processus mis à jour pour bruno: still-life5-vote-20-left-0H:2M - waiting
[2025-06-06 23:03:42] Processus mis à jour pour bruno: still-life5-vote-20-left-0H:1M - waiting
[2025-06-06 23:03:42] Lancement de la stratégie end4 pour Dramatic Lighting
[2025-06-06 23:03:42] Nouveau processus ajouté pour bruno: dramatic-lighting11-vote-70-left-0H:4M - Statut: init
[2025-06-06 23:03:42] Traitement du challenge pour bruno: dramatic-lighting11
[2025-06-06 23:03:42] Nouveau processus ajouté pour bruno: dramatic-lighting11-vote-20-left-0H:3M - Statut: init
[2025-06-06 23:03:42] Nouveau processus ajouté pour bruno: dramatic-lighting11-vote-20-left-0H:2M - Statut: init
[2025-06-06 23:03:42] Traitement du challenge pour bruno: dramatic-lighting11
[2025-06-06 23:03:42] Traitement du challenge pour bruno: dramatic-lighting11
[2025-06-06 23:03:42] Processus mis à jour pour bruno: dramatic-lighting11-vote-70-left-0H:4M - waiting
[2025-06-06 23:03:42] Nouveau processus ajouté pour bruno: dramatic-lighting11-vote-20-left-0H:1M - Statut: init
[2025-06-06 23:03:42] Processus mis à jour pour bruno: dramatic-lighting11-vote-20-left-0H:2M - waiting
[2025-06-06 23:03:42] Traitement du challenge pour bruno: dramatic-lighting11
[2025-06-06 23:03:42] Processus mis à jour pour bruno: dramatic-lighting11-vote-20-left-0H:3M - waiting
[2025-06-06 23:03:42] Processus mis à jour pour bruno: dramatic-lighting11-vote-20-left-0H:1M - waiting
[2025-06-06 23:03:42] Lancement de la stratégie end4 pour Photo of the Week!
[2025-06-06 23:03:42] Nouveau processus ajouté pour bruno: photo-of-the-week-299-vote-70-left-0H:4M - Statut: init
[2025-06-06 23:03:42] Traitement du challenge pour bruno: photo-of-the-week-299
[2025-06-06 23:03:42] Nouveau processus ajouté pour bruno: photo-of-the-week-299-vote-20-left-0H:3M - Statut: init
[2025-06-06 23:03:42] Traitement du challenge pour bruno: photo-of-the-week-299
[2025-06-06 23:03:42] Nouveau processus ajouté pour bruno: photo-of-the-week-299-vote-20-left-0H:2M - Statut: init
[2025-06-06 23:03:42] Traitement du challenge pour bruno: photo-of-the-week-299
[2025-06-06 23:03:42] Processus mis à jour pour bruno: photo-of-the-week-299-vote-70-left-0H:4M - waiting
[2025-06-06 23:03:42] Processus mis à jour pour bruno: photo-of-the-week-299-vote-20-left-0H:3M - waiting
[2025-06-06 23:03:42] Nouveau processus ajouté pour bruno: photo-of-the-week-299-vote-20-left-0H:1M - Statut: init
[2025-06-06 23:03:42] Processus mis à jour pour bruno: photo-of-the-week-299-vote-20-left-0H:2M - waiting
[2025-06-06 23:03:42] Traitement du challenge pour bruno: photo-of-the-week-299
[2025-06-06 23:03:42] Processus mis à jour pour bruno: photo-of-the-week-299-vote-20-left-0H:1M - waiting
[2025-06-06 23:03:42] Lancement de la stratégie end4 pour Joyous Laughter
[2025-06-06 23:03:42] Nouveau processus ajouté pour bruno: joyous-laughter-vote-70-left-0H:4M - Statut: init
[2025-06-06 23:03:42] Traitement du challenge pour bruno: joyous-laughter
[2025-06-06 23:03:42] Nouveau processus ajouté pour bruno: joyous-laughter-vote-20-left-0H:3M - Statut: init
[2025-06-06 23:03:42] Traitement du challenge pour bruno: joyous-laughter
[2025-06-06 23:03:42] Nouveau processus ajouté pour bruno: joyous-laughter-vote-20-left-0H:2M - Statut: init
[2025-06-06 23:03:42] Processus mis à jour pour bruno: joyous-laughter-vote-70-left-0H:4M - waiting
[2025-06-06 23:03:42] Traitement du challenge pour bruno: joyous-laughter
[2025-06-06 23:03:42] Nouveau processus ajouté pour bruno: joyous-laughter-vote-20-left-0H:1M - Statut: init
[2025-06-06 23:03:42] Traitement du challenge pour bruno: joyous-laughter
[2025-06-06 23:03:42] Processus mis à jour pour bruno: joyous-laughter-vote-20-left-0H:3M - waiting
[2025-06-06 23:03:42] Processus mis à jour pour bruno: joyous-laughter-vote-20-left-0H:2M - waiting
[2025-06-06 23:03:42] Processus mis à jour pour bruno: joyous-laughter-vote-20-left-0H:1M - waiting
[2025-06-06 23:03:42] Application des stratégies pour les challenges sélectionnés:
- Beautiful Eyes avec stratégie end4
- Best of Black & White avec stratégie end4
- Ultimate Exposure avec stratégie end4
- The 7 Sins avec stratégie end4
- The Letter "S" avec stratégie end4
- Fields and Meadows avec stratégie end4
- Bridges avec stratégie end4
- Still Life avec stratégie end4
- Dramatic Lighting avec stratégie end4
- Photo of the Week! avec stratégie end4
- Joyous Laughter avec stratégie end4

