[2025-06-01 00:02:55] Erreur lors du rafraîchissement API, utilisation du cache: HTTPSConnectionPool(host='api.gurushots.com', port=443): Read timed out. (read timeout=None)
[2025-06-01 00:04:59] Refreshing challenges...
[2025-06-01 00:04:59] Fetching challenges...
[2025-06-01 00:05:00] Challenges fetching ...
[2025-06-01 00:05:00] Stratégie chargée depuis gsgui.ini pour pascale/Favorite Animal: end2
[2025-06-01 00:05:00] Challenges fetched successfully for pascale!
[2025-06-01 00:05:00] Stratégie chargée depuis gsgui.ini pour pascale/Favorite Animal: end2
[2025-06-01 00:07:10] Processus supprimé pour pascale: favorite-animal-vote-100-left-0H:2M - stopped
[2025-06-01 00:07:10] Processus mis à jour pour pascale: favorite-animal-vote-100-left-0H:2M - stopped
[2025-06-01 00:07:10] Stratégie chargée depuis gsgui.ini pour pascale/Favorite Animal: end2
[2025-06-01 00:07:10] Processus supprimé pour pascale: favorite-animal-vote-50-left-0H:1M - stopped
[2025-06-01 00:07:10] Processus mis à jour pour pascale: favorite-animal-vote-50-left-0H:1M - stopped
[2025-06-01 00:07:10] Stratégie chargée depuis gsgui.ini pour pascale/Favorite Animal: end2
[2025-06-01 00:07:10] Arrêt des stratégies pour les challenges sélectionnés:
- Arrêt et suppression du processus pour Favorite Animal
- Arrêt et suppression du processus pour Favorite Animal

[2025-06-01 00:07:10] Stratégie chargée depuis gsgui.ini pour pascale/Favorite Animal: end2
[2025-06-01 00:07:14] Processus mis à jour pour pascale: favorite-animal-vote-100-left-0H:2M - executing
[2025-06-01 00:07:14] Traitement de vote pour Favorite Animal
[2025-06-01 00:07:14] Favorite Animal get vote panel
[2025-06-01 00:07:14] Processus associé: favorite-animal-vote-100-left-0H:2M
[2025-06-01 00:07:14] Arrêt du processus favorite-animal-vote-50-left-0H:1M: profil pascale ou processus non disponible
[2025-06-01 00:07:24] Récupération des données de vote pour Favorite Animal (URL: favorite-animal, HEADER:{'User-Agent': 'Mozilla/5.0 (X11; Linux i686; rv:39.0) Gecko/20100101 Firefox/39.0', 'x-api-version': '8', 'x-env': 'WEB', 'X-requested-with': 'XMLHttpRequest', 'X-token': 'f96bbe3a7e7f833329e7129767a69abbfa6dfce3152e3c2a311eb49d89b5c3bb2b12b66b402f03dce682b8b2b6a005cd'})
[2025-06-01 00:07:24] Récupération des données de vote pour Favorite Animal (URL: favorite-animal, HEADER:{'User-Agent': 'Mozilla/5.0 (X11; Linux i686; rv:39.0) Gecko/20100101 Firefox/39.0', 'x-api-version': '8', 'x-env': 'WEB', 'X-requested-with': 'XMLHttpRequest', 'X-token': 'f96bbe3a7e7f833329e7129767a69abbfa6dfce3152e3c2a311eb49d89b5c3bb2b12b66b402f03dce682b8b2b6a005cd'})
[2025-06-01 00:07:24] Récupération des données de vote pour Favorite Animal (URL: favorite-animal, HEADER:{'User-Agent': 'Mozilla/5.0 (X11; Linux i686; rv:39.0) Gecko/20100101 Firefox/39.0', 'x-api-version': '8', 'x-env': 'WEB', 'X-requested-with': 'XMLHttpRequest', 'X-token': 'f96bbe3a7e7f833329e7129767a69abbfa6dfce3152e3c2a311eb49d89b5c3bb2b12b66b402f03dce682b8b2b6a005cd'})
[2025-06-01 00:07:24] Récupération des données de vote pour Favorite Animal (URL: favorite-animal, HEADER:{'User-Agent': 'Mozilla/5.0 (X11; Linux i686; rv:39.0) Gecko/20100101 Firefox/39.0', 'x-api-version': '8', 'x-env': 'WEB', 'X-requested-with': 'XMLHttpRequest', 'X-token': 'f96bbe3a7e7f833329e7129767a69abbfa6dfce3152e3c2a311eb49d89b5c3bb2b12b66b402f03dce682b8b2b6a005cd'})
[2025-06-01 00:07:24] Récupération des données de vote pour Favorite Animal (URL: favorite-animal, HEADER:{'User-Agent': 'Mozilla/5.0 (X11; Linux i686; rv:39.0) Gecko/20100101 Firefox/39.0', 'x-api-version': '8', 'x-env': 'WEB', 'X-requested-with': 'XMLHttpRequest', 'X-token': 'f96bbe3a7e7f833329e7129767a69abbfa6dfce3152e3c2a311eb49d89b5c3bb2b12b66b402f03dce682b8b2b6a005cd'})
[2025-06-01 00:07:24] Récupération des données de vote pour Favorite Animal (URL: favorite-animal, HEADER:{'User-Agent': 'Mozilla/5.0 (X11; Linux i686; rv:39.0) Gecko/20100101 Firefox/39.0', 'x-api-version': '8', 'x-env': 'WEB', 'X-requested-with': 'XMLHttpRequest', 'X-token': 'f96bbe3a7e7f833329e7129767a69abbfa6dfce3152e3c2a311eb49d89b5c3bb2b12b66b402f03dce682b8b2b6a005cd'})
[2025-06-01 00:07:24] Récupération des données de vote pour Favorite Animal (URL: favorite-animal, HEADER:{'User-Agent': 'Mozilla/5.0 (X11; Linux i686; rv:39.0) Gecko/20100101 Firefox/39.0', 'x-api-version': '8', 'x-env': 'WEB', 'X-requested-with': 'XMLHttpRequest', 'X-token': 'f96bbe3a7e7f833329e7129767a69abbfa6dfce3152e3c2a311eb49d89b5c3bb2b12b66b402f03dce682b8b2b6a005cd'})
[2025-06-01 00:07:24] Récupération des données de vote pour Favorite Animal (URL: favorite-animal, HEADER:{'User-Agent': 'Mozilla/5.0 (X11; Linux i686; rv:39.0) Gecko/20100101 Firefox/39.0', 'x-api-version': '8', 'x-env': 'WEB', 'X-requested-with': 'XMLHttpRequest', 'X-token': 'f96bbe3a7e7f833329e7129767a69abbfa6dfce3152e3c2a311eb49d89b5c3bb2b12b66b402f03dce682b8b2b6a005cd'})
[2025-06-01 00:07:24] Récupération des données de vote pour Favorite Animal (URL: favorite-animal, HEADER:{'User-Agent': 'Mozilla/5.0 (X11; Linux i686; rv:39.0) Gecko/20100101 Firefox/39.0', 'x-api-version': '8', 'x-env': 'WEB', 'X-requested-with': 'XMLHttpRequest', 'X-token': 'f96bbe3a7e7f833329e7129767a69abbfa6dfce3152e3c2a311eb49d89b5c3bb2b12b66b402f03dce682b8b2b6a005cd'})
[2025-06-01 00:07:24] Récupération des données de vote pour Favorite Animal (URL: favorite-animal, HEADER:{'User-Agent': 'Mozilla/5.0 (X11; Linux i686; rv:39.0) Gecko/20100101 Firefox/39.0', 'x-api-version': '8', 'x-env': 'WEB', 'X-requested-with': 'XMLHttpRequest', 'X-token': 'f96bbe3a7e7f833329e7129767a69abbfa6dfce3152e3c2a311eb49d89b5c3bb2b12b66b402f03dce682b8b2b6a005cd'})
[2025-06-01 00:07:25] Récupération réussie: 200 images pour Favorite Animal
[2025-06-01 00:07:25] Voting fetching ...
[2025-06-01 00:07:25] Favorite Animal voting 10 images
[2025-06-01 00:07:25] Stratégie chargée depuis gsgui.ini pour pascale/Favorite Animal: end2
[2025-06-01 00:07:25] Récupération réussie: 200 images pour Favorite Animal
[2025-06-01 00:07:25] Voting fetching ...
[2025-06-01 00:07:25] Favorite Animal voting 10 images
[2025-06-01 00:07:25] Stratégie chargée depuis gsgui.ini pour pascale/Favorite Animal: end2
[2025-06-01 00:07:25] Récupération réussie: 200 images pour Favorite Animal
[2025-06-01 00:07:25] Voting fetching ...
[2025-06-01 00:07:25] Favorite Animal voting 10 images
[2025-06-01 00:07:25] Stratégie chargée depuis gsgui.ini pour pascale/Favorite Animal: end2
[2025-06-01 00:07:25] Récupération réussie: 200 images pour Favorite Animal
[2025-06-01 00:07:25] Voting fetching ...
[2025-06-01 00:07:25] Favorite Animal voting 10 images
[2025-06-01 00:07:25] Stratégie chargée depuis gsgui.ini pour pascale/Favorite Animal: end2
[2025-06-01 00:07:25] Récupération réussie: 200 images pour Favorite Animal
[2025-06-01 00:07:25] Voting fetching ...
[2025-06-01 00:07:25] Favorite Animal voting 10 images
[2025-06-01 00:07:25] Stratégie chargée depuis gsgui.ini pour pascale/Favorite Animal: end2
[2025-06-01 00:07:25] Récupération réussie: 200 images pour Favorite Animal
[2025-06-01 00:07:25] Voting fetching ...
[2025-06-01 00:07:25] Favorite Animal voting 10 images
[2025-06-01 00:07:25] Stratégie chargée depuis gsgui.ini pour pascale/Favorite Animal: end2
[2025-06-01 00:07:25] Récupération réussie: 200 images pour Favorite Animal
[2025-06-01 00:07:25] Voting fetching ...
[2025-06-01 00:07:25] Favorite Animal voting 10 images
[2025-06-01 00:07:25] Stratégie chargée depuis gsgui.ini pour pascale/Favorite Animal: end2
[2025-06-01 00:07:25] Récupération réussie: 200 images pour Favorite Animal
[2025-06-01 00:07:25] Voting fetching ...
[2025-06-01 00:07:25] Favorite Animal voting 10 images
[2025-06-01 00:07:25] Stratégie chargée depuis gsgui.ini pour pascale/Favorite Animal: end2
[2025-06-01 00:07:25] Récupération réussie: 200 images pour Favorite Animal
[2025-06-01 00:07:25] Voting fetching ...
[2025-06-01 00:07:25] Favorite Animal voting 10 images
[2025-06-01 00:07:25] Stratégie chargée depuis gsgui.ini pour pascale/Favorite Animal: end2
[2025-06-01 00:07:25] Récupération réussie: 200 images pour Favorite Animal
[2025-06-01 00:07:25] Voting fetching ...
[2025-06-01 00:07:25] Favorite Animal voting 10 images
[2025-06-01 00:07:25] Stratégie chargée depuis gsgui.ini pour pascale/Favorite Animal: end2
[2025-06-01 00:07:26] Favorite Animal voted successfully
[2025-06-01 00:07:26] Processus supprimé pour pascale: favorite-animal-vote-100-left-0H:2M - success
[2025-06-01 00:07:26] Processus mis à jour pour pascale: favorite-animal-vote-100-left-0H:2M - success
[2025-06-01 00:07:26] Stratégie chargée depuis gsgui.ini pour pascale/Favorite Animal: end2
[2025-06-01 00:07:26] Processus favorite-animal-vote-100-left-0H:2M terminé avec succès (profil: pascale)
[2025-06-01 00:07:28] Favorite Animal voted successfully
[2025-06-01 00:07:30] Favorite Animal voted successfully
[2025-06-01 00:07:32] Favorite Animal voted successfully
[2025-06-01 00:07:34] Favorite Animal voted successfully
[2025-06-01 00:07:36] Favorite Animal voted successfully
[2025-06-01 00:07:38] Favorite Animal voted successfully
[2025-06-01 00:07:40] Favorite Animal voted successfully
[2025-06-01 00:07:42] Favorite Animal voted successfully
[2025-06-01 00:07:44] Favorite Animal voted successfully
[2025-06-01 00:07:47] Challenges fetching ...
[2025-06-01 00:07:47] Stratégie chargée depuis gsgui.ini pour pascale/Favorite Animal: end2
[2025-06-01 00:07:47] Challenges fetched successfully for pascale!
[2025-06-01 00:07:47] Stratégie chargée depuis gsgui.ini pour pascale/Favorite Animal: end2
[2025-06-01 00:07:47] Challenges fetching ...
[2025-06-01 00:07:47] Stratégie chargée depuis gsgui.ini pour pascale/Favorite Animal: end2
[2025-06-01 00:07:47] Challenges fetched successfully for pascale!
[2025-06-01 00:07:47] Stratégie chargée depuis gsgui.ini pour pascale/Favorite Animal: end2
[2025-06-01 00:07:47] Challenges fetching ...
[2025-06-01 00:07:47] Stratégie chargée depuis gsgui.ini pour pascale/Favorite Animal: end2
[2025-06-01 00:07:48] Challenges fetched successfully for pascale!
[2025-06-01 00:07:48] Stratégie chargée depuis gsgui.ini pour pascale/Favorite Animal: end2
[2025-06-01 00:07:48] Challenges fetching ...
[2025-06-01 00:07:48] Stratégie chargée depuis gsgui.ini pour pascale/Favorite Animal: end2
[2025-06-01 00:07:48] Challenges fetched successfully for pascale!
[2025-06-01 00:07:48] Stratégie chargée depuis gsgui.ini pour pascale/Favorite Animal: end2
[2025-06-01 00:07:48] Challenges fetching ...
[2025-06-01 00:07:48] Stratégie chargée depuis gsgui.ini pour pascale/Favorite Animal: end2
[2025-06-01 00:07:48] Challenges fetched successfully for pascale!
[2025-06-01 00:07:48] Stratégie chargée depuis gsgui.ini pour pascale/Favorite Animal: end2
[2025-06-01 00:07:48] Challenges fetching ...
[2025-06-01 00:07:48] Stratégie chargée depuis gsgui.ini pour pascale/Favorite Animal: end2
[2025-06-01 00:07:48] Challenges fetched successfully for pascale!
[2025-06-01 00:07:48] Stratégie chargée depuis gsgui.ini pour pascale/Favorite Animal: end2
[2025-06-01 00:07:48] Challenges fetching ...
[2025-06-01 00:07:48] Stratégie chargée depuis gsgui.ini pour pascale/Favorite Animal: end2
[2025-06-01 00:07:48] Challenges fetched successfully for pascale!
[2025-06-01 00:07:48] Stratégie chargée depuis gsgui.ini pour pascale/Favorite Animal: end2
[2025-06-01 00:07:48] Challenges fetching ...
[2025-06-01 00:07:48] Stratégie chargée depuis gsgui.ini pour pascale/Favorite Animal: end2
[2025-06-01 00:07:48] Challenges fetched successfully for pascale!
[2025-06-01 00:07:48] Stratégie chargée depuis gsgui.ini pour pascale/Favorite Animal: end2
[2025-06-01 00:07:48] Challenges fetching ...
[2025-06-01 00:07:48] Stratégie chargée depuis gsgui.ini pour pascale/Favorite Animal: end2
[2025-06-01 00:07:48] Challenges fetched successfully for pascale!
[2025-06-01 00:07:48] Stratégie chargée depuis gsgui.ini pour pascale/Favorite Animal: end2
[2025-06-01 00:07:48] Challenges fetching ...
[2025-06-01 00:07:48] Stratégie chargée depuis gsgui.ini pour pascale/Favorite Animal: end2
[2025-06-01 00:07:48] Challenges fetched successfully for pascale!
[2025-06-01 00:07:48] Stratégie chargée depuis gsgui.ini pour pascale/Favorite Animal: end2
[2025-06-01 00:07:50] Erreur lors du rafraîchissement API, utilisation du cache: HTTPSConnectionPool(host='api.gurushots.com', port=443): Read timed out. (read timeout=None)
[2025-06-01 00:07:56] Erreur lors du rafraîchissement API, utilisation du cache: HTTPSConnectionPool(host='api.gurushots.com', port=443): Read timed out. (read timeout=None)
[2025-06-01 00:07:56] Erreur lors du rafraîchissement API, utilisation du cache: HTTPSConnectionPool(host='api.gurushots.com', port=443): Read timed out. (read timeout=None)
[2025-06-01 00:07:56] Erreur lors du rafraîchissement API, utilisation du cache: HTTPSConnectionPool(host='api.gurushots.com', port=443): Read timed out. (read timeout=None)
[2025-06-01 00:07:56] Erreur lors du rafraîchissement API, utilisation du cache: HTTPSConnectionPool(host='api.gurushots.com', port=443): Read timed out. (read timeout=None)
[2025-06-01 00:07:56] Erreur lors du rafraîchissement API, utilisation du cache: HTTPSConnectionPool(host='api.gurushots.com', port=443): Read timed out. (read timeout=None)
[2025-06-01 00:07:56] Erreur lors du rafraîchissement API, utilisation du cache: HTTPSConnectionPool(host='api.gurushots.com', port=443): Read timed out. (read timeout=None)
[2025-06-01 00:07:56] Erreur lors du rafraîchissement API, utilisation du cache: HTTPSConnectionPool(host='api.gurushots.com', port=443): Read timed out. (read timeout=None)
[2025-06-01 00:07:56] Erreur lors du rafraîchissement API, utilisation du cache: HTTPSConnectionPool(host='api.gurushots.com', port=443): Read timed out. (read timeout=None)
[2025-06-01 00:07:56] Erreur lors du rafraîchissement API, utilisation du cache: HTTPSConnectionPool(host='api.gurushots.com', port=443): Read timed out. (read timeout=None)
[2025-06-01 00:07:56] Erreur lors du rafraîchissement API, utilisation du cache: HTTPSConnectionPool(host='api.gurushots.com', port=443): Read timed out. (read timeout=None)
[2025-06-01 00:07:56] Erreur lors du rafraîchissement API, utilisation du cache: HTTPSConnectionPool(host='api.gurushots.com', port=443): Read timed out. (read timeout=None)
[2025-06-01 00:07:56] Erreur lors du rafraîchissement API, utilisation du cache: HTTPSConnectionPool(host='api.gurushots.com', port=443): Read timed out. (read timeout=None)
[2025-06-01 00:07:56] Erreur lors du rafraîchissement API, utilisation du cache: HTTPSConnectionPool(host='api.gurushots.com', port=443): Read timed out. (read timeout=None)
[2025-06-01 00:07:56] Erreur lors du rafraîchissement API, utilisation du cache: HTTPSConnectionPool(host='api.gurushots.com', port=443): Read timed out. (read timeout=None)
[2025-06-01 00:07:56] Erreur lors du rafraîchissement API, utilisation du cache: HTTPSConnectionPool(host='api.gurushots.com', port=443): Read timed out. (read timeout=None)
[2025-06-01 00:07:56] Erreur lors du rafraîchissement API, utilisation du cache: HTTPSConnectionPool(host='api.gurushots.com', port=443): Read timed out. (read timeout=None)
[2025-06-01 00:07:56] Erreur lors du rafraîchissement API, utilisation du cache: HTTPSConnectionPool(host='api.gurushots.com', port=443): Read timed out. (read timeout=None)
[2025-06-01 00:07:56] Erreur lors du rafraîchissement API, utilisation du cache: HTTPSConnectionPool(host='api.gurushots.com', port=443): Read timed out. (read timeout=None)
[2025-06-01 00:07:56] Erreur lors du rafraîchissement API, utilisation du cache: HTTPSConnectionPool(host='api.gurushots.com', port=443): Read timed out. (read timeout=None)
[2025-06-01 00:07:56] Erreur lors du rafraîchissement API, utilisation du cache: HTTPSConnectionPool(host='api.gurushots.com', port=443): Read timed out. (read timeout=None)
[2025-06-01 00:07:57] Erreur lors du rafraîchissement API, utilisation du cache: HTTPSConnectionPool(host='api.gurushots.com', port=443): Read timed out. (read timeout=None)
[2025-06-01 01:55:04] Processus mis à jour pour pascale: love-and-romance1-vote-100-left-0H:4M - executing
[2025-06-01 01:55:04] Traitement de vote pour Love And Romance
[2025-06-01 01:55:04] Love And Romance get vote panel
[2025-06-01 01:55:04] Processus associé: love-and-romance1-vote-100-left-0H:4M
[2025-06-01 01:55:05] Processus mis à jour pour pascale: love-and-romance1-vote-100-left-0H:4M - executing
[2025-06-01 01:55:05] Traitement de vote pour Love And Romance
[2025-06-01 01:55:06] Processus mis à jour pour pascale: love-and-romance1-vote-100-left-0H:4M - executing
[2025-06-01 01:55:06] Traitement de vote pour Love And Romance
[2025-06-01 01:55:15] Love And Romance get vote panel
[2025-06-01 01:55:15] Processus associé: love-and-romance1-vote-100-left-0H:4M
[2025-06-01 01:55:32] Love And Romance get vote panel
[2025-06-01 01:55:32] Processus associé: love-and-romance1-vote-100-left-0H:4M
[2025-06-01 01:55:48] Récupération des données de vote pour Love And Romance (URL: love-and-romance1, HEADER:{'User-Agent': 'Mozilla/5.0 (X11; Linux i686; rv:39.0) Gecko/20100101 Firefox/39.0', 'x-api-version': '8', 'x-env': 'WEB', 'X-requested-with': 'XMLHttpRequest', 'X-token': 'f96bbe3a7e7f833329e7129767a69abbfa6dfce3152e3c2a311eb49d89b5c3bb2b12b66b402f03dce682b8b2b6a005cd'})
[2025-06-01 01:55:48] Récupération des données de vote pour Love And Romance (URL: love-and-romance1, HEADER:{'User-Agent': 'Mozilla/5.0 (X11; Linux i686; rv:39.0) Gecko/20100101 Firefox/39.0', 'x-api-version': '8', 'x-env': 'WEB', 'X-requested-with': 'XMLHttpRequest', 'X-token': 'f96bbe3a7e7f833329e7129767a69abbfa6dfce3152e3c2a311eb49d89b5c3bb2b12b66b402f03dce682b8b2b6a005cd'})
[2025-06-01 01:55:48] Récupération des données de vote pour Love And Romance (URL: love-and-romance1, HEADER:{'User-Agent': 'Mozilla/5.0 (X11; Linux i686; rv:39.0) Gecko/20100101 Firefox/39.0', 'x-api-version': '8', 'x-env': 'WEB', 'X-requested-with': 'XMLHttpRequest', 'X-token': 'f96bbe3a7e7f833329e7129767a69abbfa6dfce3152e3c2a311eb49d89b5c3bb2b12b66b402f03dce682b8b2b6a005cd'})
[2025-06-01 01:55:48] Récupération des données de vote pour Love And Romance (URL: love-and-romance1, HEADER:{'User-Agent': 'Mozilla/5.0 (X11; Linux i686; rv:39.0) Gecko/20100101 Firefox/39.0', 'x-api-version': '8', 'x-env': 'WEB', 'X-requested-with': 'XMLHttpRequest', 'X-token': 'f96bbe3a7e7f833329e7129767a69abbfa6dfce3152e3c2a311eb49d89b5c3bb2b12b66b402f03dce682b8b2b6a005cd'})
[2025-06-01 01:55:48] Récupération des données de vote pour Love And Romance (URL: love-and-romance1, HEADER:{'User-Agent': 'Mozilla/5.0 (X11; Linux i686; rv:39.0) Gecko/20100101 Firefox/39.0', 'x-api-version': '8', 'x-env': 'WEB', 'X-requested-with': 'XMLHttpRequest', 'X-token': 'f96bbe3a7e7f833329e7129767a69abbfa6dfce3152e3c2a311eb49d89b5c3bb2b12b66b402f03dce682b8b2b6a005cd'})
[2025-06-01 01:55:48] Récupération des données de vote pour Love And Romance (URL: love-and-romance1, HEADER:{'User-Agent': 'Mozilla/5.0 (X11; Linux i686; rv:39.0) Gecko/20100101 Firefox/39.0', 'x-api-version': '8', 'x-env': 'WEB', 'X-requested-with': 'XMLHttpRequest', 'X-token': 'f96bbe3a7e7f833329e7129767a69abbfa6dfce3152e3c2a311eb49d89b5c3bb2b12b66b402f03dce682b8b2b6a005cd'})
[2025-06-01 01:55:48] Récupération des données de vote pour Love And Romance (URL: love-and-romance1, HEADER:{'User-Agent': 'Mozilla/5.0 (X11; Linux i686; rv:39.0) Gecko/20100101 Firefox/39.0', 'x-api-version': '8', 'x-env': 'WEB', 'X-requested-with': 'XMLHttpRequest', 'X-token': 'f96bbe3a7e7f833329e7129767a69abbfa6dfce3152e3c2a311eb49d89b5c3bb2b12b66b402f03dce682b8b2b6a005cd'})
[2025-06-01 01:55:48] Récupération des données de vote pour Love And Romance (URL: love-and-romance1, HEADER:{'User-Agent': 'Mozilla/5.0 (X11; Linux i686; rv:39.0) Gecko/20100101 Firefox/39.0', 'x-api-version': '8', 'x-env': 'WEB', 'X-requested-with': 'XMLHttpRequest', 'X-token': 'f96bbe3a7e7f833329e7129767a69abbfa6dfce3152e3c2a311eb49d89b5c3bb2b12b66b402f03dce682b8b2b6a005cd'})
[2025-06-01 01:55:48] Récupération des données de vote pour Love And Romance (URL: love-and-romance1, HEADER:{'User-Agent': 'Mozilla/5.0 (X11; Linux i686; rv:39.0) Gecko/20100101 Firefox/39.0', 'x-api-version': '8', 'x-env': 'WEB', 'X-requested-with': 'XMLHttpRequest', 'X-token': 'f96bbe3a7e7f833329e7129767a69abbfa6dfce3152e3c2a311eb49d89b5c3bb2b12b66b402f03dce682b8b2b6a005cd'})
[2025-06-01 01:55:48] Récupération des données de vote pour Love And Romance (URL: love-and-romance1, HEADER:{'User-Agent': 'Mozilla/5.0 (X11; Linux i686; rv:39.0) Gecko/20100101 Firefox/39.0', 'x-api-version': '8', 'x-env': 'WEB', 'X-requested-with': 'XMLHttpRequest', 'X-token': 'f96bbe3a7e7f833329e7129767a69abbfa6dfce3152e3c2a311eb49d89b5c3bb2b12b66b402f03dce682b8b2b6a005cd'})
[2025-06-01 01:55:48] Récupération des données de vote pour Love And Romance (URL: love-and-romance1, HEADER:{'User-Agent': 'Mozilla/5.0 (X11; Linux i686; rv:39.0) Gecko/20100101 Firefox/39.0', 'x-api-version': '8', 'x-env': 'WEB', 'X-requested-with': 'XMLHttpRequest', 'X-token': 'f96bbe3a7e7f833329e7129767a69abbfa6dfce3152e3c2a311eb49d89b5c3bb2b12b66b402f03dce682b8b2b6a005cd'})
[2025-06-01 01:55:48] Récupération des données de vote pour Love And Romance (URL: love-and-romance1, HEADER:{'User-Agent': 'Mozilla/5.0 (X11; Linux i686; rv:39.0) Gecko/20100101 Firefox/39.0', 'x-api-version': '8', 'x-env': 'WEB', 'X-requested-with': 'XMLHttpRequest', 'X-token': 'f96bbe3a7e7f833329e7129767a69abbfa6dfce3152e3c2a311eb49d89b5c3bb2b12b66b402f03dce682b8b2b6a005cd'})
[2025-06-01 01:55:48] Récupération des données de vote pour Love And Romance (URL: love-and-romance1, HEADER:{'User-Agent': 'Mozilla/5.0 (X11; Linux i686; rv:39.0) Gecko/20100101 Firefox/39.0', 'x-api-version': '8', 'x-env': 'WEB', 'X-requested-with': 'XMLHttpRequest', 'X-token': 'f96bbe3a7e7f833329e7129767a69abbfa6dfce3152e3c2a311eb49d89b5c3bb2b12b66b402f03dce682b8b2b6a005cd'})
[2025-06-01 01:55:48] Récupération des données de vote pour Love And Romance (URL: love-and-romance1, HEADER:{'User-Agent': 'Mozilla/5.0 (X11; Linux i686; rv:39.0) Gecko/20100101 Firefox/39.0', 'x-api-version': '8', 'x-env': 'WEB', 'X-requested-with': 'XMLHttpRequest', 'X-token': 'f96bbe3a7e7f833329e7129767a69abbfa6dfce3152e3c2a311eb49d89b5c3bb2b12b66b402f03dce682b8b2b6a005cd'})
[2025-06-01 01:55:48] Récupération des données de vote pour Love And Romance (URL: love-and-romance1, HEADER:{'User-Agent': 'Mozilla/5.0 (X11; Linux i686; rv:39.0) Gecko/20100101 Firefox/39.0', 'x-api-version': '8', 'x-env': 'WEB', 'X-requested-with': 'XMLHttpRequest', 'X-token': 'f96bbe3a7e7f833329e7129767a69abbfa6dfce3152e3c2a311eb49d89b5c3bb2b12b66b402f03dce682b8b2b6a005cd'})
[2025-06-01 01:55:48] Récupération des données de vote pour Love And Romance (URL: love-and-romance1, HEADER:{'User-Agent': 'Mozilla/5.0 (X11; Linux i686; rv:39.0) Gecko/20100101 Firefox/39.0', 'x-api-version': '8', 'x-env': 'WEB', 'X-requested-with': 'XMLHttpRequest', 'X-token': 'f96bbe3a7e7f833329e7129767a69abbfa6dfce3152e3c2a311eb49d89b5c3bb2b12b66b402f03dce682b8b2b6a005cd'})
[2025-06-01 01:55:48] Récupération des données de vote pour Love And Romance (URL: love-and-romance1, HEADER:{'User-Agent': 'Mozilla/5.0 (X11; Linux i686; rv:39.0) Gecko/20100101 Firefox/39.0', 'x-api-version': '8', 'x-env': 'WEB', 'X-requested-with': 'XMLHttpRequest', 'X-token': 'f96bbe3a7e7f833329e7129767a69abbfa6dfce3152e3c2a311eb49d89b5c3bb2b12b66b402f03dce682b8b2b6a005cd'})
[2025-06-01 01:55:48] Récupération des données de vote pour Love And Romance (URL: love-and-romance1, HEADER:{'User-Agent': 'Mozilla/5.0 (X11; Linux i686; rv:39.0) Gecko/20100101 Firefox/39.0', 'x-api-version': '8', 'x-env': 'WEB', 'X-requested-with': 'XMLHttpRequest', 'X-token': 'f96bbe3a7e7f833329e7129767a69abbfa6dfce3152e3c2a311eb49d89b5c3bb2b12b66b402f03dce682b8b2b6a005cd'})
[2025-06-01 01:55:48] Récupération des données de vote pour Love And Romance (URL: love-and-romance1, HEADER:{'User-Agent': 'Mozilla/5.0 (X11; Linux i686; rv:39.0) Gecko/20100101 Firefox/39.0', 'x-api-version': '8', 'x-env': 'WEB', 'X-requested-with': 'XMLHttpRequest', 'X-token': 'f96bbe3a7e7f833329e7129767a69abbfa6dfce3152e3c2a311eb49d89b5c3bb2b12b66b402f03dce682b8b2b6a005cd'})
[2025-06-01 01:55:48] Récupération des données de vote pour Love And Romance (URL: love-and-romance1, HEADER:{'User-Agent': 'Mozilla/5.0 (X11; Linux i686; rv:39.0) Gecko/20100101 Firefox/39.0', 'x-api-version': '8', 'x-env': 'WEB', 'X-requested-with': 'XMLHttpRequest', 'X-token': 'f96bbe3a7e7f833329e7129767a69abbfa6dfce3152e3c2a311eb49d89b5c3bb2b12b66b402f03dce682b8b2b6a005cd'})
[2025-06-01 01:55:48] Récupération des données de vote pour Love And Romance (URL: love-and-romance1, HEADER:{'User-Agent': 'Mozilla/5.0 (X11; Linux i686; rv:39.0) Gecko/20100101 Firefox/39.0', 'x-api-version': '8', 'x-env': 'WEB', 'X-requested-with': 'XMLHttpRequest', 'X-token': 'f96bbe3a7e7f833329e7129767a69abbfa6dfce3152e3c2a311eb49d89b5c3bb2b12b66b402f03dce682b8b2b6a005cd'})
[2025-06-01 01:55:48] Récupération des données de vote pour Love And Romance (URL: love-and-romance1, HEADER:{'User-Agent': 'Mozilla/5.0 (X11; Linux i686; rv:39.0) Gecko/20100101 Firefox/39.0', 'x-api-version': '8', 'x-env': 'WEB', 'X-requested-with': 'XMLHttpRequest', 'X-token': 'f96bbe3a7e7f833329e7129767a69abbfa6dfce3152e3c2a311eb49d89b5c3bb2b12b66b402f03dce682b8b2b6a005cd'})
[2025-06-01 01:55:48] Récupération des données de vote pour Love And Romance (URL: love-and-romance1, HEADER:{'User-Agent': 'Mozilla/5.0 (X11; Linux i686; rv:39.0) Gecko/20100101 Firefox/39.0', 'x-api-version': '8', 'x-env': 'WEB', 'X-requested-with': 'XMLHttpRequest', 'X-token': 'f96bbe3a7e7f833329e7129767a69abbfa6dfce3152e3c2a311eb49d89b5c3bb2b12b66b402f03dce682b8b2b6a005cd'})
[2025-06-01 01:55:48] Récupération des données de vote pour Love And Romance (URL: love-and-romance1, HEADER:{'User-Agent': 'Mozilla/5.0 (X11; Linux i686; rv:39.0) Gecko/20100101 Firefox/39.0', 'x-api-version': '8', 'x-env': 'WEB', 'X-requested-with': 'XMLHttpRequest', 'X-token': 'f96bbe3a7e7f833329e7129767a69abbfa6dfce3152e3c2a311eb49d89b5c3bb2b12b66b402f03dce682b8b2b6a005cd'})
[2025-06-01 01:55:49] Récupération des données de vote pour Love And Romance (URL: love-and-romance1, HEADER:{'User-Agent': 'Mozilla/5.0 (X11; Linux i686; rv:39.0) Gecko/20100101 Firefox/39.0', 'x-api-version': '8', 'x-env': 'WEB', 'X-requested-with': 'XMLHttpRequest', 'X-token': 'f96bbe3a7e7f833329e7129767a69abbfa6dfce3152e3c2a311eb49d89b5c3bb2b12b66b402f03dce682b8b2b6a005cd'})
[2025-06-01 01:55:49] Récupération des données de vote pour Love And Romance (URL: love-and-romance1, HEADER:{'User-Agent': 'Mozilla/5.0 (X11; Linux i686; rv:39.0) Gecko/20100101 Firefox/39.0', 'x-api-version': '8', 'x-env': 'WEB', 'X-requested-with': 'XMLHttpRequest', 'X-token': 'f96bbe3a7e7f833329e7129767a69abbfa6dfce3152e3c2a311eb49d89b5c3bb2b12b66b402f03dce682b8b2b6a005cd'})
[2025-06-01 01:55:49] Récupération des données de vote pour Love And Romance (URL: love-and-romance1, HEADER:{'User-Agent': 'Mozilla/5.0 (X11; Linux i686; rv:39.0) Gecko/20100101 Firefox/39.0', 'x-api-version': '8', 'x-env': 'WEB', 'X-requested-with': 'XMLHttpRequest', 'X-token': 'f96bbe3a7e7f833329e7129767a69abbfa6dfce3152e3c2a311eb49d89b5c3bb2b12b66b402f03dce682b8b2b6a005cd'})
[2025-06-01 01:55:49] Récupération des données de vote pour Love And Romance (URL: love-and-romance1, HEADER:{'User-Agent': 'Mozilla/5.0 (X11; Linux i686; rv:39.0) Gecko/20100101 Firefox/39.0', 'x-api-version': '8', 'x-env': 'WEB', 'X-requested-with': 'XMLHttpRequest', 'X-token': 'f96bbe3a7e7f833329e7129767a69abbfa6dfce3152e3c2a311eb49d89b5c3bb2b12b66b402f03dce682b8b2b6a005cd'})
[2025-06-01 01:55:49] Récupération des données de vote pour Love And Romance (URL: love-and-romance1, HEADER:{'User-Agent': 'Mozilla/5.0 (X11; Linux i686; rv:39.0) Gecko/20100101 Firefox/39.0', 'x-api-version': '8', 'x-env': 'WEB', 'X-requested-with': 'XMLHttpRequest', 'X-token': 'f96bbe3a7e7f833329e7129767a69abbfa6dfce3152e3c2a311eb49d89b5c3bb2b12b66b402f03dce682b8b2b6a005cd'})
[2025-06-01 01:55:49] Récupération des données de vote pour Love And Romance (URL: love-and-romance1, HEADER:{'User-Agent': 'Mozilla/5.0 (X11; Linux i686; rv:39.0) Gecko/20100101 Firefox/39.0', 'x-api-version': '8', 'x-env': 'WEB', 'X-requested-with': 'XMLHttpRequest', 'X-token': 'f96bbe3a7e7f833329e7129767a69abbfa6dfce3152e3c2a311eb49d89b5c3bb2b12b66b402f03dce682b8b2b6a005cd'})
[2025-06-01 01:55:49] Récupération réussie: 200 images pour Love And Romance
[2025-06-01 01:55:49] Voting fetching ...
[2025-06-01 01:55:49] Love And Romance voting 10 images
[2025-06-01 01:55:49] Stratégie chargée depuis gsgui.ini pour pascale/Favorite Animal: end2
[2025-06-01 01:55:50] Récupération réussie: 200 images pour Love And Romance
[2025-06-01 01:55:50] Voting fetching ...
[2025-06-01 01:55:50] Love And Romance voting 10 images
[2025-06-01 01:55:50] Stratégie chargée depuis gsgui.ini pour pascale/Favorite Animal: end2
[2025-06-01 01:55:50] Récupération réussie: 200 images pour Love And Romance
[2025-06-01 01:55:50] Voting fetching ...
[2025-06-01 01:55:50] Love And Romance voting 10 images
[2025-06-01 01:55:50] Stratégie chargée depuis gsgui.ini pour pascale/Favorite Animal: end2
[2025-06-01 01:55:50] Récupération réussie: 200 images pour Love And Romance
[2025-06-01 01:55:50] Voting fetching ...
[2025-06-01 01:55:50] Love And Romance voting 10 images
[2025-06-01 01:55:50] Stratégie chargée depuis gsgui.ini pour pascale/Favorite Animal: end2
[2025-06-01 01:55:50] Récupération réussie: 200 images pour Love And Romance
[2025-06-01 01:55:50] Voting fetching ...
[2025-06-01 01:55:50] Love And Romance voting 10 images
[2025-06-01 01:55:50] Stratégie chargée depuis gsgui.ini pour pascale/Favorite Animal: end2
[2025-06-01 01:55:50] Récupération réussie: 200 images pour Love And Romance
[2025-06-01 01:55:50] Voting fetching ...
[2025-06-01 01:55:50] Love And Romance voting 10 images
[2025-06-01 01:55:50] Stratégie chargée depuis gsgui.ini pour pascale/Favorite Animal: end2
[2025-06-01 01:55:50] Récupération réussie: 200 images pour Love And Romance
[2025-06-01 01:55:50] Voting fetching ...
[2025-06-01 01:55:50] Love And Romance voting 10 images
[2025-06-01 01:55:50] Stratégie chargée depuis gsgui.ini pour pascale/Favorite Animal: end2
[2025-06-01 01:55:50] Récupération réussie: 200 images pour Love And Romance
[2025-06-01 01:55:50] Voting fetching ...
[2025-06-01 01:55:50] Love And Romance voting 10 images
[2025-06-01 01:55:50] Stratégie chargée depuis gsgui.ini pour pascale/Favorite Animal: end2
[2025-06-01 01:55:50] Récupération réussie: 200 images pour Love And Romance
[2025-06-01 01:55:50] Voting fetching ...
[2025-06-01 01:55:50] Love And Romance voting 10 images
[2025-06-01 01:55:50] Stratégie chargée depuis gsgui.ini pour pascale/Favorite Animal: end2
[2025-06-01 01:55:50] Récupération réussie: 200 images pour Love And Romance
[2025-06-01 01:55:50] Voting fetching ...
[2025-06-01 01:55:50] Love And Romance voting 10 images
[2025-06-01 01:55:50] Stratégie chargée depuis gsgui.ini pour pascale/Favorite Animal: end2
[2025-06-01 01:55:50] Récupération réussie: 200 images pour Love And Romance
[2025-06-01 01:55:50] Voting fetching ...
[2025-06-01 01:55:50] Love And Romance voting 10 images
[2025-06-01 01:55:50] Stratégie chargée depuis gsgui.ini pour pascale/Favorite Animal: end2
[2025-06-01 01:55:50] Récupération réussie: 200 images pour Love And Romance
[2025-06-01 01:55:50] Voting fetching ...
[2025-06-01 01:55:50] Love And Romance voting 10 images
[2025-06-01 01:55:50] Stratégie chargée depuis gsgui.ini pour pascale/Favorite Animal: end2
[2025-06-01 01:55:50] Récupération réussie: 200 images pour Love And Romance
[2025-06-01 01:55:50] Voting fetching ...
[2025-06-01 01:55:50] Love And Romance voting 10 images
[2025-06-01 01:55:50] Stratégie chargée depuis gsgui.ini pour pascale/Favorite Animal: end2
[2025-06-01 01:55:50] Récupération réussie: 200 images pour Love And Romance
[2025-06-01 01:55:50] Voting fetching ...
[2025-06-01 01:55:50] Love And Romance voting 10 images
[2025-06-01 01:55:50] Stratégie chargée depuis gsgui.ini pour pascale/Favorite Animal: end2
[2025-06-01 01:55:50] Récupération réussie: 200 images pour Love And Romance
[2025-06-01 01:55:50] Voting fetching ...
[2025-06-01 01:55:50] Love And Romance voting 10 images
[2025-06-01 01:55:51] Stratégie chargée depuis gsgui.ini pour pascale/Favorite Animal: end2
[2025-06-01 01:55:51] Récupération réussie: 200 images pour Love And Romance
[2025-06-01 01:55:51] Voting fetching ...
[2025-06-01 01:55:51] Love And Romance voting 10 images
[2025-06-01 01:55:51] Stratégie chargée depuis gsgui.ini pour pascale/Favorite Animal: end2
[2025-06-01 01:55:51] Récupération réussie: 200 images pour Love And Romance
[2025-06-01 01:55:51] Voting fetching ...
[2025-06-01 01:55:51] Love And Romance voting 10 images
[2025-06-01 01:55:51] Stratégie chargée depuis gsgui.ini pour pascale/Favorite Animal: end2
[2025-06-01 01:55:51] Récupération réussie: 200 images pour Love And Romance
[2025-06-01 01:55:51] Voting fetching ...
[2025-06-01 01:55:51] Love And Romance voting 10 images
[2025-06-01 01:55:51] Stratégie chargée depuis gsgui.ini pour pascale/Favorite Animal: end2
[2025-06-01 01:55:51] Récupération réussie: 200 images pour Love And Romance
[2025-06-01 01:55:51] Voting fetching ...
[2025-06-01 01:55:51] Love And Romance voting 10 images
[2025-06-01 01:55:51] Stratégie chargée depuis gsgui.ini pour pascale/Favorite Animal: end2
[2025-06-01 01:55:51] Récupération réussie: 200 images pour Love And Romance
[2025-06-01 01:55:51] Voting fetching ...
[2025-06-01 01:55:51] Love And Romance voting 10 images
[2025-06-01 01:55:51] Stratégie chargée depuis gsgui.ini pour pascale/Favorite Animal: end2
[2025-06-01 01:55:51] Récupération réussie: 200 images pour Love And Romance
[2025-06-01 01:55:51] Voting fetching ...
[2025-06-01 01:55:51] Love And Romance voting 10 images
[2025-06-01 01:55:51] Stratégie chargée depuis gsgui.ini pour pascale/Favorite Animal: end2
[2025-06-01 01:55:51] Récupération réussie: 200 images pour Love And Romance
[2025-06-01 01:55:51] Voting fetching ...
[2025-06-01 01:55:51] Love And Romance voting 10 images
[2025-06-01 01:55:51] Stratégie chargée depuis gsgui.ini pour pascale/Favorite Animal: end2
[2025-06-01 01:55:51] Récupération réussie: 200 images pour Love And Romance
[2025-06-01 01:55:51] Voting fetching ...
[2025-06-01 01:55:51] Love And Romance voting 10 images
[2025-06-01 01:55:51] Stratégie chargée depuis gsgui.ini pour pascale/Favorite Animal: end2
[2025-06-01 01:55:51] Récupération réussie: 200 images pour Love And Romance
[2025-06-01 01:55:51] Voting fetching ...
[2025-06-01 01:55:51] Love And Romance voting 10 images
[2025-06-01 01:55:51] Stratégie chargée depuis gsgui.ini pour pascale/Favorite Animal: end2
[2025-06-01 01:55:51] Récupération réussie: 200 images pour Love And Romance
[2025-06-01 01:55:51] Voting fetching ...
[2025-06-01 01:55:51] Love And Romance voting 10 images
[2025-06-01 01:55:51] Stratégie chargée depuis gsgui.ini pour pascale/Favorite Animal: end2
[2025-06-01 01:55:51] Récupération réussie: 200 images pour Love And Romance
[2025-06-01 01:55:51] Voting fetching ...
[2025-06-01 01:55:51] Love And Romance voting 10 images
[2025-06-01 01:55:51] Stratégie chargée depuis gsgui.ini pour pascale/Favorite Animal: end2
[2025-06-01 01:55:51] Récupération réussie: 200 images pour Love And Romance
[2025-06-01 01:55:51] Voting fetching ...
[2025-06-01 01:55:51] Love And Romance voting 10 images
[2025-06-01 01:55:51] Stratégie chargée depuis gsgui.ini pour pascale/Favorite Animal: end2
[2025-06-01 01:55:51] Récupération réussie: 200 images pour Love And Romance
[2025-06-01 01:55:51] Voting fetching ...
[2025-06-01 01:55:51] Love And Romance voting 10 images
[2025-06-01 01:55:51] Stratégie chargée depuis gsgui.ini pour pascale/Favorite Animal: end2
[2025-06-01 01:55:51] Récupération réussie: 200 images pour Love And Romance
[2025-06-01 01:55:51] Voting fetching ...
[2025-06-01 01:55:51] Love And Romance voting 10 images
[2025-06-01 01:55:51] Stratégie chargée depuis gsgui.ini pour pascale/Favorite Animal: end2
[2025-06-01 01:55:52] Récupération réussie: 200 images pour Love And Romance
[2025-06-01 01:55:52] Voting fetching ...
[2025-06-01 01:55:52] Love And Romance voting 10 images
[2025-06-01 01:55:52] Stratégie chargée depuis gsgui.ini pour pascale/Favorite Animal: end2
[2025-06-01 01:55:52] Love And Romance voted successfully
[2025-06-01 01:55:52] Processus supprimé pour bruno: love-and-romance1-vote-100-left-0H:4M - success
[2025-06-01 01:55:52] Processus mis à jour pour bruno: love-and-romance1-vote-100-left-0H:4M - success
[2025-06-01 01:55:52] Stratégie chargée depuis gsgui.ini pour pascale/Favorite Animal: end2
[2025-06-01 01:55:52] Processus love-and-romance1-vote-100-left-0H:4M terminé avec succès (profil: bruno)
[2025-06-01 01:55:54] Love And Romance voted successfully
[2025-06-01 01:55:58] Love And Romance voted successfully
[2025-06-01 01:56:00] Love And Romance voted successfully
[2025-06-01 01:56:03] Love And Romance voted successfully
[2025-06-01 01:56:05] Love And Romance voted successfully
[2025-06-01 01:56:07] Processus mis à jour pour pascale: love-and-romance1-vote-50-left-0H:3M - executing
[2025-06-01 01:56:07] Traitement de vote pour Love And Romance
[2025-06-01 01:56:07] Processus mis à jour pour pascale: love-and-romance1-vote-50-left-0H:3M - executing
[2025-06-01 01:56:07] Traitement de vote pour Love And Romance
[2025-06-01 01:56:07] Love And Romance voted successfully
[2025-06-01 01:56:09] Processus mis à jour pour pascale: love-and-romance1-vote-50-left-0H:3M - executing
[2025-06-01 01:56:09] Traitement de vote pour Love And Romance
[2025-06-01 01:56:10] Love And Romance voted successfully
[2025-06-01 01:56:12] Love And Romance voted successfully
[2025-06-01 01:56:15] Love And Romance voted successfully
[2025-06-01 01:56:17] Love And Romance voted successfully
[2025-06-01 01:56:19] Love And Romance voted successfully
[2025-06-01 01:56:21] Love And Romance voted successfully
[2025-06-01 01:56:23] Love And Romance voted successfully
[2025-06-01 01:56:25] Love And Romance voted successfully
[2025-06-01 01:56:28] Love And Romance voted successfully
[2025-06-01 01:56:34] Love And Romance voted successfully
[2025-06-01 01:56:37] Love And Romance voted successfully
[2025-06-01 01:56:39] Love And Romance voted successfully
[2025-06-01 01:56:41] Love And Romance voted successfully
[2025-06-01 01:56:45] Love And Romance voted successfully
[2025-06-01 01:56:47] Love And Romance voted successfully
[2025-06-01 01:56:49] Love And Romance voted successfully
[2025-06-01 01:56:51] Love And Romance voted successfully
[2025-06-01 01:56:53] Love And Romance voted successfully
[2025-06-01 01:56:55] Love And Romance voted successfully
[2025-06-01 01:56:58] Love And Romance voted successfully
[2025-06-01 01:57:00] Love And Romance voted successfully
[2025-06-01 01:57:04] Love And Romance voted successfully
[2025-06-01 01:57:07] Love And Romance voted successfully
[2025-06-01 01:57:09] Love And Romance get vote panel
[2025-06-01 01:57:09] Processus associé: love-and-romance1-vote-50-left-0H:3M
[2025-06-01 01:57:11] Processus mis à jour pour pascale: love-and-romance1-vote-50-left-0H:2M - executing
[2025-06-01 01:57:11] Traitement de vote pour Love And Romance
[2025-06-01 01:57:14] Processus mis à jour pour pascale: love-and-romance1-vote-50-left-0H:2M - executing
[2025-06-01 01:57:14] Traitement de vote pour Love And Romance
[2025-06-01 01:57:14] Processus mis à jour pour pascale: love-and-romance1-vote-50-left-0H:2M - executing
[2025-06-01 01:57:14] Traitement de vote pour Love And Romance
[2025-06-01 01:57:16] Love And Romance get vote panel
[2025-06-01 01:57:16] Processus associé: love-and-romance1-vote-50-left-0H:3M
[2025-06-01 01:57:23] Love And Romance get vote panel
[2025-06-01 01:57:23] Processus associé: love-and-romance1-vote-50-left-0H:3M
[2025-06-01 01:57:31] Processus suspect (format de date invalide): love-and-romance1-vote-100-left-0H:4M (profil: pascale)
[2025-06-01 01:57:31] Processus supprimé pour pascale: love-and-romance1-vote-100-left-0H:4M - zombie
[2025-06-01 01:57:31] Processus mis à jour pour pascale: love-and-romance1-vote-100-left-0H:4M - zombie
[2025-06-01 01:57:31] Stratégie chargée depuis gsgui.ini pour pascale/Favorite Animal: end2
[2025-06-01 01:57:31] Processus suspect (format de date invalide): love-and-romance1-vote-50-left-0H:2M (profil: pascale)
[2025-06-01 01:57:31] Processus supprimé pour pascale: love-and-romance1-vote-50-left-0H:2M - zombie
[2025-06-01 01:57:31] Processus mis à jour pour pascale: love-and-romance1-vote-50-left-0H:2M - zombie
[2025-06-01 01:57:31] Stratégie chargée depuis gsgui.ini pour pascale/Favorite Animal: end2
[2025-06-01 01:57:31] Récupération des données de vote pour Love And Romance (URL: love-and-romance1, HEADER:{'User-Agent': 'Mozilla/5.0 (X11; Linux i686; rv:39.0) Gecko/20100101 Firefox/39.0', 'x-api-version': '8', 'x-env': 'WEB', 'X-requested-with': 'XMLHttpRequest', 'X-token': 'f96bbe3a7e7f833329e7129767a69abbfa6dfce3152e3c2a311eb49d89b5c3bb2b12b66b402f03dce682b8b2b6a005cd'})
[2025-06-01 01:57:31] Récupération des données de vote pour Love And Romance (URL: love-and-romance1, HEADER:{'User-Agent': 'Mozilla/5.0 (X11; Linux i686; rv:39.0) Gecko/20100101 Firefox/39.0', 'x-api-version': '8', 'x-env': 'WEB', 'X-requested-with': 'XMLHttpRequest', 'X-token': 'f96bbe3a7e7f833329e7129767a69abbfa6dfce3152e3c2a311eb49d89b5c3bb2b12b66b402f03dce682b8b2b6a005cd'})
[2025-06-01 01:57:31] Récupération des données de vote pour Love And Romance (URL: love-and-romance1, HEADER:{'User-Agent': 'Mozilla/5.0 (X11; Linux i686; rv:39.0) Gecko/20100101 Firefox/39.0', 'x-api-version': '8', 'x-env': 'WEB', 'X-requested-with': 'XMLHttpRequest', 'X-token': 'f96bbe3a7e7f833329e7129767a69abbfa6dfce3152e3c2a311eb49d89b5c3bb2b12b66b402f03dce682b8b2b6a005cd'})
[2025-06-01 01:57:31] Récupération des données de vote pour Love And Romance (URL: love-and-romance1, HEADER:{'User-Agent': 'Mozilla/5.0 (X11; Linux i686; rv:39.0) Gecko/20100101 Firefox/39.0', 'x-api-version': '8', 'x-env': 'WEB', 'X-requested-with': 'XMLHttpRequest', 'X-token': 'f96bbe3a7e7f833329e7129767a69abbfa6dfce3152e3c2a311eb49d89b5c3bb2b12b66b402f03dce682b8b2b6a005cd'})
[2025-06-01 01:57:31] Récupération des données de vote pour Love And Romance (URL: love-and-romance1, HEADER:{'User-Agent': 'Mozilla/5.0 (X11; Linux i686; rv:39.0) Gecko/20100101 Firefox/39.0', 'x-api-version': '8', 'x-env': 'WEB', 'X-requested-with': 'XMLHttpRequest', 'X-token': 'f96bbe3a7e7f833329e7129767a69abbfa6dfce3152e3c2a311eb49d89b5c3bb2b12b66b402f03dce682b8b2b6a005cd'})
[2025-06-01 01:57:31] Récupération des données de vote pour Love And Romance (URL: love-and-romance1, HEADER:{'User-Agent': 'Mozilla/5.0 (X11; Linux i686; rv:39.0) Gecko/20100101 Firefox/39.0', 'x-api-version': '8', 'x-env': 'WEB', 'X-requested-with': 'XMLHttpRequest', 'X-token': 'f96bbe3a7e7f833329e7129767a69abbfa6dfce3152e3c2a311eb49d89b5c3bb2b12b66b402f03dce682b8b2b6a005cd'})
[2025-06-01 01:57:31] Récupération des données de vote pour Love And Romance (URL: love-and-romance1, HEADER:{'User-Agent': 'Mozilla/5.0 (X11; Linux i686; rv:39.0) Gecko/20100101 Firefox/39.0', 'x-api-version': '8', 'x-env': 'WEB', 'X-requested-with': 'XMLHttpRequest', 'X-token': 'f96bbe3a7e7f833329e7129767a69abbfa6dfce3152e3c2a311eb49d89b5c3bb2b12b66b402f03dce682b8b2b6a005cd'})
[2025-06-01 01:57:31] Récupération des données de vote pour Love And Romance (URL: love-and-romance1, HEADER:{'User-Agent': 'Mozilla/5.0 (X11; Linux i686; rv:39.0) Gecko/20100101 Firefox/39.0', 'x-api-version': '8', 'x-env': 'WEB', 'X-requested-with': 'XMLHttpRequest', 'X-token': 'f96bbe3a7e7f833329e7129767a69abbfa6dfce3152e3c2a311eb49d89b5c3bb2b12b66b402f03dce682b8b2b6a005cd'})
[2025-06-01 01:57:31] Récupération des données de vote pour Love And Romance (URL: love-and-romance1, HEADER:{'User-Agent': 'Mozilla/5.0 (X11; Linux i686; rv:39.0) Gecko/20100101 Firefox/39.0', 'x-api-version': '8', 'x-env': 'WEB', 'X-requested-with': 'XMLHttpRequest', 'X-token': 'f96bbe3a7e7f833329e7129767a69abbfa6dfce3152e3c2a311eb49d89b5c3bb2b12b66b402f03dce682b8b2b6a005cd'})
[2025-06-01 01:57:31] Récupération des données de vote pour Love And Romance (URL: love-and-romance1, HEADER:{'User-Agent': 'Mozilla/5.0 (X11; Linux i686; rv:39.0) Gecko/20100101 Firefox/39.0', 'x-api-version': '8', 'x-env': 'WEB', 'X-requested-with': 'XMLHttpRequest', 'X-token': 'f96bbe3a7e7f833329e7129767a69abbfa6dfce3152e3c2a311eb49d89b5c3bb2b12b66b402f03dce682b8b2b6a005cd'})
[2025-06-01 01:57:31] Récupération des données de vote pour Love And Romance (URL: love-and-romance1, HEADER:{'User-Agent': 'Mozilla/5.0 (X11; Linux i686; rv:39.0) Gecko/20100101 Firefox/39.0', 'x-api-version': '8', 'x-env': 'WEB', 'X-requested-with': 'XMLHttpRequest', 'X-token': 'f96bbe3a7e7f833329e7129767a69abbfa6dfce3152e3c2a311eb49d89b5c3bb2b12b66b402f03dce682b8b2b6a005cd'})
[2025-06-01 01:57:31] Récupération des données de vote pour Love And Romance (URL: love-and-romance1, HEADER:{'User-Agent': 'Mozilla/5.0 (X11; Linux i686; rv:39.0) Gecko/20100101 Firefox/39.0', 'x-api-version': '8', 'x-env': 'WEB', 'X-requested-with': 'XMLHttpRequest', 'X-token': 'f96bbe3a7e7f833329e7129767a69abbfa6dfce3152e3c2a311eb49d89b5c3bb2b12b66b402f03dce682b8b2b6a005cd'})
[2025-06-01 01:57:31] Récupération des données de vote pour Love And Romance (URL: love-and-romance1, HEADER:{'User-Agent': 'Mozilla/5.0 (X11; Linux i686; rv:39.0) Gecko/20100101 Firefox/39.0', 'x-api-version': '8', 'x-env': 'WEB', 'X-requested-with': 'XMLHttpRequest', 'X-token': 'f96bbe3a7e7f833329e7129767a69abbfa6dfce3152e3c2a311eb49d89b5c3bb2b12b66b402f03dce682b8b2b6a005cd'})
[2025-06-01 01:57:31] Récupération des données de vote pour Love And Romance (URL: love-and-romance1, HEADER:{'User-Agent': 'Mozilla/5.0 (X11; Linux i686; rv:39.0) Gecko/20100101 Firefox/39.0', 'x-api-version': '8', 'x-env': 'WEB', 'X-requested-with': 'XMLHttpRequest', 'X-token': 'f96bbe3a7e7f833329e7129767a69abbfa6dfce3152e3c2a311eb49d89b5c3bb2b12b66b402f03dce682b8b2b6a005cd'})
[2025-06-01 01:57:31] Récupération des données de vote pour Love And Romance (URL: love-and-romance1, HEADER:{'User-Agent': 'Mozilla/5.0 (X11; Linux i686; rv:39.0) Gecko/20100101 Firefox/39.0', 'x-api-version': '8', 'x-env': 'WEB', 'X-requested-with': 'XMLHttpRequest', 'X-token': 'f96bbe3a7e7f833329e7129767a69abbfa6dfce3152e3c2a311eb49d89b5c3bb2b12b66b402f03dce682b8b2b6a005cd'})
[2025-06-01 01:57:31] Love And Romance get vote panel
[2025-06-01 01:57:31] Processus associé: love-and-romance1-vote-50-left-0H:2M
[2025-06-01 01:57:40] Love And Romance get vote panel
[2025-06-01 01:57:40] Processus associé: love-and-romance1-vote-50-left-0H:2M
[2025-06-01 01:57:47] Love And Romance get vote panel
[2025-06-01 01:57:47] Processus associé: love-and-romance1-vote-50-left-0H:2M
[2025-06-01 01:57:53] Récupération des données de vote pour Love And Romance (URL: love-and-romance1, HEADER:{'User-Agent': 'Mozilla/5.0 (X11; Linux i686; rv:39.0) Gecko/20100101 Firefox/39.0', 'x-api-version': '8', 'x-env': 'WEB', 'X-requested-with': 'XMLHttpRequest', 'X-token': 'f96bbe3a7e7f833329e7129767a69abbfa6dfce3152e3c2a311eb49d89b5c3bb2b12b66b402f03dce682b8b2b6a005cd'})
[2025-06-01 01:57:53] Récupération des données de vote pour Love And Romance (URL: love-and-romance1, HEADER:{'User-Agent': 'Mozilla/5.0 (X11; Linux i686; rv:39.0) Gecko/20100101 Firefox/39.0', 'x-api-version': '8', 'x-env': 'WEB', 'X-requested-with': 'XMLHttpRequest', 'X-token': 'f96bbe3a7e7f833329e7129767a69abbfa6dfce3152e3c2a311eb49d89b5c3bb2b12b66b402f03dce682b8b2b6a005cd'})
[2025-06-01 01:57:53] Récupération des données de vote pour Love And Romance (URL: love-and-romance1, HEADER:{'User-Agent': 'Mozilla/5.0 (X11; Linux i686; rv:39.0) Gecko/20100101 Firefox/39.0', 'x-api-version': '8', 'x-env': 'WEB', 'X-requested-with': 'XMLHttpRequest', 'X-token': 'f96bbe3a7e7f833329e7129767a69abbfa6dfce3152e3c2a311eb49d89b5c3bb2b12b66b402f03dce682b8b2b6a005cd'})
[2025-06-01 01:57:53] Récupération des données de vote pour Love And Romance (URL: love-and-romance1, HEADER:{'User-Agent': 'Mozilla/5.0 (X11; Linux i686; rv:39.0) Gecko/20100101 Firefox/39.0', 'x-api-version': '8', 'x-env': 'WEB', 'X-requested-with': 'XMLHttpRequest', 'X-token': 'f96bbe3a7e7f833329e7129767a69abbfa6dfce3152e3c2a311eb49d89b5c3bb2b12b66b402f03dce682b8b2b6a005cd'})
[2025-06-01 01:57:53] Récupération des données de vote pour Love And Romance (URL: love-and-romance1, HEADER:{'User-Agent': 'Mozilla/5.0 (X11; Linux i686; rv:39.0) Gecko/20100101 Firefox/39.0', 'x-api-version': '8', 'x-env': 'WEB', 'X-requested-with': 'XMLHttpRequest', 'X-token': 'f96bbe3a7e7f833329e7129767a69abbfa6dfce3152e3c2a311eb49d89b5c3bb2b12b66b402f03dce682b8b2b6a005cd'})
[2025-06-01 01:57:53] Récupération des données de vote pour Love And Romance (URL: love-and-romance1, HEADER:{'User-Agent': 'Mozilla/5.0 (X11; Linux i686; rv:39.0) Gecko/20100101 Firefox/39.0', 'x-api-version': '8', 'x-env': 'WEB', 'X-requested-with': 'XMLHttpRequest', 'X-token': 'f96bbe3a7e7f833329e7129767a69abbfa6dfce3152e3c2a311eb49d89b5c3bb2b12b66b402f03dce682b8b2b6a005cd'})
[2025-06-01 01:57:53] Récupération des données de vote pour Love And Romance (URL: love-and-romance1, HEADER:{'User-Agent': 'Mozilla/5.0 (X11; Linux i686; rv:39.0) Gecko/20100101 Firefox/39.0', 'x-api-version': '8', 'x-env': 'WEB', 'X-requested-with': 'XMLHttpRequest', 'X-token': 'f96bbe3a7e7f833329e7129767a69abbfa6dfce3152e3c2a311eb49d89b5c3bb2b12b66b402f03dce682b8b2b6a005cd'})
[2025-06-01 01:57:53] Récupération des données de vote pour Love And Romance (URL: love-and-romance1, HEADER:{'User-Agent': 'Mozilla/5.0 (X11; Linux i686; rv:39.0) Gecko/20100101 Firefox/39.0', 'x-api-version': '8', 'x-env': 'WEB', 'X-requested-with': 'XMLHttpRequest', 'X-token': 'f96bbe3a7e7f833329e7129767a69abbfa6dfce3152e3c2a311eb49d89b5c3bb2b12b66b402f03dce682b8b2b6a005cd'})
[2025-06-01 01:57:53] Récupération des données de vote pour Love And Romance (URL: love-and-romance1, HEADER:{'User-Agent': 'Mozilla/5.0 (X11; Linux i686; rv:39.0) Gecko/20100101 Firefox/39.0', 'x-api-version': '8', 'x-env': 'WEB', 'X-requested-with': 'XMLHttpRequest', 'X-token': 'f96bbe3a7e7f833329e7129767a69abbfa6dfce3152e3c2a311eb49d89b5c3bb2b12b66b402f03dce682b8b2b6a005cd'})
[2025-06-01 01:57:53] Récupération des données de vote pour Love And Romance (URL: love-and-romance1, HEADER:{'User-Agent': 'Mozilla/5.0 (X11; Linux i686; rv:39.0) Gecko/20100101 Firefox/39.0', 'x-api-version': '8', 'x-env': 'WEB', 'X-requested-with': 'XMLHttpRequest', 'X-token': 'f96bbe3a7e7f833329e7129767a69abbfa6dfce3152e3c2a311eb49d89b5c3bb2b12b66b402f03dce682b8b2b6a005cd'})
[2025-06-01 01:57:53] Récupération des données de vote pour Love And Romance (URL: love-and-romance1, HEADER:{'User-Agent': 'Mozilla/5.0 (X11; Linux i686; rv:39.0) Gecko/20100101 Firefox/39.0', 'x-api-version': '8', 'x-env': 'WEB', 'X-requested-with': 'XMLHttpRequest', 'X-token': 'f96bbe3a7e7f833329e7129767a69abbfa6dfce3152e3c2a311eb49d89b5c3bb2b12b66b402f03dce682b8b2b6a005cd'})
[2025-06-01 01:57:53] Récupération des données de vote pour Love And Romance (URL: love-and-romance1, HEADER:{'User-Agent': 'Mozilla/5.0 (X11; Linux i686; rv:39.0) Gecko/20100101 Firefox/39.0', 'x-api-version': '8', 'x-env': 'WEB', 'X-requested-with': 'XMLHttpRequest', 'X-token': 'f96bbe3a7e7f833329e7129767a69abbfa6dfce3152e3c2a311eb49d89b5c3bb2b12b66b402f03dce682b8b2b6a005cd'})
[2025-06-01 01:57:53] Récupération des données de vote pour Love And Romance (URL: love-and-romance1, HEADER:{'User-Agent': 'Mozilla/5.0 (X11; Linux i686; rv:39.0) Gecko/20100101 Firefox/39.0', 'x-api-version': '8', 'x-env': 'WEB', 'X-requested-with': 'XMLHttpRequest', 'X-token': 'f96bbe3a7e7f833329e7129767a69abbfa6dfce3152e3c2a311eb49d89b5c3bb2b12b66b402f03dce682b8b2b6a005cd'})
[2025-06-01 01:57:53] Récupération des données de vote pour Love And Romance (URL: love-and-romance1, HEADER:{'User-Agent': 'Mozilla/5.0 (X11; Linux i686; rv:39.0) Gecko/20100101 Firefox/39.0', 'x-api-version': '8', 'x-env': 'WEB', 'X-requested-with': 'XMLHttpRequest', 'X-token': 'f96bbe3a7e7f833329e7129767a69abbfa6dfce3152e3c2a311eb49d89b5c3bb2b12b66b402f03dce682b8b2b6a005cd'})
[2025-06-01 01:57:53] Récupération des données de vote pour Love And Romance (URL: love-and-romance1, HEADER:{'User-Agent': 'Mozilla/5.0 (X11; Linux i686; rv:39.0) Gecko/20100101 Firefox/39.0', 'x-api-version': '8', 'x-env': 'WEB', 'X-requested-with': 'XMLHttpRequest', 'X-token': 'f96bbe3a7e7f833329e7129767a69abbfa6dfce3152e3c2a311eb49d89b5c3bb2b12b66b402f03dce682b8b2b6a005cd'})
[2025-06-01 01:57:54] Récupération réussie: 200 images pour Love And Romance
[2025-06-01 01:57:54] Voting fetching ...
[2025-06-01 01:57:54] Love And Romance voting 10 images
[2025-06-01 01:57:54] Stratégie chargée depuis gsgui.ini pour pascale/Favorite Animal: end2
[2025-06-01 01:57:54] Récupération réussie: 200 images pour Love And Romance
[2025-06-01 01:57:54] Voting fetching ...
[2025-06-01 01:57:54] Love And Romance voting 10 images
[2025-06-01 01:57:54] Stratégie chargée depuis gsgui.ini pour pascale/Favorite Animal: end2
[2025-06-01 01:57:54] Récupération réussie: 200 images pour Love And Romance
[2025-06-01 01:57:54] Voting fetching ...
[2025-06-01 01:57:54] Love And Romance voting 10 images
[2025-06-01 01:57:54] Stratégie chargée depuis gsgui.ini pour pascale/Favorite Animal: end2
[2025-06-01 01:57:55] Récupération réussie: 200 images pour Love And Romance
[2025-06-01 01:57:55] Voting fetching ...
[2025-06-01 01:57:55] Love And Romance voting 10 images
[2025-06-01 01:57:55] Stratégie chargée depuis gsgui.ini pour pascale/Favorite Animal: end2
[2025-06-01 01:57:55] Récupération réussie: 200 images pour Love And Romance
[2025-06-01 01:57:55] Voting fetching ...
[2025-06-01 01:57:55] Love And Romance voting 10 images
[2025-06-01 01:57:55] Stratégie chargée depuis gsgui.ini pour pascale/Favorite Animal: end2
[2025-06-01 01:57:55] Récupération réussie: 200 images pour Love And Romance
[2025-06-01 01:57:55] Voting fetching ...
[2025-06-01 01:57:55] Love And Romance voting 10 images
[2025-06-01 01:57:55] Stratégie chargée depuis gsgui.ini pour pascale/Favorite Animal: end2
[2025-06-01 01:57:55] Récupération réussie: 200 images pour Love And Romance
[2025-06-01 01:57:55] Voting fetching ...
[2025-06-01 01:57:55] Love And Romance voting 10 images
[2025-06-01 01:57:55] Stratégie chargée depuis gsgui.ini pour pascale/Favorite Animal: end2
[2025-06-01 01:57:55] Récupération réussie: 200 images pour Love And Romance
[2025-06-01 01:57:55] Voting fetching ...
[2025-06-01 01:57:55] Love And Romance voting 10 images
[2025-06-01 01:57:55] Stratégie chargée depuis gsgui.ini pour pascale/Favorite Animal: end2
[2025-06-01 01:57:55] Récupération réussie: 200 images pour Love And Romance
[2025-06-01 01:57:55] Voting fetching ...
[2025-06-01 01:57:55] Love And Romance voting 10 images
[2025-06-01 01:57:55] Stratégie chargée depuis gsgui.ini pour pascale/Favorite Animal: end2
[2025-06-01 01:57:55] Récupération réussie: 200 images pour Love And Romance
[2025-06-01 01:57:55] Voting fetching ...
[2025-06-01 01:57:55] Love And Romance voting 10 images
[2025-06-01 01:57:55] Stratégie chargée depuis gsgui.ini pour pascale/Favorite Animal: end2
[2025-06-01 01:57:55] Récupération réussie: 200 images pour Love And Romance
[2025-06-01 01:57:55] Voting fetching ...
[2025-06-01 01:57:55] Love And Romance voting 10 images
[2025-06-01 01:57:55] Stratégie chargée depuis gsgui.ini pour pascale/Favorite Animal: end2
[2025-06-01 01:57:55] Récupération réussie: 200 images pour Love And Romance
[2025-06-01 01:57:55] Voting fetching ...
[2025-06-01 01:57:55] Love And Romance voting 10 images
[2025-06-01 01:57:55] Stratégie chargée depuis gsgui.ini pour pascale/Favorite Animal: end2
[2025-06-01 01:57:55] Récupération réussie: 200 images pour Love And Romance
[2025-06-01 01:57:55] Voting fetching ...
[2025-06-01 01:57:55] Love And Romance voting 10 images
[2025-06-01 01:57:55] Stratégie chargée depuis gsgui.ini pour pascale/Favorite Animal: end2
[2025-06-01 01:57:55] Récupération réussie: 200 images pour Love And Romance
[2025-06-01 01:57:55] Voting fetching ...
[2025-06-01 01:57:55] Love And Romance voting 10 images
[2025-06-01 01:57:55] Stratégie chargée depuis gsgui.ini pour pascale/Favorite Animal: end2
[2025-06-01 01:57:55] Récupération réussie: 200 images pour Love And Romance
[2025-06-01 01:57:55] Voting fetching ...
[2025-06-01 01:57:55] Love And Romance voting 10 images
[2025-06-01 01:57:55] Stratégie chargée depuis gsgui.ini pour pascale/Favorite Animal: end2
[2025-06-01 01:57:55] Récupération réussie: 200 images pour Love And Romance
[2025-06-01 01:57:55] Voting fetching ...
[2025-06-01 01:57:55] Love And Romance voting 10 images
[2025-06-01 01:57:55] Stratégie chargée depuis gsgui.ini pour pascale/Favorite Animal: end2
[2025-06-01 01:57:55] Récupération réussie: 200 images pour Love And Romance
[2025-06-01 01:57:55] Voting fetching ...
[2025-06-01 01:57:55] Love And Romance voting 10 images
[2025-06-01 01:57:55] Stratégie chargée depuis gsgui.ini pour pascale/Favorite Animal: end2
[2025-06-01 01:57:55] Récupération réussie: 200 images pour Love And Romance
[2025-06-01 01:57:55] Voting fetching ...
[2025-06-01 01:57:55] Love And Romance voting 10 images
[2025-06-01 01:57:55] Stratégie chargée depuis gsgui.ini pour pascale/Favorite Animal: end2
[2025-06-01 01:57:55] Challenges fetching ...
[2025-06-01 01:57:55] Lancement automatique des stratégies de fin pour 1 nouveaux challenges...
[2025-06-01 01:57:55] Nouveau challenge détecté pour pascale: Healthy Living
[2025-06-01 01:57:55] Challenges fetched successfully for pascale!
[2025-06-01 01:57:55] Récupération réussie: 200 images pour Love And Romance
[2025-06-01 01:57:55] Voting fetching ...
[2025-06-01 01:57:55] Love And Romance voting 10 images
[2025-06-01 01:57:56] Récupération réussie: 200 images pour Love And Romance
[2025-06-01 01:57:56] Voting fetching ...
[2025-06-01 01:57:56] Love And Romance voting 10 images
[2025-06-01 01:57:56] Récupération réussie: 200 images pour Love And Romance
[2025-06-01 01:57:56] Voting fetching ...
[2025-06-01 01:57:56] Love And Romance voting 10 images
[2025-06-01 01:57:56] Récupération réussie: 200 images pour Love And Romance
[2025-06-01 01:57:56] Voting fetching ...
[2025-06-01 01:57:56] Love And Romance voting 10 images
[2025-06-01 01:57:56] Récupération réussie: 200 images pour Love And Romance
[2025-06-01 01:57:56] Voting fetching ...
[2025-06-01 01:57:56] Love And Romance voting 10 images
[2025-06-01 01:57:56] Récupération réussie: 200 images pour Love And Romance
[2025-06-01 01:57:56] Voting fetching ...
[2025-06-01 01:57:56] Love And Romance voting 10 images
[2025-06-01 01:57:56] Récupération réussie: 200 images pour Love And Romance
[2025-06-01 01:57:56] Voting fetching ...
[2025-06-01 01:57:56] Love And Romance voting 10 images
[2025-06-01 01:57:56] Récupération réussie: 200 images pour Love And Romance
[2025-06-01 01:57:56] Voting fetching ...
[2025-06-01 01:57:56] Love And Romance voting 10 images
[2025-06-01 01:57:56] Récupération réussie: 200 images pour Love And Romance
[2025-06-01 01:57:56] Voting fetching ...
[2025-06-01 01:57:56] Love And Romance voting 10 images
[2025-06-01 01:57:56] Récupération réussie: 200 images pour Love And Romance
[2025-06-01 01:57:56] Voting fetching ...
[2025-06-01 01:57:56] Love And Romance voting 10 images
[2025-06-01 01:57:56] Challenges fetching ...
[2025-06-01 01:57:56] Challenges fetched successfully for pascale!
[2025-06-01 01:57:56] Challenges fetching ...
[2025-06-01 01:57:56] Challenges fetched successfully for pascale!
[2025-06-01 01:57:56] Challenges fetching ...
[2025-06-01 01:57:56] Challenges fetched successfully for pascale!
[2025-06-01 01:57:56] Challenges fetching ...
[2025-06-01 01:57:56] Challenges fetched successfully for pascale!
[2025-06-01 01:57:56] Challenges fetching ...
[2025-06-01 01:57:56] Challenges fetched successfully for pascale!
[2025-06-01 01:57:56] Challenges fetching ...
[2025-06-01 01:57:57] Challenges fetched successfully for pascale!
[2025-06-01 01:57:57] Challenges fetching ...
[2025-06-01 01:57:57] Challenges fetched successfully for pascale!
[2025-06-01 01:57:57] Challenges fetching ...
[2025-06-01 01:57:57] Challenges fetched successfully for pascale!
[2025-06-01 01:57:57] Challenges fetching ...
[2025-06-01 01:57:57] Challenges fetched successfully for pascale!
[2025-06-01 01:57:57] Challenges fetching ...
[2025-06-01 01:57:57] Challenges fetched successfully for pascale!
[2025-06-01 01:57:57] Challenges fetching ...
[2025-06-01 01:57:57] Challenges fetched successfully for pascale!
[2025-06-01 01:57:57] Challenges fetching ...
[2025-06-01 01:57:57] Challenges fetched successfully for pascale!
[2025-06-01 01:57:57] Challenges fetching ...
[2025-06-01 01:57:58] Challenges fetched successfully for pascale!
[2025-06-01 01:57:58] Challenges fetching ...
[2025-06-01 01:57:58] Challenges fetched successfully for pascale!
[2025-06-01 01:57:58] Challenges fetching ...
[2025-06-01 01:57:58] Challenges fetched successfully for pascale!
[2025-06-01 01:57:58] Récupération réussie: 200 images pour Love And Romance
[2025-06-01 01:57:58] Voting fetching ...
[2025-06-01 01:57:58] Love And Romance voting 10 images
[2025-06-01 01:57:58] Challenges fetching ...
[2025-06-01 01:57:58] Challenges fetched successfully for pascale!
[2025-06-01 01:57:59] Challenges fetching ...
[2025-06-01 01:57:59] Challenges fetched successfully for pascale!
[2025-06-01 01:57:59] Challenges fetching ...
[2025-06-01 01:57:59] Challenges fetched successfully for pascale!
[2025-06-01 01:57:59] Challenges fetching ...
[2025-06-01 01:57:59] Challenges fetched successfully for pascale!
[2025-06-01 01:57:59] Challenges fetching ...
[2025-06-01 01:57:59] Challenges fetched successfully for pascale!
[2025-06-01 01:57:59] Challenges fetching ...
[2025-06-01 01:57:59] Challenges fetched successfully for pascale!
[2025-06-01 01:57:59] Challenges fetching ...
[2025-06-01 01:57:59] Challenges fetched successfully for pascale!
[2025-06-01 01:57:59] Challenges fetching ...
[2025-06-01 01:57:59] Challenges fetched successfully for pascale!
[2025-06-01 01:57:59] Challenges fetching ...
[2025-06-01 01:57:59] Challenges fetched successfully for pascale!
[2025-06-01 01:57:59] Challenges fetching ...
[2025-06-01 01:57:59] Challenges fetched successfully for pascale!
[2025-06-01 01:57:59] Challenges fetching ...
[2025-06-01 01:57:59] Challenges fetched successfully for pascale!
[2025-06-01 01:58:00] Récupération réussie: 200 images pour Love And Romance
[2025-06-01 01:58:00] Voting fetching ...
[2025-06-01 01:58:00] Love And Romance voting 10 images
[2025-06-01 01:58:00] Challenges fetching ...
[2025-06-01 01:58:00] Challenges fetched successfully for pascale!
[2025-06-01 01:58:00] Challenges fetching ...
[2025-06-01 01:58:00] Challenges fetched successfully for pascale!
[2025-06-01 01:58:00] Challenges fetching ...
[2025-06-01 01:58:00] Challenges fetched successfully for pascale!
[2025-06-01 01:58:01] Love And Romance voted successfully
[2025-06-01 01:58:01] Processus supprimé pour bruno: love-and-romance1-vote-50-left-0H:2M - success
[2025-06-01 01:58:01] Processus mis à jour pour bruno: love-and-romance1-vote-50-left-0H:2M - success
[2025-06-01 01:58:01] Processus love-and-romance1-vote-50-left-0H:2M terminé avec succès (profil: bruno)
[2025-06-01 01:58:04] Love And Romance voted successfully
[2025-06-01 01:58:06] Love And Romance voted successfully
[2025-06-01 01:58:08] Love And Romance voted successfully
[2025-06-01 01:58:10] Love And Romance voted successfully
[2025-06-01 01:58:12] Love And Romance voted successfully
[2025-06-01 01:58:15] Processus mis à jour pour pascale: love-and-romance1-vote-50-left-0H:1M - executing
[2025-06-01 01:58:15] Traitement de vote pour Love And Romance
[2025-06-01 01:58:15] Love And Romance voted successfully
[2025-06-01 01:58:16] Processus mis à jour pour pascale: love-and-romance1-vote-50-left-0H:1M - executing
[2025-06-01 01:58:16] Traitement de vote pour Love And Romance
[2025-06-01 01:58:17] Processus mis à jour pour pascale: love-and-romance1-vote-50-left-0H:1M - executing
[2025-06-01 01:58:17] Traitement de vote pour Love And Romance
[2025-06-01 01:58:17] Love And Romance voted successfully
[2025-06-01 01:58:19] Love And Romance voted successfully
[2025-06-01 01:58:21] Love And Romance voted successfully
[2025-06-01 01:58:23] Love And Romance voted successfully
[2025-06-01 01:58:28] Love And Romance voted successfully
[2025-06-01 01:58:30] Love And Romance voted successfully
[2025-06-01 01:58:34] Love And Romance voted successfully
[2025-06-01 01:58:36] Love And Romance voted successfully
[2025-06-01 01:58:38] Love And Romance voted successfully
[2025-06-01 01:58:40] Love And Romance voted successfully
[2025-06-01 01:58:42] Love And Romance voted successfully
[2025-06-01 01:58:45] Love And Romance voted successfully
[2025-06-01 01:58:47] Love And Romance voted successfully
[2025-06-01 01:58:49] Love And Romance voted successfully
[2025-06-01 01:58:51] Love And Romance voted successfully
[2025-06-01 01:58:53] Love And Romance voted successfully
[2025-06-01 01:58:55] Love And Romance voted successfully
[2025-06-01 01:58:58] Love And Romance voted successfully
[2025-06-01 01:59:00] Love And Romance voted successfully
[2025-06-01 01:59:04] Love And Romance voted successfully
[2025-06-01 01:59:06] Love And Romance voted successfully
[2025-06-01 01:59:08] Love And Romance voted successfully
[2025-06-01 01:59:10] Love And Romance voted successfully
[2025-06-01 01:59:13] Love And Romance get vote panel
[2025-06-01 01:59:13] Processus associé: love-and-romance1-vote-50-left-0H:1M
[2025-06-01 01:59:21] Love And Romance get vote panel
[2025-06-01 01:59:21] Processus associé: love-and-romance1-vote-50-left-0H:1M
[2025-06-01 01:59:29] Love And Romance get vote panel
[2025-06-01 01:59:30] Processus associé: love-and-romance1-vote-50-left-0H:1M
[2025-06-01 01:59:37] Processus suspect (format de date invalide): love-and-romance1-vote-50-left-0H:3M (profil: pascale)
[2025-06-01 01:59:37] Processus supprimé pour pascale: love-and-romance1-vote-50-left-0H:3M - zombie
[2025-06-01 01:59:37] Processus mis à jour pour pascale: love-and-romance1-vote-50-left-0H:3M - zombie
[2025-06-01 01:59:38] Récupération des données de vote pour Love And Romance (URL: love-and-romance1, HEADER:{'User-Agent': 'Mozilla/5.0 (X11; Linux i686; rv:39.0) Gecko/20100101 Firefox/39.0', 'x-api-version': '8', 'x-env': 'WEB', 'X-requested-with': 'XMLHttpRequest', 'X-token': 'f96bbe3a7e7f833329e7129767a69abbfa6dfce3152e3c2a311eb49d89b5c3bb2b12b66b402f03dce682b8b2b6a005cd'})
[2025-06-01 01:59:38] Récupération des données de vote pour Love And Romance (URL: love-and-romance1, HEADER:{'User-Agent': 'Mozilla/5.0 (X11; Linux i686; rv:39.0) Gecko/20100101 Firefox/39.0', 'x-api-version': '8', 'x-env': 'WEB', 'X-requested-with': 'XMLHttpRequest', 'X-token': 'f96bbe3a7e7f833329e7129767a69abbfa6dfce3152e3c2a311eb49d89b5c3bb2b12b66b402f03dce682b8b2b6a005cd'})
[2025-06-01 01:59:38] Récupération des données de vote pour Love And Romance (URL: love-and-romance1, HEADER:{'User-Agent': 'Mozilla/5.0 (X11; Linux i686; rv:39.0) Gecko/20100101 Firefox/39.0', 'x-api-version': '8', 'x-env': 'WEB', 'X-requested-with': 'XMLHttpRequest', 'X-token': 'f96bbe3a7e7f833329e7129767a69abbfa6dfce3152e3c2a311eb49d89b5c3bb2b12b66b402f03dce682b8b2b6a005cd'})
[2025-06-01 01:59:38] Récupération des données de vote pour Love And Romance (URL: love-and-romance1, HEADER:{'User-Agent': 'Mozilla/5.0 (X11; Linux i686; rv:39.0) Gecko/20100101 Firefox/39.0', 'x-api-version': '8', 'x-env': 'WEB', 'X-requested-with': 'XMLHttpRequest', 'X-token': 'f96bbe3a7e7f833329e7129767a69abbfa6dfce3152e3c2a311eb49d89b5c3bb2b12b66b402f03dce682b8b2b6a005cd'})
[2025-06-01 01:59:38] Récupération des données de vote pour Love And Romance (URL: love-and-romance1, HEADER:{'User-Agent': 'Mozilla/5.0 (X11; Linux i686; rv:39.0) Gecko/20100101 Firefox/39.0', 'x-api-version': '8', 'x-env': 'WEB', 'X-requested-with': 'XMLHttpRequest', 'X-token': 'f96bbe3a7e7f833329e7129767a69abbfa6dfce3152e3c2a311eb49d89b5c3bb2b12b66b402f03dce682b8b2b6a005cd'})
[2025-06-01 01:59:38] Récupération des données de vote pour Love And Romance (URL: love-and-romance1, HEADER:{'User-Agent': 'Mozilla/5.0 (X11; Linux i686; rv:39.0) Gecko/20100101 Firefox/39.0', 'x-api-version': '8', 'x-env': 'WEB', 'X-requested-with': 'XMLHttpRequest', 'X-token': 'f96bbe3a7e7f833329e7129767a69abbfa6dfce3152e3c2a311eb49d89b5c3bb2b12b66b402f03dce682b8b2b6a005cd'})
[2025-06-01 01:59:38] Récupération des données de vote pour Love And Romance (URL: love-and-romance1, HEADER:{'User-Agent': 'Mozilla/5.0 (X11; Linux i686; rv:39.0) Gecko/20100101 Firefox/39.0', 'x-api-version': '8', 'x-env': 'WEB', 'X-requested-with': 'XMLHttpRequest', 'X-token': 'f96bbe3a7e7f833329e7129767a69abbfa6dfce3152e3c2a311eb49d89b5c3bb2b12b66b402f03dce682b8b2b6a005cd'})
[2025-06-01 01:59:38] Récupération des données de vote pour Love And Romance (URL: love-and-romance1, HEADER:{'User-Agent': 'Mozilla/5.0 (X11; Linux i686; rv:39.0) Gecko/20100101 Firefox/39.0', 'x-api-version': '8', 'x-env': 'WEB', 'X-requested-with': 'XMLHttpRequest', 'X-token': 'f96bbe3a7e7f833329e7129767a69abbfa6dfce3152e3c2a311eb49d89b5c3bb2b12b66b402f03dce682b8b2b6a005cd'})
[2025-06-01 01:59:38] Récupération des données de vote pour Love And Romance (URL: love-and-romance1, HEADER:{'User-Agent': 'Mozilla/5.0 (X11; Linux i686; rv:39.0) Gecko/20100101 Firefox/39.0', 'x-api-version': '8', 'x-env': 'WEB', 'X-requested-with': 'XMLHttpRequest', 'X-token': 'f96bbe3a7e7f833329e7129767a69abbfa6dfce3152e3c2a311eb49d89b5c3bb2b12b66b402f03dce682b8b2b6a005cd'})
[2025-06-01 01:59:38] Récupération des données de vote pour Love And Romance (URL: love-and-romance1, HEADER:{'User-Agent': 'Mozilla/5.0 (X11; Linux i686; rv:39.0) Gecko/20100101 Firefox/39.0', 'x-api-version': '8', 'x-env': 'WEB', 'X-requested-with': 'XMLHttpRequest', 'X-token': 'f96bbe3a7e7f833329e7129767a69abbfa6dfce3152e3c2a311eb49d89b5c3bb2b12b66b402f03dce682b8b2b6a005cd'})
[2025-06-01 01:59:38] Récupération des données de vote pour Love And Romance (URL: love-and-romance1, HEADER:{'User-Agent': 'Mozilla/5.0 (X11; Linux i686; rv:39.0) Gecko/20100101 Firefox/39.0', 'x-api-version': '8', 'x-env': 'WEB', 'X-requested-with': 'XMLHttpRequest', 'X-token': 'f96bbe3a7e7f833329e7129767a69abbfa6dfce3152e3c2a311eb49d89b5c3bb2b12b66b402f03dce682b8b2b6a005cd'})
[2025-06-01 01:59:38] Récupération des données de vote pour Love And Romance (URL: love-and-romance1, HEADER:{'User-Agent': 'Mozilla/5.0 (X11; Linux i686; rv:39.0) Gecko/20100101 Firefox/39.0', 'x-api-version': '8', 'x-env': 'WEB', 'X-requested-with': 'XMLHttpRequest', 'X-token': 'f96bbe3a7e7f833329e7129767a69abbfa6dfce3152e3c2a311eb49d89b5c3bb2b12b66b402f03dce682b8b2b6a005cd'})
[2025-06-01 01:59:38] Récupération des données de vote pour Love And Romance (URL: love-and-romance1, HEADER:{'User-Agent': 'Mozilla/5.0 (X11; Linux i686; rv:39.0) Gecko/20100101 Firefox/39.0', 'x-api-version': '8', 'x-env': 'WEB', 'X-requested-with': 'XMLHttpRequest', 'X-token': 'f96bbe3a7e7f833329e7129767a69abbfa6dfce3152e3c2a311eb49d89b5c3bb2b12b66b402f03dce682b8b2b6a005cd'})
[2025-06-01 01:59:38] Récupération des données de vote pour Love And Romance (URL: love-and-romance1, HEADER:{'User-Agent': 'Mozilla/5.0 (X11; Linux i686; rv:39.0) Gecko/20100101 Firefox/39.0', 'x-api-version': '8', 'x-env': 'WEB', 'X-requested-with': 'XMLHttpRequest', 'X-token': 'f96bbe3a7e7f833329e7129767a69abbfa6dfce3152e3c2a311eb49d89b5c3bb2b12b66b402f03dce682b8b2b6a005cd'})
[2025-06-01 01:59:38] Récupération des données de vote pour Love And Romance (URL: love-and-romance1, HEADER:{'User-Agent': 'Mozilla/5.0 (X11; Linux i686; rv:39.0) Gecko/20100101 Firefox/39.0', 'x-api-version': '8', 'x-env': 'WEB', 'X-requested-with': 'XMLHttpRequest', 'X-token': 'f96bbe3a7e7f833329e7129767a69abbfa6dfce3152e3c2a311eb49d89b5c3bb2b12b66b402f03dce682b8b2b6a005cd'})
[2025-06-01 01:59:39] Récupération réussie: 200 images pour Love And Romance
[2025-06-01 01:59:39] Voting fetching ...
[2025-06-01 01:59:39] Love And Romance voting 10 images
[2025-06-01 01:59:39] Récupération réussie: 200 images pour Love And Romance
[2025-06-01 01:59:39] Voting fetching ...
[2025-06-01 01:59:39] Love And Romance voting 10 images
[2025-06-01 01:59:39] Récupération réussie: 200 images pour Love And Romance
[2025-06-01 01:59:39] Voting fetching ...
[2025-06-01 01:59:39] Love And Romance voting 10 images
[2025-06-01 01:59:39] Récupération réussie: 200 images pour Love And Romance
[2025-06-01 01:59:39] Voting fetching ...
[2025-06-01 01:59:39] Love And Romance voting 10 images
[2025-06-01 01:59:39] Récupération réussie: 200 images pour Love And Romance
[2025-06-01 01:59:39] Voting fetching ...
[2025-06-01 01:59:39] Love And Romance voting 10 images
[2025-06-01 01:59:39] Récupération réussie: 200 images pour Love And Romance
[2025-06-01 01:59:39] Voting fetching ...
[2025-06-01 01:59:39] Love And Romance voting 10 images
[2025-06-01 01:59:39] Récupération réussie: 200 images pour Love And Romance
[2025-06-01 01:59:39] Voting fetching ...
[2025-06-01 01:59:39] Love And Romance voting 10 images
[2025-06-01 01:59:39] Récupération réussie: 200 images pour Love And Romance
[2025-06-01 01:59:39] Voting fetching ...
[2025-06-01 01:59:39] Love And Romance voting 10 images
[2025-06-01 01:59:39] Récupération réussie: 200 images pour Love And Romance
[2025-06-01 01:59:39] Voting fetching ...
[2025-06-01 01:59:39] Love And Romance voting 10 images
[2025-06-01 01:59:39] Récupération réussie: 200 images pour Love And Romance
[2025-06-01 01:59:39] Voting fetching ...
[2025-06-01 01:59:39] Love And Romance voting 10 images
[2025-06-01 01:59:39] Récupération réussie: 200 images pour Love And Romance
[2025-06-01 01:59:39] Voting fetching ...
[2025-06-01 01:59:39] Love And Romance voting 10 images
[2025-06-01 01:59:39] Récupération réussie: 200 images pour Love And Romance
[2025-06-01 01:59:39] Voting fetching ...
[2025-06-01 01:59:39] Love And Romance voting 10 images
[2025-06-01 01:59:39] Récupération réussie: 200 images pour Love And Romance
[2025-06-01 01:59:39] Voting fetching ...
[2025-06-01 01:59:39] Love And Romance voting 10 images
[2025-06-01 01:59:39] Récupération réussie: 200 images pour Love And Romance
[2025-06-01 01:59:39] Voting fetching ...
[2025-06-01 01:59:39] Love And Romance voting 10 images
[2025-06-01 01:59:39] Récupération réussie: 200 images pour Love And Romance
[2025-06-01 01:59:39] Voting fetching ...
[2025-06-01 01:59:39] Love And Romance voting 10 images
[2025-06-01 01:59:39] Challenges fetching ...
[2025-06-01 01:59:39] Challenges fetched successfully for pascale!
[2025-06-01 01:59:39] Challenges fetching ...
[2025-06-01 01:59:39] Challenges fetched successfully for pascale!
[2025-06-01 01:59:39] Challenges fetching ...
[2025-06-01 01:59:39] Challenges fetched successfully for pascale!
[2025-06-01 01:59:39] Challenges fetching ...
[2025-06-01 01:59:39] Challenges fetched successfully for pascale!
[2025-06-01 01:59:39] Challenges fetching ...
[2025-06-01 01:59:39] Challenges fetched successfully for pascale!
[2025-06-01 01:59:39] Challenges fetching ...
[2025-06-01 01:59:39] Challenges fetched successfully for pascale!
[2025-06-01 01:59:39] Challenges fetching ...
[2025-06-01 01:59:39] Challenges fetched successfully for pascale!
[2025-06-01 01:59:40] Challenges fetching ...
[2025-06-01 01:59:40] Challenges fetched successfully for pascale!
[2025-06-01 01:59:40] Challenges fetching ...
[2025-06-01 01:59:40] Challenges fetched successfully for pascale!
[2025-06-01 01:59:40] Challenges fetching ...
[2025-06-01 01:59:40] Challenges fetched successfully for pascale!
[2025-06-01 01:59:40] Challenges fetching ...
[2025-06-01 01:59:40] Challenges fetched successfully for pascale!
[2025-06-01 01:59:40] Challenges fetching ...
[2025-06-01 01:59:40] Challenges fetched successfully for pascale!
[2025-06-01 01:59:40] Challenges fetching ...
[2025-06-01 01:59:40] Challenges fetched successfully for pascale!
[2025-06-01 01:59:40] Challenges fetching ...
[2025-06-01 01:59:40] Challenges fetched successfully for pascale!
[2025-06-01 01:59:40] Challenges fetching ...
[2025-06-01 01:59:40] Challenges fetched successfully for pascale!
[2025-06-01 01:59:41] Challenges fetching ...
[2025-06-01 01:59:41] Challenges fetched successfully for pascale!
[2025-06-01 01:59:41] Challenges fetching ...
[2025-06-01 01:59:41] Challenges fetched successfully for pascale!
[2025-06-01 01:59:41] Challenges fetching ...
[2025-06-01 01:59:41] Challenges fetched successfully for pascale!
[2025-06-01 01:59:41] Challenges fetching ...
[2025-06-01 01:59:41] Challenges fetched successfully for pascale!
[2025-06-01 01:59:41] Challenges fetching ...
[2025-06-01 01:59:41] Challenges fetched successfully for pascale!
[2025-06-01 01:59:41] Challenges fetching ...
[2025-06-01 01:59:41] Challenges fetched successfully for pascale!
[2025-06-01 01:59:41] Challenges fetching ...
[2025-06-01 01:59:41] Challenges fetched successfully for pascale!
[2025-06-01 01:59:41] Challenges fetching ...
[2025-06-01 01:59:41] Challenges fetched successfully for pascale!
[2025-06-01 01:59:41] Challenges fetching ...
[2025-06-01 01:59:42] Challenges fetched successfully for pascale!
[2025-06-01 01:59:42] Challenges fetching ...
[2025-06-01 01:59:42] Challenges fetched successfully for pascale!
[2025-06-01 01:59:42] Challenges fetching ...
[2025-06-01 01:59:42] Challenges fetched successfully for pascale!
[2025-06-01 01:59:42] Challenges fetching ...
[2025-06-01 01:59:42] Challenges fetched successfully for pascale!
[2025-06-01 01:59:42] Challenges fetching ...
[2025-06-01 01:59:42] Challenges fetched successfully for pascale!
[2025-06-01 01:59:42] Challenges fetching ...
[2025-06-01 01:59:42] Challenges fetched successfully for pascale!
[2025-06-01 01:59:42] Challenges fetching ...
[2025-06-01 01:59:42] Challenges fetched successfully for pascale!
[2025-06-01 01:59:43] Love And Romance voted successfully
[2025-06-01 01:59:43] Processus supprimé pour bruno: love-and-romance1-vote-50-left-0H:1M - success
[2025-06-01 01:59:43] Processus mis à jour pour bruno: love-and-romance1-vote-50-left-0H:1M - success
[2025-06-01 01:59:43] Processus love-and-romance1-vote-50-left-0H:1M terminé avec succès (profil: bruno)
[2025-06-01 01:59:45] Love And Romance voted successfully
[2025-06-01 01:59:47] Love And Romance voted successfully
[2025-06-01 01:59:49] Love And Romance voted successfully
[2025-06-01 01:59:51] Love And Romance voted successfully
[2025-06-01 01:59:53] Love And Romance voted successfully
[2025-06-01 01:59:56] Love And Romance voted successfully
[2025-06-01 01:59:58] Love And Romance voted successfully
[2025-06-01 02:00:00] Love And Romance voted successfully
[2025-06-01 02:00:02] Love And Romance voted successfully
[2025-06-01 02:00:04] Love And Romance voted successfully
[2025-06-01 02:00:08] Love And Romance voted successfully
[2025-06-01 02:00:10] Love And Romance voted successfully
[2025-06-01 02:00:12] Love And Romance voted successfully
[2025-06-01 02:00:14] Love And Romance voted successfully
[2025-06-01 02:00:18] Challenges fetching ...
[2025-06-01 02:00:18] Challenges fetched successfully for pascale!
[2025-06-01 02:00:18] Challenges fetching ...
[2025-06-01 02:00:18] Challenges fetched successfully for pascale!
[2025-06-01 02:00:18] Challenges fetching ...
[2025-06-01 02:00:18] Challenges fetched successfully for pascale!
[2025-06-01 02:00:18] Challenges fetching ...
[2025-06-01 02:00:18] Challenges fetched successfully for pascale!
[2025-06-01 02:00:18] Challenges fetching ...
[2025-06-01 02:00:18] Challenges fetched successfully for pascale!
[2025-06-01 02:00:18] Challenges fetching ...
[2025-06-01 02:00:18] Challenges fetched successfully for pascale!
[2025-06-01 02:00:18] Challenges fetching ...
[2025-06-01 02:00:18] Challenges fetched successfully for pascale!
[2025-06-01 02:00:18] Challenges fetching ...
[2025-06-01 02:00:18] Challenges fetched successfully for pascale!
[2025-06-01 02:00:18] Challenges fetching ...
[2025-06-01 02:00:18] Challenges fetched successfully for pascale!
[2025-06-01 02:00:18] Challenges fetching ...
[2025-06-01 02:00:18] Challenges fetched successfully for pascale!
[2025-06-01 02:00:19] Challenges fetching ...
[2025-06-01 02:00:19] Challenges fetched successfully for pascale!
[2025-06-01 02:00:19] Challenges fetching ...
[2025-06-01 02:00:19] Challenges fetched successfully for pascale!
[2025-06-01 02:00:19] Challenges fetching ...
[2025-06-01 02:00:19] Challenges fetched successfully for pascale!
[2025-06-01 02:00:19] Challenges fetching ...
[2025-06-01 02:00:19] Challenges fetched successfully for pascale!
[2025-06-01 02:00:19] Challenges fetching ...
[2025-06-01 02:00:19] Challenges fetched successfully for pascale!
[2025-06-01 02:00:38] Processus suspect (format de date invalide): love-and-romance1-vote-50-left-0H:1M (profil: pascale)
[2025-06-01 02:00:38] Processus supprimé pour pascale: love-and-romance1-vote-50-left-0H:1M - zombie
[2025-06-01 02:00:38] Processus mis à jour pour pascale: love-and-romance1-vote-50-left-0H:1M - zombie
[2025-06-01 06:55:10] Processus mis à jour pour pascale: what-is-patriotism-1-vote-100-left-0H:4M - executing
[2025-06-01 06:55:10] Traitement de vote pour What Is Patriotism?
[2025-06-01 06:55:10] What Is Patriotism? get vote panel
[2025-06-01 06:55:10] Processus associé: what-is-patriotism-1-vote-100-left-0H:4M
[2025-06-01 06:55:11] Processus mis à jour pour pascale: what-is-patriotism-1-vote-100-left-0H:4M - executing
[2025-06-01 06:55:11] Traitement de vote pour What Is Patriotism?
[2025-06-01 06:55:23] What Is Patriotism? get vote panel
[2025-06-01 06:55:23] Processus associé: what-is-patriotism-1-vote-100-left-0H:4M
[2025-06-01 06:55:44] Récupération des données de vote pour What Is Patriotism? (URL: what-is-patriotism-1, HEADER:{'User-Agent': 'Mozilla/5.0 (X11; Linux i686; rv:39.0) Gecko/20100101 Firefox/39.0', 'x-api-version': '8', 'x-env': 'WEB', 'X-requested-with': 'XMLHttpRequest', 'X-token': 'f96bbe3a7e7f833329e7129767a69abbfa6dfce3152e3c2a311eb49d89b5c3bb2b12b66b402f03dce682b8b2b6a005cd'})
[2025-06-01 06:55:44] Récupération des données de vote pour What Is Patriotism? (URL: what-is-patriotism-1, HEADER:{'User-Agent': 'Mozilla/5.0 (X11; Linux i686; rv:39.0) Gecko/20100101 Firefox/39.0', 'x-api-version': '8', 'x-env': 'WEB', 'X-requested-with': 'XMLHttpRequest', 'X-token': 'f96bbe3a7e7f833329e7129767a69abbfa6dfce3152e3c2a311eb49d89b5c3bb2b12b66b402f03dce682b8b2b6a005cd'})
[2025-06-01 06:55:44] Récupération des données de vote pour What Is Patriotism? (URL: what-is-patriotism-1, HEADER:{'User-Agent': 'Mozilla/5.0 (X11; Linux i686; rv:39.0) Gecko/20100101 Firefox/39.0', 'x-api-version': '8', 'x-env': 'WEB', 'X-requested-with': 'XMLHttpRequest', 'X-token': 'f96bbe3a7e7f833329e7129767a69abbfa6dfce3152e3c2a311eb49d89b5c3bb2b12b66b402f03dce682b8b2b6a005cd'})
[2025-06-01 06:55:44] Récupération des données de vote pour What Is Patriotism? (URL: what-is-patriotism-1, HEADER:{'User-Agent': 'Mozilla/5.0 (X11; Linux i686; rv:39.0) Gecko/20100101 Firefox/39.0', 'x-api-version': '8', 'x-env': 'WEB', 'X-requested-with': 'XMLHttpRequest', 'X-token': 'f96bbe3a7e7f833329e7129767a69abbfa6dfce3152e3c2a311eb49d89b5c3bb2b12b66b402f03dce682b8b2b6a005cd'})
[2025-06-01 06:55:44] Récupération des données de vote pour What Is Patriotism? (URL: what-is-patriotism-1, HEADER:{'User-Agent': 'Mozilla/5.0 (X11; Linux i686; rv:39.0) Gecko/20100101 Firefox/39.0', 'x-api-version': '8', 'x-env': 'WEB', 'X-requested-with': 'XMLHttpRequest', 'X-token': 'f96bbe3a7e7f833329e7129767a69abbfa6dfce3152e3c2a311eb49d89b5c3bb2b12b66b402f03dce682b8b2b6a005cd'})
[2025-06-01 06:55:44] Récupération des données de vote pour What Is Patriotism? (URL: what-is-patriotism-1, HEADER:{'User-Agent': 'Mozilla/5.0 (X11; Linux i686; rv:39.0) Gecko/20100101 Firefox/39.0', 'x-api-version': '8', 'x-env': 'WEB', 'X-requested-with': 'XMLHttpRequest', 'X-token': 'f96bbe3a7e7f833329e7129767a69abbfa6dfce3152e3c2a311eb49d89b5c3bb2b12b66b402f03dce682b8b2b6a005cd'})
[2025-06-01 06:55:44] Récupération des données de vote pour What Is Patriotism? (URL: what-is-patriotism-1, HEADER:{'User-Agent': 'Mozilla/5.0 (X11; Linux i686; rv:39.0) Gecko/20100101 Firefox/39.0', 'x-api-version': '8', 'x-env': 'WEB', 'X-requested-with': 'XMLHttpRequest', 'X-token': 'f96bbe3a7e7f833329e7129767a69abbfa6dfce3152e3c2a311eb49d89b5c3bb2b12b66b402f03dce682b8b2b6a005cd'})
[2025-06-01 06:55:44] Récupération des données de vote pour What Is Patriotism? (URL: what-is-patriotism-1, HEADER:{'User-Agent': 'Mozilla/5.0 (X11; Linux i686; rv:39.0) Gecko/20100101 Firefox/39.0', 'x-api-version': '8', 'x-env': 'WEB', 'X-requested-with': 'XMLHttpRequest', 'X-token': 'f96bbe3a7e7f833329e7129767a69abbfa6dfce3152e3c2a311eb49d89b5c3bb2b12b66b402f03dce682b8b2b6a005cd'})
[2025-06-01 06:55:44] Récupération des données de vote pour What Is Patriotism? (URL: what-is-patriotism-1, HEADER:{'User-Agent': 'Mozilla/5.0 (X11; Linux i686; rv:39.0) Gecko/20100101 Firefox/39.0', 'x-api-version': '8', 'x-env': 'WEB', 'X-requested-with': 'XMLHttpRequest', 'X-token': 'f96bbe3a7e7f833329e7129767a69abbfa6dfce3152e3c2a311eb49d89b5c3bb2b12b66b402f03dce682b8b2b6a005cd'})
[2025-06-01 06:55:44] Récupération des données de vote pour What Is Patriotism? (URL: what-is-patriotism-1, HEADER:{'User-Agent': 'Mozilla/5.0 (X11; Linux i686; rv:39.0) Gecko/20100101 Firefox/39.0', 'x-api-version': '8', 'x-env': 'WEB', 'X-requested-with': 'XMLHttpRequest', 'X-token': 'f96bbe3a7e7f833329e7129767a69abbfa6dfce3152e3c2a311eb49d89b5c3bb2b12b66b402f03dce682b8b2b6a005cd'})
[2025-06-01 06:55:44] Récupération des données de vote pour What Is Patriotism? (URL: what-is-patriotism-1, HEADER:{'User-Agent': 'Mozilla/5.0 (X11; Linux i686; rv:39.0) Gecko/20100101 Firefox/39.0', 'x-api-version': '8', 'x-env': 'WEB', 'X-requested-with': 'XMLHttpRequest', 'X-token': 'f96bbe3a7e7f833329e7129767a69abbfa6dfce3152e3c2a311eb49d89b5c3bb2b12b66b402f03dce682b8b2b6a005cd'})
[2025-06-01 06:55:44] Récupération des données de vote pour What Is Patriotism? (URL: what-is-patriotism-1, HEADER:{'User-Agent': 'Mozilla/5.0 (X11; Linux i686; rv:39.0) Gecko/20100101 Firefox/39.0', 'x-api-version': '8', 'x-env': 'WEB', 'X-requested-with': 'XMLHttpRequest', 'X-token': 'f96bbe3a7e7f833329e7129767a69abbfa6dfce3152e3c2a311eb49d89b5c3bb2b12b66b402f03dce682b8b2b6a005cd'})
[2025-06-01 06:55:44] Récupération des données de vote pour What Is Patriotism? (URL: what-is-patriotism-1, HEADER:{'User-Agent': 'Mozilla/5.0 (X11; Linux i686; rv:39.0) Gecko/20100101 Firefox/39.0', 'x-api-version': '8', 'x-env': 'WEB', 'X-requested-with': 'XMLHttpRequest', 'X-token': 'f96bbe3a7e7f833329e7129767a69abbfa6dfce3152e3c2a311eb49d89b5c3bb2b12b66b402f03dce682b8b2b6a005cd'})
[2025-06-01 06:55:44] Récupération des données de vote pour What Is Patriotism? (URL: what-is-patriotism-1, HEADER:{'User-Agent': 'Mozilla/5.0 (X11; Linux i686; rv:39.0) Gecko/20100101 Firefox/39.0', 'x-api-version': '8', 'x-env': 'WEB', 'X-requested-with': 'XMLHttpRequest', 'X-token': 'f96bbe3a7e7f833329e7129767a69abbfa6dfce3152e3c2a311eb49d89b5c3bb2b12b66b402f03dce682b8b2b6a005cd'})
[2025-06-01 06:55:44] Récupération des données de vote pour What Is Patriotism? (URL: what-is-patriotism-1, HEADER:{'User-Agent': 'Mozilla/5.0 (X11; Linux i686; rv:39.0) Gecko/20100101 Firefox/39.0', 'x-api-version': '8', 'x-env': 'WEB', 'X-requested-with': 'XMLHttpRequest', 'X-token': 'f96bbe3a7e7f833329e7129767a69abbfa6dfce3152e3c2a311eb49d89b5c3bb2b12b66b402f03dce682b8b2b6a005cd'})
[2025-06-01 06:55:44] Récupération des données de vote pour What Is Patriotism? (URL: what-is-patriotism-1, HEADER:{'User-Agent': 'Mozilla/5.0 (X11; Linux i686; rv:39.0) Gecko/20100101 Firefox/39.0', 'x-api-version': '8', 'x-env': 'WEB', 'X-requested-with': 'XMLHttpRequest', 'X-token': 'f96bbe3a7e7f833329e7129767a69abbfa6dfce3152e3c2a311eb49d89b5c3bb2b12b66b402f03dce682b8b2b6a005cd'})
[2025-06-01 06:55:44] Récupération des données de vote pour What Is Patriotism? (URL: what-is-patriotism-1, HEADER:{'User-Agent': 'Mozilla/5.0 (X11; Linux i686; rv:39.0) Gecko/20100101 Firefox/39.0', 'x-api-version': '8', 'x-env': 'WEB', 'X-requested-with': 'XMLHttpRequest', 'X-token': 'f96bbe3a7e7f833329e7129767a69abbfa6dfce3152e3c2a311eb49d89b5c3bb2b12b66b402f03dce682b8b2b6a005cd'})
[2025-06-01 06:55:44] Récupération des données de vote pour What Is Patriotism? (URL: what-is-patriotism-1, HEADER:{'User-Agent': 'Mozilla/5.0 (X11; Linux i686; rv:39.0) Gecko/20100101 Firefox/39.0', 'x-api-version': '8', 'x-env': 'WEB', 'X-requested-with': 'XMLHttpRequest', 'X-token': 'f96bbe3a7e7f833329e7129767a69abbfa6dfce3152e3c2a311eb49d89b5c3bb2b12b66b402f03dce682b8b2b6a005cd'})
[2025-06-01 06:55:44] Récupération des données de vote pour What Is Patriotism? (URL: what-is-patriotism-1, HEADER:{'User-Agent': 'Mozilla/5.0 (X11; Linux i686; rv:39.0) Gecko/20100101 Firefox/39.0', 'x-api-version': '8', 'x-env': 'WEB', 'X-requested-with': 'XMLHttpRequest', 'X-token': 'f96bbe3a7e7f833329e7129767a69abbfa6dfce3152e3c2a311eb49d89b5c3bb2b12b66b402f03dce682b8b2b6a005cd'})
[2025-06-01 06:55:44] Récupération des données de vote pour What Is Patriotism? (URL: what-is-patriotism-1, HEADER:{'User-Agent': 'Mozilla/5.0 (X11; Linux i686; rv:39.0) Gecko/20100101 Firefox/39.0', 'x-api-version': '8', 'x-env': 'WEB', 'X-requested-with': 'XMLHttpRequest', 'X-token': 'f96bbe3a7e7f833329e7129767a69abbfa6dfce3152e3c2a311eb49d89b5c3bb2b12b66b402f03dce682b8b2b6a005cd'})
[2025-06-01 06:55:44] Récupération réussie: 200 images pour What Is Patriotism?
[2025-06-01 06:55:44] Voting fetching ...
[2025-06-01 06:55:44] What Is Patriotism? voting 10 images
[2025-06-01 06:55:45] Récupération réussie: 200 images pour What Is Patriotism?
[2025-06-01 06:55:45] Voting fetching ...
[2025-06-01 06:55:45] What Is Patriotism? voting 10 images
[2025-06-01 06:55:45] Récupération réussie: 200 images pour What Is Patriotism?
[2025-06-01 06:55:45] Voting fetching ...
[2025-06-01 06:55:45] What Is Patriotism? voting 10 images
[2025-06-01 06:55:45] Récupération réussie: 200 images pour What Is Patriotism?
[2025-06-01 06:55:45] Voting fetching ...
[2025-06-01 06:55:45] What Is Patriotism? voting 10 images
[2025-06-01 06:55:45] Récupération réussie: 200 images pour What Is Patriotism?
[2025-06-01 06:55:45] Voting fetching ...
[2025-06-01 06:55:45] What Is Patriotism? voting 10 images
[2025-06-01 06:55:45] Récupération réussie: 200 images pour What Is Patriotism?
[2025-06-01 06:55:45] Voting fetching ...
[2025-06-01 06:55:45] What Is Patriotism? voting 10 images
[2025-06-01 06:55:45] Récupération réussie: 200 images pour What Is Patriotism?
[2025-06-01 06:55:45] Voting fetching ...
[2025-06-01 06:55:45] What Is Patriotism? voting 10 images
[2025-06-01 06:55:45] Récupération réussie: 200 images pour What Is Patriotism?
[2025-06-01 06:55:45] Voting fetching ...
[2025-06-01 06:55:45] What Is Patriotism? voting 10 images
[2025-06-01 06:55:45] Récupération réussie: 200 images pour What Is Patriotism?
[2025-06-01 06:55:45] Voting fetching ...
[2025-06-01 06:55:45] What Is Patriotism? voting 10 images
[2025-06-01 06:55:45] Récupération réussie: 200 images pour What Is Patriotism?
[2025-06-01 06:55:45] Voting fetching ...
[2025-06-01 06:55:45] What Is Patriotism? voting 10 images
[2025-06-01 06:55:45] Récupération réussie: 200 images pour What Is Patriotism?
[2025-06-01 06:55:45] Voting fetching ...
[2025-06-01 06:55:45] What Is Patriotism? voting 10 images
[2025-06-01 06:55:45] Récupération réussie: 200 images pour What Is Patriotism?
[2025-06-01 06:55:45] Voting fetching ...
[2025-06-01 06:55:45] What Is Patriotism? voting 10 images
[2025-06-01 06:55:45] Récupération réussie: 200 images pour What Is Patriotism?
[2025-06-01 06:55:45] Voting fetching ...
[2025-06-01 06:55:45] What Is Patriotism? voting 10 images
[2025-06-01 06:55:45] Récupération réussie: 200 images pour What Is Patriotism?
[2025-06-01 06:55:45] Voting fetching ...
[2025-06-01 06:55:45] What Is Patriotism? voting 10 images
[2025-06-01 06:55:46] Récupération réussie: 200 images pour What Is Patriotism?
[2025-06-01 06:55:46] Voting fetching ...
[2025-06-01 06:55:46] What Is Patriotism? voting 10 images
[2025-06-01 06:55:46] Récupération réussie: 200 images pour What Is Patriotism?
[2025-06-01 06:55:46] Voting fetching ...
[2025-06-01 06:55:46] What Is Patriotism? voting 10 images
[2025-06-01 06:55:46] Récupération réussie: 200 images pour What Is Patriotism?
[2025-06-01 06:55:46] Voting fetching ...
[2025-06-01 06:55:46] What Is Patriotism? voting 10 images
[2025-06-01 06:55:46] Récupération réussie: 200 images pour What Is Patriotism?
[2025-06-01 06:55:46] Voting fetching ...
[2025-06-01 06:55:46] What Is Patriotism? voting 10 images
[2025-06-01 06:55:46] Récupération réussie: 200 images pour What Is Patriotism?
[2025-06-01 06:55:46] Voting fetching ...
[2025-06-01 06:55:46] What Is Patriotism? voting 10 images
[2025-06-01 06:55:46] Récupération réussie: 200 images pour What Is Patriotism?
[2025-06-01 06:55:46] Voting fetching ...
[2025-06-01 06:55:46] What Is Patriotism? voting 10 images
[2025-06-01 06:55:47] What Is Patriotism? voted successfully
[2025-06-01 06:55:47] Processus supprimé pour bruno: what-is-patriotism-1-vote-100-left-0H:4M - success
[2025-06-01 06:55:47] Processus mis à jour pour bruno: what-is-patriotism-1-vote-100-left-0H:4M - success
[2025-06-01 06:55:47] Processus what-is-patriotism-1-vote-100-left-0H:4M terminé avec succès (profil: bruno)
[2025-06-01 06:55:49] What Is Patriotism? voted successfully
[2025-06-01 06:55:51] What Is Patriotism? voted successfully
[2025-06-01 06:55:53] What Is Patriotism? voted successfully
[2025-06-01 06:55:55] What Is Patriotism? voted successfully
[2025-06-01 06:55:59] What Is Patriotism? voted successfully
[2025-06-01 06:56:01] What Is Patriotism? voted successfully
[2025-06-01 06:56:02] Processus mis à jour pour pascale: what-is-patriotism-1-vote-50-left-0H:3M - executing
[2025-06-01 06:56:02] Traitement de vote pour What Is Patriotism?
[2025-06-01 06:56:04] What Is Patriotism? voted successfully
[2025-06-01 06:56:07] What Is Patriotism? voted successfully
[2025-06-01 06:56:13] What Is Patriotism? voted successfully
[2025-06-01 06:56:15] Processus mis à jour pour pascale: what-is-patriotism-1-vote-50-left-0H:3M - executing
[2025-06-01 06:56:15] Traitement de vote pour What Is Patriotism?
[2025-06-01 06:56:18] What Is Patriotism? voted successfully
[2025-06-01 06:56:20] What Is Patriotism? voted successfully
[2025-06-01 06:56:22] What Is Patriotism? voted successfully
[2025-06-01 06:56:24] What Is Patriotism? voted successfully
[2025-06-01 06:56:26] What Is Patriotism? voted successfully
[2025-06-01 06:56:31] What Is Patriotism? voted successfully
[2025-06-01 06:56:37] What Is Patriotism? voted successfully
[2025-06-01 06:56:39] What Is Patriotism? voted successfully
[2025-06-01 06:56:43] What Is Patriotism? voted successfully
[2025-06-01 06:56:48] What Is Patriotism? voted successfully
[2025-06-01 06:56:50] What Is Patriotism? get vote panel
[2025-06-01 06:56:50] Processus associé: what-is-patriotism-1-vote-50-left-0H:3M
[2025-06-01 06:57:00] What Is Patriotism? get vote panel
[2025-06-01 06:57:00] Processus associé: what-is-patriotism-1-vote-50-left-0H:3M
[2025-06-01 06:57:04] Processus mis à jour pour pascale: what-is-patriotism-1-vote-50-left-0H:2M - executing
[2025-06-01 06:57:04] Traitement de vote pour What Is Patriotism?
[2025-06-01 06:57:04] Processus mis à jour pour pascale: what-is-patriotism-1-vote-50-left-0H:2M - executing
[2025-06-01 06:57:04] Traitement de vote pour What Is Patriotism?
[2025-06-01 06:57:10] Processus suspect (format de date invalide): what-is-patriotism-1-vote-100-left-0H:4M (profil: pascale)
[2025-06-01 06:57:10] Processus supprimé pour pascale: what-is-patriotism-1-vote-100-left-0H:4M - zombie
[2025-06-01 06:57:10] Processus mis à jour pour pascale: what-is-patriotism-1-vote-100-left-0H:4M - zombie
[2025-06-01 06:57:10] Processus suspect (format de date invalide): what-is-patriotism-1-vote-50-left-0H:2M (profil: pascale)
[2025-06-01 06:57:10] Processus supprimé pour pascale: what-is-patriotism-1-vote-50-left-0H:2M - zombie
[2025-06-01 06:57:10] Processus mis à jour pour pascale: what-is-patriotism-1-vote-50-left-0H:2M - zombie
[2025-06-01 06:57:10] Récupération des données de vote pour What Is Patriotism? (URL: what-is-patriotism-1, HEADER:{'User-Agent': 'Mozilla/5.0 (X11; Linux i686; rv:39.0) Gecko/20100101 Firefox/39.0', 'x-api-version': '8', 'x-env': 'WEB', 'X-requested-with': 'XMLHttpRequest', 'X-token': 'f96bbe3a7e7f833329e7129767a69abbfa6dfce3152e3c2a311eb49d89b5c3bb2b12b66b402f03dce682b8b2b6a005cd'})
[2025-06-01 06:57:10] Récupération des données de vote pour What Is Patriotism? (URL: what-is-patriotism-1, HEADER:{'User-Agent': 'Mozilla/5.0 (X11; Linux i686; rv:39.0) Gecko/20100101 Firefox/39.0', 'x-api-version': '8', 'x-env': 'WEB', 'X-requested-with': 'XMLHttpRequest', 'X-token': 'f96bbe3a7e7f833329e7129767a69abbfa6dfce3152e3c2a311eb49d89b5c3bb2b12b66b402f03dce682b8b2b6a005cd'})
[2025-06-01 06:57:10] Récupération des données de vote pour What Is Patriotism? (URL: what-is-patriotism-1, HEADER:{'User-Agent': 'Mozilla/5.0 (X11; Linux i686; rv:39.0) Gecko/20100101 Firefox/39.0', 'x-api-version': '8', 'x-env': 'WEB', 'X-requested-with': 'XMLHttpRequest', 'X-token': 'f96bbe3a7e7f833329e7129767a69abbfa6dfce3152e3c2a311eb49d89b5c3bb2b12b66b402f03dce682b8b2b6a005cd'})
[2025-06-01 06:57:10] Récupération des données de vote pour What Is Patriotism? (URL: what-is-patriotism-1, HEADER:{'User-Agent': 'Mozilla/5.0 (X11; Linux i686; rv:39.0) Gecko/20100101 Firefox/39.0', 'x-api-version': '8', 'x-env': 'WEB', 'X-requested-with': 'XMLHttpRequest', 'X-token': 'f96bbe3a7e7f833329e7129767a69abbfa6dfce3152e3c2a311eb49d89b5c3bb2b12b66b402f03dce682b8b2b6a005cd'})
[2025-06-01 06:57:10] Récupération des données de vote pour What Is Patriotism? (URL: what-is-patriotism-1, HEADER:{'User-Agent': 'Mozilla/5.0 (X11; Linux i686; rv:39.0) Gecko/20100101 Firefox/39.0', 'x-api-version': '8', 'x-env': 'WEB', 'X-requested-with': 'XMLHttpRequest', 'X-token': 'f96bbe3a7e7f833329e7129767a69abbfa6dfce3152e3c2a311eb49d89b5c3bb2b12b66b402f03dce682b8b2b6a005cd'})
[2025-06-01 06:57:10] Récupération des données de vote pour What Is Patriotism? (URL: what-is-patriotism-1, HEADER:{'User-Agent': 'Mozilla/5.0 (X11; Linux i686; rv:39.0) Gecko/20100101 Firefox/39.0', 'x-api-version': '8', 'x-env': 'WEB', 'X-requested-with': 'XMLHttpRequest', 'X-token': 'f96bbe3a7e7f833329e7129767a69abbfa6dfce3152e3c2a311eb49d89b5c3bb2b12b66b402f03dce682b8b2b6a005cd'})
[2025-06-01 06:57:10] Récupération des données de vote pour What Is Patriotism? (URL: what-is-patriotism-1, HEADER:{'User-Agent': 'Mozilla/5.0 (X11; Linux i686; rv:39.0) Gecko/20100101 Firefox/39.0', 'x-api-version': '8', 'x-env': 'WEB', 'X-requested-with': 'XMLHttpRequest', 'X-token': 'f96bbe3a7e7f833329e7129767a69abbfa6dfce3152e3c2a311eb49d89b5c3bb2b12b66b402f03dce682b8b2b6a005cd'})
[2025-06-01 06:57:10] Récupération des données de vote pour What Is Patriotism? (URL: what-is-patriotism-1, HEADER:{'User-Agent': 'Mozilla/5.0 (X11; Linux i686; rv:39.0) Gecko/20100101 Firefox/39.0', 'x-api-version': '8', 'x-env': 'WEB', 'X-requested-with': 'XMLHttpRequest', 'X-token': 'f96bbe3a7e7f833329e7129767a69abbfa6dfce3152e3c2a311eb49d89b5c3bb2b12b66b402f03dce682b8b2b6a005cd'})
[2025-06-01 06:57:10] Récupération des données de vote pour What Is Patriotism? (URL: what-is-patriotism-1, HEADER:{'User-Agent': 'Mozilla/5.0 (X11; Linux i686; rv:39.0) Gecko/20100101 Firefox/39.0', 'x-api-version': '8', 'x-env': 'WEB', 'X-requested-with': 'XMLHttpRequest', 'X-token': 'f96bbe3a7e7f833329e7129767a69abbfa6dfce3152e3c2a311eb49d89b5c3bb2b12b66b402f03dce682b8b2b6a005cd'})
[2025-06-01 06:57:10] Récupération des données de vote pour What Is Patriotism? (URL: what-is-patriotism-1, HEADER:{'User-Agent': 'Mozilla/5.0 (X11; Linux i686; rv:39.0) Gecko/20100101 Firefox/39.0', 'x-api-version': '8', 'x-env': 'WEB', 'X-requested-with': 'XMLHttpRequest', 'X-token': 'f96bbe3a7e7f833329e7129767a69abbfa6dfce3152e3c2a311eb49d89b5c3bb2b12b66b402f03dce682b8b2b6a005cd'})
[2025-06-01 06:57:10] What Is Patriotism? get vote panel
[2025-06-01 06:57:10] Processus associé: what-is-patriotism-1-vote-50-left-0H:2M
[2025-06-01 06:57:16] What Is Patriotism? get vote panel
[2025-06-01 06:57:16] Processus associé: what-is-patriotism-1-vote-50-left-0H:2M
[2025-06-01 06:57:22] Récupération des données de vote pour What Is Patriotism? (URL: what-is-patriotism-1, HEADER:{'User-Agent': 'Mozilla/5.0 (X11; Linux i686; rv:39.0) Gecko/20100101 Firefox/39.0', 'x-api-version': '8', 'x-env': 'WEB', 'X-requested-with': 'XMLHttpRequest', 'X-token': 'f96bbe3a7e7f833329e7129767a69abbfa6dfce3152e3c2a311eb49d89b5c3bb2b12b66b402f03dce682b8b2b6a005cd'})
[2025-06-01 06:57:22] Récupération des données de vote pour What Is Patriotism? (URL: what-is-patriotism-1, HEADER:{'User-Agent': 'Mozilla/5.0 (X11; Linux i686; rv:39.0) Gecko/20100101 Firefox/39.0', 'x-api-version': '8', 'x-env': 'WEB', 'X-requested-with': 'XMLHttpRequest', 'X-token': 'f96bbe3a7e7f833329e7129767a69abbfa6dfce3152e3c2a311eb49d89b5c3bb2b12b66b402f03dce682b8b2b6a005cd'})
[2025-06-01 06:57:22] Récupération des données de vote pour What Is Patriotism? (URL: what-is-patriotism-1, HEADER:{'User-Agent': 'Mozilla/5.0 (X11; Linux i686; rv:39.0) Gecko/20100101 Firefox/39.0', 'x-api-version': '8', 'x-env': 'WEB', 'X-requested-with': 'XMLHttpRequest', 'X-token': 'f96bbe3a7e7f833329e7129767a69abbfa6dfce3152e3c2a311eb49d89b5c3bb2b12b66b402f03dce682b8b2b6a005cd'})
[2025-06-01 06:57:22] Récupération des données de vote pour What Is Patriotism? (URL: what-is-patriotism-1, HEADER:{'User-Agent': 'Mozilla/5.0 (X11; Linux i686; rv:39.0) Gecko/20100101 Firefox/39.0', 'x-api-version': '8', 'x-env': 'WEB', 'X-requested-with': 'XMLHttpRequest', 'X-token': 'f96bbe3a7e7f833329e7129767a69abbfa6dfce3152e3c2a311eb49d89b5c3bb2b12b66b402f03dce682b8b2b6a005cd'})
[2025-06-01 06:57:22] Récupération des données de vote pour What Is Patriotism? (URL: what-is-patriotism-1, HEADER:{'User-Agent': 'Mozilla/5.0 (X11; Linux i686; rv:39.0) Gecko/20100101 Firefox/39.0', 'x-api-version': '8', 'x-env': 'WEB', 'X-requested-with': 'XMLHttpRequest', 'X-token': 'f96bbe3a7e7f833329e7129767a69abbfa6dfce3152e3c2a311eb49d89b5c3bb2b12b66b402f03dce682b8b2b6a005cd'})
[2025-06-01 06:57:22] Récupération des données de vote pour What Is Patriotism? (URL: what-is-patriotism-1, HEADER:{'User-Agent': 'Mozilla/5.0 (X11; Linux i686; rv:39.0) Gecko/20100101 Firefox/39.0', 'x-api-version': '8', 'x-env': 'WEB', 'X-requested-with': 'XMLHttpRequest', 'X-token': 'f96bbe3a7e7f833329e7129767a69abbfa6dfce3152e3c2a311eb49d89b5c3bb2b12b66b402f03dce682b8b2b6a005cd'})
[2025-06-01 06:57:22] Récupération des données de vote pour What Is Patriotism? (URL: what-is-patriotism-1, HEADER:{'User-Agent': 'Mozilla/5.0 (X11; Linux i686; rv:39.0) Gecko/20100101 Firefox/39.0', 'x-api-version': '8', 'x-env': 'WEB', 'X-requested-with': 'XMLHttpRequest', 'X-token': 'f96bbe3a7e7f833329e7129767a69abbfa6dfce3152e3c2a311eb49d89b5c3bb2b12b66b402f03dce682b8b2b6a005cd'})
[2025-06-01 06:57:22] Récupération des données de vote pour What Is Patriotism? (URL: what-is-patriotism-1, HEADER:{'User-Agent': 'Mozilla/5.0 (X11; Linux i686; rv:39.0) Gecko/20100101 Firefox/39.0', 'x-api-version': '8', 'x-env': 'WEB', 'X-requested-with': 'XMLHttpRequest', 'X-token': 'f96bbe3a7e7f833329e7129767a69abbfa6dfce3152e3c2a311eb49d89b5c3bb2b12b66b402f03dce682b8b2b6a005cd'})
[2025-06-01 06:57:22] Récupération des données de vote pour What Is Patriotism? (URL: what-is-patriotism-1, HEADER:{'User-Agent': 'Mozilla/5.0 (X11; Linux i686; rv:39.0) Gecko/20100101 Firefox/39.0', 'x-api-version': '8', 'x-env': 'WEB', 'X-requested-with': 'XMLHttpRequest', 'X-token': 'f96bbe3a7e7f833329e7129767a69abbfa6dfce3152e3c2a311eb49d89b5c3bb2b12b66b402f03dce682b8b2b6a005cd'})
[2025-06-01 06:57:22] Récupération des données de vote pour What Is Patriotism? (URL: what-is-patriotism-1, HEADER:{'User-Agent': 'Mozilla/5.0 (X11; Linux i686; rv:39.0) Gecko/20100101 Firefox/39.0', 'x-api-version': '8', 'x-env': 'WEB', 'X-requested-with': 'XMLHttpRequest', 'X-token': 'f96bbe3a7e7f833329e7129767a69abbfa6dfce3152e3c2a311eb49d89b5c3bb2b12b66b402f03dce682b8b2b6a005cd'})
[2025-06-01 06:57:23] Récupération réussie: 200 images pour What Is Patriotism?
[2025-06-01 06:57:23] Voting fetching ...
[2025-06-01 06:57:23] What Is Patriotism? voting 10 images
[2025-06-01 06:57:23] Récupération réussie: 200 images pour What Is Patriotism?
[2025-06-01 06:57:23] Voting fetching ...
[2025-06-01 06:57:23] What Is Patriotism? voting 10 images
[2025-06-01 06:57:23] Récupération réussie: 200 images pour What Is Patriotism?
[2025-06-01 06:57:23] Voting fetching ...
[2025-06-01 06:57:23] What Is Patriotism? voting 10 images
[2025-06-01 06:57:23] Récupération réussie: 200 images pour What Is Patriotism?
[2025-06-01 06:57:23] Voting fetching ...
[2025-06-01 06:57:23] What Is Patriotism? voting 10 images
[2025-06-01 06:57:23] Récupération réussie: 200 images pour What Is Patriotism?
[2025-06-01 06:57:23] Voting fetching ...
[2025-06-01 06:57:23] What Is Patriotism? voting 10 images
[2025-06-01 06:57:23] Récupération réussie: 200 images pour What Is Patriotism?
[2025-06-01 06:57:23] Voting fetching ...
[2025-06-01 06:57:23] What Is Patriotism? voting 10 images
[2025-06-01 06:57:23] Récupération réussie: 200 images pour What Is Patriotism?
[2025-06-01 06:57:23] Voting fetching ...
[2025-06-01 06:57:23] What Is Patriotism? voting 10 images
[2025-06-01 06:57:23] Récupération réussie: 200 images pour What Is Patriotism?
[2025-06-01 06:57:23] Voting fetching ...
[2025-06-01 06:57:23] What Is Patriotism? voting 10 images
[2025-06-01 06:57:23] Récupération réussie: 200 images pour What Is Patriotism?
[2025-06-01 06:57:23] Voting fetching ...
[2025-06-01 06:57:23] What Is Patriotism? voting 10 images
[2025-06-01 06:57:23] Récupération réussie: 200 images pour What Is Patriotism?
[2025-06-01 06:57:23] Voting fetching ...
[2025-06-01 06:57:23] What Is Patriotism? voting 10 images
[2025-06-01 06:57:23] Récupération réussie: 200 images pour What Is Patriotism?
[2025-06-01 06:57:23] Voting fetching ...
[2025-06-01 06:57:23] What Is Patriotism? voting 10 images
[2025-06-01 06:57:23] Récupération réussie: 200 images pour What Is Patriotism?
[2025-06-01 06:57:23] Voting fetching ...
[2025-06-01 06:57:23] What Is Patriotism? voting 10 images
[2025-06-01 06:57:23] Récupération réussie: 200 images pour What Is Patriotism?
[2025-06-01 06:57:23] Voting fetching ...
[2025-06-01 06:57:23] What Is Patriotism? voting 10 images
[2025-06-01 06:57:23] Récupération réussie: 200 images pour What Is Patriotism?
[2025-06-01 06:57:23] Voting fetching ...
[2025-06-01 06:57:23] What Is Patriotism? voting 10 images
[2025-06-01 06:57:23] Récupération réussie: 200 images pour What Is Patriotism?
[2025-06-01 06:57:23] Voting fetching ...
[2025-06-01 06:57:23] What Is Patriotism? voting 10 images
[2025-06-01 06:57:24] Récupération réussie: 200 images pour What Is Patriotism?
[2025-06-01 06:57:24] Voting fetching ...
[2025-06-01 06:57:24] What Is Patriotism? voting 10 images
[2025-06-01 06:57:24] Récupération réussie: 200 images pour What Is Patriotism?
[2025-06-01 06:57:24] Voting fetching ...
[2025-06-01 06:57:24] What Is Patriotism? voting 10 images
[2025-06-01 06:57:24] Récupération réussie: 200 images pour What Is Patriotism?
[2025-06-01 06:57:24] Voting fetching ...
[2025-06-01 06:57:24] What Is Patriotism? voting 10 images
[2025-06-01 06:57:24] Récupération réussie: 200 images pour What Is Patriotism?
[2025-06-01 06:57:24] Voting fetching ...
[2025-06-01 06:57:24] What Is Patriotism? voting 10 images
[2025-06-01 06:57:24] Récupération réussie: 200 images pour What Is Patriotism?
[2025-06-01 06:57:24] Voting fetching ...
[2025-06-01 06:57:24] What Is Patriotism? voting 10 images
[2025-06-01 06:57:24] Challenges fetching ...
[2025-06-01 06:57:24] Challenges fetched successfully for pascale!
[2025-06-01 06:57:24] Challenges fetching ...
[2025-06-01 06:57:24] Challenges fetched successfully for pascale!
[2025-06-01 06:57:24] Challenges fetching ...
[2025-06-01 06:57:24] Challenges fetched successfully for pascale!
[2025-06-01 06:57:24] Challenges fetching ...
[2025-06-01 06:57:24] Challenges fetched successfully for pascale!
[2025-06-01 06:57:24] Challenges fetching ...
[2025-06-01 06:57:24] Challenges fetched successfully for pascale!
[2025-06-01 06:57:25] Challenges fetching ...
[2025-06-01 06:57:25] Challenges fetched successfully for pascale!
[2025-06-01 06:57:25] Challenges fetching ...
[2025-06-01 06:57:25] Challenges fetched successfully for pascale!
[2025-06-01 06:57:25] Challenges fetching ...
[2025-06-01 06:57:25] Challenges fetched successfully for pascale!
[2025-06-01 06:57:25] Challenges fetching ...
[2025-06-01 06:57:25] Challenges fetched successfully for pascale!
[2025-06-01 06:57:25] Challenges fetching ...
[2025-06-01 06:57:25] Challenges fetched successfully for pascale!
[2025-06-01 06:57:25] Challenges fetching ...
[2025-06-01 06:57:25] Challenges fetched successfully for pascale!
[2025-06-01 06:57:25] Challenges fetching ...
[2025-06-01 06:57:25] Challenges fetched successfully for pascale!
[2025-06-01 06:57:25] Challenges fetching ...
[2025-06-01 06:57:25] Challenges fetched successfully for pascale!
[2025-06-01 06:57:25] Challenges fetching ...
[2025-06-01 06:57:25] Challenges fetched successfully for pascale!
[2025-06-01 06:57:25] Challenges fetching ...
[2025-06-01 06:57:25] Challenges fetched successfully for pascale!
[2025-06-01 06:57:25] Challenges fetching ...
[2025-06-01 06:57:26] Challenges fetched successfully for pascale!
[2025-06-01 06:57:26] Challenges fetching ...
[2025-06-01 06:57:26] Challenges fetched successfully for pascale!
[2025-06-01 06:57:26] Challenges fetching ...
[2025-06-01 06:57:26] Challenges fetched successfully for pascale!
[2025-06-01 06:57:26] Challenges fetching ...
[2025-06-01 06:57:26] Challenges fetched successfully for pascale!
[2025-06-01 06:57:26] Challenges fetching ...
[2025-06-01 06:57:26] Challenges fetched successfully for pascale!
[2025-06-01 06:57:27] What Is Patriotism? voted successfully
[2025-06-01 06:57:27] Processus supprimé pour bruno: what-is-patriotism-1-vote-50-left-0H:2M - success
[2025-06-01 06:57:27] Processus mis à jour pour bruno: what-is-patriotism-1-vote-50-left-0H:2M - success
[2025-06-01 06:57:27] Processus what-is-patriotism-1-vote-50-left-0H:2M terminé avec succès (profil: bruno)
[2025-06-01 06:57:31] What Is Patriotism? voted successfully
[2025-06-01 06:57:37] What Is Patriotism? voted successfully
[2025-06-01 06:57:39] What Is Patriotism? voted successfully
[2025-06-01 06:57:43] What Is Patriotism? voted successfully
[2025-06-01 06:57:48] What Is Patriotism? voted successfully
[2025-06-01 06:57:50] What Is Patriotism? voted successfully
[2025-06-01 06:57:52] What Is Patriotism? voted successfully
[2025-06-01 06:57:54] What Is Patriotism? voted successfully
[2025-06-01 06:57:56] What Is Patriotism? voted successfully
[2025-06-01 06:58:00] What Is Patriotism? voted successfully
[2025-06-01 06:58:02] What Is Patriotism? voted successfully
[2025-06-01 06:58:06] What Is Patriotism? voted successfully
[2025-06-01 06:58:08] What Is Patriotism? voted successfully
[2025-06-01 06:58:09] Processus mis à jour pour pascale: what-is-patriotism-1-vote-50-left-0H:1M - executing
[2025-06-01 06:58:09] Traitement de vote pour What Is Patriotism?
[2025-06-01 06:58:10] Processus mis à jour pour pascale: what-is-patriotism-1-vote-50-left-0H:1M - executing
[2025-06-01 06:58:10] Traitement de vote pour What Is Patriotism?
[2025-06-01 06:58:13] What Is Patriotism? voted successfully
[2025-06-01 06:58:15] What Is Patriotism? voted successfully
[2025-06-01 06:58:18] What Is Patriotism? voted successfully
[2025-06-01 06:58:20] What Is Patriotism? voted successfully
[2025-06-01 06:58:22] What Is Patriotism? voted successfully
[2025-06-01 06:58:24] What Is Patriotism? voted successfully
[2025-06-01 06:58:26] What Is Patriotism? get vote panel
[2025-06-01 06:58:26] Processus associé: what-is-patriotism-1-vote-50-left-0H:1M
[2025-06-01 06:58:43] What Is Patriotism? get vote panel
[2025-06-01 06:58:43] Processus associé: what-is-patriotism-1-vote-50-left-0H:1M
[2025-06-01 06:58:53] Processus suspect (format de date invalide): what-is-patriotism-1-vote-50-left-0H:3M (profil: pascale)
[2025-06-01 06:58:53] Processus supprimé pour pascale: what-is-patriotism-1-vote-50-left-0H:3M - zombie
[2025-06-01 06:58:53] Processus mis à jour pour pascale: what-is-patriotism-1-vote-50-left-0H:3M - zombie
[2025-06-01 06:58:53] Récupération des données de vote pour What Is Patriotism? (URL: what-is-patriotism-1, HEADER:{'User-Agent': 'Mozilla/5.0 (X11; Linux i686; rv:39.0) Gecko/20100101 Firefox/39.0', 'x-api-version': '8', 'x-env': 'WEB', 'X-requested-with': 'XMLHttpRequest', 'X-token': 'f96bbe3a7e7f833329e7129767a69abbfa6dfce3152e3c2a311eb49d89b5c3bb2b12b66b402f03dce682b8b2b6a005cd'})
[2025-06-01 06:58:53] Récupération des données de vote pour What Is Patriotism? (URL: what-is-patriotism-1, HEADER:{'User-Agent': 'Mozilla/5.0 (X11; Linux i686; rv:39.0) Gecko/20100101 Firefox/39.0', 'x-api-version': '8', 'x-env': 'WEB', 'X-requested-with': 'XMLHttpRequest', 'X-token': 'f96bbe3a7e7f833329e7129767a69abbfa6dfce3152e3c2a311eb49d89b5c3bb2b12b66b402f03dce682b8b2b6a005cd'})
[2025-06-01 06:58:53] Récupération des données de vote pour What Is Patriotism? (URL: what-is-patriotism-1, HEADER:{'User-Agent': 'Mozilla/5.0 (X11; Linux i686; rv:39.0) Gecko/20100101 Firefox/39.0', 'x-api-version': '8', 'x-env': 'WEB', 'X-requested-with': 'XMLHttpRequest', 'X-token': 'f96bbe3a7e7f833329e7129767a69abbfa6dfce3152e3c2a311eb49d89b5c3bb2b12b66b402f03dce682b8b2b6a005cd'})
[2025-06-01 06:58:53] Récupération des données de vote pour What Is Patriotism? (URL: what-is-patriotism-1, HEADER:{'User-Agent': 'Mozilla/5.0 (X11; Linux i686; rv:39.0) Gecko/20100101 Firefox/39.0', 'x-api-version': '8', 'x-env': 'WEB', 'X-requested-with': 'XMLHttpRequest', 'X-token': 'f96bbe3a7e7f833329e7129767a69abbfa6dfce3152e3c2a311eb49d89b5c3bb2b12b66b402f03dce682b8b2b6a005cd'})
[2025-06-01 06:58:53] Récupération des données de vote pour What Is Patriotism? (URL: what-is-patriotism-1, HEADER:{'User-Agent': 'Mozilla/5.0 (X11; Linux i686; rv:39.0) Gecko/20100101 Firefox/39.0', 'x-api-version': '8', 'x-env': 'WEB', 'X-requested-with': 'XMLHttpRequest', 'X-token': 'f96bbe3a7e7f833329e7129767a69abbfa6dfce3152e3c2a311eb49d89b5c3bb2b12b66b402f03dce682b8b2b6a005cd'})
[2025-06-01 06:58:53] Récupération des données de vote pour What Is Patriotism? (URL: what-is-patriotism-1, HEADER:{'User-Agent': 'Mozilla/5.0 (X11; Linux i686; rv:39.0) Gecko/20100101 Firefox/39.0', 'x-api-version': '8', 'x-env': 'WEB', 'X-requested-with': 'XMLHttpRequest', 'X-token': 'f96bbe3a7e7f833329e7129767a69abbfa6dfce3152e3c2a311eb49d89b5c3bb2b12b66b402f03dce682b8b2b6a005cd'})
[2025-06-01 06:58:53] Récupération des données de vote pour What Is Patriotism? (URL: what-is-patriotism-1, HEADER:{'User-Agent': 'Mozilla/5.0 (X11; Linux i686; rv:39.0) Gecko/20100101 Firefox/39.0', 'x-api-version': '8', 'x-env': 'WEB', 'X-requested-with': 'XMLHttpRequest', 'X-token': 'f96bbe3a7e7f833329e7129767a69abbfa6dfce3152e3c2a311eb49d89b5c3bb2b12b66b402f03dce682b8b2b6a005cd'})
[2025-06-01 06:58:53] Récupération des données de vote pour What Is Patriotism? (URL: what-is-patriotism-1, HEADER:{'User-Agent': 'Mozilla/5.0 (X11; Linux i686; rv:39.0) Gecko/20100101 Firefox/39.0', 'x-api-version': '8', 'x-env': 'WEB', 'X-requested-with': 'XMLHttpRequest', 'X-token': 'f96bbe3a7e7f833329e7129767a69abbfa6dfce3152e3c2a311eb49d89b5c3bb2b12b66b402f03dce682b8b2b6a005cd'})
[2025-06-01 06:58:53] Récupération des données de vote pour What Is Patriotism? (URL: what-is-patriotism-1, HEADER:{'User-Agent': 'Mozilla/5.0 (X11; Linux i686; rv:39.0) Gecko/20100101 Firefox/39.0', 'x-api-version': '8', 'x-env': 'WEB', 'X-requested-with': 'XMLHttpRequest', 'X-token': 'f96bbe3a7e7f833329e7129767a69abbfa6dfce3152e3c2a311eb49d89b5c3bb2b12b66b402f03dce682b8b2b6a005cd'})
[2025-06-01 06:58:53] Récupération des données de vote pour What Is Patriotism? (URL: what-is-patriotism-1, HEADER:{'User-Agent': 'Mozilla/5.0 (X11; Linux i686; rv:39.0) Gecko/20100101 Firefox/39.0', 'x-api-version': '8', 'x-env': 'WEB', 'X-requested-with': 'XMLHttpRequest', 'X-token': 'f96bbe3a7e7f833329e7129767a69abbfa6dfce3152e3c2a311eb49d89b5c3bb2b12b66b402f03dce682b8b2b6a005cd'})
[2025-06-01 06:58:54] Récupération réussie: 200 images pour What Is Patriotism?
[2025-06-01 06:58:54] Voting fetching ...
[2025-06-01 06:58:54] What Is Patriotism? voting 10 images
[2025-06-01 06:58:54] Récupération réussie: 200 images pour What Is Patriotism?
[2025-06-01 06:58:54] Voting fetching ...
[2025-06-01 06:58:54] What Is Patriotism? voting 10 images
[2025-06-01 06:58:54] Récupération réussie: 200 images pour What Is Patriotism?
[2025-06-01 06:58:54] Voting fetching ...
[2025-06-01 06:58:54] What Is Patriotism? voting 10 images
[2025-06-01 06:58:54] Récupération réussie: 200 images pour What Is Patriotism?
[2025-06-01 06:58:54] Voting fetching ...
[2025-06-01 06:58:54] What Is Patriotism? voting 10 images
[2025-06-01 06:58:54] Récupération réussie: 200 images pour What Is Patriotism?
[2025-06-01 06:58:54] Voting fetching ...
[2025-06-01 06:58:54] What Is Patriotism? voting 10 images
[2025-06-01 06:58:54] Récupération réussie: 200 images pour What Is Patriotism?
[2025-06-01 06:58:54] Voting fetching ...
[2025-06-01 06:58:54] What Is Patriotism? voting 10 images
[2025-06-01 06:58:54] Récupération réussie: 200 images pour What Is Patriotism?
[2025-06-01 06:58:54] Voting fetching ...
[2025-06-01 06:58:54] What Is Patriotism? voting 10 images
[2025-06-01 06:58:54] Récupération réussie: 200 images pour What Is Patriotism?
[2025-06-01 06:58:54] Voting fetching ...
[2025-06-01 06:58:54] What Is Patriotism? voting 10 images
[2025-06-01 06:58:54] Récupération réussie: 200 images pour What Is Patriotism?
[2025-06-01 06:58:54] Voting fetching ...
[2025-06-01 06:58:54] What Is Patriotism? voting 10 images
[2025-06-01 06:58:54] Récupération réussie: 200 images pour What Is Patriotism?
[2025-06-01 06:58:54] Voting fetching ...
[2025-06-01 06:58:54] What Is Patriotism? voting 10 images
[2025-06-01 06:58:54] Challenges fetching ...
[2025-06-01 06:58:54] Challenges fetched successfully for pascale!
[2025-06-01 06:58:54] Challenges fetching ...
[2025-06-01 06:58:54] Challenges fetched successfully for pascale!
[2025-06-01 06:58:54] Challenges fetching ...
[2025-06-01 06:58:54] Challenges fetched successfully for pascale!
[2025-06-01 06:58:55] Challenges fetching ...
[2025-06-01 06:58:55] Challenges fetched successfully for pascale!
[2025-06-01 06:58:55] Challenges fetching ...
[2025-06-01 06:58:55] Challenges fetched successfully for pascale!
[2025-06-01 06:58:55] Challenges fetching ...
[2025-06-01 06:58:55] Challenges fetched successfully for pascale!
[2025-06-01 06:58:55] Challenges fetching ...
[2025-06-01 06:58:55] Challenges fetched successfully for pascale!
[2025-06-01 06:58:55] Challenges fetching ...
[2025-06-01 06:58:55] Challenges fetched successfully for pascale!
[2025-06-01 06:58:55] Challenges fetching ...
[2025-06-01 06:58:55] Challenges fetched successfully for pascale!
[2025-06-01 06:58:55] Challenges fetching ...
[2025-06-01 06:58:55] Challenges fetched successfully for pascale!
[2025-06-01 06:58:55] Challenges fetching ...
[2025-06-01 06:58:55] Challenges fetched successfully for pascale!
[2025-06-01 06:58:55] Challenges fetching ...
[2025-06-01 06:58:55] Challenges fetched successfully for pascale!
[2025-06-01 06:58:55] Challenges fetching ...
[2025-06-01 06:58:55] Challenges fetched successfully for pascale!
[2025-06-01 06:58:55] Challenges fetching ...
[2025-06-01 06:58:56] Challenges fetched successfully for pascale!
[2025-06-01 06:58:56] Challenges fetching ...
[2025-06-01 06:58:56] Challenges fetched successfully for pascale!
[2025-06-01 06:58:56] Challenges fetching ...
[2025-06-01 06:58:56] Challenges fetched successfully for pascale!
[2025-06-01 06:58:56] Challenges fetching ...
[2025-06-01 06:58:56] Challenges fetched successfully for pascale!
[2025-06-01 06:58:56] Challenges fetching ...
[2025-06-01 06:58:56] Challenges fetched successfully for pascale!
[2025-06-01 06:58:56] Challenges fetching ...
[2025-06-01 06:58:56] Challenges fetched successfully for pascale!
[2025-06-01 06:58:56] Challenges fetching ...
[2025-06-01 06:58:56] Challenges fetched successfully for pascale!
[2025-06-01 06:58:57] What Is Patriotism? voted successfully
[2025-06-01 06:58:57] Processus supprimé pour bruno: what-is-patriotism-1-vote-50-left-0H:1M - success
[2025-06-01 06:58:57] Processus mis à jour pour bruno: what-is-patriotism-1-vote-50-left-0H:1M - success
[2025-06-01 06:58:57] Processus what-is-patriotism-1-vote-50-left-0H:1M terminé avec succès (profil: bruno)
[2025-06-01 06:59:00] What Is Patriotism? voted successfully
[2025-06-01 06:59:02] What Is Patriotism? voted successfully
[2025-06-01 06:59:07] What Is Patriotism? voted successfully
[2025-06-01 06:59:09] What Is Patriotism? voted successfully
[2025-06-01 06:59:11] What Is Patriotism? voted successfully
[2025-06-01 06:59:13] What Is Patriotism? voted successfully
[2025-06-01 06:59:15] What Is Patriotism? voted successfully
[2025-06-01 06:59:18] What Is Patriotism? voted successfully
[2025-06-01 06:59:20] What Is Patriotism? voted successfully
[2025-06-01 06:59:24] Challenges fetching ...
[2025-06-01 06:59:24] Challenges fetched successfully for pascale!
[2025-06-01 06:59:24] Challenges fetching ...
[2025-06-01 06:59:24] Challenges fetched successfully for pascale!
[2025-06-01 06:59:24] Challenges fetching ...
[2025-06-01 06:59:24] Challenges fetched successfully for pascale!
[2025-06-01 06:59:24] Challenges fetching ...
[2025-06-01 06:59:24] Challenges fetched successfully for pascale!
[2025-06-01 06:59:24] Challenges fetching ...
[2025-06-01 06:59:24] Challenges fetched successfully for pascale!
[2025-06-01 06:59:24] Challenges fetching ...
[2025-06-01 06:59:24] Challenges fetched successfully for pascale!
[2025-06-01 06:59:24] Challenges fetching ...
[2025-06-01 06:59:24] Challenges fetched successfully for pascale!
[2025-06-01 06:59:24] Challenges fetching ...
[2025-06-01 06:59:24] Challenges fetched successfully for pascale!
[2025-06-01 06:59:24] Challenges fetching ...
[2025-06-01 06:59:24] Challenges fetched successfully for pascale!
[2025-06-01 06:59:25] Challenges fetching ...
[2025-06-01 06:59:25] Challenges fetched successfully for pascale!
[2025-06-01 06:59:52] Processus suspect (format de date invalide): what-is-patriotism-1-vote-50-left-0H:1M (profil: pascale)
[2025-06-01 06:59:52] Processus supprimé pour pascale: what-is-patriotism-1-vote-50-left-0H:1M - zombie
[2025-06-01 06:59:52] Processus mis à jour pour pascale: what-is-patriotism-1-vote-50-left-0H:1M - zombie
[2025-06-01 09:05:03] Processus mis à jour pour pascale: lucky-shot22-vote-100-left-0H:4M - executing
[2025-06-01 09:05:03] Traitement de vote pour Lucky Shot
[2025-06-01 09:05:03] Lucky Shot get vote panel
[2025-06-01 09:05:03] Processus associé: lucky-shot22-vote-100-left-0H:4M
[2025-06-01 09:05:22] Récupération des données de vote pour Lucky Shot (URL: lucky-shot22, HEADER:{'User-Agent': 'Mozilla/5.0 (X11; Linux i686; rv:39.0) Gecko/20100101 Firefox/39.0', 'x-api-version': '8', 'x-env': 'WEB', 'X-requested-with': 'XMLHttpRequest', 'X-token': 'f96bbe3a7e7f833329e7129767a69abbfa6dfce3152e3c2a311eb49d89b5c3bb2b12b66b402f03dce682b8b2b6a005cd'})
[2025-06-01 09:05:22] Récupération des données de vote pour Lucky Shot (URL: lucky-shot22, HEADER:{'User-Agent': 'Mozilla/5.0 (X11; Linux i686; rv:39.0) Gecko/20100101 Firefox/39.0', 'x-api-version': '8', 'x-env': 'WEB', 'X-requested-with': 'XMLHttpRequest', 'X-token': 'f96bbe3a7e7f833329e7129767a69abbfa6dfce3152e3c2a311eb49d89b5c3bb2b12b66b402f03dce682b8b2b6a005cd'})
[2025-06-01 09:05:22] Récupération des données de vote pour Lucky Shot (URL: lucky-shot22, HEADER:{'User-Agent': 'Mozilla/5.0 (X11; Linux i686; rv:39.0) Gecko/20100101 Firefox/39.0', 'x-api-version': '8', 'x-env': 'WEB', 'X-requested-with': 'XMLHttpRequest', 'X-token': 'f96bbe3a7e7f833329e7129767a69abbfa6dfce3152e3c2a311eb49d89b5c3bb2b12b66b402f03dce682b8b2b6a005cd'})
[2025-06-01 09:05:22] Récupération des données de vote pour Lucky Shot (URL: lucky-shot22, HEADER:{'User-Agent': 'Mozilla/5.0 (X11; Linux i686; rv:39.0) Gecko/20100101 Firefox/39.0', 'x-api-version': '8', 'x-env': 'WEB', 'X-requested-with': 'XMLHttpRequest', 'X-token': 'f96bbe3a7e7f833329e7129767a69abbfa6dfce3152e3c2a311eb49d89b5c3bb2b12b66b402f03dce682b8b2b6a005cd'})
[2025-06-01 09:05:22] Récupération des données de vote pour Lucky Shot (URL: lucky-shot22, HEADER:{'User-Agent': 'Mozilla/5.0 (X11; Linux i686; rv:39.0) Gecko/20100101 Firefox/39.0', 'x-api-version': '8', 'x-env': 'WEB', 'X-requested-with': 'XMLHttpRequest', 'X-token': 'f96bbe3a7e7f833329e7129767a69abbfa6dfce3152e3c2a311eb49d89b5c3bb2b12b66b402f03dce682b8b2b6a005cd'})
[2025-06-01 09:05:22] Récupération des données de vote pour Lucky Shot (URL: lucky-shot22, HEADER:{'User-Agent': 'Mozilla/5.0 (X11; Linux i686; rv:39.0) Gecko/20100101 Firefox/39.0', 'x-api-version': '8', 'x-env': 'WEB', 'X-requested-with': 'XMLHttpRequest', 'X-token': 'f96bbe3a7e7f833329e7129767a69abbfa6dfce3152e3c2a311eb49d89b5c3bb2b12b66b402f03dce682b8b2b6a005cd'})
[2025-06-01 09:05:22] Récupération des données de vote pour Lucky Shot (URL: lucky-shot22, HEADER:{'User-Agent': 'Mozilla/5.0 (X11; Linux i686; rv:39.0) Gecko/20100101 Firefox/39.0', 'x-api-version': '8', 'x-env': 'WEB', 'X-requested-with': 'XMLHttpRequest', 'X-token': 'f96bbe3a7e7f833329e7129767a69abbfa6dfce3152e3c2a311eb49d89b5c3bb2b12b66b402f03dce682b8b2b6a005cd'})
[2025-06-01 09:05:23] Récupération des données de vote pour Lucky Shot (URL: lucky-shot22, HEADER:{'User-Agent': 'Mozilla/5.0 (X11; Linux i686; rv:39.0) Gecko/20100101 Firefox/39.0', 'x-api-version': '8', 'x-env': 'WEB', 'X-requested-with': 'XMLHttpRequest', 'X-token': 'f96bbe3a7e7f833329e7129767a69abbfa6dfce3152e3c2a311eb49d89b5c3bb2b12b66b402f03dce682b8b2b6a005cd'})
[2025-06-01 09:05:23] Récupération des données de vote pour Lucky Shot (URL: lucky-shot22, HEADER:{'User-Agent': 'Mozilla/5.0 (X11; Linux i686; rv:39.0) Gecko/20100101 Firefox/39.0', 'x-api-version': '8', 'x-env': 'WEB', 'X-requested-with': 'XMLHttpRequest', 'X-token': 'f96bbe3a7e7f833329e7129767a69abbfa6dfce3152e3c2a311eb49d89b5c3bb2b12b66b402f03dce682b8b2b6a005cd'})
[2025-06-01 09:05:23] Récupération des données de vote pour Lucky Shot (URL: lucky-shot22, HEADER:{'User-Agent': 'Mozilla/5.0 (X11; Linux i686; rv:39.0) Gecko/20100101 Firefox/39.0', 'x-api-version': '8', 'x-env': 'WEB', 'X-requested-with': 'XMLHttpRequest', 'X-token': 'f96bbe3a7e7f833329e7129767a69abbfa6dfce3152e3c2a311eb49d89b5c3bb2b12b66b402f03dce682b8b2b6a005cd'})
[2025-06-01 09:05:24] Récupération réussie: 200 images pour Lucky Shot
[2025-06-01 09:05:24] Voting fetching ...
[2025-06-01 09:05:24] Lucky Shot voting 10 images
[2025-06-01 09:05:26] Récupération réussie: 200 images pour Lucky Shot
[2025-06-01 09:05:26] Voting fetching ...
[2025-06-01 09:05:26] Lucky Shot voting 10 images
[2025-06-01 09:05:26] Récupération réussie: 200 images pour Lucky Shot
[2025-06-01 09:05:26] Voting fetching ...
[2025-06-01 09:05:26] Lucky Shot voting 10 images
[2025-06-01 09:05:26] Récupération réussie: 200 images pour Lucky Shot
[2025-06-01 09:05:26] Voting fetching ...
[2025-06-01 09:05:26] Lucky Shot voting 10 images
[2025-06-01 09:05:26] Récupération réussie: 200 images pour Lucky Shot
[2025-06-01 09:05:26] Voting fetching ...
[2025-06-01 09:05:26] Lucky Shot voting 10 images
[2025-06-01 09:05:26] Récupération réussie: 200 images pour Lucky Shot
[2025-06-01 09:05:26] Voting fetching ...
[2025-06-01 09:05:26] Lucky Shot voting 10 images
[2025-06-01 09:05:26] Récupération réussie: 200 images pour Lucky Shot
[2025-06-01 09:05:26] Voting fetching ...
[2025-06-01 09:05:26] Lucky Shot voting 10 images
[2025-06-01 09:05:26] Récupération réussie: 200 images pour Lucky Shot
[2025-06-01 09:05:26] Voting fetching ...
[2025-06-01 09:05:26] Lucky Shot voting 10 images
[2025-06-01 09:05:26] Récupération réussie: 200 images pour Lucky Shot
[2025-06-01 09:05:26] Voting fetching ...
[2025-06-01 09:05:26] Lucky Shot voting 10 images
[2025-06-01 09:05:26] Récupération réussie: 200 images pour Lucky Shot
[2025-06-01 09:05:26] Voting fetching ...
[2025-06-01 09:05:26] Lucky Shot voting 10 images
[2025-06-01 09:05:27] Lucky Shot voted successfully
[2025-06-01 09:05:27] Processus supprimé pour bruno: lucky-shot22-vote-100-left-0H:4M - success
[2025-06-01 09:05:27] Processus mis à jour pour bruno: lucky-shot22-vote-100-left-0H:4M - success
[2025-06-01 09:05:27] Processus lucky-shot22-vote-100-left-0H:4M terminé avec succès (profil: bruno)
[2025-06-01 09:05:29] Lucky Shot voted successfully
[2025-06-01 09:05:31] Lucky Shot voted successfully
[2025-06-01 09:05:33] Lucky Shot voted successfully
[2025-06-01 09:05:35] Lucky Shot voted successfully
[2025-06-01 09:05:37] Lucky Shot voted successfully
[2025-06-01 09:05:39] Lucky Shot voted successfully
[2025-06-01 09:05:41] Lucky Shot voted successfully
[2025-06-01 09:05:43] Lucky Shot voted successfully
[2025-06-01 09:05:45] Lucky Shot voted successfully
[2025-06-01 09:05:48] Challenges fetching ...
[2025-06-01 09:05:48] Challenges fetched successfully for pascale!
[2025-06-01 09:05:48] Challenges fetching ...
[2025-06-01 09:05:48] Challenges fetched successfully for pascale!
[2025-06-01 09:05:48] Challenges fetching ...
[2025-06-01 09:05:48] Challenges fetched successfully for pascale!
[2025-06-01 09:05:48] Challenges fetching ...
[2025-06-01 09:05:48] Challenges fetched successfully for pascale!
[2025-06-01 09:05:48] Challenges fetching ...
[2025-06-01 09:05:48] Challenges fetched successfully for pascale!
[2025-06-01 09:05:48] Challenges fetching ...
[2025-06-01 09:05:48] Challenges fetched successfully for pascale!
[2025-06-01 09:05:48] Challenges fetching ...
[2025-06-01 09:05:48] Challenges fetched successfully for pascale!
[2025-06-01 09:05:49] Challenges fetching ...
[2025-06-01 09:05:49] Challenges fetched successfully for pascale!
[2025-06-01 09:05:49] Challenges fetching ...
[2025-06-01 09:05:49] Challenges fetched successfully for pascale!
[2025-06-01 09:05:49] Challenges fetching ...
[2025-06-01 09:05:49] Challenges fetched successfully for pascale!
[2025-06-01 09:05:52] Processus suspect (format de date invalide): lucky-shot22-vote-100-left-0H:4M (profil: pascale)
[2025-06-01 09:05:52] Processus supprimé pour pascale: lucky-shot22-vote-100-left-0H:4M - zombie
[2025-06-01 09:05:52] Processus mis à jour pour pascale: lucky-shot22-vote-100-left-0H:4M - zombie
[2025-06-01 09:06:08] Processus mis à jour pour pascale: lucky-shot22-vote-50-left-0H:3M - executing
[2025-06-01 09:06:08] Traitement de vote pour Lucky Shot
[2025-06-01 09:06:08] Lucky Shot get vote panel
[2025-06-01 09:06:08] Processus associé: lucky-shot22-vote-50-left-0H:3M
[2025-06-01 09:06:13] Récupération des données de vote pour Lucky Shot (URL: lucky-shot22, HEADER:{'User-Agent': 'Mozilla/5.0 (X11; Linux i686; rv:39.0) Gecko/20100101 Firefox/39.0', 'x-api-version': '8', 'x-env': 'WEB', 'X-requested-with': 'XMLHttpRequest', 'X-token': 'f96bbe3a7e7f833329e7129767a69abbfa6dfce3152e3c2a311eb49d89b5c3bb2b12b66b402f03dce682b8b2b6a005cd'})
[2025-06-01 09:06:13] Récupération des données de vote pour Lucky Shot (URL: lucky-shot22, HEADER:{'User-Agent': 'Mozilla/5.0 (X11; Linux i686; rv:39.0) Gecko/20100101 Firefox/39.0', 'x-api-version': '8', 'x-env': 'WEB', 'X-requested-with': 'XMLHttpRequest', 'X-token': 'f96bbe3a7e7f833329e7129767a69abbfa6dfce3152e3c2a311eb49d89b5c3bb2b12b66b402f03dce682b8b2b6a005cd'})
[2025-06-01 09:06:13] Récupération des données de vote pour Lucky Shot (URL: lucky-shot22, HEADER:{'User-Agent': 'Mozilla/5.0 (X11; Linux i686; rv:39.0) Gecko/20100101 Firefox/39.0', 'x-api-version': '8', 'x-env': 'WEB', 'X-requested-with': 'XMLHttpRequest', 'X-token': 'f96bbe3a7e7f833329e7129767a69abbfa6dfce3152e3c2a311eb49d89b5c3bb2b12b66b402f03dce682b8b2b6a005cd'})
[2025-06-01 09:06:13] Récupération des données de vote pour Lucky Shot (URL: lucky-shot22, HEADER:{'User-Agent': 'Mozilla/5.0 (X11; Linux i686; rv:39.0) Gecko/20100101 Firefox/39.0', 'x-api-version': '8', 'x-env': 'WEB', 'X-requested-with': 'XMLHttpRequest', 'X-token': 'f96bbe3a7e7f833329e7129767a69abbfa6dfce3152e3c2a311eb49d89b5c3bb2b12b66b402f03dce682b8b2b6a005cd'})
[2025-06-01 09:06:13] Récupération des données de vote pour Lucky Shot (URL: lucky-shot22, HEADER:{'User-Agent': 'Mozilla/5.0 (X11; Linux i686; rv:39.0) Gecko/20100101 Firefox/39.0', 'x-api-version': '8', 'x-env': 'WEB', 'X-requested-with': 'XMLHttpRequest', 'X-token': 'f96bbe3a7e7f833329e7129767a69abbfa6dfce3152e3c2a311eb49d89b5c3bb2b12b66b402f03dce682b8b2b6a005cd'})
[2025-06-01 09:06:14] Récupération réussie: 200 images pour Lucky Shot
[2025-06-01 09:06:14] Voting fetching ...
[2025-06-01 09:06:14] Lucky Shot voting 10 images
[2025-06-01 09:06:14] Récupération réussie: 200 images pour Lucky Shot
[2025-06-01 09:06:14] Voting fetching ...
[2025-06-01 09:06:14] Lucky Shot voting 10 images
[2025-06-01 09:06:14] Récupération réussie: 200 images pour Lucky Shot
[2025-06-01 09:06:14] Voting fetching ...
[2025-06-01 09:06:14] Lucky Shot voting 10 images
[2025-06-01 09:06:14] Récupération réussie: 200 images pour Lucky Shot
[2025-06-01 09:06:14] Voting fetching ...
[2025-06-01 09:06:14] Lucky Shot voting 10 images
[2025-06-01 09:06:14] Récupération réussie: 200 images pour Lucky Shot
[2025-06-01 09:06:14] Voting fetching ...
[2025-06-01 09:06:14] Lucky Shot voting 10 images
[2025-06-01 09:06:15] Lucky Shot voted successfully
[2025-06-01 09:06:15] Processus supprimé pour bruno: lucky-shot22-vote-50-left-0H:3M - success
[2025-06-01 09:06:15] Processus mis à jour pour bruno: lucky-shot22-vote-50-left-0H:3M - success
[2025-06-01 09:06:15] Processus lucky-shot22-vote-50-left-0H:3M terminé avec succès (profil: bruno)
[2025-06-01 09:06:17] Lucky Shot voted successfully
[2025-06-01 09:06:19] Lucky Shot voted successfully
[2025-06-01 09:06:21] Lucky Shot voted successfully
[2025-06-01 09:06:23] Lucky Shot voted successfully
[2025-06-01 09:06:26] Challenges fetching ...
[2025-06-01 09:06:26] Challenges fetched successfully for pascale!
[2025-06-01 09:06:26] Challenges fetching ...
[2025-06-01 09:06:26] Challenges fetched successfully for pascale!
[2025-06-01 09:06:26] Challenges fetching ...
[2025-06-01 09:06:26] Challenges fetched successfully for pascale!
[2025-06-01 09:06:26] Challenges fetching ...
[2025-06-01 09:06:26] Challenges fetched successfully for pascale!
[2025-06-01 09:06:27] Challenges fetching ...
[2025-06-01 09:06:27] Challenges fetched successfully for pascale!
[2025-06-01 09:06:52] Processus suspect (format de date invalide): lucky-shot22-vote-50-left-0H:3M (profil: pascale)
[2025-06-01 09:06:52] Processus supprimé pour pascale: lucky-shot22-vote-50-left-0H:3M - zombie
[2025-06-01 09:06:52] Processus mis à jour pour pascale: lucky-shot22-vote-50-left-0H:3M - zombie
[2025-06-01 09:07:08] Processus mis à jour pour pascale: lucky-shot22-vote-50-left-0H:2M - executing
[2025-06-01 09:07:08] Traitement de vote pour Lucky Shot
[2025-06-01 09:07:08] Lucky Shot get vote panel
[2025-06-01 09:07:08] Processus associé: lucky-shot22-vote-50-left-0H:2M
[2025-06-01 09:07:13] Récupération des données de vote pour Lucky Shot (URL: lucky-shot22, HEADER:{'User-Agent': 'Mozilla/5.0 (X11; Linux i686; rv:39.0) Gecko/20100101 Firefox/39.0', 'x-api-version': '8', 'x-env': 'WEB', 'X-requested-with': 'XMLHttpRequest', 'X-token': 'f96bbe3a7e7f833329e7129767a69abbfa6dfce3152e3c2a311eb49d89b5c3bb2b12b66b402f03dce682b8b2b6a005cd'})
[2025-06-01 09:07:13] Récupération des données de vote pour Lucky Shot (URL: lucky-shot22, HEADER:{'User-Agent': 'Mozilla/5.0 (X11; Linux i686; rv:39.0) Gecko/20100101 Firefox/39.0', 'x-api-version': '8', 'x-env': 'WEB', 'X-requested-with': 'XMLHttpRequest', 'X-token': 'f96bbe3a7e7f833329e7129767a69abbfa6dfce3152e3c2a311eb49d89b5c3bb2b12b66b402f03dce682b8b2b6a005cd'})
[2025-06-01 09:07:13] Récupération des données de vote pour Lucky Shot (URL: lucky-shot22, HEADER:{'User-Agent': 'Mozilla/5.0 (X11; Linux i686; rv:39.0) Gecko/20100101 Firefox/39.0', 'x-api-version': '8', 'x-env': 'WEB', 'X-requested-with': 'XMLHttpRequest', 'X-token': 'f96bbe3a7e7f833329e7129767a69abbfa6dfce3152e3c2a311eb49d89b5c3bb2b12b66b402f03dce682b8b2b6a005cd'})
[2025-06-01 09:07:13] Récupération des données de vote pour Lucky Shot (URL: lucky-shot22, HEADER:{'User-Agent': 'Mozilla/5.0 (X11; Linux i686; rv:39.0) Gecko/20100101 Firefox/39.0', 'x-api-version': '8', 'x-env': 'WEB', 'X-requested-with': 'XMLHttpRequest', 'X-token': 'f96bbe3a7e7f833329e7129767a69abbfa6dfce3152e3c2a311eb49d89b5c3bb2b12b66b402f03dce682b8b2b6a005cd'})
[2025-06-01 09:07:13] Récupération des données de vote pour Lucky Shot (URL: lucky-shot22, HEADER:{'User-Agent': 'Mozilla/5.0 (X11; Linux i686; rv:39.0) Gecko/20100101 Firefox/39.0', 'x-api-version': '8', 'x-env': 'WEB', 'X-requested-with': 'XMLHttpRequest', 'X-token': 'f96bbe3a7e7f833329e7129767a69abbfa6dfce3152e3c2a311eb49d89b5c3bb2b12b66b402f03dce682b8b2b6a005cd'})
[2025-06-01 09:07:14] Récupération réussie: 200 images pour Lucky Shot
[2025-06-01 09:07:14] Voting fetching ...
[2025-06-01 09:07:14] Lucky Shot voting 10 images
[2025-06-01 09:07:14] Récupération réussie: 200 images pour Lucky Shot
[2025-06-01 09:07:14] Voting fetching ...
[2025-06-01 09:07:14] Lucky Shot voting 10 images
[2025-06-01 09:07:14] Récupération réussie: 200 images pour Lucky Shot
[2025-06-01 09:07:14] Voting fetching ...
[2025-06-01 09:07:14] Lucky Shot voting 10 images
[2025-06-01 09:07:14] Récupération réussie: 200 images pour Lucky Shot
[2025-06-01 09:07:14] Voting fetching ...
[2025-06-01 09:07:14] Lucky Shot voting 10 images
[2025-06-01 09:07:14] Récupération réussie: 200 images pour Lucky Shot
[2025-06-01 09:07:14] Voting fetching ...
[2025-06-01 09:07:14] Lucky Shot voting 10 images
[2025-06-01 09:07:15] Lucky Shot voted successfully
[2025-06-01 09:07:15] Processus supprimé pour bruno: lucky-shot22-vote-50-left-0H:2M - success
[2025-06-01 09:07:15] Processus mis à jour pour bruno: lucky-shot22-vote-50-left-0H:2M - success
[2025-06-01 09:07:15] Processus lucky-shot22-vote-50-left-0H:2M terminé avec succès (profil: bruno)
[2025-06-01 09:07:17] Lucky Shot voted successfully
[2025-06-01 09:07:19] Lucky Shot voted successfully
[2025-06-01 09:07:21] Lucky Shot voted successfully
[2025-06-01 09:07:23] Lucky Shot voted successfully
[2025-06-01 09:07:26] Challenges fetching ...
[2025-06-01 09:07:26] Challenges fetched successfully for pascale!
[2025-06-01 09:07:26] Challenges fetching ...
[2025-06-01 09:07:26] Challenges fetched successfully for pascale!
[2025-06-01 09:07:26] Challenges fetching ...
[2025-06-01 09:07:26] Challenges fetched successfully for pascale!
[2025-06-01 09:07:26] Challenges fetching ...
[2025-06-01 09:07:26] Challenges fetched successfully for pascale!
[2025-06-01 09:07:26] Challenges fetching ...
[2025-06-01 09:07:26] Challenges fetched successfully for pascale!
[2025-06-01 09:07:52] Processus suspect (format de date invalide): lucky-shot22-vote-50-left-0H:2M (profil: pascale)
[2025-06-01 09:07:52] Processus supprimé pour pascale: lucky-shot22-vote-50-left-0H:2M - zombie
[2025-06-01 09:07:52] Processus mis à jour pour pascale: lucky-shot22-vote-50-left-0H:2M - zombie
[2025-06-01 09:08:12] Processus mis à jour pour pascale: lucky-shot22-vote-50-left-0H:1M - executing
[2025-06-01 09:08:12] Traitement de vote pour Lucky Shot
[2025-06-01 09:08:12] Lucky Shot get vote panel
[2025-06-01 09:08:12] Processus associé: lucky-shot22-vote-50-left-0H:1M
[2025-06-01 09:08:17] Récupération des données de vote pour Lucky Shot (URL: lucky-shot22, HEADER:{'User-Agent': 'Mozilla/5.0 (X11; Linux i686; rv:39.0) Gecko/20100101 Firefox/39.0', 'x-api-version': '8', 'x-env': 'WEB', 'X-requested-with': 'XMLHttpRequest', 'X-token': 'f96bbe3a7e7f833329e7129767a69abbfa6dfce3152e3c2a311eb49d89b5c3bb2b12b66b402f03dce682b8b2b6a005cd'})
[2025-06-01 09:08:17] Récupération des données de vote pour Lucky Shot (URL: lucky-shot22, HEADER:{'User-Agent': 'Mozilla/5.0 (X11; Linux i686; rv:39.0) Gecko/20100101 Firefox/39.0', 'x-api-version': '8', 'x-env': 'WEB', 'X-requested-with': 'XMLHttpRequest', 'X-token': 'f96bbe3a7e7f833329e7129767a69abbfa6dfce3152e3c2a311eb49d89b5c3bb2b12b66b402f03dce682b8b2b6a005cd'})
[2025-06-01 09:08:17] Récupération des données de vote pour Lucky Shot (URL: lucky-shot22, HEADER:{'User-Agent': 'Mozilla/5.0 (X11; Linux i686; rv:39.0) Gecko/20100101 Firefox/39.0', 'x-api-version': '8', 'x-env': 'WEB', 'X-requested-with': 'XMLHttpRequest', 'X-token': 'f96bbe3a7e7f833329e7129767a69abbfa6dfce3152e3c2a311eb49d89b5c3bb2b12b66b402f03dce682b8b2b6a005cd'})
[2025-06-01 09:08:17] Récupération des données de vote pour Lucky Shot (URL: lucky-shot22, HEADER:{'User-Agent': 'Mozilla/5.0 (X11; Linux i686; rv:39.0) Gecko/20100101 Firefox/39.0', 'x-api-version': '8', 'x-env': 'WEB', 'X-requested-with': 'XMLHttpRequest', 'X-token': 'f96bbe3a7e7f833329e7129767a69abbfa6dfce3152e3c2a311eb49d89b5c3bb2b12b66b402f03dce682b8b2b6a005cd'})
[2025-06-01 09:08:17] Récupération des données de vote pour Lucky Shot (URL: lucky-shot22, HEADER:{'User-Agent': 'Mozilla/5.0 (X11; Linux i686; rv:39.0) Gecko/20100101 Firefox/39.0', 'x-api-version': '8', 'x-env': 'WEB', 'X-requested-with': 'XMLHttpRequest', 'X-token': 'f96bbe3a7e7f833329e7129767a69abbfa6dfce3152e3c2a311eb49d89b5c3bb2b12b66b402f03dce682b8b2b6a005cd'})
[2025-06-01 09:08:18] Récupération réussie: 200 images pour Lucky Shot
[2025-06-01 09:08:18] Voting fetching ...
[2025-06-01 09:08:18] Lucky Shot voting 10 images
[2025-06-01 09:08:18] Récupération réussie: 200 images pour Lucky Shot
[2025-06-01 09:08:18] Voting fetching ...
[2025-06-01 09:08:18] Lucky Shot voting 10 images
[2025-06-01 09:08:18] Récupération réussie: 200 images pour Lucky Shot
[2025-06-01 09:08:18] Voting fetching ...
[2025-06-01 09:08:18] Lucky Shot voting 10 images
[2025-06-01 09:08:18] Récupération réussie: 200 images pour Lucky Shot
[2025-06-01 09:08:18] Voting fetching ...
[2025-06-01 09:08:18] Lucky Shot voting 10 images
[2025-06-01 09:08:18] Récupération réussie: 200 images pour Lucky Shot
[2025-06-01 09:08:18] Voting fetching ...
[2025-06-01 09:08:18] Lucky Shot voting 10 images
[2025-06-01 09:08:19] Lucky Shot voted successfully
[2025-06-01 09:08:19] Processus supprimé pour bruno: lucky-shot22-vote-50-left-0H:1M - success
[2025-06-01 09:08:19] Processus mis à jour pour bruno: lucky-shot22-vote-50-left-0H:1M - success
[2025-06-01 09:08:19] Processus lucky-shot22-vote-50-left-0H:1M terminé avec succès (profil: bruno)
[2025-06-01 09:08:21] Lucky Shot voted successfully
[2025-06-01 09:08:23] Lucky Shot voted successfully
[2025-06-01 09:08:25] Lucky Shot voted successfully
[2025-06-01 09:08:27] Lucky Shot voted successfully
[2025-06-01 09:08:30] Challenges fetching ...
[2025-06-01 09:08:30] Challenges fetched successfully for pascale!
[2025-06-01 09:08:30] Challenges fetching ...
[2025-06-01 09:08:30] Challenges fetched successfully for pascale!
[2025-06-01 09:08:30] Challenges fetching ...
[2025-06-01 09:08:30] Challenges fetched successfully for pascale!
[2025-06-01 09:08:31] Challenges fetching ...
[2025-06-01 09:08:31] Challenges fetched successfully for pascale!
[2025-06-01 09:08:31] Challenges fetching ...
[2025-06-01 09:08:31] Challenges fetched successfully for pascale!
[2025-06-01 09:08:52] Processus suspect (format de date invalide): lucky-shot22-vote-50-left-0H:1M (profil: pascale)
[2025-06-01 09:08:52] Processus supprimé pour pascale: lucky-shot22-vote-50-left-0H:1M - zombie
[2025-06-01 09:08:52] Processus mis à jour pour pascale: lucky-shot22-vote-50-left-0H:1M - zombie
[2025-06-01 10:24:44] Désélection de tous les challenges

[2025-06-01 10:24:46] Refreshing challenges...
[2025-06-01 10:24:46] Fetching challenges...
[2025-06-01 10:24:47] Challenges fetching ...
[2025-06-01 10:24:47] Challenges fetched successfully for bruno!
[2025-06-01 10:24:55] Exits & Entrances get vote panel
[2025-06-01 10:25:05] Filling challenges: {100568}
Filled Exits & Entrances with strategy end4

[2025-06-01 10:25:05] Récupération des données de vote pour Exits & Entrances (URL: exits-entrances1, HEADER:{'User-Agent': 'Mozilla/5.0 (X11; Linux i686; rv:39.0) Gecko/20100101 Firefox/39.0', 'x-api-version': '8', 'x-env': 'WEB', 'X-requested-with': 'XMLHttpRequest', 'X-token': 'a1cad95a6d480c14f51dd0eba4914c8337b893c789ec6278bb440c7c9a673b162f042470c62684e6da2bd342ffea7777'})
[2025-06-01 10:25:05] Récupération des données de vote pour Exits & Entrances (URL: exits-entrances1, HEADER:{'User-Agent': 'Mozilla/5.0 (X11; Linux i686; rv:39.0) Gecko/20100101 Firefox/39.0', 'x-api-version': '8', 'x-env': 'WEB', 'X-requested-with': 'XMLHttpRequest', 'X-token': 'a1cad95a6d480c14f51dd0eba4914c8337b893c789ec6278bb440c7c9a673b162f042470c62684e6da2bd342ffea7777'})
[2025-06-01 10:25:05] Récupération des données de vote pour Exits & Entrances (URL: exits-entrances1, HEADER:{'User-Agent': 'Mozilla/5.0 (X11; Linux i686; rv:39.0) Gecko/20100101 Firefox/39.0', 'x-api-version': '8', 'x-env': 'WEB', 'X-requested-with': 'XMLHttpRequest', 'X-token': 'a1cad95a6d480c14f51dd0eba4914c8337b893c789ec6278bb440c7c9a673b162f042470c62684e6da2bd342ffea7777'})
[2025-06-01 10:25:05] Récupération des données de vote pour Exits & Entrances (URL: exits-entrances1, HEADER:{'User-Agent': 'Mozilla/5.0 (X11; Linux i686; rv:39.0) Gecko/20100101 Firefox/39.0', 'x-api-version': '8', 'x-env': 'WEB', 'X-requested-with': 'XMLHttpRequest', 'X-token': 'a1cad95a6d480c14f51dd0eba4914c8337b893c789ec6278bb440c7c9a673b162f042470c62684e6da2bd342ffea7777'})
[2025-06-01 10:25:05] Récupération des données de vote pour Exits & Entrances (URL: exits-entrances1, HEADER:{'User-Agent': 'Mozilla/5.0 (X11; Linux i686; rv:39.0) Gecko/20100101 Firefox/39.0', 'x-api-version': '8', 'x-env': 'WEB', 'X-requested-with': 'XMLHttpRequest', 'X-token': 'a1cad95a6d480c14f51dd0eba4914c8337b893c789ec6278bb440c7c9a673b162f042470c62684e6da2bd342ffea7777'})
[2025-06-01 10:25:05] Récupération des données de vote pour Exits & Entrances (URL: exits-entrances1, HEADER:{'User-Agent': 'Mozilla/5.0 (X11; Linux i686; rv:39.0) Gecko/20100101 Firefox/39.0', 'x-api-version': '8', 'x-env': 'WEB', 'X-requested-with': 'XMLHttpRequest', 'X-token': 'a1cad95a6d480c14f51dd0eba4914c8337b893c789ec6278bb440c7c9a673b162f042470c62684e6da2bd342ffea7777'})
[2025-06-01 10:25:05] Récupération des données de vote pour Exits & Entrances (URL: exits-entrances1, HEADER:{'User-Agent': 'Mozilla/5.0 (X11; Linux i686; rv:39.0) Gecko/20100101 Firefox/39.0', 'x-api-version': '8', 'x-env': 'WEB', 'X-requested-with': 'XMLHttpRequest', 'X-token': 'a1cad95a6d480c14f51dd0eba4914c8337b893c789ec6278bb440c7c9a673b162f042470c62684e6da2bd342ffea7777'})
[2025-06-01 10:25:05] Récupération des données de vote pour Exits & Entrances (URL: exits-entrances1, HEADER:{'User-Agent': 'Mozilla/5.0 (X11; Linux i686; rv:39.0) Gecko/20100101 Firefox/39.0', 'x-api-version': '8', 'x-env': 'WEB', 'X-requested-with': 'XMLHttpRequest', 'X-token': 'a1cad95a6d480c14f51dd0eba4914c8337b893c789ec6278bb440c7c9a673b162f042470c62684e6da2bd342ffea7777'})
[2025-06-01 10:25:05] Récupération des données de vote pour Exits & Entrances (URL: exits-entrances1, HEADER:{'User-Agent': 'Mozilla/5.0 (X11; Linux i686; rv:39.0) Gecko/20100101 Firefox/39.0', 'x-api-version': '8', 'x-env': 'WEB', 'X-requested-with': 'XMLHttpRequest', 'X-token': 'a1cad95a6d480c14f51dd0eba4914c8337b893c789ec6278bb440c7c9a673b162f042470c62684e6da2bd342ffea7777'})
[2025-06-01 10:25:05] Récupération des données de vote pour Exits & Entrances (URL: exits-entrances1, HEADER:{'User-Agent': 'Mozilla/5.0 (X11; Linux i686; rv:39.0) Gecko/20100101 Firefox/39.0', 'x-api-version': '8', 'x-env': 'WEB', 'X-requested-with': 'XMLHttpRequest', 'X-token': 'a1cad95a6d480c14f51dd0eba4914c8337b893c789ec6278bb440c7c9a673b162f042470c62684e6da2bd342ffea7777'})
[2025-06-01 10:25:06] Récupération réussie: 200 images pour Exits & Entrances
[2025-06-01 10:25:06] Voting fetching ...
[2025-06-01 10:25:06] Exits & Entrances voting 10 images
[2025-06-01 10:25:06] Récupération réussie: 200 images pour Exits & Entrances
[2025-06-01 10:25:06] Voting fetching ...
[2025-06-01 10:25:06] Exits & Entrances voting 10 images
[2025-06-01 10:25:06] Récupération réussie: 200 images pour Exits & Entrances
[2025-06-01 10:25:06] Voting fetching ...
[2025-06-01 10:25:06] Exits & Entrances voting 10 images
[2025-06-01 10:25:06] Récupération réussie: 200 images pour Exits & Entrances
[2025-06-01 10:25:06] Voting fetching ...
[2025-06-01 10:25:06] Exits & Entrances voting 10 images
[2025-06-01 10:25:06] Récupération réussie: 200 images pour Exits & Entrances
[2025-06-01 10:25:06] Voting fetching ...
[2025-06-01 10:25:06] Exits & Entrances voting 10 images
[2025-06-01 10:25:06] Récupération réussie: 200 images pour Exits & Entrances
[2025-06-01 10:25:06] Voting fetching ...
[2025-06-01 10:25:07] Exits & Entrances voting 10 images
[2025-06-01 10:25:07] Récupération réussie: 200 images pour Exits & Entrances
[2025-06-01 10:25:07] Voting fetching ...
[2025-06-01 10:25:07] Exits & Entrances voting 10 images
[2025-06-01 10:25:07] Récupération réussie: 200 images pour Exits & Entrances
[2025-06-01 10:25:07] Voting fetching ...
[2025-06-01 10:25:07] Exits & Entrances voting 10 images
[2025-06-01 10:25:07] Récupération réussie: 200 images pour Exits & Entrances
[2025-06-01 10:25:07] Voting fetching ...
[2025-06-01 10:25:07] Exits & Entrances voting 10 images
[2025-06-01 10:25:07] Récupération réussie: 200 images pour Exits & Entrances
[2025-06-01 10:25:07] Voting fetching ...
[2025-06-01 10:25:07] Exits & Entrances voting 10 images
[2025-06-01 10:25:07] Exits & Entrances voted successfully
[2025-06-01 10:25:09] Exits & Entrances voted successfully
[2025-06-01 10:25:11] Exits & Entrances voted successfully
[2025-06-01 10:25:13] Exits & Entrances voted successfully
[2025-06-01 10:25:15] Exits & Entrances voted successfully
[2025-06-01 10:25:17] Exits & Entrances voted successfully
[2025-06-01 10:25:19] Exits & Entrances voted successfully
[2025-06-01 10:25:21] Exits & Entrances voted successfully
[2025-06-01 10:25:23] Exits & Entrances voted successfully
[2025-06-01 10:25:25] Exits & Entrances voted successfully
[2025-06-01 10:25:28] Challenges fetching ...
[2025-06-01 10:25:28] Challenges fetched successfully for bruno!
[2025-06-01 10:25:28] Challenges fetching ...
[2025-06-01 10:25:28] Challenges fetched successfully for bruno!
[2025-06-01 10:25:28] Challenges fetching ...
[2025-06-01 10:25:28] Challenges fetched successfully for bruno!
[2025-06-01 10:25:28] Challenges fetching ...
[2025-06-01 10:25:28] Challenges fetched successfully for bruno!
[2025-06-01 10:25:28] Challenges fetching ...
[2025-06-01 10:25:28] Challenges fetched successfully for bruno!
[2025-06-01 10:25:28] Challenges fetching ...
[2025-06-01 10:25:28] Challenges fetched successfully for bruno!
[2025-06-01 10:25:28] Challenges fetching ...
[2025-06-01 10:25:28] Challenges fetched successfully for bruno!
[2025-06-01 10:25:28] Challenges fetching ...
[2025-06-01 10:25:28] Challenges fetched successfully for bruno!
[2025-06-01 10:25:28] Challenges fetching ...
[2025-06-01 10:25:28] Challenges fetched successfully for bruno!
[2025-06-01 10:25:28] Challenges fetching ...
[2025-06-01 10:25:28] Challenges fetched successfully for bruno!
[2025-06-01 10:25:43] Exits & Entrances get vote panel
[2025-06-01 10:25:53] Photo of the Week! get vote panel
[2025-06-01 10:26:03] Cultural Cuisines get vote panel
[2025-06-01 10:26:13] Filling challenges: {100568, 101235, 100582}
Filled Exits & Entrances with strategy end4
Filled Photo of the Week! with strategy end4
Filled Cultural Cuisines with strategy end4

[2025-06-01 10:26:13] Récupération des données de vote pour Exits & Entrances (URL: exits-entrances1, HEADER:{'User-Agent': 'Mozilla/5.0 (X11; Linux i686; rv:39.0) Gecko/20100101 Firefox/39.0', 'x-api-version': '8', 'x-env': 'WEB', 'X-requested-with': 'XMLHttpRequest', 'X-token': 'a1cad95a6d480c14f51dd0eba4914c8337b893c789ec6278bb440c7c9a673b162f042470c62684e6da2bd342ffea7777'})
[2025-06-01 10:26:13] Récupération des données de vote pour Exits & Entrances (URL: exits-entrances1, HEADER:{'User-Agent': 'Mozilla/5.0 (X11; Linux i686; rv:39.0) Gecko/20100101 Firefox/39.0', 'x-api-version': '8', 'x-env': 'WEB', 'X-requested-with': 'XMLHttpRequest', 'X-token': 'a1cad95a6d480c14f51dd0eba4914c8337b893c789ec6278bb440c7c9a673b162f042470c62684e6da2bd342ffea7777'})
[2025-06-01 10:26:13] Récupération des données de vote pour Exits & Entrances (URL: exits-entrances1, HEADER:{'User-Agent': 'Mozilla/5.0 (X11; Linux i686; rv:39.0) Gecko/20100101 Firefox/39.0', 'x-api-version': '8', 'x-env': 'WEB', 'X-requested-with': 'XMLHttpRequest', 'X-token': 'a1cad95a6d480c14f51dd0eba4914c8337b893c789ec6278bb440c7c9a673b162f042470c62684e6da2bd342ffea7777'})
[2025-06-01 10:26:13] Récupération des données de vote pour Exits & Entrances (URL: exits-entrances1, HEADER:{'User-Agent': 'Mozilla/5.0 (X11; Linux i686; rv:39.0) Gecko/20100101 Firefox/39.0', 'x-api-version': '8', 'x-env': 'WEB', 'X-requested-with': 'XMLHttpRequest', 'X-token': 'a1cad95a6d480c14f51dd0eba4914c8337b893c789ec6278bb440c7c9a673b162f042470c62684e6da2bd342ffea7777'})
[2025-06-01 10:26:13] Récupération des données de vote pour Exits & Entrances (URL: exits-entrances1, HEADER:{'User-Agent': 'Mozilla/5.0 (X11; Linux i686; rv:39.0) Gecko/20100101 Firefox/39.0', 'x-api-version': '8', 'x-env': 'WEB', 'X-requested-with': 'XMLHttpRequest', 'X-token': 'a1cad95a6d480c14f51dd0eba4914c8337b893c789ec6278bb440c7c9a673b162f042470c62684e6da2bd342ffea7777'})
[2025-06-01 10:26:13] Récupération des données de vote pour Exits & Entrances (URL: exits-entrances1, HEADER:{'User-Agent': 'Mozilla/5.0 (X11; Linux i686; rv:39.0) Gecko/20100101 Firefox/39.0', 'x-api-version': '8', 'x-env': 'WEB', 'X-requested-with': 'XMLHttpRequest', 'X-token': 'a1cad95a6d480c14f51dd0eba4914c8337b893c789ec6278bb440c7c9a673b162f042470c62684e6da2bd342ffea7777'})
[2025-06-01 10:26:13] Récupération des données de vote pour Exits & Entrances (URL: exits-entrances1, HEADER:{'User-Agent': 'Mozilla/5.0 (X11; Linux i686; rv:39.0) Gecko/20100101 Firefox/39.0', 'x-api-version': '8', 'x-env': 'WEB', 'X-requested-with': 'XMLHttpRequest', 'X-token': 'a1cad95a6d480c14f51dd0eba4914c8337b893c789ec6278bb440c7c9a673b162f042470c62684e6da2bd342ffea7777'})
[2025-06-01 10:26:13] Récupération des données de vote pour Exits & Entrances (URL: exits-entrances1, HEADER:{'User-Agent': 'Mozilla/5.0 (X11; Linux i686; rv:39.0) Gecko/20100101 Firefox/39.0', 'x-api-version': '8', 'x-env': 'WEB', 'X-requested-with': 'XMLHttpRequest', 'X-token': 'a1cad95a6d480c14f51dd0eba4914c8337b893c789ec6278bb440c7c9a673b162f042470c62684e6da2bd342ffea7777'})
[2025-06-01 10:26:13] Récupération des données de vote pour Exits & Entrances (URL: exits-entrances1, HEADER:{'User-Agent': 'Mozilla/5.0 (X11; Linux i686; rv:39.0) Gecko/20100101 Firefox/39.0', 'x-api-version': '8', 'x-env': 'WEB', 'X-requested-with': 'XMLHttpRequest', 'X-token': 'a1cad95a6d480c14f51dd0eba4914c8337b893c789ec6278bb440c7c9a673b162f042470c62684e6da2bd342ffea7777'})
[2025-06-01 10:26:13] Récupération des données de vote pour Exits & Entrances (URL: exits-entrances1, HEADER:{'User-Agent': 'Mozilla/5.0 (X11; Linux i686; rv:39.0) Gecko/20100101 Firefox/39.0', 'x-api-version': '8', 'x-env': 'WEB', 'X-requested-with': 'XMLHttpRequest', 'X-token': 'a1cad95a6d480c14f51dd0eba4914c8337b893c789ec6278bb440c7c9a673b162f042470c62684e6da2bd342ffea7777'})
[2025-06-01 10:26:13] Récupération des données de vote pour Photo of the Week! (URL: photo-of-the-week-298, HEADER:{'User-Agent': 'Mozilla/5.0 (X11; Linux i686; rv:39.0) Gecko/20100101 Firefox/39.0', 'x-api-version': '8', 'x-env': 'WEB', 'X-requested-with': 'XMLHttpRequest', 'X-token': 'a1cad95a6d480c14f51dd0eba4914c8337b893c789ec6278bb440c7c9a673b162f042470c62684e6da2bd342ffea7777'})
[2025-06-01 10:26:13] Récupération des données de vote pour Photo of the Week! (URL: photo-of-the-week-298, HEADER:{'User-Agent': 'Mozilla/5.0 (X11; Linux i686; rv:39.0) Gecko/20100101 Firefox/39.0', 'x-api-version': '8', 'x-env': 'WEB', 'X-requested-with': 'XMLHttpRequest', 'X-token': 'a1cad95a6d480c14f51dd0eba4914c8337b893c789ec6278bb440c7c9a673b162f042470c62684e6da2bd342ffea7777'})
[2025-06-01 10:26:13] Récupération des données de vote pour Photo of the Week! (URL: photo-of-the-week-298, HEADER:{'User-Agent': 'Mozilla/5.0 (X11; Linux i686; rv:39.0) Gecko/20100101 Firefox/39.0', 'x-api-version': '8', 'x-env': 'WEB', 'X-requested-with': 'XMLHttpRequest', 'X-token': 'a1cad95a6d480c14f51dd0eba4914c8337b893c789ec6278bb440c7c9a673b162f042470c62684e6da2bd342ffea7777'})
[2025-06-01 10:26:13] Récupération des données de vote pour Photo of the Week! (URL: photo-of-the-week-298, HEADER:{'User-Agent': 'Mozilla/5.0 (X11; Linux i686; rv:39.0) Gecko/20100101 Firefox/39.0', 'x-api-version': '8', 'x-env': 'WEB', 'X-requested-with': 'XMLHttpRequest', 'X-token': 'a1cad95a6d480c14f51dd0eba4914c8337b893c789ec6278bb440c7c9a673b162f042470c62684e6da2bd342ffea7777'})
[2025-06-01 10:26:13] Récupération des données de vote pour Photo of the Week! (URL: photo-of-the-week-298, HEADER:{'User-Agent': 'Mozilla/5.0 (X11; Linux i686; rv:39.0) Gecko/20100101 Firefox/39.0', 'x-api-version': '8', 'x-env': 'WEB', 'X-requested-with': 'XMLHttpRequest', 'X-token': 'a1cad95a6d480c14f51dd0eba4914c8337b893c789ec6278bb440c7c9a673b162f042470c62684e6da2bd342ffea7777'})
[2025-06-01 10:26:13] Récupération des données de vote pour Photo of the Week! (URL: photo-of-the-week-298, HEADER:{'User-Agent': 'Mozilla/5.0 (X11; Linux i686; rv:39.0) Gecko/20100101 Firefox/39.0', 'x-api-version': '8', 'x-env': 'WEB', 'X-requested-with': 'XMLHttpRequest', 'X-token': 'a1cad95a6d480c14f51dd0eba4914c8337b893c789ec6278bb440c7c9a673b162f042470c62684e6da2bd342ffea7777'})
[2025-06-01 10:26:13] Récupération des données de vote pour Photo of the Week! (URL: photo-of-the-week-298, HEADER:{'User-Agent': 'Mozilla/5.0 (X11; Linux i686; rv:39.0) Gecko/20100101 Firefox/39.0', 'x-api-version': '8', 'x-env': 'WEB', 'X-requested-with': 'XMLHttpRequest', 'X-token': 'a1cad95a6d480c14f51dd0eba4914c8337b893c789ec6278bb440c7c9a673b162f042470c62684e6da2bd342ffea7777'})
[2025-06-01 10:26:13] Récupération des données de vote pour Photo of the Week! (URL: photo-of-the-week-298, HEADER:{'User-Agent': 'Mozilla/5.0 (X11; Linux i686; rv:39.0) Gecko/20100101 Firefox/39.0', 'x-api-version': '8', 'x-env': 'WEB', 'X-requested-with': 'XMLHttpRequest', 'X-token': 'a1cad95a6d480c14f51dd0eba4914c8337b893c789ec6278bb440c7c9a673b162f042470c62684e6da2bd342ffea7777'})
[2025-06-01 10:26:13] Récupération des données de vote pour Photo of the Week! (URL: photo-of-the-week-298, HEADER:{'User-Agent': 'Mozilla/5.0 (X11; Linux i686; rv:39.0) Gecko/20100101 Firefox/39.0', 'x-api-version': '8', 'x-env': 'WEB', 'X-requested-with': 'XMLHttpRequest', 'X-token': 'a1cad95a6d480c14f51dd0eba4914c8337b893c789ec6278bb440c7c9a673b162f042470c62684e6da2bd342ffea7777'})
[2025-06-01 10:26:13] Récupération des données de vote pour Photo of the Week! (URL: photo-of-the-week-298, HEADER:{'User-Agent': 'Mozilla/5.0 (X11; Linux i686; rv:39.0) Gecko/20100101 Firefox/39.0', 'x-api-version': '8', 'x-env': 'WEB', 'X-requested-with': 'XMLHttpRequest', 'X-token': 'a1cad95a6d480c14f51dd0eba4914c8337b893c789ec6278bb440c7c9a673b162f042470c62684e6da2bd342ffea7777'})
[2025-06-01 10:26:13] Récupération des données de vote pour Cultural Cuisines (URL: cultural-cuisines, HEADER:{'User-Agent': 'Mozilla/5.0 (X11; Linux i686; rv:39.0) Gecko/20100101 Firefox/39.0', 'x-api-version': '8', 'x-env': 'WEB', 'X-requested-with': 'XMLHttpRequest', 'X-token': 'a1cad95a6d480c14f51dd0eba4914c8337b893c789ec6278bb440c7c9a673b162f042470c62684e6da2bd342ffea7777'})
[2025-06-01 10:26:13] Récupération des données de vote pour Cultural Cuisines (URL: cultural-cuisines, HEADER:{'User-Agent': 'Mozilla/5.0 (X11; Linux i686; rv:39.0) Gecko/20100101 Firefox/39.0', 'x-api-version': '8', 'x-env': 'WEB', 'X-requested-with': 'XMLHttpRequest', 'X-token': 'a1cad95a6d480c14f51dd0eba4914c8337b893c789ec6278bb440c7c9a673b162f042470c62684e6da2bd342ffea7777'})
[2025-06-01 10:26:13] Récupération des données de vote pour Cultural Cuisines (URL: cultural-cuisines, HEADER:{'User-Agent': 'Mozilla/5.0 (X11; Linux i686; rv:39.0) Gecko/20100101 Firefox/39.0', 'x-api-version': '8', 'x-env': 'WEB', 'X-requested-with': 'XMLHttpRequest', 'X-token': 'a1cad95a6d480c14f51dd0eba4914c8337b893c789ec6278bb440c7c9a673b162f042470c62684e6da2bd342ffea7777'})
[2025-06-01 10:26:13] Récupération des données de vote pour Cultural Cuisines (URL: cultural-cuisines, HEADER:{'User-Agent': 'Mozilla/5.0 (X11; Linux i686; rv:39.0) Gecko/20100101 Firefox/39.0', 'x-api-version': '8', 'x-env': 'WEB', 'X-requested-with': 'XMLHttpRequest', 'X-token': 'a1cad95a6d480c14f51dd0eba4914c8337b893c789ec6278bb440c7c9a673b162f042470c62684e6da2bd342ffea7777'})
[2025-06-01 10:26:13] Récupération des données de vote pour Cultural Cuisines (URL: cultural-cuisines, HEADER:{'User-Agent': 'Mozilla/5.0 (X11; Linux i686; rv:39.0) Gecko/20100101 Firefox/39.0', 'x-api-version': '8', 'x-env': 'WEB', 'X-requested-with': 'XMLHttpRequest', 'X-token': 'a1cad95a6d480c14f51dd0eba4914c8337b893c789ec6278bb440c7c9a673b162f042470c62684e6da2bd342ffea7777'})
[2025-06-01 10:26:13] Récupération des données de vote pour Cultural Cuisines (URL: cultural-cuisines, HEADER:{'User-Agent': 'Mozilla/5.0 (X11; Linux i686; rv:39.0) Gecko/20100101 Firefox/39.0', 'x-api-version': '8', 'x-env': 'WEB', 'X-requested-with': 'XMLHttpRequest', 'X-token': 'a1cad95a6d480c14f51dd0eba4914c8337b893c789ec6278bb440c7c9a673b162f042470c62684e6da2bd342ffea7777'})
[2025-06-01 10:26:13] Récupération des données de vote pour Cultural Cuisines (URL: cultural-cuisines, HEADER:{'User-Agent': 'Mozilla/5.0 (X11; Linux i686; rv:39.0) Gecko/20100101 Firefox/39.0', 'x-api-version': '8', 'x-env': 'WEB', 'X-requested-with': 'XMLHttpRequest', 'X-token': 'a1cad95a6d480c14f51dd0eba4914c8337b893c789ec6278bb440c7c9a673b162f042470c62684e6da2bd342ffea7777'})
[2025-06-01 10:26:13] Récupération des données de vote pour Cultural Cuisines (URL: cultural-cuisines, HEADER:{'User-Agent': 'Mozilla/5.0 (X11; Linux i686; rv:39.0) Gecko/20100101 Firefox/39.0', 'x-api-version': '8', 'x-env': 'WEB', 'X-requested-with': 'XMLHttpRequest', 'X-token': 'a1cad95a6d480c14f51dd0eba4914c8337b893c789ec6278bb440c7c9a673b162f042470c62684e6da2bd342ffea7777'})
[2025-06-01 10:26:13] Récupération des données de vote pour Cultural Cuisines (URL: cultural-cuisines, HEADER:{'User-Agent': 'Mozilla/5.0 (X11; Linux i686; rv:39.0) Gecko/20100101 Firefox/39.0', 'x-api-version': '8', 'x-env': 'WEB', 'X-requested-with': 'XMLHttpRequest', 'X-token': 'a1cad95a6d480c14f51dd0eba4914c8337b893c789ec6278bb440c7c9a673b162f042470c62684e6da2bd342ffea7777'})
[2025-06-01 10:26:13] Récupération des données de vote pour Cultural Cuisines (URL: cultural-cuisines, HEADER:{'User-Agent': 'Mozilla/5.0 (X11; Linux i686; rv:39.0) Gecko/20100101 Firefox/39.0', 'x-api-version': '8', 'x-env': 'WEB', 'X-requested-with': 'XMLHttpRequest', 'X-token': 'a1cad95a6d480c14f51dd0eba4914c8337b893c789ec6278bb440c7c9a673b162f042470c62684e6da2bd342ffea7777'})
[2025-06-01 10:26:14] Récupération réussie: 200 images pour Photo of the Week!
[2025-06-01 10:26:14] Voting fetching ...
[2025-06-01 10:26:14] Photo of the Week! voting 10 images
[2025-06-01 10:26:14] Récupération réussie: 200 images pour Cultural Cuisines
[2025-06-01 10:26:14] Voting fetching ...
[2025-06-01 10:26:14] Cultural Cuisines voting 10 images
[2025-06-01 10:26:14] Récupération réussie: 200 images pour Photo of the Week!
[2025-06-01 10:26:14] Voting fetching ...
[2025-06-01 10:26:14] Photo of the Week! voting 10 images
[2025-06-01 10:26:14] Récupération réussie: 200 images pour Photo of the Week!
[2025-06-01 10:26:14] Voting fetching ...
[2025-06-01 10:26:14] Photo of the Week! voting 10 images
[2025-06-01 10:26:14] Récupération réussie: 200 images pour Photo of the Week!
[2025-06-01 10:26:14] Voting fetching ...
[2025-06-01 10:26:14] Photo of the Week! voting 10 images
[2025-06-01 10:26:14] Récupération réussie: 200 images pour Photo of the Week!
[2025-06-01 10:26:14] Voting fetching ...
[2025-06-01 10:26:14] Photo of the Week! voting 10 images
[2025-06-01 10:26:14] Récupération réussie: 200 images pour Cultural Cuisines
[2025-06-01 10:26:14] Voting fetching ...
[2025-06-01 10:26:14] Cultural Cuisines voting 10 images
[2025-06-01 10:26:14] Récupération réussie: 200 images pour Cultural Cuisines
[2025-06-01 10:26:14] Voting fetching ...
[2025-06-01 10:26:14] Cultural Cuisines voting 10 images
[2025-06-01 10:26:14] Récupération réussie: 200 images pour Photo of the Week!
[2025-06-01 10:26:14] Voting fetching ...
[2025-06-01 10:26:14] Photo of the Week! voting 10 images
[2025-06-01 10:26:14] Récupération réussie: 200 images pour Photo of the Week!
[2025-06-01 10:26:14] Voting fetching ...
[2025-06-01 10:26:14] Photo of the Week! voting 10 images
[2025-06-01 10:26:14] Récupération réussie: 200 images pour Cultural Cuisines
[2025-06-01 10:26:14] Voting fetching ...
[2025-06-01 10:26:14] Cultural Cuisines voting 10 images
[2025-06-01 10:26:14] Récupération réussie: 200 images pour Photo of the Week!
[2025-06-01 10:26:14] Voting fetching ...
[2025-06-01 10:26:14] Photo of the Week! voting 10 images
[2025-06-01 10:26:14] Récupération réussie: 200 images pour Photo of the Week!
[2025-06-01 10:26:14] Voting fetching ...
[2025-06-01 10:26:14] Photo of the Week! voting 10 images
[2025-06-01 10:26:14] Récupération réussie: 200 images pour Cultural Cuisines
[2025-06-01 10:26:14] Voting fetching ...
[2025-06-01 10:26:14] Cultural Cuisines voting 10 images
[2025-06-01 10:26:14] Récupération réussie: 200 images pour Exits & Entrances
[2025-06-01 10:26:14] Voting fetching ...
[2025-06-01 10:26:14] Exits & Entrances voting 10 images
[2025-06-01 10:26:14] Récupération réussie: 200 images pour Cultural Cuisines
[2025-06-01 10:26:14] Voting fetching ...
[2025-06-01 10:26:14] Cultural Cuisines voting 10 images
[2025-06-01 10:26:14] Récupération réussie: 200 images pour Exits & Entrances
[2025-06-01 10:26:14] Voting fetching ...
[2025-06-01 10:26:14] Exits & Entrances voting 10 images
[2025-06-01 10:26:14] Récupération réussie: 200 images pour Exits & Entrances
[2025-06-01 10:26:14] Voting fetching ...
[2025-06-01 10:26:14] Exits & Entrances voting 10 images
[2025-06-01 10:26:14] Récupération réussie: 200 images pour Cultural Cuisines
[2025-06-01 10:26:14] Voting fetching ...
[2025-06-01 10:26:14] Cultural Cuisines voting 10 images
[2025-06-01 10:26:14] Récupération réussie: 200 images pour Photo of the Week!
[2025-06-01 10:26:14] Voting fetching ...
[2025-06-01 10:26:14] Photo of the Week! voting 10 images
[2025-06-01 10:26:14] Récupération réussie: 200 images pour Exits & Entrances
[2025-06-01 10:26:14] Voting fetching ...
[2025-06-01 10:26:14] Exits & Entrances voting 10 images
[2025-06-01 10:26:14] Récupération réussie: 200 images pour Exits & Entrances
[2025-06-01 10:26:14] Voting fetching ...
[2025-06-01 10:26:14] Exits & Entrances voting 10 images
[2025-06-01 10:26:14] Récupération réussie: 200 images pour Cultural Cuisines
[2025-06-01 10:26:14] Voting fetching ...
[2025-06-01 10:26:14] Cultural Cuisines voting 10 images
[2025-06-01 10:26:14] Récupération réussie: 200 images pour Cultural Cuisines
[2025-06-01 10:26:14] Voting fetching ...
[2025-06-01 10:26:14] Cultural Cuisines voting 10 images
[2025-06-01 10:26:14] Récupération réussie: 200 images pour Cultural Cuisines
[2025-06-01 10:26:14] Voting fetching ...
[2025-06-01 10:26:14] Cultural Cuisines voting 10 images
[2025-06-01 10:26:14] Récupération réussie: 200 images pour Exits & Entrances
[2025-06-01 10:26:14] Voting fetching ...
[2025-06-01 10:26:14] Exits & Entrances voting 10 images
[2025-06-01 10:26:14] Récupération réussie: 200 images pour Exits & Entrances
[2025-06-01 10:26:14] Voting fetching ...
[2025-06-01 10:26:14] Exits & Entrances voting 10 images
[2025-06-01 10:26:14] Récupération réussie: 200 images pour Exits & Entrances
[2025-06-01 10:26:14] Voting fetching ...
[2025-06-01 10:26:14] Exits & Entrances voting 10 images
[2025-06-01 10:26:14] Récupération réussie: 200 images pour Exits & Entrances
[2025-06-01 10:26:14] Voting fetching ...
[2025-06-01 10:26:14] Exits & Entrances voting 10 images
[2025-06-01 10:26:14] Récupération réussie: 200 images pour Exits & Entrances
[2025-06-01 10:26:14] Voting fetching ...
[2025-06-01 10:26:14] Exits & Entrances voting 10 images
[2025-06-01 10:26:15] Photo of the Week! voted successfully
[2025-06-01 10:26:17] Photo of the Week! voted successfully
[2025-06-01 10:26:19] Cultural Cuisines voted successfully
[2025-06-01 10:26:21] Photo of the Week! voted successfully
[2025-06-01 10:26:23] Photo of the Week! voted successfully
[2025-06-01 10:26:25] Photo of the Week! voted successfully
[2025-06-01 10:26:27] Cultural Cuisines voted successfully
[2025-06-01 10:26:29] Photo of the Week! voted successfully
[2025-06-01 10:26:31] Exits & Entrances voted successfully
[2025-06-01 10:26:33] Photo of the Week! voted successfully
[2025-06-01 10:26:35] Cultural Cuisines voted successfully
[2025-06-01 10:26:37] Photo of the Week! voted successfully
[2025-06-01 10:26:39] Cultural Cuisines voted successfully
[2025-06-01 10:26:41] Photo of the Week! voted successfully
[2025-06-01 10:26:43] Exits & Entrances voted successfully
[2025-06-01 10:26:45] Exits & Entrances voted successfully
[2025-06-01 10:26:47] Exits & Entrances voted successfully
[2025-06-01 10:26:49] Exits & Entrances voted successfully
[2025-06-01 10:26:51] Exits & Entrances voted successfully
[2025-06-01 10:26:53] Cultural Cuisines voted successfully
[2025-06-01 10:26:55] Cultural Cuisines voted successfully
[2025-06-01 10:26:57] Cultural Cuisines voted successfully
[2025-06-01 10:26:59] Exits & Entrances voted successfully
[2025-06-01 10:27:01] Cultural Cuisines voted successfully
[2025-06-01 10:27:03] Cultural Cuisines voted successfully
[2025-06-01 10:27:05] Exits & Entrances voted successfully
[2025-06-01 10:27:07] Exits & Entrances voted successfully
[2025-06-01 10:27:09] Photo of the Week! voted successfully
[2025-06-01 10:27:11] Cultural Cuisines voted successfully
[2025-06-01 10:27:13] Exits & Entrances voted successfully
[2025-06-01 10:27:16] Challenges fetching ...
[2025-06-01 10:27:16] Challenges fetched successfully for bruno!
[2025-06-01 10:27:16] Challenges fetching ...
[2025-06-01 10:27:16] Challenges fetched successfully for bruno!
[2025-06-01 10:27:16] Challenges fetching ...
[2025-06-01 10:27:16] Challenges fetched successfully for bruno!
[2025-06-01 10:27:16] Challenges fetching ...
[2025-06-01 10:27:16] Challenges fetched successfully for bruno!
[2025-06-01 10:27:16] Challenges fetching ...
[2025-06-01 10:27:16] Challenges fetched successfully for bruno!
[2025-06-01 10:27:16] Challenges fetching ...
[2025-06-01 10:27:16] Challenges fetched successfully for bruno!
[2025-06-01 10:27:16] Challenges fetching ...
[2025-06-01 10:27:16] Challenges fetched successfully for bruno!
[2025-06-01 10:27:16] Challenges fetching ...
[2025-06-01 10:27:16] Challenges fetched successfully for bruno!
[2025-06-01 10:27:16] Challenges fetching ...
[2025-06-01 10:27:16] Challenges fetched successfully for bruno!
[2025-06-01 10:27:16] Challenges fetching ...
[2025-06-01 10:27:16] Challenges fetched successfully for bruno!
[2025-06-01 10:27:16] Challenges fetching ...
[2025-06-01 10:27:16] Challenges fetched successfully for bruno!
[2025-06-01 10:27:16] Challenges fetching ...
[2025-06-01 10:27:16] Challenges fetched successfully for bruno!
[2025-06-01 10:27:16] Challenges fetching ...
[2025-06-01 10:27:16] Challenges fetched successfully for bruno!
[2025-06-01 10:27:16] Challenges fetching ...
[2025-06-01 10:27:16] Challenges fetched successfully for bruno!
[2025-06-01 10:27:16] Challenges fetching ...
[2025-06-01 10:27:16] Challenges fetched successfully for bruno!
[2025-06-01 10:27:16] Challenges fetching ...
[2025-06-01 10:27:16] Challenges fetched successfully for bruno!
[2025-06-01 10:27:16] Challenges fetching ...
[2025-06-01 10:27:16] Challenges fetched successfully for bruno!
[2025-06-01 10:27:16] Challenges fetching ...
[2025-06-01 10:27:16] Challenges fetched successfully for bruno!
[2025-06-01 10:27:16] Challenges fetching ...
[2025-06-01 10:27:16] Challenges fetched successfully for bruno!
[2025-06-01 10:27:16] Challenges fetching ...
[2025-06-01 10:27:16] Challenges fetched successfully for bruno!
[2025-06-01 10:27:16] Challenges fetching ...
[2025-06-01 10:27:16] Challenges fetched successfully for bruno!
[2025-06-01 10:27:16] Challenges fetching ...
[2025-06-01 10:27:16] Challenges fetched successfully for bruno!
[2025-06-01 10:27:16] Challenges fetching ...
[2025-06-01 10:27:16] Challenges fetched successfully for bruno!
[2025-06-01 10:27:16] Challenges fetching ...
[2025-06-01 10:27:16] Challenges fetched successfully for bruno!
[2025-06-01 10:27:16] Challenges fetching ...
[2025-06-01 10:27:16] Challenges fetched successfully for bruno!
[2025-06-01 10:27:16] Challenges fetching ...
[2025-06-01 10:27:16] Challenges fetched successfully for bruno!
[2025-06-01 10:27:16] Challenges fetching ...
[2025-06-01 10:27:16] Challenges fetched successfully for bruno!
[2025-06-01 10:27:17] Challenges fetching ...
[2025-06-01 10:27:17] Challenges fetched successfully for bruno!
[2025-06-01 10:27:17] Challenges fetching ...
[2025-06-01 10:27:17] Challenges fetched successfully for bruno!
[2025-06-01 10:27:17] Challenges fetching ...
[2025-06-01 10:27:17] Challenges fetched successfully for bruno!
[2025-06-01 11:32:15] Sélection de tous les challenges

[2025-06-01 11:32:19] Lancement de la stratégie end4 pour Exits & Entrances
[2025-06-01 11:32:19] Nouveau processus ajouté pour pascale: exits-entrances1-vote-100-left-0H:4M - Statut: init
[2025-06-01 11:32:19] Traitement du challenge pour pascale: exits-entrances1
[2025-06-01 11:32:19] Nouveau processus ajouté pour pascale: exits-entrances1-vote-50-left-0H:3M - Statut: init
[2025-06-01 11:32:19] Traitement du challenge pour pascale: exits-entrances1
[2025-06-01 11:32:19] Processus mis à jour pour pascale: exits-entrances1-vote-100-left-0H:4M - waiting
[2025-06-01 11:32:19] Nouveau processus ajouté pour pascale: exits-entrances1-vote-50-left-0H:2M - Statut: init
[2025-06-01 11:32:19] Nouveau processus ajouté pour pascale: exits-entrances1-vote-50-left-0H:1M - Statut: init
[2025-06-01 11:32:19] Traitement du challenge pour pascale: exits-entrances1
[2025-06-01 11:32:19] Processus mis à jour pour pascale: exits-entrances1-vote-50-left-0H:3M - waiting
[2025-06-01 11:32:19] Traitement du challenge pour pascale: exits-entrances1
[2025-06-01 11:32:19] Processus mis à jour pour pascale: exits-entrances1-vote-50-left-0H:2M - waiting
[2025-06-01 11:32:19] Processus mis à jour pour pascale: exits-entrances1-vote-50-left-0H:1M - waiting
[2025-06-01 11:32:19] Lancement de la stratégie end4 pour Still Life
[2025-06-01 11:32:19] Nouveau processus ajouté pour pascale: still-life5-vote-100-left-0H:4M - Statut: init
[2025-06-01 11:32:19] Traitement du challenge pour pascale: still-life5
[2025-06-01 11:32:19] Nouveau processus ajouté pour pascale: still-life5-vote-50-left-0H:3M - Statut: init
[2025-06-01 11:32:19] Traitement du challenge pour pascale: still-life5
[2025-06-01 11:32:19] Nouveau processus ajouté pour pascale: still-life5-vote-50-left-0H:2M - Statut: init
[2025-06-01 11:32:19] Processus mis à jour pour pascale: still-life5-vote-100-left-0H:4M - waiting
[2025-06-01 11:32:19] Traitement du challenge pour pascale: still-life5
[2025-06-01 11:32:19] Nouveau processus ajouté pour pascale: still-life5-vote-50-left-0H:1M - Statut: init
[2025-06-01 11:32:19] Processus mis à jour pour pascale: still-life5-vote-50-left-0H:3M - waiting
[2025-06-01 11:32:19] Traitement du challenge pour pascale: still-life5
[2025-06-01 11:32:19] Processus mis à jour pour pascale: still-life5-vote-50-left-0H:2M - waiting
[2025-06-01 11:32:19] Processus mis à jour pour pascale: still-life5-vote-50-left-0H:1M - waiting
[2025-06-01 11:32:19] Lancement de la stratégie end4 pour Dramatic Lighting
[2025-06-01 11:32:19] Nouveau processus ajouté pour pascale: dramatic-lighting11-vote-100-left-0H:4M - Statut: init
[2025-06-01 11:32:19] Traitement du challenge pour pascale: dramatic-lighting11
[2025-06-01 11:32:19] Nouveau processus ajouté pour pascale: dramatic-lighting11-vote-50-left-0H:3M - Statut: init
[2025-06-01 11:32:19] Traitement du challenge pour pascale: dramatic-lighting11
[2025-06-01 11:32:19] Processus mis à jour pour pascale: dramatic-lighting11-vote-100-left-0H:4M - waiting
[2025-06-01 11:32:19] Nouveau processus ajouté pour pascale: dramatic-lighting11-vote-50-left-0H:2M - Statut: init
[2025-06-01 11:32:19] Nouveau processus ajouté pour pascale: dramatic-lighting11-vote-50-left-0H:1M - Statut: init
[2025-06-01 11:32:19] Traitement du challenge pour pascale: dramatic-lighting11
[2025-06-01 11:32:19] Traitement du challenge pour pascale: dramatic-lighting11
[2025-06-01 11:32:19] Processus mis à jour pour pascale: dramatic-lighting11-vote-50-left-0H:3M - waiting
[2025-06-01 11:32:19] Processus mis à jour pour pascale: dramatic-lighting11-vote-50-left-0H:2M - waiting
[2025-06-01 11:32:19] Processus mis à jour pour pascale: dramatic-lighting11-vote-50-left-0H:1M - waiting
[2025-06-01 11:32:19] Lancement de la stratégie end4 pour Guru of The Week
[2025-06-01 11:32:19] Nouveau processus ajouté pour pascale: guru-of-the-week36-vote-100-left-0H:4M - Statut: init
[2025-06-01 11:32:19] Traitement du challenge pour pascale: guru-of-the-week36
[2025-06-01 11:32:19] Nouveau processus ajouté pour pascale: guru-of-the-week36-vote-50-left-0H:2M - Statut: init
[2025-06-01 11:32:19] Processus mis à jour pour pascale: guru-of-the-week36-vote-100-left-0H:4M - waiting
[2025-06-01 11:32:19] Traitement du challenge pour pascale: guru-of-the-week36
[2025-06-01 11:32:19] Nouveau processus ajouté pour pascale: guru-of-the-week36-vote-50-left-0H:3M - Statut: init
[2025-06-01 11:32:19] Nouveau processus ajouté pour pascale: guru-of-the-week36-vote-50-left-0H:1M - Statut: init
[2025-06-01 11:32:19] Traitement du challenge pour pascale: guru-of-the-week36
[2025-06-01 11:32:19] Processus mis à jour pour pascale: guru-of-the-week36-vote-50-left-0H:2M - waiting
[2025-06-01 11:32:19] Traitement du challenge pour pascale: guru-of-the-week36
[2025-06-01 11:32:19] Processus mis à jour pour pascale: guru-of-the-week36-vote-50-left-0H:3M - waiting
[2025-06-01 11:32:19] Processus mis à jour pour pascale: guru-of-the-week36-vote-50-left-0H:1M - waiting
[2025-06-01 11:32:19] Lancement de la stratégie end4 pour Screen Stars - Timeless Waterscapes
[2025-06-01 11:32:19] Nouveau processus ajouté pour pascale: screen-stars-glorious-waterscapes-vote-100-left-0H:4M - Statut: init
[2025-06-01 11:32:19] Traitement du challenge pour pascale: screen-stars-glorious-waterscapes
[2025-06-01 11:32:19] Processus mis à jour pour pascale: screen-stars-glorious-waterscapes-vote-100-left-0H:4M - waiting
[2025-06-01 11:32:19] Nouveau processus ajouté pour pascale: screen-stars-glorious-waterscapes-vote-50-left-0H:3M - Statut: init
[2025-06-01 11:32:19] Traitement du challenge pour pascale: screen-stars-glorious-waterscapes
[2025-06-01 11:32:19] Nouveau processus ajouté pour pascale: screen-stars-glorious-waterscapes-vote-50-left-0H:2M - Statut: init
[2025-06-01 11:32:19] Traitement du challenge pour pascale: screen-stars-glorious-waterscapes
[2025-06-01 11:32:19] Nouveau processus ajouté pour pascale: screen-stars-glorious-waterscapes-vote-50-left-0H:1M - Statut: init
[2025-06-01 11:32:19] Processus mis à jour pour pascale: screen-stars-glorious-waterscapes-vote-50-left-0H:3M - waiting
[2025-06-01 11:32:19] Traitement du challenge pour pascale: screen-stars-glorious-waterscapes
[2025-06-01 11:32:19] Processus mis à jour pour pascale: screen-stars-glorious-waterscapes-vote-50-left-0H:2M - waiting
[2025-06-01 11:32:19] Processus mis à jour pour pascale: screen-stars-glorious-waterscapes-vote-50-left-0H:1M - waiting
[2025-06-01 11:32:19] Lancement de la stratégie end4 pour Downwards Perspective
[2025-06-01 11:32:19] Nouveau processus ajouté pour pascale: downwards-perspective-vote-100-left-0H:4M - Statut: init
[2025-06-01 11:32:19] Traitement du challenge pour pascale: downwards-perspective
[2025-06-01 11:32:19] Nouveau processus ajouté pour pascale: downwards-perspective-vote-50-left-0H:3M - Statut: init
[2025-06-01 11:32:19] Traitement du challenge pour pascale: downwards-perspective
[2025-06-01 11:32:19] Nouveau processus ajouté pour pascale: downwards-perspective-vote-50-left-0H:2M - Statut: init
[2025-06-01 11:32:19] Traitement du challenge pour pascale: downwards-perspective
[2025-06-01 11:32:19] Processus mis à jour pour pascale: downwards-perspective-vote-100-left-0H:4M - waiting
[2025-06-01 11:32:19] Processus mis à jour pour pascale: downwards-perspective-vote-50-left-0H:3M - waiting
[2025-06-01 11:32:19] Nouveau processus ajouté pour pascale: downwards-perspective-vote-50-left-0H:1M - Statut: init
[2025-06-01 11:32:19] Traitement du challenge pour pascale: downwards-perspective
[2025-06-01 11:32:19] Processus mis à jour pour pascale: downwards-perspective-vote-50-left-0H:2M - waiting
[2025-06-01 11:32:19] Processus mis à jour pour pascale: downwards-perspective-vote-50-left-0H:1M - waiting
[2025-06-01 11:32:19] Lancement de la stratégie end4 pour Split Screen
[2025-06-01 11:32:19] Nouveau processus ajouté pour pascale: split-screen24-vote-100-left-0H:4M - Statut: init
[2025-06-01 11:32:19] Traitement du challenge pour pascale: split-screen24
[2025-06-01 11:32:19] Nouveau processus ajouté pour pascale: split-screen24-vote-50-left-0H:3M - Statut: init
[2025-06-01 11:32:19] Traitement du challenge pour pascale: split-screen24
[2025-06-01 11:32:19] Nouveau processus ajouté pour pascale: split-screen24-vote-50-left-0H:2M - Statut: init
[2025-06-01 11:32:19] Processus mis à jour pour pascale: split-screen24-vote-100-left-0H:4M - waiting
[2025-06-01 11:32:19] Traitement du challenge pour pascale: split-screen24
[2025-06-01 11:32:19] Nouveau processus ajouté pour pascale: split-screen24-vote-50-left-0H:1M - Statut: init
[2025-06-01 11:32:19] Processus mis à jour pour pascale: split-screen24-vote-50-left-0H:3M - waiting
[2025-06-01 11:32:19] Traitement du challenge pour pascale: split-screen24
[2025-06-01 11:32:19] Processus mis à jour pour pascale: split-screen24-vote-50-left-0H:2M - waiting
[2025-06-01 11:32:19] Processus mis à jour pour pascale: split-screen24-vote-50-left-0H:1M - waiting
[2025-06-01 11:32:19] Lancement de la stratégie end4 pour Photographer of the Week
[2025-06-01 11:32:19] Nouveau processus ajouté pour pascale: photographer-of-the-week210-vote-100-left-0H:4M - Statut: init
[2025-06-01 11:32:19] Traitement du challenge pour pascale: photographer-of-the-week210
[2025-06-01 11:32:19] Nouveau processus ajouté pour pascale: photographer-of-the-week210-vote-50-left-0H:3M - Statut: init
[2025-06-01 11:32:19] Traitement du challenge pour pascale: photographer-of-the-week210
[2025-06-01 11:32:19] Nouveau processus ajouté pour pascale: photographer-of-the-week210-vote-50-left-0H:2M - Statut: init
[2025-06-01 11:32:19] Traitement du challenge pour pascale: photographer-of-the-week210
[2025-06-01 11:32:19] Processus mis à jour pour pascale: photographer-of-the-week210-vote-100-left-0H:4M - waiting
[2025-06-01 11:32:19] Processus mis à jour pour pascale: photographer-of-the-week210-vote-50-left-0H:3M - waiting
[2025-06-01 11:32:19] Nouveau processus ajouté pour pascale: photographer-of-the-week210-vote-50-left-0H:1M - Statut: init
[2025-06-01 11:32:19] Processus mis à jour pour pascale: photographer-of-the-week210-vote-50-left-0H:2M - waiting
[2025-06-01 11:32:19] Traitement du challenge pour pascale: photographer-of-the-week210
[2025-06-01 11:32:19] Processus mis à jour pour pascale: photographer-of-the-week210-vote-50-left-0H:1M - waiting
[2025-06-01 11:32:19] Lancement de la stratégie end4 pour So Cliché
[2025-06-01 11:32:19] Nouveau processus ajouté pour pascale: so-clich-1-vote-100-left-0H:4M - Statut: init
[2025-06-01 11:32:19] Traitement du challenge pour pascale: so-clich-1
[2025-06-01 11:32:19] Nouveau processus ajouté pour pascale: so-clich-1-vote-50-left-0H:3M - Statut: init
[2025-06-01 11:32:19] Traitement du challenge pour pascale: so-clich-1
[2025-06-01 11:32:19] Nouveau processus ajouté pour pascale: so-clich-1-vote-50-left-0H:2M - Statut: init
[2025-06-01 11:32:19] Traitement du challenge pour pascale: so-clich-1
[2025-06-01 11:32:19] Processus mis à jour pour pascale: so-clich-1-vote-100-left-0H:4M - waiting
[2025-06-01 11:32:19] Nouveau processus ajouté pour pascale: so-clich-1-vote-50-left-0H:1M - Statut: init
[2025-06-01 11:32:19] Processus mis à jour pour pascale: so-clich-1-vote-50-left-0H:3M - waiting
[2025-06-01 11:32:19] Traitement du challenge pour pascale: so-clich-1
[2025-06-01 11:32:19] Processus mis à jour pour pascale: so-clich-1-vote-50-left-0H:2M - waiting
[2025-06-01 11:32:19] Processus mis à jour pour pascale: so-clich-1-vote-50-left-0H:1M - waiting
[2025-06-01 11:32:19] Lancement de la stratégie end4 pour Healthy Living
[2025-06-01 11:32:19] Nouveau processus ajouté pour pascale: healthy-living-vote-100-left-0H:4M - Statut: init
[2025-06-01 11:32:19] Traitement du challenge pour pascale: healthy-living
[2025-06-01 11:32:19] Nouveau processus ajouté pour pascale: healthy-living-vote-50-left-0H:3M - Statut: init
[2025-06-01 11:32:19] Traitement du challenge pour pascale: healthy-living
[2025-06-01 11:32:19] Processus mis à jour pour pascale: healthy-living-vote-100-left-0H:4M - waiting
[2025-06-01 11:32:19] Nouveau processus ajouté pour pascale: healthy-living-vote-50-left-0H:2M - Statut: init
[2025-06-01 11:32:19] Traitement du challenge pour pascale: healthy-living
[2025-06-01 11:32:19] Nouveau processus ajouté pour pascale: healthy-living-vote-50-left-0H:1M - Statut: init
[2025-06-01 11:32:19] Processus mis à jour pour pascale: healthy-living-vote-50-left-0H:3M - waiting
[2025-06-01 11:32:19] Traitement du challenge pour pascale: healthy-living
[2025-06-01 11:32:19] Processus mis à jour pour pascale: healthy-living-vote-50-left-0H:2M - waiting
[2025-06-01 11:32:19] Processus mis à jour pour pascale: healthy-living-vote-50-left-0H:1M - waiting
[2025-06-01 11:32:19] Lancement de la stratégie end4 pour Lucky Shot
[2025-06-01 11:32:19] Nouveau processus ajouté pour pascale: lucky-shot22-vote-100-left-0H:4M - Statut: init
[2025-06-01 11:32:19] Traitement du challenge pour pascale: lucky-shot22
[2025-06-01 11:32:19] Nouveau processus ajouté pour pascale: lucky-shot22-vote-50-left-0H:3M - Statut: init
[2025-06-01 11:32:19] Traitement du challenge pour pascale: lucky-shot22
[2025-06-01 11:32:19] Processus mis à jour pour pascale: lucky-shot22-vote-100-left-0H:4M - executing
[2025-06-01 11:32:19] Traitement de vote pour Lucky Shot
[2025-06-01 11:32:19] Nouveau processus ajouté pour pascale: lucky-shot22-vote-50-left-0H:1M - Statut: init
[2025-06-01 11:32:19] Traitement du challenge pour pascale: lucky-shot22
[2025-06-01 11:32:19] Processus mis à jour pour pascale: lucky-shot22-vote-50-left-0H:3M - executing
[2025-06-01 11:32:19] Nouveau processus ajouté pour pascale: lucky-shot22-vote-50-left-0H:2M - Statut: init
[2025-06-01 11:32:19] Traitement de vote pour Lucky Shot
[2025-06-01 11:32:19] Processus mis à jour pour pascale: lucky-shot22-vote-50-left-0H:1M - executing
[2025-06-01 11:32:19] Traitement du challenge pour pascale: lucky-shot22
[2025-06-01 11:32:19] Traitement de vote pour Lucky Shot
[2025-06-01 11:32:19] Processus mis à jour pour pascale: lucky-shot22-vote-50-left-0H:2M - executing
[2025-06-01 11:32:19] Traitement de vote pour Lucky Shot
[2025-06-01 11:32:19] Lancement de la stratégie end4 pour Landscape Photographer of the Year
[2025-06-01 11:32:19] Nouveau processus ajouté pour pascale: landscape-photographer-of-the-year4-vote-100-left-0H:4M - Statut: init
[2025-06-01 11:32:19] Traitement du challenge pour pascale: landscape-photographer-of-the-year4
[2025-06-01 11:32:19] Nouveau processus ajouté pour pascale: landscape-photographer-of-the-year4-vote-50-left-0H:3M - Statut: init
[2025-06-01 11:32:19] Nouveau processus ajouté pour pascale: landscape-photographer-of-the-year4-vote-50-left-0H:2M - Statut: init
[2025-06-01 11:32:19] Traitement du challenge pour pascale: landscape-photographer-of-the-year4
[2025-06-01 11:32:19] Processus mis à jour pour pascale: landscape-photographer-of-the-year4-vote-100-left-0H:4M - waiting
[2025-06-01 11:32:19] Traitement du challenge pour pascale: landscape-photographer-of-the-year4
[2025-06-01 11:32:19] Processus mis à jour pour pascale: landscape-photographer-of-the-year4-vote-50-left-0H:3M - waiting
[2025-06-01 11:32:19] Processus mis à jour pour pascale: landscape-photographer-of-the-year4-vote-50-left-0H:2M - waiting
[2025-06-01 11:32:19] Nouveau processus ajouté pour pascale: landscape-photographer-of-the-year4-vote-50-left-0H:1M - Statut: init
[2025-06-01 11:32:19] Traitement du challenge pour pascale: landscape-photographer-of-the-year4
[2025-06-01 11:32:19] Processus mis à jour pour pascale: landscape-photographer-of-the-year4-vote-50-left-0H:1M - waiting
[2025-06-01 11:32:19] Lancement de la stratégie end4 pour Photo of the Week!
[2025-06-01 11:32:19] Nouveau processus ajouté pour pascale: photo-of-the-week-298-vote-100-left-0H:4M - Statut: init
[2025-06-01 11:32:19] Traitement du challenge pour pascale: photo-of-the-week-298
[2025-06-01 11:32:19] Nouveau processus ajouté pour pascale: photo-of-the-week-298-vote-50-left-0H:3M - Statut: init
[2025-06-01 11:32:19] Traitement du challenge pour pascale: photo-of-the-week-298
[2025-06-01 11:32:19] Nouveau processus ajouté pour pascale: photo-of-the-week-298-vote-50-left-0H:2M - Statut: init
[2025-06-01 11:32:19] Traitement du challenge pour pascale: photo-of-the-week-298
[2025-06-01 11:32:19] Processus mis à jour pour pascale: photo-of-the-week-298-vote-100-left-0H:4M - waiting
[2025-06-01 11:32:19] Nouveau processus ajouté pour pascale: photo-of-the-week-298-vote-50-left-0H:1M - Statut: init
[2025-06-01 11:32:19] Traitement du challenge pour pascale: photo-of-the-week-298
[2025-06-01 11:32:19] Processus mis à jour pour pascale: photo-of-the-week-298-vote-50-left-0H:3M - waiting
[2025-06-01 11:32:19] Processus mis à jour pour pascale: photo-of-the-week-298-vote-50-left-0H:2M - waiting
[2025-06-01 11:32:19] Processus mis à jour pour pascale: photo-of-the-week-298-vote-50-left-0H:1M - waiting
[2025-06-01 11:32:19] Application des stratégies pour les challenges sélectionnés:
- Exits & Entrances avec stratégie end4
- Still Life avec stratégie end4
- Dramatic Lighting avec stratégie end4
- Guru of The Week avec stratégie end4
- Screen Stars - Timeless Waterscapes avec stratégie end4
- Downwards Perspective avec stratégie end4
- Split Screen avec stratégie end4
- Photographer of the Week avec stratégie end4
- So Cliché avec stratégie end4
- Healthy Living avec stratégie end4
- Lucky Shot avec stratégie end4
- Landscape Photographer of the Year avec stratégie end4
- Photo of the Week! avec stratégie end4

[2025-06-01 11:32:19] Lucky Shot get vote panel
[2025-06-01 11:32:19] Processus associé: lucky-shot22-vote-100-left-0H:4M
[2025-06-01 11:32:29] Lucky Shot get vote panel
[2025-06-01 11:32:29] Processus associé: lucky-shot22-vote-50-left-0H:3M
[2025-06-01 11:32:34] Lucky Shot get vote panel
[2025-06-01 11:32:34] Processus associé: lucky-shot22-vote-50-left-0H:1M
[2025-06-01 11:32:39] Lucky Shot get vote panel
[2025-06-01 11:32:39] Processus associé: lucky-shot22-vote-50-left-0H:2M
[2025-06-01 11:32:45] Récupération des données de vote pour Lucky Shot (URL: lucky-shot22, HEADER:{'User-Agent': 'Mozilla/5.0 (X11; Linux i686; rv:39.0) Gecko/20100101 Firefox/39.0', 'x-api-version': '8', 'x-env': 'WEB', 'X-requested-with': 'XMLHttpRequest', 'X-token': 'f96bbe3a7e7f833329e7129767a69abbfa6dfce3152e3c2a311eb49d89b5c3bb2b12b66b402f03dce682b8b2b6a005cd'})
[2025-06-01 11:32:45] Récupération des données de vote pour Lucky Shot (URL: lucky-shot22, HEADER:{'User-Agent': 'Mozilla/5.0 (X11; Linux i686; rv:39.0) Gecko/20100101 Firefox/39.0', 'x-api-version': '8', 'x-env': 'WEB', 'X-requested-with': 'XMLHttpRequest', 'X-token': 'f96bbe3a7e7f833329e7129767a69abbfa6dfce3152e3c2a311eb49d89b5c3bb2b12b66b402f03dce682b8b2b6a005cd'})
[2025-06-01 11:32:45] Récupération des données de vote pour Lucky Shot (URL: lucky-shot22, HEADER:{'User-Agent': 'Mozilla/5.0 (X11; Linux i686; rv:39.0) Gecko/20100101 Firefox/39.0', 'x-api-version': '8', 'x-env': 'WEB', 'X-requested-with': 'XMLHttpRequest', 'X-token': 'f96bbe3a7e7f833329e7129767a69abbfa6dfce3152e3c2a311eb49d89b5c3bb2b12b66b402f03dce682b8b2b6a005cd'})
[2025-06-01 11:32:45] Récupération des données de vote pour Lucky Shot (URL: lucky-shot22, HEADER:{'User-Agent': 'Mozilla/5.0 (X11; Linux i686; rv:39.0) Gecko/20100101 Firefox/39.0', 'x-api-version': '8', 'x-env': 'WEB', 'X-requested-with': 'XMLHttpRequest', 'X-token': 'f96bbe3a7e7f833329e7129767a69abbfa6dfce3152e3c2a311eb49d89b5c3bb2b12b66b402f03dce682b8b2b6a005cd'})
[2025-06-01 11:32:45] Récupération des données de vote pour Lucky Shot (URL: lucky-shot22, HEADER:{'User-Agent': 'Mozilla/5.0 (X11; Linux i686; rv:39.0) Gecko/20100101 Firefox/39.0', 'x-api-version': '8', 'x-env': 'WEB', 'X-requested-with': 'XMLHttpRequest', 'X-token': 'f96bbe3a7e7f833329e7129767a69abbfa6dfce3152e3c2a311eb49d89b5c3bb2b12b66b402f03dce682b8b2b6a005cd'})
[2025-06-01 11:32:45] Récupération des données de vote pour Lucky Shot (URL: lucky-shot22, HEADER:{'User-Agent': 'Mozilla/5.0 (X11; Linux i686; rv:39.0) Gecko/20100101 Firefox/39.0', 'x-api-version': '8', 'x-env': 'WEB', 'X-requested-with': 'XMLHttpRequest', 'X-token': 'f96bbe3a7e7f833329e7129767a69abbfa6dfce3152e3c2a311eb49d89b5c3bb2b12b66b402f03dce682b8b2b6a005cd'})
[2025-06-01 11:32:45] Récupération des données de vote pour Lucky Shot (URL: lucky-shot22, HEADER:{'User-Agent': 'Mozilla/5.0 (X11; Linux i686; rv:39.0) Gecko/20100101 Firefox/39.0', 'x-api-version': '8', 'x-env': 'WEB', 'X-requested-with': 'XMLHttpRequest', 'X-token': 'f96bbe3a7e7f833329e7129767a69abbfa6dfce3152e3c2a311eb49d89b5c3bb2b12b66b402f03dce682b8b2b6a005cd'})
[2025-06-01 11:32:45] Récupération des données de vote pour Lucky Shot (URL: lucky-shot22, HEADER:{'User-Agent': 'Mozilla/5.0 (X11; Linux i686; rv:39.0) Gecko/20100101 Firefox/39.0', 'x-api-version': '8', 'x-env': 'WEB', 'X-requested-with': 'XMLHttpRequest', 'X-token': 'f96bbe3a7e7f833329e7129767a69abbfa6dfce3152e3c2a311eb49d89b5c3bb2b12b66b402f03dce682b8b2b6a005cd'})
[2025-06-01 11:32:45] Récupération des données de vote pour Lucky Shot (URL: lucky-shot22, HEADER:{'User-Agent': 'Mozilla/5.0 (X11; Linux i686; rv:39.0) Gecko/20100101 Firefox/39.0', 'x-api-version': '8', 'x-env': 'WEB', 'X-requested-with': 'XMLHttpRequest', 'X-token': 'f96bbe3a7e7f833329e7129767a69abbfa6dfce3152e3c2a311eb49d89b5c3bb2b12b66b402f03dce682b8b2b6a005cd'})
[2025-06-01 11:32:45] Récupération des données de vote pour Lucky Shot (URL: lucky-shot22, HEADER:{'User-Agent': 'Mozilla/5.0 (X11; Linux i686; rv:39.0) Gecko/20100101 Firefox/39.0', 'x-api-version': '8', 'x-env': 'WEB', 'X-requested-with': 'XMLHttpRequest', 'X-token': 'f96bbe3a7e7f833329e7129767a69abbfa6dfce3152e3c2a311eb49d89b5c3bb2b12b66b402f03dce682b8b2b6a005cd'})
[2025-06-01 11:32:45] Récupération des données de vote pour Lucky Shot (URL: lucky-shot22, HEADER:{'User-Agent': 'Mozilla/5.0 (X11; Linux i686; rv:39.0) Gecko/20100101 Firefox/39.0', 'x-api-version': '8', 'x-env': 'WEB', 'X-requested-with': 'XMLHttpRequest', 'X-token': 'f96bbe3a7e7f833329e7129767a69abbfa6dfce3152e3c2a311eb49d89b5c3bb2b12b66b402f03dce682b8b2b6a005cd'})
[2025-06-01 11:32:45] Récupération des données de vote pour Lucky Shot (URL: lucky-shot22, HEADER:{'User-Agent': 'Mozilla/5.0 (X11; Linux i686; rv:39.0) Gecko/20100101 Firefox/39.0', 'x-api-version': '8', 'x-env': 'WEB', 'X-requested-with': 'XMLHttpRequest', 'X-token': 'f96bbe3a7e7f833329e7129767a69abbfa6dfce3152e3c2a311eb49d89b5c3bb2b12b66b402f03dce682b8b2b6a005cd'})
[2025-06-01 11:32:45] Récupération des données de vote pour Lucky Shot (URL: lucky-shot22, HEADER:{'User-Agent': 'Mozilla/5.0 (X11; Linux i686; rv:39.0) Gecko/20100101 Firefox/39.0', 'x-api-version': '8', 'x-env': 'WEB', 'X-requested-with': 'XMLHttpRequest', 'X-token': 'f96bbe3a7e7f833329e7129767a69abbfa6dfce3152e3c2a311eb49d89b5c3bb2b12b66b402f03dce682b8b2b6a005cd'})
[2025-06-01 11:32:45] Récupération des données de vote pour Lucky Shot (URL: lucky-shot22, HEADER:{'User-Agent': 'Mozilla/5.0 (X11; Linux i686; rv:39.0) Gecko/20100101 Firefox/39.0', 'x-api-version': '8', 'x-env': 'WEB', 'X-requested-with': 'XMLHttpRequest', 'X-token': 'f96bbe3a7e7f833329e7129767a69abbfa6dfce3152e3c2a311eb49d89b5c3bb2b12b66b402f03dce682b8b2b6a005cd'})
[2025-06-01 11:32:45] Récupération des données de vote pour Lucky Shot (URL: lucky-shot22, HEADER:{'User-Agent': 'Mozilla/5.0 (X11; Linux i686; rv:39.0) Gecko/20100101 Firefox/39.0', 'x-api-version': '8', 'x-env': 'WEB', 'X-requested-with': 'XMLHttpRequest', 'X-token': 'f96bbe3a7e7f833329e7129767a69abbfa6dfce3152e3c2a311eb49d89b5c3bb2b12b66b402f03dce682b8b2b6a005cd'})
[2025-06-01 11:32:45] Récupération des données de vote pour Lucky Shot (URL: lucky-shot22, HEADER:{'User-Agent': 'Mozilla/5.0 (X11; Linux i686; rv:39.0) Gecko/20100101 Firefox/39.0', 'x-api-version': '8', 'x-env': 'WEB', 'X-requested-with': 'XMLHttpRequest', 'X-token': 'f96bbe3a7e7f833329e7129767a69abbfa6dfce3152e3c2a311eb49d89b5c3bb2b12b66b402f03dce682b8b2b6a005cd'})
[2025-06-01 11:32:45] Récupération des données de vote pour Lucky Shot (URL: lucky-shot22, HEADER:{'User-Agent': 'Mozilla/5.0 (X11; Linux i686; rv:39.0) Gecko/20100101 Firefox/39.0', 'x-api-version': '8', 'x-env': 'WEB', 'X-requested-with': 'XMLHttpRequest', 'X-token': 'f96bbe3a7e7f833329e7129767a69abbfa6dfce3152e3c2a311eb49d89b5c3bb2b12b66b402f03dce682b8b2b6a005cd'})
[2025-06-01 11:32:45] Récupération des données de vote pour Lucky Shot (URL: lucky-shot22, HEADER:{'User-Agent': 'Mozilla/5.0 (X11; Linux i686; rv:39.0) Gecko/20100101 Firefox/39.0', 'x-api-version': '8', 'x-env': 'WEB', 'X-requested-with': 'XMLHttpRequest', 'X-token': 'f96bbe3a7e7f833329e7129767a69abbfa6dfce3152e3c2a311eb49d89b5c3bb2b12b66b402f03dce682b8b2b6a005cd'})
[2025-06-01 11:32:45] Récupération des données de vote pour Lucky Shot (URL: lucky-shot22, HEADER:{'User-Agent': 'Mozilla/5.0 (X11; Linux i686; rv:39.0) Gecko/20100101 Firefox/39.0', 'x-api-version': '8', 'x-env': 'WEB', 'X-requested-with': 'XMLHttpRequest', 'X-token': 'f96bbe3a7e7f833329e7129767a69abbfa6dfce3152e3c2a311eb49d89b5c3bb2b12b66b402f03dce682b8b2b6a005cd'})
[2025-06-01 11:32:45] Récupération des données de vote pour Lucky Shot (URL: lucky-shot22, HEADER:{'User-Agent': 'Mozilla/5.0 (X11; Linux i686; rv:39.0) Gecko/20100101 Firefox/39.0', 'x-api-version': '8', 'x-env': 'WEB', 'X-requested-with': 'XMLHttpRequest', 'X-token': 'f96bbe3a7e7f833329e7129767a69abbfa6dfce3152e3c2a311eb49d89b5c3bb2b12b66b402f03dce682b8b2b6a005cd'})
[2025-06-01 11:32:45] Récupération des données de vote pour Lucky Shot (URL: lucky-shot22, HEADER:{'User-Agent': 'Mozilla/5.0 (X11; Linux i686; rv:39.0) Gecko/20100101 Firefox/39.0', 'x-api-version': '8', 'x-env': 'WEB', 'X-requested-with': 'XMLHttpRequest', 'X-token': 'f96bbe3a7e7f833329e7129767a69abbfa6dfce3152e3c2a311eb49d89b5c3bb2b12b66b402f03dce682b8b2b6a005cd'})
[2025-06-01 11:32:45] Récupération des données de vote pour Lucky Shot (URL: lucky-shot22, HEADER:{'User-Agent': 'Mozilla/5.0 (X11; Linux i686; rv:39.0) Gecko/20100101 Firefox/39.0', 'x-api-version': '8', 'x-env': 'WEB', 'X-requested-with': 'XMLHttpRequest', 'X-token': 'f96bbe3a7e7f833329e7129767a69abbfa6dfce3152e3c2a311eb49d89b5c3bb2b12b66b402f03dce682b8b2b6a005cd'})
[2025-06-01 11:32:45] Récupération des données de vote pour Lucky Shot (URL: lucky-shot22, HEADER:{'User-Agent': 'Mozilla/5.0 (X11; Linux i686; rv:39.0) Gecko/20100101 Firefox/39.0', 'x-api-version': '8', 'x-env': 'WEB', 'X-requested-with': 'XMLHttpRequest', 'X-token': 'f96bbe3a7e7f833329e7129767a69abbfa6dfce3152e3c2a311eb49d89b5c3bb2b12b66b402f03dce682b8b2b6a005cd'})
[2025-06-01 11:32:45] Récupération des données de vote pour Lucky Shot (URL: lucky-shot22, HEADER:{'User-Agent': 'Mozilla/5.0 (X11; Linux i686; rv:39.0) Gecko/20100101 Firefox/39.0', 'x-api-version': '8', 'x-env': 'WEB', 'X-requested-with': 'XMLHttpRequest', 'X-token': 'f96bbe3a7e7f833329e7129767a69abbfa6dfce3152e3c2a311eb49d89b5c3bb2b12b66b402f03dce682b8b2b6a005cd'})
[2025-06-01 11:32:45] Récupération des données de vote pour Lucky Shot (URL: lucky-shot22, HEADER:{'User-Agent': 'Mozilla/5.0 (X11; Linux i686; rv:39.0) Gecko/20100101 Firefox/39.0', 'x-api-version': '8', 'x-env': 'WEB', 'X-requested-with': 'XMLHttpRequest', 'X-token': 'f96bbe3a7e7f833329e7129767a69abbfa6dfce3152e3c2a311eb49d89b5c3bb2b12b66b402f03dce682b8b2b6a005cd'})
[2025-06-01 11:32:45] Pas d'images disponibles pour Lucky Shot, {'success': False, 'error_code': 2027, 'message': 'Challenge is closed for voting'}
[2025-06-01 11:32:45] Voting fetching ...
[2025-06-01 11:32:45] Erreur lors de la récupération des données de vote: {'success': False, 'message': 'No images available', 'challenge': {'close_time': 0}}
[2025-06-01 11:32:45] Pas d'images disponibles pour Lucky Shot, {'success': False, 'error_code': 2027, 'message': 'Challenge is closed for voting'}
[2025-06-01 11:32:45] Voting fetching ...
[2025-06-01 11:32:45] Erreur lors de la récupération des données de vote: {'success': False, 'message': 'No images available', 'challenge': {'close_time': 0}}
[2025-06-01 11:32:45] Pas d'images disponibles pour Lucky Shot, {'success': False, 'error_code': 2027, 'message': 'Challenge is closed for voting'}
[2025-06-01 11:32:45] Voting fetching ...
[2025-06-01 11:32:45] Erreur lors de la récupération des données de vote: {'success': False, 'message': 'No images available', 'challenge': {'close_time': 0}}
[2025-06-01 11:32:45] Pas d'images disponibles pour Lucky Shot, {'success': False, 'error_code': 2027, 'message': 'Challenge is closed for voting'}
[2025-06-01 11:32:45] Voting fetching ...
[2025-06-01 11:32:45] Erreur lors de la récupération des données de vote: {'success': False, 'message': 'No images available', 'challenge': {'close_time': 0}}
[2025-06-01 11:32:45] Pas d'images disponibles pour Lucky Shot, {'success': False, 'error_code': 2027, 'message': 'Challenge is closed for voting'}
[2025-06-01 11:32:45] Voting fetching ...
[2025-06-01 11:32:45] Erreur lors de la récupération des données de vote: {'success': False, 'message': 'No images available', 'challenge': {'close_time': 0}}
[2025-06-01 11:32:45] Pas d'images disponibles pour Lucky Shot, {'success': False, 'error_code': 2027, 'message': 'Challenge is closed for voting'}
[2025-06-01 11:32:45] Voting fetching ...
[2025-06-01 11:32:45] Erreur lors de la récupération des données de vote: {'success': False, 'message': 'No images available', 'challenge': {'close_time': 0}}
[2025-06-01 11:32:45] Pas d'images disponibles pour Lucky Shot, {'success': False, 'error_code': 2027, 'message': 'Challenge is closed for voting'}
[2025-06-01 11:32:45] Voting fetching ...
[2025-06-01 11:32:45] Erreur lors de la récupération des données de vote: {'success': False, 'message': 'No images available', 'challenge': {'close_time': 0}}
[2025-06-01 11:32:45] Pas d'images disponibles pour Lucky Shot, {'success': False, 'error_code': 2027, 'message': 'Challenge is closed for voting'}
[2025-06-01 11:32:45] Voting fetching ...
[2025-06-01 11:32:45] Erreur lors de la récupération des données de vote: {'success': False, 'message': 'No images available', 'challenge': {'close_time': 0}}
[2025-06-01 11:32:45] Pas d'images disponibles pour Lucky Shot, {'success': False, 'error_code': 2027, 'message': 'Challenge is closed for voting'}
[2025-06-01 11:32:45] Voting fetching ...
[2025-06-01 11:32:45] Erreur lors de la récupération des données de vote: {'success': False, 'message': 'No images available', 'challenge': {'close_time': 0}}
[2025-06-01 11:32:45] Pas d'images disponibles pour Lucky Shot, {'success': False, 'error_code': 2027, 'message': 'Challenge is closed for voting'}
[2025-06-01 11:32:45] Voting fetching ...
[2025-06-01 11:32:45] Erreur lors de la récupération des données de vote: {'success': False, 'message': 'No images available', 'challenge': {'close_time': 0}}
[2025-06-01 11:32:45] Pas d'images disponibles pour Lucky Shot, {'success': False, 'error_code': 2027, 'message': 'Challenge is closed for voting'}
[2025-06-01 11:32:45] Voting fetching ...
[2025-06-01 11:32:45] Erreur lors de la récupération des données de vote: {'success': False, 'message': 'No images available', 'challenge': {'close_time': 0}}
[2025-06-01 11:32:45] Pas d'images disponibles pour Lucky Shot, {'success': False, 'error_code': 2027, 'message': 'Challenge is closed for voting'}
[2025-06-01 11:32:45] Voting fetching ...
[2025-06-01 11:32:45] Erreur lors de la récupération des données de vote: {'success': False, 'message': 'No images available', 'challenge': {'close_time': 0}}
[2025-06-01 11:32:45] Pas d'images disponibles pour Lucky Shot, {'success': False, 'error_code': 2027, 'message': 'Challenge is closed for voting'}
[2025-06-01 11:32:45] Voting fetching ...
[2025-06-01 11:32:45] Erreur lors de la récupération des données de vote: {'success': False, 'message': 'No images available', 'challenge': {'close_time': 0}}
[2025-06-01 11:32:45] Pas d'images disponibles pour Lucky Shot, {'success': False, 'error_code': 2027, 'message': 'Challenge is closed for voting'}
[2025-06-01 11:32:45] Voting fetching ...
[2025-06-01 11:32:45] Erreur lors de la récupération des données de vote: {'success': False, 'message': 'No images available', 'challenge': {'close_time': 0}}
[2025-06-01 11:32:45] Pas d'images disponibles pour Lucky Shot, {'success': False, 'error_code': 2027, 'message': 'Challenge is closed for voting'}
[2025-06-01 11:32:45] Voting fetching ...
[2025-06-01 11:32:45] Erreur lors de la récupération des données de vote: {'success': False, 'message': 'No images available', 'challenge': {'close_time': 0}}
[2025-06-01 11:32:45] Pas d'images disponibles pour Lucky Shot, {'success': False, 'error_code': 2027, 'message': 'Challenge is closed for voting'}
[2025-06-01 11:32:45] Voting fetching ...
[2025-06-01 11:32:45] Erreur lors de la récupération des données de vote: {'success': False, 'message': 'No images available', 'challenge': {'close_time': 0}}
[2025-06-01 11:32:45] Pas d'images disponibles pour Lucky Shot, {'success': False, 'error_code': 2027, 'message': 'Challenge is closed for voting'}
[2025-06-01 11:32:45] Voting fetching ...
[2025-06-01 11:32:45] Erreur lors de la récupération des données de vote: {'success': False, 'message': 'No images available', 'challenge': {'close_time': 0}}
[2025-06-01 11:32:45] Pas d'images disponibles pour Lucky Shot, {'success': False, 'error_code': 2027, 'message': 'Challenge is closed for voting'}
[2025-06-01 11:32:45] Voting fetching ...
[2025-06-01 11:32:45] Erreur lors de la récupération des données de vote: {'success': False, 'message': 'No images available', 'challenge': {'close_time': 0}}
[2025-06-01 11:32:45] Pas d'images disponibles pour Lucky Shot, {'success': False, 'error_code': 2027, 'message': 'Challenge is closed for voting'}
[2025-06-01 11:32:45] Voting fetching ...
[2025-06-01 11:32:45] Erreur lors de la récupération des données de vote: {'success': False, 'message': 'No images available', 'challenge': {'close_time': 0}}
[2025-06-01 11:32:45] Pas d'images disponibles pour Lucky Shot, {'success': False, 'error_code': 2027, 'message': 'Challenge is closed for voting'}
[2025-06-01 11:32:45] Voting fetching ...
[2025-06-01 11:32:45] Erreur lors de la récupération des données de vote: {'success': False, 'message': 'No images available', 'challenge': {'close_time': 0}}
[2025-06-01 11:32:45] Pas d'images disponibles pour Lucky Shot, {'success': False, 'error_code': 2027, 'message': 'Challenge is closed for voting'}
[2025-06-01 11:32:45] Voting fetching ...
[2025-06-01 11:32:45] Erreur lors de la récupération des données de vote: {'success': False, 'message': 'No images available', 'challenge': {'close_time': 0}}
[2025-06-01 11:32:45] Pas d'images disponibles pour Lucky Shot, {'success': False, 'error_code': 2027, 'message': 'Challenge is closed for voting'}
[2025-06-01 11:32:45] Voting fetching ...
[2025-06-01 11:32:45] Erreur lors de la récupération des données de vote: {'success': False, 'message': 'No images available', 'challenge': {'close_time': 0}}
[2025-06-01 11:32:45] Pas d'images disponibles pour Lucky Shot, {'success': False, 'error_code': 2027, 'message': 'Challenge is closed for voting'}
[2025-06-01 11:32:45] Voting fetching ...
[2025-06-01 11:32:45] Erreur lors de la récupération des données de vote: {'success': False, 'message': 'No images available', 'challenge': {'close_time': 0}}
[2025-06-01 11:32:45] Pas d'images disponibles pour Lucky Shot, {'success': False, 'error_code': 2027, 'message': 'Challenge is closed for voting'}
[2025-06-01 11:32:45] Voting fetching ...
[2025-06-01 11:32:45] Erreur lors de la récupération des données de vote: {'success': False, 'message': 'No images available', 'challenge': {'close_time': 0}}
[2025-06-01 11:32:45] Pas d'images disponibles pour Lucky Shot, {'success': False, 'error_code': 2027, 'message': 'Challenge is closed for voting'}
[2025-06-01 11:32:45] Voting fetching ...
[2025-06-01 11:32:45] Erreur lors de la récupération des données de vote: {'success': False, 'message': 'No images available', 'challenge': {'close_time': 0}}
[2025-06-01 11:32:46] Refreshing challenges...
[2025-06-01 11:32:46] Fetching challenges...
[2025-06-01 11:32:47] Challenges fetching ...
[2025-06-01 11:32:47] Lancement automatique des stratégies de fin pour 5 nouveaux challenges...
[2025-06-01 11:32:47] Nouveau challenge détecté pour pascale: Loneliness
[2025-06-01 11:32:47] Nouveau challenge détecté pour pascale: Best of Black & White
[2025-06-01 11:32:47] Nouveau challenge détecté pour pascale: Water on the Rocks
[2025-06-01 11:32:47] Nouveau challenge détecté pour pascale: Show The Way
[2025-06-01 11:32:47] Nouveau challenge détecté pour pascale: Seasonal Portraits
[2025-06-01 11:32:47] Challenges fetched successfully for pascale!
[2025-06-01 11:32:52] Processus suspect (format de date invalide): lucky-shot22-vote-100-left-0H:4M (profil: pascale)
[2025-06-01 11:32:52] Processus supprimé pour pascale: lucky-shot22-vote-100-left-0H:4M - zombie
[2025-06-01 11:32:52] Processus mis à jour pour pascale: lucky-shot22-vote-100-left-0H:4M - zombie
[2025-06-01 11:32:52] Processus suspect (format de date invalide): lucky-shot22-vote-50-left-0H:3M (profil: pascale)
[2025-06-01 11:32:52] Processus supprimé pour pascale: lucky-shot22-vote-50-left-0H:3M - zombie
[2025-06-01 11:32:52] Processus mis à jour pour pascale: lucky-shot22-vote-50-left-0H:3M - zombie
[2025-06-01 11:32:52] Processus suspect (format de date invalide): lucky-shot22-vote-50-left-0H:1M (profil: pascale)
[2025-06-01 11:32:52] Processus supprimé pour pascale: lucky-shot22-vote-50-left-0H:1M - zombie
[2025-06-01 11:32:52] Processus mis à jour pour pascale: lucky-shot22-vote-50-left-0H:1M - zombie
[2025-06-01 11:32:52] Processus suspect (format de date invalide): lucky-shot22-vote-50-left-0H:2M (profil: pascale)
[2025-06-01 11:32:52] Processus supprimé pour pascale: lucky-shot22-vote-50-left-0H:2M - zombie
[2025-06-01 11:32:52] Processus mis à jour pour pascale: lucky-shot22-vote-50-left-0H:2M - zombie
[2025-06-01 11:33:02] Désélection de tous les challenges

[2025-06-01 11:34:37] Exits & Entrances get vote panel
[2025-06-01 11:34:47] Filling challenges: {100568}
Filled Exits & Entrances with strategy end4

[2025-06-01 11:34:47] Récupération des données de vote pour Exits & Entrances (URL: exits-entrances1, HEADER:{'User-Agent': 'Mozilla/5.0 (X11; Linux i686; rv:39.0) Gecko/20100101 Firefox/39.0', 'x-api-version': '8', 'x-env': 'WEB', 'X-requested-with': 'XMLHttpRequest', 'X-token': 'f96bbe3a7e7f833329e7129767a69abbfa6dfce3152e3c2a311eb49d89b5c3bb2b12b66b402f03dce682b8b2b6a005cd'})
[2025-06-01 11:34:47] Récupération des données de vote pour Exits & Entrances (URL: exits-entrances1, HEADER:{'User-Agent': 'Mozilla/5.0 (X11; Linux i686; rv:39.0) Gecko/20100101 Firefox/39.0', 'x-api-version': '8', 'x-env': 'WEB', 'X-requested-with': 'XMLHttpRequest', 'X-token': 'f96bbe3a7e7f833329e7129767a69abbfa6dfce3152e3c2a311eb49d89b5c3bb2b12b66b402f03dce682b8b2b6a005cd'})
[2025-06-01 11:34:47] Récupération des données de vote pour Exits & Entrances (URL: exits-entrances1, HEADER:{'User-Agent': 'Mozilla/5.0 (X11; Linux i686; rv:39.0) Gecko/20100101 Firefox/39.0', 'x-api-version': '8', 'x-env': 'WEB', 'X-requested-with': 'XMLHttpRequest', 'X-token': 'f96bbe3a7e7f833329e7129767a69abbfa6dfce3152e3c2a311eb49d89b5c3bb2b12b66b402f03dce682b8b2b6a005cd'})
[2025-06-01 11:34:47] Récupération des données de vote pour Exits & Entrances (URL: exits-entrances1, HEADER:{'User-Agent': 'Mozilla/5.0 (X11; Linux i686; rv:39.0) Gecko/20100101 Firefox/39.0', 'x-api-version': '8', 'x-env': 'WEB', 'X-requested-with': 'XMLHttpRequest', 'X-token': 'f96bbe3a7e7f833329e7129767a69abbfa6dfce3152e3c2a311eb49d89b5c3bb2b12b66b402f03dce682b8b2b6a005cd'})
[2025-06-01 11:34:47] Récupération des données de vote pour Exits & Entrances (URL: exits-entrances1, HEADER:{'User-Agent': 'Mozilla/5.0 (X11; Linux i686; rv:39.0) Gecko/20100101 Firefox/39.0', 'x-api-version': '8', 'x-env': 'WEB', 'X-requested-with': 'XMLHttpRequest', 'X-token': 'f96bbe3a7e7f833329e7129767a69abbfa6dfce3152e3c2a311eb49d89b5c3bb2b12b66b402f03dce682b8b2b6a005cd'})
[2025-06-01 11:34:47] Récupération des données de vote pour Exits & Entrances (URL: exits-entrances1, HEADER:{'User-Agent': 'Mozilla/5.0 (X11; Linux i686; rv:39.0) Gecko/20100101 Firefox/39.0', 'x-api-version': '8', 'x-env': 'WEB', 'X-requested-with': 'XMLHttpRequest', 'X-token': 'f96bbe3a7e7f833329e7129767a69abbfa6dfce3152e3c2a311eb49d89b5c3bb2b12b66b402f03dce682b8b2b6a005cd'})
[2025-06-01 11:34:47] Récupération des données de vote pour Exits & Entrances (URL: exits-entrances1, HEADER:{'User-Agent': 'Mozilla/5.0 (X11; Linux i686; rv:39.0) Gecko/20100101 Firefox/39.0', 'x-api-version': '8', 'x-env': 'WEB', 'X-requested-with': 'XMLHttpRequest', 'X-token': 'f96bbe3a7e7f833329e7129767a69abbfa6dfce3152e3c2a311eb49d89b5c3bb2b12b66b402f03dce682b8b2b6a005cd'})
[2025-06-01 11:34:47] Récupération des données de vote pour Exits & Entrances (URL: exits-entrances1, HEADER:{'User-Agent': 'Mozilla/5.0 (X11; Linux i686; rv:39.0) Gecko/20100101 Firefox/39.0', 'x-api-version': '8', 'x-env': 'WEB', 'X-requested-with': 'XMLHttpRequest', 'X-token': 'f96bbe3a7e7f833329e7129767a69abbfa6dfce3152e3c2a311eb49d89b5c3bb2b12b66b402f03dce682b8b2b6a005cd'})
[2025-06-01 11:34:47] Récupération des données de vote pour Exits & Entrances (URL: exits-entrances1, HEADER:{'User-Agent': 'Mozilla/5.0 (X11; Linux i686; rv:39.0) Gecko/20100101 Firefox/39.0', 'x-api-version': '8', 'x-env': 'WEB', 'X-requested-with': 'XMLHttpRequest', 'X-token': 'f96bbe3a7e7f833329e7129767a69abbfa6dfce3152e3c2a311eb49d89b5c3bb2b12b66b402f03dce682b8b2b6a005cd'})
[2025-06-01 11:34:47] Récupération des données de vote pour Exits & Entrances (URL: exits-entrances1, HEADER:{'User-Agent': 'Mozilla/5.0 (X11; Linux i686; rv:39.0) Gecko/20100101 Firefox/39.0', 'x-api-version': '8', 'x-env': 'WEB', 'X-requested-with': 'XMLHttpRequest', 'X-token': 'f96bbe3a7e7f833329e7129767a69abbfa6dfce3152e3c2a311eb49d89b5c3bb2b12b66b402f03dce682b8b2b6a005cd'})
[2025-06-01 11:34:48] Récupération réussie: 200 images pour Exits & Entrances
[2025-06-01 11:34:48] Voting fetching ...
[2025-06-01 11:34:48] Exits & Entrances voting 10 images
[2025-06-01 11:34:48] Récupération réussie: 200 images pour Exits & Entrances
[2025-06-01 11:34:48] Voting fetching ...
[2025-06-01 11:34:48] Exits & Entrances voting 10 images
[2025-06-01 11:34:48] Récupération réussie: 200 images pour Exits & Entrances
[2025-06-01 11:34:48] Voting fetching ...
[2025-06-01 11:34:48] Exits & Entrances voting 10 images
[2025-06-01 11:34:49] Récupération réussie: 200 images pour Exits & Entrances
[2025-06-01 11:34:49] Voting fetching ...
[2025-06-01 11:34:49] Exits & Entrances voting 10 images
[2025-06-01 11:34:49] Récupération réussie: 200 images pour Exits & Entrances
[2025-06-01 11:34:49] Voting fetching ...
[2025-06-01 11:34:49] Exits & Entrances voting 10 images
[2025-06-01 11:34:49] Récupération réussie: 200 images pour Exits & Entrances
[2025-06-01 11:34:49] Voting fetching ...
[2025-06-01 11:34:49] Exits & Entrances voting 10 images
[2025-06-01 11:34:49] Récupération réussie: 200 images pour Exits & Entrances
[2025-06-01 11:34:49] Voting fetching ...
[2025-06-01 11:34:49] Exits & Entrances voting 10 images
[2025-06-01 11:34:49] Récupération réussie: 200 images pour Exits & Entrances
[2025-06-01 11:34:49] Voting fetching ...
[2025-06-01 11:34:49] Exits & Entrances voting 10 images
[2025-06-01 11:34:49] Récupération réussie: 200 images pour Exits & Entrances
[2025-06-01 11:34:49] Voting fetching ...
[2025-06-01 11:34:49] Exits & Entrances voting 10 images
[2025-06-01 11:34:49] Récupération réussie: 200 images pour Exits & Entrances
[2025-06-01 11:34:49] Voting fetching ...
[2025-06-01 11:34:49] Exits & Entrances voting 10 images
[2025-06-01 11:34:50] Exits & Entrances voted successfully
[2025-06-01 11:34:52] Exits & Entrances voted successfully
[2025-06-01 11:34:54] Exits & Entrances voted successfully
[2025-06-01 11:34:56] Exits & Entrances voted successfully
[2025-06-01 11:34:58] Exits & Entrances voted successfully
[2025-06-01 11:35:00] Exits & Entrances voted successfully
[2025-06-01 11:35:02] Exits & Entrances voted successfully
[2025-06-01 11:35:04] Exits & Entrances voted successfully
[2025-06-01 11:35:06] Exits & Entrances voted successfully
[2025-06-01 11:35:08] Exits & Entrances voted successfully
[2025-06-01 11:35:11] Challenges fetching ...
[2025-06-01 11:35:11] Challenges fetched successfully for pascale!
[2025-06-01 11:35:11] Challenges fetching ...
[2025-06-01 11:35:11] Challenges fetched successfully for pascale!
[2025-06-01 11:35:11] Challenges fetching ...
[2025-06-01 11:35:11] Challenges fetched successfully for pascale!
[2025-06-01 11:35:11] Challenges fetching ...
[2025-06-01 11:35:11] Challenges fetched successfully for pascale!
[2025-06-01 11:35:11] Challenges fetching ...
[2025-06-01 11:35:11] Challenges fetched successfully for pascale!
[2025-06-01 11:35:11] Challenges fetching ...
[2025-06-01 11:35:11] Challenges fetched successfully for pascale!
[2025-06-01 11:35:11] Challenges fetching ...
[2025-06-01 11:35:11] Challenges fetched successfully for pascale!
[2025-06-01 11:35:11] Challenges fetching ...
[2025-06-01 11:35:11] Challenges fetched successfully for pascale!
[2025-06-01 11:35:11] Challenges fetching ...
[2025-06-01 11:35:11] Challenges fetched successfully for pascale!
[2025-06-01 11:35:11] Challenges fetching ...
[2025-06-01 11:35:12] Challenges fetched successfully for pascale!
[2025-06-01 11:39:43] Refreshing challenges...
[2025-06-01 11:39:43] Fetching challenges...
[2025-06-01 11:39:45] Challenges fetching ...
[2025-06-01 11:39:45] Challenges fetched successfully for bruno!
[2025-06-01 11:39:54] Refreshing challenges...
[2025-06-01 11:39:54] Fetching challenges...
[2025-06-01 11:39:57] Challenges fetching ...
[2025-06-01 11:39:57] Challenges fetched successfully for pascale!
[2025-06-01 11:48:24] Erreur lors du rafraîchissement API, utilisation du cache: HTTPSConnectionPool(host='api.gurushots.com', port=443): Read timed out. (read timeout=None)
[2025-06-01 11:48:27] Erreur lors du rafraîchissement API, utilisation du cache: HTTPSConnectionPool(host='api.gurushots.com', port=443): Read timed out. (read timeout=None)
[2025-06-01 11:48:28] Erreur lors du rafraîchissement API, utilisation du cache: HTTPSConnectionPool(host='api.gurushots.com', port=443): Read timed out. (read timeout=None)
[2025-06-01 11:48:29] Erreur lors du rafraîchissement API, utilisation du cache: HTTPSConnectionPool(host='api.gurushots.com', port=443): Read timed out. (read timeout=None)
[2025-06-01 11:48:32] Erreur lors du rafraîchissement API, utilisation du cache: HTTPSConnectionPool(host='api.gurushots.com', port=443): Read timed out. (read timeout=None)
[2025-06-01 11:48:38] Erreur lors du rafraîchissement API, utilisation du cache: HTTPSConnectionPool(host='api.gurushots.com', port=443): Read timed out. (read timeout=None)
[2025-06-01 11:48:39] Erreur lors du rafraîchissement API, utilisation du cache: HTTPSConnectionPool(host='api.gurushots.com', port=443): Read timed out. (read timeout=None)
[2025-06-01 11:48:41] Erreur lors du rafraîchissement API, utilisation du cache: HTTPSConnectionPool(host='api.gurushots.com', port=443): Read timed out. (read timeout=None)
[2025-06-01 11:48:41] Erreur lors du rafraîchissement API, utilisation du cache: HTTPSConnectionPool(host='api.gurushots.com', port=443): Read timed out. (read timeout=None)
[2025-06-01 11:48:42] Erreur lors du rafraîchissement API, utilisation du cache: HTTPSConnectionPool(host='api.gurushots.com', port=443): Read timed out. (read timeout=None)
[2025-06-01 11:48:46] Erreur lors du rafraîchissement API, utilisation du cache: HTTPSConnectionPool(host='api.gurushots.com', port=443): Read timed out. (read timeout=None)
[2025-06-01 11:48:46] Erreur lors du rafraîchissement API, utilisation du cache: HTTPSConnectionPool(host='api.gurushots.com', port=443): Read timed out. (read timeout=None)
[2025-06-01 11:48:48] Erreur lors du rafraîchissement API, utilisation du cache: HTTPSConnectionPool(host='api.gurushots.com', port=443): Read timed out. (read timeout=None)
[2025-06-01 11:48:48] Erreur lors du rafraîchissement API, utilisation du cache: HTTPSConnectionPool(host='api.gurushots.com', port=443): Read timed out. (read timeout=None)
[2025-06-01 11:48:50] Erreur lors du rafraîchissement API, utilisation du cache: HTTPSConnectionPool(host='api.gurushots.com', port=443): Read timed out. (read timeout=None)
[2025-06-01 11:48:51] Erreur lors du rafraîchissement API, utilisation du cache: HTTPSConnectionPool(host='api.gurushots.com', port=443): Read timed out. (read timeout=None)
[2025-06-01 11:48:52] Erreur lors du rafraîchissement API, utilisation du cache: HTTPSConnectionPool(host='api.gurushots.com', port=443): Read timed out. (read timeout=None)
[2025-06-01 11:49:07] Erreur lors du rafraîchissement API, utilisation du cache: HTTPSConnectionPool(host='api.gurushots.com', port=443): Read timed out. (read timeout=None)
[2025-06-01 11:49:11] Erreur lors du rafraîchissement API, utilisation du cache: HTTPSConnectionPool(host='api.gurushots.com', port=443): Read timed out. (read timeout=None)
[2025-06-01 11:49:19] Erreur lors du rafraîchissement API, utilisation du cache: HTTPSConnectionPool(host='api.gurushots.com', port=443): Read timed out. (read timeout=None)
[2025-06-01 16:05:20] Processus mis à jour pour pascale: so-clich-1-vote-100-left-0H:4M - executing
[2025-06-01 16:05:20] Traitement de vote pour So Cliché
[2025-06-01 16:05:20] So Cliché get vote panel
[2025-06-01 16:05:21] Processus associé: so-clich-1-vote-100-left-0H:4M
[2025-06-01 16:05:34] Récupération des données de vote pour So Cliché (URL: so-clich-1, HEADER:{'User-Agent': 'Mozilla/5.0 (X11; Linux i686; rv:39.0) Gecko/20100101 Firefox/39.0', 'x-api-version': '8', 'x-env': 'WEB', 'X-requested-with': 'XMLHttpRequest', 'X-token': 'f96bbe3a7e7f833329e7129767a69abbfa6dfce3152e3c2a311eb49d89b5c3bb2b12b66b402f03dce682b8b2b6a005cd'})
[2025-06-01 16:05:34] Récupération des données de vote pour So Cliché (URL: so-clich-1, HEADER:{'User-Agent': 'Mozilla/5.0 (X11; Linux i686; rv:39.0) Gecko/20100101 Firefox/39.0', 'x-api-version': '8', 'x-env': 'WEB', 'X-requested-with': 'XMLHttpRequest', 'X-token': 'f96bbe3a7e7f833329e7129767a69abbfa6dfce3152e3c2a311eb49d89b5c3bb2b12b66b402f03dce682b8b2b6a005cd'})
[2025-06-01 16:05:34] Récupération des données de vote pour So Cliché (URL: so-clich-1, HEADER:{'User-Agent': 'Mozilla/5.0 (X11; Linux i686; rv:39.0) Gecko/20100101 Firefox/39.0', 'x-api-version': '8', 'x-env': 'WEB', 'X-requested-with': 'XMLHttpRequest', 'X-token': 'f96bbe3a7e7f833329e7129767a69abbfa6dfce3152e3c2a311eb49d89b5c3bb2b12b66b402f03dce682b8b2b6a005cd'})
[2025-06-01 16:05:34] Récupération des données de vote pour So Cliché (URL: so-clich-1, HEADER:{'User-Agent': 'Mozilla/5.0 (X11; Linux i686; rv:39.0) Gecko/20100101 Firefox/39.0', 'x-api-version': '8', 'x-env': 'WEB', 'X-requested-with': 'XMLHttpRequest', 'X-token': 'f96bbe3a7e7f833329e7129767a69abbfa6dfce3152e3c2a311eb49d89b5c3bb2b12b66b402f03dce682b8b2b6a005cd'})
[2025-06-01 16:05:34] Récupération des données de vote pour So Cliché (URL: so-clich-1, HEADER:{'User-Agent': 'Mozilla/5.0 (X11; Linux i686; rv:39.0) Gecko/20100101 Firefox/39.0', 'x-api-version': '8', 'x-env': 'WEB', 'X-requested-with': 'XMLHttpRequest', 'X-token': 'f96bbe3a7e7f833329e7129767a69abbfa6dfce3152e3c2a311eb49d89b5c3bb2b12b66b402f03dce682b8b2b6a005cd'})
[2025-06-01 16:05:34] Récupération des données de vote pour So Cliché (URL: so-clich-1, HEADER:{'User-Agent': 'Mozilla/5.0 (X11; Linux i686; rv:39.0) Gecko/20100101 Firefox/39.0', 'x-api-version': '8', 'x-env': 'WEB', 'X-requested-with': 'XMLHttpRequest', 'X-token': 'f96bbe3a7e7f833329e7129767a69abbfa6dfce3152e3c2a311eb49d89b5c3bb2b12b66b402f03dce682b8b2b6a005cd'})
[2025-06-01 16:05:34] Récupération des données de vote pour So Cliché (URL: so-clich-1, HEADER:{'User-Agent': 'Mozilla/5.0 (X11; Linux i686; rv:39.0) Gecko/20100101 Firefox/39.0', 'x-api-version': '8', 'x-env': 'WEB', 'X-requested-with': 'XMLHttpRequest', 'X-token': 'f96bbe3a7e7f833329e7129767a69abbfa6dfce3152e3c2a311eb49d89b5c3bb2b12b66b402f03dce682b8b2b6a005cd'})
[2025-06-01 16:05:34] Récupération des données de vote pour So Cliché (URL: so-clich-1, HEADER:{'User-Agent': 'Mozilla/5.0 (X11; Linux i686; rv:39.0) Gecko/20100101 Firefox/39.0', 'x-api-version': '8', 'x-env': 'WEB', 'X-requested-with': 'XMLHttpRequest', 'X-token': 'f96bbe3a7e7f833329e7129767a69abbfa6dfce3152e3c2a311eb49d89b5c3bb2b12b66b402f03dce682b8b2b6a005cd'})
[2025-06-01 16:05:34] Récupération des données de vote pour So Cliché (URL: so-clich-1, HEADER:{'User-Agent': 'Mozilla/5.0 (X11; Linux i686; rv:39.0) Gecko/20100101 Firefox/39.0', 'x-api-version': '8', 'x-env': 'WEB', 'X-requested-with': 'XMLHttpRequest', 'X-token': 'f96bbe3a7e7f833329e7129767a69abbfa6dfce3152e3c2a311eb49d89b5c3bb2b12b66b402f03dce682b8b2b6a005cd'})
[2025-06-01 16:05:34] Récupération des données de vote pour So Cliché (URL: so-clich-1, HEADER:{'User-Agent': 'Mozilla/5.0 (X11; Linux i686; rv:39.0) Gecko/20100101 Firefox/39.0', 'x-api-version': '8', 'x-env': 'WEB', 'X-requested-with': 'XMLHttpRequest', 'X-token': 'f96bbe3a7e7f833329e7129767a69abbfa6dfce3152e3c2a311eb49d89b5c3bb2b12b66b402f03dce682b8b2b6a005cd'})
[2025-06-01 16:05:37] Récupération réussie: 200 images pour So Cliché
[2025-06-01 16:05:37] Voting fetching ...
[2025-06-01 16:05:37] So Cliché voting 10 images
[2025-06-01 16:05:37] Récupération réussie: 200 images pour So Cliché
[2025-06-01 16:05:37] Voting fetching ...
[2025-06-01 16:05:37] So Cliché voting 10 images
[2025-06-01 16:05:37] Récupération réussie: 200 images pour So Cliché
[2025-06-01 16:05:37] Voting fetching ...
[2025-06-01 16:05:37] So Cliché voting 10 images
[2025-06-01 16:05:37] Récupération réussie: 200 images pour So Cliché
[2025-06-01 16:05:37] Voting fetching ...
[2025-06-01 16:05:37] So Cliché voting 10 images
[2025-06-01 16:05:37] Récupération réussie: 200 images pour So Cliché
[2025-06-01 16:05:37] Voting fetching ...
[2025-06-01 16:05:37] So Cliché voting 10 images
[2025-06-01 16:05:37] Récupération réussie: 200 images pour So Cliché
[2025-06-01 16:05:37] Voting fetching ...
[2025-06-01 16:05:37] So Cliché voting 10 images
[2025-06-01 16:05:37] Récupération réussie: 200 images pour So Cliché
[2025-06-01 16:05:37] Voting fetching ...
[2025-06-01 16:05:37] So Cliché voting 10 images
[2025-06-01 16:05:37] Récupération réussie: 200 images pour So Cliché
[2025-06-01 16:05:37] Voting fetching ...
[2025-06-01 16:05:37] So Cliché voting 10 images
[2025-06-01 16:05:38] Récupération réussie: 200 images pour So Cliché
[2025-06-01 16:05:38] Voting fetching ...
[2025-06-01 16:05:38] So Cliché voting 10 images
[2025-06-01 16:05:38] Récupération réussie: 200 images pour So Cliché
[2025-06-01 16:05:38] Voting fetching ...
[2025-06-01 16:05:38] So Cliché voting 10 images
[2025-06-01 16:05:39] So Cliché voted successfully
[2025-06-01 16:05:39] Processus supprimé pour pascale: so-clich-1-vote-100-left-0H:4M - success
[2025-06-01 16:05:39] Processus mis à jour pour pascale: so-clich-1-vote-100-left-0H:4M - success
[2025-06-01 16:05:39] Processus so-clich-1-vote-100-left-0H:4M terminé avec succès (profil: pascale)
[2025-06-01 16:05:41] So Cliché voted successfully
[2025-06-01 16:05:44] So Cliché voted successfully
[2025-06-01 16:05:49] So Cliché voted successfully
[2025-06-01 16:05:51] So Cliché voted successfully
[2025-06-01 16:05:53] So Cliché voted successfully
[2025-06-01 16:05:55] So Cliché voted successfully
[2025-06-01 16:05:57] So Cliché voted successfully
[2025-06-01 16:05:59] So Cliché voted successfully
[2025-06-01 16:06:01] So Cliché voted successfully
[2025-06-01 16:06:06] Challenges fetching ...
[2025-06-01 16:06:06] Challenges fetched successfully for pascale!
[2025-06-01 16:06:06] Challenges fetching ...
[2025-06-01 16:06:06] Challenges fetched successfully for pascale!
[2025-06-01 16:06:06] Challenges fetching ...
[2025-06-01 16:06:06] Challenges fetched successfully for pascale!
[2025-06-01 16:06:06] Challenges fetching ...
[2025-06-01 16:06:06] Challenges fetched successfully for pascale!
[2025-06-01 16:06:06] Challenges fetching ...
[2025-06-01 16:06:06] Challenges fetched successfully for pascale!
[2025-06-01 16:06:07] Challenges fetching ...
[2025-06-01 16:06:07] Challenges fetched successfully for pascale!
[2025-06-01 16:06:07] Challenges fetching ...
[2025-06-01 16:06:07] Challenges fetched successfully for pascale!
[2025-06-01 16:06:07] Challenges fetching ...
[2025-06-01 16:06:07] Challenges fetched successfully for pascale!
[2025-06-01 16:06:07] Challenges fetching ...
[2025-06-01 16:06:07] Challenges fetched successfully for pascale!
[2025-06-01 16:06:07] Challenges fetching ...
[2025-06-01 16:06:07] Challenges fetched successfully for pascale!
[2025-06-01 16:07:19] Processus mis à jour pour pascale: so-clich-1-vote-50-left-0H:2M - executing
[2025-06-01 16:07:19] Traitement de vote pour So Cliché
[2025-06-01 16:07:19] So Cliché get vote panel
[2025-06-01 16:07:19] Processus associé: so-clich-1-vote-50-left-0H:2M
[2025-06-01 16:07:26] Récupération des données de vote pour So Cliché (URL: so-clich-1, HEADER:{'User-Agent': 'Mozilla/5.0 (X11; Linux i686; rv:39.0) Gecko/20100101 Firefox/39.0', 'x-api-version': '8', 'x-env': 'WEB', 'X-requested-with': 'XMLHttpRequest', 'X-token': 'f96bbe3a7e7f833329e7129767a69abbfa6dfce3152e3c2a311eb49d89b5c3bb2b12b66b402f03dce682b8b2b6a005cd'})
[2025-06-01 16:07:26] Récupération des données de vote pour So Cliché (URL: so-clich-1, HEADER:{'User-Agent': 'Mozilla/5.0 (X11; Linux i686; rv:39.0) Gecko/20100101 Firefox/39.0', 'x-api-version': '8', 'x-env': 'WEB', 'X-requested-with': 'XMLHttpRequest', 'X-token': 'f96bbe3a7e7f833329e7129767a69abbfa6dfce3152e3c2a311eb49d89b5c3bb2b12b66b402f03dce682b8b2b6a005cd'})
[2025-06-01 16:07:26] Récupération des données de vote pour So Cliché (URL: so-clich-1, HEADER:{'User-Agent': 'Mozilla/5.0 (X11; Linux i686; rv:39.0) Gecko/20100101 Firefox/39.0', 'x-api-version': '8', 'x-env': 'WEB', 'X-requested-with': 'XMLHttpRequest', 'X-token': 'f96bbe3a7e7f833329e7129767a69abbfa6dfce3152e3c2a311eb49d89b5c3bb2b12b66b402f03dce682b8b2b6a005cd'})
[2025-06-01 16:07:26] Récupération des données de vote pour So Cliché (URL: so-clich-1, HEADER:{'User-Agent': 'Mozilla/5.0 (X11; Linux i686; rv:39.0) Gecko/20100101 Firefox/39.0', 'x-api-version': '8', 'x-env': 'WEB', 'X-requested-with': 'XMLHttpRequest', 'X-token': 'f96bbe3a7e7f833329e7129767a69abbfa6dfce3152e3c2a311eb49d89b5c3bb2b12b66b402f03dce682b8b2b6a005cd'})
[2025-06-01 16:07:26] Récupération des données de vote pour So Cliché (URL: so-clich-1, HEADER:{'User-Agent': 'Mozilla/5.0 (X11; Linux i686; rv:39.0) Gecko/20100101 Firefox/39.0', 'x-api-version': '8', 'x-env': 'WEB', 'X-requested-with': 'XMLHttpRequest', 'X-token': 'f96bbe3a7e7f833329e7129767a69abbfa6dfce3152e3c2a311eb49d89b5c3bb2b12b66b402f03dce682b8b2b6a005cd'})
[2025-06-01 16:07:29] Récupération réussie: 200 images pour So Cliché
[2025-06-01 16:07:29] Voting fetching ...
[2025-06-01 16:07:29] So Cliché voting 10 images
[2025-06-01 16:07:29] Récupération réussie: 200 images pour So Cliché
[2025-06-01 16:07:29] Voting fetching ...
[2025-06-01 16:07:29] So Cliché voting 10 images
[2025-06-01 16:07:29] Récupération réussie: 200 images pour So Cliché
[2025-06-01 16:07:29] Voting fetching ...
[2025-06-01 16:07:29] So Cliché voting 10 images
[2025-06-01 16:07:29] Récupération réussie: 200 images pour So Cliché
[2025-06-01 16:07:29] Voting fetching ...
[2025-06-01 16:07:29] So Cliché voting 10 images
[2025-06-01 16:07:29] Récupération réussie: 200 images pour So Cliché
[2025-06-01 16:07:29] Voting fetching ...
[2025-06-01 16:07:29] So Cliché voting 10 images
[2025-06-01 16:07:31] So Cliché voted successfully
[2025-06-01 16:07:31] Processus supprimé pour pascale: so-clich-1-vote-50-left-0H:2M - success
[2025-06-01 16:07:31] Processus mis à jour pour pascale: so-clich-1-vote-50-left-0H:2M - success
[2025-06-01 16:07:31] Processus so-clich-1-vote-50-left-0H:2M terminé avec succès (profil: pascale)
[2025-06-01 16:07:33] So Cliché voted successfully
[2025-06-01 16:07:35] So Cliché voted successfully
[2025-06-01 16:07:38] So Cliché voted successfully
[2025-06-01 16:07:40] So Cliché voted successfully
[2025-06-01 16:07:45] Challenges fetching ...
[2025-06-01 16:07:45] Challenges fetched successfully for pascale!
[2025-06-01 16:07:46] Challenges fetching ...
[2025-06-01 16:07:46] Challenges fetched successfully for pascale!
[2025-06-01 16:07:46] Challenges fetching ...
[2025-06-01 16:07:46] Challenges fetched successfully for pascale!
[2025-06-01 16:07:46] Challenges fetching ...
[2025-06-01 16:07:46] Challenges fetched successfully for pascale!
[2025-06-01 16:07:46] Challenges fetching ...
[2025-06-01 16:07:46] Challenges fetched successfully for pascale!
[2025-06-01 20:29:19] Fetching challenges...
[2025-06-01 20:29:25] Refreshing challenges...
[2025-06-01 20:29:25] Fetching challenges...
[2025-06-01 20:29:27] Challenges fetching ...
[2025-06-01 20:29:27] Lancement automatique des stratégies de fin pour 18 nouveaux challenges...
[2025-06-01 20:29:27] Nouveau challenge détecté pour pascale: Public Areas
[2025-06-01 20:29:27] Nouveau challenge détecté pour pascale: The Greatest
[2025-06-01 20:29:27] Nouveau challenge détecté pour pascale: Seasonal Portraits
[2025-06-01 20:29:27] Nouveau challenge détecté pour pascale: Photographer of the Week
[2025-06-01 20:29:27] Nouveau challenge détecté pour pascale: Water on the Rocks
[2025-06-01 20:29:27] Nouveau challenge détecté pour pascale: Healthy Living
[2025-06-01 20:29:27] Nouveau challenge détecté pour pascale: Loneliness
[2025-06-01 20:29:27] Nouveau challenge détecté pour pascale: Photo of the Week!
[2025-06-01 20:29:27] Nouveau challenge détecté pour pascale: Still Life
[2025-06-01 20:29:27] Nouveau challenge détecté pour pascale: Split Screen
[2025-06-01 20:29:27] Nouveau challenge détecté pour pascale: Show The Way
[2025-06-01 20:29:27] Nouveau challenge détecté pour pascale: Landscape Photographer of the Year
[2025-06-01 20:29:27] Nouveau challenge détecté pour pascale: Happy Hour
[2025-06-01 20:29:27] Nouveau challenge détecté pour pascale: Downwards Perspective
[2025-06-01 20:29:27] Nouveau challenge détecté pour pascale: Guru of The Week
[2025-06-01 20:29:27] Nouveau challenge détecté pour pascale: Best of Black & White
[2025-06-01 20:29:27] Nouveau challenge détecté pour pascale: Screen Stars - Timeless Waterscapes
[2025-06-01 20:29:27] Nouveau challenge détecté pour pascale: Dramatic Lighting
[2025-06-01 20:29:27] Challenges fetched successfully for pascale!
[2025-06-01 20:29:45] Fetching challenges...
[2025-06-01 20:29:47] Challenges fetching ...
[2025-06-01 20:29:47] Lancement automatique des stratégies de fin pour 2 nouveaux challenges...
[2025-06-01 20:29:47] Nouveau challenge détecté pour bruno: Photo of the Week!
[2025-06-01 20:29:47] Nouveau challenge détecté pour bruno: Cultural Cuisines
[2025-06-01 20:29:47] Challenges fetched successfully for bruno!
[2025-06-01 20:29:51] Refreshing challenges...
[2025-06-01 20:29:51] Fetching challenges...
[2025-06-01 20:29:52] Challenges fetching ...
[2025-06-01 20:29:52] Challenges fetched successfully for bruno!
[2025-06-01 20:34:21] Challenges fetching ...
[2025-06-01 20:34:21] Challenges fetched successfully for pascale!
[2025-06-01 22:42:32] Refreshing challenges...
[2025-06-01 22:42:32] Fetching challenges...
[2025-06-01 22:42:33] Challenges fetching ...
[2025-06-01 22:42:33] Lancement automatique des stratégies de fin pour 5 nouveaux challenges...
[2025-06-01 22:42:33] Nouveau challenge détecté pour bruno: Water on the Rocks
[2025-06-01 22:42:33] Nouveau challenge détecté pour bruno: The Greatest
[2025-06-01 22:42:33] Nouveau challenge détecté pour bruno: Public Areas
[2025-06-01 22:42:33] Nouveau challenge détecté pour bruno: Dynamic Diagonals
[2025-06-01 22:42:33] Nouveau challenge détecté pour bruno: Avenue of Trees
[2025-06-01 22:42:33] Challenges fetched successfully for bruno!
[2025-06-01 22:42:50] Photo of the Week! get vote panel
[2025-06-01 22:43:11] Filling challenges: {101235}
Filled Photo of the Week! with strategy end4

[2025-06-01 22:43:11] Récupération des données de vote pour Photo of the Week! (URL: photo-of-the-week-298, HEADER:{'User-Agent': 'Mozilla/5.0 (X11; Linux i686; rv:39.0) Gecko/20100101 Firefox/39.0', 'x-api-version': '8', 'x-env': 'WEB', 'X-requested-with': 'XMLHttpRequest', 'X-token': 'a1cad95a6d480c14f51dd0eba4914c8337b893c789ec6278bb440c7c9a673b162f042470c62684e6da2bd342ffea7777'})
[2025-06-01 22:43:12] Récupération des données de vote pour Photo of the Week! (URL: photo-of-the-week-298, HEADER:{'User-Agent': 'Mozilla/5.0 (X11; Linux i686; rv:39.0) Gecko/20100101 Firefox/39.0', 'x-api-version': '8', 'x-env': 'WEB', 'X-requested-with': 'XMLHttpRequest', 'X-token': 'a1cad95a6d480c14f51dd0eba4914c8337b893c789ec6278bb440c7c9a673b162f042470c62684e6da2bd342ffea7777'})
[2025-06-01 22:43:12] Récupération des données de vote pour Photo of the Week! (URL: photo-of-the-week-298, HEADER:{'User-Agent': 'Mozilla/5.0 (X11; Linux i686; rv:39.0) Gecko/20100101 Firefox/39.0', 'x-api-version': '8', 'x-env': 'WEB', 'X-requested-with': 'XMLHttpRequest', 'X-token': 'a1cad95a6d480c14f51dd0eba4914c8337b893c789ec6278bb440c7c9a673b162f042470c62684e6da2bd342ffea7777'})
[2025-06-01 22:43:12] Récupération des données de vote pour Photo of the Week! (URL: photo-of-the-week-298, HEADER:{'User-Agent': 'Mozilla/5.0 (X11; Linux i686; rv:39.0) Gecko/20100101 Firefox/39.0', 'x-api-version': '8', 'x-env': 'WEB', 'X-requested-with': 'XMLHttpRequest', 'X-token': 'a1cad95a6d480c14f51dd0eba4914c8337b893c789ec6278bb440c7c9a673b162f042470c62684e6da2bd342ffea7777'})
[2025-06-01 22:43:12] Récupération des données de vote pour Photo of the Week! (URL: photo-of-the-week-298, HEADER:{'User-Agent': 'Mozilla/5.0 (X11; Linux i686; rv:39.0) Gecko/20100101 Firefox/39.0', 'x-api-version': '8', 'x-env': 'WEB', 'X-requested-with': 'XMLHttpRequest', 'X-token': 'a1cad95a6d480c14f51dd0eba4914c8337b893c789ec6278bb440c7c9a673b162f042470c62684e6da2bd342ffea7777'})
[2025-06-01 22:43:12] Récupération des données de vote pour Photo of the Week! (URL: photo-of-the-week-298, HEADER:{'User-Agent': 'Mozilla/5.0 (X11; Linux i686; rv:39.0) Gecko/20100101 Firefox/39.0', 'x-api-version': '8', 'x-env': 'WEB', 'X-requested-with': 'XMLHttpRequest', 'X-token': 'a1cad95a6d480c14f51dd0eba4914c8337b893c789ec6278bb440c7c9a673b162f042470c62684e6da2bd342ffea7777'})
[2025-06-01 22:43:12] Récupération des données de vote pour Photo of the Week! (URL: photo-of-the-week-298, HEADER:{'User-Agent': 'Mozilla/5.0 (X11; Linux i686; rv:39.0) Gecko/20100101 Firefox/39.0', 'x-api-version': '8', 'x-env': 'WEB', 'X-requested-with': 'XMLHttpRequest', 'X-token': 'a1cad95a6d480c14f51dd0eba4914c8337b893c789ec6278bb440c7c9a673b162f042470c62684e6da2bd342ffea7777'})
[2025-06-01 22:43:12] Récupération réussie: 200 images pour Photo of the Week!
[2025-06-01 22:43:12] Voting fetching ...
[2025-06-01 22:43:12] Photo of the Week! voting 10 images
[2025-06-01 22:43:12] Récupération réussie: 200 images pour Photo of the Week!
[2025-06-01 22:43:12] Voting fetching ...
[2025-06-01 22:43:12] Photo of the Week! voting 10 images
[2025-06-01 22:43:12] Récupération réussie: 200 images pour Photo of the Week!
[2025-06-01 22:43:12] Voting fetching ...
[2025-06-01 22:43:12] Photo of the Week! voting 10 images
[2025-06-01 22:43:12] Récupération réussie: 200 images pour Photo of the Week!
[2025-06-01 22:43:12] Voting fetching ...
[2025-06-01 22:43:12] Photo of the Week! voting 10 images
[2025-06-01 22:43:13] Récupération réussie: 200 images pour Photo of the Week!
[2025-06-01 22:43:13] Voting fetching ...
[2025-06-01 22:43:13] Photo of the Week! voting 10 images
[2025-06-01 22:43:13] Récupération réussie: 200 images pour Photo of the Week!
[2025-06-01 22:43:13] Voting fetching ...
[2025-06-01 22:43:13] Photo of the Week! voting 10 images
[2025-06-01 22:43:13] Récupération réussie: 200 images pour Photo of the Week!
[2025-06-01 22:43:13] Voting fetching ...
[2025-06-01 22:43:13] Photo of the Week! voting 10 images
[2025-06-01 22:43:13] Photo of the Week! voted successfully
[2025-06-01 22:43:15] Photo of the Week! voted successfully
[2025-06-01 22:43:17] Photo of the Week! voted successfully
[2025-06-01 22:43:19] Photo of the Week! voted successfully
[2025-06-01 22:43:21] Photo of the Week! voted successfully
[2025-06-01 22:43:23] Photo of the Week! voted successfully
[2025-06-01 22:43:25] Photo of the Week! voted successfully
[2025-06-01 22:43:28] Challenges fetching ...
[2025-06-01 22:43:28] Challenges fetched successfully for bruno!
[2025-06-01 22:43:28] Challenges fetching ...
[2025-06-01 22:43:28] Challenges fetched successfully for bruno!
[2025-06-01 22:43:28] Challenges fetching ...
[2025-06-01 22:43:28] Challenges fetched successfully for bruno!
[2025-06-01 22:43:28] Challenges fetching ...
[2025-06-01 22:43:28] Challenges fetched successfully for bruno!
[2025-06-01 22:43:28] Challenges fetching ...
[2025-06-01 22:43:28] Challenges fetched successfully for bruno!
[2025-06-01 22:43:28] Challenges fetching ...
[2025-06-01 22:43:28] Challenges fetched successfully for bruno!
[2025-06-01 22:43:28] Challenges fetching ...
[2025-06-01 22:43:28] Challenges fetched successfully for bruno!
[2025-06-01 22:43:38] Water on the Rocks get vote panel
[2025-06-01 22:43:59] Filling challenges: {100654}
Filled Water on the Rocks with strategy end4

[2025-06-01 22:43:59] Récupération des données de vote pour Water on the Rocks (URL: water-on-the-rocks2, HEADER:{'User-Agent': 'Mozilla/5.0 (X11; Linux i686; rv:39.0) Gecko/20100101 Firefox/39.0', 'x-api-version': '8', 'x-env': 'WEB', 'X-requested-with': 'XMLHttpRequest', 'X-token': 'a1cad95a6d480c14f51dd0eba4914c8337b893c789ec6278bb440c7c9a673b162f042470c62684e6da2bd342ffea7777'})
[2025-06-01 22:43:59] Récupération des données de vote pour Water on the Rocks (URL: water-on-the-rocks2, HEADER:{'User-Agent': 'Mozilla/5.0 (X11; Linux i686; rv:39.0) Gecko/20100101 Firefox/39.0', 'x-api-version': '8', 'x-env': 'WEB', 'X-requested-with': 'XMLHttpRequest', 'X-token': 'a1cad95a6d480c14f51dd0eba4914c8337b893c789ec6278bb440c7c9a673b162f042470c62684e6da2bd342ffea7777'})
[2025-06-01 22:43:59] Récupération des données de vote pour Water on the Rocks (URL: water-on-the-rocks2, HEADER:{'User-Agent': 'Mozilla/5.0 (X11; Linux i686; rv:39.0) Gecko/20100101 Firefox/39.0', 'x-api-version': '8', 'x-env': 'WEB', 'X-requested-with': 'XMLHttpRequest', 'X-token': 'a1cad95a6d480c14f51dd0eba4914c8337b893c789ec6278bb440c7c9a673b162f042470c62684e6da2bd342ffea7777'})
[2025-06-01 22:43:59] Récupération des données de vote pour Water on the Rocks (URL: water-on-the-rocks2, HEADER:{'User-Agent': 'Mozilla/5.0 (X11; Linux i686; rv:39.0) Gecko/20100101 Firefox/39.0', 'x-api-version': '8', 'x-env': 'WEB', 'X-requested-with': 'XMLHttpRequest', 'X-token': 'a1cad95a6d480c14f51dd0eba4914c8337b893c789ec6278bb440c7c9a673b162f042470c62684e6da2bd342ffea7777'})
[2025-06-01 22:43:59] Récupération des données de vote pour Water on the Rocks (URL: water-on-the-rocks2, HEADER:{'User-Agent': 'Mozilla/5.0 (X11; Linux i686; rv:39.0) Gecko/20100101 Firefox/39.0', 'x-api-version': '8', 'x-env': 'WEB', 'X-requested-with': 'XMLHttpRequest', 'X-token': 'a1cad95a6d480c14f51dd0eba4914c8337b893c789ec6278bb440c7c9a673b162f042470c62684e6da2bd342ffea7777'})
[2025-06-01 22:43:59] Récupération des données de vote pour Water on the Rocks (URL: water-on-the-rocks2, HEADER:{'User-Agent': 'Mozilla/5.0 (X11; Linux i686; rv:39.0) Gecko/20100101 Firefox/39.0', 'x-api-version': '8', 'x-env': 'WEB', 'X-requested-with': 'XMLHttpRequest', 'X-token': 'a1cad95a6d480c14f51dd0eba4914c8337b893c789ec6278bb440c7c9a673b162f042470c62684e6da2bd342ffea7777'})
[2025-06-01 22:43:59] Récupération des données de vote pour Water on the Rocks (URL: water-on-the-rocks2, HEADER:{'User-Agent': 'Mozilla/5.0 (X11; Linux i686; rv:39.0) Gecko/20100101 Firefox/39.0', 'x-api-version': '8', 'x-env': 'WEB', 'X-requested-with': 'XMLHttpRequest', 'X-token': 'a1cad95a6d480c14f51dd0eba4914c8337b893c789ec6278bb440c7c9a673b162f042470c62684e6da2bd342ffea7777'})
[2025-06-01 22:44:00] Récupération réussie: 200 images pour Water on the Rocks
[2025-06-01 22:44:00] Voting fetching ...
[2025-06-01 22:44:00] Water on the Rocks voting 10 images
[2025-06-01 22:44:00] Récupération réussie: 200 images pour Water on the Rocks
[2025-06-01 22:44:00] Voting fetching ...
[2025-06-01 22:44:00] Water on the Rocks voting 10 images
[2025-06-01 22:44:00] Récupération réussie: 200 images pour Water on the Rocks
[2025-06-01 22:44:00] Voting fetching ...
[2025-06-01 22:44:00] Water on the Rocks voting 10 images
[2025-06-01 22:44:00] Récupération réussie: 200 images pour Water on the Rocks
[2025-06-01 22:44:00] Voting fetching ...
[2025-06-01 22:44:00] Water on the Rocks voting 10 images
[2025-06-01 22:44:00] Récupération réussie: 200 images pour Water on the Rocks
[2025-06-01 22:44:00] Voting fetching ...
[2025-06-01 22:44:00] Water on the Rocks voting 10 images
[2025-06-01 22:44:00] Récupération réussie: 200 images pour Water on the Rocks
[2025-06-01 22:44:00] Voting fetching ...
[2025-06-01 22:44:00] Water on the Rocks voting 10 images
[2025-06-01 22:44:00] Récupération réussie: 200 images pour Water on the Rocks
[2025-06-01 22:44:00] Voting fetching ...
[2025-06-01 22:44:00] Water on the Rocks voting 10 images
[2025-06-01 22:44:00] Water on the Rocks voted successfully
[2025-06-01 22:44:02] Water on the Rocks voted successfully
[2025-06-01 22:44:04] Water on the Rocks voted successfully
[2025-06-01 22:44:06] Water on the Rocks voted successfully
[2025-06-01 22:44:08] Water on the Rocks voted successfully
[2025-06-01 22:44:10] Water on the Rocks voted successfully
[2025-06-01 22:44:12] Water on the Rocks voted successfully
[2025-06-01 22:44:15] Challenges fetching ...
[2025-06-01 22:44:15] Challenges fetched successfully for bruno!
[2025-06-01 22:44:15] Challenges fetching ...
[2025-06-01 22:44:15] Challenges fetched successfully for bruno!
[2025-06-01 22:44:16] Challenges fetching ...
[2025-06-01 22:44:16] Challenges fetched successfully for bruno!
[2025-06-01 22:44:16] Challenges fetching ...
[2025-06-01 22:44:16] Challenges fetched successfully for bruno!
[2025-06-01 22:44:16] Challenges fetching ...
[2025-06-01 22:44:16] Challenges fetched successfully for bruno!
[2025-06-01 22:44:16] Challenges fetching ...
[2025-06-01 22:44:16] Challenges fetched successfully for bruno!
[2025-06-01 22:44:16] Challenges fetching ...
[2025-06-01 22:44:16] Challenges fetched successfully for bruno!
[2025-06-01 22:44:23] Public Areas get vote panel
[2025-06-01 22:44:44] Filling challenges: {100653}
Filled Public Areas with strategy end4

[2025-06-01 22:44:44] Récupération des données de vote pour Public Areas (URL: public-areas, HEADER:{'User-Agent': 'Mozilla/5.0 (X11; Linux i686; rv:39.0) Gecko/20100101 Firefox/39.0', 'x-api-version': '8', 'x-env': 'WEB', 'X-requested-with': 'XMLHttpRequest', 'X-token': 'a1cad95a6d480c14f51dd0eba4914c8337b893c789ec6278bb440c7c9a673b162f042470c62684e6da2bd342ffea7777'})
[2025-06-01 22:44:44] Récupération des données de vote pour Public Areas (URL: public-areas, HEADER:{'User-Agent': 'Mozilla/5.0 (X11; Linux i686; rv:39.0) Gecko/20100101 Firefox/39.0', 'x-api-version': '8', 'x-env': 'WEB', 'X-requested-with': 'XMLHttpRequest', 'X-token': 'a1cad95a6d480c14f51dd0eba4914c8337b893c789ec6278bb440c7c9a673b162f042470c62684e6da2bd342ffea7777'})
[2025-06-01 22:44:44] Récupération des données de vote pour Public Areas (URL: public-areas, HEADER:{'User-Agent': 'Mozilla/5.0 (X11; Linux i686; rv:39.0) Gecko/20100101 Firefox/39.0', 'x-api-version': '8', 'x-env': 'WEB', 'X-requested-with': 'XMLHttpRequest', 'X-token': 'a1cad95a6d480c14f51dd0eba4914c8337b893c789ec6278bb440c7c9a673b162f042470c62684e6da2bd342ffea7777'})
[2025-06-01 22:44:44] Récupération des données de vote pour Public Areas (URL: public-areas, HEADER:{'User-Agent': 'Mozilla/5.0 (X11; Linux i686; rv:39.0) Gecko/20100101 Firefox/39.0', 'x-api-version': '8', 'x-env': 'WEB', 'X-requested-with': 'XMLHttpRequest', 'X-token': 'a1cad95a6d480c14f51dd0eba4914c8337b893c789ec6278bb440c7c9a673b162f042470c62684e6da2bd342ffea7777'})
[2025-06-01 22:44:44] Récupération des données de vote pour Public Areas (URL: public-areas, HEADER:{'User-Agent': 'Mozilla/5.0 (X11; Linux i686; rv:39.0) Gecko/20100101 Firefox/39.0', 'x-api-version': '8', 'x-env': 'WEB', 'X-requested-with': 'XMLHttpRequest', 'X-token': 'a1cad95a6d480c14f51dd0eba4914c8337b893c789ec6278bb440c7c9a673b162f042470c62684e6da2bd342ffea7777'})
[2025-06-01 22:44:44] Récupération des données de vote pour Public Areas (URL: public-areas, HEADER:{'User-Agent': 'Mozilla/5.0 (X11; Linux i686; rv:39.0) Gecko/20100101 Firefox/39.0', 'x-api-version': '8', 'x-env': 'WEB', 'X-requested-with': 'XMLHttpRequest', 'X-token': 'a1cad95a6d480c14f51dd0eba4914c8337b893c789ec6278bb440c7c9a673b162f042470c62684e6da2bd342ffea7777'})
[2025-06-01 22:44:44] Récupération des données de vote pour Public Areas (URL: public-areas, HEADER:{'User-Agent': 'Mozilla/5.0 (X11; Linux i686; rv:39.0) Gecko/20100101 Firefox/39.0', 'x-api-version': '8', 'x-env': 'WEB', 'X-requested-with': 'XMLHttpRequest', 'X-token': 'a1cad95a6d480c14f51dd0eba4914c8337b893c789ec6278bb440c7c9a673b162f042470c62684e6da2bd342ffea7777'})
[2025-06-01 22:44:45] Récupération réussie: 200 images pour Public Areas
[2025-06-01 22:44:45] Voting fetching ...
[2025-06-01 22:44:45] Public Areas voting 10 images
[2025-06-01 22:44:45] Récupération réussie: 200 images pour Public Areas
[2025-06-01 22:44:45] Voting fetching ...
[2025-06-01 22:44:45] Public Areas voting 10 images
[2025-06-01 22:44:45] Récupération réussie: 200 images pour Public Areas
[2025-06-01 22:44:45] Voting fetching ...
[2025-06-01 22:44:45] Public Areas voting 10 images
[2025-06-01 22:44:45] Récupération réussie: 200 images pour Public Areas
[2025-06-01 22:44:45] Voting fetching ...
[2025-06-01 22:44:45] Public Areas voting 10 images
[2025-06-01 22:44:45] Récupération réussie: 200 images pour Public Areas
[2025-06-01 22:44:45] Voting fetching ...
[2025-06-01 22:44:45] Public Areas voting 10 images
[2025-06-01 22:44:45] Récupération réussie: 200 images pour Public Areas
[2025-06-01 22:44:45] Voting fetching ...
[2025-06-01 22:44:45] Public Areas voting 10 images
[2025-06-01 22:44:45] Récupération réussie: 200 images pour Public Areas
[2025-06-01 22:44:45] Voting fetching ...
[2025-06-01 22:44:45] Public Areas voting 10 images
[2025-06-01 22:44:46] Public Areas voted successfully
[2025-06-01 22:44:48] Public Areas voted successfully
[2025-06-01 22:44:50] Public Areas voted successfully
[2025-06-01 22:44:52] Public Areas voted successfully
[2025-06-01 22:44:54] Public Areas voted successfully
[2025-06-01 22:44:56] Public Areas voted successfully
[2025-06-01 22:44:58] Public Areas voted successfully
[2025-06-01 22:45:00] Challenges fetching ...
[2025-06-01 22:45:00] Challenges fetched successfully for bruno!
[2025-06-01 22:45:01] Challenges fetching ...
[2025-06-01 22:45:01] Challenges fetched successfully for bruno!
[2025-06-01 22:45:01] Challenges fetching ...
[2025-06-01 22:45:01] Challenges fetched successfully for bruno!
[2025-06-01 22:45:01] Challenges fetching ...
[2025-06-01 22:45:01] Challenges fetched successfully for bruno!
[2025-06-01 22:45:01] Challenges fetching ...
[2025-06-01 22:45:01] Challenges fetched successfully for bruno!
[2025-06-01 22:45:01] Challenges fetching ...
[2025-06-01 22:45:01] Challenges fetched successfully for bruno!
[2025-06-01 22:45:01] Challenges fetching ...
[2025-06-01 22:45:01] Challenges fetched successfully for bruno!
[2025-06-01 22:45:13] The Greatest get vote panel
[2025-06-01 22:45:34] Filling challenges: {100598}
Filled The Greatest with strategy end4

[2025-06-01 22:45:34] Récupération des données de vote pour The Greatest (URL: the-greatest107, HEADER:{'User-Agent': 'Mozilla/5.0 (X11; Linux i686; rv:39.0) Gecko/20100101 Firefox/39.0', 'x-api-version': '8', 'x-env': 'WEB', 'X-requested-with': 'XMLHttpRequest', 'X-token': 'a1cad95a6d480c14f51dd0eba4914c8337b893c789ec6278bb440c7c9a673b162f042470c62684e6da2bd342ffea7777'})
[2025-06-01 22:45:34] Récupération des données de vote pour The Greatest (URL: the-greatest107, HEADER:{'User-Agent': 'Mozilla/5.0 (X11; Linux i686; rv:39.0) Gecko/20100101 Firefox/39.0', 'x-api-version': '8', 'x-env': 'WEB', 'X-requested-with': 'XMLHttpRequest', 'X-token': 'a1cad95a6d480c14f51dd0eba4914c8337b893c789ec6278bb440c7c9a673b162f042470c62684e6da2bd342ffea7777'})
[2025-06-01 22:45:34] Récupération des données de vote pour The Greatest (URL: the-greatest107, HEADER:{'User-Agent': 'Mozilla/5.0 (X11; Linux i686; rv:39.0) Gecko/20100101 Firefox/39.0', 'x-api-version': '8', 'x-env': 'WEB', 'X-requested-with': 'XMLHttpRequest', 'X-token': 'a1cad95a6d480c14f51dd0eba4914c8337b893c789ec6278bb440c7c9a673b162f042470c62684e6da2bd342ffea7777'})
[2025-06-01 22:45:34] Récupération des données de vote pour The Greatest (URL: the-greatest107, HEADER:{'User-Agent': 'Mozilla/5.0 (X11; Linux i686; rv:39.0) Gecko/20100101 Firefox/39.0', 'x-api-version': '8', 'x-env': 'WEB', 'X-requested-with': 'XMLHttpRequest', 'X-token': 'a1cad95a6d480c14f51dd0eba4914c8337b893c789ec6278bb440c7c9a673b162f042470c62684e6da2bd342ffea7777'})
[2025-06-01 22:45:34] Récupération des données de vote pour The Greatest (URL: the-greatest107, HEADER:{'User-Agent': 'Mozilla/5.0 (X11; Linux i686; rv:39.0) Gecko/20100101 Firefox/39.0', 'x-api-version': '8', 'x-env': 'WEB', 'X-requested-with': 'XMLHttpRequest', 'X-token': 'a1cad95a6d480c14f51dd0eba4914c8337b893c789ec6278bb440c7c9a673b162f042470c62684e6da2bd342ffea7777'})
[2025-06-01 22:45:34] Récupération des données de vote pour The Greatest (URL: the-greatest107, HEADER:{'User-Agent': 'Mozilla/5.0 (X11; Linux i686; rv:39.0) Gecko/20100101 Firefox/39.0', 'x-api-version': '8', 'x-env': 'WEB', 'X-requested-with': 'XMLHttpRequest', 'X-token': 'a1cad95a6d480c14f51dd0eba4914c8337b893c789ec6278bb440c7c9a673b162f042470c62684e6da2bd342ffea7777'})
[2025-06-01 22:45:34] Récupération des données de vote pour The Greatest (URL: the-greatest107, HEADER:{'User-Agent': 'Mozilla/5.0 (X11; Linux i686; rv:39.0) Gecko/20100101 Firefox/39.0', 'x-api-version': '8', 'x-env': 'WEB', 'X-requested-with': 'XMLHttpRequest', 'X-token': 'a1cad95a6d480c14f51dd0eba4914c8337b893c789ec6278bb440c7c9a673b162f042470c62684e6da2bd342ffea7777'})
[2025-06-01 22:45:35] Récupération réussie: 200 images pour The Greatest
[2025-06-01 22:45:35] Voting fetching ...
[2025-06-01 22:45:35] The Greatest voting 10 images
[2025-06-01 22:45:35] Récupération réussie: 200 images pour The Greatest
[2025-06-01 22:45:35] Voting fetching ...
[2025-06-01 22:45:35] The Greatest voting 10 images
[2025-06-01 22:45:35] Récupération réussie: 200 images pour The Greatest
[2025-06-01 22:45:35] Voting fetching ...
[2025-06-01 22:45:35] The Greatest voting 10 images
[2025-06-01 22:45:35] Récupération réussie: 200 images pour The Greatest
[2025-06-01 22:45:35] Voting fetching ...
[2025-06-01 22:45:35] The Greatest voting 10 images
[2025-06-01 22:45:35] Récupération réussie: 200 images pour The Greatest
[2025-06-01 22:45:35] Voting fetching ...
[2025-06-01 22:45:35] The Greatest voting 10 images
[2025-06-01 22:45:35] Récupération réussie: 200 images pour The Greatest
[2025-06-01 22:45:35] Voting fetching ...
[2025-06-01 22:45:35] The Greatest voting 10 images
[2025-06-01 22:45:35] Récupération réussie: 200 images pour The Greatest
[2025-06-01 22:45:35] Voting fetching ...
[2025-06-01 22:45:35] The Greatest voting 10 images
[2025-06-01 22:45:36] The Greatest voted successfully
[2025-06-01 22:45:38] The Greatest voted successfully
[2025-06-01 22:45:40] The Greatest voted successfully
[2025-06-01 22:45:42] The Greatest voted successfully
[2025-06-01 22:45:44] The Greatest voted successfully
[2025-06-01 22:45:46] The Greatest voted successfully
[2025-06-01 22:45:48] The Greatest voted successfully
[2025-06-01 22:45:51] Challenges fetching ...
[2025-06-01 22:45:51] Challenges fetched successfully for bruno!
[2025-06-01 22:45:51] Challenges fetching ...
[2025-06-01 22:45:51] Challenges fetched successfully for bruno!
[2025-06-01 22:45:51] Challenges fetching ...
[2025-06-01 22:45:51] Challenges fetched successfully for bruno!
[2025-06-01 22:45:51] Challenges fetching ...
[2025-06-01 22:45:51] Challenges fetched successfully for bruno!
[2025-06-01 22:45:51] Challenges fetching ...
[2025-06-01 22:45:51] Challenges fetched successfully for bruno!
[2025-06-01 22:45:51] Challenges fetching ...
[2025-06-01 22:45:51] Challenges fetched successfully for bruno!
[2025-06-01 22:45:51] Challenges fetching ...
[2025-06-01 22:45:51] Challenges fetched successfully for bruno!
[2025-06-01 22:46:38] The Greatest get vote panel
[2025-06-01 22:46:59] Filling challenges: {100598}
Filled The Greatest with strategy end4

[2025-06-01 22:46:59] Récupération des données de vote pour The Greatest (URL: the-greatest107, HEADER:{'User-Agent': 'Mozilla/5.0 (X11; Linux i686; rv:39.0) Gecko/20100101 Firefox/39.0', 'x-api-version': '8', 'x-env': 'WEB', 'X-requested-with': 'XMLHttpRequest', 'X-token': 'a1cad95a6d480c14f51dd0eba4914c8337b893c789ec6278bb440c7c9a673b162f042470c62684e6da2bd342ffea7777'})
[2025-06-01 22:46:59] Récupération des données de vote pour The Greatest (URL: the-greatest107, HEADER:{'User-Agent': 'Mozilla/5.0 (X11; Linux i686; rv:39.0) Gecko/20100101 Firefox/39.0', 'x-api-version': '8', 'x-env': 'WEB', 'X-requested-with': 'XMLHttpRequest', 'X-token': 'a1cad95a6d480c14f51dd0eba4914c8337b893c789ec6278bb440c7c9a673b162f042470c62684e6da2bd342ffea7777'})
[2025-06-01 22:46:59] Récupération des données de vote pour The Greatest (URL: the-greatest107, HEADER:{'User-Agent': 'Mozilla/5.0 (X11; Linux i686; rv:39.0) Gecko/20100101 Firefox/39.0', 'x-api-version': '8', 'x-env': 'WEB', 'X-requested-with': 'XMLHttpRequest', 'X-token': 'a1cad95a6d480c14f51dd0eba4914c8337b893c789ec6278bb440c7c9a673b162f042470c62684e6da2bd342ffea7777'})
[2025-06-01 22:46:59] Récupération des données de vote pour The Greatest (URL: the-greatest107, HEADER:{'User-Agent': 'Mozilla/5.0 (X11; Linux i686; rv:39.0) Gecko/20100101 Firefox/39.0', 'x-api-version': '8', 'x-env': 'WEB', 'X-requested-with': 'XMLHttpRequest', 'X-token': 'a1cad95a6d480c14f51dd0eba4914c8337b893c789ec6278bb440c7c9a673b162f042470c62684e6da2bd342ffea7777'})
[2025-06-01 22:46:59] Récupération des données de vote pour The Greatest (URL: the-greatest107, HEADER:{'User-Agent': 'Mozilla/5.0 (X11; Linux i686; rv:39.0) Gecko/20100101 Firefox/39.0', 'x-api-version': '8', 'x-env': 'WEB', 'X-requested-with': 'XMLHttpRequest', 'X-token': 'a1cad95a6d480c14f51dd0eba4914c8337b893c789ec6278bb440c7c9a673b162f042470c62684e6da2bd342ffea7777'})
[2025-06-01 22:46:59] Récupération des données de vote pour The Greatest (URL: the-greatest107, HEADER:{'User-Agent': 'Mozilla/5.0 (X11; Linux i686; rv:39.0) Gecko/20100101 Firefox/39.0', 'x-api-version': '8', 'x-env': 'WEB', 'X-requested-with': 'XMLHttpRequest', 'X-token': 'a1cad95a6d480c14f51dd0eba4914c8337b893c789ec6278bb440c7c9a673b162f042470c62684e6da2bd342ffea7777'})
[2025-06-01 22:46:59] Récupération des données de vote pour The Greatest (URL: the-greatest107, HEADER:{'User-Agent': 'Mozilla/5.0 (X11; Linux i686; rv:39.0) Gecko/20100101 Firefox/39.0', 'x-api-version': '8', 'x-env': 'WEB', 'X-requested-with': 'XMLHttpRequest', 'X-token': 'a1cad95a6d480c14f51dd0eba4914c8337b893c789ec6278bb440c7c9a673b162f042470c62684e6da2bd342ffea7777'})
[2025-06-01 22:47:00] Récupération réussie: 200 images pour The Greatest
[2025-06-01 22:47:00] Voting fetching ...
[2025-06-01 22:47:00] The Greatest voting 10 images
[2025-06-01 22:47:00] Récupération réussie: 200 images pour The Greatest
[2025-06-01 22:47:00] Voting fetching ...
[2025-06-01 22:47:00] The Greatest voting 10 images
[2025-06-01 22:47:00] Récupération réussie: 200 images pour The Greatest
[2025-06-01 22:47:00] Voting fetching ...
[2025-06-01 22:47:00] The Greatest voting 10 images
[2025-06-01 22:47:00] Récupération réussie: 200 images pour The Greatest
[2025-06-01 22:47:00] Voting fetching ...
[2025-06-01 22:47:00] The Greatest voting 10 images
[2025-06-01 22:47:00] Récupération réussie: 200 images pour The Greatest
[2025-06-01 22:47:00] Voting fetching ...
[2025-06-01 22:47:00] The Greatest voting 10 images
[2025-06-01 22:47:00] Récupération réussie: 200 images pour The Greatest
[2025-06-01 22:47:00] Voting fetching ...
[2025-06-01 22:47:00] The Greatest voting 10 images
[2025-06-01 22:47:00] Récupération réussie: 200 images pour The Greatest
[2025-06-01 22:47:00] Voting fetching ...
[2025-06-01 22:47:00] The Greatest voting 10 images
[2025-06-01 22:47:01] The Greatest voted successfully
[2025-06-01 22:47:03] The Greatest voted successfully
[2025-06-01 22:47:05] The Greatest voted successfully
[2025-06-01 22:47:07] The Greatest voted successfully
[2025-06-01 22:47:09] The Greatest voted successfully
[2025-06-01 22:47:11] The Greatest voted successfully
[2025-06-01 22:47:13] The Greatest voted successfully
[2025-06-01 22:47:16] Challenges fetching ...
[2025-06-01 22:47:16] Challenges fetched successfully for bruno!
[2025-06-01 22:47:16] Challenges fetching ...
[2025-06-01 22:47:16] Challenges fetched successfully for bruno!
[2025-06-01 22:47:16] Challenges fetching ...
[2025-06-01 22:47:16] Challenges fetched successfully for bruno!
[2025-06-01 22:47:16] Challenges fetching ...
[2025-06-01 22:47:16] Challenges fetched successfully for bruno!
[2025-06-01 22:47:16] Challenges fetching ...
[2025-06-01 22:47:16] Challenges fetched successfully for bruno!
[2025-06-01 22:47:16] Challenges fetching ...
[2025-06-01 22:47:16] Challenges fetched successfully for bruno!
[2025-06-01 22:47:16] Challenges fetching ...
[2025-06-01 22:47:16] Challenges fetched successfully for bruno!
[2025-06-01 22:48:58] Refreshing challenges...
[2025-06-01 22:48:58] Fetching challenges...
[2025-06-01 22:48:59] Challenges fetching ...
[2025-06-01 22:48:59] Challenges fetched successfully for bruno!
[2025-06-01 22:49:09] Avenue of Trees get vote panel
[2025-06-01 22:49:30] Filling challenges: {100652}
Filled Avenue of Trees with strategy end4

[2025-06-01 22:49:30] Récupération des données de vote pour Avenue of Trees (URL: trees-along-the-street, HEADER:{'User-Agent': 'Mozilla/5.0 (X11; Linux i686; rv:39.0) Gecko/20100101 Firefox/39.0', 'x-api-version': '8', 'x-env': 'WEB', 'X-requested-with': 'XMLHttpRequest', 'X-token': 'a1cad95a6d480c14f51dd0eba4914c8337b893c789ec6278bb440c7c9a673b162f042470c62684e6da2bd342ffea7777'})
[2025-06-01 22:49:30] Récupération des données de vote pour Avenue of Trees (URL: trees-along-the-street, HEADER:{'User-Agent': 'Mozilla/5.0 (X11; Linux i686; rv:39.0) Gecko/20100101 Firefox/39.0', 'x-api-version': '8', 'x-env': 'WEB', 'X-requested-with': 'XMLHttpRequest', 'X-token': 'a1cad95a6d480c14f51dd0eba4914c8337b893c789ec6278bb440c7c9a673b162f042470c62684e6da2bd342ffea7777'})
[2025-06-01 22:49:30] Récupération des données de vote pour Avenue of Trees (URL: trees-along-the-street, HEADER:{'User-Agent': 'Mozilla/5.0 (X11; Linux i686; rv:39.0) Gecko/20100101 Firefox/39.0', 'x-api-version': '8', 'x-env': 'WEB', 'X-requested-with': 'XMLHttpRequest', 'X-token': 'a1cad95a6d480c14f51dd0eba4914c8337b893c789ec6278bb440c7c9a673b162f042470c62684e6da2bd342ffea7777'})
[2025-06-01 22:49:30] Récupération des données de vote pour Avenue of Trees (URL: trees-along-the-street, HEADER:{'User-Agent': 'Mozilla/5.0 (X11; Linux i686; rv:39.0) Gecko/20100101 Firefox/39.0', 'x-api-version': '8', 'x-env': 'WEB', 'X-requested-with': 'XMLHttpRequest', 'X-token': 'a1cad95a6d480c14f51dd0eba4914c8337b893c789ec6278bb440c7c9a673b162f042470c62684e6da2bd342ffea7777'})
[2025-06-01 22:49:30] Récupération des données de vote pour Avenue of Trees (URL: trees-along-the-street, HEADER:{'User-Agent': 'Mozilla/5.0 (X11; Linux i686; rv:39.0) Gecko/20100101 Firefox/39.0', 'x-api-version': '8', 'x-env': 'WEB', 'X-requested-with': 'XMLHttpRequest', 'X-token': 'a1cad95a6d480c14f51dd0eba4914c8337b893c789ec6278bb440c7c9a673b162f042470c62684e6da2bd342ffea7777'})
[2025-06-01 22:49:30] Récupération des données de vote pour Avenue of Trees (URL: trees-along-the-street, HEADER:{'User-Agent': 'Mozilla/5.0 (X11; Linux i686; rv:39.0) Gecko/20100101 Firefox/39.0', 'x-api-version': '8', 'x-env': 'WEB', 'X-requested-with': 'XMLHttpRequest', 'X-token': 'a1cad95a6d480c14f51dd0eba4914c8337b893c789ec6278bb440c7c9a673b162f042470c62684e6da2bd342ffea7777'})
[2025-06-01 22:49:30] Récupération des données de vote pour Avenue of Trees (URL: trees-along-the-street, HEADER:{'User-Agent': 'Mozilla/5.0 (X11; Linux i686; rv:39.0) Gecko/20100101 Firefox/39.0', 'x-api-version': '8', 'x-env': 'WEB', 'X-requested-with': 'XMLHttpRequest', 'X-token': 'a1cad95a6d480c14f51dd0eba4914c8337b893c789ec6278bb440c7c9a673b162f042470c62684e6da2bd342ffea7777'})
[2025-06-01 22:49:31] Récupération réussie: 200 images pour Avenue of Trees
[2025-06-01 22:49:31] Voting fetching ...
[2025-06-01 22:49:31] Avenue of Trees voting 10 images
[2025-06-01 22:49:31] Récupération réussie: 200 images pour Avenue of Trees
[2025-06-01 22:49:31] Voting fetching ...
[2025-06-01 22:49:31] Avenue of Trees voting 10 images
[2025-06-01 22:49:31] Récupération réussie: 200 images pour Avenue of Trees
[2025-06-01 22:49:31] Voting fetching ...
[2025-06-01 22:49:31] Avenue of Trees voting 10 images
[2025-06-01 22:49:31] Récupération réussie: 200 images pour Avenue of Trees
[2025-06-01 22:49:31] Voting fetching ...
[2025-06-01 22:49:31] Avenue of Trees voting 10 images
[2025-06-01 22:49:31] Récupération réussie: 200 images pour Avenue of Trees
[2025-06-01 22:49:31] Voting fetching ...
[2025-06-01 22:49:31] Avenue of Trees voting 10 images
[2025-06-01 22:49:31] Récupération réussie: 200 images pour Avenue of Trees
[2025-06-01 22:49:31] Voting fetching ...
[2025-06-01 22:49:31] Avenue of Trees voting 10 images
[2025-06-01 22:49:31] Récupération réussie: 200 images pour Avenue of Trees
[2025-06-01 22:49:31] Voting fetching ...
[2025-06-01 22:49:31] Avenue of Trees voting 10 images
[2025-06-01 22:49:32] Avenue of Trees voted successfully
[2025-06-01 22:49:34] Avenue of Trees voted successfully
[2025-06-01 22:49:36] Avenue of Trees voted successfully
[2025-06-01 22:49:38] Avenue of Trees voted successfully
[2025-06-01 22:49:40] Avenue of Trees voted successfully
[2025-06-01 22:49:42] Avenue of Trees voted successfully
[2025-06-01 22:49:44] Avenue of Trees voted successfully
[2025-06-01 22:49:47] Challenges fetching ...
[2025-06-01 22:49:47] Challenges fetched successfully for bruno!
[2025-06-01 22:49:47] Challenges fetching ...
[2025-06-01 22:49:47] Challenges fetched successfully for bruno!
[2025-06-01 22:49:47] Challenges fetching ...
[2025-06-01 22:49:47] Challenges fetched successfully for bruno!
[2025-06-01 22:49:47] Challenges fetching ...
[2025-06-01 22:49:47] Challenges fetched successfully for bruno!
[2025-06-01 22:49:47] Challenges fetching ...
[2025-06-01 22:49:47] Challenges fetched successfully for bruno!
[2025-06-01 22:49:47] Challenges fetching ...
[2025-06-01 22:49:47] Challenges fetched successfully for bruno!
[2025-06-01 22:49:47] Challenges fetching ...
[2025-06-01 22:49:47] Challenges fetched successfully for bruno!
[2025-06-01 22:50:46] Dynamic Diagonals get vote panel
[2025-06-01 22:51:07] Filling challenges: {100592}
Filled Dynamic Diagonals with strategy end4

[2025-06-01 22:51:07] Récupération des données de vote pour Dynamic Diagonals (URL: dynamic-diagonals, HEADER:{'User-Agent': 'Mozilla/5.0 (X11; Linux i686; rv:39.0) Gecko/20100101 Firefox/39.0', 'x-api-version': '8', 'x-env': 'WEB', 'X-requested-with': 'XMLHttpRequest', 'X-token': 'a1cad95a6d480c14f51dd0eba4914c8337b893c789ec6278bb440c7c9a673b162f042470c62684e6da2bd342ffea7777'})
[2025-06-01 22:51:07] Récupération des données de vote pour Dynamic Diagonals (URL: dynamic-diagonals, HEADER:{'User-Agent': 'Mozilla/5.0 (X11; Linux i686; rv:39.0) Gecko/20100101 Firefox/39.0', 'x-api-version': '8', 'x-env': 'WEB', 'X-requested-with': 'XMLHttpRequest', 'X-token': 'a1cad95a6d480c14f51dd0eba4914c8337b893c789ec6278bb440c7c9a673b162f042470c62684e6da2bd342ffea7777'})
[2025-06-01 22:51:07] Récupération des données de vote pour Dynamic Diagonals (URL: dynamic-diagonals, HEADER:{'User-Agent': 'Mozilla/5.0 (X11; Linux i686; rv:39.0) Gecko/20100101 Firefox/39.0', 'x-api-version': '8', 'x-env': 'WEB', 'X-requested-with': 'XMLHttpRequest', 'X-token': 'a1cad95a6d480c14f51dd0eba4914c8337b893c789ec6278bb440c7c9a673b162f042470c62684e6da2bd342ffea7777'})
[2025-06-01 22:51:07] Récupération des données de vote pour Dynamic Diagonals (URL: dynamic-diagonals, HEADER:{'User-Agent': 'Mozilla/5.0 (X11; Linux i686; rv:39.0) Gecko/20100101 Firefox/39.0', 'x-api-version': '8', 'x-env': 'WEB', 'X-requested-with': 'XMLHttpRequest', 'X-token': 'a1cad95a6d480c14f51dd0eba4914c8337b893c789ec6278bb440c7c9a673b162f042470c62684e6da2bd342ffea7777'})
[2025-06-01 22:51:07] Récupération des données de vote pour Dynamic Diagonals (URL: dynamic-diagonals, HEADER:{'User-Agent': 'Mozilla/5.0 (X11; Linux i686; rv:39.0) Gecko/20100101 Firefox/39.0', 'x-api-version': '8', 'x-env': 'WEB', 'X-requested-with': 'XMLHttpRequest', 'X-token': 'a1cad95a6d480c14f51dd0eba4914c8337b893c789ec6278bb440c7c9a673b162f042470c62684e6da2bd342ffea7777'})
[2025-06-01 22:51:07] Récupération des données de vote pour Dynamic Diagonals (URL: dynamic-diagonals, HEADER:{'User-Agent': 'Mozilla/5.0 (X11; Linux i686; rv:39.0) Gecko/20100101 Firefox/39.0', 'x-api-version': '8', 'x-env': 'WEB', 'X-requested-with': 'XMLHttpRequest', 'X-token': 'a1cad95a6d480c14f51dd0eba4914c8337b893c789ec6278bb440c7c9a673b162f042470c62684e6da2bd342ffea7777'})
[2025-06-01 22:51:07] Récupération des données de vote pour Dynamic Diagonals (URL: dynamic-diagonals, HEADER:{'User-Agent': 'Mozilla/5.0 (X11; Linux i686; rv:39.0) Gecko/20100101 Firefox/39.0', 'x-api-version': '8', 'x-env': 'WEB', 'X-requested-with': 'XMLHttpRequest', 'X-token': 'a1cad95a6d480c14f51dd0eba4914c8337b893c789ec6278bb440c7c9a673b162f042470c62684e6da2bd342ffea7777'})
[2025-06-01 22:51:08] Récupération réussie: 200 images pour Dynamic Diagonals
[2025-06-01 22:51:08] Voting fetching ...
[2025-06-01 22:51:08] Dynamic Diagonals voting 10 images
[2025-06-01 22:51:08] Récupération réussie: 200 images pour Dynamic Diagonals
[2025-06-01 22:51:08] Voting fetching ...
[2025-06-01 22:51:08] Dynamic Diagonals voting 10 images
[2025-06-01 22:51:08] Récupération réussie: 200 images pour Dynamic Diagonals
[2025-06-01 22:51:08] Voting fetching ...
[2025-06-01 22:51:08] Dynamic Diagonals voting 10 images
[2025-06-01 22:51:08] Récupération réussie: 200 images pour Dynamic Diagonals
[2025-06-01 22:51:08] Voting fetching ...
[2025-06-01 22:51:08] Dynamic Diagonals voting 10 images
[2025-06-01 22:51:08] Récupération réussie: 200 images pour Dynamic Diagonals
[2025-06-01 22:51:08] Voting fetching ...
[2025-06-01 22:51:08] Dynamic Diagonals voting 10 images
[2025-06-01 22:51:08] Récupération réussie: 200 images pour Dynamic Diagonals
[2025-06-01 22:51:08] Voting fetching ...
[2025-06-01 22:51:08] Dynamic Diagonals voting 10 images
[2025-06-01 22:51:08] Récupération réussie: 200 images pour Dynamic Diagonals
[2025-06-01 22:51:08] Voting fetching ...
[2025-06-01 22:51:08] Dynamic Diagonals voting 10 images
[2025-06-01 22:51:09] Dynamic Diagonals voted successfully
[2025-06-01 22:51:11] Dynamic Diagonals voted successfully
[2025-06-01 22:51:13] Dynamic Diagonals voted successfully
[2025-06-01 22:51:15] Dynamic Diagonals voted successfully
[2025-06-01 22:51:17] Dynamic Diagonals voted successfully
[2025-06-01 22:51:19] Dynamic Diagonals voted successfully
[2025-06-01 22:51:21] Dynamic Diagonals voted successfully
[2025-06-01 22:51:24] Challenges fetching ...
[2025-06-01 22:51:24] Challenges fetched successfully for bruno!
[2025-06-01 22:51:24] Challenges fetching ...
[2025-06-01 22:51:24] Challenges fetched successfully for bruno!
[2025-06-01 22:51:24] Challenges fetching ...
[2025-06-01 22:51:24] Challenges fetched successfully for bruno!
[2025-06-01 22:51:24] Challenges fetching ...
[2025-06-01 22:51:24] Challenges fetched successfully for bruno!
[2025-06-01 22:51:24] Challenges fetching ...
[2025-06-01 22:51:24] Challenges fetched successfully for bruno!
[2025-06-01 22:51:24] Challenges fetching ...
[2025-06-01 22:51:24] Challenges fetched successfully for bruno!
[2025-06-01 22:51:24] Challenges fetching ...
[2025-06-01 22:51:24] Challenges fetched successfully for bruno!
[2025-06-01 22:51:28] Avenue of Trees get vote panel
[2025-06-01 22:51:49] Filling challenges: {100652}
Filled Avenue of Trees with strategy end4

[2025-06-01 22:51:49] Récupération des données de vote pour Avenue of Trees (URL: trees-along-the-street, HEADER:{'User-Agent': 'Mozilla/5.0 (X11; Linux i686; rv:39.0) Gecko/20100101 Firefox/39.0', 'x-api-version': '8', 'x-env': 'WEB', 'X-requested-with': 'XMLHttpRequest', 'X-token': 'a1cad95a6d480c14f51dd0eba4914c8337b893c789ec6278bb440c7c9a673b162f042470c62684e6da2bd342ffea7777'})
[2025-06-01 22:51:49] Récupération des données de vote pour Avenue of Trees (URL: trees-along-the-street, HEADER:{'User-Agent': 'Mozilla/5.0 (X11; Linux i686; rv:39.0) Gecko/20100101 Firefox/39.0', 'x-api-version': '8', 'x-env': 'WEB', 'X-requested-with': 'XMLHttpRequest', 'X-token': 'a1cad95a6d480c14f51dd0eba4914c8337b893c789ec6278bb440c7c9a673b162f042470c62684e6da2bd342ffea7777'})
[2025-06-01 22:51:49] Récupération des données de vote pour Avenue of Trees (URL: trees-along-the-street, HEADER:{'User-Agent': 'Mozilla/5.0 (X11; Linux i686; rv:39.0) Gecko/20100101 Firefox/39.0', 'x-api-version': '8', 'x-env': 'WEB', 'X-requested-with': 'XMLHttpRequest', 'X-token': 'a1cad95a6d480c14f51dd0eba4914c8337b893c789ec6278bb440c7c9a673b162f042470c62684e6da2bd342ffea7777'})
[2025-06-01 22:51:49] Récupération des données de vote pour Avenue of Trees (URL: trees-along-the-street, HEADER:{'User-Agent': 'Mozilla/5.0 (X11; Linux i686; rv:39.0) Gecko/20100101 Firefox/39.0', 'x-api-version': '8', 'x-env': 'WEB', 'X-requested-with': 'XMLHttpRequest', 'X-token': 'a1cad95a6d480c14f51dd0eba4914c8337b893c789ec6278bb440c7c9a673b162f042470c62684e6da2bd342ffea7777'})
[2025-06-01 22:51:49] Récupération des données de vote pour Avenue of Trees (URL: trees-along-the-street, HEADER:{'User-Agent': 'Mozilla/5.0 (X11; Linux i686; rv:39.0) Gecko/20100101 Firefox/39.0', 'x-api-version': '8', 'x-env': 'WEB', 'X-requested-with': 'XMLHttpRequest', 'X-token': 'a1cad95a6d480c14f51dd0eba4914c8337b893c789ec6278bb440c7c9a673b162f042470c62684e6da2bd342ffea7777'})
[2025-06-01 22:51:49] Récupération des données de vote pour Avenue of Trees (URL: trees-along-the-street, HEADER:{'User-Agent': 'Mozilla/5.0 (X11; Linux i686; rv:39.0) Gecko/20100101 Firefox/39.0', 'x-api-version': '8', 'x-env': 'WEB', 'X-requested-with': 'XMLHttpRequest', 'X-token': 'a1cad95a6d480c14f51dd0eba4914c8337b893c789ec6278bb440c7c9a673b162f042470c62684e6da2bd342ffea7777'})
[2025-06-01 22:51:49] Récupération des données de vote pour Avenue of Trees (URL: trees-along-the-street, HEADER:{'User-Agent': 'Mozilla/5.0 (X11; Linux i686; rv:39.0) Gecko/20100101 Firefox/39.0', 'x-api-version': '8', 'x-env': 'WEB', 'X-requested-with': 'XMLHttpRequest', 'X-token': 'a1cad95a6d480c14f51dd0eba4914c8337b893c789ec6278bb440c7c9a673b162f042470c62684e6da2bd342ffea7777'})
[2025-06-01 22:51:50] Récupération réussie: 200 images pour Avenue of Trees
[2025-06-01 22:51:50] Voting fetching ...
[2025-06-01 22:51:50] Avenue of Trees voting 10 images
[2025-06-01 22:51:50] Récupération réussie: 200 images pour Avenue of Trees
[2025-06-01 22:51:50] Voting fetching ...
[2025-06-01 22:51:50] Avenue of Trees voting 10 images
[2025-06-01 22:51:50] Récupération réussie: 200 images pour Avenue of Trees
[2025-06-01 22:51:50] Voting fetching ...
[2025-06-01 22:51:50] Avenue of Trees voting 10 images
[2025-06-01 22:51:50] Récupération réussie: 200 images pour Avenue of Trees
[2025-06-01 22:51:50] Voting fetching ...
[2025-06-01 22:51:50] Avenue of Trees voting 10 images
[2025-06-01 22:51:50] Récupération réussie: 200 images pour Avenue of Trees
[2025-06-01 22:51:50] Voting fetching ...
[2025-06-01 22:51:50] Avenue of Trees voting 10 images
[2025-06-01 22:51:50] Récupération réussie: 200 images pour Avenue of Trees
[2025-06-01 22:51:50] Voting fetching ...
[2025-06-01 22:51:50] Avenue of Trees voting 10 images
[2025-06-01 22:51:50] Récupération réussie: 200 images pour Avenue of Trees
[2025-06-01 22:51:50] Voting fetching ...
[2025-06-01 22:51:50] Avenue of Trees voting 10 images
[2025-06-01 22:51:51] Avenue of Trees voted successfully
[2025-06-01 22:51:53] Avenue of Trees voted successfully
[2025-06-01 22:51:55] Avenue of Trees voted successfully
[2025-06-01 22:51:57] Avenue of Trees voted successfully
[2025-06-01 22:51:59] Avenue of Trees voted successfully
[2025-06-01 22:52:01] Avenue of Trees voted successfully
[2025-06-01 22:52:03] Avenue of Trees voted successfully
[2025-06-01 22:52:06] Challenges fetching ...
[2025-06-01 22:52:06] Challenges fetched successfully for bruno!
[2025-06-01 22:52:06] Challenges fetching ...
[2025-06-01 22:52:06] Challenges fetched successfully for bruno!
[2025-06-01 22:52:06] Challenges fetching ...
[2025-06-01 22:52:06] Challenges fetched successfully for bruno!
[2025-06-01 22:52:06] Challenges fetching ...
[2025-06-01 22:52:06] Challenges fetched successfully for bruno!
[2025-06-01 22:52:06] Challenges fetching ...
[2025-06-01 22:52:06] Challenges fetched successfully for bruno!
[2025-06-01 22:52:06] Challenges fetching ...
[2025-06-01 22:52:06] Challenges fetched successfully for bruno!
[2025-06-01 22:52:06] Challenges fetching ...
[2025-06-01 22:52:06] Challenges fetched successfully for bruno!
[2025-06-01 22:53:44] Refreshing challenges...
[2025-06-01 22:53:44] Fetching challenges...
[2025-06-01 22:53:46] Challenges fetching ...
[2025-06-01 22:53:46] Lancement automatique des stratégies de fin pour 19 nouveaux challenges...
[2025-06-01 22:53:46] Nouveau challenge détecté pour pascale: The Greatest
[2025-06-01 22:53:46] Nouveau challenge détecté pour pascale: Downwards Perspective
[2025-06-01 22:53:46] Nouveau challenge détecté pour pascale: Public Areas
[2025-06-01 22:53:46] Nouveau challenge détecté pour pascale: Photographer of the Week
[2025-06-01 22:53:46] Nouveau challenge détecté pour pascale: Happy Hour
[2025-06-01 22:53:46] Nouveau challenge détecté pour pascale: Split Screen
[2025-06-01 22:53:46] Nouveau challenge détecté pour pascale: Seasonal Portraits
[2025-06-01 22:53:46] Nouveau challenge détecté pour pascale: Screen Stars - Timeless Waterscapes
[2025-06-01 22:53:46] Nouveau challenge détecté pour pascale: Best of Black & White
[2025-06-01 22:53:46] Nouveau challenge détecté pour pascale: Dramatic Lighting
[2025-06-01 22:53:46] Nouveau challenge détecté pour pascale: Show The Way
[2025-06-01 22:53:46] Nouveau challenge détecté pour pascale: Photo of the Week!
[2025-06-01 22:53:46] Nouveau challenge détecté pour pascale: Loneliness
[2025-06-01 22:53:46] Nouveau challenge détecté pour pascale: Still Life
[2025-06-01 22:53:46] Nouveau challenge détecté pour pascale: Water on the Rocks
[2025-06-01 22:53:46] Nouveau challenge détecté pour pascale: Landscape Photographer of the Year
[2025-06-01 22:53:46] Nouveau challenge détecté pour pascale: Healthy Living
[2025-06-01 22:53:46] Nouveau challenge détecté pour pascale: Avenue of Trees
[2025-06-01 22:53:46] Nouveau challenge détecté pour pascale: Guru of The Week
[2025-06-01 22:53:46] Challenges fetched successfully for pascale!
[2025-06-01 22:54:08] Avenue of Trees get vote panel
[2025-06-01 22:54:29] Filling challenges: {100652}
Filled Avenue of Trees with strategy end4

[2025-06-01 22:54:29] Récupération des données de vote pour Avenue of Trees (URL: trees-along-the-street, HEADER:{'User-Agent': 'Mozilla/5.0 (X11; Linux i686; rv:39.0) Gecko/20100101 Firefox/39.0', 'x-api-version': '8', 'x-env': 'WEB', 'X-requested-with': 'XMLHttpRequest', 'X-token': 'f96bbe3a7e7f833329e7129767a69abbfa6dfce3152e3c2a311eb49d89b5c3bb2b12b66b402f03dce682b8b2b6a005cd'})
[2025-06-01 22:54:29] Récupération des données de vote pour Avenue of Trees (URL: trees-along-the-street, HEADER:{'User-Agent': 'Mozilla/5.0 (X11; Linux i686; rv:39.0) Gecko/20100101 Firefox/39.0', 'x-api-version': '8', 'x-env': 'WEB', 'X-requested-with': 'XMLHttpRequest', 'X-token': 'f96bbe3a7e7f833329e7129767a69abbfa6dfce3152e3c2a311eb49d89b5c3bb2b12b66b402f03dce682b8b2b6a005cd'})
[2025-06-01 22:54:29] Récupération des données de vote pour Avenue of Trees (URL: trees-along-the-street, HEADER:{'User-Agent': 'Mozilla/5.0 (X11; Linux i686; rv:39.0) Gecko/20100101 Firefox/39.0', 'x-api-version': '8', 'x-env': 'WEB', 'X-requested-with': 'XMLHttpRequest', 'X-token': 'f96bbe3a7e7f833329e7129767a69abbfa6dfce3152e3c2a311eb49d89b5c3bb2b12b66b402f03dce682b8b2b6a005cd'})
[2025-06-01 22:54:29] Récupération des données de vote pour Avenue of Trees (URL: trees-along-the-street, HEADER:{'User-Agent': 'Mozilla/5.0 (X11; Linux i686; rv:39.0) Gecko/20100101 Firefox/39.0', 'x-api-version': '8', 'x-env': 'WEB', 'X-requested-with': 'XMLHttpRequest', 'X-token': 'f96bbe3a7e7f833329e7129767a69abbfa6dfce3152e3c2a311eb49d89b5c3bb2b12b66b402f03dce682b8b2b6a005cd'})
[2025-06-01 22:54:30] Récupération des données de vote pour Avenue of Trees (URL: trees-along-the-street, HEADER:{'User-Agent': 'Mozilla/5.0 (X11; Linux i686; rv:39.0) Gecko/20100101 Firefox/39.0', 'x-api-version': '8', 'x-env': 'WEB', 'X-requested-with': 'XMLHttpRequest', 'X-token': 'f96bbe3a7e7f833329e7129767a69abbfa6dfce3152e3c2a311eb49d89b5c3bb2b12b66b402f03dce682b8b2b6a005cd'})
[2025-06-01 22:54:30] Récupération des données de vote pour Avenue of Trees (URL: trees-along-the-street, HEADER:{'User-Agent': 'Mozilla/5.0 (X11; Linux i686; rv:39.0) Gecko/20100101 Firefox/39.0', 'x-api-version': '8', 'x-env': 'WEB', 'X-requested-with': 'XMLHttpRequest', 'X-token': 'f96bbe3a7e7f833329e7129767a69abbfa6dfce3152e3c2a311eb49d89b5c3bb2b12b66b402f03dce682b8b2b6a005cd'})
[2025-06-01 22:54:30] Récupération des données de vote pour Avenue of Trees (URL: trees-along-the-street, HEADER:{'User-Agent': 'Mozilla/5.0 (X11; Linux i686; rv:39.0) Gecko/20100101 Firefox/39.0', 'x-api-version': '8', 'x-env': 'WEB', 'X-requested-with': 'XMLHttpRequest', 'X-token': 'f96bbe3a7e7f833329e7129767a69abbfa6dfce3152e3c2a311eb49d89b5c3bb2b12b66b402f03dce682b8b2b6a005cd'})
[2025-06-01 22:54:30] Récupération réussie: 200 images pour Avenue of Trees
[2025-06-01 22:54:30] Voting fetching ...
[2025-06-01 22:54:30] Avenue of Trees voting 10 images
[2025-06-01 22:54:30] Récupération réussie: 200 images pour Avenue of Trees
[2025-06-01 22:54:30] Voting fetching ...
[2025-06-01 22:54:30] Avenue of Trees voting 10 images
[2025-06-01 22:54:30] Récupération réussie: 200 images pour Avenue of Trees
[2025-06-01 22:54:30] Voting fetching ...
[2025-06-01 22:54:30] Avenue of Trees voting 10 images
[2025-06-01 22:54:31] Récupération réussie: 200 images pour Avenue of Trees
[2025-06-01 22:54:31] Voting fetching ...
[2025-06-01 22:54:31] Avenue of Trees voting 10 images
[2025-06-01 22:54:31] Récupération réussie: 200 images pour Avenue of Trees
[2025-06-01 22:54:31] Voting fetching ...
[2025-06-01 22:54:31] Avenue of Trees voting 10 images
[2025-06-01 22:54:31] Récupération réussie: 200 images pour Avenue of Trees
[2025-06-01 22:54:31] Voting fetching ...
[2025-06-01 22:54:31] Avenue of Trees voting 10 images
[2025-06-01 22:54:31] Récupération réussie: 200 images pour Avenue of Trees
[2025-06-01 22:54:31] Voting fetching ...
[2025-06-01 22:54:31] Avenue of Trees voting 10 images
[2025-06-01 22:54:31] Avenue of Trees voted successfully
[2025-06-01 22:54:33] Avenue of Trees voted successfully
[2025-06-01 22:54:35] Avenue of Trees voted successfully
[2025-06-01 22:54:37] Avenue of Trees voted successfully
[2025-06-01 22:54:39] Avenue of Trees voted successfully
[2025-06-01 22:54:41] Avenue of Trees voted successfully
[2025-06-01 22:54:43] Avenue of Trees voted successfully
[2025-06-01 22:54:47] Challenges fetching ...
[2025-06-01 22:54:47] Challenges fetched successfully for pascale!
[2025-06-01 22:54:47] Challenges fetching ...
[2025-06-01 22:54:47] Challenges fetched successfully for pascale!
[2025-06-01 22:54:47] Challenges fetching ...
[2025-06-01 22:54:47] Challenges fetched successfully for pascale!
[2025-06-01 22:54:47] Challenges fetching ...
[2025-06-01 22:54:47] Challenges fetched successfully for pascale!
[2025-06-01 22:54:47] Challenges fetching ...
[2025-06-01 22:54:47] Challenges fetched successfully for pascale!
[2025-06-01 22:54:47] Challenges fetching ...
[2025-06-01 22:54:47] Challenges fetched successfully for pascale!
[2025-06-01 22:54:47] Challenges fetching ...
[2025-06-01 22:54:47] Challenges fetched successfully for pascale!
[2025-06-01 22:55:26] The Greatest get vote panel
[2025-06-01 22:55:47] Filling challenges: {100598}
Filled The Greatest with strategy end4

[2025-06-01 22:55:47] Récupération des données de vote pour The Greatest (URL: the-greatest107, HEADER:{'User-Agent': 'Mozilla/5.0 (X11; Linux i686; rv:39.0) Gecko/20100101 Firefox/39.0', 'x-api-version': '8', 'x-env': 'WEB', 'X-requested-with': 'XMLHttpRequest', 'X-token': 'f96bbe3a7e7f833329e7129767a69abbfa6dfce3152e3c2a311eb49d89b5c3bb2b12b66b402f03dce682b8b2b6a005cd'})
[2025-06-01 22:55:47] Récupération des données de vote pour The Greatest (URL: the-greatest107, HEADER:{'User-Agent': 'Mozilla/5.0 (X11; Linux i686; rv:39.0) Gecko/20100101 Firefox/39.0', 'x-api-version': '8', 'x-env': 'WEB', 'X-requested-with': 'XMLHttpRequest', 'X-token': 'f96bbe3a7e7f833329e7129767a69abbfa6dfce3152e3c2a311eb49d89b5c3bb2b12b66b402f03dce682b8b2b6a005cd'})
[2025-06-01 22:55:47] Récupération des données de vote pour The Greatest (URL: the-greatest107, HEADER:{'User-Agent': 'Mozilla/5.0 (X11; Linux i686; rv:39.0) Gecko/20100101 Firefox/39.0', 'x-api-version': '8', 'x-env': 'WEB', 'X-requested-with': 'XMLHttpRequest', 'X-token': 'f96bbe3a7e7f833329e7129767a69abbfa6dfce3152e3c2a311eb49d89b5c3bb2b12b66b402f03dce682b8b2b6a005cd'})
[2025-06-01 22:55:47] Récupération des données de vote pour The Greatest (URL: the-greatest107, HEADER:{'User-Agent': 'Mozilla/5.0 (X11; Linux i686; rv:39.0) Gecko/20100101 Firefox/39.0', 'x-api-version': '8', 'x-env': 'WEB', 'X-requested-with': 'XMLHttpRequest', 'X-token': 'f96bbe3a7e7f833329e7129767a69abbfa6dfce3152e3c2a311eb49d89b5c3bb2b12b66b402f03dce682b8b2b6a005cd'})
[2025-06-01 22:55:47] Récupération des données de vote pour The Greatest (URL: the-greatest107, HEADER:{'User-Agent': 'Mozilla/5.0 (X11; Linux i686; rv:39.0) Gecko/20100101 Firefox/39.0', 'x-api-version': '8', 'x-env': 'WEB', 'X-requested-with': 'XMLHttpRequest', 'X-token': 'f96bbe3a7e7f833329e7129767a69abbfa6dfce3152e3c2a311eb49d89b5c3bb2b12b66b402f03dce682b8b2b6a005cd'})
[2025-06-01 22:55:47] Récupération des données de vote pour The Greatest (URL: the-greatest107, HEADER:{'User-Agent': 'Mozilla/5.0 (X11; Linux i686; rv:39.0) Gecko/20100101 Firefox/39.0', 'x-api-version': '8', 'x-env': 'WEB', 'X-requested-with': 'XMLHttpRequest', 'X-token': 'f96bbe3a7e7f833329e7129767a69abbfa6dfce3152e3c2a311eb49d89b5c3bb2b12b66b402f03dce682b8b2b6a005cd'})
[2025-06-01 22:55:47] Récupération des données de vote pour The Greatest (URL: the-greatest107, HEADER:{'User-Agent': 'Mozilla/5.0 (X11; Linux i686; rv:39.0) Gecko/20100101 Firefox/39.0', 'x-api-version': '8', 'x-env': 'WEB', 'X-requested-with': 'XMLHttpRequest', 'X-token': 'f96bbe3a7e7f833329e7129767a69abbfa6dfce3152e3c2a311eb49d89b5c3bb2b12b66b402f03dce682b8b2b6a005cd'})
[2025-06-01 22:55:47] The Greatest get vote panel
[2025-06-01 22:56:08] Filling challenges: {100598}
Filled The Greatest with strategy end4

[2025-06-01 22:56:08] Récupération des données de vote pour The Greatest (URL: the-greatest107, HEADER:{'User-Agent': 'Mozilla/5.0 (X11; Linux i686; rv:39.0) Gecko/20100101 Firefox/39.0', 'x-api-version': '8', 'x-env': 'WEB', 'X-requested-with': 'XMLHttpRequest', 'X-token': 'f96bbe3a7e7f833329e7129767a69abbfa6dfce3152e3c2a311eb49d89b5c3bb2b12b66b402f03dce682b8b2b6a005cd'})
[2025-06-01 22:56:08] Récupération des données de vote pour The Greatest (URL: the-greatest107, HEADER:{'User-Agent': 'Mozilla/5.0 (X11; Linux i686; rv:39.0) Gecko/20100101 Firefox/39.0', 'x-api-version': '8', 'x-env': 'WEB', 'X-requested-with': 'XMLHttpRequest', 'X-token': 'f96bbe3a7e7f833329e7129767a69abbfa6dfce3152e3c2a311eb49d89b5c3bb2b12b66b402f03dce682b8b2b6a005cd'})
[2025-06-01 22:56:08] Récupération des données de vote pour The Greatest (URL: the-greatest107, HEADER:{'User-Agent': 'Mozilla/5.0 (X11; Linux i686; rv:39.0) Gecko/20100101 Firefox/39.0', 'x-api-version': '8', 'x-env': 'WEB', 'X-requested-with': 'XMLHttpRequest', 'X-token': 'f96bbe3a7e7f833329e7129767a69abbfa6dfce3152e3c2a311eb49d89b5c3bb2b12b66b402f03dce682b8b2b6a005cd'})
[2025-06-01 22:56:08] Récupération des données de vote pour The Greatest (URL: the-greatest107, HEADER:{'User-Agent': 'Mozilla/5.0 (X11; Linux i686; rv:39.0) Gecko/20100101 Firefox/39.0', 'x-api-version': '8', 'x-env': 'WEB', 'X-requested-with': 'XMLHttpRequest', 'X-token': 'f96bbe3a7e7f833329e7129767a69abbfa6dfce3152e3c2a311eb49d89b5c3bb2b12b66b402f03dce682b8b2b6a005cd'})
[2025-06-01 22:56:08] Récupération des données de vote pour The Greatest (URL: the-greatest107, HEADER:{'User-Agent': 'Mozilla/5.0 (X11; Linux i686; rv:39.0) Gecko/20100101 Firefox/39.0', 'x-api-version': '8', 'x-env': 'WEB', 'X-requested-with': 'XMLHttpRequest', 'X-token': 'f96bbe3a7e7f833329e7129767a69abbfa6dfce3152e3c2a311eb49d89b5c3bb2b12b66b402f03dce682b8b2b6a005cd'})
[2025-06-01 22:56:08] Récupération des données de vote pour The Greatest (URL: the-greatest107, HEADER:{'User-Agent': 'Mozilla/5.0 (X11; Linux i686; rv:39.0) Gecko/20100101 Firefox/39.0', 'x-api-version': '8', 'x-env': 'WEB', 'X-requested-with': 'XMLHttpRequest', 'X-token': 'f96bbe3a7e7f833329e7129767a69abbfa6dfce3152e3c2a311eb49d89b5c3bb2b12b66b402f03dce682b8b2b6a005cd'})
[2025-06-01 22:56:08] Récupération des données de vote pour The Greatest (URL: the-greatest107, HEADER:{'User-Agent': 'Mozilla/5.0 (X11; Linux i686; rv:39.0) Gecko/20100101 Firefox/39.0', 'x-api-version': '8', 'x-env': 'WEB', 'X-requested-with': 'XMLHttpRequest', 'X-token': 'f96bbe3a7e7f833329e7129767a69abbfa6dfce3152e3c2a311eb49d89b5c3bb2b12b66b402f03dce682b8b2b6a005cd'})
[2025-06-01 22:56:09] Récupération réussie: 200 images pour The Greatest
[2025-06-01 22:56:09] Voting fetching ...
[2025-06-01 22:56:09] The Greatest voting 10 images
[2025-06-01 22:56:09] Récupération réussie: 200 images pour The Greatest
[2025-06-01 22:56:09] Voting fetching ...
[2025-06-01 22:56:09] The Greatest voting 10 images
[2025-06-01 22:56:09] Récupération réussie: 200 images pour The Greatest
[2025-06-01 22:56:09] Voting fetching ...
[2025-06-01 22:56:09] The Greatest voting 10 images
[2025-06-01 22:56:09] Récupération réussie: 200 images pour The Greatest
[2025-06-01 22:56:09] Voting fetching ...
[2025-06-01 22:56:09] The Greatest voting 10 images
[2025-06-01 22:56:09] Récupération réussie: 200 images pour The Greatest
[2025-06-01 22:56:09] Voting fetching ...
[2025-06-01 22:56:09] The Greatest voting 10 images
[2025-06-01 22:56:09] Récupération réussie: 200 images pour The Greatest
[2025-06-01 22:56:09] Voting fetching ...
[2025-06-01 22:56:09] The Greatest voting 10 images
[2025-06-01 22:56:09] Récupération réussie: 200 images pour The Greatest
[2025-06-01 22:56:09] Voting fetching ...
[2025-06-01 22:56:09] The Greatest voting 10 images
[2025-06-01 22:56:09] Récupération réussie: 200 images pour The Greatest
[2025-06-01 22:56:09] Voting fetching ...
[2025-06-01 22:56:09] The Greatest voting 10 images
[2025-06-01 22:56:09] Récupération réussie: 200 images pour The Greatest
[2025-06-01 22:56:09] Voting fetching ...
[2025-06-01 22:56:09] The Greatest voting 10 images
[2025-06-01 22:56:10] Récupération réussie: 200 images pour The Greatest
[2025-06-01 22:56:10] Voting fetching ...
[2025-06-01 22:56:10] The Greatest voting 10 images
[2025-06-01 22:56:10] Récupération réussie: 200 images pour The Greatest
[2025-06-01 22:56:10] Voting fetching ...
[2025-06-01 22:56:10] The Greatest voting 10 images
[2025-06-01 22:56:10] Récupération réussie: 200 images pour The Greatest
[2025-06-01 22:56:10] Voting fetching ...
[2025-06-01 22:56:10] The Greatest voting 10 images
[2025-06-01 22:56:10] Récupération réussie: 200 images pour The Greatest
[2025-06-01 22:56:10] Voting fetching ...
[2025-06-01 22:56:10] The Greatest voting 10 images
[2025-06-01 22:56:10] Récupération réussie: 200 images pour The Greatest
[2025-06-01 22:56:10] Voting fetching ...
[2025-06-01 22:56:10] The Greatest voting 10 images
[2025-06-01 22:56:10] The Greatest voted successfully
[2025-06-01 22:56:12] The Greatest voted successfully
[2025-06-01 22:56:14] The Greatest voted successfully
[2025-06-01 22:56:16] The Greatest voted successfully
[2025-06-01 22:56:18] The Greatest voted successfully
[2025-06-01 22:56:20] The Greatest voted successfully
[2025-06-01 22:56:22] The Greatest voted successfully
[2025-06-01 22:56:24] The Greatest voted successfully
[2025-06-01 22:56:26] The Greatest voted successfully
[2025-06-01 22:56:28] The Greatest voted successfully
[2025-06-01 22:56:30] The Greatest voted successfully
[2025-06-01 22:56:32] The Greatest voted successfully
[2025-06-01 22:56:34] The Greatest voted successfully
[2025-06-01 22:56:37] The Greatest voted successfully
[2025-06-01 22:56:40] Challenges fetching ...
[2025-06-01 22:56:40] Challenges fetched successfully for pascale!
[2025-06-01 22:56:40] Challenges fetching ...
[2025-06-01 22:56:40] Challenges fetched successfully for pascale!
[2025-06-01 22:56:40] Challenges fetching ...
[2025-06-01 22:56:40] Challenges fetched successfully for pascale!
[2025-06-01 22:56:40] Challenges fetching ...
[2025-06-01 22:56:40] Challenges fetched successfully for pascale!
[2025-06-01 22:56:40] Challenges fetching ...
[2025-06-01 22:56:40] Challenges fetched successfully for pascale!
[2025-06-01 22:56:40] Challenges fetching ...
[2025-06-01 22:56:40] Challenges fetched successfully for pascale!
[2025-06-01 22:56:40] Challenges fetching ...
[2025-06-01 22:56:40] Challenges fetched successfully for pascale!
[2025-06-01 22:56:41] Challenges fetching ...
[2025-06-01 22:56:41] Challenges fetched successfully for pascale!
[2025-06-01 22:56:41] Challenges fetching ...
[2025-06-01 22:56:41] Challenges fetched successfully for pascale!
[2025-06-01 22:56:41] Challenges fetching ...
[2025-06-01 22:56:41] Challenges fetched successfully for pascale!
[2025-06-01 22:56:41] Challenges fetching ...
[2025-06-01 22:56:41] Challenges fetched successfully for pascale!
[2025-06-01 22:56:41] Challenges fetching ...
[2025-06-01 22:56:41] Challenges fetched successfully for pascale!
[2025-06-01 22:56:41] Challenges fetching ...
[2025-06-01 22:56:41] Challenges fetched successfully for pascale!
[2025-06-01 22:56:41] Challenges fetching ...
[2025-06-01 22:56:41] Challenges fetched successfully for pascale!
[2025-06-01 22:57:02] Public Areas get vote panel
[2025-06-01 22:57:23] Filling challenges: {100653}
Filled Public Areas with strategy end4

[2025-06-01 22:57:23] Récupération des données de vote pour Public Areas (URL: public-areas, HEADER:{'User-Agent': 'Mozilla/5.0 (X11; Linux i686; rv:39.0) Gecko/20100101 Firefox/39.0', 'x-api-version': '8', 'x-env': 'WEB', 'X-requested-with': 'XMLHttpRequest', 'X-token': 'f96bbe3a7e7f833329e7129767a69abbfa6dfce3152e3c2a311eb49d89b5c3bb2b12b66b402f03dce682b8b2b6a005cd'})
[2025-06-01 22:57:23] Récupération des données de vote pour Public Areas (URL: public-areas, HEADER:{'User-Agent': 'Mozilla/5.0 (X11; Linux i686; rv:39.0) Gecko/20100101 Firefox/39.0', 'x-api-version': '8', 'x-env': 'WEB', 'X-requested-with': 'XMLHttpRequest', 'X-token': 'f96bbe3a7e7f833329e7129767a69abbfa6dfce3152e3c2a311eb49d89b5c3bb2b12b66b402f03dce682b8b2b6a005cd'})
[2025-06-01 22:57:23] Récupération des données de vote pour Public Areas (URL: public-areas, HEADER:{'User-Agent': 'Mozilla/5.0 (X11; Linux i686; rv:39.0) Gecko/20100101 Firefox/39.0', 'x-api-version': '8', 'x-env': 'WEB', 'X-requested-with': 'XMLHttpRequest', 'X-token': 'f96bbe3a7e7f833329e7129767a69abbfa6dfce3152e3c2a311eb49d89b5c3bb2b12b66b402f03dce682b8b2b6a005cd'})
[2025-06-01 22:57:23] Récupération des données de vote pour Public Areas (URL: public-areas, HEADER:{'User-Agent': 'Mozilla/5.0 (X11; Linux i686; rv:39.0) Gecko/20100101 Firefox/39.0', 'x-api-version': '8', 'x-env': 'WEB', 'X-requested-with': 'XMLHttpRequest', 'X-token': 'f96bbe3a7e7f833329e7129767a69abbfa6dfce3152e3c2a311eb49d89b5c3bb2b12b66b402f03dce682b8b2b6a005cd'})
[2025-06-01 22:57:23] Récupération des données de vote pour Public Areas (URL: public-areas, HEADER:{'User-Agent': 'Mozilla/5.0 (X11; Linux i686; rv:39.0) Gecko/20100101 Firefox/39.0', 'x-api-version': '8', 'x-env': 'WEB', 'X-requested-with': 'XMLHttpRequest', 'X-token': 'f96bbe3a7e7f833329e7129767a69abbfa6dfce3152e3c2a311eb49d89b5c3bb2b12b66b402f03dce682b8b2b6a005cd'})
[2025-06-01 22:57:23] Récupération des données de vote pour Public Areas (URL: public-areas, HEADER:{'User-Agent': 'Mozilla/5.0 (X11; Linux i686; rv:39.0) Gecko/20100101 Firefox/39.0', 'x-api-version': '8', 'x-env': 'WEB', 'X-requested-with': 'XMLHttpRequest', 'X-token': 'f96bbe3a7e7f833329e7129767a69abbfa6dfce3152e3c2a311eb49d89b5c3bb2b12b66b402f03dce682b8b2b6a005cd'})
[2025-06-01 22:57:23] Récupération des données de vote pour Public Areas (URL: public-areas, HEADER:{'User-Agent': 'Mozilla/5.0 (X11; Linux i686; rv:39.0) Gecko/20100101 Firefox/39.0', 'x-api-version': '8', 'x-env': 'WEB', 'X-requested-with': 'XMLHttpRequest', 'X-token': 'f96bbe3a7e7f833329e7129767a69abbfa6dfce3152e3c2a311eb49d89b5c3bb2b12b66b402f03dce682b8b2b6a005cd'})
[2025-06-01 22:57:23] Public Areas get vote panel
[2025-06-01 22:57:44] Filling challenges: {100653}
Filled Public Areas with strategy end4

[2025-06-01 22:57:45] Récupération des données de vote pour Public Areas (URL: public-areas, HEADER:{'User-Agent': 'Mozilla/5.0 (X11; Linux i686; rv:39.0) Gecko/20100101 Firefox/39.0', 'x-api-version': '8', 'x-env': 'WEB', 'X-requested-with': 'XMLHttpRequest', 'X-token': 'f96bbe3a7e7f833329e7129767a69abbfa6dfce3152e3c2a311eb49d89b5c3bb2b12b66b402f03dce682b8b2b6a005cd'})
[2025-06-01 22:57:45] Récupération des données de vote pour Public Areas (URL: public-areas, HEADER:{'User-Agent': 'Mozilla/5.0 (X11; Linux i686; rv:39.0) Gecko/20100101 Firefox/39.0', 'x-api-version': '8', 'x-env': 'WEB', 'X-requested-with': 'XMLHttpRequest', 'X-token': 'f96bbe3a7e7f833329e7129767a69abbfa6dfce3152e3c2a311eb49d89b5c3bb2b12b66b402f03dce682b8b2b6a005cd'})
[2025-06-01 22:57:45] Récupération des données de vote pour Public Areas (URL: public-areas, HEADER:{'User-Agent': 'Mozilla/5.0 (X11; Linux i686; rv:39.0) Gecko/20100101 Firefox/39.0', 'x-api-version': '8', 'x-env': 'WEB', 'X-requested-with': 'XMLHttpRequest', 'X-token': 'f96bbe3a7e7f833329e7129767a69abbfa6dfce3152e3c2a311eb49d89b5c3bb2b12b66b402f03dce682b8b2b6a005cd'})
[2025-06-01 22:57:45] Récupération des données de vote pour Public Areas (URL: public-areas, HEADER:{'User-Agent': 'Mozilla/5.0 (X11; Linux i686; rv:39.0) Gecko/20100101 Firefox/39.0', 'x-api-version': '8', 'x-env': 'WEB', 'X-requested-with': 'XMLHttpRequest', 'X-token': 'f96bbe3a7e7f833329e7129767a69abbfa6dfce3152e3c2a311eb49d89b5c3bb2b12b66b402f03dce682b8b2b6a005cd'})
[2025-06-01 22:57:45] Récupération des données de vote pour Public Areas (URL: public-areas, HEADER:{'User-Agent': 'Mozilla/5.0 (X11; Linux i686; rv:39.0) Gecko/20100101 Firefox/39.0', 'x-api-version': '8', 'x-env': 'WEB', 'X-requested-with': 'XMLHttpRequest', 'X-token': 'f96bbe3a7e7f833329e7129767a69abbfa6dfce3152e3c2a311eb49d89b5c3bb2b12b66b402f03dce682b8b2b6a005cd'})
[2025-06-01 22:57:45] Récupération des données de vote pour Public Areas (URL: public-areas, HEADER:{'User-Agent': 'Mozilla/5.0 (X11; Linux i686; rv:39.0) Gecko/20100101 Firefox/39.0', 'x-api-version': '8', 'x-env': 'WEB', 'X-requested-with': 'XMLHttpRequest', 'X-token': 'f96bbe3a7e7f833329e7129767a69abbfa6dfce3152e3c2a311eb49d89b5c3bb2b12b66b402f03dce682b8b2b6a005cd'})
[2025-06-01 22:57:45] Récupération des données de vote pour Public Areas (URL: public-areas, HEADER:{'User-Agent': 'Mozilla/5.0 (X11; Linux i686; rv:39.0) Gecko/20100101 Firefox/39.0', 'x-api-version': '8', 'x-env': 'WEB', 'X-requested-with': 'XMLHttpRequest', 'X-token': 'f96bbe3a7e7f833329e7129767a69abbfa6dfce3152e3c2a311eb49d89b5c3bb2b12b66b402f03dce682b8b2b6a005cd'})
[2025-06-01 22:57:45] Récupération réussie: 200 images pour Public Areas
[2025-06-01 22:57:45] Voting fetching ...
[2025-06-01 22:57:45] Public Areas voting 10 images
[2025-06-01 22:57:46] Récupération réussie: 200 images pour Public Areas
[2025-06-01 22:57:46] Voting fetching ...
[2025-06-01 22:57:46] Public Areas voting 10 images
[2025-06-01 22:57:46] Récupération réussie: 200 images pour Public Areas
[2025-06-01 22:57:46] Voting fetching ...
[2025-06-01 22:57:46] Public Areas voting 10 images
[2025-06-01 22:57:46] Récupération réussie: 200 images pour Public Areas
[2025-06-01 22:57:46] Voting fetching ...
[2025-06-01 22:57:46] Public Areas voting 10 images
[2025-06-01 22:57:46] Récupération réussie: 200 images pour Public Areas
[2025-06-01 22:57:46] Voting fetching ...
[2025-06-01 22:57:46] Public Areas voting 10 images
[2025-06-01 22:57:46] Récupération réussie: 200 images pour Public Areas
[2025-06-01 22:57:46] Voting fetching ...
[2025-06-01 22:57:46] Public Areas voting 10 images
[2025-06-01 22:57:46] Récupération réussie: 200 images pour Public Areas
[2025-06-01 22:57:46] Voting fetching ...
[2025-06-01 22:57:46] Public Areas voting 10 images
[2025-06-01 22:57:46] Récupération réussie: 200 images pour Public Areas
[2025-06-01 22:57:46] Voting fetching ...
[2025-06-01 22:57:46] Public Areas voting 10 images
[2025-06-01 22:57:46] Récupération réussie: 200 images pour Public Areas
[2025-06-01 22:57:46] Voting fetching ...
[2025-06-01 22:57:46] Public Areas voting 10 images
[2025-06-01 22:57:46] Récupération réussie: 200 images pour Public Areas
[2025-06-01 22:57:46] Voting fetching ...
[2025-06-01 22:57:46] Public Areas voting 10 images
[2025-06-01 22:57:46] Récupération réussie: 200 images pour Public Areas
[2025-06-01 22:57:46] Voting fetching ...
[2025-06-01 22:57:46] Public Areas voting 10 images
[2025-06-01 22:57:46] Récupération réussie: 200 images pour Public Areas
[2025-06-01 22:57:46] Voting fetching ...
[2025-06-01 22:57:46] Public Areas voting 10 images
[2025-06-01 22:57:46] Récupération réussie: 200 images pour Public Areas
[2025-06-01 22:57:46] Voting fetching ...
[2025-06-01 22:57:46] Public Areas voting 10 images
[2025-06-01 22:57:46] Récupération réussie: 200 images pour Public Areas
[2025-06-01 22:57:46] Voting fetching ...
[2025-06-01 22:57:46] Public Areas voting 10 images
[2025-06-01 22:57:47] Public Areas voted successfully
[2025-06-01 22:57:49] Public Areas voted successfully
[2025-06-01 22:57:51] Public Areas voted successfully
[2025-06-01 22:57:53] Public Areas voted successfully
[2025-06-01 22:57:55] Public Areas voted successfully
[2025-06-01 22:57:57] Public Areas voted successfully
[2025-06-01 22:57:59] Public Areas voted successfully
[2025-06-01 22:58:01] Public Areas voted successfully
[2025-06-01 22:58:03] Public Areas voted successfully
[2025-06-01 22:58:05] Public Areas voted successfully
[2025-06-01 22:58:07] Public Areas voted successfully
[2025-06-01 22:58:09] Public Areas voted successfully
[2025-06-01 22:58:11] Public Areas voted successfully
[2025-06-01 22:58:13] Public Areas voted successfully
[2025-06-01 22:58:16] Challenges fetching ...
[2025-06-01 22:58:16] Challenges fetched successfully for pascale!
[2025-06-01 22:58:17] Challenges fetching ...
[2025-06-01 22:58:17] Challenges fetched successfully for pascale!
[2025-06-01 22:58:17] Challenges fetching ...
[2025-06-01 22:58:17] Challenges fetched successfully for pascale!
[2025-06-01 22:58:17] Challenges fetching ...
[2025-06-01 22:58:17] Challenges fetched successfully for pascale!
[2025-06-01 22:58:17] Challenges fetching ...
[2025-06-01 22:58:17] Challenges fetched successfully for pascale!
[2025-06-01 22:58:17] Challenges fetching ...
[2025-06-01 22:58:17] Challenges fetched successfully for pascale!
[2025-06-01 22:58:17] Challenges fetching ...
[2025-06-01 22:58:17] Challenges fetched successfully for pascale!
[2025-06-01 22:58:17] Challenges fetching ...
[2025-06-01 22:58:17] Challenges fetched successfully for pascale!
[2025-06-01 22:58:17] Challenges fetching ...
[2025-06-01 22:58:17] Challenges fetched successfully for pascale!
[2025-06-01 22:58:17] Challenges fetching ...
[2025-06-01 22:58:17] Challenges fetched successfully for pascale!
[2025-06-01 22:58:17] Challenges fetching ...
[2025-06-01 22:58:17] Challenges fetched successfully for pascale!
[2025-06-01 22:58:17] Challenges fetching ...
[2025-06-01 22:58:18] Challenges fetched successfully for pascale!
[2025-06-01 22:58:18] Challenges fetching ...
[2025-06-01 22:58:18] Challenges fetched successfully for pascale!
[2025-06-01 22:58:18] Challenges fetching ...
[2025-06-01 22:58:18] Challenges fetched successfully for pascale!
[2025-06-01 22:58:40] Happy Hour get vote panel
[2025-06-01 22:59:01] Filling challenges: {100595}
Filled Happy Hour with strategy end4

[2025-06-01 22:59:01] Récupération des données de vote pour Happy Hour (URL: happy-hour23, HEADER:{'User-Agent': 'Mozilla/5.0 (X11; Linux i686; rv:39.0) Gecko/20100101 Firefox/39.0', 'x-api-version': '8', 'x-env': 'WEB', 'X-requested-with': 'XMLHttpRequest', 'X-token': 'f96bbe3a7e7f833329e7129767a69abbfa6dfce3152e3c2a311eb49d89b5c3bb2b12b66b402f03dce682b8b2b6a005cd'})
[2025-06-01 22:59:01] Récupération des données de vote pour Happy Hour (URL: happy-hour23, HEADER:{'User-Agent': 'Mozilla/5.0 (X11; Linux i686; rv:39.0) Gecko/20100101 Firefox/39.0', 'x-api-version': '8', 'x-env': 'WEB', 'X-requested-with': 'XMLHttpRequest', 'X-token': 'f96bbe3a7e7f833329e7129767a69abbfa6dfce3152e3c2a311eb49d89b5c3bb2b12b66b402f03dce682b8b2b6a005cd'})
[2025-06-01 22:59:01] Récupération des données de vote pour Happy Hour (URL: happy-hour23, HEADER:{'User-Agent': 'Mozilla/5.0 (X11; Linux i686; rv:39.0) Gecko/20100101 Firefox/39.0', 'x-api-version': '8', 'x-env': 'WEB', 'X-requested-with': 'XMLHttpRequest', 'X-token': 'f96bbe3a7e7f833329e7129767a69abbfa6dfce3152e3c2a311eb49d89b5c3bb2b12b66b402f03dce682b8b2b6a005cd'})
[2025-06-01 22:59:01] Récupération des données de vote pour Happy Hour (URL: happy-hour23, HEADER:{'User-Agent': 'Mozilla/5.0 (X11; Linux i686; rv:39.0) Gecko/20100101 Firefox/39.0', 'x-api-version': '8', 'x-env': 'WEB', 'X-requested-with': 'XMLHttpRequest', 'X-token': 'f96bbe3a7e7f833329e7129767a69abbfa6dfce3152e3c2a311eb49d89b5c3bb2b12b66b402f03dce682b8b2b6a005cd'})
[2025-06-01 22:59:01] Récupération des données de vote pour Happy Hour (URL: happy-hour23, HEADER:{'User-Agent': 'Mozilla/5.0 (X11; Linux i686; rv:39.0) Gecko/20100101 Firefox/39.0', 'x-api-version': '8', 'x-env': 'WEB', 'X-requested-with': 'XMLHttpRequest', 'X-token': 'f96bbe3a7e7f833329e7129767a69abbfa6dfce3152e3c2a311eb49d89b5c3bb2b12b66b402f03dce682b8b2b6a005cd'})
[2025-06-01 22:59:01] Récupération des données de vote pour Happy Hour (URL: happy-hour23, HEADER:{'User-Agent': 'Mozilla/5.0 (X11; Linux i686; rv:39.0) Gecko/20100101 Firefox/39.0', 'x-api-version': '8', 'x-env': 'WEB', 'X-requested-with': 'XMLHttpRequest', 'X-token': 'f96bbe3a7e7f833329e7129767a69abbfa6dfce3152e3c2a311eb49d89b5c3bb2b12b66b402f03dce682b8b2b6a005cd'})
[2025-06-01 22:59:01] Récupération des données de vote pour Happy Hour (URL: happy-hour23, HEADER:{'User-Agent': 'Mozilla/5.0 (X11; Linux i686; rv:39.0) Gecko/20100101 Firefox/39.0', 'x-api-version': '8', 'x-env': 'WEB', 'X-requested-with': 'XMLHttpRequest', 'X-token': 'f96bbe3a7e7f833329e7129767a69abbfa6dfce3152e3c2a311eb49d89b5c3bb2b12b66b402f03dce682b8b2b6a005cd'})
[2025-06-01 22:59:02] Récupération réussie: 200 images pour Happy Hour
[2025-06-01 22:59:02] Voting fetching ...
[2025-06-01 22:59:02] Happy Hour voting 10 images
[2025-06-01 22:59:02] Récupération réussie: 200 images pour Happy Hour
[2025-06-01 22:59:02] Voting fetching ...
[2025-06-01 22:59:02] Happy Hour voting 10 images
[2025-06-01 22:59:02] Récupération réussie: 200 images pour Happy Hour
[2025-06-01 22:59:02] Voting fetching ...
[2025-06-01 22:59:02] Happy Hour voting 10 images
[2025-06-01 22:59:02] Récupération réussie: 200 images pour Happy Hour
[2025-06-01 22:59:02] Voting fetching ...
[2025-06-01 22:59:02] Happy Hour voting 10 images
[2025-06-01 22:59:02] Récupération réussie: 200 images pour Happy Hour
[2025-06-01 22:59:02] Voting fetching ...
[2025-06-01 22:59:02] Happy Hour voting 10 images
[2025-06-01 22:59:02] Récupération réussie: 200 images pour Happy Hour
[2025-06-01 22:59:02] Voting fetching ...
[2025-06-01 22:59:02] Happy Hour voting 10 images
[2025-06-01 22:59:02] Récupération réussie: 200 images pour Happy Hour
[2025-06-01 22:59:02] Voting fetching ...
[2025-06-01 22:59:02] Happy Hour voting 10 images
[2025-06-01 22:59:03] Happy Hour voted successfully
[2025-06-01 22:59:05] Happy Hour voted successfully
[2025-06-01 22:59:07] Happy Hour voted successfully
[2025-06-01 22:59:09] Happy Hour voted successfully
[2025-06-01 22:59:11] Happy Hour voted successfully
[2025-06-01 22:59:13] Happy Hour voted successfully
[2025-06-01 22:59:15] Happy Hour voted successfully
[2025-06-01 22:59:18] Challenges fetching ...
[2025-06-01 22:59:18] Challenges fetched successfully for pascale!
[2025-06-01 22:59:18] Challenges fetching ...
[2025-06-01 22:59:18] Challenges fetched successfully for pascale!
[2025-06-01 22:59:18] Challenges fetching ...
[2025-06-01 22:59:18] Challenges fetched successfully for pascale!
[2025-06-01 22:59:18] Challenges fetching ...
[2025-06-01 22:59:18] Challenges fetched successfully for pascale!
[2025-06-01 22:59:18] Challenges fetching ...
[2025-06-01 22:59:18] Challenges fetched successfully for pascale!
[2025-06-01 22:59:19] Challenges fetching ...
[2025-06-01 22:59:19] Challenges fetched successfully for pascale!
[2025-06-01 22:59:19] Challenges fetching ...
[2025-06-01 22:59:19] Challenges fetched successfully for pascale!
[2025-06-01 22:59:41] Seasonal Portraits get vote panel
[2025-06-01 23:00:02] Filling challenges: {100637}
Filled Seasonal Portraits with strategy end4

[2025-06-01 23:00:02] Récupération des données de vote pour Seasonal Portraits (URL: seasonal-photoshoots1, HEADER:{'User-Agent': 'Mozilla/5.0 (X11; Linux i686; rv:39.0) Gecko/20100101 Firefox/39.0', 'x-api-version': '8', 'x-env': 'WEB', 'X-requested-with': 'XMLHttpRequest', 'X-token': 'f96bbe3a7e7f833329e7129767a69abbfa6dfce3152e3c2a311eb49d89b5c3bb2b12b66b402f03dce682b8b2b6a005cd'})
[2025-06-01 23:00:02] Récupération des données de vote pour Seasonal Portraits (URL: seasonal-photoshoots1, HEADER:{'User-Agent': 'Mozilla/5.0 (X11; Linux i686; rv:39.0) Gecko/20100101 Firefox/39.0', 'x-api-version': '8', 'x-env': 'WEB', 'X-requested-with': 'XMLHttpRequest', 'X-token': 'f96bbe3a7e7f833329e7129767a69abbfa6dfce3152e3c2a311eb49d89b5c3bb2b12b66b402f03dce682b8b2b6a005cd'})
[2025-06-01 23:00:02] Récupération des données de vote pour Seasonal Portraits (URL: seasonal-photoshoots1, HEADER:{'User-Agent': 'Mozilla/5.0 (X11; Linux i686; rv:39.0) Gecko/20100101 Firefox/39.0', 'x-api-version': '8', 'x-env': 'WEB', 'X-requested-with': 'XMLHttpRequest', 'X-token': 'f96bbe3a7e7f833329e7129767a69abbfa6dfce3152e3c2a311eb49d89b5c3bb2b12b66b402f03dce682b8b2b6a005cd'})
[2025-06-01 23:00:02] Récupération des données de vote pour Seasonal Portraits (URL: seasonal-photoshoots1, HEADER:{'User-Agent': 'Mozilla/5.0 (X11; Linux i686; rv:39.0) Gecko/20100101 Firefox/39.0', 'x-api-version': '8', 'x-env': 'WEB', 'X-requested-with': 'XMLHttpRequest', 'X-token': 'f96bbe3a7e7f833329e7129767a69abbfa6dfce3152e3c2a311eb49d89b5c3bb2b12b66b402f03dce682b8b2b6a005cd'})
[2025-06-01 23:00:02] Récupération des données de vote pour Seasonal Portraits (URL: seasonal-photoshoots1, HEADER:{'User-Agent': 'Mozilla/5.0 (X11; Linux i686; rv:39.0) Gecko/20100101 Firefox/39.0', 'x-api-version': '8', 'x-env': 'WEB', 'X-requested-with': 'XMLHttpRequest', 'X-token': 'f96bbe3a7e7f833329e7129767a69abbfa6dfce3152e3c2a311eb49d89b5c3bb2b12b66b402f03dce682b8b2b6a005cd'})
[2025-06-01 23:00:02] Récupération des données de vote pour Seasonal Portraits (URL: seasonal-photoshoots1, HEADER:{'User-Agent': 'Mozilla/5.0 (X11; Linux i686; rv:39.0) Gecko/20100101 Firefox/39.0', 'x-api-version': '8', 'x-env': 'WEB', 'X-requested-with': 'XMLHttpRequest', 'X-token': 'f96bbe3a7e7f833329e7129767a69abbfa6dfce3152e3c2a311eb49d89b5c3bb2b12b66b402f03dce682b8b2b6a005cd'})
[2025-06-01 23:00:02] Récupération des données de vote pour Seasonal Portraits (URL: seasonal-photoshoots1, HEADER:{'User-Agent': 'Mozilla/5.0 (X11; Linux i686; rv:39.0) Gecko/20100101 Firefox/39.0', 'x-api-version': '8', 'x-env': 'WEB', 'X-requested-with': 'XMLHttpRequest', 'X-token': 'f96bbe3a7e7f833329e7129767a69abbfa6dfce3152e3c2a311eb49d89b5c3bb2b12b66b402f03dce682b8b2b6a005cd'})
[2025-06-01 23:00:03] Récupération réussie: 200 images pour Seasonal Portraits
[2025-06-01 23:00:03] Voting fetching ...
[2025-06-01 23:00:03] Seasonal Portraits voting 10 images
[2025-06-01 23:00:03] Récupération réussie: 200 images pour Seasonal Portraits
[2025-06-01 23:00:03] Voting fetching ...
[2025-06-01 23:00:03] Seasonal Portraits voting 10 images
[2025-06-01 23:00:03] Récupération réussie: 200 images pour Seasonal Portraits
[2025-06-01 23:00:03] Voting fetching ...
[2025-06-01 23:00:03] Seasonal Portraits voting 10 images
[2025-06-01 23:00:03] Récupération réussie: 200 images pour Seasonal Portraits
[2025-06-01 23:00:03] Voting fetching ...
[2025-06-01 23:00:03] Seasonal Portraits voting 10 images
[2025-06-01 23:00:03] Récupération réussie: 200 images pour Seasonal Portraits
[2025-06-01 23:00:03] Voting fetching ...
[2025-06-01 23:00:03] Seasonal Portraits voting 10 images
[2025-06-01 23:00:03] Récupération réussie: 200 images pour Seasonal Portraits
[2025-06-01 23:00:03] Voting fetching ...
[2025-06-01 23:00:03] Seasonal Portraits voting 10 images
[2025-06-01 23:00:03] Récupération réussie: 200 images pour Seasonal Portraits
[2025-06-01 23:00:03] Voting fetching ...
[2025-06-01 23:00:03] Seasonal Portraits voting 10 images
[2025-06-01 23:00:04] Seasonal Portraits voted successfully
[2025-06-01 23:00:06] Seasonal Portraits voted successfully
[2025-06-01 23:00:08] Seasonal Portraits voted successfully
[2025-06-01 23:00:10] Seasonal Portraits voted successfully
[2025-06-01 23:00:12] Seasonal Portraits voted successfully
[2025-06-01 23:00:14] Seasonal Portraits voted successfully
[2025-06-01 23:00:16] Seasonal Portraits voted successfully
[2025-06-01 23:00:19] Challenges fetching ...
[2025-06-01 23:00:20] Challenges fetched successfully for pascale!
[2025-06-01 23:00:20] Challenges fetching ...
[2025-06-01 23:00:20] Challenges fetched successfully for pascale!
[2025-06-01 23:00:20] Challenges fetching ...
[2025-06-01 23:00:20] Challenges fetched successfully for pascale!
[2025-06-01 23:00:20] Challenges fetching ...
[2025-06-01 23:00:20] Challenges fetched successfully for pascale!
[2025-06-01 23:00:20] Challenges fetching ...
[2025-06-01 23:00:20] Challenges fetched successfully for pascale!
[2025-06-01 23:00:20] Challenges fetching ...
[2025-06-01 23:00:20] Challenges fetched successfully for pascale!
[2025-06-01 23:00:21] Challenges fetching ...
[2025-06-01 23:00:21] Challenges fetched successfully for pascale!
[2025-06-01 23:00:44] Show The Way get vote panel
[2025-06-01 23:01:05] Filling challenges: {100631}
Filled Show The Way with strategy end4

[2025-06-01 23:01:05] Récupération des données de vote pour Show The Way (URL: show-the-way, HEADER:{'User-Agent': 'Mozilla/5.0 (X11; Linux i686; rv:39.0) Gecko/20100101 Firefox/39.0', 'x-api-version': '8', 'x-env': 'WEB', 'X-requested-with': 'XMLHttpRequest', 'X-token': 'f96bbe3a7e7f833329e7129767a69abbfa6dfce3152e3c2a311eb49d89b5c3bb2b12b66b402f03dce682b8b2b6a005cd'})
[2025-06-01 23:01:05] Récupération des données de vote pour Show The Way (URL: show-the-way, HEADER:{'User-Agent': 'Mozilla/5.0 (X11; Linux i686; rv:39.0) Gecko/20100101 Firefox/39.0', 'x-api-version': '8', 'x-env': 'WEB', 'X-requested-with': 'XMLHttpRequest', 'X-token': 'f96bbe3a7e7f833329e7129767a69abbfa6dfce3152e3c2a311eb49d89b5c3bb2b12b66b402f03dce682b8b2b6a005cd'})
[2025-06-01 23:01:05] Récupération des données de vote pour Show The Way (URL: show-the-way, HEADER:{'User-Agent': 'Mozilla/5.0 (X11; Linux i686; rv:39.0) Gecko/20100101 Firefox/39.0', 'x-api-version': '8', 'x-env': 'WEB', 'X-requested-with': 'XMLHttpRequest', 'X-token': 'f96bbe3a7e7f833329e7129767a69abbfa6dfce3152e3c2a311eb49d89b5c3bb2b12b66b402f03dce682b8b2b6a005cd'})
[2025-06-01 23:01:05] Récupération des données de vote pour Show The Way (URL: show-the-way, HEADER:{'User-Agent': 'Mozilla/5.0 (X11; Linux i686; rv:39.0) Gecko/20100101 Firefox/39.0', 'x-api-version': '8', 'x-env': 'WEB', 'X-requested-with': 'XMLHttpRequest', 'X-token': 'f96bbe3a7e7f833329e7129767a69abbfa6dfce3152e3c2a311eb49d89b5c3bb2b12b66b402f03dce682b8b2b6a005cd'})
[2025-06-01 23:01:05] Récupération des données de vote pour Show The Way (URL: show-the-way, HEADER:{'User-Agent': 'Mozilla/5.0 (X11; Linux i686; rv:39.0) Gecko/20100101 Firefox/39.0', 'x-api-version': '8', 'x-env': 'WEB', 'X-requested-with': 'XMLHttpRequest', 'X-token': 'f96bbe3a7e7f833329e7129767a69abbfa6dfce3152e3c2a311eb49d89b5c3bb2b12b66b402f03dce682b8b2b6a005cd'})
[2025-06-01 23:01:05] Récupération des données de vote pour Show The Way (URL: show-the-way, HEADER:{'User-Agent': 'Mozilla/5.0 (X11; Linux i686; rv:39.0) Gecko/20100101 Firefox/39.0', 'x-api-version': '8', 'x-env': 'WEB', 'X-requested-with': 'XMLHttpRequest', 'X-token': 'f96bbe3a7e7f833329e7129767a69abbfa6dfce3152e3c2a311eb49d89b5c3bb2b12b66b402f03dce682b8b2b6a005cd'})
[2025-06-01 23:01:05] Récupération des données de vote pour Show The Way (URL: show-the-way, HEADER:{'User-Agent': 'Mozilla/5.0 (X11; Linux i686; rv:39.0) Gecko/20100101 Firefox/39.0', 'x-api-version': '8', 'x-env': 'WEB', 'X-requested-with': 'XMLHttpRequest', 'X-token': 'f96bbe3a7e7f833329e7129767a69abbfa6dfce3152e3c2a311eb49d89b5c3bb2b12b66b402f03dce682b8b2b6a005cd'})
[2025-06-01 23:01:06] Récupération réussie: 200 images pour Show The Way
[2025-06-01 23:01:06] Voting fetching ...
[2025-06-01 23:01:06] Show The Way voting 10 images
[2025-06-01 23:01:06] Récupération réussie: 200 images pour Show The Way
[2025-06-01 23:01:06] Voting fetching ...
[2025-06-01 23:01:06] Show The Way voting 10 images
[2025-06-01 23:01:06] Récupération réussie: 200 images pour Show The Way
[2025-06-01 23:01:06] Voting fetching ...
[2025-06-01 23:01:06] Show The Way voting 10 images
[2025-06-01 23:01:06] Récupération réussie: 200 images pour Show The Way
[2025-06-01 23:01:06] Voting fetching ...
[2025-06-01 23:01:06] Show The Way voting 10 images
[2025-06-01 23:01:06] Récupération réussie: 200 images pour Show The Way
[2025-06-01 23:01:06] Voting fetching ...
[2025-06-01 23:01:06] Show The Way voting 10 images
[2025-06-01 23:01:06] Récupération réussie: 200 images pour Show The Way
[2025-06-01 23:01:06] Voting fetching ...
[2025-06-01 23:01:06] Show The Way voting 10 images
[2025-06-01 23:01:06] Récupération réussie: 200 images pour Show The Way
[2025-06-01 23:01:06] Voting fetching ...
[2025-06-01 23:01:06] Show The Way voting 10 images
[2025-06-01 23:01:07] Show The Way voted successfully
[2025-06-01 23:01:09] Show The Way voted successfully
[2025-06-01 23:01:11] Show The Way voted successfully
[2025-06-01 23:01:13] Show The Way voted successfully
[2025-06-01 23:01:15] Show The Way voted successfully
[2025-06-01 23:01:17] Show The Way voted successfully
[2025-06-01 23:01:19] Show The Way voted successfully
[2025-06-01 23:01:22] Challenges fetching ...
[2025-06-01 23:01:22] Challenges fetched successfully for pascale!
[2025-06-01 23:01:22] Challenges fetching ...
[2025-06-01 23:01:22] Challenges fetched successfully for pascale!
[2025-06-01 23:01:22] Challenges fetching ...
[2025-06-01 23:01:22] Challenges fetched successfully for pascale!
[2025-06-01 23:01:22] Challenges fetching ...
[2025-06-01 23:01:22] Challenges fetched successfully for pascale!
[2025-06-01 23:01:22] Challenges fetching ...
[2025-06-01 23:01:22] Challenges fetched successfully for pascale!
[2025-06-01 23:01:22] Challenges fetching ...
[2025-06-01 23:01:23] Challenges fetched successfully for pascale!
[2025-06-01 23:01:23] Challenges fetching ...
[2025-06-01 23:01:23] Challenges fetched successfully for pascale!
[2025-06-01 23:01:32] Water on the Rocks get vote panel
[2025-06-01 23:01:53] Filling challenges: {100654}
Filled Water on the Rocks with strategy end4

[2025-06-01 23:01:53] Récupération des données de vote pour Water on the Rocks (URL: water-on-the-rocks2, HEADER:{'User-Agent': 'Mozilla/5.0 (X11; Linux i686; rv:39.0) Gecko/20100101 Firefox/39.0', 'x-api-version': '8', 'x-env': 'WEB', 'X-requested-with': 'XMLHttpRequest', 'X-token': 'f96bbe3a7e7f833329e7129767a69abbfa6dfce3152e3c2a311eb49d89b5c3bb2b12b66b402f03dce682b8b2b6a005cd'})
[2025-06-01 23:01:53] Récupération des données de vote pour Water on the Rocks (URL: water-on-the-rocks2, HEADER:{'User-Agent': 'Mozilla/5.0 (X11; Linux i686; rv:39.0) Gecko/20100101 Firefox/39.0', 'x-api-version': '8', 'x-env': 'WEB', 'X-requested-with': 'XMLHttpRequest', 'X-token': 'f96bbe3a7e7f833329e7129767a69abbfa6dfce3152e3c2a311eb49d89b5c3bb2b12b66b402f03dce682b8b2b6a005cd'})
[2025-06-01 23:01:53] Récupération des données de vote pour Water on the Rocks (URL: water-on-the-rocks2, HEADER:{'User-Agent': 'Mozilla/5.0 (X11; Linux i686; rv:39.0) Gecko/20100101 Firefox/39.0', 'x-api-version': '8', 'x-env': 'WEB', 'X-requested-with': 'XMLHttpRequest', 'X-token': 'f96bbe3a7e7f833329e7129767a69abbfa6dfce3152e3c2a311eb49d89b5c3bb2b12b66b402f03dce682b8b2b6a005cd'})
[2025-06-01 23:01:53] Récupération des données de vote pour Water on the Rocks (URL: water-on-the-rocks2, HEADER:{'User-Agent': 'Mozilla/5.0 (X11; Linux i686; rv:39.0) Gecko/20100101 Firefox/39.0', 'x-api-version': '8', 'x-env': 'WEB', 'X-requested-with': 'XMLHttpRequest', 'X-token': 'f96bbe3a7e7f833329e7129767a69abbfa6dfce3152e3c2a311eb49d89b5c3bb2b12b66b402f03dce682b8b2b6a005cd'})
[2025-06-01 23:01:53] Récupération des données de vote pour Water on the Rocks (URL: water-on-the-rocks2, HEADER:{'User-Agent': 'Mozilla/5.0 (X11; Linux i686; rv:39.0) Gecko/20100101 Firefox/39.0', 'x-api-version': '8', 'x-env': 'WEB', 'X-requested-with': 'XMLHttpRequest', 'X-token': 'f96bbe3a7e7f833329e7129767a69abbfa6dfce3152e3c2a311eb49d89b5c3bb2b12b66b402f03dce682b8b2b6a005cd'})
[2025-06-01 23:01:53] Récupération des données de vote pour Water on the Rocks (URL: water-on-the-rocks2, HEADER:{'User-Agent': 'Mozilla/5.0 (X11; Linux i686; rv:39.0) Gecko/20100101 Firefox/39.0', 'x-api-version': '8', 'x-env': 'WEB', 'X-requested-with': 'XMLHttpRequest', 'X-token': 'f96bbe3a7e7f833329e7129767a69abbfa6dfce3152e3c2a311eb49d89b5c3bb2b12b66b402f03dce682b8b2b6a005cd'})
[2025-06-01 23:01:53] Récupération des données de vote pour Water on the Rocks (URL: water-on-the-rocks2, HEADER:{'User-Agent': 'Mozilla/5.0 (X11; Linux i686; rv:39.0) Gecko/20100101 Firefox/39.0', 'x-api-version': '8', 'x-env': 'WEB', 'X-requested-with': 'XMLHttpRequest', 'X-token': 'f96bbe3a7e7f833329e7129767a69abbfa6dfce3152e3c2a311eb49d89b5c3bb2b12b66b402f03dce682b8b2b6a005cd'})
[2025-06-01 23:01:54] Récupération réussie: 200 images pour Water on the Rocks
[2025-06-01 23:01:54] Voting fetching ...
[2025-06-01 23:01:54] Water on the Rocks voting 10 images
[2025-06-01 23:01:54] Récupération réussie: 200 images pour Water on the Rocks
[2025-06-01 23:01:54] Voting fetching ...
[2025-06-01 23:01:54] Water on the Rocks voting 10 images
[2025-06-01 23:01:54] Récupération réussie: 200 images pour Water on the Rocks
[2025-06-01 23:01:54] Voting fetching ...
[2025-06-01 23:01:54] Water on the Rocks voting 10 images
[2025-06-01 23:01:54] Récupération réussie: 200 images pour Water on the Rocks
[2025-06-01 23:01:54] Voting fetching ...
[2025-06-01 23:01:54] Water on the Rocks voting 10 images
[2025-06-01 23:01:54] Récupération réussie: 200 images pour Water on the Rocks
[2025-06-01 23:01:54] Voting fetching ...
[2025-06-01 23:01:54] Water on the Rocks voting 10 images
[2025-06-01 23:01:54] Récupération réussie: 200 images pour Water on the Rocks
[2025-06-01 23:01:54] Voting fetching ...
[2025-06-01 23:01:54] Water on the Rocks voting 10 images
[2025-06-01 23:01:54] Récupération réussie: 200 images pour Water on the Rocks
[2025-06-01 23:01:54] Voting fetching ...
[2025-06-01 23:01:54] Water on the Rocks voting 10 images
[2025-06-01 23:01:55] Water on the Rocks voted successfully
[2025-06-01 23:01:57] Water on the Rocks voted successfully
[2025-06-01 23:01:59] Water on the Rocks voted successfully
[2025-06-01 23:02:01] Water on the Rocks voted successfully
[2025-06-01 23:02:03] Water on the Rocks voted successfully
[2025-06-01 23:02:05] Water on the Rocks voted successfully
[2025-06-01 23:02:07] Water on the Rocks voted successfully
[2025-06-01 23:02:10] Challenges fetching ...
[2025-06-01 23:02:10] Challenges fetched successfully for pascale!
[2025-06-01 23:02:10] Challenges fetching ...
[2025-06-01 23:02:10] Challenges fetched successfully for pascale!
[2025-06-01 23:02:11] Challenges fetching ...
[2025-06-01 23:02:11] Challenges fetched successfully for pascale!
[2025-06-01 23:02:11] Challenges fetching ...
[2025-06-01 23:02:11] Challenges fetched successfully for pascale!
[2025-06-01 23:02:11] Challenges fetching ...
[2025-06-01 23:02:11] Challenges fetched successfully for pascale!
[2025-06-01 23:02:11] Challenges fetching ...
[2025-06-01 23:02:11] Challenges fetched successfully for pascale!
[2025-06-01 23:02:11] Challenges fetching ...
[2025-06-01 23:02:11] Challenges fetched successfully for pascale!
[2025-06-01 23:02:29] Healthy Living get vote panel
[2025-06-01 23:02:50] Guru of The Week get vote panel
[2025-06-01 23:03:11] Filling challenges: {100650, 101725}
Filled Healthy Living with strategy end4
Filled Guru of The Week with strategy end4

[2025-06-01 23:03:11] Récupération des données de vote pour Healthy Living (URL: healthy-living, HEADER:{'User-Agent': 'Mozilla/5.0 (X11; Linux i686; rv:39.0) Gecko/20100101 Firefox/39.0', 'x-api-version': '8', 'x-env': 'WEB', 'X-requested-with': 'XMLHttpRequest', 'X-token': 'f96bbe3a7e7f833329e7129767a69abbfa6dfce3152e3c2a311eb49d89b5c3bb2b12b66b402f03dce682b8b2b6a005cd'})
[2025-06-01 23:03:11] Récupération des données de vote pour Healthy Living (URL: healthy-living, HEADER:{'User-Agent': 'Mozilla/5.0 (X11; Linux i686; rv:39.0) Gecko/20100101 Firefox/39.0', 'x-api-version': '8', 'x-env': 'WEB', 'X-requested-with': 'XMLHttpRequest', 'X-token': 'f96bbe3a7e7f833329e7129767a69abbfa6dfce3152e3c2a311eb49d89b5c3bb2b12b66b402f03dce682b8b2b6a005cd'})
[2025-06-01 23:03:11] Récupération des données de vote pour Healthy Living (URL: healthy-living, HEADER:{'User-Agent': 'Mozilla/5.0 (X11; Linux i686; rv:39.0) Gecko/20100101 Firefox/39.0', 'x-api-version': '8', 'x-env': 'WEB', 'X-requested-with': 'XMLHttpRequest', 'X-token': 'f96bbe3a7e7f833329e7129767a69abbfa6dfce3152e3c2a311eb49d89b5c3bb2b12b66b402f03dce682b8b2b6a005cd'})
[2025-06-01 23:03:11] Récupération des données de vote pour Healthy Living (URL: healthy-living, HEADER:{'User-Agent': 'Mozilla/5.0 (X11; Linux i686; rv:39.0) Gecko/20100101 Firefox/39.0', 'x-api-version': '8', 'x-env': 'WEB', 'X-requested-with': 'XMLHttpRequest', 'X-token': 'f96bbe3a7e7f833329e7129767a69abbfa6dfce3152e3c2a311eb49d89b5c3bb2b12b66b402f03dce682b8b2b6a005cd'})
[2025-06-01 23:03:11] Récupération des données de vote pour Healthy Living (URL: healthy-living, HEADER:{'User-Agent': 'Mozilla/5.0 (X11; Linux i686; rv:39.0) Gecko/20100101 Firefox/39.0', 'x-api-version': '8', 'x-env': 'WEB', 'X-requested-with': 'XMLHttpRequest', 'X-token': 'f96bbe3a7e7f833329e7129767a69abbfa6dfce3152e3c2a311eb49d89b5c3bb2b12b66b402f03dce682b8b2b6a005cd'})
[2025-06-01 23:03:11] Récupération des données de vote pour Healthy Living (URL: healthy-living, HEADER:{'User-Agent': 'Mozilla/5.0 (X11; Linux i686; rv:39.0) Gecko/20100101 Firefox/39.0', 'x-api-version': '8', 'x-env': 'WEB', 'X-requested-with': 'XMLHttpRequest', 'X-token': 'f96bbe3a7e7f833329e7129767a69abbfa6dfce3152e3c2a311eb49d89b5c3bb2b12b66b402f03dce682b8b2b6a005cd'})
[2025-06-01 23:03:11] Récupération des données de vote pour Healthy Living (URL: healthy-living, HEADER:{'User-Agent': 'Mozilla/5.0 (X11; Linux i686; rv:39.0) Gecko/20100101 Firefox/39.0', 'x-api-version': '8', 'x-env': 'WEB', 'X-requested-with': 'XMLHttpRequest', 'X-token': 'f96bbe3a7e7f833329e7129767a69abbfa6dfce3152e3c2a311eb49d89b5c3bb2b12b66b402f03dce682b8b2b6a005cd'})
[2025-06-01 23:03:11] Récupération des données de vote pour Guru of The Week (URL: guru-of-the-week36, HEADER:{'User-Agent': 'Mozilla/5.0 (X11; Linux i686; rv:39.0) Gecko/20100101 Firefox/39.0', 'x-api-version': '8', 'x-env': 'WEB', 'X-requested-with': 'XMLHttpRequest', 'X-token': 'f96bbe3a7e7f833329e7129767a69abbfa6dfce3152e3c2a311eb49d89b5c3bb2b12b66b402f03dce682b8b2b6a005cd'})
[2025-06-01 23:03:11] Récupération des données de vote pour Guru of The Week (URL: guru-of-the-week36, HEADER:{'User-Agent': 'Mozilla/5.0 (X11; Linux i686; rv:39.0) Gecko/20100101 Firefox/39.0', 'x-api-version': '8', 'x-env': 'WEB', 'X-requested-with': 'XMLHttpRequest', 'X-token': 'f96bbe3a7e7f833329e7129767a69abbfa6dfce3152e3c2a311eb49d89b5c3bb2b12b66b402f03dce682b8b2b6a005cd'})
[2025-06-01 23:03:11] Récupération des données de vote pour Guru of The Week (URL: guru-of-the-week36, HEADER:{'User-Agent': 'Mozilla/5.0 (X11; Linux i686; rv:39.0) Gecko/20100101 Firefox/39.0', 'x-api-version': '8', 'x-env': 'WEB', 'X-requested-with': 'XMLHttpRequest', 'X-token': 'f96bbe3a7e7f833329e7129767a69abbfa6dfce3152e3c2a311eb49d89b5c3bb2b12b66b402f03dce682b8b2b6a005cd'})
[2025-06-01 23:03:11] Récupération des données de vote pour Guru of The Week (URL: guru-of-the-week36, HEADER:{'User-Agent': 'Mozilla/5.0 (X11; Linux i686; rv:39.0) Gecko/20100101 Firefox/39.0', 'x-api-version': '8', 'x-env': 'WEB', 'X-requested-with': 'XMLHttpRequest', 'X-token': 'f96bbe3a7e7f833329e7129767a69abbfa6dfce3152e3c2a311eb49d89b5c3bb2b12b66b402f03dce682b8b2b6a005cd'})
[2025-06-01 23:03:11] Récupération des données de vote pour Guru of The Week (URL: guru-of-the-week36, HEADER:{'User-Agent': 'Mozilla/5.0 (X11; Linux i686; rv:39.0) Gecko/20100101 Firefox/39.0', 'x-api-version': '8', 'x-env': 'WEB', 'X-requested-with': 'XMLHttpRequest', 'X-token': 'f96bbe3a7e7f833329e7129767a69abbfa6dfce3152e3c2a311eb49d89b5c3bb2b12b66b402f03dce682b8b2b6a005cd'})
[2025-06-01 23:03:11] Récupération des données de vote pour Guru of The Week (URL: guru-of-the-week36, HEADER:{'User-Agent': 'Mozilla/5.0 (X11; Linux i686; rv:39.0) Gecko/20100101 Firefox/39.0', 'x-api-version': '8', 'x-env': 'WEB', 'X-requested-with': 'XMLHttpRequest', 'X-token': 'f96bbe3a7e7f833329e7129767a69abbfa6dfce3152e3c2a311eb49d89b5c3bb2b12b66b402f03dce682b8b2b6a005cd'})
[2025-06-01 23:03:11] Récupération des données de vote pour Guru of The Week (URL: guru-of-the-week36, HEADER:{'User-Agent': 'Mozilla/5.0 (X11; Linux i686; rv:39.0) Gecko/20100101 Firefox/39.0', 'x-api-version': '8', 'x-env': 'WEB', 'X-requested-with': 'XMLHttpRequest', 'X-token': 'f96bbe3a7e7f833329e7129767a69abbfa6dfce3152e3c2a311eb49d89b5c3bb2b12b66b402f03dce682b8b2b6a005cd'})
[2025-06-01 23:03:12] Récupération réussie: 200 images pour Healthy Living
[2025-06-01 23:03:12] Voting fetching ...
[2025-06-01 23:03:12] Healthy Living voting 10 images
[2025-06-01 23:03:12] Récupération réussie: 200 images pour Healthy Living
[2025-06-01 23:03:12] Voting fetching ...
[2025-06-01 23:03:12] Healthy Living voting 10 images
[2025-06-01 23:03:12] Récupération réussie: 200 images pour Healthy Living
[2025-06-01 23:03:12] Voting fetching ...
[2025-06-01 23:03:12] Healthy Living voting 10 images
[2025-06-01 23:03:12] Récupération réussie: 200 images pour Guru of The Week
[2025-06-01 23:03:12] Voting fetching ...
[2025-06-01 23:03:12] Guru of The Week voting 10 images
[2025-06-01 23:03:12] Récupération réussie: 200 images pour Healthy Living
[2025-06-01 23:03:12] Voting fetching ...
[2025-06-01 23:03:12] Healthy Living voting 10 images
[2025-06-01 23:03:12] Récupération réussie: 200 images pour Guru of The Week
[2025-06-01 23:03:12] Voting fetching ...
[2025-06-01 23:03:12] Guru of The Week voting 10 images
[2025-06-01 23:03:12] Récupération réussie: 200 images pour Healthy Living
[2025-06-01 23:03:12] Voting fetching ...
[2025-06-01 23:03:12] Healthy Living voting 10 images
[2025-06-01 23:03:12] Récupération réussie: 200 images pour Guru of The Week
[2025-06-01 23:03:12] Voting fetching ...
[2025-06-01 23:03:12] Guru of The Week voting 10 images
[2025-06-01 23:03:12] Récupération réussie: 200 images pour Healthy Living
[2025-06-01 23:03:12] Voting fetching ...
[2025-06-01 23:03:12] Healthy Living voting 10 images
[2025-06-01 23:03:12] Récupération réussie: 200 images pour Healthy Living
[2025-06-01 23:03:12] Voting fetching ...
[2025-06-01 23:03:12] Healthy Living voting 10 images
[2025-06-01 23:03:13] Récupération réussie: 200 images pour Guru of The Week
[2025-06-01 23:03:13] Voting fetching ...
[2025-06-01 23:03:13] Guru of The Week voting 10 images
[2025-06-01 23:03:13] Récupération réussie: 200 images pour Guru of The Week
[2025-06-01 23:03:13] Voting fetching ...
[2025-06-01 23:03:13] Guru of The Week voting 10 images
[2025-06-01 23:03:13] Récupération réussie: 200 images pour Guru of The Week
[2025-06-01 23:03:13] Voting fetching ...
[2025-06-01 23:03:13] Guru of The Week voting 10 images
[2025-06-01 23:03:13] Récupération réussie: 200 images pour Guru of The Week
[2025-06-01 23:03:13] Voting fetching ...
[2025-06-01 23:03:13] Guru of The Week voting 10 images
[2025-06-01 23:03:13] Guru of The Week voted successfully
[2025-06-01 23:03:15] Healthy Living voted successfully
[2025-06-01 23:03:17] Healthy Living voted successfully
[2025-06-01 23:03:19] Guru of The Week voted successfully
[2025-06-01 23:03:21] Healthy Living voted successfully
[2025-06-01 23:03:23] Healthy Living voted successfully
[2025-06-01 23:03:25] Healthy Living voted successfully
[2025-06-01 23:03:27] Healthy Living voted successfully
[2025-06-01 23:03:29] Guru of The Week voted successfully
[2025-06-01 23:03:31] Guru of The Week voted successfully
[2025-06-01 23:03:33] Healthy Living voted successfully
[2025-06-01 23:03:35] Guru of The Week voted successfully
[2025-06-01 23:03:37] Guru of The Week voted successfully
[2025-06-01 23:03:39] Guru of The Week voted successfully
[2025-06-01 23:03:43] Challenges fetching ...
[2025-06-01 23:03:43] Challenges fetched successfully for pascale!
[2025-06-01 23:03:43] Challenges fetching ...
[2025-06-01 23:03:43] Challenges fetched successfully for pascale!
[2025-06-01 23:03:43] Challenges fetching ...
[2025-06-01 23:03:43] Challenges fetched successfully for pascale!
[2025-06-01 23:03:43] Challenges fetching ...
[2025-06-01 23:03:43] Challenges fetched successfully for pascale!
[2025-06-01 23:03:43] Challenges fetching ...
[2025-06-01 23:03:43] Challenges fetched successfully for pascale!
[2025-06-01 23:03:43] Challenges fetching ...
[2025-06-01 23:03:43] Challenges fetched successfully for pascale!
[2025-06-01 23:03:43] Challenges fetching ...
[2025-06-01 23:03:43] Challenges fetched successfully for pascale!
[2025-06-01 23:03:43] Challenges fetching ...
[2025-06-01 23:03:43] Challenges fetched successfully for pascale!
[2025-06-01 23:03:43] Challenges fetching ...
[2025-06-01 23:03:44] Challenges fetched successfully for pascale!
[2025-06-01 23:03:44] Challenges fetching ...
[2025-06-01 23:03:44] Challenges fetched successfully for pascale!
[2025-06-01 23:03:44] Challenges fetching ...
[2025-06-01 23:03:44] Challenges fetched successfully for pascale!
[2025-06-01 23:03:44] Challenges fetching ...
[2025-06-01 23:03:44] Challenges fetched successfully for pascale!
[2025-06-01 23:03:44] Challenges fetching ...
[2025-06-01 23:03:44] Challenges fetched successfully for pascale!
[2025-06-01 23:03:44] Challenges fetching ...
[2025-06-01 23:03:44] Challenges fetched successfully for pascale!
[2025-06-01 23:04:12] Photographer of the Week get vote panel
[2025-06-01 23:04:33] Filling challenges: {101478}
Filled Photographer of the Week with strategy end4

[2025-06-01 23:04:33] Récupération des données de vote pour Photographer of the Week (URL: photographer-of-the-week210, HEADER:{'User-Agent': 'Mozilla/5.0 (X11; Linux i686; rv:39.0) Gecko/20100101 Firefox/39.0', 'x-api-version': '8', 'x-env': 'WEB', 'X-requested-with': 'XMLHttpRequest', 'X-token': 'f96bbe3a7e7f833329e7129767a69abbfa6dfce3152e3c2a311eb49d89b5c3bb2b12b66b402f03dce682b8b2b6a005cd'})
[2025-06-01 23:04:33] Récupération des données de vote pour Photographer of the Week (URL: photographer-of-the-week210, HEADER:{'User-Agent': 'Mozilla/5.0 (X11; Linux i686; rv:39.0) Gecko/20100101 Firefox/39.0', 'x-api-version': '8', 'x-env': 'WEB', 'X-requested-with': 'XMLHttpRequest', 'X-token': 'f96bbe3a7e7f833329e7129767a69abbfa6dfce3152e3c2a311eb49d89b5c3bb2b12b66b402f03dce682b8b2b6a005cd'})
[2025-06-01 23:04:33] Récupération des données de vote pour Photographer of the Week (URL: photographer-of-the-week210, HEADER:{'User-Agent': 'Mozilla/5.0 (X11; Linux i686; rv:39.0) Gecko/20100101 Firefox/39.0', 'x-api-version': '8', 'x-env': 'WEB', 'X-requested-with': 'XMLHttpRequest', 'X-token': 'f96bbe3a7e7f833329e7129767a69abbfa6dfce3152e3c2a311eb49d89b5c3bb2b12b66b402f03dce682b8b2b6a005cd'})
[2025-06-01 23:04:33] Récupération des données de vote pour Photographer of the Week (URL: photographer-of-the-week210, HEADER:{'User-Agent': 'Mozilla/5.0 (X11; Linux i686; rv:39.0) Gecko/20100101 Firefox/39.0', 'x-api-version': '8', 'x-env': 'WEB', 'X-requested-with': 'XMLHttpRequest', 'X-token': 'f96bbe3a7e7f833329e7129767a69abbfa6dfce3152e3c2a311eb49d89b5c3bb2b12b66b402f03dce682b8b2b6a005cd'})
[2025-06-01 23:04:33] Récupération des données de vote pour Photographer of the Week (URL: photographer-of-the-week210, HEADER:{'User-Agent': 'Mozilla/5.0 (X11; Linux i686; rv:39.0) Gecko/20100101 Firefox/39.0', 'x-api-version': '8', 'x-env': 'WEB', 'X-requested-with': 'XMLHttpRequest', 'X-token': 'f96bbe3a7e7f833329e7129767a69abbfa6dfce3152e3c2a311eb49d89b5c3bb2b12b66b402f03dce682b8b2b6a005cd'})
[2025-06-01 23:04:33] Récupération des données de vote pour Photographer of the Week (URL: photographer-of-the-week210, HEADER:{'User-Agent': 'Mozilla/5.0 (X11; Linux i686; rv:39.0) Gecko/20100101 Firefox/39.0', 'x-api-version': '8', 'x-env': 'WEB', 'X-requested-with': 'XMLHttpRequest', 'X-token': 'f96bbe3a7e7f833329e7129767a69abbfa6dfce3152e3c2a311eb49d89b5c3bb2b12b66b402f03dce682b8b2b6a005cd'})
[2025-06-01 23:04:33] Récupération des données de vote pour Photographer of the Week (URL: photographer-of-the-week210, HEADER:{'User-Agent': 'Mozilla/5.0 (X11; Linux i686; rv:39.0) Gecko/20100101 Firefox/39.0', 'x-api-version': '8', 'x-env': 'WEB', 'X-requested-with': 'XMLHttpRequest', 'X-token': 'f96bbe3a7e7f833329e7129767a69abbfa6dfce3152e3c2a311eb49d89b5c3bb2b12b66b402f03dce682b8b2b6a005cd'})
[2025-06-01 23:04:34] Récupération réussie: 200 images pour Photographer of the Week
[2025-06-01 23:04:34] Voting fetching ...
[2025-06-01 23:04:34] Photographer of the Week voting 10 images
[2025-06-01 23:04:34] Récupération réussie: 200 images pour Photographer of the Week
[2025-06-01 23:04:34] Voting fetching ...
[2025-06-01 23:04:34] Photographer of the Week voting 10 images
[2025-06-01 23:04:34] Récupération réussie: 200 images pour Photographer of the Week
[2025-06-01 23:04:34] Voting fetching ...
[2025-06-01 23:04:34] Photographer of the Week voting 10 images
[2025-06-01 23:04:35] Récupération réussie: 200 images pour Photographer of the Week
[2025-06-01 23:04:35] Voting fetching ...
[2025-06-01 23:04:35] Photographer of the Week voting 10 images
[2025-06-01 23:04:35] Récupération réussie: 200 images pour Photographer of the Week
[2025-06-01 23:04:35] Voting fetching ...
[2025-06-01 23:04:35] Photographer of the Week voting 10 images
[2025-06-01 23:04:35] Récupération réussie: 200 images pour Photographer of the Week
[2025-06-01 23:04:35] Voting fetching ...
[2025-06-01 23:04:35] Photographer of the Week voting 10 images
[2025-06-01 23:04:35] Récupération réussie: 200 images pour Photographer of the Week
[2025-06-01 23:04:35] Voting fetching ...
[2025-06-01 23:04:35] Photographer of the Week voting 10 images
[2025-06-01 23:04:35] Photographer of the Week voted successfully
[2025-06-01 23:04:37] Photographer of the Week voted successfully
[2025-06-01 23:04:39] Photographer of the Week voted successfully
[2025-06-01 23:04:41] Photographer of the Week voted successfully
[2025-06-01 23:04:43] Photographer of the Week voted successfully
[2025-06-01 23:04:45] Photographer of the Week voted successfully
[2025-06-01 23:04:47] Photographer of the Week voted successfully
[2025-06-01 23:04:51] Challenges fetching ...
[2025-06-01 23:04:51] Challenges fetched successfully for pascale!
[2025-06-01 23:04:51] Challenges fetching ...
[2025-06-01 23:04:51] Challenges fetched successfully for pascale!
[2025-06-01 23:04:51] Challenges fetching ...
[2025-06-01 23:04:51] Challenges fetched successfully for pascale!
[2025-06-01 23:04:51] Challenges fetching ...
[2025-06-01 23:04:51] Challenges fetched successfully for pascale!
[2025-06-01 23:04:51] Challenges fetching ...
[2025-06-01 23:04:51] Challenges fetched successfully for pascale!
[2025-06-01 23:04:51] Challenges fetching ...
[2025-06-01 23:04:51] Challenges fetched successfully for pascale!
[2025-06-01 23:04:51] Challenges fetching ...
[2025-06-01 23:04:51] Challenges fetched successfully for pascale!
[2025-06-01 23:05:00] Split Screen get vote panel
[2025-06-01 23:05:21] Filling challenges: {100644}
Filled Split Screen with strategy end4

[2025-06-01 23:05:21] Récupération des données de vote pour Split Screen (URL: split-screen24, HEADER:{'User-Agent': 'Mozilla/5.0 (X11; Linux i686; rv:39.0) Gecko/20100101 Firefox/39.0', 'x-api-version': '8', 'x-env': 'WEB', 'X-requested-with': 'XMLHttpRequest', 'X-token': 'f96bbe3a7e7f833329e7129767a69abbfa6dfce3152e3c2a311eb49d89b5c3bb2b12b66b402f03dce682b8b2b6a005cd'})
[2025-06-01 23:05:21] Récupération des données de vote pour Split Screen (URL: split-screen24, HEADER:{'User-Agent': 'Mozilla/5.0 (X11; Linux i686; rv:39.0) Gecko/20100101 Firefox/39.0', 'x-api-version': '8', 'x-env': 'WEB', 'X-requested-with': 'XMLHttpRequest', 'X-token': 'f96bbe3a7e7f833329e7129767a69abbfa6dfce3152e3c2a311eb49d89b5c3bb2b12b66b402f03dce682b8b2b6a005cd'})
[2025-06-01 23:05:21] Récupération des données de vote pour Split Screen (URL: split-screen24, HEADER:{'User-Agent': 'Mozilla/5.0 (X11; Linux i686; rv:39.0) Gecko/20100101 Firefox/39.0', 'x-api-version': '8', 'x-env': 'WEB', 'X-requested-with': 'XMLHttpRequest', 'X-token': 'f96bbe3a7e7f833329e7129767a69abbfa6dfce3152e3c2a311eb49d89b5c3bb2b12b66b402f03dce682b8b2b6a005cd'})
[2025-06-01 23:05:21] Récupération des données de vote pour Split Screen (URL: split-screen24, HEADER:{'User-Agent': 'Mozilla/5.0 (X11; Linux i686; rv:39.0) Gecko/20100101 Firefox/39.0', 'x-api-version': '8', 'x-env': 'WEB', 'X-requested-with': 'XMLHttpRequest', 'X-token': 'f96bbe3a7e7f833329e7129767a69abbfa6dfce3152e3c2a311eb49d89b5c3bb2b12b66b402f03dce682b8b2b6a005cd'})
[2025-06-01 23:05:21] Récupération des données de vote pour Split Screen (URL: split-screen24, HEADER:{'User-Agent': 'Mozilla/5.0 (X11; Linux i686; rv:39.0) Gecko/20100101 Firefox/39.0', 'x-api-version': '8', 'x-env': 'WEB', 'X-requested-with': 'XMLHttpRequest', 'X-token': 'f96bbe3a7e7f833329e7129767a69abbfa6dfce3152e3c2a311eb49d89b5c3bb2b12b66b402f03dce682b8b2b6a005cd'})
[2025-06-01 23:05:21] Récupération des données de vote pour Split Screen (URL: split-screen24, HEADER:{'User-Agent': 'Mozilla/5.0 (X11; Linux i686; rv:39.0) Gecko/20100101 Firefox/39.0', 'x-api-version': '8', 'x-env': 'WEB', 'X-requested-with': 'XMLHttpRequest', 'X-token': 'f96bbe3a7e7f833329e7129767a69abbfa6dfce3152e3c2a311eb49d89b5c3bb2b12b66b402f03dce682b8b2b6a005cd'})
[2025-06-01 23:05:21] Récupération des données de vote pour Split Screen (URL: split-screen24, HEADER:{'User-Agent': 'Mozilla/5.0 (X11; Linux i686; rv:39.0) Gecko/20100101 Firefox/39.0', 'x-api-version': '8', 'x-env': 'WEB', 'X-requested-with': 'XMLHttpRequest', 'X-token': 'f96bbe3a7e7f833329e7129767a69abbfa6dfce3152e3c2a311eb49d89b5c3bb2b12b66b402f03dce682b8b2b6a005cd'})
[2025-06-01 23:05:22] Récupération réussie: 200 images pour Split Screen
[2025-06-01 23:05:22] Voting fetching ...
[2025-06-01 23:05:22] Split Screen voting 10 images
[2025-06-01 23:05:22] Récupération réussie: 200 images pour Split Screen
[2025-06-01 23:05:22] Voting fetching ...
[2025-06-01 23:05:22] Split Screen voting 10 images
[2025-06-01 23:05:22] Récupération réussie: 200 images pour Split Screen
[2025-06-01 23:05:22] Voting fetching ...
[2025-06-01 23:05:22] Split Screen voting 10 images
[2025-06-01 23:05:22] Récupération réussie: 200 images pour Split Screen
[2025-06-01 23:05:22] Voting fetching ...
[2025-06-01 23:05:22] Split Screen voting 10 images
[2025-06-01 23:05:22] Récupération réussie: 200 images pour Split Screen
[2025-06-01 23:05:22] Voting fetching ...
[2025-06-01 23:05:22] Split Screen voting 10 images
[2025-06-01 23:05:22] Récupération réussie: 200 images pour Split Screen
[2025-06-01 23:05:22] Voting fetching ...
[2025-06-01 23:05:22] Split Screen voting 10 images
[2025-06-01 23:05:22] Récupération réussie: 200 images pour Split Screen
[2025-06-01 23:05:22] Voting fetching ...
[2025-06-01 23:05:22] Split Screen voting 10 images
[2025-06-01 23:05:23] Split Screen voted successfully
[2025-06-01 23:05:25] Split Screen voted successfully
[2025-06-01 23:05:27] Split Screen voted successfully
[2025-06-01 23:05:29] Split Screen voted successfully
[2025-06-01 23:05:31] Split Screen voted successfully
[2025-06-01 23:05:33] Split Screen voted successfully
[2025-06-01 23:05:35] Split Screen voted successfully
[2025-06-01 23:05:38] Challenges fetching ...
[2025-06-01 23:05:38] Challenges fetched successfully for pascale!
[2025-06-01 23:05:38] Challenges fetching ...
[2025-06-01 23:05:38] Challenges fetched successfully for pascale!
[2025-06-01 23:05:38] Challenges fetching ...
[2025-06-01 23:05:38] Challenges fetched successfully for pascale!
[2025-06-01 23:05:38] Challenges fetching ...
[2025-06-01 23:05:38] Challenges fetched successfully for pascale!
[2025-06-01 23:05:38] Challenges fetching ...
[2025-06-01 23:05:38] Challenges fetched successfully for pascale!
[2025-06-01 23:05:39] Challenges fetching ...
[2025-06-01 23:05:39] Challenges fetched successfully for pascale!
[2025-06-01 23:05:39] Challenges fetching ...
[2025-06-01 23:05:39] Challenges fetched successfully for pascale!
[2025-06-01 23:06:21] Dramatic Lighting get vote panel
[2025-06-01 23:06:42] Screen Stars - Timeless Waterscapes get vote panel
[2025-06-01 23:07:03] Filling challenges: {101789, 101727}
Filled Dramatic Lighting with strategy end4
Filled Screen Stars - Timeless Waterscapes with strategy end4

[2025-06-01 23:07:03] Récupération des données de vote pour Dramatic Lighting (URL: dramatic-lighting11, HEADER:{'User-Agent': 'Mozilla/5.0 (X11; Linux i686; rv:39.0) Gecko/20100101 Firefox/39.0', 'x-api-version': '8', 'x-env': 'WEB', 'X-requested-with': 'XMLHttpRequest', 'X-token': 'f96bbe3a7e7f833329e7129767a69abbfa6dfce3152e3c2a311eb49d89b5c3bb2b12b66b402f03dce682b8b2b6a005cd'})
[2025-06-01 23:07:03] Récupération des données de vote pour Dramatic Lighting (URL: dramatic-lighting11, HEADER:{'User-Agent': 'Mozilla/5.0 (X11; Linux i686; rv:39.0) Gecko/20100101 Firefox/39.0', 'x-api-version': '8', 'x-env': 'WEB', 'X-requested-with': 'XMLHttpRequest', 'X-token': 'f96bbe3a7e7f833329e7129767a69abbfa6dfce3152e3c2a311eb49d89b5c3bb2b12b66b402f03dce682b8b2b6a005cd'})
[2025-06-01 23:07:03] Récupération des données de vote pour Dramatic Lighting (URL: dramatic-lighting11, HEADER:{'User-Agent': 'Mozilla/5.0 (X11; Linux i686; rv:39.0) Gecko/20100101 Firefox/39.0', 'x-api-version': '8', 'x-env': 'WEB', 'X-requested-with': 'XMLHttpRequest', 'X-token': 'f96bbe3a7e7f833329e7129767a69abbfa6dfce3152e3c2a311eb49d89b5c3bb2b12b66b402f03dce682b8b2b6a005cd'})
[2025-06-01 23:07:03] Récupération des données de vote pour Dramatic Lighting (URL: dramatic-lighting11, HEADER:{'User-Agent': 'Mozilla/5.0 (X11; Linux i686; rv:39.0) Gecko/20100101 Firefox/39.0', 'x-api-version': '8', 'x-env': 'WEB', 'X-requested-with': 'XMLHttpRequest', 'X-token': 'f96bbe3a7e7f833329e7129767a69abbfa6dfce3152e3c2a311eb49d89b5c3bb2b12b66b402f03dce682b8b2b6a005cd'})
[2025-06-01 23:07:03] Récupération des données de vote pour Dramatic Lighting (URL: dramatic-lighting11, HEADER:{'User-Agent': 'Mozilla/5.0 (X11; Linux i686; rv:39.0) Gecko/20100101 Firefox/39.0', 'x-api-version': '8', 'x-env': 'WEB', 'X-requested-with': 'XMLHttpRequest', 'X-token': 'f96bbe3a7e7f833329e7129767a69abbfa6dfce3152e3c2a311eb49d89b5c3bb2b12b66b402f03dce682b8b2b6a005cd'})
[2025-06-01 23:07:03] Récupération des données de vote pour Dramatic Lighting (URL: dramatic-lighting11, HEADER:{'User-Agent': 'Mozilla/5.0 (X11; Linux i686; rv:39.0) Gecko/20100101 Firefox/39.0', 'x-api-version': '8', 'x-env': 'WEB', 'X-requested-with': 'XMLHttpRequest', 'X-token': 'f96bbe3a7e7f833329e7129767a69abbfa6dfce3152e3c2a311eb49d89b5c3bb2b12b66b402f03dce682b8b2b6a005cd'})
[2025-06-01 23:07:03] Récupération des données de vote pour Dramatic Lighting (URL: dramatic-lighting11, HEADER:{'User-Agent': 'Mozilla/5.0 (X11; Linux i686; rv:39.0) Gecko/20100101 Firefox/39.0', 'x-api-version': '8', 'x-env': 'WEB', 'X-requested-with': 'XMLHttpRequest', 'X-token': 'f96bbe3a7e7f833329e7129767a69abbfa6dfce3152e3c2a311eb49d89b5c3bb2b12b66b402f03dce682b8b2b6a005cd'})
[2025-06-01 23:07:03] Récupération des données de vote pour Screen Stars - Timeless Waterscapes (URL: screen-stars-glorious-waterscapes, HEADER:{'User-Agent': 'Mozilla/5.0 (X11; Linux i686; rv:39.0) Gecko/20100101 Firefox/39.0', 'x-api-version': '8', 'x-env': 'WEB', 'X-requested-with': 'XMLHttpRequest', 'X-token': 'f96bbe3a7e7f833329e7129767a69abbfa6dfce3152e3c2a311eb49d89b5c3bb2b12b66b402f03dce682b8b2b6a005cd'})
[2025-06-01 23:07:03] Récupération des données de vote pour Screen Stars - Timeless Waterscapes (URL: screen-stars-glorious-waterscapes, HEADER:{'User-Agent': 'Mozilla/5.0 (X11; Linux i686; rv:39.0) Gecko/20100101 Firefox/39.0', 'x-api-version': '8', 'x-env': 'WEB', 'X-requested-with': 'XMLHttpRequest', 'X-token': 'f96bbe3a7e7f833329e7129767a69abbfa6dfce3152e3c2a311eb49d89b5c3bb2b12b66b402f03dce682b8b2b6a005cd'})
[2025-06-01 23:07:03] Récupération des données de vote pour Screen Stars - Timeless Waterscapes (URL: screen-stars-glorious-waterscapes, HEADER:{'User-Agent': 'Mozilla/5.0 (X11; Linux i686; rv:39.0) Gecko/20100101 Firefox/39.0', 'x-api-version': '8', 'x-env': 'WEB', 'X-requested-with': 'XMLHttpRequest', 'X-token': 'f96bbe3a7e7f833329e7129767a69abbfa6dfce3152e3c2a311eb49d89b5c3bb2b12b66b402f03dce682b8b2b6a005cd'})
[2025-06-01 23:07:03] Récupération des données de vote pour Screen Stars - Timeless Waterscapes (URL: screen-stars-glorious-waterscapes, HEADER:{'User-Agent': 'Mozilla/5.0 (X11; Linux i686; rv:39.0) Gecko/20100101 Firefox/39.0', 'x-api-version': '8', 'x-env': 'WEB', 'X-requested-with': 'XMLHttpRequest', 'X-token': 'f96bbe3a7e7f833329e7129767a69abbfa6dfce3152e3c2a311eb49d89b5c3bb2b12b66b402f03dce682b8b2b6a005cd'})
[2025-06-01 23:07:03] Récupération des données de vote pour Screen Stars - Timeless Waterscapes (URL: screen-stars-glorious-waterscapes, HEADER:{'User-Agent': 'Mozilla/5.0 (X11; Linux i686; rv:39.0) Gecko/20100101 Firefox/39.0', 'x-api-version': '8', 'x-env': 'WEB', 'X-requested-with': 'XMLHttpRequest', 'X-token': 'f96bbe3a7e7f833329e7129767a69abbfa6dfce3152e3c2a311eb49d89b5c3bb2b12b66b402f03dce682b8b2b6a005cd'})
[2025-06-01 23:07:03] Récupération des données de vote pour Screen Stars - Timeless Waterscapes (URL: screen-stars-glorious-waterscapes, HEADER:{'User-Agent': 'Mozilla/5.0 (X11; Linux i686; rv:39.0) Gecko/20100101 Firefox/39.0', 'x-api-version': '8', 'x-env': 'WEB', 'X-requested-with': 'XMLHttpRequest', 'X-token': 'f96bbe3a7e7f833329e7129767a69abbfa6dfce3152e3c2a311eb49d89b5c3bb2b12b66b402f03dce682b8b2b6a005cd'})
[2025-06-01 23:07:03] Récupération des données de vote pour Screen Stars - Timeless Waterscapes (URL: screen-stars-glorious-waterscapes, HEADER:{'User-Agent': 'Mozilla/5.0 (X11; Linux i686; rv:39.0) Gecko/20100101 Firefox/39.0', 'x-api-version': '8', 'x-env': 'WEB', 'X-requested-with': 'XMLHttpRequest', 'X-token': 'f96bbe3a7e7f833329e7129767a69abbfa6dfce3152e3c2a311eb49d89b5c3bb2b12b66b402f03dce682b8b2b6a005cd'})
[2025-06-01 23:07:04] Récupération réussie: 200 images pour Screen Stars - Timeless Waterscapes
[2025-06-01 23:07:04] Voting fetching ...
[2025-06-01 23:07:04] Screen Stars - Timeless Waterscapes voting 10 images
[2025-06-01 23:07:04] Récupération réussie: 200 images pour Dramatic Lighting
[2025-06-01 23:07:04] Voting fetching ...
[2025-06-01 23:07:04] Dramatic Lighting voting 10 images
[2025-06-01 23:07:04] Récupération réussie: 200 images pour Dramatic Lighting
[2025-06-01 23:07:04] Voting fetching ...
[2025-06-01 23:07:04] Dramatic Lighting voting 10 images
[2025-06-01 23:07:04] Récupération réussie: 200 images pour Screen Stars - Timeless Waterscapes
[2025-06-01 23:07:04] Voting fetching ...
[2025-06-01 23:07:04] Screen Stars - Timeless Waterscapes voting 10 images
[2025-06-01 23:07:04] Récupération réussie: 200 images pour Dramatic Lighting
[2025-06-01 23:07:04] Voting fetching ...
[2025-06-01 23:07:04] Dramatic Lighting voting 10 images
[2025-06-01 23:07:04] Récupération réussie: 200 images pour Screen Stars - Timeless Waterscapes
[2025-06-01 23:07:04] Voting fetching ...
[2025-06-01 23:07:04] Screen Stars - Timeless Waterscapes voting 10 images
[2025-06-01 23:07:04] Récupération réussie: 200 images pour Screen Stars - Timeless Waterscapes
[2025-06-01 23:07:04] Voting fetching ...
[2025-06-01 23:07:04] Screen Stars - Timeless Waterscapes voting 10 images
[2025-06-01 23:07:04] Récupération réussie: 200 images pour Dramatic Lighting
[2025-06-01 23:07:04] Voting fetching ...
[2025-06-01 23:07:04] Dramatic Lighting voting 10 images
[2025-06-01 23:07:05] Récupération réussie: 200 images pour Dramatic Lighting
[2025-06-01 23:07:05] Voting fetching ...
[2025-06-01 23:07:05] Dramatic Lighting voting 10 images
[2025-06-01 23:07:05] Récupération réussie: 200 images pour Screen Stars - Timeless Waterscapes
[2025-06-01 23:07:05] Voting fetching ...
[2025-06-01 23:07:05] Screen Stars - Timeless Waterscapes voting 10 images
[2025-06-01 23:07:05] Récupération réussie: 200 images pour Screen Stars - Timeless Waterscapes
[2025-06-01 23:07:05] Voting fetching ...
[2025-06-01 23:07:05] Screen Stars - Timeless Waterscapes voting 10 images
[2025-06-01 23:07:05] Récupération réussie: 200 images pour Dramatic Lighting
[2025-06-01 23:07:05] Voting fetching ...
[2025-06-01 23:07:05] Dramatic Lighting voting 10 images
[2025-06-01 23:07:05] Récupération réussie: 200 images pour Screen Stars - Timeless Waterscapes
[2025-06-01 23:07:05] Voting fetching ...
[2025-06-01 23:07:05] Screen Stars - Timeless Waterscapes voting 10 images
[2025-06-01 23:07:05] Récupération réussie: 200 images pour Dramatic Lighting
[2025-06-01 23:07:05] Voting fetching ...
[2025-06-01 23:07:05] Dramatic Lighting voting 10 images
[2025-06-01 23:07:05] Screen Stars - Timeless Waterscapes voted successfully
[2025-06-01 23:07:07] Dramatic Lighting voted successfully
[2025-06-01 23:07:09] Dramatic Lighting voted successfully
[2025-06-01 23:07:11] Screen Stars - Timeless Waterscapes voted successfully
[2025-06-01 23:07:13] Dramatic Lighting voted successfully
[2025-06-01 23:07:15] Screen Stars - Timeless Waterscapes voted successfully
[2025-06-01 23:07:18] Dramatic Lighting voted successfully
[2025-06-01 23:07:20] Screen Stars - Timeless Waterscapes voted successfully
[2025-06-01 23:07:22] Screen Stars - Timeless Waterscapes voted successfully
[2025-06-01 23:07:24] Dramatic Lighting voted successfully
[2025-06-01 23:07:26] Screen Stars - Timeless Waterscapes voted successfully
[2025-06-01 23:07:28] Dramatic Lighting voted successfully
[2025-06-01 23:07:30] Screen Stars - Timeless Waterscapes voted successfully
[2025-06-01 23:07:32] Dramatic Lighting voted successfully
[2025-06-01 23:07:35] Challenges fetching ...
[2025-06-01 23:07:35] Challenges fetched successfully for pascale!
[2025-06-01 23:07:35] Challenges fetching ...
[2025-06-01 23:07:35] Challenges fetched successfully for pascale!
[2025-06-01 23:07:35] Challenges fetching ...
[2025-06-01 23:07:35] Challenges fetched successfully for pascale!
[2025-06-01 23:07:35] Challenges fetching ...
[2025-06-01 23:07:35] Challenges fetched successfully for pascale!
[2025-06-01 23:07:35] Challenges fetching ...
[2025-06-01 23:07:35] Challenges fetched successfully for pascale!
[2025-06-01 23:07:35] Challenges fetching ...
[2025-06-01 23:07:35] Challenges fetched successfully for pascale!
[2025-06-01 23:07:35] Challenges fetching ...
[2025-06-01 23:07:35] Challenges fetched successfully for pascale!
[2025-06-01 23:07:35] Challenges fetching ...
[2025-06-01 23:07:35] Challenges fetched successfully for pascale!
[2025-06-01 23:07:36] Challenges fetching ...
[2025-06-01 23:07:36] Challenges fetched successfully for pascale!
[2025-06-01 23:07:36] Challenges fetching ...
[2025-06-01 23:07:36] Challenges fetched successfully for pascale!
[2025-06-01 23:07:36] Challenges fetching ...
[2025-06-01 23:07:36] Challenges fetched successfully for pascale!
[2025-06-01 23:07:36] Challenges fetching ...
[2025-06-01 23:07:36] Challenges fetched successfully for pascale!
[2025-06-01 23:07:36] Challenges fetching ...
[2025-06-01 23:07:36] Challenges fetched successfully for pascale!
[2025-06-01 23:07:36] Challenges fetching ...
[2025-06-01 23:07:36] Challenges fetched successfully for pascale!
[2025-06-01 23:08:00] Best of Black & White get vote panel
[2025-06-01 23:08:21] Filling challenges: {101222}
Filled Best of Black & White with strategy end4

[2025-06-01 23:08:21] Récupération des données de vote pour Best of Black & White (URL: best-of-black-white29, HEADER:{'User-Agent': 'Mozilla/5.0 (X11; Linux i686; rv:39.0) Gecko/20100101 Firefox/39.0', 'x-api-version': '8', 'x-env': 'WEB', 'X-requested-with': 'XMLHttpRequest', 'X-token': 'f96bbe3a7e7f833329e7129767a69abbfa6dfce3152e3c2a311eb49d89b5c3bb2b12b66b402f03dce682b8b2b6a005cd'})
[2025-06-01 23:08:21] Récupération des données de vote pour Best of Black & White (URL: best-of-black-white29, HEADER:{'User-Agent': 'Mozilla/5.0 (X11; Linux i686; rv:39.0) Gecko/20100101 Firefox/39.0', 'x-api-version': '8', 'x-env': 'WEB', 'X-requested-with': 'XMLHttpRequest', 'X-token': 'f96bbe3a7e7f833329e7129767a69abbfa6dfce3152e3c2a311eb49d89b5c3bb2b12b66b402f03dce682b8b2b6a005cd'})
[2025-06-01 23:08:21] Récupération des données de vote pour Best of Black & White (URL: best-of-black-white29, HEADER:{'User-Agent': 'Mozilla/5.0 (X11; Linux i686; rv:39.0) Gecko/20100101 Firefox/39.0', 'x-api-version': '8', 'x-env': 'WEB', 'X-requested-with': 'XMLHttpRequest', 'X-token': 'f96bbe3a7e7f833329e7129767a69abbfa6dfce3152e3c2a311eb49d89b5c3bb2b12b66b402f03dce682b8b2b6a005cd'})
[2025-06-01 23:08:21] Récupération des données de vote pour Best of Black & White (URL: best-of-black-white29, HEADER:{'User-Agent': 'Mozilla/5.0 (X11; Linux i686; rv:39.0) Gecko/20100101 Firefox/39.0', 'x-api-version': '8', 'x-env': 'WEB', 'X-requested-with': 'XMLHttpRequest', 'X-token': 'f96bbe3a7e7f833329e7129767a69abbfa6dfce3152e3c2a311eb49d89b5c3bb2b12b66b402f03dce682b8b2b6a005cd'})
[2025-06-01 23:08:21] Récupération des données de vote pour Best of Black & White (URL: best-of-black-white29, HEADER:{'User-Agent': 'Mozilla/5.0 (X11; Linux i686; rv:39.0) Gecko/20100101 Firefox/39.0', 'x-api-version': '8', 'x-env': 'WEB', 'X-requested-with': 'XMLHttpRequest', 'X-token': 'f96bbe3a7e7f833329e7129767a69abbfa6dfce3152e3c2a311eb49d89b5c3bb2b12b66b402f03dce682b8b2b6a005cd'})
[2025-06-01 23:08:21] Récupération des données de vote pour Best of Black & White (URL: best-of-black-white29, HEADER:{'User-Agent': 'Mozilla/5.0 (X11; Linux i686; rv:39.0) Gecko/20100101 Firefox/39.0', 'x-api-version': '8', 'x-env': 'WEB', 'X-requested-with': 'XMLHttpRequest', 'X-token': 'f96bbe3a7e7f833329e7129767a69abbfa6dfce3152e3c2a311eb49d89b5c3bb2b12b66b402f03dce682b8b2b6a005cd'})
[2025-06-01 23:08:21] Récupération des données de vote pour Best of Black & White (URL: best-of-black-white29, HEADER:{'User-Agent': 'Mozilla/5.0 (X11; Linux i686; rv:39.0) Gecko/20100101 Firefox/39.0', 'x-api-version': '8', 'x-env': 'WEB', 'X-requested-with': 'XMLHttpRequest', 'X-token': 'f96bbe3a7e7f833329e7129767a69abbfa6dfce3152e3c2a311eb49d89b5c3bb2b12b66b402f03dce682b8b2b6a005cd'})
[2025-06-01 23:08:22] Récupération réussie: 200 images pour Best of Black & White
[2025-06-01 23:08:22] Voting fetching ...
[2025-06-01 23:08:22] Best of Black & White voting 10 images
[2025-06-01 23:08:22] Récupération réussie: 200 images pour Best of Black & White
[2025-06-01 23:08:22] Voting fetching ...
[2025-06-01 23:08:22] Best of Black & White voting 10 images
[2025-06-01 23:08:22] Récupération réussie: 200 images pour Best of Black & White
[2025-06-01 23:08:22] Voting fetching ...
[2025-06-01 23:08:22] Best of Black & White voting 10 images
[2025-06-01 23:08:22] Récupération réussie: 200 images pour Best of Black & White
[2025-06-01 23:08:22] Voting fetching ...
[2025-06-01 23:08:22] Best of Black & White voting 10 images
[2025-06-01 23:08:22] Récupération réussie: 200 images pour Best of Black & White
[2025-06-01 23:08:22] Voting fetching ...
[2025-06-01 23:08:22] Best of Black & White voting 10 images
[2025-06-01 23:08:22] Récupération réussie: 200 images pour Best of Black & White
[2025-06-01 23:08:22] Voting fetching ...
[2025-06-01 23:08:22] Best of Black & White voting 10 images
[2025-06-01 23:08:22] Récupération réussie: 200 images pour Best of Black & White
[2025-06-01 23:08:22] Voting fetching ...
[2025-06-01 23:08:22] Best of Black & White voting 10 images
[2025-06-01 23:08:23] Best of Black & White voted successfully
[2025-06-01 23:08:25] Best of Black & White voted successfully
[2025-06-01 23:08:27] Best of Black & White voted successfully
[2025-06-01 23:08:29] Best of Black & White voted successfully
[2025-06-01 23:08:31] Best of Black & White voted successfully
[2025-06-01 23:08:33] Best of Black & White voted successfully
[2025-06-01 23:08:35] Best of Black & White voted successfully
[2025-06-01 23:08:38] Challenges fetching ...
[2025-06-01 23:08:38] Challenges fetched successfully for pascale!
[2025-06-01 23:08:38] Challenges fetching ...
[2025-06-01 23:08:38] Challenges fetched successfully for pascale!
[2025-06-01 23:08:38] Challenges fetching ...
[2025-06-01 23:08:38] Challenges fetched successfully for pascale!
[2025-06-01 23:08:38] Challenges fetching ...
[2025-06-01 23:08:39] Challenges fetched successfully for pascale!
[2025-06-01 23:08:39] Challenges fetching ...
[2025-06-01 23:08:39] Challenges fetched successfully for pascale!
[2025-06-01 23:08:39] Challenges fetching ...
[2025-06-01 23:08:39] Challenges fetched successfully for pascale!
[2025-06-01 23:08:39] Challenges fetching ...
[2025-06-01 23:08:39] Challenges fetched successfully for pascale!
[2025-06-01 23:09:45] Lancement de la stratégie end4 pour Loneliness
[2025-06-01 23:09:45] Nouveau processus ajouté pour pascale: loneliness31-vote-70-left-0H:4M - Statut: init
[2025-06-01 23:09:45] Nouveau processus ajouté pour pascale: loneliness31-vote-20-left-0H:3M - Statut: init
[2025-06-01 23:09:45] Traitement du challenge pour pascale: loneliness31
[2025-06-01 23:09:45] Traitement du challenge pour pascale: loneliness31
[2025-06-01 23:09:45] Nouveau processus ajouté pour pascale: loneliness31-vote-20-left-0H:2M - Statut: init
[2025-06-01 23:09:45] Traitement du challenge pour pascale: loneliness31
[2025-06-01 23:09:45] Processus mis à jour pour pascale: loneliness31-vote-70-left-0H:4M - waiting
[2025-06-01 23:09:45] Processus mis à jour pour pascale: loneliness31-vote-20-left-0H:3M - waiting
[2025-06-01 23:09:45] Processus mis à jour pour pascale: loneliness31-vote-20-left-0H:2M - waiting
[2025-06-01 23:09:45] Nouveau processus ajouté pour pascale: loneliness31-vote-20-left-0H:1M - Statut: init
[2025-06-01 23:09:45] Traitement du challenge pour pascale: loneliness31
[2025-06-01 23:09:45] Processus mis à jour pour pascale: loneliness31-vote-20-left-0H:1M - waiting
[2025-06-01 23:09:45] Lancement de la stratégie end4 pour Show The Way
[2025-06-01 23:09:45] Nouveau processus ajouté pour pascale: show-the-way-vote-70-left-0H:4M - Statut: init
[2025-06-01 23:09:45] Traitement du challenge pour pascale: show-the-way
[2025-06-01 23:09:45] Nouveau processus ajouté pour pascale: show-the-way-vote-20-left-0H:3M - Statut: init
[2025-06-01 23:09:45] Traitement du challenge pour pascale: show-the-way
[2025-06-01 23:09:45] Processus mis à jour pour pascale: show-the-way-vote-70-left-0H:4M - waiting
[2025-06-01 23:09:45] Nouveau processus ajouté pour pascale: show-the-way-vote-20-left-0H:2M - Statut: init
[2025-06-01 23:09:45] Traitement du challenge pour pascale: show-the-way
[2025-06-01 23:09:45] Processus mis à jour pour pascale: show-the-way-vote-20-left-0H:3M - waiting
[2025-06-01 23:09:45] Nouveau processus ajouté pour pascale: show-the-way-vote-20-left-0H:1M - Statut: init
[2025-06-01 23:09:45] Processus mis à jour pour pascale: show-the-way-vote-20-left-0H:2M - waiting
[2025-06-01 23:09:45] Traitement du challenge pour pascale: show-the-way
[2025-06-01 23:09:45] Processus mis à jour pour pascale: show-the-way-vote-20-left-0H:1M - waiting
[2025-06-01 23:09:45] Lancement de la stratégie end4 pour Screen Stars - Timeless Waterscapes
[2025-06-01 23:09:45] Nouveau processus ajouté pour pascale: screen-stars-glorious-waterscapes-vote-70-left-0H:4M - Statut: init
[2025-06-01 23:09:45] Traitement du challenge pour pascale: screen-stars-glorious-waterscapes
[2025-06-01 23:09:45] Nouveau processus ajouté pour pascale: screen-stars-glorious-waterscapes-vote-20-left-0H:3M - Statut: init
[2025-06-01 23:09:45] Traitement du challenge pour pascale: screen-stars-glorious-waterscapes
[2025-06-01 23:09:45] Nouveau processus ajouté pour pascale: screen-stars-glorious-waterscapes-vote-20-left-0H:2M - Statut: init
[2025-06-01 23:09:45] Traitement du challenge pour pascale: screen-stars-glorious-waterscapes
[2025-06-01 23:09:45] Processus mis à jour pour pascale: screen-stars-glorious-waterscapes-vote-70-left-0H:4M - waiting
[2025-06-01 23:09:45] Nouveau processus ajouté pour pascale: screen-stars-glorious-waterscapes-vote-20-left-0H:1M - Statut: init
[2025-06-01 23:09:45] Traitement du challenge pour pascale: screen-stars-glorious-waterscapes
[2025-06-01 23:09:45] Processus mis à jour pour pascale: screen-stars-glorious-waterscapes-vote-20-left-0H:3M - waiting
[2025-06-01 23:09:45] Processus mis à jour pour pascale: screen-stars-glorious-waterscapes-vote-20-left-0H:2M - waiting
[2025-06-01 23:09:45] Processus mis à jour pour pascale: screen-stars-glorious-waterscapes-vote-20-left-0H:1M - waiting
[2025-06-01 23:09:45] Lancement de la stratégie end4 pour Downwards Perspective
[2025-06-01 23:09:45] Nouveau processus ajouté pour pascale: downwards-perspective-vote-70-left-0H:4M - Statut: init
[2025-06-01 23:09:45] Traitement du challenge pour pascale: downwards-perspective
[2025-06-01 23:09:45] Nouveau processus ajouté pour pascale: downwards-perspective-vote-20-left-0H:3M - Statut: init
[2025-06-01 23:09:45] Traitement du challenge pour pascale: downwards-perspective
[2025-06-01 23:09:45] Nouveau processus ajouté pour pascale: downwards-perspective-vote-20-left-0H:2M - Statut: init
[2025-06-01 23:09:45] Traitement du challenge pour pascale: downwards-perspective
[2025-06-01 23:09:45] Processus mis à jour pour pascale: downwards-perspective-vote-70-left-0H:4M - waiting
[2025-06-01 23:09:45] Processus mis à jour pour pascale: downwards-perspective-vote-20-left-0H:3M - waiting
[2025-06-01 23:09:45] Nouveau processus ajouté pour pascale: downwards-perspective-vote-20-left-0H:1M - Statut: init
[2025-06-01 23:09:45] Processus mis à jour pour pascale: downwards-perspective-vote-20-left-0H:2M - waiting
[2025-06-01 23:09:45] Traitement du challenge pour pascale: downwards-perspective
[2025-06-01 23:09:45] Processus mis à jour pour pascale: downwards-perspective-vote-20-left-0H:1M - waiting
[2025-06-01 23:09:45] Lancement de la stratégie end4 pour Split Screen
[2025-06-01 23:09:45] Nouveau processus ajouté pour pascale: split-screen24-vote-70-left-0H:4M - Statut: init
[2025-06-01 23:09:45] Traitement du challenge pour pascale: split-screen24
[2025-06-01 23:09:45] Nouveau processus ajouté pour pascale: split-screen24-vote-20-left-0H:3M - Statut: init
[2025-06-01 23:09:45] Traitement du challenge pour pascale: split-screen24
[2025-06-01 23:09:45] Nouveau processus ajouté pour pascale: split-screen24-vote-20-left-0H:2M - Statut: init
[2025-06-01 23:09:45] Processus mis à jour pour pascale: split-screen24-vote-70-left-0H:4M - waiting
[2025-06-01 23:09:45] Traitement du challenge pour pascale: split-screen24
[2025-06-01 23:09:45] Nouveau processus ajouté pour pascale: split-screen24-vote-20-left-0H:1M - Statut: init
[2025-06-01 23:09:45] Traitement du challenge pour pascale: split-screen24
[2025-06-01 23:09:45] Processus mis à jour pour pascale: split-screen24-vote-20-left-0H:3M - waiting
[2025-06-01 23:09:45] Processus mis à jour pour pascale: split-screen24-vote-20-left-0H:2M - waiting
[2025-06-01 23:09:45] Processus mis à jour pour pascale: split-screen24-vote-20-left-0H:1M - waiting
[2025-06-01 23:09:45] Lancement de la stratégie end4 pour Avenue of Trees
[2025-06-01 23:09:45] Nouveau processus ajouté pour pascale: trees-along-the-street-vote-70-left-0H:4M - Statut: init
[2025-06-01 23:09:45] Traitement du challenge pour pascale: trees-along-the-street
[2025-06-01 23:09:45] Nouveau processus ajouté pour pascale: trees-along-the-street-vote-20-left-0H:3M - Statut: init
[2025-06-01 23:09:45] Traitement du challenge pour pascale: trees-along-the-street
[2025-06-01 23:09:45] Nouveau processus ajouté pour pascale: trees-along-the-street-vote-20-left-0H:2M - Statut: init
[2025-06-01 23:09:45] Traitement du challenge pour pascale: trees-along-the-street
[2025-06-01 23:09:45] Nouveau processus ajouté pour pascale: trees-along-the-street-vote-20-left-0H:1M - Statut: init
[2025-06-01 23:09:45] Processus mis à jour pour pascale: trees-along-the-street-vote-70-left-0H:4M - waiting
[2025-06-01 23:09:45] Traitement du challenge pour pascale: trees-along-the-street
[2025-06-01 23:09:45] Processus mis à jour pour pascale: trees-along-the-street-vote-20-left-0H:3M - waiting
[2025-06-01 23:09:45] Processus mis à jour pour pascale: trees-along-the-street-vote-20-left-0H:2M - waiting
[2025-06-01 23:09:45] Processus mis à jour pour pascale: trees-along-the-street-vote-20-left-0H:1M - waiting
[2025-06-01 23:09:45] Lancement de la stratégie end4 pour Public Areas
[2025-06-01 23:09:45] Nouveau processus ajouté pour pascale: public-areas-vote-70-left-0H:4M - Statut: init
[2025-06-01 23:09:45] Traitement du challenge pour pascale: public-areas
[2025-06-01 23:09:45] Nouveau processus ajouté pour pascale: public-areas-vote-20-left-0H:3M - Statut: init
[2025-06-01 23:09:45] Traitement du challenge pour pascale: public-areas
[2025-06-01 23:09:45] Processus mis à jour pour pascale: public-areas-vote-70-left-0H:4M - waiting
[2025-06-01 23:09:45] Nouveau processus ajouté pour pascale: public-areas-vote-20-left-0H:2M - Statut: init
[2025-06-01 23:09:45] Traitement du challenge pour pascale: public-areas
[2025-06-01 23:09:45] Nouveau processus ajouté pour pascale: public-areas-vote-20-left-0H:1M - Statut: init
[2025-06-01 23:09:45] Processus mis à jour pour pascale: public-areas-vote-20-left-0H:3M - waiting
[2025-06-01 23:09:45] Traitement du challenge pour pascale: public-areas
[2025-06-01 23:09:45] Processus mis à jour pour pascale: public-areas-vote-20-left-0H:2M - waiting
[2025-06-01 23:09:45] Processus mis à jour pour pascale: public-areas-vote-20-left-0H:1M - waiting
[2025-06-01 23:09:45] Lancement de la stratégie end4 pour Photo of the Week!
[2025-06-01 23:09:45] Nouveau processus ajouté pour pascale: photo-of-the-week-298-vote-70-left-0H:4M - Statut: init
[2025-06-01 23:09:45] Traitement du challenge pour pascale: photo-of-the-week-298
[2025-06-01 23:09:45] Nouveau processus ajouté pour pascale: photo-of-the-week-298-vote-20-left-0H:3M - Statut: init
[2025-06-01 23:09:45] Traitement du challenge pour pascale: photo-of-the-week-298
[2025-06-01 23:09:45] Processus mis à jour pour pascale: photo-of-the-week-298-vote-70-left-0H:4M - waiting
[2025-06-01 23:09:45] Nouveau processus ajouté pour pascale: photo-of-the-week-298-vote-20-left-0H:2M - Statut: init
[2025-06-01 23:09:45] Traitement du challenge pour pascale: photo-of-the-week-298
[2025-06-01 23:09:45] Nouveau processus ajouté pour pascale: photo-of-the-week-298-vote-20-left-0H:1M - Statut: init
[2025-06-01 23:09:45] Processus mis à jour pour pascale: photo-of-the-week-298-vote-20-left-0H:3M - waiting
[2025-06-01 23:09:45] Traitement du challenge pour pascale: photo-of-the-week-298
[2025-06-01 23:09:45] Processus mis à jour pour pascale: photo-of-the-week-298-vote-20-left-0H:2M - waiting
[2025-06-01 23:09:45] Processus mis à jour pour pascale: photo-of-the-week-298-vote-20-left-0H:1M - waiting
[2025-06-01 23:09:45] Lancement de la stratégie end4 pour The Greatest
[2025-06-01 23:09:45] Nouveau processus ajouté pour pascale: the-greatest107-vote-70-left-0H:4M - Statut: init
[2025-06-01 23:09:45] Traitement du challenge pour pascale: the-greatest107
[2025-06-01 23:09:45] Nouveau processus ajouté pour pascale: the-greatest107-vote-20-left-0H:3M - Statut: init
[2025-06-01 23:09:45] Traitement du challenge pour pascale: the-greatest107
[2025-06-01 23:09:45] Nouveau processus ajouté pour pascale: the-greatest107-vote-20-left-0H:2M - Statut: init
[2025-06-01 23:09:45] Processus mis à jour pour pascale: the-greatest107-vote-70-left-0H:4M - waiting
[2025-06-01 23:09:45] Traitement du challenge pour pascale: the-greatest107
[2025-06-01 23:09:45] Nouveau processus ajouté pour pascale: the-greatest107-vote-20-left-0H:1M - Statut: init
[2025-06-01 23:09:45] Traitement du challenge pour pascale: the-greatest107
[2025-06-01 23:09:45] Processus mis à jour pour pascale: the-greatest107-vote-20-left-0H:3M - waiting
[2025-06-01 23:09:45] Processus mis à jour pour pascale: the-greatest107-vote-20-left-0H:2M - waiting
[2025-06-01 23:09:45] Processus mis à jour pour pascale: the-greatest107-vote-20-left-0H:1M - waiting
[2025-06-01 23:09:45] Application des stratégies pour les challenges sélectionnés:
- Loneliness avec stratégie end4
- Show The Way avec stratégie end4
- Screen Stars - Timeless Waterscapes avec stratégie end4
- Downwards Perspective avec stratégie end4
- Split Screen avec stratégie end4
- Avenue of Trees avec stratégie end4
- Public Areas avec stratégie end4
- Photo of the Week! avec stratégie end4
- The Greatest avec stratégie end4

[2025-06-01 23:09:58] Challenges en cours de traitement:
- Processus: exits-entrances1-vote-100-left-0H:4M: waiting
- Processus: exits-entrances1-vote-50-left-0H:3M: waiting
- Processus: exits-entrances1-vote-50-left-0H:2M: waiting
- Processus: exits-entrances1-vote-50-left-0H:1M: waiting
- Processus: still-life5-vote-100-left-0H:4M: waiting
- Processus: still-life5-vote-50-left-0H:3M: waiting
- Processus: still-life5-vote-50-left-0H:2M: waiting
- Processus: still-life5-vote-50-left-0H:1M: waiting
- Processus: dramatic-lighting11-vote-100-left-0H:4M: waiting
- Processus: dramatic-lighting11-vote-50-left-0H:3M: waiting
- Processus: dramatic-lighting11-vote-50-left-0H:2M: waiting
- Processus: dramatic-lighting11-vote-50-left-0H:1M: waiting
- Processus: guru-of-the-week36-vote-100-left-0H:4M: waiting
- Processus: guru-of-the-week36-vote-50-left-0H:2M: waiting
- Processus: guru-of-the-week36-vote-50-left-0H:3M: waiting
- Processus: guru-of-the-week36-vote-50-left-0H:1M: waiting
- Processus: screen-stars-glorious-waterscapes-vote-100-left-0H:4M: waiting
- Processus: screen-stars-glorious-waterscapes-vote-50-left-0H:3M: waiting
- Processus: screen-stars-glorious-waterscapes-vote-50-left-0H:2M: waiting
- Processus: screen-stars-glorious-waterscapes-vote-50-left-0H:1M: waiting
- Processus: downwards-perspective-vote-100-left-0H:4M: waiting
- Processus: downwards-perspective-vote-50-left-0H:3M: waiting
- Processus: downwards-perspective-vote-50-left-0H:2M: waiting
- Processus: downwards-perspective-vote-50-left-0H:1M: waiting
- Processus: split-screen24-vote-100-left-0H:4M: waiting
- Processus: split-screen24-vote-50-left-0H:3M: waiting
- Processus: split-screen24-vote-50-left-0H:2M: waiting
- Processus: split-screen24-vote-50-left-0H:1M: waiting
- Processus: photographer-of-the-week210-vote-100-left-0H:4M: waiting
- Processus: photographer-of-the-week210-vote-50-left-0H:3M: waiting
- Processus: photographer-of-the-week210-vote-50-left-0H:2M: waiting
- Processus: photographer-of-the-week210-vote-50-left-0H:1M: waiting
- Processus: so-clich-1-vote-50-left-0H:3M: waiting
- Processus: so-clich-1-vote-50-left-0H:1M: waiting
- Processus: healthy-living-vote-100-left-0H:4M: waiting
- Processus: healthy-living-vote-50-left-0H:3M: waiting
- Processus: healthy-living-vote-50-left-0H:2M: waiting
- Processus: healthy-living-vote-50-left-0H:1M: waiting
- Processus: landscape-photographer-of-the-year4-vote-100-left-0H:4M: waiting
- Processus: landscape-photographer-of-the-year4-vote-50-left-0H:3M: waiting
- Processus: landscape-photographer-of-the-year4-vote-50-left-0H:2M: waiting
- Processus: landscape-photographer-of-the-year4-vote-50-left-0H:1M: waiting
- Processus: photo-of-the-week-298-vote-100-left-0H:4M: waiting
- Processus: photo-of-the-week-298-vote-50-left-0H:3M: waiting
- Processus: photo-of-the-week-298-vote-50-left-0H:2M: waiting
- Processus: photo-of-the-week-298-vote-50-left-0H:1M: waiting
- Processus: loneliness31-vote-70-left-0H:4M: waiting
- Processus: loneliness31-vote-20-left-0H:3M: waiting
- Processus: loneliness31-vote-20-left-0H:2M: waiting
- Processus: loneliness31-vote-20-left-0H:1M: waiting
- Processus: show-the-way-vote-70-left-0H:4M: waiting
- Processus: show-the-way-vote-20-left-0H:3M: waiting
- Processus: show-the-way-vote-20-left-0H:2M: waiting
- Processus: show-the-way-vote-20-left-0H:1M: waiting
- Processus: screen-stars-glorious-waterscapes-vote-70-left-0H:4M: waiting
- Processus: screen-stars-glorious-waterscapes-vote-20-left-0H:3M: waiting
- Processus: screen-stars-glorious-waterscapes-vote-20-left-0H:2M: waiting
- Processus: screen-stars-glorious-waterscapes-vote-20-left-0H:1M: waiting
- Processus: downwards-perspective-vote-70-left-0H:4M: waiting
- Processus: downwards-perspective-vote-20-left-0H:3M: waiting
- Processus: downwards-perspective-vote-20-left-0H:2M: waiting
- Processus: downwards-perspective-vote-20-left-0H:1M: waiting
- Processus: split-screen24-vote-70-left-0H:4M: waiting
- Processus: split-screen24-vote-20-left-0H:3M: waiting
- Processus: split-screen24-vote-20-left-0H:2M: waiting
- Processus: split-screen24-vote-20-left-0H:1M: waiting
- Processus: trees-along-the-street-vote-70-left-0H:4M: waiting
- Processus: trees-along-the-street-vote-20-left-0H:3M: waiting
- Processus: trees-along-the-street-vote-20-left-0H:2M: waiting
- Processus: trees-along-the-street-vote-20-left-0H:1M: waiting
- Processus: public-areas-vote-70-left-0H:4M: waiting
- Processus: public-areas-vote-20-left-0H:3M: waiting
- Processus: public-areas-vote-20-left-0H:2M: waiting
- Processus: public-areas-vote-20-left-0H:1M: waiting
- Processus: photo-of-the-week-298-vote-70-left-0H:4M: waiting
- Processus: photo-of-the-week-298-vote-20-left-0H:3M: waiting
- Processus: photo-of-the-week-298-vote-20-left-0H:2M: waiting
- Processus: photo-of-the-week-298-vote-20-left-0H:1M: waiting
- Processus: the-greatest107-vote-70-left-0H:4M: waiting
- Processus: the-greatest107-vote-20-left-0H:3M: waiting
- Processus: the-greatest107-vote-20-left-0H:2M: waiting
- Processus: the-greatest107-vote-20-left-0H:1M: waiting

[2025-06-01 23:09:58] process id  : , exits-entrances1-vote-100-left-0H:4M, status, waiting, cmde,  --cha exits-entrances1 vote 100 --left 0:4
[2025-06-01 23:09:58] process id  : , exits-entrances1-vote-50-left-0H:3M, status, waiting, cmde,  --cha exits-entrances1 vote 50 --left 0:3
[2025-06-01 23:09:58] process id  : , exits-entrances1-vote-50-left-0H:2M, status, waiting, cmde,  --cha exits-entrances1 vote 50 --left 0:2
[2025-06-01 23:09:58] process id  : , exits-entrances1-vote-50-left-0H:1M, status, waiting, cmde,  --cha exits-entrances1 vote 50 --left 0:1
[2025-06-01 23:09:58] process id  : , still-life5-vote-100-left-0H:4M, status, waiting, cmde,  --cha still-life5 vote 100 --left 0:4
[2025-06-01 23:09:58] process id  : , still-life5-vote-50-left-0H:3M, status, waiting, cmde,  --cha still-life5 vote 50 --left 0:3
[2025-06-01 23:09:58] process id  : , still-life5-vote-50-left-0H:2M, status, waiting, cmde,  --cha still-life5 vote 50 --left 0:2
[2025-06-01 23:09:58] process id  : , still-life5-vote-50-left-0H:1M, status, waiting, cmde,  --cha still-life5 vote 50 --left 0:1
[2025-06-01 23:09:58] process id  : , dramatic-lighting11-vote-100-left-0H:4M, status, waiting, cmde,  --cha dramatic-lighting11 vote 100 --left 0:4
[2025-06-01 23:09:58] process id  : , dramatic-lighting11-vote-50-left-0H:3M, status, waiting, cmde,  --cha dramatic-lighting11 vote 50 --left 0:3
[2025-06-01 23:09:58] process id  : , dramatic-lighting11-vote-50-left-0H:2M, status, waiting, cmde,  --cha dramatic-lighting11 vote 50 --left 0:2
[2025-06-01 23:09:58] process id  : , dramatic-lighting11-vote-50-left-0H:1M, status, waiting, cmde,  --cha dramatic-lighting11 vote 50 --left 0:1
[2025-06-01 23:09:58] process id  : , guru-of-the-week36-vote-100-left-0H:4M, status, waiting, cmde,  --cha guru-of-the-week36 vote 100 --left 0:4
[2025-06-01 23:09:58] process id  : , guru-of-the-week36-vote-50-left-0H:2M, status, waiting, cmde,  --cha guru-of-the-week36 vote 50 --left 0:2
[2025-06-01 23:09:58] process id  : , guru-of-the-week36-vote-50-left-0H:3M, status, waiting, cmde,  --cha guru-of-the-week36 vote 50 --left 0:3
[2025-06-01 23:09:58] process id  : , guru-of-the-week36-vote-50-left-0H:1M, status, waiting, cmde,  --cha guru-of-the-week36 vote 50 --left 0:1
[2025-06-01 23:09:58] process id  : , screen-stars-glorious-waterscapes-vote-100-left-0H:4M, status, waiting, cmde,  --cha screen-stars-glorious-waterscapes vote 100 --left 0:4
[2025-06-01 23:09:58] process id  : , screen-stars-glorious-waterscapes-vote-50-left-0H:3M, status, waiting, cmde,  --cha screen-stars-glorious-waterscapes vote 50 --left 0:3
[2025-06-01 23:09:58] process id  : , screen-stars-glorious-waterscapes-vote-50-left-0H:2M, status, waiting, cmde,  --cha screen-stars-glorious-waterscapes vote 50 --left 0:2
[2025-06-01 23:09:58] process id  : , screen-stars-glorious-waterscapes-vote-50-left-0H:1M, status, waiting, cmde,  --cha screen-stars-glorious-waterscapes vote 50 --left 0:1
[2025-06-01 23:09:58] process id  : , downwards-perspective-vote-100-left-0H:4M, status, waiting, cmde,  --cha downwards-perspective vote 100 --left 0:4
[2025-06-01 23:09:58] process id  : , downwards-perspective-vote-50-left-0H:3M, status, waiting, cmde,  --cha downwards-perspective vote 50 --left 0:3
[2025-06-01 23:09:58] process id  : , downwards-perspective-vote-50-left-0H:2M, status, waiting, cmde,  --cha downwards-perspective vote 50 --left 0:2
[2025-06-01 23:09:58] process id  : , downwards-perspective-vote-50-left-0H:1M, status, waiting, cmde,  --cha downwards-perspective vote 50 --left 0:1
[2025-06-01 23:09:58] process id  : , split-screen24-vote-100-left-0H:4M, status, waiting, cmde,  --cha split-screen24 vote 100 --left 0:4
[2025-06-01 23:09:58] process id  : , split-screen24-vote-50-left-0H:3M, status, waiting, cmde,  --cha split-screen24 vote 50 --left 0:3
[2025-06-01 23:09:58] process id  : , split-screen24-vote-50-left-0H:2M, status, waiting, cmde,  --cha split-screen24 vote 50 --left 0:2
[2025-06-01 23:09:58] process id  : , split-screen24-vote-50-left-0H:1M, status, waiting, cmde,  --cha split-screen24 vote 50 --left 0:1
[2025-06-01 23:09:58] process id  : , photographer-of-the-week210-vote-100-left-0H:4M, status, waiting, cmde,  --cha photographer-of-the-week210 vote 100 --left 0:4
[2025-06-01 23:09:58] process id  : , photographer-of-the-week210-vote-50-left-0H:3M, status, waiting, cmde,  --cha photographer-of-the-week210 vote 50 --left 0:3
[2025-06-01 23:09:58] process id  : , photographer-of-the-week210-vote-50-left-0H:2M, status, waiting, cmde,  --cha photographer-of-the-week210 vote 50 --left 0:2
[2025-06-01 23:09:58] process id  : , photographer-of-the-week210-vote-50-left-0H:1M, status, waiting, cmde,  --cha photographer-of-the-week210 vote 50 --left 0:1
[2025-06-01 23:09:58] process id  : , so-clich-1-vote-50-left-0H:3M, status, waiting, cmde,  --cha so-clich-1 vote 50 --left 0:3
[2025-06-01 23:09:58] process id  : , so-clich-1-vote-50-left-0H:1M, status, waiting, cmde,  --cha so-clich-1 vote 50 --left 0:1
[2025-06-01 23:09:58] process id  : , healthy-living-vote-100-left-0H:4M, status, waiting, cmde,  --cha healthy-living vote 100 --left 0:4
[2025-06-01 23:09:58] process id  : , healthy-living-vote-50-left-0H:3M, status, waiting, cmde,  --cha healthy-living vote 50 --left 0:3
[2025-06-01 23:09:58] process id  : , healthy-living-vote-50-left-0H:2M, status, waiting, cmde,  --cha healthy-living vote 50 --left 0:2
[2025-06-01 23:09:58] process id  : , healthy-living-vote-50-left-0H:1M, status, waiting, cmde,  --cha healthy-living vote 50 --left 0:1
[2025-06-01 23:09:58] process id  : , landscape-photographer-of-the-year4-vote-100-left-0H:4M, status, waiting, cmde,  --cha landscape-photographer-of-the-year4 vote 100 --left 0:4
[2025-06-01 23:09:58] process id  : , landscape-photographer-of-the-year4-vote-50-left-0H:3M, status, waiting, cmde,  --cha landscape-photographer-of-the-year4 vote 50 --left 0:3
[2025-06-01 23:09:58] process id  : , landscape-photographer-of-the-year4-vote-50-left-0H:2M, status, waiting, cmde,  --cha landscape-photographer-of-the-year4 vote 50 --left 0:2
[2025-06-01 23:09:58] process id  : , landscape-photographer-of-the-year4-vote-50-left-0H:1M, status, waiting, cmde,  --cha landscape-photographer-of-the-year4 vote 50 --left 0:1
[2025-06-01 23:09:58] process id  : , photo-of-the-week-298-vote-100-left-0H:4M, status, waiting, cmde,  --cha photo-of-the-week-298 vote 100 --left 0:4
[2025-06-01 23:09:58] process id  : , photo-of-the-week-298-vote-50-left-0H:3M, status, waiting, cmde,  --cha photo-of-the-week-298 vote 50 --left 0:3
[2025-06-01 23:09:58] process id  : , photo-of-the-week-298-vote-50-left-0H:2M, status, waiting, cmde,  --cha photo-of-the-week-298 vote 50 --left 0:2
[2025-06-01 23:09:58] process id  : , photo-of-the-week-298-vote-50-left-0H:1M, status, waiting, cmde,  --cha photo-of-the-week-298 vote 50 --left 0:1
[2025-06-01 23:09:58] process id  : , loneliness31-vote-70-left-0H:4M, status, waiting, cmde,  --cha loneliness31 vote 70 --left 0:4
[2025-06-01 23:09:58] process id  : , loneliness31-vote-20-left-0H:3M, status, waiting, cmde,  --cha loneliness31 vote 20 --left 0:3
[2025-06-01 23:09:58] process id  : , loneliness31-vote-20-left-0H:2M, status, waiting, cmde,  --cha loneliness31 vote 20 --left 0:2
[2025-06-01 23:09:58] process id  : , loneliness31-vote-20-left-0H:1M, status, waiting, cmde,  --cha loneliness31 vote 20 --left 0:1
[2025-06-01 23:09:58] process id  : , show-the-way-vote-70-left-0H:4M, status, waiting, cmde,  --cha show-the-way vote 70 --left 0:4
[2025-06-01 23:09:58] process id  : , show-the-way-vote-20-left-0H:3M, status, waiting, cmde,  --cha show-the-way vote 20 --left 0:3
[2025-06-01 23:09:58] process id  : , show-the-way-vote-20-left-0H:2M, status, waiting, cmde,  --cha show-the-way vote 20 --left 0:2
[2025-06-01 23:09:58] process id  : , show-the-way-vote-20-left-0H:1M, status, waiting, cmde,  --cha show-the-way vote 20 --left 0:1
[2025-06-01 23:09:58] process id  : , screen-stars-glorious-waterscapes-vote-70-left-0H:4M, status, waiting, cmde,  --cha screen-stars-glorious-waterscapes vote 70 --left 0:4
[2025-06-01 23:09:58] process id  : , screen-stars-glorious-waterscapes-vote-20-left-0H:3M, status, waiting, cmde,  --cha screen-stars-glorious-waterscapes vote 20 --left 0:3
[2025-06-01 23:09:58] process id  : , screen-stars-glorious-waterscapes-vote-20-left-0H:2M, status, waiting, cmde,  --cha screen-stars-glorious-waterscapes vote 20 --left 0:2
[2025-06-01 23:09:58] process id  : , screen-stars-glorious-waterscapes-vote-20-left-0H:1M, status, waiting, cmde,  --cha screen-stars-glorious-waterscapes vote 20 --left 0:1
[2025-06-01 23:09:58] process id  : , downwards-perspective-vote-70-left-0H:4M, status, waiting, cmde,  --cha downwards-perspective vote 70 --left 0:4
[2025-06-01 23:09:58] process id  : , downwards-perspective-vote-20-left-0H:3M, status, waiting, cmde,  --cha downwards-perspective vote 20 --left 0:3
[2025-06-01 23:09:58] process id  : , downwards-perspective-vote-20-left-0H:2M, status, waiting, cmde,  --cha downwards-perspective vote 20 --left 0:2
[2025-06-01 23:09:58] process id  : , downwards-perspective-vote-20-left-0H:1M, status, waiting, cmde,  --cha downwards-perspective vote 20 --left 0:1
[2025-06-01 23:09:58] process id  : , split-screen24-vote-70-left-0H:4M, status, waiting, cmde,  --cha split-screen24 vote 70 --left 0:4
[2025-06-01 23:09:58] process id  : , split-screen24-vote-20-left-0H:3M, status, waiting, cmde,  --cha split-screen24 vote 20 --left 0:3
[2025-06-01 23:09:58] process id  : , split-screen24-vote-20-left-0H:2M, status, waiting, cmde,  --cha split-screen24 vote 20 --left 0:2
[2025-06-01 23:09:58] process id  : , split-screen24-vote-20-left-0H:1M, status, waiting, cmde,  --cha split-screen24 vote 20 --left 0:1
[2025-06-01 23:09:58] process id  : , trees-along-the-street-vote-70-left-0H:4M, status, waiting, cmde,  --cha trees-along-the-street vote 70 --left 0:4
[2025-06-01 23:09:58] process id  : , trees-along-the-street-vote-20-left-0H:3M, status, waiting, cmde,  --cha trees-along-the-street vote 20 --left 0:3
[2025-06-01 23:09:58] process id  : , trees-along-the-street-vote-20-left-0H:2M, status, waiting, cmde,  --cha trees-along-the-street vote 20 --left 0:2
[2025-06-01 23:09:58] process id  : , trees-along-the-street-vote-20-left-0H:1M, status, waiting, cmde,  --cha trees-along-the-street vote 20 --left 0:1
[2025-06-01 23:09:58] process id  : , public-areas-vote-70-left-0H:4M, status, waiting, cmde,  --cha public-areas vote 70 --left 0:4
[2025-06-01 23:09:58] process id  : , public-areas-vote-20-left-0H:3M, status, waiting, cmde,  --cha public-areas vote 20 --left 0:3
[2025-06-01 23:09:58] process id  : , public-areas-vote-20-left-0H:2M, status, waiting, cmde,  --cha public-areas vote 20 --left 0:2
[2025-06-01 23:09:58] process id  : , public-areas-vote-20-left-0H:1M, status, waiting, cmde,  --cha public-areas vote 20 --left 0:1
[2025-06-01 23:09:58] process id  : , photo-of-the-week-298-vote-70-left-0H:4M, status, waiting, cmde,  --cha photo-of-the-week-298 vote 70 --left 0:4
[2025-06-01 23:09:58] process id  : , photo-of-the-week-298-vote-20-left-0H:3M, status, waiting, cmde,  --cha photo-of-the-week-298 vote 20 --left 0:3
[2025-06-01 23:09:58] process id  : , photo-of-the-week-298-vote-20-left-0H:2M, status, waiting, cmde,  --cha photo-of-the-week-298 vote 20 --left 0:2
[2025-06-01 23:09:58] process id  : , photo-of-the-week-298-vote-20-left-0H:1M, status, waiting, cmde,  --cha photo-of-the-week-298 vote 20 --left 0:1
[2025-06-01 23:09:58] process id  : , the-greatest107-vote-70-left-0H:4M, status, waiting, cmde,  --cha the-greatest107 vote 70 --left 0:4
[2025-06-01 23:09:58] process id  : , the-greatest107-vote-20-left-0H:3M, status, waiting, cmde,  --cha the-greatest107 vote 20 --left 0:3
[2025-06-01 23:09:58] process id  : , the-greatest107-vote-20-left-0H:2M, status, waiting, cmde,  --cha the-greatest107 vote 20 --left 0:2
[2025-06-01 23:09:58] process id  : , the-greatest107-vote-20-left-0H:1M, status, waiting, cmde,  --cha the-greatest107 vote 20 --left 0:1
[2025-06-01 23:10:17] Sélection de tous les challenges

[2025-06-01 23:10:20] Lancement de la stratégie end4 pour Dynamic Diagonals
[2025-06-01 23:10:20] Nouveau processus ajouté pour bruno: dynamic-diagonals-vote-70-left-0H:4M - Statut: init
[2025-06-01 23:10:20] Traitement du challenge pour bruno: dynamic-diagonals
[2025-06-01 23:10:20] Nouveau processus ajouté pour bruno: dynamic-diagonals-vote-20-left-0H:3M - Statut: init
[2025-06-01 23:10:20] Traitement du challenge pour bruno: dynamic-diagonals
[2025-06-01 23:10:20] Nouveau processus ajouté pour bruno: dynamic-diagonals-vote-20-left-0H:2M - Statut: init
[2025-06-01 23:10:20] Traitement du challenge pour bruno: dynamic-diagonals
[2025-06-01 23:10:20] Processus mis à jour pour bruno: dynamic-diagonals-vote-70-left-0H:4M - waiting
[2025-06-01 23:10:20] Processus mis à jour pour bruno: dynamic-diagonals-vote-20-left-0H:3M - waiting
[2025-06-01 23:10:20] Processus mis à jour pour bruno: dynamic-diagonals-vote-20-left-0H:2M - waiting
[2025-06-01 23:10:20] Nouveau processus ajouté pour bruno: dynamic-diagonals-vote-20-left-0H:1M - Statut: init
[2025-06-01 23:10:20] Traitement du challenge pour bruno: dynamic-diagonals
[2025-06-01 23:10:20] Processus mis à jour pour bruno: dynamic-diagonals-vote-20-left-0H:1M - waiting
[2025-06-01 23:10:20] Lancement de la stratégie end4 pour Photo of the Week!
[2025-06-01 23:10:20] Nouveau processus ajouté pour bruno: photo-of-the-week-298-vote-70-left-0H:4M - Statut: init
[2025-06-01 23:10:20] Traitement du challenge pour bruno: photo-of-the-week-298
[2025-06-01 23:10:20] Nouveau processus ajouté pour bruno: photo-of-the-week-298-vote-20-left-0H:3M - Statut: init
[2025-06-01 23:10:20] Traitement du challenge pour bruno: photo-of-the-week-298
[2025-06-01 23:10:20] Nouveau processus ajouté pour bruno: photo-of-the-week-298-vote-20-left-0H:2M - Statut: init
[2025-06-01 23:10:20] Traitement du challenge pour bruno: photo-of-the-week-298
[2025-06-01 23:10:20] Processus mis à jour pour bruno: photo-of-the-week-298-vote-70-left-0H:4M - waiting
[2025-06-01 23:10:20] Nouveau processus ajouté pour bruno: photo-of-the-week-298-vote-20-left-0H:1M - Statut: init
[2025-06-01 23:10:20] Processus mis à jour pour bruno: photo-of-the-week-298-vote-20-left-0H:3M - waiting
[2025-06-01 23:10:20] Traitement du challenge pour bruno: photo-of-the-week-298
[2025-06-01 23:10:20] Processus mis à jour pour bruno: photo-of-the-week-298-vote-20-left-0H:2M - waiting
[2025-06-01 23:10:20] Processus mis à jour pour bruno: photo-of-the-week-298-vote-20-left-0H:1M - waiting
[2025-06-01 23:10:20] Lancement de la stratégie end4 pour The Greatest
[2025-06-01 23:10:20] Nouveau processus ajouté pour bruno: the-greatest107-vote-70-left-0H:4M - Statut: init
[2025-06-01 23:10:20] Traitement du challenge pour bruno: the-greatest107
[2025-06-01 23:10:20] Nouveau processus ajouté pour bruno: the-greatest107-vote-20-left-0H:3M - Statut: init
[2025-06-01 23:10:20] Traitement du challenge pour bruno: the-greatest107
[2025-06-01 23:10:20] Processus mis à jour pour bruno: the-greatest107-vote-70-left-0H:4M - waiting
[2025-06-01 23:10:20] Nouveau processus ajouté pour bruno: the-greatest107-vote-20-left-0H:2M - Statut: init
[2025-06-01 23:10:20] Traitement du challenge pour bruno: the-greatest107
[2025-06-01 23:10:20] Nouveau processus ajouté pour bruno: the-greatest107-vote-20-left-0H:1M - Statut: init
[2025-06-01 23:10:20] Traitement du challenge pour bruno: the-greatest107
[2025-06-01 23:10:20] Processus mis à jour pour bruno: the-greatest107-vote-20-left-0H:3M - waiting
[2025-06-01 23:10:20] Processus mis à jour pour bruno: the-greatest107-vote-20-left-0H:2M - waiting
[2025-06-01 23:10:20] Processus mis à jour pour bruno: the-greatest107-vote-20-left-0H:1M - waiting
[2025-06-01 23:10:20] Lancement de la stratégie end4 pour Avenue of Trees
[2025-06-01 23:10:20] Nouveau processus ajouté pour bruno: trees-along-the-street-vote-70-left-0H:4M - Statut: init
[2025-06-01 23:10:20] Nouveau processus ajouté pour bruno: trees-along-the-street-vote-20-left-0H:3M - Statut: init
[2025-06-01 23:10:20] Traitement du challenge pour bruno: trees-along-the-street
[2025-06-01 23:10:20] Traitement du challenge pour bruno: trees-along-the-street
[2025-06-01 23:10:20] Nouveau processus ajouté pour bruno: trees-along-the-street-vote-20-left-0H:1M - Statut: init
[2025-06-01 23:10:20] Traitement du challenge pour bruno: trees-along-the-street
[2025-06-01 23:10:20] Processus mis à jour pour bruno: trees-along-the-street-vote-70-left-0H:4M - waiting
[2025-06-01 23:10:20] Nouveau processus ajouté pour bruno: trees-along-the-street-vote-20-left-0H:2M - Statut: init
[2025-06-01 23:10:20] Processus mis à jour pour bruno: trees-along-the-street-vote-20-left-0H:3M - waiting
[2025-06-01 23:10:20] Traitement du challenge pour bruno: trees-along-the-street
[2025-06-01 23:10:20] Processus mis à jour pour bruno: trees-along-the-street-vote-20-left-0H:1M - waiting
[2025-06-01 23:10:20] Processus mis à jour pour bruno: trees-along-the-street-vote-20-left-0H:2M - waiting
[2025-06-01 23:10:20] Lancement de la stratégie end4 pour Public Areas
[2025-06-01 23:10:20] Nouveau processus ajouté pour bruno: public-areas-vote-70-left-0H:4M - Statut: init
[2025-06-01 23:10:20] Traitement du challenge pour bruno: public-areas
[2025-06-01 23:10:20] Nouveau processus ajouté pour bruno: public-areas-vote-20-left-0H:3M - Statut: init
[2025-06-01 23:10:20] Traitement du challenge pour bruno: public-areas
[2025-06-01 23:10:20] Processus mis à jour pour bruno: public-areas-vote-70-left-0H:4M - waiting
[2025-06-01 23:10:20] Nouveau processus ajouté pour bruno: public-areas-vote-20-left-0H:2M - Statut: init
[2025-06-01 23:10:20] Traitement du challenge pour bruno: public-areas
[2025-06-01 23:10:20] Processus mis à jour pour bruno: public-areas-vote-20-left-0H:3M - waiting
[2025-06-01 23:10:21] Nouveau processus ajouté pour bruno: public-areas-vote-20-left-0H:1M - Statut: init
[2025-06-01 23:10:21] Traitement du challenge pour bruno: public-areas
[2025-06-01 23:10:21] Processus mis à jour pour bruno: public-areas-vote-20-left-0H:2M - waiting
[2025-06-01 23:10:21] Processus mis à jour pour bruno: public-areas-vote-20-left-0H:1M - waiting
[2025-06-01 23:10:21] Lancement de la stratégie end4 pour Water on the Rocks
[2025-06-01 23:10:21] Nouveau processus ajouté pour bruno: water-on-the-rocks2-vote-70-left-0H:4M - Statut: init
[2025-06-01 23:10:21] Traitement du challenge pour bruno: water-on-the-rocks2
[2025-06-01 23:10:21] Nouveau processus ajouté pour bruno: water-on-the-rocks2-vote-20-left-0H:3M - Statut: init
[2025-06-01 23:10:21] Traitement du challenge pour bruno: water-on-the-rocks2
[2025-06-01 23:10:21] Nouveau processus ajouté pour bruno: water-on-the-rocks2-vote-20-left-0H:2M - Statut: init
[2025-06-01 23:10:21] Traitement du challenge pour bruno: water-on-the-rocks2
[2025-06-01 23:10:21] Processus mis à jour pour bruno: water-on-the-rocks2-vote-70-left-0H:4M - waiting
[2025-06-01 23:10:21] Nouveau processus ajouté pour bruno: water-on-the-rocks2-vote-20-left-0H:1M - Statut: init
[2025-06-01 23:10:21] Traitement du challenge pour bruno: water-on-the-rocks2
[2025-06-01 23:10:21] Processus mis à jour pour bruno: water-on-the-rocks2-vote-20-left-0H:3M - waiting
[2025-06-01 23:10:21] Processus mis à jour pour bruno: water-on-the-rocks2-vote-20-left-0H:2M - waiting
[2025-06-01 23:10:21] Processus mis à jour pour bruno: water-on-the-rocks2-vote-20-left-0H:1M - waiting
[2025-06-01 23:10:21] Application des stratégies pour les challenges sélectionnés:
- Dynamic Diagonals avec stratégie end4
- Photo of the Week! avec stratégie end4
- The Greatest avec stratégie end4
- Avenue of Trees avec stratégie end4
- Public Areas avec stratégie end4
- Water on the Rocks avec stratégie end4

[2025-06-01 23:19:36] Désélection de tous les challenges

[2025-06-01 23:19:37] Refreshing challenges...
[2025-06-01 23:19:37] Fetching challenges...
[2025-06-01 23:19:39] Challenges fetching ...
[2025-06-01 23:19:40] Challenges fetched successfully for pascale!
[2025-06-01 23:19:51] Refreshing challenges...
[2025-06-01 23:19:51] Fetching challenges...
[2025-06-01 23:19:53] Challenges fetching ...
[2025-06-01 23:19:53] Challenges fetched successfully for pascale!
[2025-06-01 23:20:21] Désélection de tous les challenges

[2025-06-01 23:20:23] Refreshing challenges...
[2025-06-01 23:20:23] Fetching challenges...
[2025-06-01 23:20:25] Challenges fetching ...
[2025-06-01 23:20:25] Challenges fetched successfully for bruno!
[2025-06-01 23:20:34] Stratégie de Water on the Rocks mise à jour: fills
[2025-06-01 23:20:34] Stratégie enregistrée pour bruno: water-on-the-rocks2 = fills
[2025-06-01 23:20:44] Lancement de la stratégie fills pour Water on the Rocks
[2025-06-01 23:20:44] Nouveau processus ajouté pour bruno: water-on-the-rocks2-vote-1-left-13H:30M - Statut: init
[2025-06-01 23:20:44] Traitement du challenge pour bruno: water-on-the-rocks2
[2025-06-01 23:20:44] Processus mis à jour pour bruno: water-on-the-rocks2-vote-1-left-13H:30M - waiting
[2025-06-01 23:20:44] Stratégie chargée depuis gsgui.ini pour bruno/Water on the Rocks: fills
[2025-06-01 23:20:44] Application des stratégies pour les challenges sélectionnés:
- Water on the Rocks avec stratégie fills

[2025-06-01 23:46:24] Erreur lors du rafraîchissement API, utilisation du cache: HTTPSConnectionPool(host='api.gurushots.com', port=443): Read timed out. (read timeout=None)
