[2025-06-02 10:54:40] Erreur lors du rafraîchissement API, utilisation du cache: HTTPSConnectionPool(host='api.gurushots.com', port=443): Read timed out. (read timeout=None)
[2025-06-02 10:56:17] Erreur lors du rafraîchissement API, utilisation du cache: HTTPSConnectionPool(host='api.gurushots.com', port=443): Read timed out. (read timeout=None)
[2025-06-02 10:56:21] Erreur lors du rafraîchissement API, utilisation du cache: HTTPSConnectionPool(host='api.gurushots.com', port=443): Read timed out. (read timeout=None)
[2025-06-02 10:56:27] Erreur lors du rafraîchissement API, utilisation du cache: HTTPSConnectionPool(host='api.gurushots.com', port=443): Read timed out. (read timeout=None)
[2025-06-02 11:07:39] Erreur lors du rafraîchissement API, utilisation du cache: HTTPSConnectionPool(host='api.gurushots.com', port=443): Max retries exceeded with url: /rest/get_my_active_challenges (Caused by NameResolutionError("<urllib3.connection.HTTPSConnection object at 0x11845d310>: Failed to resolve 'api.gurushots.com' ([Errno 8] nodename nor servname provided, or not known)"))
[2025-06-02 11:26:30] Refreshing challenges...
[2025-06-02 11:26:30] Fetching challenges...
[2025-06-02 11:26:30] Challenges fetching ...
[2025-06-02 11:26:30] Challenges fetched successfully for bruno!
[2025-06-02 11:26:43] Challenge non trouvé: public-areas
[2025-06-02 11:26:43] Processus mis à jour pour bruno: public-areas-vote-20-left-0H:1M - executing
[2025-06-02 11:26:43] Objet challenge créé pour le thread de profil bruno: public-areas
[2025-06-02 11:26:43] Traitement de vote pour Challenge public-areas
[2025-06-02 11:26:43] Challenge public-areas get vote panel
[2025-06-02 11:26:43] Processus associé: public-areas-vote-20-left-0H:1M
[2025-06-02 11:26:44] Challenge non trouvé: water-on-the-rocks2
[2025-06-02 11:26:44] Challenge non trouvé: the-greatest107
[2025-06-02 11:26:44] Processus mis à jour pour bruno: water-on-the-rocks2-vote-20-left-0H:2M - executing
[2025-06-02 11:26:44] Objet challenge créé pour le thread de profil bruno: water-on-the-rocks2
[2025-06-02 11:26:44] Processus mis à jour pour bruno: the-greatest107-vote-20-left-0H:1M - executing
[2025-06-02 11:26:44] Traitement de vote pour Challenge water-on-the-rocks2
[2025-06-02 11:26:44] Objet challenge créé pour le thread de profil bruno: the-greatest107
[2025-06-02 11:26:44] Traitement de vote pour Challenge the-greatest107
[2025-06-02 11:26:44] Challenge non trouvé: dynamic-diagonals
[2025-06-02 11:26:44] Challenge non trouvé: the-greatest107
[2025-06-02 11:26:44] Processus mis à jour pour bruno: dynamic-diagonals-vote-20-left-0H:3M - executing
[2025-06-02 11:26:44] Objet challenge créé pour le thread de profil bruno: dynamic-diagonals
[2025-06-02 11:26:44] Processus mis à jour pour bruno: the-greatest107-vote-20-left-0H:2M - executing
[2025-06-02 11:26:44] Traitement de vote pour Challenge dynamic-diagonals
[2025-06-02 11:26:44] Objet challenge créé pour le thread de profil bruno: the-greatest107
[2025-06-02 11:26:44] Traitement de vote pour Challenge the-greatest107
[2025-06-02 11:26:44] Challenge non trouvé: the-greatest107
[2025-06-02 11:26:44] Processus mis à jour pour bruno: the-greatest107-vote-70-left-0H:4M - executing
[2025-06-02 11:26:44] Objet challenge créé pour le thread de profil bruno: the-greatest107
[2025-06-02 11:26:44] Traitement de vote pour Challenge the-greatest107
[2025-06-02 11:26:44] Challenge non trouvé: water-on-the-rocks2
[2025-06-02 11:26:44] Processus mis à jour pour bruno: water-on-the-rocks2-vote-20-left-0H:3M - executing
[2025-06-02 11:26:44] Objet challenge créé pour le thread de profil bruno: water-on-the-rocks2
[2025-06-02 11:26:44] Traitement de vote pour Challenge water-on-the-rocks2
[2025-06-02 11:26:44] Challenge non trouvé: photo-of-the-week-298
[2025-06-02 11:26:44] Processus mis à jour pour bruno: photo-of-the-week-298-vote-20-left-0H:3M - executing
[2025-06-02 11:26:44] Objet challenge créé pour le thread de profil bruno: photo-of-the-week-298
[2025-06-02 11:26:44] Traitement de vote pour Challenge photo-of-the-week-298
[2025-06-02 11:26:44] Challenge non trouvé: trees-along-the-street
[2025-06-02 11:26:44] Processus mis à jour pour bruno: trees-along-the-street-vote-20-left-0H:1M - executing
[2025-06-02 11:26:44] Objet challenge créé pour le thread de profil bruno: trees-along-the-street
[2025-06-02 11:26:44] Traitement de vote pour Challenge trees-along-the-street
[2025-06-02 11:26:44] Challenge non trouvé: water-on-the-rocks2
[2025-06-02 11:26:44] Challenge non trouvé: public-areas
[2025-06-02 11:26:44] Processus mis à jour pour bruno: water-on-the-rocks2-vote-20-left-0H:1M - executing
[2025-06-02 11:26:44] Objet challenge créé pour le thread de profil bruno: water-on-the-rocks2
[2025-06-02 11:26:44] Processus mis à jour pour bruno: public-areas-vote-70-left-0H:4M - executing
[2025-06-02 11:26:44] Traitement de vote pour Challenge water-on-the-rocks2
[2025-06-02 11:26:44] Objet challenge créé pour le thread de profil bruno: public-areas
[2025-06-02 11:26:44] Traitement de vote pour Challenge public-areas
[2025-06-02 11:26:44] Challenge non trouvé: photo-of-the-week-298
[2025-06-02 11:26:44] Processus mis à jour pour bruno: photo-of-the-week-298-vote-20-left-0H:1M - executing
[2025-06-02 11:26:44] Objet challenge créé pour le thread de profil bruno: photo-of-the-week-298
[2025-06-02 11:26:44] Traitement de vote pour Challenge photo-of-the-week-298
[2025-06-02 11:26:44] Challenge non trouvé: the-greatest107
[2025-06-02 11:26:44] Processus mis à jour pour bruno: the-greatest107-vote-20-left-0H:3M - executing
[2025-06-02 11:26:44] Objet challenge créé pour le thread de profil bruno: the-greatest107
[2025-06-02 11:26:44] Traitement de vote pour Challenge the-greatest107
[2025-06-02 11:26:45] Challenge non trouvé: dynamic-diagonals
[2025-06-02 11:26:45] Challenge non trouvé: trees-along-the-street
[2025-06-02 11:26:45] Challenge non trouvé: dynamic-diagonals
[2025-06-02 11:26:45] Processus mis à jour pour bruno: dynamic-diagonals-vote-20-left-0H:1M - executing
[2025-06-02 11:26:45] Objet challenge créé pour le thread de profil bruno: dynamic-diagonals
[2025-06-02 11:26:45] Processus mis à jour pour bruno: trees-along-the-street-vote-20-left-0H:2M - executing
[2025-06-02 11:26:45] Traitement de vote pour Challenge dynamic-diagonals
[2025-06-02 11:26:45] Objet challenge créé pour le thread de profil bruno: trees-along-the-street
[2025-06-02 11:26:45] Processus mis à jour pour bruno: dynamic-diagonals-vote-20-left-0H:2M - executing
[2025-06-02 11:26:45] Traitement de vote pour Challenge trees-along-the-street
[2025-06-02 11:26:45] Objet challenge créé pour le thread de profil bruno: dynamic-diagonals
[2025-06-02 11:26:45] Traitement de vote pour Challenge dynamic-diagonals
[2025-06-02 11:26:45] Challenge non trouvé: trees-along-the-street
[2025-06-02 11:26:45] Challenge non trouvé: photo-of-the-week-298
[2025-06-02 11:26:45] Challenge non trouvé: public-areas
[2025-06-02 11:26:45] Processus mis à jour pour bruno: trees-along-the-street-vote-70-left-0H:4M - executing
[2025-06-02 11:26:45] Objet challenge créé pour le thread de profil bruno: trees-along-the-street
[2025-06-02 11:26:45] Processus mis à jour pour bruno: photo-of-the-week-298-vote-70-left-0H:4M - executing
[2025-06-02 11:26:45] Traitement de vote pour Challenge trees-along-the-street
[2025-06-02 11:26:45] Objet challenge créé pour le thread de profil bruno: photo-of-the-week-298
[2025-06-02 11:26:45] Processus mis à jour pour bruno: public-areas-vote-20-left-0H:2M - executing
[2025-06-02 11:26:45] Traitement de vote pour Challenge photo-of-the-week-298
[2025-06-02 11:26:45] Objet challenge créé pour le thread de profil bruno: public-areas
[2025-06-02 11:26:45] Traitement de vote pour Challenge public-areas
[2025-06-02 11:26:45] Challenge non trouvé: photo-of-the-week-298
[2025-06-02 11:26:45] Processus mis à jour pour bruno: photo-of-the-week-298-vote-20-left-0H:2M - executing
[2025-06-02 11:26:45] Objet challenge créé pour le thread de profil bruno: photo-of-the-week-298
[2025-06-02 11:26:45] Traitement de vote pour Challenge photo-of-the-week-298
[2025-06-02 11:26:45] Challenge non trouvé: water-on-the-rocks2
[2025-06-02 11:26:45] Processus mis à jour pour bruno: water-on-the-rocks2-vote-70-left-0H:4M - executing
[2025-06-02 11:26:45] Objet challenge créé pour le thread de profil bruno: water-on-the-rocks2
[2025-06-02 11:26:45] Traitement de vote pour Challenge water-on-the-rocks2
[2025-06-02 11:26:45] Challenge non trouvé: water-on-the-rocks2
[2025-06-02 11:26:45] Challenge non trouvé: dynamic-diagonals
[2025-06-02 11:26:45] Challenge non trouvé: trees-along-the-street
[2025-06-02 11:26:45] Processus mis à jour pour bruno: water-on-the-rocks2-vote-1-left-13H:30M - executing
[2025-06-02 11:26:45] Challenge non trouvé: public-areas
[2025-06-02 11:26:45] Objet challenge créé pour le thread de profil bruno: water-on-the-rocks2
[2025-06-02 11:26:45] Processus mis à jour pour bruno: dynamic-diagonals-vote-70-left-0H:4M - executing
[2025-06-02 11:26:45] Traitement de vote pour Challenge water-on-the-rocks2
[2025-06-02 11:26:45] Processus mis à jour pour bruno: trees-along-the-street-vote-20-left-0H:3M - executing
[2025-06-02 11:26:45] Objet challenge créé pour le thread de profil bruno: dynamic-diagonals
[2025-06-02 11:26:45] Objet challenge créé pour le thread de profil bruno: trees-along-the-street
[2025-06-02 11:26:45] Processus mis à jour pour bruno: public-areas-vote-20-left-0H:3M - executing
[2025-06-02 11:26:45] Traitement de vote pour Challenge dynamic-diagonals
[2025-06-02 11:26:45] Traitement de vote pour Challenge trees-along-the-street
[2025-06-02 11:26:45] Objet challenge créé pour le thread de profil bruno: public-areas
[2025-06-02 11:26:45] Traitement de vote pour Challenge public-areas
[2025-06-02 11:26:49] Challenge water-on-the-rocks2 get vote panel
[2025-06-02 11:26:49] Processus associé: water-on-the-rocks2-vote-20-left-0H:2M
[2025-06-02 11:26:55] Challenge the-greatest107 get vote panel
[2025-06-02 11:26:55] Processus associé: the-greatest107-vote-20-left-0H:1M
[2025-06-02 11:27:01] Challenge dynamic-diagonals get vote panel
[2025-06-02 11:27:01] Processus associé: dynamic-diagonals-vote-20-left-0H:3M
[2025-06-02 11:27:07] Challenge the-greatest107 get vote panel
[2025-06-02 11:27:07] Processus associé: the-greatest107-vote-20-left-0H:2M
[2025-06-02 11:27:13] Challenge the-greatest107 get vote panel
[2025-06-02 11:27:13] Processus associé: the-greatest107-vote-70-left-0H:4M
[2025-06-02 11:27:34] Challenge water-on-the-rocks2 get vote panel
[2025-06-02 11:27:34] Processus associé: water-on-the-rocks2-vote-20-left-0H:3M
[2025-06-02 11:27:40] Challenge photo-of-the-week-298 get vote panel
[2025-06-02 11:27:40] Processus associé: photo-of-the-week-298-vote-20-left-0H:3M
[2025-06-02 11:27:46] Challenge trees-along-the-street get vote panel
[2025-06-02 11:27:46] Processus associé: trees-along-the-street-vote-20-left-0H:1M
[2025-06-02 11:27:52] Challenge water-on-the-rocks2 get vote panel
[2025-06-02 11:27:52] Processus associé: water-on-the-rocks2-vote-20-left-0H:1M
[2025-06-02 11:27:58] Challenge public-areas get vote panel
[2025-06-02 11:27:58] Processus associé: public-areas-vote-70-left-0H:4M
[2025-06-02 11:28:19] Challenge photo-of-the-week-298 get vote panel
[2025-06-02 11:28:19] Processus associé: photo-of-the-week-298-vote-20-left-0H:1M
[2025-06-02 11:28:25] Challenge the-greatest107 get vote panel
[2025-06-02 11:28:25] Processus associé: the-greatest107-vote-20-left-0H:3M
[2025-06-02 11:28:31] Challenge dynamic-diagonals get vote panel
[2025-06-02 11:28:31] Processus associé: dynamic-diagonals-vote-20-left-0H:1M
[2025-06-02 11:28:37] Challenge trees-along-the-street get vote panel
[2025-06-02 11:28:37] Processus associé: trees-along-the-street-vote-20-left-0H:2M
[2025-06-02 11:28:43] Challenge dynamic-diagonals get vote panel
[2025-06-02 11:28:43] Processus associé: dynamic-diagonals-vote-20-left-0H:2M
[2025-06-02 11:28:49] Challenge trees-along-the-street get vote panel
[2025-06-02 11:28:49] Processus associé: trees-along-the-street-vote-70-left-0H:4M
[2025-06-02 11:29:10] Challenge photo-of-the-week-298 get vote panel
[2025-06-02 11:29:10] Processus associé: photo-of-the-week-298-vote-70-left-0H:4M
[2025-06-02 11:29:31] Challenge public-areas get vote panel
[2025-06-02 11:29:31] Processus associé: public-areas-vote-20-left-0H:2M
[2025-06-02 11:29:37] Challenge photo-of-the-week-298 get vote panel
[2025-06-02 11:29:37] Processus associé: photo-of-the-week-298-vote-20-left-0H:2M
[2025-06-02 11:29:43] Challenge water-on-the-rocks2 get vote panel
[2025-06-02 11:29:43] Processus associé: water-on-the-rocks2-vote-70-left-0H:4M
[2025-06-02 11:30:04] Challenge water-on-the-rocks2 get vote panel
[2025-06-02 11:30:04] Processus associé: water-on-the-rocks2-vote-1-left-13H:30M
[2025-06-02 11:30:07] Challenge dynamic-diagonals get vote panel
[2025-06-02 11:30:07] Processus associé: dynamic-diagonals-vote-70-left-0H:4M
[2025-06-02 11:30:28] Challenge trees-along-the-street get vote panel
[2025-06-02 11:30:28] Processus associé: trees-along-the-street-vote-20-left-0H:3M
[2025-06-02 11:30:34] Challenge public-areas get vote panel
[2025-06-02 11:30:34] Processus associé: public-areas-vote-20-left-0H:3M
[2025-06-02 11:30:40] Récupération des données de vote pour Challenge public-areas (URL: public-areas, HEADER:{'User-Agent': 'Mozilla/5.0 (X11; Linux i686; rv:39.0) Gecko/20100101 Firefox/39.0', 'x-api-version': '8', 'x-env': 'WEB', 'X-requested-with': 'XMLHttpRequest', 'X-token': 'a1cad95a6d480c14f51dd0eba4914c8337b893c789ec6278bb440c7c9a673b162f042470c62684e6da2bd342ffea7777'})
[2025-06-02 11:30:40] Processus suspect (format de date invalide): dynamic-diagonals-vote-70-left-0H:4M (profil: bruno)
[2025-06-02 11:30:40] Processus supprimé pour bruno: dynamic-diagonals-vote-70-left-0H:4M - zombie
[2025-06-02 11:30:40] Processus mis à jour pour bruno: dynamic-diagonals-vote-70-left-0H:4M - zombie
[2025-06-02 11:30:40] Processus suspect (format de date invalide): dynamic-diagonals-vote-20-left-0H:3M (profil: bruno)
[2025-06-02 11:30:40] Processus supprimé pour bruno: dynamic-diagonals-vote-20-left-0H:3M - zombie
[2025-06-02 11:30:40] Processus mis à jour pour bruno: dynamic-diagonals-vote-20-left-0H:3M - zombie
[2025-06-02 11:30:40] Processus suspect (format de date invalide): dynamic-diagonals-vote-20-left-0H:2M (profil: bruno)
[2025-06-02 11:30:40] Processus supprimé pour bruno: dynamic-diagonals-vote-20-left-0H:2M - zombie
[2025-06-02 11:30:40] Processus mis à jour pour bruno: dynamic-diagonals-vote-20-left-0H:2M - zombie
[2025-06-02 11:30:40] Processus suspect (format de date invalide): dynamic-diagonals-vote-20-left-0H:1M (profil: bruno)
[2025-06-02 11:30:40] Processus supprimé pour bruno: dynamic-diagonals-vote-20-left-0H:1M - zombie
[2025-06-02 11:30:40] Processus mis à jour pour bruno: dynamic-diagonals-vote-20-left-0H:1M - zombie
[2025-06-02 11:30:40] Processus suspect (format de date invalide): photo-of-the-week-298-vote-70-left-0H:4M (profil: bruno)
[2025-06-02 11:30:40] Processus supprimé pour bruno: photo-of-the-week-298-vote-70-left-0H:4M - zombie
[2025-06-02 11:30:40] Processus mis à jour pour bruno: photo-of-the-week-298-vote-70-left-0H:4M - zombie
[2025-06-02 11:30:40] Processus suspect (format de date invalide): photo-of-the-week-298-vote-20-left-0H:3M (profil: bruno)
[2025-06-02 11:30:40] Processus supprimé pour bruno: photo-of-the-week-298-vote-20-left-0H:3M - zombie
[2025-06-02 11:30:40] Processus mis à jour pour bruno: photo-of-the-week-298-vote-20-left-0H:3M - zombie
[2025-06-02 11:30:40] Processus suspect (format de date invalide): photo-of-the-week-298-vote-20-left-0H:2M (profil: bruno)
[2025-06-02 11:30:40] Processus supprimé pour bruno: photo-of-the-week-298-vote-20-left-0H:2M - zombie
[2025-06-02 11:30:40] Processus mis à jour pour bruno: photo-of-the-week-298-vote-20-left-0H:2M - zombie
[2025-06-02 11:30:40] Processus suspect (format de date invalide): photo-of-the-week-298-vote-20-left-0H:1M (profil: bruno)
[2025-06-02 11:30:40] Processus supprimé pour bruno: photo-of-the-week-298-vote-20-left-0H:1M - zombie
[2025-06-02 11:30:40] Processus mis à jour pour bruno: photo-of-the-week-298-vote-20-left-0H:1M - zombie
[2025-06-02 11:30:40] Processus suspect (format de date invalide): the-greatest107-vote-70-left-0H:4M (profil: bruno)
[2025-06-02 11:30:40] Processus supprimé pour bruno: the-greatest107-vote-70-left-0H:4M - zombie
[2025-06-02 11:30:40] Processus mis à jour pour bruno: the-greatest107-vote-70-left-0H:4M - zombie
[2025-06-02 11:30:40] Processus suspect (format de date invalide): the-greatest107-vote-20-left-0H:3M (profil: bruno)
[2025-06-02 11:30:40] Processus supprimé pour bruno: the-greatest107-vote-20-left-0H:3M - zombie
[2025-06-02 11:30:40] Processus mis à jour pour bruno: the-greatest107-vote-20-left-0H:3M - zombie
[2025-06-02 11:30:40] Processus suspect (format de date invalide): the-greatest107-vote-20-left-0H:2M (profil: bruno)
[2025-06-02 11:30:40] Processus supprimé pour bruno: the-greatest107-vote-20-left-0H:2M - zombie
[2025-06-02 11:30:40] Processus mis à jour pour bruno: the-greatest107-vote-20-left-0H:2M - zombie
[2025-06-02 11:30:40] Processus suspect (format de date invalide): the-greatest107-vote-20-left-0H:1M (profil: bruno)
[2025-06-02 11:30:40] Processus supprimé pour bruno: the-greatest107-vote-20-left-0H:1M - zombie
[2025-06-02 11:30:40] Processus mis à jour pour bruno: the-greatest107-vote-20-left-0H:1M - zombie
[2025-06-02 11:30:40] Processus suspect (format de date invalide): trees-along-the-street-vote-70-left-0H:4M (profil: bruno)
[2025-06-02 11:30:40] Processus supprimé pour bruno: trees-along-the-street-vote-70-left-0H:4M - zombie
[2025-06-02 11:30:40] Processus mis à jour pour bruno: trees-along-the-street-vote-70-left-0H:4M - zombie
[2025-06-02 11:30:40] Processus suspect (format de date invalide): trees-along-the-street-vote-20-left-0H:3M (profil: bruno)
[2025-06-02 11:30:40] Processus supprimé pour bruno: trees-along-the-street-vote-20-left-0H:3M - zombie
[2025-06-02 11:30:40] Processus mis à jour pour bruno: trees-along-the-street-vote-20-left-0H:3M - zombie
[2025-06-02 11:30:40] Processus suspect (format de date invalide): trees-along-the-street-vote-20-left-0H:1M (profil: bruno)
[2025-06-02 11:30:40] Processus supprimé pour bruno: trees-along-the-street-vote-20-left-0H:1M - zombie
[2025-06-02 11:30:40] Processus mis à jour pour bruno: trees-along-the-street-vote-20-left-0H:1M - zombie
[2025-06-02 11:30:40] Processus suspect (format de date invalide): trees-along-the-street-vote-20-left-0H:2M (profil: bruno)
[2025-06-02 11:30:40] Processus supprimé pour bruno: trees-along-the-street-vote-20-left-0H:2M - zombie
[2025-06-02 11:30:40] Processus mis à jour pour bruno: trees-along-the-street-vote-20-left-0H:2M - zombie
[2025-06-02 11:30:40] Processus suspect (format de date invalide): public-areas-vote-70-left-0H:4M (profil: bruno)
[2025-06-02 11:30:40] Processus supprimé pour bruno: public-areas-vote-70-left-0H:4M - zombie
[2025-06-02 11:30:40] Processus mis à jour pour bruno: public-areas-vote-70-left-0H:4M - zombie
[2025-06-02 11:30:40] Processus suspect (format de date invalide): public-areas-vote-20-left-0H:3M (profil: bruno)
[2025-06-02 11:30:40] Processus supprimé pour bruno: public-areas-vote-20-left-0H:3M - zombie
[2025-06-02 11:30:40] Processus mis à jour pour bruno: public-areas-vote-20-left-0H:3M - zombie
[2025-06-02 11:30:40] Processus suspect (format de date invalide): public-areas-vote-20-left-0H:2M (profil: bruno)
[2025-06-02 11:30:40] Processus supprimé pour bruno: public-areas-vote-20-left-0H:2M - zombie
[2025-06-02 11:30:40] Processus mis à jour pour bruno: public-areas-vote-20-left-0H:2M - zombie
[2025-06-02 11:30:40] Processus suspect (format de date invalide): public-areas-vote-20-left-0H:1M (profil: bruno)
[2025-06-02 11:30:40] Processus supprimé pour bruno: public-areas-vote-20-left-0H:1M - zombie
[2025-06-02 11:30:40] Processus mis à jour pour bruno: public-areas-vote-20-left-0H:1M - zombie
[2025-06-02 11:30:40] Processus suspect (format de date invalide): water-on-the-rocks2-vote-70-left-0H:4M (profil: bruno)
[2025-06-02 11:30:40] Processus supprimé pour bruno: water-on-the-rocks2-vote-70-left-0H:4M - zombie
[2025-06-02 11:30:40] Processus mis à jour pour bruno: water-on-the-rocks2-vote-70-left-0H:4M - zombie
[2025-06-02 11:30:40] Processus suspect (format de date invalide): water-on-the-rocks2-vote-20-left-0H:3M (profil: bruno)
[2025-06-02 11:30:40] Processus supprimé pour bruno: water-on-the-rocks2-vote-20-left-0H:3M - zombie
[2025-06-02 11:30:40] Processus mis à jour pour bruno: water-on-the-rocks2-vote-20-left-0H:3M - zombie
[2025-06-02 11:30:40] Processus suspect (format de date invalide): water-on-the-rocks2-vote-20-left-0H:2M (profil: bruno)
[2025-06-02 11:30:40] Processus supprimé pour bruno: water-on-the-rocks2-vote-20-left-0H:2M - zombie
[2025-06-02 11:30:40] Processus mis à jour pour bruno: water-on-the-rocks2-vote-20-left-0H:2M - zombie
[2025-06-02 11:30:40] Processus suspect (format de date invalide): water-on-the-rocks2-vote-20-left-0H:1M (profil: bruno)
[2025-06-02 11:30:40] Processus supprimé pour bruno: water-on-the-rocks2-vote-20-left-0H:1M - zombie
[2025-06-02 11:30:40] Processus mis à jour pour bruno: water-on-the-rocks2-vote-20-left-0H:1M - zombie
[2025-06-02 11:30:40] Processus suspect (format de date invalide): water-on-the-rocks2-vote-1-left-13H:30M (profil: bruno)
[2025-06-02 11:30:40] Processus supprimé pour bruno: water-on-the-rocks2-vote-1-left-13H:30M - zombie
[2025-06-02 11:30:40] Processus mis à jour pour bruno: water-on-the-rocks2-vote-1-left-13H:30M - zombie
[2025-06-02 11:30:40] Récupération des données de vote pour Challenge public-areas (URL: public-areas, HEADER:{'User-Agent': 'Mozilla/5.0 (X11; Linux i686; rv:39.0) Gecko/20100101 Firefox/39.0', 'x-api-version': '8', 'x-env': 'WEB', 'X-requested-with': 'XMLHttpRequest', 'X-token': 'a1cad95a6d480c14f51dd0eba4914c8337b893c789ec6278bb440c7c9a673b162f042470c62684e6da2bd342ffea7777'})
[2025-06-02 11:30:40] Récupération des données de vote pour Challenge water-on-the-rocks2 (URL: water-on-the-rocks2, HEADER:{'User-Agent': 'Mozilla/5.0 (X11; Linux i686; rv:39.0) Gecko/20100101 Firefox/39.0', 'x-api-version': '8', 'x-env': 'WEB', 'X-requested-with': 'XMLHttpRequest', 'X-token': 'a1cad95a6d480c14f51dd0eba4914c8337b893c789ec6278bb440c7c9a673b162f042470c62684e6da2bd342ffea7777'})
[2025-06-02 11:30:40] Récupération des données de vote pour Challenge water-on-the-rocks2 (URL: water-on-the-rocks2, HEADER:{'User-Agent': 'Mozilla/5.0 (X11; Linux i686; rv:39.0) Gecko/20100101 Firefox/39.0', 'x-api-version': '8', 'x-env': 'WEB', 'X-requested-with': 'XMLHttpRequest', 'X-token': 'a1cad95a6d480c14f51dd0eba4914c8337b893c789ec6278bb440c7c9a673b162f042470c62684e6da2bd342ffea7777'})
[2025-06-02 11:30:40] Récupération des données de vote pour Challenge the-greatest107 (URL: the-greatest107, HEADER:{'User-Agent': 'Mozilla/5.0 (X11; Linux i686; rv:39.0) Gecko/20100101 Firefox/39.0', 'x-api-version': '8', 'x-env': 'WEB', 'X-requested-with': 'XMLHttpRequest', 'X-token': 'a1cad95a6d480c14f51dd0eba4914c8337b893c789ec6278bb440c7c9a673b162f042470c62684e6da2bd342ffea7777'})
[2025-06-02 11:30:40] Récupération des données de vote pour Challenge the-greatest107 (URL: the-greatest107, HEADER:{'User-Agent': 'Mozilla/5.0 (X11; Linux i686; rv:39.0) Gecko/20100101 Firefox/39.0', 'x-api-version': '8', 'x-env': 'WEB', 'X-requested-with': 'XMLHttpRequest', 'X-token': 'a1cad95a6d480c14f51dd0eba4914c8337b893c789ec6278bb440c7c9a673b162f042470c62684e6da2bd342ffea7777'})
[2025-06-02 11:30:40] Récupération des données de vote pour Challenge dynamic-diagonals (URL: dynamic-diagonals, HEADER:{'User-Agent': 'Mozilla/5.0 (X11; Linux i686; rv:39.0) Gecko/20100101 Firefox/39.0', 'x-api-version': '8', 'x-env': 'WEB', 'X-requested-with': 'XMLHttpRequest', 'X-token': 'a1cad95a6d480c14f51dd0eba4914c8337b893c789ec6278bb440c7c9a673b162f042470c62684e6da2bd342ffea7777'})
[2025-06-02 11:30:40] Récupération des données de vote pour Challenge dynamic-diagonals (URL: dynamic-diagonals, HEADER:{'User-Agent': 'Mozilla/5.0 (X11; Linux i686; rv:39.0) Gecko/20100101 Firefox/39.0', 'x-api-version': '8', 'x-env': 'WEB', 'X-requested-with': 'XMLHttpRequest', 'X-token': 'a1cad95a6d480c14f51dd0eba4914c8337b893c789ec6278bb440c7c9a673b162f042470c62684e6da2bd342ffea7777'})
[2025-06-02 11:30:40] Récupération des données de vote pour Challenge the-greatest107 (URL: the-greatest107, HEADER:{'User-Agent': 'Mozilla/5.0 (X11; Linux i686; rv:39.0) Gecko/20100101 Firefox/39.0', 'x-api-version': '8', 'x-env': 'WEB', 'X-requested-with': 'XMLHttpRequest', 'X-token': 'a1cad95a6d480c14f51dd0eba4914c8337b893c789ec6278bb440c7c9a673b162f042470c62684e6da2bd342ffea7777'})
[2025-06-02 11:30:40] Récupération des données de vote pour Challenge the-greatest107 (URL: the-greatest107, HEADER:{'User-Agent': 'Mozilla/5.0 (X11; Linux i686; rv:39.0) Gecko/20100101 Firefox/39.0', 'x-api-version': '8', 'x-env': 'WEB', 'X-requested-with': 'XMLHttpRequest', 'X-token': 'a1cad95a6d480c14f51dd0eba4914c8337b893c789ec6278bb440c7c9a673b162f042470c62684e6da2bd342ffea7777'})
[2025-06-02 11:30:40] Récupération des données de vote pour Challenge the-greatest107 (URL: the-greatest107, HEADER:{'User-Agent': 'Mozilla/5.0 (X11; Linux i686; rv:39.0) Gecko/20100101 Firefox/39.0', 'x-api-version': '8', 'x-env': 'WEB', 'X-requested-with': 'XMLHttpRequest', 'X-token': 'a1cad95a6d480c14f51dd0eba4914c8337b893c789ec6278bb440c7c9a673b162f042470c62684e6da2bd342ffea7777'})
[2025-06-02 11:30:40] Récupération des données de vote pour Challenge the-greatest107 (URL: the-greatest107, HEADER:{'User-Agent': 'Mozilla/5.0 (X11; Linux i686; rv:39.0) Gecko/20100101 Firefox/39.0', 'x-api-version': '8', 'x-env': 'WEB', 'X-requested-with': 'XMLHttpRequest', 'X-token': 'a1cad95a6d480c14f51dd0eba4914c8337b893c789ec6278bb440c7c9a673b162f042470c62684e6da2bd342ffea7777'})
[2025-06-02 11:30:40] Récupération des données de vote pour Challenge the-greatest107 (URL: the-greatest107, HEADER:{'User-Agent': 'Mozilla/5.0 (X11; Linux i686; rv:39.0) Gecko/20100101 Firefox/39.0', 'x-api-version': '8', 'x-env': 'WEB', 'X-requested-with': 'XMLHttpRequest', 'X-token': 'a1cad95a6d480c14f51dd0eba4914c8337b893c789ec6278bb440c7c9a673b162f042470c62684e6da2bd342ffea7777'})
[2025-06-02 11:30:40] Récupération des données de vote pour Challenge the-greatest107 (URL: the-greatest107, HEADER:{'User-Agent': 'Mozilla/5.0 (X11; Linux i686; rv:39.0) Gecko/20100101 Firefox/39.0', 'x-api-version': '8', 'x-env': 'WEB', 'X-requested-with': 'XMLHttpRequest', 'X-token': 'a1cad95a6d480c14f51dd0eba4914c8337b893c789ec6278bb440c7c9a673b162f042470c62684e6da2bd342ffea7777'})
[2025-06-02 11:30:40] Récupération des données de vote pour Challenge the-greatest107 (URL: the-greatest107, HEADER:{'User-Agent': 'Mozilla/5.0 (X11; Linux i686; rv:39.0) Gecko/20100101 Firefox/39.0', 'x-api-version': '8', 'x-env': 'WEB', 'X-requested-with': 'XMLHttpRequest', 'X-token': 'a1cad95a6d480c14f51dd0eba4914c8337b893c789ec6278bb440c7c9a673b162f042470c62684e6da2bd342ffea7777'})
[2025-06-02 11:30:40] Récupération des données de vote pour Challenge the-greatest107 (URL: the-greatest107, HEADER:{'User-Agent': 'Mozilla/5.0 (X11; Linux i686; rv:39.0) Gecko/20100101 Firefox/39.0', 'x-api-version': '8', 'x-env': 'WEB', 'X-requested-with': 'XMLHttpRequest', 'X-token': 'a1cad95a6d480c14f51dd0eba4914c8337b893c789ec6278bb440c7c9a673b162f042470c62684e6da2bd342ffea7777'})
[2025-06-02 11:30:40] Récupération des données de vote pour Challenge the-greatest107 (URL: the-greatest107, HEADER:{'User-Agent': 'Mozilla/5.0 (X11; Linux i686; rv:39.0) Gecko/20100101 Firefox/39.0', 'x-api-version': '8', 'x-env': 'WEB', 'X-requested-with': 'XMLHttpRequest', 'X-token': 'a1cad95a6d480c14f51dd0eba4914c8337b893c789ec6278bb440c7c9a673b162f042470c62684e6da2bd342ffea7777'})
[2025-06-02 11:30:40] Récupération des données de vote pour Challenge water-on-the-rocks2 (URL: water-on-the-rocks2, HEADER:{'User-Agent': 'Mozilla/5.0 (X11; Linux i686; rv:39.0) Gecko/20100101 Firefox/39.0', 'x-api-version': '8', 'x-env': 'WEB', 'X-requested-with': 'XMLHttpRequest', 'X-token': 'a1cad95a6d480c14f51dd0eba4914c8337b893c789ec6278bb440c7c9a673b162f042470c62684e6da2bd342ffea7777'})
[2025-06-02 11:30:40] Récupération des données de vote pour Challenge water-on-the-rocks2 (URL: water-on-the-rocks2, HEADER:{'User-Agent': 'Mozilla/5.0 (X11; Linux i686; rv:39.0) Gecko/20100101 Firefox/39.0', 'x-api-version': '8', 'x-env': 'WEB', 'X-requested-with': 'XMLHttpRequest', 'X-token': 'a1cad95a6d480c14f51dd0eba4914c8337b893c789ec6278bb440c7c9a673b162f042470c62684e6da2bd342ffea7777'})
[2025-06-02 11:30:40] Récupération des données de vote pour Challenge photo-of-the-week-298 (URL: photo-of-the-week-298, HEADER:{'User-Agent': 'Mozilla/5.0 (X11; Linux i686; rv:39.0) Gecko/20100101 Firefox/39.0', 'x-api-version': '8', 'x-env': 'WEB', 'X-requested-with': 'XMLHttpRequest', 'X-token': 'a1cad95a6d480c14f51dd0eba4914c8337b893c789ec6278bb440c7c9a673b162f042470c62684e6da2bd342ffea7777'})
[2025-06-02 11:30:40] Récupération des données de vote pour Challenge photo-of-the-week-298 (URL: photo-of-the-week-298, HEADER:{'User-Agent': 'Mozilla/5.0 (X11; Linux i686; rv:39.0) Gecko/20100101 Firefox/39.0', 'x-api-version': '8', 'x-env': 'WEB', 'X-requested-with': 'XMLHttpRequest', 'X-token': 'a1cad95a6d480c14f51dd0eba4914c8337b893c789ec6278bb440c7c9a673b162f042470c62684e6da2bd342ffea7777'})
[2025-06-02 11:30:40] Récupération des données de vote pour Challenge trees-along-the-street (URL: trees-along-the-street, HEADER:{'User-Agent': 'Mozilla/5.0 (X11; Linux i686; rv:39.0) Gecko/20100101 Firefox/39.0', 'x-api-version': '8', 'x-env': 'WEB', 'X-requested-with': 'XMLHttpRequest', 'X-token': 'a1cad95a6d480c14f51dd0eba4914c8337b893c789ec6278bb440c7c9a673b162f042470c62684e6da2bd342ffea7777'})
[2025-06-02 11:30:40] Récupération des données de vote pour Challenge trees-along-the-street (URL: trees-along-the-street, HEADER:{'User-Agent': 'Mozilla/5.0 (X11; Linux i686; rv:39.0) Gecko/20100101 Firefox/39.0', 'x-api-version': '8', 'x-env': 'WEB', 'X-requested-with': 'XMLHttpRequest', 'X-token': 'a1cad95a6d480c14f51dd0eba4914c8337b893c789ec6278bb440c7c9a673b162f042470c62684e6da2bd342ffea7777'})
[2025-06-02 11:30:40] Récupération des données de vote pour Challenge water-on-the-rocks2 (URL: water-on-the-rocks2, HEADER:{'User-Agent': 'Mozilla/5.0 (X11; Linux i686; rv:39.0) Gecko/20100101 Firefox/39.0', 'x-api-version': '8', 'x-env': 'WEB', 'X-requested-with': 'XMLHttpRequest', 'X-token': 'a1cad95a6d480c14f51dd0eba4914c8337b893c789ec6278bb440c7c9a673b162f042470c62684e6da2bd342ffea7777'})
[2025-06-02 11:30:40] Récupération des données de vote pour Challenge water-on-the-rocks2 (URL: water-on-the-rocks2, HEADER:{'User-Agent': 'Mozilla/5.0 (X11; Linux i686; rv:39.0) Gecko/20100101 Firefox/39.0', 'x-api-version': '8', 'x-env': 'WEB', 'X-requested-with': 'XMLHttpRequest', 'X-token': 'a1cad95a6d480c14f51dd0eba4914c8337b893c789ec6278bb440c7c9a673b162f042470c62684e6da2bd342ffea7777'})
[2025-06-02 11:30:40] Récupération des données de vote pour Challenge public-areas (URL: public-areas, HEADER:{'User-Agent': 'Mozilla/5.0 (X11; Linux i686; rv:39.0) Gecko/20100101 Firefox/39.0', 'x-api-version': '8', 'x-env': 'WEB', 'X-requested-with': 'XMLHttpRequest', 'X-token': 'a1cad95a6d480c14f51dd0eba4914c8337b893c789ec6278bb440c7c9a673b162f042470c62684e6da2bd342ffea7777'})
[2025-06-02 11:30:40] Récupération des données de vote pour Challenge public-areas (URL: public-areas, HEADER:{'User-Agent': 'Mozilla/5.0 (X11; Linux i686; rv:39.0) Gecko/20100101 Firefox/39.0', 'x-api-version': '8', 'x-env': 'WEB', 'X-requested-with': 'XMLHttpRequest', 'X-token': 'a1cad95a6d480c14f51dd0eba4914c8337b893c789ec6278bb440c7c9a673b162f042470c62684e6da2bd342ffea7777'})
[2025-06-02 11:30:40] Récupération des données de vote pour Challenge public-areas (URL: public-areas, HEADER:{'User-Agent': 'Mozilla/5.0 (X11; Linux i686; rv:39.0) Gecko/20100101 Firefox/39.0', 'x-api-version': '8', 'x-env': 'WEB', 'X-requested-with': 'XMLHttpRequest', 'X-token': 'a1cad95a6d480c14f51dd0eba4914c8337b893c789ec6278bb440c7c9a673b162f042470c62684e6da2bd342ffea7777'})
[2025-06-02 11:30:40] Récupération des données de vote pour Challenge public-areas (URL: public-areas, HEADER:{'User-Agent': 'Mozilla/5.0 (X11; Linux i686; rv:39.0) Gecko/20100101 Firefox/39.0', 'x-api-version': '8', 'x-env': 'WEB', 'X-requested-with': 'XMLHttpRequest', 'X-token': 'a1cad95a6d480c14f51dd0eba4914c8337b893c789ec6278bb440c7c9a673b162f042470c62684e6da2bd342ffea7777'})
[2025-06-02 11:30:40] Récupération des données de vote pour Challenge public-areas (URL: public-areas, HEADER:{'User-Agent': 'Mozilla/5.0 (X11; Linux i686; rv:39.0) Gecko/20100101 Firefox/39.0', 'x-api-version': '8', 'x-env': 'WEB', 'X-requested-with': 'XMLHttpRequest', 'X-token': 'a1cad95a6d480c14f51dd0eba4914c8337b893c789ec6278bb440c7c9a673b162f042470c62684e6da2bd342ffea7777'})
[2025-06-02 11:30:40] Récupération des données de vote pour Challenge public-areas (URL: public-areas, HEADER:{'User-Agent': 'Mozilla/5.0 (X11; Linux i686; rv:39.0) Gecko/20100101 Firefox/39.0', 'x-api-version': '8', 'x-env': 'WEB', 'X-requested-with': 'XMLHttpRequest', 'X-token': 'a1cad95a6d480c14f51dd0eba4914c8337b893c789ec6278bb440c7c9a673b162f042470c62684e6da2bd342ffea7777'})
[2025-06-02 11:30:40] Récupération des données de vote pour Challenge public-areas (URL: public-areas, HEADER:{'User-Agent': 'Mozilla/5.0 (X11; Linux i686; rv:39.0) Gecko/20100101 Firefox/39.0', 'x-api-version': '8', 'x-env': 'WEB', 'X-requested-with': 'XMLHttpRequest', 'X-token': 'a1cad95a6d480c14f51dd0eba4914c8337b893c789ec6278bb440c7c9a673b162f042470c62684e6da2bd342ffea7777'})
[2025-06-02 11:30:40] Récupération des données de vote pour Challenge photo-of-the-week-298 (URL: photo-of-the-week-298, HEADER:{'User-Agent': 'Mozilla/5.0 (X11; Linux i686; rv:39.0) Gecko/20100101 Firefox/39.0', 'x-api-version': '8', 'x-env': 'WEB', 'X-requested-with': 'XMLHttpRequest', 'X-token': 'a1cad95a6d480c14f51dd0eba4914c8337b893c789ec6278bb440c7c9a673b162f042470c62684e6da2bd342ffea7777'})
[2025-06-02 11:30:40] Récupération des données de vote pour Challenge photo-of-the-week-298 (URL: photo-of-the-week-298, HEADER:{'User-Agent': 'Mozilla/5.0 (X11; Linux i686; rv:39.0) Gecko/20100101 Firefox/39.0', 'x-api-version': '8', 'x-env': 'WEB', 'X-requested-with': 'XMLHttpRequest', 'X-token': 'a1cad95a6d480c14f51dd0eba4914c8337b893c789ec6278bb440c7c9a673b162f042470c62684e6da2bd342ffea7777'})
[2025-06-02 11:30:40] Récupération des données de vote pour Challenge the-greatest107 (URL: the-greatest107, HEADER:{'User-Agent': 'Mozilla/5.0 (X11; Linux i686; rv:39.0) Gecko/20100101 Firefox/39.0', 'x-api-version': '8', 'x-env': 'WEB', 'X-requested-with': 'XMLHttpRequest', 'X-token': 'a1cad95a6d480c14f51dd0eba4914c8337b893c789ec6278bb440c7c9a673b162f042470c62684e6da2bd342ffea7777'})
[2025-06-02 11:30:40] Récupération des données de vote pour Challenge the-greatest107 (URL: the-greatest107, HEADER:{'User-Agent': 'Mozilla/5.0 (X11; Linux i686; rv:39.0) Gecko/20100101 Firefox/39.0', 'x-api-version': '8', 'x-env': 'WEB', 'X-requested-with': 'XMLHttpRequest', 'X-token': 'a1cad95a6d480c14f51dd0eba4914c8337b893c789ec6278bb440c7c9a673b162f042470c62684e6da2bd342ffea7777'})
[2025-06-02 11:30:40] Récupération des données de vote pour Challenge dynamic-diagonals (URL: dynamic-diagonals, HEADER:{'User-Agent': 'Mozilla/5.0 (X11; Linux i686; rv:39.0) Gecko/20100101 Firefox/39.0', 'x-api-version': '8', 'x-env': 'WEB', 'X-requested-with': 'XMLHttpRequest', 'X-token': 'a1cad95a6d480c14f51dd0eba4914c8337b893c789ec6278bb440c7c9a673b162f042470c62684e6da2bd342ffea7777'})
[2025-06-02 11:30:40] Récupération des données de vote pour Challenge dynamic-diagonals (URL: dynamic-diagonals, HEADER:{'User-Agent': 'Mozilla/5.0 (X11; Linux i686; rv:39.0) Gecko/20100101 Firefox/39.0', 'x-api-version': '8', 'x-env': 'WEB', 'X-requested-with': 'XMLHttpRequest', 'X-token': 'a1cad95a6d480c14f51dd0eba4914c8337b893c789ec6278bb440c7c9a673b162f042470c62684e6da2bd342ffea7777'})
[2025-06-02 11:30:40] Récupération des données de vote pour Challenge trees-along-the-street (URL: trees-along-the-street, HEADER:{'User-Agent': 'Mozilla/5.0 (X11; Linux i686; rv:39.0) Gecko/20100101 Firefox/39.0', 'x-api-version': '8', 'x-env': 'WEB', 'X-requested-with': 'XMLHttpRequest', 'X-token': 'a1cad95a6d480c14f51dd0eba4914c8337b893c789ec6278bb440c7c9a673b162f042470c62684e6da2bd342ffea7777'})
[2025-06-02 11:30:40] Récupération des données de vote pour Challenge trees-along-the-street (URL: trees-along-the-street, HEADER:{'User-Agent': 'Mozilla/5.0 (X11; Linux i686; rv:39.0) Gecko/20100101 Firefox/39.0', 'x-api-version': '8', 'x-env': 'WEB', 'X-requested-with': 'XMLHttpRequest', 'X-token': 'a1cad95a6d480c14f51dd0eba4914c8337b893c789ec6278bb440c7c9a673b162f042470c62684e6da2bd342ffea7777'})
[2025-06-02 11:30:40] Récupération des données de vote pour Challenge dynamic-diagonals (URL: dynamic-diagonals, HEADER:{'User-Agent': 'Mozilla/5.0 (X11; Linux i686; rv:39.0) Gecko/20100101 Firefox/39.0', 'x-api-version': '8', 'x-env': 'WEB', 'X-requested-with': 'XMLHttpRequest', 'X-token': 'a1cad95a6d480c14f51dd0eba4914c8337b893c789ec6278bb440c7c9a673b162f042470c62684e6da2bd342ffea7777'})
[2025-06-02 11:30:40] Récupération des données de vote pour Challenge dynamic-diagonals (URL: dynamic-diagonals, HEADER:{'User-Agent': 'Mozilla/5.0 (X11; Linux i686; rv:39.0) Gecko/20100101 Firefox/39.0', 'x-api-version': '8', 'x-env': 'WEB', 'X-requested-with': 'XMLHttpRequest', 'X-token': 'a1cad95a6d480c14f51dd0eba4914c8337b893c789ec6278bb440c7c9a673b162f042470c62684e6da2bd342ffea7777'})
[2025-06-02 11:30:40] Récupération des données de vote pour Challenge trees-along-the-street (URL: trees-along-the-street, HEADER:{'User-Agent': 'Mozilla/5.0 (X11; Linux i686; rv:39.0) Gecko/20100101 Firefox/39.0', 'x-api-version': '8', 'x-env': 'WEB', 'X-requested-with': 'XMLHttpRequest', 'X-token': 'a1cad95a6d480c14f51dd0eba4914c8337b893c789ec6278bb440c7c9a673b162f042470c62684e6da2bd342ffea7777'})
[2025-06-02 11:30:40] Récupération des données de vote pour Challenge trees-along-the-street (URL: trees-along-the-street, HEADER:{'User-Agent': 'Mozilla/5.0 (X11; Linux i686; rv:39.0) Gecko/20100101 Firefox/39.0', 'x-api-version': '8', 'x-env': 'WEB', 'X-requested-with': 'XMLHttpRequest', 'X-token': 'a1cad95a6d480c14f51dd0eba4914c8337b893c789ec6278bb440c7c9a673b162f042470c62684e6da2bd342ffea7777'})
[2025-06-02 11:30:40] Récupération des données de vote pour Challenge trees-along-the-street (URL: trees-along-the-street, HEADER:{'User-Agent': 'Mozilla/5.0 (X11; Linux i686; rv:39.0) Gecko/20100101 Firefox/39.0', 'x-api-version': '8', 'x-env': 'WEB', 'X-requested-with': 'XMLHttpRequest', 'X-token': 'a1cad95a6d480c14f51dd0eba4914c8337b893c789ec6278bb440c7c9a673b162f042470c62684e6da2bd342ffea7777'})
[2025-06-02 11:30:40] Récupération des données de vote pour Challenge trees-along-the-street (URL: trees-along-the-street, HEADER:{'User-Agent': 'Mozilla/5.0 (X11; Linux i686; rv:39.0) Gecko/20100101 Firefox/39.0', 'x-api-version': '8', 'x-env': 'WEB', 'X-requested-with': 'XMLHttpRequest', 'X-token': 'a1cad95a6d480c14f51dd0eba4914c8337b893c789ec6278bb440c7c9a673b162f042470c62684e6da2bd342ffea7777'})
[2025-06-02 11:30:40] Récupération des données de vote pour Challenge trees-along-the-street (URL: trees-along-the-street, HEADER:{'User-Agent': 'Mozilla/5.0 (X11; Linux i686; rv:39.0) Gecko/20100101 Firefox/39.0', 'x-api-version': '8', 'x-env': 'WEB', 'X-requested-with': 'XMLHttpRequest', 'X-token': 'a1cad95a6d480c14f51dd0eba4914c8337b893c789ec6278bb440c7c9a673b162f042470c62684e6da2bd342ffea7777'})
[2025-06-02 11:30:40] Récupération des données de vote pour Challenge trees-along-the-street (URL: trees-along-the-street, HEADER:{'User-Agent': 'Mozilla/5.0 (X11; Linux i686; rv:39.0) Gecko/20100101 Firefox/39.0', 'x-api-version': '8', 'x-env': 'WEB', 'X-requested-with': 'XMLHttpRequest', 'X-token': 'a1cad95a6d480c14f51dd0eba4914c8337b893c789ec6278bb440c7c9a673b162f042470c62684e6da2bd342ffea7777'})
[2025-06-02 11:30:40] Récupération des données de vote pour Challenge trees-along-the-street (URL: trees-along-the-street, HEADER:{'User-Agent': 'Mozilla/5.0 (X11; Linux i686; rv:39.0) Gecko/20100101 Firefox/39.0', 'x-api-version': '8', 'x-env': 'WEB', 'X-requested-with': 'XMLHttpRequest', 'X-token': 'a1cad95a6d480c14f51dd0eba4914c8337b893c789ec6278bb440c7c9a673b162f042470c62684e6da2bd342ffea7777'})
[2025-06-02 11:30:40] Récupération des données de vote pour Challenge photo-of-the-week-298 (URL: photo-of-the-week-298, HEADER:{'User-Agent': 'Mozilla/5.0 (X11; Linux i686; rv:39.0) Gecko/20100101 Firefox/39.0', 'x-api-version': '8', 'x-env': 'WEB', 'X-requested-with': 'XMLHttpRequest', 'X-token': 'a1cad95a6d480c14f51dd0eba4914c8337b893c789ec6278bb440c7c9a673b162f042470c62684e6da2bd342ffea7777'})
[2025-06-02 11:30:40] Récupération des données de vote pour Challenge photo-of-the-week-298 (URL: photo-of-the-week-298, HEADER:{'User-Agent': 'Mozilla/5.0 (X11; Linux i686; rv:39.0) Gecko/20100101 Firefox/39.0', 'x-api-version': '8', 'x-env': 'WEB', 'X-requested-with': 'XMLHttpRequest', 'X-token': 'a1cad95a6d480c14f51dd0eba4914c8337b893c789ec6278bb440c7c9a673b162f042470c62684e6da2bd342ffea7777'})
[2025-06-02 11:30:40] Récupération des données de vote pour Challenge photo-of-the-week-298 (URL: photo-of-the-week-298, HEADER:{'User-Agent': 'Mozilla/5.0 (X11; Linux i686; rv:39.0) Gecko/20100101 Firefox/39.0', 'x-api-version': '8', 'x-env': 'WEB', 'X-requested-with': 'XMLHttpRequest', 'X-token': 'a1cad95a6d480c14f51dd0eba4914c8337b893c789ec6278bb440c7c9a673b162f042470c62684e6da2bd342ffea7777'})
[2025-06-02 11:30:40] Récupération des données de vote pour Challenge photo-of-the-week-298 (URL: photo-of-the-week-298, HEADER:{'User-Agent': 'Mozilla/5.0 (X11; Linux i686; rv:39.0) Gecko/20100101 Firefox/39.0', 'x-api-version': '8', 'x-env': 'WEB', 'X-requested-with': 'XMLHttpRequest', 'X-token': 'a1cad95a6d480c14f51dd0eba4914c8337b893c789ec6278bb440c7c9a673b162f042470c62684e6da2bd342ffea7777'})
[2025-06-02 11:30:40] Récupération des données de vote pour Challenge photo-of-the-week-298 (URL: photo-of-the-week-298, HEADER:{'User-Agent': 'Mozilla/5.0 (X11; Linux i686; rv:39.0) Gecko/20100101 Firefox/39.0', 'x-api-version': '8', 'x-env': 'WEB', 'X-requested-with': 'XMLHttpRequest', 'X-token': 'a1cad95a6d480c14f51dd0eba4914c8337b893c789ec6278bb440c7c9a673b162f042470c62684e6da2bd342ffea7777'})
[2025-06-02 11:30:40] Récupération des données de vote pour Challenge photo-of-the-week-298 (URL: photo-of-the-week-298, HEADER:{'User-Agent': 'Mozilla/5.0 (X11; Linux i686; rv:39.0) Gecko/20100101 Firefox/39.0', 'x-api-version': '8', 'x-env': 'WEB', 'X-requested-with': 'XMLHttpRequest', 'X-token': 'a1cad95a6d480c14f51dd0eba4914c8337b893c789ec6278bb440c7c9a673b162f042470c62684e6da2bd342ffea7777'})
[2025-06-02 11:30:40] Récupération des données de vote pour Challenge photo-of-the-week-298 (URL: photo-of-the-week-298, HEADER:{'User-Agent': 'Mozilla/5.0 (X11; Linux i686; rv:39.0) Gecko/20100101 Firefox/39.0', 'x-api-version': '8', 'x-env': 'WEB', 'X-requested-with': 'XMLHttpRequest', 'X-token': 'a1cad95a6d480c14f51dd0eba4914c8337b893c789ec6278bb440c7c9a673b162f042470c62684e6da2bd342ffea7777'})
[2025-06-02 11:30:40] Récupération des données de vote pour Challenge public-areas (URL: public-areas, HEADER:{'User-Agent': 'Mozilla/5.0 (X11; Linux i686; rv:39.0) Gecko/20100101 Firefox/39.0', 'x-api-version': '8', 'x-env': 'WEB', 'X-requested-with': 'XMLHttpRequest', 'X-token': 'a1cad95a6d480c14f51dd0eba4914c8337b893c789ec6278bb440c7c9a673b162f042470c62684e6da2bd342ffea7777'})
[2025-06-02 11:30:40] Récupération des données de vote pour Challenge public-areas (URL: public-areas, HEADER:{'User-Agent': 'Mozilla/5.0 (X11; Linux i686; rv:39.0) Gecko/20100101 Firefox/39.0', 'x-api-version': '8', 'x-env': 'WEB', 'X-requested-with': 'XMLHttpRequest', 'X-token': 'a1cad95a6d480c14f51dd0eba4914c8337b893c789ec6278bb440c7c9a673b162f042470c62684e6da2bd342ffea7777'})
[2025-06-02 11:30:40] Récupération des données de vote pour Challenge photo-of-the-week-298 (URL: photo-of-the-week-298, HEADER:{'User-Agent': 'Mozilla/5.0 (X11; Linux i686; rv:39.0) Gecko/20100101 Firefox/39.0', 'x-api-version': '8', 'x-env': 'WEB', 'X-requested-with': 'XMLHttpRequest', 'X-token': 'a1cad95a6d480c14f51dd0eba4914c8337b893c789ec6278bb440c7c9a673b162f042470c62684e6da2bd342ffea7777'})
[2025-06-02 11:30:40] Récupération des données de vote pour Challenge photo-of-the-week-298 (URL: photo-of-the-week-298, HEADER:{'User-Agent': 'Mozilla/5.0 (X11; Linux i686; rv:39.0) Gecko/20100101 Firefox/39.0', 'x-api-version': '8', 'x-env': 'WEB', 'X-requested-with': 'XMLHttpRequest', 'X-token': 'a1cad95a6d480c14f51dd0eba4914c8337b893c789ec6278bb440c7c9a673b162f042470c62684e6da2bd342ffea7777'})
[2025-06-02 11:30:40] Récupération des données de vote pour Challenge water-on-the-rocks2 (URL: water-on-the-rocks2, HEADER:{'User-Agent': 'Mozilla/5.0 (X11; Linux i686; rv:39.0) Gecko/20100101 Firefox/39.0', 'x-api-version': '8', 'x-env': 'WEB', 'X-requested-with': 'XMLHttpRequest', 'X-token': 'a1cad95a6d480c14f51dd0eba4914c8337b893c789ec6278bb440c7c9a673b162f042470c62684e6da2bd342ffea7777'})
[2025-06-02 11:30:40] Récupération des données de vote pour Challenge water-on-the-rocks2 (URL: water-on-the-rocks2, HEADER:{'User-Agent': 'Mozilla/5.0 (X11; Linux i686; rv:39.0) Gecko/20100101 Firefox/39.0', 'x-api-version': '8', 'x-env': 'WEB', 'X-requested-with': 'XMLHttpRequest', 'X-token': 'a1cad95a6d480c14f51dd0eba4914c8337b893c789ec6278bb440c7c9a673b162f042470c62684e6da2bd342ffea7777'})
[2025-06-02 11:30:40] Récupération des données de vote pour Challenge water-on-the-rocks2 (URL: water-on-the-rocks2, HEADER:{'User-Agent': 'Mozilla/5.0 (X11; Linux i686; rv:39.0) Gecko/20100101 Firefox/39.0', 'x-api-version': '8', 'x-env': 'WEB', 'X-requested-with': 'XMLHttpRequest', 'X-token': 'a1cad95a6d480c14f51dd0eba4914c8337b893c789ec6278bb440c7c9a673b162f042470c62684e6da2bd342ffea7777'})
[2025-06-02 11:30:40] Récupération des données de vote pour Challenge water-on-the-rocks2 (URL: water-on-the-rocks2, HEADER:{'User-Agent': 'Mozilla/5.0 (X11; Linux i686; rv:39.0) Gecko/20100101 Firefox/39.0', 'x-api-version': '8', 'x-env': 'WEB', 'X-requested-with': 'XMLHttpRequest', 'X-token': 'a1cad95a6d480c14f51dd0eba4914c8337b893c789ec6278bb440c7c9a673b162f042470c62684e6da2bd342ffea7777'})
[2025-06-02 11:30:40] Récupération des données de vote pour Challenge water-on-the-rocks2 (URL: water-on-the-rocks2, HEADER:{'User-Agent': 'Mozilla/5.0 (X11; Linux i686; rv:39.0) Gecko/20100101 Firefox/39.0', 'x-api-version': '8', 'x-env': 'WEB', 'X-requested-with': 'XMLHttpRequest', 'X-token': 'a1cad95a6d480c14f51dd0eba4914c8337b893c789ec6278bb440c7c9a673b162f042470c62684e6da2bd342ffea7777'})
[2025-06-02 11:30:40] Récupération des données de vote pour Challenge water-on-the-rocks2 (URL: water-on-the-rocks2, HEADER:{'User-Agent': 'Mozilla/5.0 (X11; Linux i686; rv:39.0) Gecko/20100101 Firefox/39.0', 'x-api-version': '8', 'x-env': 'WEB', 'X-requested-with': 'XMLHttpRequest', 'X-token': 'a1cad95a6d480c14f51dd0eba4914c8337b893c789ec6278bb440c7c9a673b162f042470c62684e6da2bd342ffea7777'})
[2025-06-02 11:30:40] Récupération des données de vote pour Challenge water-on-the-rocks2 (URL: water-on-the-rocks2, HEADER:{'User-Agent': 'Mozilla/5.0 (X11; Linux i686; rv:39.0) Gecko/20100101 Firefox/39.0', 'x-api-version': '8', 'x-env': 'WEB', 'X-requested-with': 'XMLHttpRequest', 'X-token': 'a1cad95a6d480c14f51dd0eba4914c8337b893c789ec6278bb440c7c9a673b162f042470c62684e6da2bd342ffea7777'})
[2025-06-02 11:30:40] Récupération des données de vote pour Challenge water-on-the-rocks2 (URL: water-on-the-rocks2, HEADER:{'User-Agent': 'Mozilla/5.0 (X11; Linux i686; rv:39.0) Gecko/20100101 Firefox/39.0', 'x-api-version': '8', 'x-env': 'WEB', 'X-requested-with': 'XMLHttpRequest', 'X-token': 'a1cad95a6d480c14f51dd0eba4914c8337b893c789ec6278bb440c7c9a673b162f042470c62684e6da2bd342ffea7777'})
[2025-06-02 11:30:40] Récupération des données de vote pour Challenge dynamic-diagonals (URL: dynamic-diagonals, HEADER:{'User-Agent': 'Mozilla/5.0 (X11; Linux i686; rv:39.0) Gecko/20100101 Firefox/39.0', 'x-api-version': '8', 'x-env': 'WEB', 'X-requested-with': 'XMLHttpRequest', 'X-token': 'a1cad95a6d480c14f51dd0eba4914c8337b893c789ec6278bb440c7c9a673b162f042470c62684e6da2bd342ffea7777'})
[2025-06-02 11:30:40] Récupération des données de vote pour Challenge dynamic-diagonals (URL: dynamic-diagonals, HEADER:{'User-Agent': 'Mozilla/5.0 (X11; Linux i686; rv:39.0) Gecko/20100101 Firefox/39.0', 'x-api-version': '8', 'x-env': 'WEB', 'X-requested-with': 'XMLHttpRequest', 'X-token': 'a1cad95a6d480c14f51dd0eba4914c8337b893c789ec6278bb440c7c9a673b162f042470c62684e6da2bd342ffea7777'})
[2025-06-02 11:30:40] Récupération des données de vote pour Challenge dynamic-diagonals (URL: dynamic-diagonals, HEADER:{'User-Agent': 'Mozilla/5.0 (X11; Linux i686; rv:39.0) Gecko/20100101 Firefox/39.0', 'x-api-version': '8', 'x-env': 'WEB', 'X-requested-with': 'XMLHttpRequest', 'X-token': 'a1cad95a6d480c14f51dd0eba4914c8337b893c789ec6278bb440c7c9a673b162f042470c62684e6da2bd342ffea7777'})
[2025-06-02 11:30:40] Récupération des données de vote pour Challenge dynamic-diagonals (URL: dynamic-diagonals, HEADER:{'User-Agent': 'Mozilla/5.0 (X11; Linux i686; rv:39.0) Gecko/20100101 Firefox/39.0', 'x-api-version': '8', 'x-env': 'WEB', 'X-requested-with': 'XMLHttpRequest', 'X-token': 'a1cad95a6d480c14f51dd0eba4914c8337b893c789ec6278bb440c7c9a673b162f042470c62684e6da2bd342ffea7777'})
[2025-06-02 11:30:40] Récupération des données de vote pour Challenge dynamic-diagonals (URL: dynamic-diagonals, HEADER:{'User-Agent': 'Mozilla/5.0 (X11; Linux i686; rv:39.0) Gecko/20100101 Firefox/39.0', 'x-api-version': '8', 'x-env': 'WEB', 'X-requested-with': 'XMLHttpRequest', 'X-token': 'a1cad95a6d480c14f51dd0eba4914c8337b893c789ec6278bb440c7c9a673b162f042470c62684e6da2bd342ffea7777'})
[2025-06-02 11:30:40] Récupération des données de vote pour Challenge dynamic-diagonals (URL: dynamic-diagonals, HEADER:{'User-Agent': 'Mozilla/5.0 (X11; Linux i686; rv:39.0) Gecko/20100101 Firefox/39.0', 'x-api-version': '8', 'x-env': 'WEB', 'X-requested-with': 'XMLHttpRequest', 'X-token': 'a1cad95a6d480c14f51dd0eba4914c8337b893c789ec6278bb440c7c9a673b162f042470c62684e6da2bd342ffea7777'})
[2025-06-02 11:30:40] Récupération des données de vote pour Challenge dynamic-diagonals (URL: dynamic-diagonals, HEADER:{'User-Agent': 'Mozilla/5.0 (X11; Linux i686; rv:39.0) Gecko/20100101 Firefox/39.0', 'x-api-version': '8', 'x-env': 'WEB', 'X-requested-with': 'XMLHttpRequest', 'X-token': 'a1cad95a6d480c14f51dd0eba4914c8337b893c789ec6278bb440c7c9a673b162f042470c62684e6da2bd342ffea7777'})
[2025-06-02 11:30:40] Récupération des données de vote pour Challenge trees-along-the-street (URL: trees-along-the-street, HEADER:{'User-Agent': 'Mozilla/5.0 (X11; Linux i686; rv:39.0) Gecko/20100101 Firefox/39.0', 'x-api-version': '8', 'x-env': 'WEB', 'X-requested-with': 'XMLHttpRequest', 'X-token': 'a1cad95a6d480c14f51dd0eba4914c8337b893c789ec6278bb440c7c9a673b162f042470c62684e6da2bd342ffea7777'})
[2025-06-02 11:30:40] Récupération des données de vote pour Challenge trees-along-the-street (URL: trees-along-the-street, HEADER:{'User-Agent': 'Mozilla/5.0 (X11; Linux i686; rv:39.0) Gecko/20100101 Firefox/39.0', 'x-api-version': '8', 'x-env': 'WEB', 'X-requested-with': 'XMLHttpRequest', 'X-token': 'a1cad95a6d480c14f51dd0eba4914c8337b893c789ec6278bb440c7c9a673b162f042470c62684e6da2bd342ffea7777'})
[2025-06-02 11:30:40] Récupération des données de vote pour Challenge public-areas (URL: public-areas, HEADER:{'User-Agent': 'Mozilla/5.0 (X11; Linux i686; rv:39.0) Gecko/20100101 Firefox/39.0', 'x-api-version': '8', 'x-env': 'WEB', 'X-requested-with': 'XMLHttpRequest', 'X-token': 'a1cad95a6d480c14f51dd0eba4914c8337b893c789ec6278bb440c7c9a673b162f042470c62684e6da2bd342ffea7777'})
[2025-06-02 11:30:40] Récupération des données de vote pour Challenge public-areas (URL: public-areas, HEADER:{'User-Agent': 'Mozilla/5.0 (X11; Linux i686; rv:39.0) Gecko/20100101 Firefox/39.0', 'x-api-version': '8', 'x-env': 'WEB', 'X-requested-with': 'XMLHttpRequest', 'X-token': 'a1cad95a6d480c14f51dd0eba4914c8337b893c789ec6278bb440c7c9a673b162f042470c62684e6da2bd342ffea7777'})
[2025-06-02 11:30:41] Erreur HTTP 403: <html>
<head><title>403 Forbidden</title></head>
<body>
<center><h1>403 Forbidden</h1></center>
...
[2025-06-02 11:30:41] Voting fetching ...
[2025-06-02 11:30:41] Erreur lors de la récupération des données de vote: {'success': False, 'message': 'HTTP 403: <html>\r\n<head><title>403 Forbidden</title></head>\r\n<body>\r\n<center><h1>403 Forbidden</h1></center>\r\n</body>\r\n</html>\r\n', 'challenge': {'close_time': 0}}
[2025-06-02 11:30:41] Erreur HTTP 403: <html>
<head><title>403 Forbidden</title></head>
<body>
<center><h1>403 Forbidden</h1></center>
...
[2025-06-02 11:30:41] Voting fetching ...
[2025-06-02 11:30:41] Erreur lors de la récupération des données de vote: {'success': False, 'message': 'HTTP 403: <html>\r\n<head><title>403 Forbidden</title></head>\r\n<body>\r\n<center><h1>403 Forbidden</h1></center>\r\n</body>\r\n</html>\r\n', 'challenge': {'close_time': 0}}
[2025-06-02 11:30:41] Erreur HTTP 403: <html>
<head><title>403 Forbidden</title></head>
<body>
<center><h1>403 Forbidden</h1></center>
...
[2025-06-02 11:30:41] Voting fetching ...
[2025-06-02 11:30:41] Erreur lors de la récupération des données de vote: {'success': False, 'message': 'HTTP 403: <html>\r\n<head><title>403 Forbidden</title></head>\r\n<body>\r\n<center><h1>403 Forbidden</h1></center>\r\n</body>\r\n</html>\r\n', 'challenge': {'close_time': 0}}
[2025-06-02 11:30:41] Erreur HTTP 403: <html>
<head><title>403 Forbidden</title></head>
<body>
<center><h1>403 Forbidden</h1></center>
...
[2025-06-02 11:30:41] Voting fetching ...
[2025-06-02 11:30:41] Erreur lors de la récupération des données de vote: {'success': False, 'message': 'HTTP 403: <html>\r\n<head><title>403 Forbidden</title></head>\r\n<body>\r\n<center><h1>403 Forbidden</h1></center>\r\n</body>\r\n</html>\r\n', 'challenge': {'close_time': 0}}
[2025-06-02 11:30:41] Erreur HTTP 403: <html>
<head><title>403 Forbidden</title></head>
<body>
<center><h1>403 Forbidden</h1></center>
...
[2025-06-02 11:30:41] Voting fetching ...
[2025-06-02 11:30:41] Erreur lors de la récupération des données de vote: {'success': False, 'message': 'HTTP 403: <html>\r\n<head><title>403 Forbidden</title></head>\r\n<body>\r\n<center><h1>403 Forbidden</h1></center>\r\n</body>\r\n</html>\r\n', 'challenge': {'close_time': 0}}
[2025-06-02 11:30:41] Erreur HTTP 403: <html>
<head><title>403 Forbidden</title></head>
<body>
<center><h1>403 Forbidden</h1></center>
...
[2025-06-02 11:30:41] Voting fetching ...
[2025-06-02 11:30:41] Erreur lors de la récupération des données de vote: {'success': False, 'message': 'HTTP 403: <html>\r\n<head><title>403 Forbidden</title></head>\r\n<body>\r\n<center><h1>403 Forbidden</h1></center>\r\n</body>\r\n</html>\r\n', 'challenge': {'close_time': 0}}
[2025-06-02 11:30:41] Erreur HTTP 403: <html>
<head><title>403 Forbidden</title></head>
<body>
<center><h1>403 Forbidden</h1></center>
...
[2025-06-02 11:30:41] Voting fetching ...
[2025-06-02 11:30:41] Erreur lors de la récupération des données de vote: {'success': False, 'message': 'HTTP 403: <html>\r\n<head><title>403 Forbidden</title></head>\r\n<body>\r\n<center><h1>403 Forbidden</h1></center>\r\n</body>\r\n</html>\r\n', 'challenge': {'close_time': 0}}
[2025-06-02 11:30:41] Erreur HTTP 403: <html>
<head><title>403 Forbidden</title></head>
<body>
<center><h1>403 Forbidden</h1></center>
...
[2025-06-02 11:30:41] Voting fetching ...
[2025-06-02 11:30:41] Erreur lors de la récupération des données de vote: {'success': False, 'message': 'HTTP 403: <html>\r\n<head><title>403 Forbidden</title></head>\r\n<body>\r\n<center><h1>403 Forbidden</h1></center>\r\n</body>\r\n</html>\r\n', 'challenge': {'close_time': 0}}
[2025-06-02 11:30:41] Erreur HTTP 403: <html>
<head><title>403 Forbidden</title></head>
<body>
<center><h1>403 Forbidden</h1></center>
...
[2025-06-02 11:30:41] Voting fetching ...
[2025-06-02 11:30:41] Erreur lors de la récupération des données de vote: {'success': False, 'message': 'HTTP 403: <html>\r\n<head><title>403 Forbidden</title></head>\r\n<body>\r\n<center><h1>403 Forbidden</h1></center>\r\n</body>\r\n</html>\r\n', 'challenge': {'close_time': 0}}
[2025-06-02 11:30:41] Erreur HTTP 403: <html>
<head><title>403 Forbidden</title></head>
<body>
<center><h1>403 Forbidden</h1></center>
...
[2025-06-02 11:30:41] Voting fetching ...
[2025-06-02 11:30:41] Erreur lors de la récupération des données de vote: {'success': False, 'message': 'HTTP 403: <html>\r\n<head><title>403 Forbidden</title></head>\r\n<body>\r\n<center><h1>403 Forbidden</h1></center>\r\n</body>\r\n</html>\r\n', 'challenge': {'close_time': 0}}
[2025-06-02 11:30:41] Erreur HTTP 403: <html>
<head><title>403 Forbidden</title></head>
<body>
<center><h1>403 Forbidden</h1></center>
...
[2025-06-02 11:30:41] Voting fetching ...
[2025-06-02 11:30:41] Erreur lors de la récupération des données de vote: {'success': False, 'message': 'HTTP 403: <html>\r\n<head><title>403 Forbidden</title></head>\r\n<body>\r\n<center><h1>403 Forbidden</h1></center>\r\n</body>\r\n</html>\r\n', 'challenge': {'close_time': 0}}
[2025-06-02 11:30:41] Erreur HTTP 403: <html>
<head><title>403 Forbidden</title></head>
<body>
<center><h1>403 Forbidden</h1></center>
...
[2025-06-02 11:30:41] Voting fetching ...
[2025-06-02 11:30:41] Erreur lors de la récupération des données de vote: {'success': False, 'message': 'HTTP 403: <html>\r\n<head><title>403 Forbidden</title></head>\r\n<body>\r\n<center><h1>403 Forbidden</h1></center>\r\n</body>\r\n</html>\r\n', 'challenge': {'close_time': 0}}
[2025-06-02 11:30:41] Erreur HTTP 403: <html>
<head><title>403 Forbidden</title></head>
<body>
<center><h1>403 Forbidden</h1></center>
...
[2025-06-02 11:30:41] Voting fetching ...
[2025-06-02 11:30:41] Erreur lors de la récupération des données de vote: {'success': False, 'message': 'HTTP 403: <html>\r\n<head><title>403 Forbidden</title></head>\r\n<body>\r\n<center><h1>403 Forbidden</h1></center>\r\n</body>\r\n</html>\r\n', 'challenge': {'close_time': 0}}
[2025-06-02 11:30:41] Erreur HTTP 403: <html>
<head><title>403 Forbidden</title></head>
<body>
<center><h1>403 Forbidden</h1></center>
...
[2025-06-02 11:30:41] Voting fetching ...
[2025-06-02 11:30:41] Erreur lors de la récupération des données de vote: {'success': False, 'message': 'HTTP 403: <html>\r\n<head><title>403 Forbidden</title></head>\r\n<body>\r\n<center><h1>403 Forbidden</h1></center>\r\n</body>\r\n</html>\r\n', 'challenge': {'close_time': 0}}
[2025-06-02 11:30:41] Erreur HTTP 403: <html>
<head><title>403 Forbidden</title></head>
<body>
<center><h1>403 Forbidden</h1></center>
...
[2025-06-02 11:30:41] Voting fetching ...
[2025-06-02 11:30:41] Erreur lors de la récupération des données de vote: {'success': False, 'message': 'HTTP 403: <html>\r\n<head><title>403 Forbidden</title></head>\r\n<body>\r\n<center><h1>403 Forbidden</h1></center>\r\n</body>\r\n</html>\r\n', 'challenge': {'close_time': 0}}
[2025-06-02 11:30:41] Erreur HTTP 403: <html>
<head><title>403 Forbidden</title></head>
<body>
<center><h1>403 Forbidden</h1></center>
...
[2025-06-02 11:30:41] Voting fetching ...
[2025-06-02 11:30:41] Erreur lors de la récupération des données de vote: {'success': False, 'message': 'HTTP 403: <html>\r\n<head><title>403 Forbidden</title></head>\r\n<body>\r\n<center><h1>403 Forbidden</h1></center>\r\n</body>\r\n</html>\r\n', 'challenge': {'close_time': 0}}
[2025-06-02 11:30:41] Erreur HTTP 403: <html>
<head><title>403 Forbidden</title></head>
<body>
<center><h1>403 Forbidden</h1></center>
...
[2025-06-02 11:30:41] Voting fetching ...
[2025-06-02 11:30:41] Erreur lors de la récupération des données de vote: {'success': False, 'message': 'HTTP 403: <html>\r\n<head><title>403 Forbidden</title></head>\r\n<body>\r\n<center><h1>403 Forbidden</h1></center>\r\n</body>\r\n</html>\r\n', 'challenge': {'close_time': 0}}
[2025-06-02 11:30:41] Erreur HTTP 403: <html>
<head><title>403 Forbidden</title></head>
<body>
<center><h1>403 Forbidden</h1></center>
...
[2025-06-02 11:30:41] Voting fetching ...
[2025-06-02 11:30:41] Erreur lors de la récupération des données de vote: {'success': False, 'message': 'HTTP 403: <html>\r\n<head><title>403 Forbidden</title></head>\r\n<body>\r\n<center><h1>403 Forbidden</h1></center>\r\n</body>\r\n</html>\r\n', 'challenge': {'close_time': 0}}
[2025-06-02 11:30:41] Erreur HTTP 403: <html>
<head><title>403 Forbidden</title></head>
<body>
<center><h1>403 Forbidden</h1></center>
...
[2025-06-02 11:30:41] Voting fetching ...
[2025-06-02 11:30:41] Erreur lors de la récupération des données de vote: {'success': False, 'message': 'HTTP 403: <html>\r\n<head><title>403 Forbidden</title></head>\r\n<body>\r\n<center><h1>403 Forbidden</h1></center>\r\n</body>\r\n</html>\r\n', 'challenge': {'close_time': 0}}
[2025-06-02 11:30:41] Erreur HTTP 403: <html>
<head><title>403 Forbidden</title></head>
<body>
<center><h1>403 Forbidden</h1></center>
...
[2025-06-02 11:30:41] Voting fetching ...
[2025-06-02 11:30:41] Erreur lors de la récupération des données de vote: {'success': False, 'message': 'HTTP 403: <html>\r\n<head><title>403 Forbidden</title></head>\r\n<body>\r\n<center><h1>403 Forbidden</h1></center>\r\n</body>\r\n</html>\r\n', 'challenge': {'close_time': 0}}
[2025-06-02 11:30:41] Erreur HTTP 403: <html>
<head><title>403 Forbidden</title></head>
<body>
<center><h1>403 Forbidden</h1></center>
...
[2025-06-02 11:30:41] Voting fetching ...
[2025-06-02 11:30:41] Erreur lors de la récupération des données de vote: {'success': False, 'message': 'HTTP 403: <html>\r\n<head><title>403 Forbidden</title></head>\r\n<body>\r\n<center><h1>403 Forbidden</h1></center>\r\n</body>\r\n</html>\r\n', 'challenge': {'close_time': 0}}
[2025-06-02 11:30:41] Erreur HTTP 403: <html>
<head><title>403 Forbidden</title></head>
<body>
<center><h1>403 Forbidden</h1></center>
...
[2025-06-02 11:30:41] Voting fetching ...
[2025-06-02 11:30:41] Erreur lors de la récupération des données de vote: {'success': False, 'message': 'HTTP 403: <html>\r\n<head><title>403 Forbidden</title></head>\r\n<body>\r\n<center><h1>403 Forbidden</h1></center>\r\n</body>\r\n</html>\r\n', 'challenge': {'close_time': 0}}
[2025-06-02 11:30:41] Erreur HTTP 403: <html>
<head><title>403 Forbidden</title></head>
<body>
<center><h1>403 Forbidden</h1></center>
...
[2025-06-02 11:30:41] Voting fetching ...
[2025-06-02 11:30:41] Erreur lors de la récupération des données de vote: {'success': False, 'message': 'HTTP 403: <html>\r\n<head><title>403 Forbidden</title></head>\r\n<body>\r\n<center><h1>403 Forbidden</h1></center>\r\n</body>\r\n</html>\r\n', 'challenge': {'close_time': 0}}
[2025-06-02 11:30:41] Erreur HTTP 403: <html>
<head><title>403 Forbidden</title></head>
<body>
<center><h1>403 Forbidden</h1></center>
...
[2025-06-02 11:30:41] Voting fetching ...
[2025-06-02 11:30:41] Erreur lors de la récupération des données de vote: {'success': False, 'message': 'HTTP 403: <html>\r\n<head><title>403 Forbidden</title></head>\r\n<body>\r\n<center><h1>403 Forbidden</h1></center>\r\n</body>\r\n</html>\r\n', 'challenge': {'close_time': 0}}
[2025-06-02 11:30:41] Erreur HTTP 403: <html>
<head><title>403 Forbidden</title></head>
<body>
<center><h1>403 Forbidden</h1></center>
...
[2025-06-02 11:30:41] Voting fetching ...
[2025-06-02 11:30:41] Erreur lors de la récupération des données de vote: {'success': False, 'message': 'HTTP 403: <html>\r\n<head><title>403 Forbidden</title></head>\r\n<body>\r\n<center><h1>403 Forbidden</h1></center>\r\n</body>\r\n</html>\r\n', 'challenge': {'close_time': 0}}
[2025-06-02 11:30:41] Erreur HTTP 403: <html>
<head><title>403 Forbidden</title></head>
<body>
<center><h1>403 Forbidden</h1></center>
...
[2025-06-02 11:30:41] Voting fetching ...
[2025-06-02 11:30:41] Erreur lors de la récupération des données de vote: {'success': False, 'message': 'HTTP 403: <html>\r\n<head><title>403 Forbidden</title></head>\r\n<body>\r\n<center><h1>403 Forbidden</h1></center>\r\n</body>\r\n</html>\r\n', 'challenge': {'close_time': 0}}
[2025-06-02 11:30:41] Erreur HTTP 403: <html>
<head><title>403 Forbidden</title></head>
<body>
<center><h1>403 Forbidden</h1></center>
...
[2025-06-02 11:30:41] Voting fetching ...
[2025-06-02 11:30:41] Erreur lors de la récupération des données de vote: {'success': False, 'message': 'HTTP 403: <html>\r\n<head><title>403 Forbidden</title></head>\r\n<body>\r\n<center><h1>403 Forbidden</h1></center>\r\n</body>\r\n</html>\r\n', 'challenge': {'close_time': 0}}
[2025-06-02 11:30:41] Erreur HTTP 403: <html>
<head><title>403 Forbidden</title></head>
<body>
<center><h1>403 Forbidden</h1></center>
...
[2025-06-02 11:30:41] Voting fetching ...
[2025-06-02 11:30:41] Erreur lors de la récupération des données de vote: {'success': False, 'message': 'HTTP 403: <html>\r\n<head><title>403 Forbidden</title></head>\r\n<body>\r\n<center><h1>403 Forbidden</h1></center>\r\n</body>\r\n</html>\r\n', 'challenge': {'close_time': 0}}
[2025-06-02 11:30:41] Erreur HTTP 403: <html>
<head><title>403 Forbidden</title></head>
<body>
<center><h1>403 Forbidden</h1></center>
...
[2025-06-02 11:30:41] Voting fetching ...
[2025-06-02 11:30:41] Erreur lors de la récupération des données de vote: {'success': False, 'message': 'HTTP 403: <html>\r\n<head><title>403 Forbidden</title></head>\r\n<body>\r\n<center><h1>403 Forbidden</h1></center>\r\n</body>\r\n</html>\r\n', 'challenge': {'close_time': 0}}
[2025-06-02 11:30:41] Erreur HTTP 403: <html>
<head><title>403 Forbidden</title></head>
<body>
<center><h1>403 Forbidden</h1></center>
...
[2025-06-02 11:30:41] Voting fetching ...
[2025-06-02 11:30:41] Erreur lors de la récupération des données de vote: {'success': False, 'message': 'HTTP 403: <html>\r\n<head><title>403 Forbidden</title></head>\r\n<body>\r\n<center><h1>403 Forbidden</h1></center>\r\n</body>\r\n</html>\r\n', 'challenge': {'close_time': 0}}
[2025-06-02 11:30:41] Erreur HTTP 403: <html>
<head><title>403 Forbidden</title></head>
<body>
<center><h1>403 Forbidden</h1></center>
...
[2025-06-02 11:30:41] Voting fetching ...
[2025-06-02 11:30:41] Erreur lors de la récupération des données de vote: {'success': False, 'message': 'HTTP 403: <html>\r\n<head><title>403 Forbidden</title></head>\r\n<body>\r\n<center><h1>403 Forbidden</h1></center>\r\n</body>\r\n</html>\r\n', 'challenge': {'close_time': 0}}
[2025-06-02 11:30:41] Erreur HTTP 403: <html>
<head><title>403 Forbidden</title></head>
<body>
<center><h1>403 Forbidden</h1></center>
...
[2025-06-02 11:30:41] Voting fetching ...
[2025-06-02 11:30:41] Erreur lors de la récupération des données de vote: {'success': False, 'message': 'HTTP 403: <html>\r\n<head><title>403 Forbidden</title></head>\r\n<body>\r\n<center><h1>403 Forbidden</h1></center>\r\n</body>\r\n</html>\r\n', 'challenge': {'close_time': 0}}
[2025-06-02 11:30:41] Erreur HTTP 403: <html>
<head><title>403 Forbidden</title></head>
<body>
<center><h1>403 Forbidden</h1></center>
...
[2025-06-02 11:30:41] Voting fetching ...
[2025-06-02 11:30:41] Erreur lors de la récupération des données de vote: {'success': False, 'message': 'HTTP 403: <html>\r\n<head><title>403 Forbidden</title></head>\r\n<body>\r\n<center><h1>403 Forbidden</h1></center>\r\n</body>\r\n</html>\r\n', 'challenge': {'close_time': 0}}
[2025-06-02 11:30:41] Erreur HTTP 403: <html>
<head><title>403 Forbidden</title></head>
<body>
<center><h1>403 Forbidden</h1></center>
...
[2025-06-02 11:30:41] Voting fetching ...
[2025-06-02 11:30:41] Erreur lors de la récupération des données de vote: {'success': False, 'message': 'HTTP 403: <html>\r\n<head><title>403 Forbidden</title></head>\r\n<body>\r\n<center><h1>403 Forbidden</h1></center>\r\n</body>\r\n</html>\r\n', 'challenge': {'close_time': 0}}
[2025-06-02 11:30:41] Erreur HTTP 403: <html>
<head><title>403 Forbidden</title></head>
<body>
<center><h1>403 Forbidden</h1></center>
...
[2025-06-02 11:30:41] Voting fetching ...
[2025-06-02 11:30:41] Erreur lors de la récupération des données de vote: {'success': False, 'message': 'HTTP 403: <html>\r\n<head><title>403 Forbidden</title></head>\r\n<body>\r\n<center><h1>403 Forbidden</h1></center>\r\n</body>\r\n</html>\r\n', 'challenge': {'close_time': 0}}
[2025-06-02 11:30:41] Erreur HTTP 403: <html>
<head><title>403 Forbidden</title></head>
<body>
<center><h1>403 Forbidden</h1></center>
...
[2025-06-02 11:30:41] Voting fetching ...
[2025-06-02 11:30:41] Erreur lors de la récupération des données de vote: {'success': False, 'message': 'HTTP 403: <html>\r\n<head><title>403 Forbidden</title></head>\r\n<body>\r\n<center><h1>403 Forbidden</h1></center>\r\n</body>\r\n</html>\r\n', 'challenge': {'close_time': 0}}
[2025-06-02 11:30:41] Erreur HTTP 403: <html>
<head><title>403 Forbidden</title></head>
<body>
<center><h1>403 Forbidden</h1></center>
...
[2025-06-02 11:30:41] Voting fetching ...
[2025-06-02 11:30:41] Erreur lors de la récupération des données de vote: {'success': False, 'message': 'HTTP 403: <html>\r\n<head><title>403 Forbidden</title></head>\r\n<body>\r\n<center><h1>403 Forbidden</h1></center>\r\n</body>\r\n</html>\r\n', 'challenge': {'close_time': 0}}
[2025-06-02 11:30:41] Erreur HTTP 403: <html>
<head><title>403 Forbidden</title></head>
<body>
<center><h1>403 Forbidden</h1></center>
...
[2025-06-02 11:30:41] Voting fetching ...
[2025-06-02 11:30:41] Erreur lors de la récupération des données de vote: {'success': False, 'message': 'HTTP 403: <html>\r\n<head><title>403 Forbidden</title></head>\r\n<body>\r\n<center><h1>403 Forbidden</h1></center>\r\n</body>\r\n</html>\r\n', 'challenge': {'close_time': 0}}
[2025-06-02 11:30:41] Erreur HTTP 403: <html>
<head><title>403 Forbidden</title></head>
<body>
<center><h1>403 Forbidden</h1></center>
...
[2025-06-02 11:30:41] Voting fetching ...
[2025-06-02 11:30:41] Erreur lors de la récupération des données de vote: {'success': False, 'message': 'HTTP 403: <html>\r\n<head><title>403 Forbidden</title></head>\r\n<body>\r\n<center><h1>403 Forbidden</h1></center>\r\n</body>\r\n</html>\r\n', 'challenge': {'close_time': 0}}
[2025-06-02 11:30:41] Erreur HTTP 403: <html>
<head><title>403 Forbidden</title></head>
<body>
<center><h1>403 Forbidden</h1></center>
...
[2025-06-02 11:30:41] Voting fetching ...
[2025-06-02 11:30:41] Erreur lors de la récupération des données de vote: {'success': False, 'message': 'HTTP 403: <html>\r\n<head><title>403 Forbidden</title></head>\r\n<body>\r\n<center><h1>403 Forbidden</h1></center>\r\n</body>\r\n</html>\r\n', 'challenge': {'close_time': 0}}
[2025-06-02 11:30:41] Erreur HTTP 403: <html>
<head><title>403 Forbidden</title></head>
<body>
<center><h1>403 Forbidden</h1></center>
...
[2025-06-02 11:30:41] Voting fetching ...
[2025-06-02 11:30:41] Erreur lors de la récupération des données de vote: {'success': False, 'message': 'HTTP 403: <html>\r\n<head><title>403 Forbidden</title></head>\r\n<body>\r\n<center><h1>403 Forbidden</h1></center>\r\n</body>\r\n</html>\r\n', 'challenge': {'close_time': 0}}
[2025-06-02 11:30:41] Erreur HTTP 403: <html>
<head><title>403 Forbidden</title></head>
<body>
<center><h1>403 Forbidden</h1></center>
...
[2025-06-02 11:30:41] Voting fetching ...
[2025-06-02 11:30:41] Erreur lors de la récupération des données de vote: {'success': False, 'message': 'HTTP 403: <html>\r\n<head><title>403 Forbidden</title></head>\r\n<body>\r\n<center><h1>403 Forbidden</h1></center>\r\n</body>\r\n</html>\r\n', 'challenge': {'close_time': 0}}
[2025-06-02 11:30:41] Erreur HTTP 403: <html>
<head><title>403 Forbidden</title></head>
<body>
<center><h1>403 Forbidden</h1></center>
...
[2025-06-02 11:30:41] Voting fetching ...
[2025-06-02 11:30:41] Erreur lors de la récupération des données de vote: {'success': False, 'message': 'HTTP 403: <html>\r\n<head><title>403 Forbidden</title></head>\r\n<body>\r\n<center><h1>403 Forbidden</h1></center>\r\n</body>\r\n</html>\r\n', 'challenge': {'close_time': 0}}
[2025-06-02 11:30:41] Erreur HTTP 403: <html>
<head><title>403 Forbidden</title></head>
<body>
<center><h1>403 Forbidden</h1></center>
...
[2025-06-02 11:30:41] Voting fetching ...
[2025-06-02 11:30:41] Erreur lors de la récupération des données de vote: {'success': False, 'message': 'HTTP 403: <html>\r\n<head><title>403 Forbidden</title></head>\r\n<body>\r\n<center><h1>403 Forbidden</h1></center>\r\n</body>\r\n</html>\r\n', 'challenge': {'close_time': 0}}
[2025-06-02 11:30:41] Erreur HTTP 403: <html>
<head><title>403 Forbidden</title></head>
<body>
<center><h1>403 Forbidden</h1></center>
...
[2025-06-02 11:30:41] Voting fetching ...
[2025-06-02 11:30:41] Erreur lors de la récupération des données de vote: {'success': False, 'message': 'HTTP 403: <html>\r\n<head><title>403 Forbidden</title></head>\r\n<body>\r\n<center><h1>403 Forbidden</h1></center>\r\n</body>\r\n</html>\r\n', 'challenge': {'close_time': 0}}
[2025-06-02 11:30:41] Erreur HTTP 403: <html>
<head><title>403 Forbidden</title></head>
<body>
<center><h1>403 Forbidden</h1></center>
...
[2025-06-02 11:30:41] Voting fetching ...
[2025-06-02 11:30:41] Erreur lors de la récupération des données de vote: {'success': False, 'message': 'HTTP 403: <html>\r\n<head><title>403 Forbidden</title></head>\r\n<body>\r\n<center><h1>403 Forbidden</h1></center>\r\n</body>\r\n</html>\r\n', 'challenge': {'close_time': 0}}
[2025-06-02 11:30:41] Erreur HTTP 403: <html>
<head><title>403 Forbidden</title></head>
<body>
<center><h1>403 Forbidden</h1></center>
...
[2025-06-02 11:30:41] Voting fetching ...
[2025-06-02 11:30:41] Erreur lors de la récupération des données de vote: {'success': False, 'message': 'HTTP 403: <html>\r\n<head><title>403 Forbidden</title></head>\r\n<body>\r\n<center><h1>403 Forbidden</h1></center>\r\n</body>\r\n</html>\r\n', 'challenge': {'close_time': 0}}
[2025-06-02 11:30:41] Erreur HTTP 403: <html>
<head><title>403 Forbidden</title></head>
<body>
<center><h1>403 Forbidden</h1></center>
...
[2025-06-02 11:30:41] Voting fetching ...
[2025-06-02 11:30:41] Erreur lors de la récupération des données de vote: {'success': False, 'message': 'HTTP 403: <html>\r\n<head><title>403 Forbidden</title></head>\r\n<body>\r\n<center><h1>403 Forbidden</h1></center>\r\n</body>\r\n</html>\r\n', 'challenge': {'close_time': 0}}
[2025-06-02 11:30:41] Erreur HTTP 403: <html>
<head><title>403 Forbidden</title></head>
<body>
<center><h1>403 Forbidden</h1></center>
...
[2025-06-02 11:30:41] Voting fetching ...
[2025-06-02 11:30:41] Erreur lors de la récupération des données de vote: {'success': False, 'message': 'HTTP 403: <html>\r\n<head><title>403 Forbidden</title></head>\r\n<body>\r\n<center><h1>403 Forbidden</h1></center>\r\n</body>\r\n</html>\r\n', 'challenge': {'close_time': 0}}
[2025-06-02 11:30:41] Erreur HTTP 403: <html>
<head><title>403 Forbidden</title></head>
<body>
<center><h1>403 Forbidden</h1></center>
...
[2025-06-02 11:30:41] Voting fetching ...
[2025-06-02 11:30:41] Erreur lors de la récupération des données de vote: {'success': False, 'message': 'HTTP 403: <html>\r\n<head><title>403 Forbidden</title></head>\r\n<body>\r\n<center><h1>403 Forbidden</h1></center>\r\n</body>\r\n</html>\r\n', 'challenge': {'close_time': 0}}
[2025-06-02 11:30:41] Erreur HTTP 403: <html>
<head><title>403 Forbidden</title></head>
<body>
<center><h1>403 Forbidden</h1></center>
...
[2025-06-02 11:30:41] Voting fetching ...
[2025-06-02 11:30:41] Erreur lors de la récupération des données de vote: {'success': False, 'message': 'HTTP 403: <html>\r\n<head><title>403 Forbidden</title></head>\r\n<body>\r\n<center><h1>403 Forbidden</h1></center>\r\n</body>\r\n</html>\r\n', 'challenge': {'close_time': 0}}
[2025-06-02 11:30:41] Erreur HTTP 403: <html>
<head><title>403 Forbidden</title></head>
<body>
<center><h1>403 Forbidden</h1></center>
...
[2025-06-02 11:30:41] Voting fetching ...
[2025-06-02 11:30:41] Erreur lors de la récupération des données de vote: {'success': False, 'message': 'HTTP 403: <html>\r\n<head><title>403 Forbidden</title></head>\r\n<body>\r\n<center><h1>403 Forbidden</h1></center>\r\n</body>\r\n</html>\r\n', 'challenge': {'close_time': 0}}
[2025-06-02 11:30:41] Erreur HTTP 403: <html>
<head><title>403 Forbidden</title></head>
<body>
<center><h1>403 Forbidden</h1></center>
...
[2025-06-02 11:30:41] Voting fetching ...
[2025-06-02 11:30:41] Erreur lors de la récupération des données de vote: {'success': False, 'message': 'HTTP 403: <html>\r\n<head><title>403 Forbidden</title></head>\r\n<body>\r\n<center><h1>403 Forbidden</h1></center>\r\n</body>\r\n</html>\r\n', 'challenge': {'close_time': 0}}
[2025-06-02 11:30:41] Erreur HTTP 403: <html>
<head><title>403 Forbidden</title></head>
<body>
<center><h1>403 Forbidden</h1></center>
...
[2025-06-02 11:30:41] Voting fetching ...
[2025-06-02 11:30:41] Erreur lors de la récupération des données de vote: {'success': False, 'message': 'HTTP 403: <html>\r\n<head><title>403 Forbidden</title></head>\r\n<body>\r\n<center><h1>403 Forbidden</h1></center>\r\n</body>\r\n</html>\r\n', 'challenge': {'close_time': 0}}
[2025-06-02 11:30:41] Erreur HTTP 403: <html>
<head><title>403 Forbidden</title></head>
<body>
<center><h1>403 Forbidden</h1></center>
...
[2025-06-02 11:30:41] Voting fetching ...
[2025-06-02 11:30:41] Erreur lors de la récupération des données de vote: {'success': False, 'message': 'HTTP 403: <html>\r\n<head><title>403 Forbidden</title></head>\r\n<body>\r\n<center><h1>403 Forbidden</h1></center>\r\n</body>\r\n</html>\r\n', 'challenge': {'close_time': 0}}
[2025-06-02 11:30:41] Erreur HTTP 403: <html>
<head><title>403 Forbidden</title></head>
<body>
<center><h1>403 Forbidden</h1></center>
...
[2025-06-02 11:30:41] Voting fetching ...
[2025-06-02 11:30:41] Erreur lors de la récupération des données de vote: {'success': False, 'message': 'HTTP 403: <html>\r\n<head><title>403 Forbidden</title></head>\r\n<body>\r\n<center><h1>403 Forbidden</h1></center>\r\n</body>\r\n</html>\r\n', 'challenge': {'close_time': 0}}
[2025-06-02 11:30:41] Erreur HTTP 403: <html>
<head><title>403 Forbidden</title></head>
<body>
<center><h1>403 Forbidden</h1></center>
...
[2025-06-02 11:30:41] Voting fetching ...
[2025-06-02 11:30:41] Erreur lors de la récupération des données de vote: {'success': False, 'message': 'HTTP 403: <html>\r\n<head><title>403 Forbidden</title></head>\r\n<body>\r\n<center><h1>403 Forbidden</h1></center>\r\n</body>\r\n</html>\r\n', 'challenge': {'close_time': 0}}
[2025-06-02 11:30:41] Erreur HTTP 403: <html>
<head><title>403 Forbidden</title></head>
<body>
<center><h1>403 Forbidden</h1></center>
...
[2025-06-02 11:30:41] Voting fetching ...
[2025-06-02 11:30:41] Erreur lors de la récupération des données de vote: {'success': False, 'message': 'HTTP 403: <html>\r\n<head><title>403 Forbidden</title></head>\r\n<body>\r\n<center><h1>403 Forbidden</h1></center>\r\n</body>\r\n</html>\r\n', 'challenge': {'close_time': 0}}
[2025-06-02 11:30:41] Erreur HTTP 403: <html>
<head><title>403 Forbidden</title></head>
<body>
<center><h1>403 Forbidden</h1></center>
...
[2025-06-02 11:30:41] Voting fetching ...
[2025-06-02 11:30:41] Erreur lors de la récupération des données de vote: {'success': False, 'message': 'HTTP 403: <html>\r\n<head><title>403 Forbidden</title></head>\r\n<body>\r\n<center><h1>403 Forbidden</h1></center>\r\n</body>\r\n</html>\r\n', 'challenge': {'close_time': 0}}
[2025-06-02 11:30:41] Erreur HTTP 403: <html>
<head><title>403 Forbidden</title></head>
<body>
<center><h1>403 Forbidden</h1></center>
...
[2025-06-02 11:30:41] Voting fetching ...
[2025-06-02 11:30:41] Erreur lors de la récupération des données de vote: {'success': False, 'message': 'HTTP 403: <html>\r\n<head><title>403 Forbidden</title></head>\r\n<body>\r\n<center><h1>403 Forbidden</h1></center>\r\n</body>\r\n</html>\r\n', 'challenge': {'close_time': 0}}
[2025-06-02 11:30:41] Erreur HTTP 403: <html>
<head><title>403 Forbidden</title></head>
<body>
<center><h1>403 Forbidden</h1></center>
...
[2025-06-02 11:30:41] Voting fetching ...
[2025-06-02 11:30:41] Erreur lors de la récupération des données de vote: {'success': False, 'message': 'HTTP 403: <html>\r\n<head><title>403 Forbidden</title></head>\r\n<body>\r\n<center><h1>403 Forbidden</h1></center>\r\n</body>\r\n</html>\r\n', 'challenge': {'close_time': 0}}
[2025-06-02 11:30:41] Erreur HTTP 403: <html>
<head><title>403 Forbidden</title></head>
<body>
<center><h1>403 Forbidden</h1></center>
...
[2025-06-02 11:30:41] Voting fetching ...
[2025-06-02 11:30:41] Erreur lors de la récupération des données de vote: {'success': False, 'message': 'HTTP 403: <html>\r\n<head><title>403 Forbidden</title></head>\r\n<body>\r\n<center><h1>403 Forbidden</h1></center>\r\n</body>\r\n</html>\r\n', 'challenge': {'close_time': 0}}
[2025-06-02 11:30:41] Erreur HTTP 403: <html>
<head><title>403 Forbidden</title></head>
<body>
<center><h1>403 Forbidden</h1></center>
...
[2025-06-02 11:30:41] Voting fetching ...
[2025-06-02 11:30:41] Erreur lors de la récupération des données de vote: {'success': False, 'message': 'HTTP 403: <html>\r\n<head><title>403 Forbidden</title></head>\r\n<body>\r\n<center><h1>403 Forbidden</h1></center>\r\n</body>\r\n</html>\r\n', 'challenge': {'close_time': 0}}
[2025-06-02 11:30:41] Erreur HTTP 403: <html>
<head><title>403 Forbidden</title></head>
<body>
<center><h1>403 Forbidden</h1></center>
...
[2025-06-02 11:30:41] Voting fetching ...
[2025-06-02 11:30:41] Erreur lors de la récupération des données de vote: {'success': False, 'message': 'HTTP 403: <html>\r\n<head><title>403 Forbidden</title></head>\r\n<body>\r\n<center><h1>403 Forbidden</h1></center>\r\n</body>\r\n</html>\r\n', 'challenge': {'close_time': 0}}
[2025-06-02 11:30:41] Erreur HTTP 403: <html>
<head><title>403 Forbidden</title></head>
<body>
<center><h1>403 Forbidden</h1></center>
...
[2025-06-02 11:30:41] Voting fetching ...
[2025-06-02 11:30:41] Erreur lors de la récupération des données de vote: {'success': False, 'message': 'HTTP 403: <html>\r\n<head><title>403 Forbidden</title></head>\r\n<body>\r\n<center><h1>403 Forbidden</h1></center>\r\n</body>\r\n</html>\r\n', 'challenge': {'close_time': 0}}
[2025-06-02 11:30:41] Erreur HTTP 403: <html>
<head><title>403 Forbidden</title></head>
<body>
<center><h1>403 Forbidden</h1></center>
...
[2025-06-02 11:30:41] Voting fetching ...
[2025-06-02 11:30:41] Erreur lors de la récupération des données de vote: {'success': False, 'message': 'HTTP 403: <html>\r\n<head><title>403 Forbidden</title></head>\r\n<body>\r\n<center><h1>403 Forbidden</h1></center>\r\n</body>\r\n</html>\r\n', 'challenge': {'close_time': 0}}
[2025-06-02 11:30:41] Erreur HTTP 403: <html>
<head><title>403 Forbidden</title></head>
<body>
<center><h1>403 Forbidden</h1></center>
...
[2025-06-02 11:30:41] Voting fetching ...
[2025-06-02 11:30:41] Erreur lors de la récupération des données de vote: {'success': False, 'message': 'HTTP 403: <html>\r\n<head><title>403 Forbidden</title></head>\r\n<body>\r\n<center><h1>403 Forbidden</h1></center>\r\n</body>\r\n</html>\r\n', 'challenge': {'close_time': 0}}
[2025-06-02 11:30:41] Erreur HTTP 403: <html>
<head><title>403 Forbidden</title></head>
<body>
<center><h1>403 Forbidden</h1></center>
...
[2025-06-02 11:30:41] Voting fetching ...
[2025-06-02 11:30:41] Erreur lors de la récupération des données de vote: {'success': False, 'message': 'HTTP 403: <html>\r\n<head><title>403 Forbidden</title></head>\r\n<body>\r\n<center><h1>403 Forbidden</h1></center>\r\n</body>\r\n</html>\r\n', 'challenge': {'close_time': 0}}
[2025-06-02 11:30:41] Erreur HTTP 403: <html>
<head><title>403 Forbidden</title></head>
<body>
<center><h1>403 Forbidden</h1></center>
...
[2025-06-02 11:30:41] Voting fetching ...
[2025-06-02 11:30:41] Erreur lors de la récupération des données de vote: {'success': False, 'message': 'HTTP 403: <html>\r\n<head><title>403 Forbidden</title></head>\r\n<body>\r\n<center><h1>403 Forbidden</h1></center>\r\n</body>\r\n</html>\r\n', 'challenge': {'close_time': 0}}
[2025-06-02 11:30:41] Erreur HTTP 403: <html>
<head><title>403 Forbidden</title></head>
<body>
<center><h1>403 Forbidden</h1></center>
...
[2025-06-02 11:30:41] Voting fetching ...
[2025-06-02 11:30:41] Erreur lors de la récupération des données de vote: {'success': False, 'message': 'HTTP 403: <html>\r\n<head><title>403 Forbidden</title></head>\r\n<body>\r\n<center><h1>403 Forbidden</h1></center>\r\n</body>\r\n</html>\r\n', 'challenge': {'close_time': 0}}
[2025-06-02 11:30:41] Erreur HTTP 403: <html>
<head><title>403 Forbidden</title></head>
<body>
<center><h1>403 Forbidden</h1></center>
...
[2025-06-02 11:30:41] Voting fetching ...
[2025-06-02 11:30:41] Erreur lors de la récupération des données de vote: {'success': False, 'message': 'HTTP 403: <html>\r\n<head><title>403 Forbidden</title></head>\r\n<body>\r\n<center><h1>403 Forbidden</h1></center>\r\n</body>\r\n</html>\r\n', 'challenge': {'close_time': 0}}
[2025-06-02 11:30:41] Erreur HTTP 403: <html>
<head><title>403 Forbidden</title></head>
<body>
<center><h1>403 Forbidden</h1></center>
...
[2025-06-02 11:30:41] Voting fetching ...
[2025-06-02 11:30:41] Erreur lors de la récupération des données de vote: {'success': False, 'message': 'HTTP 403: <html>\r\n<head><title>403 Forbidden</title></head>\r\n<body>\r\n<center><h1>403 Forbidden</h1></center>\r\n</body>\r\n</html>\r\n', 'challenge': {'close_time': 0}}
[2025-06-02 11:30:41] Erreur HTTP 403: <html>
<head><title>403 Forbidden</title></head>
<body>
<center><h1>403 Forbidden</h1></center>
...
[2025-06-02 11:30:41] Voting fetching ...
[2025-06-02 11:30:41] Erreur lors de la récupération des données de vote: {'success': False, 'message': 'HTTP 403: <html>\r\n<head><title>403 Forbidden</title></head>\r\n<body>\r\n<center><h1>403 Forbidden</h1></center>\r\n</body>\r\n</html>\r\n', 'challenge': {'close_time': 0}}
[2025-06-02 11:30:41] Erreur HTTP 403: <html>
<head><title>403 Forbidden</title></head>
<body>
<center><h1>403 Forbidden</h1></center>
...
[2025-06-02 11:30:41] Voting fetching ...
[2025-06-02 11:30:41] Erreur lors de la récupération des données de vote: {'success': False, 'message': 'HTTP 403: <html>\r\n<head><title>403 Forbidden</title></head>\r\n<body>\r\n<center><h1>403 Forbidden</h1></center>\r\n</body>\r\n</html>\r\n', 'challenge': {'close_time': 0}}
[2025-06-02 11:30:41] Erreur HTTP 403: <html>
<head><title>403 Forbidden</title></head>
<body>
<center><h1>403 Forbidden</h1></center>
...
[2025-06-02 11:30:41] Voting fetching ...
[2025-06-02 11:30:41] Erreur lors de la récupération des données de vote: {'success': False, 'message': 'HTTP 403: <html>\r\n<head><title>403 Forbidden</title></head>\r\n<body>\r\n<center><h1>403 Forbidden</h1></center>\r\n</body>\r\n</html>\r\n', 'challenge': {'close_time': 0}}
[2025-06-02 11:30:41] Erreur HTTP 403: <html>
<head><title>403 Forbidden</title></head>
<body>
<center><h1>403 Forbidden</h1></center>
...
[2025-06-02 11:30:41] Voting fetching ...
[2025-06-02 11:30:41] Erreur lors de la récupération des données de vote: {'success': False, 'message': 'HTTP 403: <html>\r\n<head><title>403 Forbidden</title></head>\r\n<body>\r\n<center><h1>403 Forbidden</h1></center>\r\n</body>\r\n</html>\r\n', 'challenge': {'close_time': 0}}
[2025-06-02 11:30:41] Erreur HTTP 403: <html>
<head><title>403 Forbidden</title></head>
<body>
<center><h1>403 Forbidden</h1></center>
...
[2025-06-02 11:30:41] Voting fetching ...
[2025-06-02 11:30:41] Erreur lors de la récupération des données de vote: {'success': False, 'message': 'HTTP 403: <html>\r\n<head><title>403 Forbidden</title></head>\r\n<body>\r\n<center><h1>403 Forbidden</h1></center>\r\n</body>\r\n</html>\r\n', 'challenge': {'close_time': 0}}
[2025-06-02 11:30:41] Erreur HTTP 403: <html>
<head><title>403 Forbidden</title></head>
<body>
<center><h1>403 Forbidden</h1></center>
...
[2025-06-02 11:30:41] Voting fetching ...
[2025-06-02 11:30:41] Erreur lors de la récupération des données de vote: {'success': False, 'message': 'HTTP 403: <html>\r\n<head><title>403 Forbidden</title></head>\r\n<body>\r\n<center><h1>403 Forbidden</h1></center>\r\n</body>\r\n</html>\r\n', 'challenge': {'close_time': 0}}
[2025-06-02 11:30:41] Erreur HTTP 403: <html>
<head><title>403 Forbidden</title></head>
<body>
<center><h1>403 Forbidden</h1></center>
...
[2025-06-02 11:30:41] Voting fetching ...
[2025-06-02 11:30:41] Erreur lors de la récupération des données de vote: {'success': False, 'message': 'HTTP 403: <html>\r\n<head><title>403 Forbidden</title></head>\r\n<body>\r\n<center><h1>403 Forbidden</h1></center>\r\n</body>\r\n</html>\r\n', 'challenge': {'close_time': 0}}
[2025-06-02 11:31:19] Refreshing challenges...
[2025-06-02 11:31:19] Fetching challenges...
[2025-06-02 11:31:19] Challenges fetching ...
[2025-06-02 11:31:19] Challenges fetched successfully for bruno!
[2025-06-02 11:32:13] Refreshing challenges...
[2025-06-02 11:32:13] Fetching challenges...
[2025-06-02 11:32:15] Challenges fetching ...
[2025-06-02 11:32:15] Stratégie chargée depuis gsgui.ini pour bruno/Water on the Rocks: fills
[2025-06-02 11:32:15] Lancement automatique des stratégies de fin pour 6 nouveaux challenges...
[2025-06-02 11:32:15] Nouveau challenge détecté pour bruno: The Greatest
[2025-06-02 11:32:15] Nouveau challenge détecté pour bruno: Photo of the Week!
[2025-06-02 11:32:15] Nouveau challenge détecté pour bruno: Avenue of Trees
[2025-06-02 11:32:15] Nouveau challenge détecté pour bruno: Public Areas
[2025-06-02 11:32:15] Nouveau challenge détecté pour bruno: Water on the Rocks
[2025-06-02 11:32:15] Nouveau challenge détecté pour bruno: Dynamic Diagonals
[2025-06-02 11:32:15] Challenges fetched successfully for bruno!
[2025-06-02 11:32:15] Stratégie chargée depuis gsgui.ini pour bruno/Water on the Rocks: fills
[2025-06-02 11:32:22] Refreshing challenges...
[2025-06-02 11:32:22] Fetching challenges...
[2025-06-02 11:32:25] Challenges fetching ...
[2025-06-02 11:32:25] Challenges fetched successfully for pascale!
[2025-06-02 11:32:31] Challenge non trouvé: loneliness31
[2025-06-02 11:32:31] Processus mis à jour pour pascale: loneliness31-vote-70-left-0H:4M - executing
[2025-06-02 11:32:31] Objet challenge créé pour le thread de profil pascale: loneliness31
[2025-06-02 11:32:31] Traitement de vote pour Challenge loneliness31
[2025-06-02 11:32:31] Challenge loneliness31 get vote panel
[2025-06-02 11:32:31] Processus associé: loneliness31-vote-70-left-0H:4M
[2025-06-02 11:32:33] Challenge non trouvé: show-the-way
[2025-06-02 11:32:33] Challenge non trouvé: loneliness31
[2025-06-02 11:32:33] Processus mis à jour pour pascale: show-the-way-vote-20-left-0H:2M - executing
[2025-06-02 11:32:33] Objet challenge créé pour le thread de profil pascale: show-the-way
[2025-06-02 11:32:33] Processus mis à jour pour pascale: loneliness31-vote-20-left-0H:3M - executing
[2025-06-02 11:32:33] Objet challenge créé pour le thread de profil pascale: loneliness31
[2025-06-02 11:32:33] Traitement de vote pour Challenge show-the-way
[2025-06-02 11:32:33] Traitement de vote pour Challenge loneliness31
[2025-06-02 11:32:33] Challenge non trouvé: loneliness31
[2025-06-02 11:32:33] Processus mis à jour pour pascale: loneliness31-vote-20-left-0H:2M - executing
[2025-06-02 11:32:33] Objet challenge créé pour le thread de profil pascale: loneliness31
[2025-06-02 11:32:33] Traitement de vote pour Challenge loneliness31
[2025-06-02 11:32:33] Challenge non trouvé: show-the-way
[2025-06-02 11:32:33] Processus mis à jour pour pascale: show-the-way-vote-20-left-0H:3M - executing
[2025-06-02 11:32:33] Objet challenge créé pour le thread de profil pascale: show-the-way
[2025-06-02 11:32:33] Traitement de vote pour Challenge show-the-way
[2025-06-02 11:32:33] Challenge non trouvé: downwards-perspective
[2025-06-02 11:32:33] Processus mis à jour pour pascale: downwards-perspective-vote-20-left-0H:1M - executing
[2025-06-02 11:32:33] Objet challenge créé pour le thread de profil pascale: downwards-perspective
[2025-06-02 11:32:33] Traitement de vote pour Challenge downwards-perspective
[2025-06-02 11:32:33] Challenge non trouvé: downwards-perspective
[2025-06-02 11:32:33] Processus mis à jour pour pascale: downwards-perspective-vote-20-left-0H:2M - executing
[2025-06-02 11:32:33] Objet challenge créé pour le thread de profil pascale: downwards-perspective
[2025-06-02 11:32:33] Traitement de vote pour Challenge downwards-perspective
[2025-06-02 11:32:34] Challenge non trouvé: show-the-way
[2025-06-02 11:32:34] Processus mis à jour pour pascale: show-the-way-vote-20-left-0H:1M - executing
[2025-06-02 11:32:34] Objet challenge créé pour le thread de profil pascale: show-the-way
[2025-06-02 11:32:34] Traitement de vote pour Challenge show-the-way
[2025-06-02 11:32:34] Challenge non trouvé: loneliness31
[2025-06-02 11:32:34] Processus mis à jour pour pascale: loneliness31-vote-20-left-0H:1M - executing
[2025-06-02 11:32:34] Objet challenge créé pour le thread de profil pascale: loneliness31
[2025-06-02 11:32:34] Traitement de vote pour Challenge loneliness31
[2025-06-02 11:32:34] Challenge non trouvé: show-the-way
[2025-06-02 11:32:34] Processus mis à jour pour pascale: show-the-way-vote-70-left-0H:4M - executing
[2025-06-02 11:32:34] Objet challenge créé pour le thread de profil pascale: show-the-way
[2025-06-02 11:32:34] Traitement de vote pour Challenge show-the-way
[2025-06-02 11:32:34] Challenge non trouvé: downwards-perspective
[2025-06-02 11:32:34] Processus mis à jour pour pascale: downwards-perspective-vote-70-left-0H:4M - executing
[2025-06-02 11:32:34] Objet challenge créé pour le thread de profil pascale: downwards-perspective
[2025-06-02 11:32:34] Traitement de vote pour Challenge downwards-perspective
[2025-06-02 11:32:34] Challenge non trouvé: downwards-perspective
[2025-06-02 11:32:34] Processus mis à jour pour pascale: downwards-perspective-vote-20-left-0H:3M - executing
[2025-06-02 11:32:34] Objet challenge créé pour le thread de profil pascale: downwards-perspective
[2025-06-02 11:32:34] Traitement de vote pour Challenge downwards-perspective
[2025-06-02 11:32:52] Challenge show-the-way get vote panel
[2025-06-02 11:32:52] Processus associé: show-the-way-vote-20-left-0H:2M
[2025-06-02 11:32:58] Challenge loneliness31 get vote panel
[2025-06-02 11:32:58] Processus associé: loneliness31-vote-20-left-0H:3M
[2025-06-02 11:33:04] Challenge loneliness31 get vote panel
[2025-06-02 11:33:04] Processus associé: loneliness31-vote-20-left-0H:2M
[2025-06-02 11:33:10] Challenge show-the-way get vote panel
[2025-06-02 11:33:10] Processus associé: show-the-way-vote-20-left-0H:3M
[2025-06-02 11:33:16] Challenge downwards-perspective get vote panel
[2025-06-02 11:33:16] Processus associé: downwards-perspective-vote-20-left-0H:1M
[2025-06-02 11:33:22] Challenge downwards-perspective get vote panel
[2025-06-02 11:33:22] Processus associé: downwards-perspective-vote-20-left-0H:2M
[2025-06-02 11:33:28] Challenge show-the-way get vote panel
[2025-06-02 11:33:28] Processus associé: show-the-way-vote-20-left-0H:1M
[2025-06-02 11:33:34] Challenge loneliness31 get vote panel
[2025-06-02 11:33:34] Processus associé: loneliness31-vote-20-left-0H:1M
[2025-06-02 11:33:40] Challenge show-the-way get vote panel
[2025-06-02 11:33:40] Processus associé: show-the-way-vote-70-left-0H:4M
[2025-06-02 11:34:01] Challenge downwards-perspective get vote panel
[2025-06-02 11:34:01] Processus associé: downwards-perspective-vote-70-left-0H:4M
[2025-06-02 11:34:22] Challenge downwards-perspective get vote panel
[2025-06-02 11:34:22] Processus associé: downwards-perspective-vote-20-left-0H:3M
[2025-06-02 11:34:28] Récupération des données de vote pour Challenge loneliness31 (URL: loneliness31, HEADER:{'User-Agent': 'Mozilla/5.0 (X11; Linux i686; rv:39.0) Gecko/20100101 Firefox/39.0', 'x-api-version': '8', 'x-env': 'WEB', 'X-requested-with': 'XMLHttpRequest', 'X-token': 'f96bbe3a7e7f833329e7129767a69abbfa6dfce3152e3c2a311eb49d89b5c3bb2b12b66b402f03dce682b8b2b6a005cd'})
[2025-06-02 11:34:28] Récupération des données de vote pour Challenge loneliness31 (URL: loneliness31, HEADER:{'User-Agent': 'Mozilla/5.0 (X11; Linux i686; rv:39.0) Gecko/20100101 Firefox/39.0', 'x-api-version': '8', 'x-env': 'WEB', 'X-requested-with': 'XMLHttpRequest', 'X-token': 'f96bbe3a7e7f833329e7129767a69abbfa6dfce3152e3c2a311eb49d89b5c3bb2b12b66b402f03dce682b8b2b6a005cd'})
[2025-06-02 11:34:28] Récupération des données de vote pour Challenge loneliness31 (URL: loneliness31, HEADER:{'User-Agent': 'Mozilla/5.0 (X11; Linux i686; rv:39.0) Gecko/20100101 Firefox/39.0', 'x-api-version': '8', 'x-env': 'WEB', 'X-requested-with': 'XMLHttpRequest', 'X-token': 'f96bbe3a7e7f833329e7129767a69abbfa6dfce3152e3c2a311eb49d89b5c3bb2b12b66b402f03dce682b8b2b6a005cd'})
[2025-06-02 11:34:28] Récupération des données de vote pour Challenge loneliness31 (URL: loneliness31, HEADER:{'User-Agent': 'Mozilla/5.0 (X11; Linux i686; rv:39.0) Gecko/20100101 Firefox/39.0', 'x-api-version': '8', 'x-env': 'WEB', 'X-requested-with': 'XMLHttpRequest', 'X-token': 'f96bbe3a7e7f833329e7129767a69abbfa6dfce3152e3c2a311eb49d89b5c3bb2b12b66b402f03dce682b8b2b6a005cd'})
[2025-06-02 11:34:28] Récupération des données de vote pour Challenge loneliness31 (URL: loneliness31, HEADER:{'User-Agent': 'Mozilla/5.0 (X11; Linux i686; rv:39.0) Gecko/20100101 Firefox/39.0', 'x-api-version': '8', 'x-env': 'WEB', 'X-requested-with': 'XMLHttpRequest', 'X-token': 'f96bbe3a7e7f833329e7129767a69abbfa6dfce3152e3c2a311eb49d89b5c3bb2b12b66b402f03dce682b8b2b6a005cd'})
[2025-06-02 11:34:28] Récupération des données de vote pour Challenge loneliness31 (URL: loneliness31, HEADER:{'User-Agent': 'Mozilla/5.0 (X11; Linux i686; rv:39.0) Gecko/20100101 Firefox/39.0', 'x-api-version': '8', 'x-env': 'WEB', 'X-requested-with': 'XMLHttpRequest', 'X-token': 'f96bbe3a7e7f833329e7129767a69abbfa6dfce3152e3c2a311eb49d89b5c3bb2b12b66b402f03dce682b8b2b6a005cd'})
[2025-06-02 11:34:28] Récupération des données de vote pour Challenge loneliness31 (URL: loneliness31, HEADER:{'User-Agent': 'Mozilla/5.0 (X11; Linux i686; rv:39.0) Gecko/20100101 Firefox/39.0', 'x-api-version': '8', 'x-env': 'WEB', 'X-requested-with': 'XMLHttpRequest', 'X-token': 'f96bbe3a7e7f833329e7129767a69abbfa6dfce3152e3c2a311eb49d89b5c3bb2b12b66b402f03dce682b8b2b6a005cd'})
[2025-06-02 11:34:28] Récupération des données de vote pour Challenge show-the-way (URL: show-the-way, HEADER:{'User-Agent': 'Mozilla/5.0 (X11; Linux i686; rv:39.0) Gecko/20100101 Firefox/39.0', 'x-api-version': '8', 'x-env': 'WEB', 'X-requested-with': 'XMLHttpRequest', 'X-token': 'f96bbe3a7e7f833329e7129767a69abbfa6dfce3152e3c2a311eb49d89b5c3bb2b12b66b402f03dce682b8b2b6a005cd'})
[2025-06-02 11:34:28] Récupération des données de vote pour Challenge show-the-way (URL: show-the-way, HEADER:{'User-Agent': 'Mozilla/5.0 (X11; Linux i686; rv:39.0) Gecko/20100101 Firefox/39.0', 'x-api-version': '8', 'x-env': 'WEB', 'X-requested-with': 'XMLHttpRequest', 'X-token': 'f96bbe3a7e7f833329e7129767a69abbfa6dfce3152e3c2a311eb49d89b5c3bb2b12b66b402f03dce682b8b2b6a005cd'})
[2025-06-02 11:34:28] Récupération des données de vote pour Challenge loneliness31 (URL: loneliness31, HEADER:{'User-Agent': 'Mozilla/5.0 (X11; Linux i686; rv:39.0) Gecko/20100101 Firefox/39.0', 'x-api-version': '8', 'x-env': 'WEB', 'X-requested-with': 'XMLHttpRequest', 'X-token': 'f96bbe3a7e7f833329e7129767a69abbfa6dfce3152e3c2a311eb49d89b5c3bb2b12b66b402f03dce682b8b2b6a005cd'})
[2025-06-02 11:34:28] Récupération des données de vote pour Challenge loneliness31 (URL: loneliness31, HEADER:{'User-Agent': 'Mozilla/5.0 (X11; Linux i686; rv:39.0) Gecko/20100101 Firefox/39.0', 'x-api-version': '8', 'x-env': 'WEB', 'X-requested-with': 'XMLHttpRequest', 'X-token': 'f96bbe3a7e7f833329e7129767a69abbfa6dfce3152e3c2a311eb49d89b5c3bb2b12b66b402f03dce682b8b2b6a005cd'})
[2025-06-02 11:34:28] Récupération des données de vote pour Challenge loneliness31 (URL: loneliness31, HEADER:{'User-Agent': 'Mozilla/5.0 (X11; Linux i686; rv:39.0) Gecko/20100101 Firefox/39.0', 'x-api-version': '8', 'x-env': 'WEB', 'X-requested-with': 'XMLHttpRequest', 'X-token': 'f96bbe3a7e7f833329e7129767a69abbfa6dfce3152e3c2a311eb49d89b5c3bb2b12b66b402f03dce682b8b2b6a005cd'})
[2025-06-02 11:34:28] Récupération des données de vote pour Challenge loneliness31 (URL: loneliness31, HEADER:{'User-Agent': 'Mozilla/5.0 (X11; Linux i686; rv:39.0) Gecko/20100101 Firefox/39.0', 'x-api-version': '8', 'x-env': 'WEB', 'X-requested-with': 'XMLHttpRequest', 'X-token': 'f96bbe3a7e7f833329e7129767a69abbfa6dfce3152e3c2a311eb49d89b5c3bb2b12b66b402f03dce682b8b2b6a005cd'})
[2025-06-02 11:34:28] Récupération des données de vote pour Challenge show-the-way (URL: show-the-way, HEADER:{'User-Agent': 'Mozilla/5.0 (X11; Linux i686; rv:39.0) Gecko/20100101 Firefox/39.0', 'x-api-version': '8', 'x-env': 'WEB', 'X-requested-with': 'XMLHttpRequest', 'X-token': 'f96bbe3a7e7f833329e7129767a69abbfa6dfce3152e3c2a311eb49d89b5c3bb2b12b66b402f03dce682b8b2b6a005cd'})
[2025-06-02 11:34:28] Récupération des données de vote pour Challenge show-the-way (URL: show-the-way, HEADER:{'User-Agent': 'Mozilla/5.0 (X11; Linux i686; rv:39.0) Gecko/20100101 Firefox/39.0', 'x-api-version': '8', 'x-env': 'WEB', 'X-requested-with': 'XMLHttpRequest', 'X-token': 'f96bbe3a7e7f833329e7129767a69abbfa6dfce3152e3c2a311eb49d89b5c3bb2b12b66b402f03dce682b8b2b6a005cd'})
[2025-06-02 11:34:28] Récupération des données de vote pour Challenge downwards-perspective (URL: downwards-perspective, HEADER:{'User-Agent': 'Mozilla/5.0 (X11; Linux i686; rv:39.0) Gecko/20100101 Firefox/39.0', 'x-api-version': '8', 'x-env': 'WEB', 'X-requested-with': 'XMLHttpRequest', 'X-token': 'f96bbe3a7e7f833329e7129767a69abbfa6dfce3152e3c2a311eb49d89b5c3bb2b12b66b402f03dce682b8b2b6a005cd'})
[2025-06-02 11:34:28] Récupération des données de vote pour Challenge downwards-perspective (URL: downwards-perspective, HEADER:{'User-Agent': 'Mozilla/5.0 (X11; Linux i686; rv:39.0) Gecko/20100101 Firefox/39.0', 'x-api-version': '8', 'x-env': 'WEB', 'X-requested-with': 'XMLHttpRequest', 'X-token': 'f96bbe3a7e7f833329e7129767a69abbfa6dfce3152e3c2a311eb49d89b5c3bb2b12b66b402f03dce682b8b2b6a005cd'})
[2025-06-02 11:34:28] Processus suspect (format de date invalide): loneliness31-vote-70-left-0H:4M (profil: pascale)
[2025-06-02 11:34:28] Processus supprimé pour pascale: loneliness31-vote-70-left-0H:4M - zombie
[2025-06-02 11:34:28] Processus mis à jour pour pascale: loneliness31-vote-70-left-0H:4M - zombie
[2025-06-02 11:34:28] Processus suspect (format de date invalide): loneliness31-vote-20-left-0H:3M (profil: pascale)
[2025-06-02 11:34:28] Processus supprimé pour pascale: loneliness31-vote-20-left-0H:3M - zombie
[2025-06-02 11:34:28] Processus mis à jour pour pascale: loneliness31-vote-20-left-0H:3M - zombie
[2025-06-02 11:34:28] Processus suspect (format de date invalide): loneliness31-vote-20-left-0H:2M (profil: pascale)
[2025-06-02 11:34:28] Processus supprimé pour pascale: loneliness31-vote-20-left-0H:2M - zombie
[2025-06-02 11:34:28] Processus mis à jour pour pascale: loneliness31-vote-20-left-0H:2M - zombie
[2025-06-02 11:34:29] Processus suspect (format de date invalide): loneliness31-vote-20-left-0H:1M (profil: pascale)
[2025-06-02 11:34:29] Processus supprimé pour pascale: loneliness31-vote-20-left-0H:1M - zombie
[2025-06-02 11:34:29] Processus mis à jour pour pascale: loneliness31-vote-20-left-0H:1M - zombie
[2025-06-02 11:34:29] Processus suspect (format de date invalide): show-the-way-vote-70-left-0H:4M (profil: pascale)
[2025-06-02 11:34:29] Processus supprimé pour pascale: show-the-way-vote-70-left-0H:4M - zombie
[2025-06-02 11:34:29] Processus mis à jour pour pascale: show-the-way-vote-70-left-0H:4M - zombie
[2025-06-02 11:34:29] Processus suspect (format de date invalide): show-the-way-vote-20-left-0H:3M (profil: pascale)
[2025-06-02 11:34:29] Processus supprimé pour pascale: show-the-way-vote-20-left-0H:3M - zombie
[2025-06-02 11:34:29] Processus mis à jour pour pascale: show-the-way-vote-20-left-0H:3M - zombie
[2025-06-02 11:34:29] Processus suspect (format de date invalide): show-the-way-vote-20-left-0H:2M (profil: pascale)
[2025-06-02 11:34:29] Processus supprimé pour pascale: show-the-way-vote-20-left-0H:2M - zombie
[2025-06-02 11:34:29] Processus mis à jour pour pascale: show-the-way-vote-20-left-0H:2M - zombie
[2025-06-02 11:34:29] Processus suspect (format de date invalide): show-the-way-vote-20-left-0H:1M (profil: pascale)
[2025-06-02 11:34:29] Processus supprimé pour pascale: show-the-way-vote-20-left-0H:1M - zombie
[2025-06-02 11:34:29] Processus mis à jour pour pascale: show-the-way-vote-20-left-0H:1M - zombie
[2025-06-02 11:34:29] Processus suspect (format de date invalide): downwards-perspective-vote-70-left-0H:4M (profil: pascale)
[2025-06-02 11:34:29] Processus supprimé pour pascale: downwards-perspective-vote-70-left-0H:4M - zombie
[2025-06-02 11:34:29] Processus mis à jour pour pascale: downwards-perspective-vote-70-left-0H:4M - zombie
[2025-06-02 11:34:29] Processus suspect (format de date invalide): downwards-perspective-vote-20-left-0H:3M (profil: pascale)
[2025-06-02 11:34:29] Processus supprimé pour pascale: downwards-perspective-vote-20-left-0H:3M - zombie
[2025-06-02 11:34:29] Processus mis à jour pour pascale: downwards-perspective-vote-20-left-0H:3M - zombie
[2025-06-02 11:34:29] Processus suspect (format de date invalide): downwards-perspective-vote-20-left-0H:2M (profil: pascale)
[2025-06-02 11:34:29] Processus supprimé pour pascale: downwards-perspective-vote-20-left-0H:2M - zombie
[2025-06-02 11:34:29] Processus mis à jour pour pascale: downwards-perspective-vote-20-left-0H:2M - zombie
[2025-06-02 11:34:29] Processus suspect (format de date invalide): downwards-perspective-vote-20-left-0H:1M (profil: pascale)
[2025-06-02 11:34:29] Processus supprimé pour pascale: downwards-perspective-vote-20-left-0H:1M - zombie
[2025-06-02 11:34:29] Processus mis à jour pour pascale: downwards-perspective-vote-20-left-0H:1M - zombie
[2025-06-02 11:34:29] Récupération des données de vote pour Challenge downwards-perspective (URL: downwards-perspective, HEADER:{'User-Agent': 'Mozilla/5.0 (X11; Linux i686; rv:39.0) Gecko/20100101 Firefox/39.0', 'x-api-version': '8', 'x-env': 'WEB', 'X-requested-with': 'XMLHttpRequest', 'X-token': 'f96bbe3a7e7f833329e7129767a69abbfa6dfce3152e3c2a311eb49d89b5c3bb2b12b66b402f03dce682b8b2b6a005cd'})
[2025-06-02 11:34:29] Récupération des données de vote pour Challenge downwards-perspective (URL: downwards-perspective, HEADER:{'User-Agent': 'Mozilla/5.0 (X11; Linux i686; rv:39.0) Gecko/20100101 Firefox/39.0', 'x-api-version': '8', 'x-env': 'WEB', 'X-requested-with': 'XMLHttpRequest', 'X-token': 'f96bbe3a7e7f833329e7129767a69abbfa6dfce3152e3c2a311eb49d89b5c3bb2b12b66b402f03dce682b8b2b6a005cd'})
[2025-06-02 11:34:29] Récupération des données de vote pour Challenge show-the-way (URL: show-the-way, HEADER:{'User-Agent': 'Mozilla/5.0 (X11; Linux i686; rv:39.0) Gecko/20100101 Firefox/39.0', 'x-api-version': '8', 'x-env': 'WEB', 'X-requested-with': 'XMLHttpRequest', 'X-token': 'f96bbe3a7e7f833329e7129767a69abbfa6dfce3152e3c2a311eb49d89b5c3bb2b12b66b402f03dce682b8b2b6a005cd'})
[2025-06-02 11:34:29] Récupération des données de vote pour Challenge show-the-way (URL: show-the-way, HEADER:{'User-Agent': 'Mozilla/5.0 (X11; Linux i686; rv:39.0) Gecko/20100101 Firefox/39.0', 'x-api-version': '8', 'x-env': 'WEB', 'X-requested-with': 'XMLHttpRequest', 'X-token': 'f96bbe3a7e7f833329e7129767a69abbfa6dfce3152e3c2a311eb49d89b5c3bb2b12b66b402f03dce682b8b2b6a005cd'})
[2025-06-02 11:34:29] Récupération des données de vote pour Challenge loneliness31 (URL: loneliness31, HEADER:{'User-Agent': 'Mozilla/5.0 (X11; Linux i686; rv:39.0) Gecko/20100101 Firefox/39.0', 'x-api-version': '8', 'x-env': 'WEB', 'X-requested-with': 'XMLHttpRequest', 'X-token': 'f96bbe3a7e7f833329e7129767a69abbfa6dfce3152e3c2a311eb49d89b5c3bb2b12b66b402f03dce682b8b2b6a005cd'})
[2025-06-02 11:34:29] Récupération des données de vote pour Challenge loneliness31 (URL: loneliness31, HEADER:{'User-Agent': 'Mozilla/5.0 (X11; Linux i686; rv:39.0) Gecko/20100101 Firefox/39.0', 'x-api-version': '8', 'x-env': 'WEB', 'X-requested-with': 'XMLHttpRequest', 'X-token': 'f96bbe3a7e7f833329e7129767a69abbfa6dfce3152e3c2a311eb49d89b5c3bb2b12b66b402f03dce682b8b2b6a005cd'})
[2025-06-02 11:34:29] Récupération des données de vote pour Challenge show-the-way (URL: show-the-way, HEADER:{'User-Agent': 'Mozilla/5.0 (X11; Linux i686; rv:39.0) Gecko/20100101 Firefox/39.0', 'x-api-version': '8', 'x-env': 'WEB', 'X-requested-with': 'XMLHttpRequest', 'X-token': 'f96bbe3a7e7f833329e7129767a69abbfa6dfce3152e3c2a311eb49d89b5c3bb2b12b66b402f03dce682b8b2b6a005cd'})
[2025-06-02 11:34:29] Récupération des données de vote pour Challenge show-the-way (URL: show-the-way, HEADER:{'User-Agent': 'Mozilla/5.0 (X11; Linux i686; rv:39.0) Gecko/20100101 Firefox/39.0', 'x-api-version': '8', 'x-env': 'WEB', 'X-requested-with': 'XMLHttpRequest', 'X-token': 'f96bbe3a7e7f833329e7129767a69abbfa6dfce3152e3c2a311eb49d89b5c3bb2b12b66b402f03dce682b8b2b6a005cd'})
[2025-06-02 11:34:29] Récupération des données de vote pour Challenge show-the-way (URL: show-the-way, HEADER:{'User-Agent': 'Mozilla/5.0 (X11; Linux i686; rv:39.0) Gecko/20100101 Firefox/39.0', 'x-api-version': '8', 'x-env': 'WEB', 'X-requested-with': 'XMLHttpRequest', 'X-token': 'f96bbe3a7e7f833329e7129767a69abbfa6dfce3152e3c2a311eb49d89b5c3bb2b12b66b402f03dce682b8b2b6a005cd'})
[2025-06-02 11:34:29] Récupération des données de vote pour Challenge show-the-way (URL: show-the-way, HEADER:{'User-Agent': 'Mozilla/5.0 (X11; Linux i686; rv:39.0) Gecko/20100101 Firefox/39.0', 'x-api-version': '8', 'x-env': 'WEB', 'X-requested-with': 'XMLHttpRequest', 'X-token': 'f96bbe3a7e7f833329e7129767a69abbfa6dfce3152e3c2a311eb49d89b5c3bb2b12b66b402f03dce682b8b2b6a005cd'})
[2025-06-02 11:34:29] Récupération des données de vote pour Challenge show-the-way (URL: show-the-way, HEADER:{'User-Agent': 'Mozilla/5.0 (X11; Linux i686; rv:39.0) Gecko/20100101 Firefox/39.0', 'x-api-version': '8', 'x-env': 'WEB', 'X-requested-with': 'XMLHttpRequest', 'X-token': 'f96bbe3a7e7f833329e7129767a69abbfa6dfce3152e3c2a311eb49d89b5c3bb2b12b66b402f03dce682b8b2b6a005cd'})
[2025-06-02 11:34:29] Récupération des données de vote pour Challenge show-the-way (URL: show-the-way, HEADER:{'User-Agent': 'Mozilla/5.0 (X11; Linux i686; rv:39.0) Gecko/20100101 Firefox/39.0', 'x-api-version': '8', 'x-env': 'WEB', 'X-requested-with': 'XMLHttpRequest', 'X-token': 'f96bbe3a7e7f833329e7129767a69abbfa6dfce3152e3c2a311eb49d89b5c3bb2b12b66b402f03dce682b8b2b6a005cd'})
[2025-06-02 11:34:29] Récupération des données de vote pour Challenge show-the-way (URL: show-the-way, HEADER:{'User-Agent': 'Mozilla/5.0 (X11; Linux i686; rv:39.0) Gecko/20100101 Firefox/39.0', 'x-api-version': '8', 'x-env': 'WEB', 'X-requested-with': 'XMLHttpRequest', 'X-token': 'f96bbe3a7e7f833329e7129767a69abbfa6dfce3152e3c2a311eb49d89b5c3bb2b12b66b402f03dce682b8b2b6a005cd'})
[2025-06-02 11:34:29] Récupération des données de vote pour Challenge downwards-perspective (URL: downwards-perspective, HEADER:{'User-Agent': 'Mozilla/5.0 (X11; Linux i686; rv:39.0) Gecko/20100101 Firefox/39.0', 'x-api-version': '8', 'x-env': 'WEB', 'X-requested-with': 'XMLHttpRequest', 'X-token': 'f96bbe3a7e7f833329e7129767a69abbfa6dfce3152e3c2a311eb49d89b5c3bb2b12b66b402f03dce682b8b2b6a005cd'})
[2025-06-02 11:34:29] Récupération des données de vote pour Challenge downwards-perspective (URL: downwards-perspective, HEADER:{'User-Agent': 'Mozilla/5.0 (X11; Linux i686; rv:39.0) Gecko/20100101 Firefox/39.0', 'x-api-version': '8', 'x-env': 'WEB', 'X-requested-with': 'XMLHttpRequest', 'X-token': 'f96bbe3a7e7f833329e7129767a69abbfa6dfce3152e3c2a311eb49d89b5c3bb2b12b66b402f03dce682b8b2b6a005cd'})
[2025-06-02 11:34:29] Récupération des données de vote pour Challenge downwards-perspective (URL: downwards-perspective, HEADER:{'User-Agent': 'Mozilla/5.0 (X11; Linux i686; rv:39.0) Gecko/20100101 Firefox/39.0', 'x-api-version': '8', 'x-env': 'WEB', 'X-requested-with': 'XMLHttpRequest', 'X-token': 'f96bbe3a7e7f833329e7129767a69abbfa6dfce3152e3c2a311eb49d89b5c3bb2b12b66b402f03dce682b8b2b6a005cd'})
[2025-06-02 11:34:29] Récupération des données de vote pour Challenge downwards-perspective (URL: downwards-perspective, HEADER:{'User-Agent': 'Mozilla/5.0 (X11; Linux i686; rv:39.0) Gecko/20100101 Firefox/39.0', 'x-api-version': '8', 'x-env': 'WEB', 'X-requested-with': 'XMLHttpRequest', 'X-token': 'f96bbe3a7e7f833329e7129767a69abbfa6dfce3152e3c2a311eb49d89b5c3bb2b12b66b402f03dce682b8b2b6a005cd'})
[2025-06-02 11:34:29] Récupération des données de vote pour Challenge downwards-perspective (URL: downwards-perspective, HEADER:{'User-Agent': 'Mozilla/5.0 (X11; Linux i686; rv:39.0) Gecko/20100101 Firefox/39.0', 'x-api-version': '8', 'x-env': 'WEB', 'X-requested-with': 'XMLHttpRequest', 'X-token': 'f96bbe3a7e7f833329e7129767a69abbfa6dfce3152e3c2a311eb49d89b5c3bb2b12b66b402f03dce682b8b2b6a005cd'})
[2025-06-02 11:34:29] Récupération des données de vote pour Challenge downwards-perspective (URL: downwards-perspective, HEADER:{'User-Agent': 'Mozilla/5.0 (X11; Linux i686; rv:39.0) Gecko/20100101 Firefox/39.0', 'x-api-version': '8', 'x-env': 'WEB', 'X-requested-with': 'XMLHttpRequest', 'X-token': 'f96bbe3a7e7f833329e7129767a69abbfa6dfce3152e3c2a311eb49d89b5c3bb2b12b66b402f03dce682b8b2b6a005cd'})
[2025-06-02 11:34:29] Récupération des données de vote pour Challenge downwards-perspective (URL: downwards-perspective, HEADER:{'User-Agent': 'Mozilla/5.0 (X11; Linux i686; rv:39.0) Gecko/20100101 Firefox/39.0', 'x-api-version': '8', 'x-env': 'WEB', 'X-requested-with': 'XMLHttpRequest', 'X-token': 'f96bbe3a7e7f833329e7129767a69abbfa6dfce3152e3c2a311eb49d89b5c3bb2b12b66b402f03dce682b8b2b6a005cd'})
[2025-06-02 11:34:29] Récupération des données de vote pour Challenge downwards-perspective (URL: downwards-perspective, HEADER:{'User-Agent': 'Mozilla/5.0 (X11; Linux i686; rv:39.0) Gecko/20100101 Firefox/39.0', 'x-api-version': '8', 'x-env': 'WEB', 'X-requested-with': 'XMLHttpRequest', 'X-token': 'f96bbe3a7e7f833329e7129767a69abbfa6dfce3152e3c2a311eb49d89b5c3bb2b12b66b402f03dce682b8b2b6a005cd'})
[2025-06-02 11:34:29] Récupération des données de vote pour Challenge downwards-perspective (URL: downwards-perspective, HEADER:{'User-Agent': 'Mozilla/5.0 (X11; Linux i686; rv:39.0) Gecko/20100101 Firefox/39.0', 'x-api-version': '8', 'x-env': 'WEB', 'X-requested-with': 'XMLHttpRequest', 'X-token': 'f96bbe3a7e7f833329e7129767a69abbfa6dfce3152e3c2a311eb49d89b5c3bb2b12b66b402f03dce682b8b2b6a005cd'})
[2025-06-02 11:34:31] Pas d'images disponibles pour Challenge loneliness31, {'success': False, 'error_code': 2027, 'message': 'Challenge is closed for voting'}
[2025-06-02 11:34:31] Voting fetching ...
[2025-06-02 11:34:31] Erreur lors de la récupération des données de vote: {'success': False, 'message': 'No images available', 'challenge': {'close_time': 0}}
[2025-06-02 11:34:31] Pas d'images disponibles pour Challenge loneliness31, {'success': False, 'error_code': 2027, 'message': 'Challenge is closed for voting'}
[2025-06-02 11:34:31] Voting fetching ...
[2025-06-02 11:34:31] Erreur lors de la récupération des données de vote: {'success': False, 'message': 'No images available', 'challenge': {'close_time': 0}}
[2025-06-02 11:34:31] Pas d'images disponibles pour Challenge loneliness31, {'success': False, 'error_code': 2027, 'message': 'Challenge is closed for voting'}
[2025-06-02 11:34:31] Voting fetching ...
[2025-06-02 11:34:31] Erreur lors de la récupération des données de vote: {'success': False, 'message': 'No images available', 'challenge': {'close_time': 0}}
[2025-06-02 11:34:31] Pas d'images disponibles pour Challenge loneliness31, {'success': False, 'error_code': 2027, 'message': 'Challenge is closed for voting'}
[2025-06-02 11:34:31] Voting fetching ...
[2025-06-02 11:34:31] Erreur lors de la récupération des données de vote: {'success': False, 'message': 'No images available', 'challenge': {'close_time': 0}}
[2025-06-02 11:34:31] Pas d'images disponibles pour Challenge show-the-way, {'success': False, 'error_code': 2027, 'message': 'Challenge is closed for voting'}
[2025-06-02 11:34:31] Voting fetching ...
[2025-06-02 11:34:31] Erreur lors de la récupération des données de vote: {'success': False, 'message': 'No images available', 'challenge': {'close_time': 0}}
[2025-06-02 11:34:31] Pas d'images disponibles pour Challenge loneliness31, {'success': False, 'error_code': 2027, 'message': 'Challenge is closed for voting'}
[2025-06-02 11:34:31] Voting fetching ...
[2025-06-02 11:34:31] Erreur lors de la récupération des données de vote: {'success': False, 'message': 'No images available', 'challenge': {'close_time': 0}}
[2025-06-02 11:34:31] Pas d'images disponibles pour Challenge loneliness31, {'success': False, 'error_code': 2027, 'message': 'Challenge is closed for voting'}
[2025-06-02 11:34:31] Voting fetching ...
[2025-06-02 11:34:31] Erreur lors de la récupération des données de vote: {'success': False, 'message': 'No images available', 'challenge': {'close_time': 0}}
[2025-06-02 11:34:31] Pas d'images disponibles pour Challenge show-the-way, {'success': False, 'error_code': 2027, 'message': 'Challenge is closed for voting'}
[2025-06-02 11:34:31] Voting fetching ...
[2025-06-02 11:34:31] Erreur lors de la récupération des données de vote: {'success': False, 'message': 'No images available', 'challenge': {'close_time': 0}}
[2025-06-02 11:34:31] Pas d'images disponibles pour Challenge loneliness31, {'success': False, 'error_code': 2027, 'message': 'Challenge is closed for voting'}
[2025-06-02 11:34:31] Voting fetching ...
[2025-06-02 11:34:31] Erreur lors de la récupération des données de vote: {'success': False, 'message': 'No images available', 'challenge': {'close_time': 0}}
[2025-06-02 11:34:31] Pas d'images disponibles pour Challenge loneliness31, {'success': False, 'error_code': 2027, 'message': 'Challenge is closed for voting'}
[2025-06-02 11:34:31] Voting fetching ...
[2025-06-02 11:34:31] Erreur lors de la récupération des données de vote: {'success': False, 'message': 'No images available', 'challenge': {'close_time': 0}}
[2025-06-02 11:34:31] Pas d'images disponibles pour Challenge loneliness31, {'success': False, 'error_code': 2027, 'message': 'Challenge is closed for voting'}
[2025-06-02 11:34:31] Voting fetching ...
[2025-06-02 11:34:31] Erreur lors de la récupération des données de vote: {'success': False, 'message': 'No images available', 'challenge': {'close_time': 0}}
[2025-06-02 11:34:31] Pas d'images disponibles pour Challenge loneliness31, {'success': False, 'error_code': 2027, 'message': 'Challenge is closed for voting'}
[2025-06-02 11:34:31] Voting fetching ...
[2025-06-02 11:34:31] Erreur lors de la récupération des données de vote: {'success': False, 'message': 'No images available', 'challenge': {'close_time': 0}}
[2025-06-02 11:34:31] Pas d'images disponibles pour Challenge downwards-perspective, {'success': False, 'error_code': 2027, 'message': 'Challenge is closed for voting'}
[2025-06-02 11:34:31] Voting fetching ...
[2025-06-02 11:34:31] Erreur lors de la récupération des données de vote: {'success': False, 'message': 'No images available', 'challenge': {'close_time': 0}}
[2025-06-02 11:34:31] Pas d'images disponibles pour Challenge show-the-way, {'success': False, 'error_code': 2027, 'message': 'Challenge is closed for voting'}
[2025-06-02 11:34:31] Voting fetching ...
[2025-06-02 11:34:31] Erreur lors de la récupération des données de vote: {'success': False, 'message': 'No images available', 'challenge': {'close_time': 0}}
[2025-06-02 11:34:31] Pas d'images disponibles pour Challenge loneliness31, {'success': False, 'error_code': 2027, 'message': 'Challenge is closed for voting'}
[2025-06-02 11:34:31] Voting fetching ...
[2025-06-02 11:34:31] Erreur lors de la récupération des données de vote: {'success': False, 'message': 'No images available', 'challenge': {'close_time': 0}}
[2025-06-02 11:34:31] Pas d'images disponibles pour Challenge show-the-way, {'success': False, 'error_code': 2027, 'message': 'Challenge is closed for voting'}
[2025-06-02 11:34:31] Voting fetching ...
[2025-06-02 11:34:31] Erreur lors de la récupération des données de vote: {'success': False, 'message': 'No images available', 'challenge': {'close_time': 0}}
[2025-06-02 11:34:31] Pas d'images disponibles pour Challenge show-the-way, {'success': False, 'error_code': 2027, 'message': 'Challenge is closed for voting'}
[2025-06-02 11:34:31] Voting fetching ...
[2025-06-02 11:34:31] Erreur lors de la récupération des données de vote: {'success': False, 'message': 'No images available', 'challenge': {'close_time': 0}}
[2025-06-02 11:34:31] Pas d'images disponibles pour Challenge downwards-perspective, {'success': False, 'error_code': 2027, 'message': 'Challenge is closed for voting'}
[2025-06-02 11:34:31] Voting fetching ...
[2025-06-02 11:34:31] Erreur lors de la récupération des données de vote: {'success': False, 'message': 'No images available', 'challenge': {'close_time': 0}}
[2025-06-02 11:34:31] Pas d'images disponibles pour Challenge downwards-perspective, {'success': False, 'error_code': 2027, 'message': 'Challenge is closed for voting'}
[2025-06-02 11:34:31] Voting fetching ...
[2025-06-02 11:34:31] Erreur lors de la récupération des données de vote: {'success': False, 'message': 'No images available', 'challenge': {'close_time': 0}}
[2025-06-02 11:34:31] Pas d'images disponibles pour Challenge show-the-way, {'success': False, 'error_code': 2027, 'message': 'Challenge is closed for voting'}
[2025-06-02 11:34:31] Voting fetching ...
[2025-06-02 11:34:31] Erreur lors de la récupération des données de vote: {'success': False, 'message': 'No images available', 'challenge': {'close_time': 0}}
[2025-06-02 11:34:31] Pas d'images disponibles pour Challenge downwards-perspective, {'success': False, 'error_code': 2027, 'message': 'Challenge is closed for voting'}
[2025-06-02 11:34:31] Voting fetching ...
[2025-06-02 11:34:31] Erreur lors de la récupération des données de vote: {'success': False, 'message': 'No images available', 'challenge': {'close_time': 0}}
[2025-06-02 11:34:31] Pas d'images disponibles pour Challenge loneliness31, {'success': False, 'error_code': 2027, 'message': 'Challenge is closed for voting'}
[2025-06-02 11:34:31] Voting fetching ...
[2025-06-02 11:34:31] Erreur lors de la récupération des données de vote: {'success': False, 'message': 'No images available', 'challenge': {'close_time': 0}}
[2025-06-02 11:34:31] Pas d'images disponibles pour Challenge show-the-way, {'success': False, 'error_code': 2027, 'message': 'Challenge is closed for voting'}
[2025-06-02 11:34:31] Voting fetching ...
[2025-06-02 11:34:31] Erreur lors de la récupération des données de vote: {'success': False, 'message': 'No images available', 'challenge': {'close_time': 0}}
[2025-06-02 11:34:31] Pas d'images disponibles pour Challenge show-the-way, {'success': False, 'error_code': 2027, 'message': 'Challenge is closed for voting'}
[2025-06-02 11:34:31] Voting fetching ...
[2025-06-02 11:34:31] Erreur lors de la récupération des données de vote: {'success': False, 'message': 'No images available', 'challenge': {'close_time': 0}}
[2025-06-02 11:34:31] Pas d'images disponibles pour Challenge loneliness31, {'success': False, 'error_code': 2027, 'message': 'Challenge is closed for voting'}
[2025-06-02 11:34:31] Voting fetching ...
[2025-06-02 11:34:31] Erreur lors de la récupération des données de vote: {'success': False, 'message': 'No images available', 'challenge': {'close_time': 0}}
[2025-06-02 11:34:31] Pas d'images disponibles pour Challenge show-the-way, {'success': False, 'error_code': 2027, 'message': 'Challenge is closed for voting'}
[2025-06-02 11:34:31] Voting fetching ...
[2025-06-02 11:34:31] Erreur lors de la récupération des données de vote: {'success': False, 'message': 'No images available', 'challenge': {'close_time': 0}}
[2025-06-02 11:34:31] Pas d'images disponibles pour Challenge downwards-perspective, {'success': False, 'error_code': 2027, 'message': 'Challenge is closed for voting'}
[2025-06-02 11:34:31] Voting fetching ...
[2025-06-02 11:34:31] Erreur lors de la récupération des données de vote: {'success': False, 'message': 'No images available', 'challenge': {'close_time': 0}}
[2025-06-02 11:34:31] Pas d'images disponibles pour Challenge downwards-perspective, {'success': False, 'error_code': 2027, 'message': 'Challenge is closed for voting'}
[2025-06-02 11:34:31] Voting fetching ...
[2025-06-02 11:34:31] Erreur lors de la récupération des données de vote: {'success': False, 'message': 'No images available', 'challenge': {'close_time': 0}}
[2025-06-02 11:34:31] Pas d'images disponibles pour Challenge show-the-way, {'success': False, 'error_code': 2027, 'message': 'Challenge is closed for voting'}
[2025-06-02 11:34:31] Voting fetching ...
[2025-06-02 11:34:31] Erreur lors de la récupération des données de vote: {'success': False, 'message': 'No images available', 'challenge': {'close_time': 0}}
[2025-06-02 11:34:31] Pas d'images disponibles pour Challenge downwards-perspective, {'success': False, 'error_code': 2027, 'message': 'Challenge is closed for voting'}
[2025-06-02 11:34:31] Voting fetching ...
[2025-06-02 11:34:31] Erreur lors de la récupération des données de vote: {'success': False, 'message': 'No images available', 'challenge': {'close_time': 0}}
[2025-06-02 11:34:31] Pas d'images disponibles pour Challenge show-the-way, {'success': False, 'error_code': 2027, 'message': 'Challenge is closed for voting'}
[2025-06-02 11:34:31] Voting fetching ...
[2025-06-02 11:34:31] Erreur lors de la récupération des données de vote: {'success': False, 'message': 'No images available', 'challenge': {'close_time': 0}}
[2025-06-02 11:34:31] Pas d'images disponibles pour Challenge downwards-perspective, {'success': False, 'error_code': 2027, 'message': 'Challenge is closed for voting'}
[2025-06-02 11:34:31] Voting fetching ...
[2025-06-02 11:34:31] Erreur lors de la récupération des données de vote: {'success': False, 'message': 'No images available', 'challenge': {'close_time': 0}}
[2025-06-02 11:34:31] Pas d'images disponibles pour Challenge show-the-way, {'success': False, 'error_code': 2027, 'message': 'Challenge is closed for voting'}
[2025-06-02 11:34:31] Voting fetching ...
[2025-06-02 11:34:31] Erreur lors de la récupération des données de vote: {'success': False, 'message': 'No images available', 'challenge': {'close_time': 0}}
[2025-06-02 11:34:31] Pas d'images disponibles pour Challenge downwards-perspective, {'success': False, 'error_code': 2027, 'message': 'Challenge is closed for voting'}
[2025-06-02 11:34:31] Voting fetching ...
[2025-06-02 11:34:31] Erreur lors de la récupération des données de vote: {'success': False, 'message': 'No images available', 'challenge': {'close_time': 0}}
[2025-06-02 11:34:31] Pas d'images disponibles pour Challenge downwards-perspective, {'success': False, 'error_code': 2027, 'message': 'Challenge is closed for voting'}
[2025-06-02 11:34:31] Voting fetching ...
[2025-06-02 11:34:31] Erreur lors de la récupération des données de vote: {'success': False, 'message': 'No images available', 'challenge': {'close_time': 0}}
[2025-06-02 11:34:31] Pas d'images disponibles pour Challenge downwards-perspective, {'success': False, 'error_code': 2027, 'message': 'Challenge is closed for voting'}
[2025-06-02 11:34:31] Voting fetching ...
[2025-06-02 11:34:31] Erreur lors de la récupération des données de vote: {'success': False, 'message': 'No images available', 'challenge': {'close_time': 0}}
[2025-06-02 11:34:31] Pas d'images disponibles pour Challenge show-the-way, {'success': False, 'error_code': 2027, 'message': 'Challenge is closed for voting'}
[2025-06-02 11:34:31] Voting fetching ...
[2025-06-02 11:34:31] Erreur lors de la récupération des données de vote: {'success': False, 'message': 'No images available', 'challenge': {'close_time': 0}}
[2025-06-02 11:34:31] Pas d'images disponibles pour Challenge downwards-perspective, {'success': False, 'error_code': 2027, 'message': 'Challenge is closed for voting'}
[2025-06-02 11:34:31] Voting fetching ...
[2025-06-02 11:34:31] Erreur lors de la récupération des données de vote: {'success': False, 'message': 'No images available', 'challenge': {'close_time': 0}}
[2025-06-02 11:34:31] Pas d'images disponibles pour Challenge downwards-perspective, {'success': False, 'error_code': 2027, 'message': 'Challenge is closed for voting'}
[2025-06-02 11:34:31] Voting fetching ...
[2025-06-02 11:34:31] Erreur lors de la récupération des données de vote: {'success': False, 'message': 'No images available', 'challenge': {'close_time': 0}}
[2025-06-02 13:31:04] Refreshing challenges...
[2025-06-02 13:31:04] Fetching challenges...
[2025-06-02 13:31:07] Challenges fetching ...
[2025-06-02 13:31:07] Stratégie chargée depuis gsgui.ini pour bruno/Water on the Rocks: fills
[2025-06-02 13:31:07] Challenges fetched successfully for bruno!
[2025-06-02 13:31:07] Stratégie chargée depuis gsgui.ini pour bruno/Water on the Rocks: fills
[2025-06-02 13:31:08] Stratégie chargée depuis gsgui.ini pour bruno/Water on the Rocks: fills
[2025-06-02 13:31:08] Sélection de tous les challenges

[2025-06-02 13:31:13] Stratégie de Water on the Rocks mise à jour: end4
[2025-06-02 13:31:13] Stratégie enregistrée pour bruno: water-on-the-rocks2 = end4
[2025-06-02 13:31:22] Avenue of Trees get vote panel
[2025-06-02 13:31:43] Public Areas get vote panel
[2025-06-02 13:32:04] Water on the Rocks get vote panel
[2025-06-02 13:32:25] Dynamic Diagonals get vote panel
[2025-06-02 13:32:46] Photo of the Week! get vote panel
[2025-06-02 13:33:07] The Greatest get vote panel
[2025-06-02 13:33:28] Filling challenges: {100652, 100653, 100654, 100592, 101235, 100598}
Filled Avenue of Trees with strategy end4
Filled Public Areas with strategy end4
Filled Water on the Rocks with strategy end4
Filled Dynamic Diagonals with strategy end4
Filled Photo of the Week! with strategy end4
Filled The Greatest with strategy end4

[2025-06-02 13:33:28] Stratégie chargée depuis gsgui.ini pour bruno/Water on the Rocks: end4
[2025-06-02 13:33:29] Récupération des données de vote pour Avenue of Trees (URL: trees-along-the-street, HEADER:{'User-Agent': 'Mozilla/5.0 (X11; Linux i686; rv:39.0) Gecko/20100101 Firefox/39.0', 'x-api-version': '8', 'x-env': 'WEB', 'X-requested-with': 'XMLHttpRequest', 'X-token': 'a1cad95a6d480c14f51dd0eba4914c8337b893c789ec6278bb440c7c9a673b162f042470c62684e6da2bd342ffea7777'})
[2025-06-02 13:33:29] Récupération des données de vote pour Avenue of Trees (URL: trees-along-the-street, HEADER:{'User-Agent': 'Mozilla/5.0 (X11; Linux i686; rv:39.0) Gecko/20100101 Firefox/39.0', 'x-api-version': '8', 'x-env': 'WEB', 'X-requested-with': 'XMLHttpRequest', 'X-token': 'a1cad95a6d480c14f51dd0eba4914c8337b893c789ec6278bb440c7c9a673b162f042470c62684e6da2bd342ffea7777'})
[2025-06-02 13:33:29] Récupération des données de vote pour Avenue of Trees (URL: trees-along-the-street, HEADER:{'User-Agent': 'Mozilla/5.0 (X11; Linux i686; rv:39.0) Gecko/20100101 Firefox/39.0', 'x-api-version': '8', 'x-env': 'WEB', 'X-requested-with': 'XMLHttpRequest', 'X-token': 'a1cad95a6d480c14f51dd0eba4914c8337b893c789ec6278bb440c7c9a673b162f042470c62684e6da2bd342ffea7777'})
[2025-06-02 13:33:29] Récupération des données de vote pour Avenue of Trees (URL: trees-along-the-street, HEADER:{'User-Agent': 'Mozilla/5.0 (X11; Linux i686; rv:39.0) Gecko/20100101 Firefox/39.0', 'x-api-version': '8', 'x-env': 'WEB', 'X-requested-with': 'XMLHttpRequest', 'X-token': 'a1cad95a6d480c14f51dd0eba4914c8337b893c789ec6278bb440c7c9a673b162f042470c62684e6da2bd342ffea7777'})
[2025-06-02 13:33:29] Récupération des données de vote pour Avenue of Trees (URL: trees-along-the-street, HEADER:{'User-Agent': 'Mozilla/5.0 (X11; Linux i686; rv:39.0) Gecko/20100101 Firefox/39.0', 'x-api-version': '8', 'x-env': 'WEB', 'X-requested-with': 'XMLHttpRequest', 'X-token': 'a1cad95a6d480c14f51dd0eba4914c8337b893c789ec6278bb440c7c9a673b162f042470c62684e6da2bd342ffea7777'})
[2025-06-02 13:33:29] Récupération des données de vote pour Avenue of Trees (URL: trees-along-the-street, HEADER:{'User-Agent': 'Mozilla/5.0 (X11; Linux i686; rv:39.0) Gecko/20100101 Firefox/39.0', 'x-api-version': '8', 'x-env': 'WEB', 'X-requested-with': 'XMLHttpRequest', 'X-token': 'a1cad95a6d480c14f51dd0eba4914c8337b893c789ec6278bb440c7c9a673b162f042470c62684e6da2bd342ffea7777'})
[2025-06-02 13:33:29] Récupération des données de vote pour Avenue of Trees (URL: trees-along-the-street, HEADER:{'User-Agent': 'Mozilla/5.0 (X11; Linux i686; rv:39.0) Gecko/20100101 Firefox/39.0', 'x-api-version': '8', 'x-env': 'WEB', 'X-requested-with': 'XMLHttpRequest', 'X-token': 'a1cad95a6d480c14f51dd0eba4914c8337b893c789ec6278bb440c7c9a673b162f042470c62684e6da2bd342ffea7777'})
[2025-06-02 13:33:29] Récupération des données de vote pour Public Areas (URL: public-areas, HEADER:{'User-Agent': 'Mozilla/5.0 (X11; Linux i686; rv:39.0) Gecko/20100101 Firefox/39.0', 'x-api-version': '8', 'x-env': 'WEB', 'X-requested-with': 'XMLHttpRequest', 'X-token': 'a1cad95a6d480c14f51dd0eba4914c8337b893c789ec6278bb440c7c9a673b162f042470c62684e6da2bd342ffea7777'})
[2025-06-02 13:33:29] Récupération des données de vote pour Public Areas (URL: public-areas, HEADER:{'User-Agent': 'Mozilla/5.0 (X11; Linux i686; rv:39.0) Gecko/20100101 Firefox/39.0', 'x-api-version': '8', 'x-env': 'WEB', 'X-requested-with': 'XMLHttpRequest', 'X-token': 'a1cad95a6d480c14f51dd0eba4914c8337b893c789ec6278bb440c7c9a673b162f042470c62684e6da2bd342ffea7777'})
[2025-06-02 13:33:29] Récupération des données de vote pour Public Areas (URL: public-areas, HEADER:{'User-Agent': 'Mozilla/5.0 (X11; Linux i686; rv:39.0) Gecko/20100101 Firefox/39.0', 'x-api-version': '8', 'x-env': 'WEB', 'X-requested-with': 'XMLHttpRequest', 'X-token': 'a1cad95a6d480c14f51dd0eba4914c8337b893c789ec6278bb440c7c9a673b162f042470c62684e6da2bd342ffea7777'})
[2025-06-02 13:33:29] Récupération des données de vote pour Public Areas (URL: public-areas, HEADER:{'User-Agent': 'Mozilla/5.0 (X11; Linux i686; rv:39.0) Gecko/20100101 Firefox/39.0', 'x-api-version': '8', 'x-env': 'WEB', 'X-requested-with': 'XMLHttpRequest', 'X-token': 'a1cad95a6d480c14f51dd0eba4914c8337b893c789ec6278bb440c7c9a673b162f042470c62684e6da2bd342ffea7777'})
[2025-06-02 13:33:29] Récupération des données de vote pour Public Areas (URL: public-areas, HEADER:{'User-Agent': 'Mozilla/5.0 (X11; Linux i686; rv:39.0) Gecko/20100101 Firefox/39.0', 'x-api-version': '8', 'x-env': 'WEB', 'X-requested-with': 'XMLHttpRequest', 'X-token': 'a1cad95a6d480c14f51dd0eba4914c8337b893c789ec6278bb440c7c9a673b162f042470c62684e6da2bd342ffea7777'})
[2025-06-02 13:33:29] Récupération des données de vote pour Public Areas (URL: public-areas, HEADER:{'User-Agent': 'Mozilla/5.0 (X11; Linux i686; rv:39.0) Gecko/20100101 Firefox/39.0', 'x-api-version': '8', 'x-env': 'WEB', 'X-requested-with': 'XMLHttpRequest', 'X-token': 'a1cad95a6d480c14f51dd0eba4914c8337b893c789ec6278bb440c7c9a673b162f042470c62684e6da2bd342ffea7777'})
[2025-06-02 13:33:29] Récupération des données de vote pour Public Areas (URL: public-areas, HEADER:{'User-Agent': 'Mozilla/5.0 (X11; Linux i686; rv:39.0) Gecko/20100101 Firefox/39.0', 'x-api-version': '8', 'x-env': 'WEB', 'X-requested-with': 'XMLHttpRequest', 'X-token': 'a1cad95a6d480c14f51dd0eba4914c8337b893c789ec6278bb440c7c9a673b162f042470c62684e6da2bd342ffea7777'})
[2025-06-02 13:33:29] Récupération des données de vote pour Water on the Rocks (URL: water-on-the-rocks2, HEADER:{'User-Agent': 'Mozilla/5.0 (X11; Linux i686; rv:39.0) Gecko/20100101 Firefox/39.0', 'x-api-version': '8', 'x-env': 'WEB', 'X-requested-with': 'XMLHttpRequest', 'X-token': 'a1cad95a6d480c14f51dd0eba4914c8337b893c789ec6278bb440c7c9a673b162f042470c62684e6da2bd342ffea7777'})
[2025-06-02 13:33:29] Récupération des données de vote pour Water on the Rocks (URL: water-on-the-rocks2, HEADER:{'User-Agent': 'Mozilla/5.0 (X11; Linux i686; rv:39.0) Gecko/20100101 Firefox/39.0', 'x-api-version': '8', 'x-env': 'WEB', 'X-requested-with': 'XMLHttpRequest', 'X-token': 'a1cad95a6d480c14f51dd0eba4914c8337b893c789ec6278bb440c7c9a673b162f042470c62684e6da2bd342ffea7777'})
[2025-06-02 13:33:29] Récupération des données de vote pour Water on the Rocks (URL: water-on-the-rocks2, HEADER:{'User-Agent': 'Mozilla/5.0 (X11; Linux i686; rv:39.0) Gecko/20100101 Firefox/39.0', 'x-api-version': '8', 'x-env': 'WEB', 'X-requested-with': 'XMLHttpRequest', 'X-token': 'a1cad95a6d480c14f51dd0eba4914c8337b893c789ec6278bb440c7c9a673b162f042470c62684e6da2bd342ffea7777'})
[2025-06-02 13:33:29] Récupération des données de vote pour Water on the Rocks (URL: water-on-the-rocks2, HEADER:{'User-Agent': 'Mozilla/5.0 (X11; Linux i686; rv:39.0) Gecko/20100101 Firefox/39.0', 'x-api-version': '8', 'x-env': 'WEB', 'X-requested-with': 'XMLHttpRequest', 'X-token': 'a1cad95a6d480c14f51dd0eba4914c8337b893c789ec6278bb440c7c9a673b162f042470c62684e6da2bd342ffea7777'})
[2025-06-02 13:33:29] Récupération des données de vote pour Water on the Rocks (URL: water-on-the-rocks2, HEADER:{'User-Agent': 'Mozilla/5.0 (X11; Linux i686; rv:39.0) Gecko/20100101 Firefox/39.0', 'x-api-version': '8', 'x-env': 'WEB', 'X-requested-with': 'XMLHttpRequest', 'X-token': 'a1cad95a6d480c14f51dd0eba4914c8337b893c789ec6278bb440c7c9a673b162f042470c62684e6da2bd342ffea7777'})
[2025-06-02 13:33:29] Récupération des données de vote pour Water on the Rocks (URL: water-on-the-rocks2, HEADER:{'User-Agent': 'Mozilla/5.0 (X11; Linux i686; rv:39.0) Gecko/20100101 Firefox/39.0', 'x-api-version': '8', 'x-env': 'WEB', 'X-requested-with': 'XMLHttpRequest', 'X-token': 'a1cad95a6d480c14f51dd0eba4914c8337b893c789ec6278bb440c7c9a673b162f042470c62684e6da2bd342ffea7777'})
[2025-06-02 13:33:29] Récupération des données de vote pour Water on the Rocks (URL: water-on-the-rocks2, HEADER:{'User-Agent': 'Mozilla/5.0 (X11; Linux i686; rv:39.0) Gecko/20100101 Firefox/39.0', 'x-api-version': '8', 'x-env': 'WEB', 'X-requested-with': 'XMLHttpRequest', 'X-token': 'a1cad95a6d480c14f51dd0eba4914c8337b893c789ec6278bb440c7c9a673b162f042470c62684e6da2bd342ffea7777'})
[2025-06-02 13:33:29] Récupération des données de vote pour Dynamic Diagonals (URL: dynamic-diagonals, HEADER:{'User-Agent': 'Mozilla/5.0 (X11; Linux i686; rv:39.0) Gecko/20100101 Firefox/39.0', 'x-api-version': '8', 'x-env': 'WEB', 'X-requested-with': 'XMLHttpRequest', 'X-token': 'a1cad95a6d480c14f51dd0eba4914c8337b893c789ec6278bb440c7c9a673b162f042470c62684e6da2bd342ffea7777'})
[2025-06-02 13:33:29] Récupération des données de vote pour Dynamic Diagonals (URL: dynamic-diagonals, HEADER:{'User-Agent': 'Mozilla/5.0 (X11; Linux i686; rv:39.0) Gecko/20100101 Firefox/39.0', 'x-api-version': '8', 'x-env': 'WEB', 'X-requested-with': 'XMLHttpRequest', 'X-token': 'a1cad95a6d480c14f51dd0eba4914c8337b893c789ec6278bb440c7c9a673b162f042470c62684e6da2bd342ffea7777'})
[2025-06-02 13:33:29] Récupération des données de vote pour Dynamic Diagonals (URL: dynamic-diagonals, HEADER:{'User-Agent': 'Mozilla/5.0 (X11; Linux i686; rv:39.0) Gecko/20100101 Firefox/39.0', 'x-api-version': '8', 'x-env': 'WEB', 'X-requested-with': 'XMLHttpRequest', 'X-token': 'a1cad95a6d480c14f51dd0eba4914c8337b893c789ec6278bb440c7c9a673b162f042470c62684e6da2bd342ffea7777'})
[2025-06-02 13:33:29] Récupération des données de vote pour Dynamic Diagonals (URL: dynamic-diagonals, HEADER:{'User-Agent': 'Mozilla/5.0 (X11; Linux i686; rv:39.0) Gecko/20100101 Firefox/39.0', 'x-api-version': '8', 'x-env': 'WEB', 'X-requested-with': 'XMLHttpRequest', 'X-token': 'a1cad95a6d480c14f51dd0eba4914c8337b893c789ec6278bb440c7c9a673b162f042470c62684e6da2bd342ffea7777'})
[2025-06-02 13:33:29] Récupération des données de vote pour Dynamic Diagonals (URL: dynamic-diagonals, HEADER:{'User-Agent': 'Mozilla/5.0 (X11; Linux i686; rv:39.0) Gecko/20100101 Firefox/39.0', 'x-api-version': '8', 'x-env': 'WEB', 'X-requested-with': 'XMLHttpRequest', 'X-token': 'a1cad95a6d480c14f51dd0eba4914c8337b893c789ec6278bb440c7c9a673b162f042470c62684e6da2bd342ffea7777'})
[2025-06-02 13:33:29] Récupération des données de vote pour Dynamic Diagonals (URL: dynamic-diagonals, HEADER:{'User-Agent': 'Mozilla/5.0 (X11; Linux i686; rv:39.0) Gecko/20100101 Firefox/39.0', 'x-api-version': '8', 'x-env': 'WEB', 'X-requested-with': 'XMLHttpRequest', 'X-token': 'a1cad95a6d480c14f51dd0eba4914c8337b893c789ec6278bb440c7c9a673b162f042470c62684e6da2bd342ffea7777'})
[2025-06-02 13:33:29] Récupération des données de vote pour Dynamic Diagonals (URL: dynamic-diagonals, HEADER:{'User-Agent': 'Mozilla/5.0 (X11; Linux i686; rv:39.0) Gecko/20100101 Firefox/39.0', 'x-api-version': '8', 'x-env': 'WEB', 'X-requested-with': 'XMLHttpRequest', 'X-token': 'a1cad95a6d480c14f51dd0eba4914c8337b893c789ec6278bb440c7c9a673b162f042470c62684e6da2bd342ffea7777'})
[2025-06-02 13:33:29] Récupération des données de vote pour Photo of the Week! (URL: photo-of-the-week-298, HEADER:{'User-Agent': 'Mozilla/5.0 (X11; Linux i686; rv:39.0) Gecko/20100101 Firefox/39.0', 'x-api-version': '8', 'x-env': 'WEB', 'X-requested-with': 'XMLHttpRequest', 'X-token': 'a1cad95a6d480c14f51dd0eba4914c8337b893c789ec6278bb440c7c9a673b162f042470c62684e6da2bd342ffea7777'})
[2025-06-02 13:33:29] Récupération des données de vote pour Photo of the Week! (URL: photo-of-the-week-298, HEADER:{'User-Agent': 'Mozilla/5.0 (X11; Linux i686; rv:39.0) Gecko/20100101 Firefox/39.0', 'x-api-version': '8', 'x-env': 'WEB', 'X-requested-with': 'XMLHttpRequest', 'X-token': 'a1cad95a6d480c14f51dd0eba4914c8337b893c789ec6278bb440c7c9a673b162f042470c62684e6da2bd342ffea7777'})
[2025-06-02 13:33:29] Récupération des données de vote pour Photo of the Week! (URL: photo-of-the-week-298, HEADER:{'User-Agent': 'Mozilla/5.0 (X11; Linux i686; rv:39.0) Gecko/20100101 Firefox/39.0', 'x-api-version': '8', 'x-env': 'WEB', 'X-requested-with': 'XMLHttpRequest', 'X-token': 'a1cad95a6d480c14f51dd0eba4914c8337b893c789ec6278bb440c7c9a673b162f042470c62684e6da2bd342ffea7777'})
[2025-06-02 13:33:29] Récupération des données de vote pour Photo of the Week! (URL: photo-of-the-week-298, HEADER:{'User-Agent': 'Mozilla/5.0 (X11; Linux i686; rv:39.0) Gecko/20100101 Firefox/39.0', 'x-api-version': '8', 'x-env': 'WEB', 'X-requested-with': 'XMLHttpRequest', 'X-token': 'a1cad95a6d480c14f51dd0eba4914c8337b893c789ec6278bb440c7c9a673b162f042470c62684e6da2bd342ffea7777'})
[2025-06-02 13:33:29] Récupération des données de vote pour Photo of the Week! (URL: photo-of-the-week-298, HEADER:{'User-Agent': 'Mozilla/5.0 (X11; Linux i686; rv:39.0) Gecko/20100101 Firefox/39.0', 'x-api-version': '8', 'x-env': 'WEB', 'X-requested-with': 'XMLHttpRequest', 'X-token': 'a1cad95a6d480c14f51dd0eba4914c8337b893c789ec6278bb440c7c9a673b162f042470c62684e6da2bd342ffea7777'})
[2025-06-02 13:33:29] Récupération des données de vote pour Photo of the Week! (URL: photo-of-the-week-298, HEADER:{'User-Agent': 'Mozilla/5.0 (X11; Linux i686; rv:39.0) Gecko/20100101 Firefox/39.0', 'x-api-version': '8', 'x-env': 'WEB', 'X-requested-with': 'XMLHttpRequest', 'X-token': 'a1cad95a6d480c14f51dd0eba4914c8337b893c789ec6278bb440c7c9a673b162f042470c62684e6da2bd342ffea7777'})
[2025-06-02 13:33:29] Récupération des données de vote pour Photo of the Week! (URL: photo-of-the-week-298, HEADER:{'User-Agent': 'Mozilla/5.0 (X11; Linux i686; rv:39.0) Gecko/20100101 Firefox/39.0', 'x-api-version': '8', 'x-env': 'WEB', 'X-requested-with': 'XMLHttpRequest', 'X-token': 'a1cad95a6d480c14f51dd0eba4914c8337b893c789ec6278bb440c7c9a673b162f042470c62684e6da2bd342ffea7777'})
[2025-06-02 13:33:29] Récupération des données de vote pour The Greatest (URL: the-greatest107, HEADER:{'User-Agent': 'Mozilla/5.0 (X11; Linux i686; rv:39.0) Gecko/20100101 Firefox/39.0', 'x-api-version': '8', 'x-env': 'WEB', 'X-requested-with': 'XMLHttpRequest', 'X-token': 'a1cad95a6d480c14f51dd0eba4914c8337b893c789ec6278bb440c7c9a673b162f042470c62684e6da2bd342ffea7777'})
[2025-06-02 13:33:29] Récupération des données de vote pour The Greatest (URL: the-greatest107, HEADER:{'User-Agent': 'Mozilla/5.0 (X11; Linux i686; rv:39.0) Gecko/20100101 Firefox/39.0', 'x-api-version': '8', 'x-env': 'WEB', 'X-requested-with': 'XMLHttpRequest', 'X-token': 'a1cad95a6d480c14f51dd0eba4914c8337b893c789ec6278bb440c7c9a673b162f042470c62684e6da2bd342ffea7777'})
[2025-06-02 13:33:29] Récupération des données de vote pour The Greatest (URL: the-greatest107, HEADER:{'User-Agent': 'Mozilla/5.0 (X11; Linux i686; rv:39.0) Gecko/20100101 Firefox/39.0', 'x-api-version': '8', 'x-env': 'WEB', 'X-requested-with': 'XMLHttpRequest', 'X-token': 'a1cad95a6d480c14f51dd0eba4914c8337b893c789ec6278bb440c7c9a673b162f042470c62684e6da2bd342ffea7777'})
[2025-06-02 13:33:29] Récupération des données de vote pour The Greatest (URL: the-greatest107, HEADER:{'User-Agent': 'Mozilla/5.0 (X11; Linux i686; rv:39.0) Gecko/20100101 Firefox/39.0', 'x-api-version': '8', 'x-env': 'WEB', 'X-requested-with': 'XMLHttpRequest', 'X-token': 'a1cad95a6d480c14f51dd0eba4914c8337b893c789ec6278bb440c7c9a673b162f042470c62684e6da2bd342ffea7777'})
[2025-06-02 13:33:29] Récupération des données de vote pour The Greatest (URL: the-greatest107, HEADER:{'User-Agent': 'Mozilla/5.0 (X11; Linux i686; rv:39.0) Gecko/20100101 Firefox/39.0', 'x-api-version': '8', 'x-env': 'WEB', 'X-requested-with': 'XMLHttpRequest', 'X-token': 'a1cad95a6d480c14f51dd0eba4914c8337b893c789ec6278bb440c7c9a673b162f042470c62684e6da2bd342ffea7777'})
[2025-06-02 13:33:29] Récupération des données de vote pour The Greatest (URL: the-greatest107, HEADER:{'User-Agent': 'Mozilla/5.0 (X11; Linux i686; rv:39.0) Gecko/20100101 Firefox/39.0', 'x-api-version': '8', 'x-env': 'WEB', 'X-requested-with': 'XMLHttpRequest', 'X-token': 'a1cad95a6d480c14f51dd0eba4914c8337b893c789ec6278bb440c7c9a673b162f042470c62684e6da2bd342ffea7777'})
[2025-06-02 13:33:29] Récupération des données de vote pour The Greatest (URL: the-greatest107, HEADER:{'User-Agent': 'Mozilla/5.0 (X11; Linux i686; rv:39.0) Gecko/20100101 Firefox/39.0', 'x-api-version': '8', 'x-env': 'WEB', 'X-requested-with': 'XMLHttpRequest', 'X-token': 'a1cad95a6d480c14f51dd0eba4914c8337b893c789ec6278bb440c7c9a673b162f042470c62684e6da2bd342ffea7777'})
[2025-06-02 13:33:31] Récupération réussie: 200 images pour Water on the Rocks
[2025-06-02 13:33:31] Voting fetching ...
[2025-06-02 13:33:31] Water on the Rocks voting 10 images
[2025-06-02 13:33:31] Stratégie chargée depuis gsgui.ini pour bruno/Water on the Rocks: end4
[2025-06-02 13:33:31] Récupération réussie: 200 images pour Photo of the Week!
[2025-06-02 13:33:31] Voting fetching ...
[2025-06-02 13:33:31] Photo of the Week! voting 10 images
[2025-06-02 13:33:31] Stratégie chargée depuis gsgui.ini pour bruno/Water on the Rocks: end4
[2025-06-02 13:33:31] Récupération réussie: 200 images pour Dynamic Diagonals
[2025-06-02 13:33:31] Voting fetching ...
[2025-06-02 13:33:31] Dynamic Diagonals voting 10 images
[2025-06-02 13:33:31] Stratégie chargée depuis gsgui.ini pour bruno/Water on the Rocks: end4
[2025-06-02 13:33:31] Récupération réussie: 200 images pour Dynamic Diagonals
[2025-06-02 13:33:31] Voting fetching ...
[2025-06-02 13:33:31] Dynamic Diagonals voting 10 images
[2025-06-02 13:33:31] Stratégie chargée depuis gsgui.ini pour bruno/Water on the Rocks: end4
[2025-06-02 13:33:31] Récupération réussie: 200 images pour Public Areas
[2025-06-02 13:33:31] Voting fetching ...
[2025-06-02 13:33:31] Public Areas voting 10 images
[2025-06-02 13:33:31] Stratégie chargée depuis gsgui.ini pour bruno/Water on the Rocks: end4
[2025-06-02 13:33:31] Récupération réussie: 200 images pour Photo of the Week!
[2025-06-02 13:33:31] Voting fetching ...
[2025-06-02 13:33:31] Photo of the Week! voting 10 images
[2025-06-02 13:33:31] Stratégie chargée depuis gsgui.ini pour bruno/Water on the Rocks: end4
[2025-06-02 13:33:31] Récupération réussie: 200 images pour Photo of the Week!
[2025-06-02 13:33:31] Voting fetching ...
[2025-06-02 13:33:31] Photo of the Week! voting 10 images
[2025-06-02 13:33:31] Stratégie chargée depuis gsgui.ini pour bruno/Water on the Rocks: end4
[2025-06-02 13:33:31] Récupération réussie: 200 images pour Public Areas
[2025-06-02 13:33:31] Voting fetching ...
[2025-06-02 13:33:31] Public Areas voting 10 images
[2025-06-02 13:33:31] Stratégie chargée depuis gsgui.ini pour bruno/Water on the Rocks: end4
[2025-06-02 13:33:31] Récupération réussie: 200 images pour Water on the Rocks
[2025-06-02 13:33:31] Voting fetching ...
[2025-06-02 13:33:31] Water on the Rocks voting 10 images
[2025-06-02 13:33:31] Stratégie chargée depuis gsgui.ini pour bruno/Water on the Rocks: end4
[2025-06-02 13:33:31] Récupération réussie: 200 images pour Photo of the Week!
[2025-06-02 13:33:31] Voting fetching ...
[2025-06-02 13:33:31] Photo of the Week! voting 10 images
[2025-06-02 13:33:31] Stratégie chargée depuis gsgui.ini pour bruno/Water on the Rocks: end4
[2025-06-02 13:33:31] Récupération réussie: 200 images pour Dynamic Diagonals
[2025-06-02 13:33:31] Voting fetching ...
[2025-06-02 13:33:31] Dynamic Diagonals voting 10 images
[2025-06-02 13:33:31] Stratégie chargée depuis gsgui.ini pour bruno/Water on the Rocks: end4
[2025-06-02 13:33:31] Récupération réussie: 200 images pour Dynamic Diagonals
[2025-06-02 13:33:31] Voting fetching ...
[2025-06-02 13:33:31] Dynamic Diagonals voting 10 images
[2025-06-02 13:33:31] Stratégie chargée depuis gsgui.ini pour bruno/Water on the Rocks: end4
[2025-06-02 13:33:31] Récupération réussie: 200 images pour Photo of the Week!
[2025-06-02 13:33:31] Voting fetching ...
[2025-06-02 13:33:31] Photo of the Week! voting 10 images
[2025-06-02 13:33:31] Stratégie chargée depuis gsgui.ini pour bruno/Water on the Rocks: end4
[2025-06-02 13:33:31] Récupération réussie: 200 images pour Photo of the Week!
[2025-06-02 13:33:31] Voting fetching ...
[2025-06-02 13:33:31] Photo of the Week! voting 10 images
[2025-06-02 13:33:31] Stratégie chargée depuis gsgui.ini pour bruno/Water on the Rocks: end4
[2025-06-02 13:33:31] Récupération réussie: 200 images pour Dynamic Diagonals
[2025-06-02 13:33:31] Voting fetching ...
[2025-06-02 13:33:31] Dynamic Diagonals voting 10 images
[2025-06-02 13:33:31] Stratégie chargée depuis gsgui.ini pour bruno/Water on the Rocks: end4
[2025-06-02 13:33:31] Récupération réussie: 200 images pour Photo of the Week!
[2025-06-02 13:33:31] Voting fetching ...
[2025-06-02 13:33:31] Photo of the Week! voting 10 images
[2025-06-02 13:33:31] Stratégie chargée depuis gsgui.ini pour bruno/Water on the Rocks: end4
[2025-06-02 13:33:31] Récupération réussie: 200 images pour Water on the Rocks
[2025-06-02 13:33:31] Voting fetching ...
[2025-06-02 13:33:31] Water on the Rocks voting 10 images
[2025-06-02 13:33:31] Stratégie chargée depuis gsgui.ini pour bruno/Water on the Rocks: end4
[2025-06-02 13:33:31] Récupération réussie: 200 images pour Public Areas
[2025-06-02 13:33:31] Voting fetching ...
[2025-06-02 13:33:31] Public Areas voting 10 images
[2025-06-02 13:33:31] Stratégie chargée depuis gsgui.ini pour bruno/Water on the Rocks: end4
[2025-06-02 13:33:31] Récupération réussie: 200 images pour Water on the Rocks
[2025-06-02 13:33:31] Voting fetching ...
[2025-06-02 13:33:31] Water on the Rocks voting 10 images
[2025-06-02 13:33:31] Stratégie chargée depuis gsgui.ini pour bruno/Water on the Rocks: end4
[2025-06-02 13:33:31] Récupération réussie: 200 images pour Dynamic Diagonals
[2025-06-02 13:33:31] Voting fetching ...
[2025-06-02 13:33:31] Dynamic Diagonals voting 10 images
[2025-06-02 13:33:31] Stratégie chargée depuis gsgui.ini pour bruno/Water on the Rocks: end4
[2025-06-02 13:33:31] Récupération réussie: 200 images pour Water on the Rocks
[2025-06-02 13:33:31] Voting fetching ...
[2025-06-02 13:33:31] Water on the Rocks voting 10 images
[2025-06-02 13:33:32] Stratégie chargée depuis gsgui.ini pour bruno/Water on the Rocks: end4
[2025-06-02 13:33:32] Récupération réussie: 200 images pour Avenue of Trees
[2025-06-02 13:33:32] Voting fetching ...
[2025-06-02 13:33:32] Avenue of Trees voting 10 images
[2025-06-02 13:33:32] Stratégie chargée depuis gsgui.ini pour bruno/Water on the Rocks: end4
[2025-06-02 13:33:32] Récupération réussie: 200 images pour Public Areas
[2025-06-02 13:33:32] Voting fetching ...
[2025-06-02 13:33:32] Public Areas voting 10 images
[2025-06-02 13:33:32] Stratégie chargée depuis gsgui.ini pour bruno/Water on the Rocks: end4
[2025-06-02 13:33:32] Récupération réussie: 200 images pour Dynamic Diagonals
[2025-06-02 13:33:32] Voting fetching ...
[2025-06-02 13:33:32] Dynamic Diagonals voting 10 images
[2025-06-02 13:33:32] Stratégie chargée depuis gsgui.ini pour bruno/Water on the Rocks: end4
[2025-06-02 13:33:32] Récupération réussie: 200 images pour Public Areas
[2025-06-02 13:33:32] Voting fetching ...
[2025-06-02 13:33:32] Public Areas voting 10 images
[2025-06-02 13:33:32] Stratégie chargée depuis gsgui.ini pour bruno/Water on the Rocks: end4
[2025-06-02 13:33:32] Récupération réussie: 200 images pour Avenue of Trees
[2025-06-02 13:33:32] Voting fetching ...
[2025-06-02 13:33:32] Avenue of Trees voting 10 images
[2025-06-02 13:33:32] Stratégie chargée depuis gsgui.ini pour bruno/Water on the Rocks: end4
[2025-06-02 13:33:32] Récupération réussie: 200 images pour Water on the Rocks
[2025-06-02 13:33:32] Voting fetching ...
[2025-06-02 13:33:32] Water on the Rocks voting 10 images
[2025-06-02 13:33:32] Stratégie chargée depuis gsgui.ini pour bruno/Water on the Rocks: end4
[2025-06-02 13:33:32] Récupération réussie: 200 images pour Public Areas
[2025-06-02 13:33:32] Voting fetching ...
[2025-06-02 13:33:32] Public Areas voting 10 images
[2025-06-02 13:33:32] Stratégie chargée depuis gsgui.ini pour bruno/Water on the Rocks: end4
[2025-06-02 13:33:32] Récupération réussie: 200 images pour Water on the Rocks
[2025-06-02 13:33:32] Voting fetching ...
[2025-06-02 13:33:32] Water on the Rocks voting 10 images
[2025-06-02 13:33:32] Stratégie chargée depuis gsgui.ini pour bruno/Water on the Rocks: end4
[2025-06-02 13:33:32] Récupération réussie: 200 images pour Avenue of Trees
[2025-06-02 13:33:32] Voting fetching ...
[2025-06-02 13:33:32] Avenue of Trees voting 10 images
[2025-06-02 13:33:32] Stratégie chargée depuis gsgui.ini pour bruno/Water on the Rocks: end4
[2025-06-02 13:33:32] Récupération réussie: 200 images pour Avenue of Trees
[2025-06-02 13:33:32] Voting fetching ...
[2025-06-02 13:33:32] Avenue of Trees voting 10 images
[2025-06-02 13:33:32] Stratégie chargée depuis gsgui.ini pour bruno/Water on the Rocks: end4
[2025-06-02 13:33:32] Récupération réussie: 200 images pour Public Areas
[2025-06-02 13:33:32] Voting fetching ...
[2025-06-02 13:33:32] Public Areas voting 10 images
[2025-06-02 13:33:32] Stratégie chargée depuis gsgui.ini pour bruno/Water on the Rocks: end4
[2025-06-02 13:33:32] Récupération réussie: 200 images pour Avenue of Trees
[2025-06-02 13:33:32] Voting fetching ...
[2025-06-02 13:33:32] Avenue of Trees voting 10 images
[2025-06-02 13:33:32] Stratégie chargée depuis gsgui.ini pour bruno/Water on the Rocks: end4
[2025-06-02 13:33:32] Récupération réussie: 200 images pour Avenue of Trees
[2025-06-02 13:33:32] Voting fetching ...
[2025-06-02 13:33:32] Avenue of Trees voting 10 images
[2025-06-02 13:33:32] Stratégie chargée depuis gsgui.ini pour bruno/Water on the Rocks: end4
[2025-06-02 13:33:32] Récupération réussie: 200 images pour The Greatest
[2025-06-02 13:33:32] Voting fetching ...
[2025-06-02 13:33:32] The Greatest voting 10 images
[2025-06-02 13:33:32] Stratégie chargée depuis gsgui.ini pour bruno/Water on the Rocks: end4
[2025-06-02 13:33:32] Récupération réussie: 200 images pour The Greatest
[2025-06-02 13:33:32] Voting fetching ...
[2025-06-02 13:33:32] The Greatest voting 10 images
[2025-06-02 13:33:32] Stratégie chargée depuis gsgui.ini pour bruno/Water on the Rocks: end4
[2025-06-02 13:33:32] Récupération réussie: 200 images pour The Greatest
[2025-06-02 13:33:32] Voting fetching ...
[2025-06-02 13:33:32] The Greatest voting 10 images
[2025-06-02 13:33:32] Stratégie chargée depuis gsgui.ini pour bruno/Water on the Rocks: end4
[2025-06-02 13:33:32] Récupération réussie: 200 images pour Avenue of Trees
[2025-06-02 13:33:32] Voting fetching ...
[2025-06-02 13:33:32] Avenue of Trees voting 10 images
[2025-06-02 13:33:32] Stratégie chargée depuis gsgui.ini pour bruno/Water on the Rocks: end4
[2025-06-02 13:33:32] Récupération réussie: 200 images pour The Greatest
[2025-06-02 13:33:32] Voting fetching ...
[2025-06-02 13:33:32] The Greatest voting 10 images
[2025-06-02 13:33:32] Stratégie chargée depuis gsgui.ini pour bruno/Water on the Rocks: end4
[2025-06-02 13:33:32] Récupération réussie: 200 images pour The Greatest
[2025-06-02 13:33:32] Voting fetching ...
[2025-06-02 13:33:32] The Greatest voting 10 images
[2025-06-02 13:33:32] Stratégie chargée depuis gsgui.ini pour bruno/Water on the Rocks: end4
[2025-06-02 13:33:32] Récupération réussie: 200 images pour The Greatest
[2025-06-02 13:33:32] Voting fetching ...
[2025-06-02 13:33:32] The Greatest voting 10 images
[2025-06-02 13:33:32] Stratégie chargée depuis gsgui.ini pour bruno/Water on the Rocks: end4
[2025-06-02 13:33:32] Récupération réussie: 200 images pour The Greatest
[2025-06-02 13:33:32] Voting fetching ...
[2025-06-02 13:33:32] The Greatest voting 10 images
[2025-06-02 13:33:32] Stratégie chargée depuis gsgui.ini pour bruno/Water on the Rocks: end4
[2025-06-02 13:33:34] Photo of the Week! voted successfully
[2025-06-02 13:33:36] Dynamic Diagonals voted successfully
[2025-06-02 13:33:38] Water on the Rocks voted successfully
[2025-06-02 13:33:40] Photo of the Week! voted successfully
[2025-06-02 13:33:42] Photo of the Week! voted successfully
[2025-06-02 13:33:44] Dynamic Diagonals voted successfully
[2025-06-02 13:33:46] Photo of the Week! voted successfully
[2025-06-02 13:33:48] Dynamic Diagonals voted successfully
[2025-06-02 13:33:50] Photo of the Week! voted successfully
[2025-06-02 13:33:52] Photo of the Week! voted successfully
[2025-06-02 13:33:54] Dynamic Diagonals voted successfully
[2025-06-02 13:33:56] Dynamic Diagonals voted successfully
[2025-06-02 13:33:58] Photo of the Week! voted successfully
[2025-06-02 13:34:00] Water on the Rocks voted successfully
[2025-06-02 13:34:02] Public Areas voted successfully
[2025-06-02 13:34:04] Water on the Rocks voted successfully
[2025-06-02 13:34:06] Dynamic Diagonals voted successfully
[2025-06-02 13:34:08] Public Areas voted successfully
[2025-06-02 13:34:10] Avenue of Trees voted successfully
[2025-06-02 13:34:12] Public Areas voted successfully
[2025-06-02 13:34:14] Public Areas voted successfully
[2025-06-02 13:34:16] Dynamic Diagonals voted successfully
[2025-06-02 13:34:18] The Greatest voted successfully
[2025-06-02 13:34:20] The Greatest voted successfully
[2025-06-02 13:34:22] The Greatest voted successfully
[2025-06-02 13:34:24] The Greatest voted successfully
[2025-06-02 13:34:26] The Greatest voted successfully
[2025-06-02 13:34:28] The Greatest voted successfully
[2025-06-02 13:34:30] The Greatest voted successfully
[2025-06-02 13:34:32] Public Areas voted successfully
[2025-06-02 13:34:34] Water on the Rocks voted successfully
[2025-06-02 13:34:36] Water on the Rocks voted successfully
[2025-06-02 13:34:38] Water on the Rocks voted successfully
[2025-06-02 13:34:40] Avenue of Trees voted successfully
[2025-06-02 13:34:42] Public Areas voted successfully
[2025-06-02 13:34:44] Avenue of Trees voted successfully
[2025-06-02 13:34:46] Avenue of Trees voted successfully
[2025-06-02 13:34:48] Water on the Rocks voted successfully
[2025-06-02 13:34:50] Avenue of Trees voted successfully
[2025-06-02 13:34:52] Avenue of Trees voted successfully
[2025-06-02 13:34:54] Avenue of Trees voted successfully
[2025-06-02 13:34:56] Public Areas voted successfully
[2025-06-02 13:35:06] Challenges fetching ...
[2025-06-02 13:35:06] Stratégie chargée depuis gsgui.ini pour bruno/Water on the Rocks: end4
[2025-06-02 13:35:06] Challenges fetched successfully for bruno!
[2025-06-02 13:35:06] Stratégie chargée depuis gsgui.ini pour bruno/Water on the Rocks: end4
[2025-06-02 13:35:07] Challenges fetching ...
[2025-06-02 13:35:08] Stratégie chargée depuis gsgui.ini pour bruno/Water on the Rocks: end4
[2025-06-02 13:35:08] Challenges fetched successfully for bruno!
[2025-06-02 13:35:08] Stratégie chargée depuis gsgui.ini pour bruno/Water on the Rocks: end4
[2025-06-02 13:35:09] Challenges fetching ...
[2025-06-02 13:35:09] Stratégie chargée depuis gsgui.ini pour bruno/Water on the Rocks: end4
[2025-06-02 13:35:10] Challenges fetched successfully for bruno!
[2025-06-02 13:35:10] Stratégie chargée depuis gsgui.ini pour bruno/Water on the Rocks: end4
[2025-06-02 13:35:10] Challenges fetching ...
[2025-06-02 13:35:10] Stratégie chargée depuis gsgui.ini pour bruno/Water on the Rocks: end4
[2025-06-02 13:35:10] Challenges fetched successfully for bruno!
[2025-06-02 13:35:11] Stratégie chargée depuis gsgui.ini pour bruno/Water on the Rocks: end4
[2025-06-02 13:35:12] Challenges fetching ...
[2025-06-02 13:35:12] Stratégie chargée depuis gsgui.ini pour bruno/Water on the Rocks: end4
[2025-06-02 13:35:12] Challenges fetched successfully for bruno!
[2025-06-02 13:35:12] Stratégie chargée depuis gsgui.ini pour bruno/Water on the Rocks: end4
[2025-06-02 13:35:13] Challenges fetching ...
[2025-06-02 13:35:13] Stratégie chargée depuis gsgui.ini pour bruno/Water on the Rocks: end4
[2025-06-02 13:35:13] Challenges fetched successfully for bruno!
[2025-06-02 13:35:14] Stratégie chargée depuis gsgui.ini pour bruno/Water on the Rocks: end4
[2025-06-02 13:35:14] Challenges fetching ...
[2025-06-02 13:35:14] Stratégie chargée depuis gsgui.ini pour bruno/Water on the Rocks: end4
[2025-06-02 13:35:14] Challenges fetched successfully for bruno!
[2025-06-02 13:35:16] Stratégie chargée depuis gsgui.ini pour bruno/Water on the Rocks: end4
[2025-06-02 13:35:17] Challenges fetching ...
[2025-06-02 13:35:17] Stratégie chargée depuis gsgui.ini pour bruno/Water on the Rocks: end4
[2025-06-02 13:35:18] Challenges fetched successfully for bruno!
[2025-06-02 13:35:18] Stratégie chargée depuis gsgui.ini pour bruno/Water on the Rocks: end4
[2025-06-02 13:35:22] Challenges fetching ...
[2025-06-02 13:35:22] Stratégie chargée depuis gsgui.ini pour bruno/Water on the Rocks: end4
[2025-06-02 13:35:22] Challenges fetched successfully for bruno!
[2025-06-02 13:35:23] Stratégie chargée depuis gsgui.ini pour bruno/Water on the Rocks: end4
[2025-06-02 13:35:23] Challenges fetching ...
[2025-06-02 13:35:23] Stratégie chargée depuis gsgui.ini pour bruno/Water on the Rocks: end4
[2025-06-02 13:35:24] Challenges fetched successfully for bruno!
[2025-06-02 13:35:26] Stratégie chargée depuis gsgui.ini pour bruno/Water on the Rocks: end4
[2025-06-02 13:35:29] Challenges fetching ...
[2025-06-02 13:35:29] Stratégie chargée depuis gsgui.ini pour bruno/Water on the Rocks: end4
[2025-06-02 13:35:29] Challenges fetched successfully for bruno!
[2025-06-02 13:35:30] Stratégie chargée depuis gsgui.ini pour bruno/Water on the Rocks: end4
[2025-06-02 13:35:30] Challenges fetching ...
[2025-06-02 13:35:33] Stratégie chargée depuis gsgui.ini pour bruno/Water on the Rocks: end4
[2025-06-02 13:35:33] Challenges fetched successfully for bruno!
[2025-06-02 13:35:34] Stratégie chargée depuis gsgui.ini pour bruno/Water on the Rocks: end4
[2025-06-02 13:35:34] Challenges fetching ...
[2025-06-02 13:35:35] Stratégie chargée depuis gsgui.ini pour bruno/Water on the Rocks: end4
[2025-06-02 13:35:35] Challenges fetched successfully for bruno!
[2025-06-02 13:35:38] Stratégie chargée depuis gsgui.ini pour bruno/Water on the Rocks: end4
[2025-06-02 13:35:40] Challenges fetching ...
[2025-06-02 13:35:40] Stratégie chargée depuis gsgui.ini pour bruno/Water on the Rocks: end4
[2025-06-02 13:35:40] Challenges fetched successfully for bruno!
[2025-06-02 13:35:40] Stratégie chargée depuis gsgui.ini pour bruno/Water on the Rocks: end4
[2025-06-02 13:35:41] Challenges fetching ...
[2025-06-02 13:35:41] Stratégie chargée depuis gsgui.ini pour bruno/Water on the Rocks: end4
[2025-06-02 13:35:42] Challenges fetched successfully for bruno!
[2025-06-02 13:35:42] Stratégie chargée depuis gsgui.ini pour bruno/Water on the Rocks: end4
[2025-06-02 13:35:42] Challenges fetching ...
[2025-06-02 13:35:43] Stratégie chargée depuis gsgui.ini pour bruno/Water on the Rocks: end4
[2025-06-02 13:35:43] Challenges fetched successfully for bruno!
[2025-06-02 13:35:44] Stratégie chargée depuis gsgui.ini pour bruno/Water on the Rocks: end4
[2025-06-02 13:35:45] Challenges fetching ...
[2025-06-02 13:35:45] Stratégie chargée depuis gsgui.ini pour bruno/Water on the Rocks: end4
[2025-06-02 13:35:45] Challenges fetched successfully for bruno!
[2025-06-02 13:35:45] Stratégie chargée depuis gsgui.ini pour bruno/Water on the Rocks: end4
[2025-06-02 13:35:58] Challenges fetching ...
[2025-06-02 13:35:59] Stratégie chargée depuis gsgui.ini pour bruno/Water on the Rocks: end4
[2025-06-02 13:35:59] Challenges fetched successfully for bruno!
[2025-06-02 13:36:02] Stratégie chargée depuis gsgui.ini pour bruno/Water on the Rocks: end4
[2025-06-02 13:36:02] Challenges fetching ...
[2025-06-02 13:36:03] Stratégie chargée depuis gsgui.ini pour bruno/Water on the Rocks: end4
[2025-06-02 13:36:03] Challenges fetched successfully for bruno!
[2025-06-02 13:36:03] Stratégie chargée depuis gsgui.ini pour bruno/Water on the Rocks: end4
[2025-06-02 13:36:04] Challenges fetching ...
[2025-06-02 13:36:04] Stratégie chargée depuis gsgui.ini pour bruno/Water on the Rocks: end4
[2025-06-02 13:36:04] Challenges fetched successfully for bruno!
[2025-06-02 13:36:05] Stratégie chargée depuis gsgui.ini pour bruno/Water on the Rocks: end4
[2025-06-02 13:36:05] Challenges fetching ...
[2025-06-02 13:36:05] Stratégie chargée depuis gsgui.ini pour bruno/Water on the Rocks: end4
[2025-06-02 13:36:05] Challenges fetched successfully for bruno!
[2025-06-02 13:36:05] Stratégie chargée depuis gsgui.ini pour bruno/Water on the Rocks: end4
[2025-06-02 13:36:07] Challenges fetching ...
[2025-06-02 13:36:08] Stratégie chargée depuis gsgui.ini pour bruno/Water on the Rocks: end4
[2025-06-02 13:36:08] Challenges fetched successfully for bruno!
[2025-06-02 13:36:08] Stratégie chargée depuis gsgui.ini pour bruno/Water on the Rocks: end4
[2025-06-02 13:36:08] Challenges fetching ...
[2025-06-02 13:36:09] Stratégie chargée depuis gsgui.ini pour bruno/Water on the Rocks: end4
[2025-06-02 13:36:09] Challenges fetched successfully for bruno!
[2025-06-02 13:36:09] Stratégie chargée depuis gsgui.ini pour bruno/Water on the Rocks: end4
[2025-06-02 13:36:09] Challenges fetching ...
[2025-06-02 13:36:09] Stratégie chargée depuis gsgui.ini pour bruno/Water on the Rocks: end4
[2025-06-02 13:36:10] Challenges fetched successfully for bruno!
[2025-06-02 13:36:10] Stratégie chargée depuis gsgui.ini pour bruno/Water on the Rocks: end4
[2025-06-02 13:36:10] Challenges fetching ...
[2025-06-02 13:36:11] Stratégie chargée depuis gsgui.ini pour bruno/Water on the Rocks: end4
[2025-06-02 13:36:11] Challenges fetched successfully for bruno!
[2025-06-02 13:36:12] Stratégie chargée depuis gsgui.ini pour bruno/Water on the Rocks: end4
[2025-06-02 13:36:14] Challenges fetching ...
[2025-06-02 13:36:15] Stratégie chargée depuis gsgui.ini pour bruno/Water on the Rocks: end4
[2025-06-02 13:36:16] Challenges fetched successfully for bruno!
[2025-06-02 13:36:16] Stratégie chargée depuis gsgui.ini pour bruno/Water on the Rocks: end4
[2025-06-02 13:36:17] Challenges fetching ...
[2025-06-02 13:36:17] Stratégie chargée depuis gsgui.ini pour bruno/Water on the Rocks: end4
[2025-06-02 13:36:18] Challenges fetched successfully for bruno!
[2025-06-02 13:36:18] Stratégie chargée depuis gsgui.ini pour bruno/Water on the Rocks: end4
[2025-06-02 13:36:19] Challenges fetching ...
[2025-06-02 13:36:20] Stratégie chargée depuis gsgui.ini pour bruno/Water on the Rocks: end4
[2025-06-02 13:36:20] Challenges fetched successfully for bruno!
[2025-06-02 13:36:21] Stratégie chargée depuis gsgui.ini pour bruno/Water on the Rocks: end4
[2025-06-02 13:36:21] Challenges fetching ...
[2025-06-02 13:36:23] Stratégie chargée depuis gsgui.ini pour bruno/Water on the Rocks: end4
[2025-06-02 13:36:23] Challenges fetched successfully for bruno!
[2025-06-02 13:36:24] Stratégie chargée depuis gsgui.ini pour bruno/Water on the Rocks: end4
[2025-06-02 13:36:24] Challenges fetching ...
[2025-06-02 13:36:24] Stratégie chargée depuis gsgui.ini pour bruno/Water on the Rocks: end4
[2025-06-02 13:36:25] Challenges fetched successfully for bruno!
[2025-06-02 13:36:25] Stratégie chargée depuis gsgui.ini pour bruno/Water on the Rocks: end4
[2025-06-02 13:36:25] Challenges fetching ...
[2025-06-02 13:36:26] Stratégie chargée depuis gsgui.ini pour bruno/Water on the Rocks: end4
[2025-06-02 13:36:26] Challenges fetched successfully for bruno!
[2025-06-02 13:36:27] Stratégie chargée depuis gsgui.ini pour bruno/Water on the Rocks: end4
[2025-06-02 13:36:27] Challenges fetching ...
[2025-06-02 13:36:27] Stratégie chargée depuis gsgui.ini pour bruno/Water on the Rocks: end4
[2025-06-02 13:36:27] Challenges fetched successfully for bruno!
[2025-06-02 13:36:29] Stratégie chargée depuis gsgui.ini pour bruno/Water on the Rocks: end4
[2025-06-02 13:36:30] Challenges fetching ...
[2025-06-02 13:36:30] Stratégie chargée depuis gsgui.ini pour bruno/Water on the Rocks: end4
[2025-06-02 13:36:30] Challenges fetched successfully for bruno!
[2025-06-02 13:36:30] Stratégie chargée depuis gsgui.ini pour bruno/Water on the Rocks: end4
[2025-06-02 13:36:31] Challenges fetching ...
[2025-06-02 13:36:32] Stratégie chargée depuis gsgui.ini pour bruno/Water on the Rocks: end4
[2025-06-02 13:36:32] Challenges fetched successfully for bruno!
[2025-06-02 13:36:32] Stratégie chargée depuis gsgui.ini pour bruno/Water on the Rocks: end4
[2025-06-02 13:36:33] Challenges fetching ...
[2025-06-02 13:36:33] Stratégie chargée depuis gsgui.ini pour bruno/Water on the Rocks: end4
[2025-06-02 13:36:34] Challenges fetched successfully for bruno!
[2025-06-02 13:36:34] Stratégie chargée depuis gsgui.ini pour bruno/Water on the Rocks: end4
[2025-06-02 13:36:34] Challenges fetching ...
[2025-06-02 13:36:35] Stratégie chargée depuis gsgui.ini pour bruno/Water on the Rocks: end4
[2025-06-02 13:36:35] Challenges fetched successfully for bruno!
[2025-06-02 13:36:35] Stratégie chargée depuis gsgui.ini pour bruno/Water on the Rocks: end4
[2025-06-02 13:36:36] Challenges fetching ...
[2025-06-02 13:36:38] Stratégie chargée depuis gsgui.ini pour bruno/Water on the Rocks: end4
[2025-06-02 13:36:38] Challenges fetched successfully for bruno!
[2025-06-02 13:36:39] Stratégie chargée depuis gsgui.ini pour bruno/Water on the Rocks: end4
[2025-06-02 13:36:39] Challenges fetching ...
[2025-06-02 13:36:40] Stratégie chargée depuis gsgui.ini pour bruno/Water on the Rocks: end4
[2025-06-02 13:36:40] Challenges fetched successfully for bruno!
[2025-06-02 13:36:40] Stratégie chargée depuis gsgui.ini pour bruno/Water on the Rocks: end4
[2025-06-02 13:36:41] Challenges fetching ...
[2025-06-02 13:36:41] Stratégie chargée depuis gsgui.ini pour bruno/Water on the Rocks: end4
[2025-06-02 13:36:42] Challenges fetched successfully for bruno!
[2025-06-02 13:36:42] Stratégie chargée depuis gsgui.ini pour bruno/Water on the Rocks: end4
[2025-06-02 13:36:44] Challenges fetching ...
[2025-06-02 13:36:49] Stratégie chargée depuis gsgui.ini pour bruno/Water on the Rocks: end4
[2025-06-02 13:36:50] Challenges fetched successfully for bruno!
[2025-06-02 13:36:51] Stratégie chargée depuis gsgui.ini pour bruno/Water on the Rocks: end4
[2025-06-02 13:36:51] Challenges fetching ...
[2025-06-02 13:36:54] Stratégie chargée depuis gsgui.ini pour bruno/Water on the Rocks: end4
[2025-06-02 13:36:54] Challenges fetched successfully for bruno!
[2025-06-02 13:36:54] Stratégie chargée depuis gsgui.ini pour bruno/Water on the Rocks: end4
[2025-06-02 13:36:55] Challenges fetching ...
[2025-06-02 13:36:55] Stratégie chargée depuis gsgui.ini pour bruno/Water on the Rocks: end4
[2025-06-02 13:36:56] Challenges fetched successfully for bruno!
[2025-06-02 13:36:56] Stratégie chargée depuis gsgui.ini pour bruno/Water on the Rocks: end4
[2025-06-02 14:47:30] Refreshing challenges...
[2025-06-02 14:47:30] Fetching challenges...
[2025-06-02 14:47:31] Challenges fetching ...
[2025-06-02 14:47:31] Lancement automatique des stratégies de fin pour 2 nouveaux challenges...
[2025-06-02 14:47:31] Nouveau challenge détecté pour pascale: Old but Still Working
[2025-06-02 14:47:31] Nouveau challenge détecté pour pascale: Lively Performers
[2025-06-02 14:47:31] Challenges fetched successfully for pascale!
[2025-06-02 14:48:01] Refreshing challenges...
[2025-06-02 14:48:01] Fetching challenges...
[2025-06-02 14:48:02] Challenges fetching ...
[2025-06-02 14:48:02] Stratégie chargée depuis gsgui.ini pour bruno/Water on the Rocks: end4
[2025-06-02 14:48:02] Challenges fetched successfully for bruno!
[2025-06-02 14:48:02] Stratégie chargée depuis gsgui.ini pour bruno/Water on the Rocks: end4
[2025-06-02 14:48:25] Lancement de la stratégie end4 pour Avenue of Trees
[2025-06-02 14:48:25] Nouveau processus ajouté pour bruno: trees-along-the-street-vote-70-left-0H:4M - Statut: init
[2025-06-02 14:48:25] Traitement du challenge pour bruno: trees-along-the-street
[2025-06-02 14:48:25] Nouveau processus ajouté pour bruno: trees-along-the-street-vote-20-left-0H:3M - Statut: init
[2025-06-02 14:48:25] Nouveau processus ajouté pour bruno: trees-along-the-street-vote-20-left-0H:2M - Statut: init
[2025-06-02 14:48:25] Traitement du challenge pour bruno: trees-along-the-street
[2025-06-02 14:48:25] Traitement du challenge pour bruno: trees-along-the-street
[2025-06-02 14:48:25] Processus mis à jour pour bruno: trees-along-the-street-vote-70-left-0H:4M - waiting
[2025-06-02 14:48:25] Stratégie chargée depuis gsgui.ini pour bruno/Water on the Rocks: end4
[2025-06-02 14:48:25] Nouveau processus ajouté pour bruno: trees-along-the-street-vote-20-left-0H:1M - Statut: init
[2025-06-02 14:48:25] Traitement du challenge pour bruno: trees-along-the-street
[2025-06-02 14:48:25] Processus mis à jour pour bruno: trees-along-the-street-vote-20-left-0H:3M - waiting
[2025-06-02 14:48:25] Processus mis à jour pour bruno: trees-along-the-street-vote-20-left-0H:2M - waiting
[2025-06-02 14:48:25] Processus mis à jour pour bruno: trees-along-the-street-vote-20-left-0H:1M - waiting
[2025-06-02 14:48:25] Lancement de la stratégie end4 pour Water on the Rocks
[2025-06-02 14:48:25] Nouveau processus ajouté pour bruno: water-on-the-rocks2-vote-70-left-0H:4M - Statut: init
[2025-06-02 14:48:25] Traitement du challenge pour bruno: water-on-the-rocks2
[2025-06-02 14:48:25] Nouveau processus ajouté pour bruno: water-on-the-rocks2-vote-20-left-0H:3M - Statut: init
[2025-06-02 14:48:25] Nouveau processus ajouté pour bruno: water-on-the-rocks2-vote-20-left-0H:2M - Statut: init
[2025-06-02 14:48:25] Traitement du challenge pour bruno: water-on-the-rocks2
[2025-06-02 14:48:25] Processus mis à jour pour bruno: water-on-the-rocks2-vote-70-left-0H:4M - waiting
[2025-06-02 14:48:25] Traitement du challenge pour bruno: water-on-the-rocks2
[2025-06-02 14:48:25] Nouveau processus ajouté pour bruno: water-on-the-rocks2-vote-20-left-0H:1M - Statut: init
[2025-06-02 14:48:25] Processus mis à jour pour bruno: water-on-the-rocks2-vote-20-left-0H:3M - waiting
[2025-06-02 14:48:25] Stratégie chargée depuis gsgui.ini pour bruno/Water on the Rocks: end4
[2025-06-02 14:48:25] Traitement du challenge pour bruno: water-on-the-rocks2
[2025-06-02 14:48:25] Processus mis à jour pour bruno: water-on-the-rocks2-vote-20-left-0H:2M - waiting
[2025-06-02 14:48:25] Processus mis à jour pour bruno: water-on-the-rocks2-vote-20-left-0H:1M - waiting
[2025-06-02 14:48:25] Lancement de la stratégie end4 pour Public Areas
[2025-06-02 14:48:25] Nouveau processus ajouté pour bruno: public-areas-vote-70-left-0H:4M - Statut: init
[2025-06-02 14:48:26] Traitement du challenge pour bruno: public-areas
[2025-06-02 14:48:26] Nouveau processus ajouté pour bruno: public-areas-vote-20-left-0H:3M - Statut: init
[2025-06-02 14:48:26] Traitement du challenge pour bruno: public-areas
[2025-06-02 14:48:26] Processus mis à jour pour bruno: public-areas-vote-70-left-0H:4M - waiting
[2025-06-02 14:48:26] Nouveau processus ajouté pour bruno: public-areas-vote-20-left-0H:2M - Statut: init
[2025-06-02 14:48:26] Nouveau processus ajouté pour bruno: public-areas-vote-20-left-0H:1M - Statut: init
[2025-06-02 14:48:26] Traitement du challenge pour bruno: public-areas
[2025-06-02 14:48:26] Processus mis à jour pour bruno: public-areas-vote-20-left-0H:3M - waiting
[2025-06-02 14:48:26] Traitement du challenge pour bruno: public-areas
[2025-06-02 14:48:26] Stratégie chargée depuis gsgui.ini pour bruno/Water on the Rocks: end4
[2025-06-02 14:48:26] Processus mis à jour pour bruno: public-areas-vote-20-left-0H:2M - waiting
[2025-06-02 14:48:26] Processus mis à jour pour bruno: public-areas-vote-20-left-0H:1M - waiting
[2025-06-02 14:48:26] Lancement de la stratégie end4 pour Dynamic Diagonals
[2025-06-02 14:48:26] Nouveau processus ajouté pour bruno: dynamic-diagonals-vote-70-left-0H:4M - Statut: init
[2025-06-02 14:48:26] Traitement du challenge pour bruno: dynamic-diagonals
[2025-06-02 14:48:26] Nouveau processus ajouté pour bruno: dynamic-diagonals-vote-20-left-0H:3M - Statut: init
[2025-06-02 14:48:26] Traitement du challenge pour bruno: dynamic-diagonals
[2025-06-02 14:48:26] Processus mis à jour pour bruno: dynamic-diagonals-vote-70-left-0H:4M - waiting
[2025-06-02 14:48:26] Stratégie chargée depuis gsgui.ini pour bruno/Water on the Rocks: end4
[2025-06-02 14:48:26] Nouveau processus ajouté pour bruno: dynamic-diagonals-vote-20-left-0H:2M - Statut: init
[2025-06-02 14:48:26] Traitement du challenge pour bruno: dynamic-diagonals
[2025-06-02 14:48:26] Processus mis à jour pour bruno: dynamic-diagonals-vote-20-left-0H:3M - waiting
[2025-06-02 14:48:26] Nouveau processus ajouté pour bruno: dynamic-diagonals-vote-20-left-0H:1M - Statut: init
[2025-06-02 14:48:26] Traitement du challenge pour bruno: dynamic-diagonals
[2025-06-02 14:48:26] Processus mis à jour pour bruno: dynamic-diagonals-vote-20-left-0H:2M - waiting
[2025-06-02 14:48:26] Processus mis à jour pour bruno: dynamic-diagonals-vote-20-left-0H:1M - waiting
[2025-06-02 14:48:26] Lancement de la stratégie end4 pour The Greatest
[2025-06-02 14:48:26] Nouveau processus ajouté pour bruno: the-greatest107-vote-70-left-0H:4M - Statut: init
[2025-06-02 14:48:26] Traitement du challenge pour bruno: the-greatest107
[2025-06-02 14:48:26] Nouveau processus ajouté pour bruno: the-greatest107-vote-20-left-0H:3M - Statut: init
[2025-06-02 14:48:26] Traitement du challenge pour bruno: the-greatest107
[2025-06-02 14:48:26] Stratégie chargée depuis gsgui.ini pour bruno/Water on the Rocks: end4
[2025-06-02 14:48:26] Processus mis à jour pour bruno: the-greatest107-vote-70-left-0H:4M - waiting
[2025-06-02 14:48:26] Nouveau processus ajouté pour bruno: the-greatest107-vote-20-left-0H:2M - Statut: init
[2025-06-02 14:48:26] Traitement du challenge pour bruno: the-greatest107
[2025-06-02 14:48:26] Processus mis à jour pour bruno: the-greatest107-vote-20-left-0H:3M - waiting
[2025-06-02 14:48:26] Nouveau processus ajouté pour bruno: the-greatest107-vote-20-left-0H:1M - Statut: init
[2025-06-02 14:48:26] Traitement du challenge pour bruno: the-greatest107
[2025-06-02 14:48:26] Processus mis à jour pour bruno: the-greatest107-vote-20-left-0H:2M - waiting
[2025-06-02 14:48:26] Processus mis à jour pour bruno: the-greatest107-vote-20-left-0H:1M - waiting
[2025-06-02 14:48:26] Application des stratégies pour les challenges sélectionnés:
- Avenue of Trees avec stratégie end4
- Water on the Rocks avec stratégie end4
- Public Areas avec stratégie end4
- Dynamic Diagonals avec stratégie end4
- The Greatest avec stratégie end4

[2025-06-02 14:49:18] Lancement de la stratégie end4 pour Best of Black & White
[2025-06-02 14:49:19] Nouveau processus ajouté pour pascale: best-of-black-white29-vote-70-left-0H:4M - Statut: init
[2025-06-02 14:49:19] Traitement du challenge pour pascale: best-of-black-white29
[2025-06-02 14:49:19] Nouveau processus ajouté pour pascale: best-of-black-white29-vote-20-left-0H:3M - Statut: init
[2025-06-02 14:49:19] Traitement du challenge pour pascale: best-of-black-white29
[2025-06-02 14:49:19] Nouveau processus ajouté pour pascale: best-of-black-white29-vote-20-left-0H:2M - Statut: init
[2025-06-02 14:49:19] Traitement du challenge pour pascale: best-of-black-white29
[2025-06-02 14:49:19] Processus mis à jour pour pascale: best-of-black-white29-vote-70-left-0H:4M - waiting
[2025-06-02 14:49:19] Nouveau processus ajouté pour pascale: best-of-black-white29-vote-20-left-0H:1M - Statut: init
[2025-06-02 14:49:19] Processus mis à jour pour pascale: best-of-black-white29-vote-20-left-0H:3M - waiting
[2025-06-02 14:49:19] Traitement du challenge pour pascale: best-of-black-white29
[2025-06-02 14:49:19] Processus mis à jour pour pascale: best-of-black-white29-vote-20-left-0H:2M - waiting
[2025-06-02 14:49:19] Processus mis à jour pour pascale: best-of-black-white29-vote-20-left-0H:1M - waiting
[2025-06-02 14:49:19] Lancement de la stratégie end4 pour Water on the Rocks
[2025-06-02 14:49:19] Nouveau processus ajouté pour pascale: water-on-the-rocks2-vote-70-left-0H:4M - Statut: init
[2025-06-02 14:49:19] Traitement du challenge pour pascale: water-on-the-rocks2
[2025-06-02 14:49:19] Nouveau processus ajouté pour pascale: water-on-the-rocks2-vote-20-left-0H:3M - Statut: init
[2025-06-02 14:49:19] Traitement du challenge pour pascale: water-on-the-rocks2
[2025-06-02 14:49:19] Nouveau processus ajouté pour pascale: water-on-the-rocks2-vote-20-left-0H:2M - Statut: init
[2025-06-02 14:49:19] Traitement du challenge pour pascale: water-on-the-rocks2
[2025-06-02 14:49:19] Processus mis à jour pour pascale: water-on-the-rocks2-vote-70-left-0H:4M - waiting
[2025-06-02 14:49:19] Nouveau processus ajouté pour pascale: water-on-the-rocks2-vote-20-left-0H:1M - Statut: init
[2025-06-02 14:49:19] Traitement du challenge pour pascale: water-on-the-rocks2
[2025-06-02 14:49:19] Processus mis à jour pour pascale: water-on-the-rocks2-vote-20-left-0H:3M - waiting
[2025-06-02 14:49:19] Processus mis à jour pour pascale: water-on-the-rocks2-vote-20-left-0H:2M - waiting
[2025-06-02 14:49:19] Processus mis à jour pour pascale: water-on-the-rocks2-vote-20-left-0H:1M - waiting
[2025-06-02 14:49:19] Lancement de la stratégie end4 pour Old but Still Working
[2025-06-02 14:49:19] Nouveau processus ajouté pour pascale: old-but-still-working-vote-70-left-0H:4M - Statut: init
[2025-06-02 14:49:19] Traitement du challenge pour pascale: old-but-still-working
[2025-06-02 14:49:19] Nouveau processus ajouté pour pascale: old-but-still-working-vote-20-left-0H:3M - Statut: init
[2025-06-02 14:49:19] Traitement du challenge pour pascale: old-but-still-working
[2025-06-02 14:49:19] Processus mis à jour pour pascale: old-but-still-working-vote-70-left-0H:4M - waiting
[2025-06-02 14:49:19] Nouveau processus ajouté pour pascale: old-but-still-working-vote-20-left-0H:2M - Statut: init
[2025-06-02 14:49:19] Processus mis à jour pour pascale: old-but-still-working-vote-20-left-0H:3M - waiting
[2025-06-02 14:49:19] Traitement du challenge pour pascale: old-but-still-working
[2025-06-02 14:49:19] Nouveau processus ajouté pour pascale: old-but-still-working-vote-20-left-0H:1M - Statut: init
[2025-06-02 14:49:19] Processus mis à jour pour pascale: old-but-still-working-vote-20-left-0H:2M - waiting
[2025-06-02 14:49:19] Traitement du challenge pour pascale: old-but-still-working
[2025-06-02 14:49:19] Processus mis à jour pour pascale: old-but-still-working-vote-20-left-0H:1M - waiting
[2025-06-02 14:49:19] Lancement de la stratégie end4 pour Lively Performers
[2025-06-02 14:49:19] Nouveau processus ajouté pour pascale: lively-performers-vote-70-left-0H:4M - Statut: init
[2025-06-02 14:49:19] Nouveau processus ajouté pour pascale: lively-performers-vote-20-left-0H:3M - Statut: init
[2025-06-02 14:49:19] Traitement du challenge pour pascale: lively-performers
[2025-06-02 14:49:19] Traitement du challenge pour pascale: lively-performers
[2025-06-02 14:49:19] Nouveau processus ajouté pour pascale: lively-performers-vote-20-left-0H:2M - Statut: init
[2025-06-02 14:49:19] Traitement du challenge pour pascale: lively-performers
[2025-06-02 14:49:19] Processus mis à jour pour pascale: lively-performers-vote-70-left-0H:4M - waiting
[2025-06-02 14:49:19] Processus mis à jour pour pascale: lively-performers-vote-20-left-0H:3M - waiting
[2025-06-02 14:49:19] Processus mis à jour pour pascale: lively-performers-vote-20-left-0H:2M - waiting
[2025-06-02 14:49:19] Nouveau processus ajouté pour pascale: lively-performers-vote-20-left-0H:1M - Statut: init
[2025-06-02 14:49:19] Traitement du challenge pour pascale: lively-performers
[2025-06-02 14:49:19] Processus mis à jour pour pascale: lively-performers-vote-20-left-0H:1M - waiting
[2025-06-02 14:49:19] Lancement de la stratégie end4 pour Happy Hour
[2025-06-02 14:49:19] Nouveau processus ajouté pour pascale: happy-hour23-vote-70-left-0H:4M - Statut: init
[2025-06-02 14:49:19] Traitement du challenge pour pascale: happy-hour23
[2025-06-02 14:49:19] Nouveau processus ajouté pour pascale: happy-hour23-vote-20-left-0H:3M - Statut: init
[2025-06-02 14:49:19] Traitement du challenge pour pascale: happy-hour23
[2025-06-02 14:49:19] Nouveau processus ajouté pour pascale: happy-hour23-vote-20-left-0H:2M - Statut: init
[2025-06-02 14:49:19] Processus mis à jour pour pascale: happy-hour23-vote-70-left-0H:4M - waiting
[2025-06-02 14:49:19] Traitement du challenge pour pascale: happy-hour23
[2025-06-02 14:49:19] Nouveau processus ajouté pour pascale: happy-hour23-vote-20-left-0H:1M - Statut: init
[2025-06-02 14:49:19] Processus mis à jour pour pascale: happy-hour23-vote-20-left-0H:3M - waiting
[2025-06-02 14:49:19] Traitement du challenge pour pascale: happy-hour23
[2025-06-02 14:49:19] Processus mis à jour pour pascale: happy-hour23-vote-20-left-0H:2M - waiting
[2025-06-02 14:49:19] Processus mis à jour pour pascale: happy-hour23-vote-20-left-0H:1M - waiting
[2025-06-02 14:49:19] Lancement de la stratégie end4 pour Seasonal Portraits
[2025-06-02 14:49:19] Nouveau processus ajouté pour pascale: seasonal-photoshoots1-vote-70-left-0H:4M - Statut: init
[2025-06-02 14:49:19] Traitement du challenge pour pascale: seasonal-photoshoots1
[2025-06-02 14:49:19] Nouveau processus ajouté pour pascale: seasonal-photoshoots1-vote-20-left-0H:3M - Statut: init
[2025-06-02 14:49:19] Traitement du challenge pour pascale: seasonal-photoshoots1
[2025-06-02 14:49:19] Nouveau processus ajouté pour pascale: seasonal-photoshoots1-vote-20-left-0H:2M - Statut: init
[2025-06-02 14:49:19] Traitement du challenge pour pascale: seasonal-photoshoots1
[2025-06-02 14:49:19] Processus mis à jour pour pascale: seasonal-photoshoots1-vote-70-left-0H:4M - waiting
[2025-06-02 14:49:19] Nouveau processus ajouté pour pascale: seasonal-photoshoots1-vote-20-left-0H:1M - Statut: init
[2025-06-02 14:49:19] Processus mis à jour pour pascale: seasonal-photoshoots1-vote-20-left-0H:3M - waiting
[2025-06-02 14:49:19] Traitement du challenge pour pascale: seasonal-photoshoots1
[2025-06-02 14:49:19] Processus mis à jour pour pascale: seasonal-photoshoots1-vote-20-left-0H:2M - waiting
[2025-06-02 14:49:19] Processus mis à jour pour pascale: seasonal-photoshoots1-vote-20-left-0H:1M - waiting
[2025-06-02 14:49:19] Application des stratégies pour les challenges sélectionnés:
- Best of Black & White avec stratégie end4
- Water on the Rocks avec stratégie end4
- Old but Still Working avec stratégie end4
- Lively Performers avec stratégie end4
- Happy Hour avec stratégie end4
- Seasonal Portraits avec stratégie end4

[2025-06-02 15:08:29] Challenges en cours de traitement:
- Processus: weird-photos15-vote-100-left-0H:4M: waiting
- Processus: weird-photos15-vote-50-left-0H:3M: waiting
- Processus: weird-photos15-vote-50-left-0H:2M: waiting
- Processus: weird-photos15-vote-50-left-0H:1M: waiting
- Processus: what-is-patriotism-1-vote-50-left-0H:3M: waiting
- Processus: exits-entrances1-vote-100-left-0H:4M: waiting
- Processus: exits-entrances1-vote-50-left-0H:3M: waiting
- Processus: exits-entrances1-vote-50-left-0H:2M: waiting
- Processus: exits-entrances1-vote-50-left-0H:1M: waiting
- Processus: traveling-portraits1-vote-100-left-0H:4M: waiting
- Processus: traveling-portraits1-vote-50-left-0H:3M: waiting
- Processus: traveling-portraits1-vote-50-left-0H:2M: waiting
- Processus: traveling-portraits1-vote-50-left-0H:1M: waiting
- Processus: love-and-romance1-vote-50-left-0H:3M: waiting
- Processus: cultural-cuisines-vote-100-left-0H:4M: waiting
- Processus: cultural-cuisines-vote-50-left-0H:3M: waiting
- Processus: cultural-cuisines-vote-50-left-0H:2M: waiting
- Processus: cultural-cuisines-vote-50-left-0H:1M: waiting
- Processus: favorite-animal-vote-100-left-0H:4M: waiting
- Processus: favorite-animal-vote-50-left-0H:3M: waiting
- Processus: favorite-animal-vote-50-left-0H:2M: waiting
- Processus: favorite-animal-vote-50-left-0H:1M: waiting
- Processus: photo-of-the-week-298-vote-100-left-0H:4M: waiting
- Processus: photo-of-the-week-298-vote-50-left-0H:3M: waiting
- Processus: photo-of-the-week-298-vote-50-left-0H:2M: waiting
- Processus: photo-of-the-week-298-vote-50-left-0H:1M: waiting
- Processus: trees-along-the-street-vote-70-left-0H:4M: waiting
- Processus: trees-along-the-street-vote-20-left-0H:3M: waiting
- Processus: trees-along-the-street-vote-20-left-0H:2M: waiting
- Processus: trees-along-the-street-vote-20-left-0H:1M: waiting
- Processus: water-on-the-rocks2-vote-70-left-0H:4M: waiting
- Processus: water-on-the-rocks2-vote-20-left-0H:3M: waiting
- Processus: water-on-the-rocks2-vote-20-left-0H:2M: waiting
- Processus: water-on-the-rocks2-vote-20-left-0H:1M: waiting
- Processus: public-areas-vote-70-left-0H:4M: waiting
- Processus: public-areas-vote-20-left-0H:3M: waiting
- Processus: public-areas-vote-20-left-0H:2M: waiting
- Processus: public-areas-vote-20-left-0H:1M: waiting
- Processus: dynamic-diagonals-vote-70-left-0H:4M: waiting
- Processus: dynamic-diagonals-vote-20-left-0H:3M: waiting
- Processus: dynamic-diagonals-vote-20-left-0H:2M: waiting
- Processus: dynamic-diagonals-vote-20-left-0H:1M: waiting
- Processus: the-greatest107-vote-70-left-0H:4M: waiting
- Processus: the-greatest107-vote-20-left-0H:3M: waiting
- Processus: the-greatest107-vote-20-left-0H:2M: waiting
- Processus: the-greatest107-vote-20-left-0H:1M: waiting

[2025-06-02 15:08:29] process id  : , weird-photos15-vote-100-left-0H:4M, status, waiting, cmde,  --cha weird-photos15 vote 100 --left 0:4
[2025-06-02 15:08:29] process id  : , weird-photos15-vote-50-left-0H:3M, status, waiting, cmde,  --cha weird-photos15 vote 50 --left 0:3
[2025-06-02 15:08:29] process id  : , weird-photos15-vote-50-left-0H:2M, status, waiting, cmde,  --cha weird-photos15 vote 50 --left 0:2
[2025-06-02 15:08:29] process id  : , weird-photos15-vote-50-left-0H:1M, status, waiting, cmde,  --cha weird-photos15 vote 50 --left 0:1
[2025-06-02 15:08:29] process id  : , what-is-patriotism-1-vote-50-left-0H:3M, status, waiting, cmde,  --cha what-is-patriotism-1 vote 50 --left 0:3
[2025-06-02 15:08:29] process id  : , exits-entrances1-vote-100-left-0H:4M, status, waiting, cmde,  --cha exits-entrances1 vote 100 --left 0:4
[2025-06-02 15:08:29] process id  : , exits-entrances1-vote-50-left-0H:3M, status, waiting, cmde,  --cha exits-entrances1 vote 50 --left 0:3
[2025-06-02 15:08:29] process id  : , exits-entrances1-vote-50-left-0H:2M, status, waiting, cmde,  --cha exits-entrances1 vote 50 --left 0:2
[2025-06-02 15:08:29] process id  : , exits-entrances1-vote-50-left-0H:1M, status, waiting, cmde,  --cha exits-entrances1 vote 50 --left 0:1
[2025-06-02 15:08:29] process id  : , traveling-portraits1-vote-100-left-0H:4M, status, waiting, cmde,  --cha traveling-portraits1 vote 100 --left 0:4
[2025-06-02 15:08:29] process id  : , traveling-portraits1-vote-50-left-0H:3M, status, waiting, cmde,  --cha traveling-portraits1 vote 50 --left 0:3
[2025-06-02 15:08:29] process id  : , traveling-portraits1-vote-50-left-0H:2M, status, waiting, cmde,  --cha traveling-portraits1 vote 50 --left 0:2
[2025-06-02 15:08:29] process id  : , traveling-portraits1-vote-50-left-0H:1M, status, waiting, cmde,  --cha traveling-portraits1 vote 50 --left 0:1
[2025-06-02 15:08:29] process id  : , love-and-romance1-vote-50-left-0H:3M, status, waiting, cmde,  --cha love-and-romance1 vote 50 --left 0:3
[2025-06-02 15:08:29] process id  : , cultural-cuisines-vote-100-left-0H:4M, status, waiting, cmde,  --cha cultural-cuisines vote 100 --left 0:4
[2025-06-02 15:08:29] process id  : , cultural-cuisines-vote-50-left-0H:3M, status, waiting, cmde,  --cha cultural-cuisines vote 50 --left 0:3
[2025-06-02 15:08:29] process id  : , cultural-cuisines-vote-50-left-0H:2M, status, waiting, cmde,  --cha cultural-cuisines vote 50 --left 0:2
[2025-06-02 15:08:29] process id  : , cultural-cuisines-vote-50-left-0H:1M, status, waiting, cmde,  --cha cultural-cuisines vote 50 --left 0:1
[2025-06-02 15:08:29] process id  : , favorite-animal-vote-100-left-0H:4M, status, waiting, cmde,  --cha favorite-animal vote 100 --left 0:4
[2025-06-02 15:08:29] process id  : , favorite-animal-vote-50-left-0H:3M, status, waiting, cmde,  --cha favorite-animal vote 50 --left 0:3
[2025-06-02 15:08:29] process id  : , favorite-animal-vote-50-left-0H:2M, status, waiting, cmde,  --cha favorite-animal vote 50 --left 0:2
[2025-06-02 15:08:29] process id  : , favorite-animal-vote-50-left-0H:1M, status, waiting, cmde,  --cha favorite-animal vote 50 --left 0:1
[2025-06-02 15:08:29] process id  : , photo-of-the-week-298-vote-100-left-0H:4M, status, waiting, cmde,  --cha photo-of-the-week-298 vote 100 --left 0:4
[2025-06-02 15:08:29] process id  : , photo-of-the-week-298-vote-50-left-0H:3M, status, waiting, cmde,  --cha photo-of-the-week-298 vote 50 --left 0:3
[2025-06-02 15:08:29] process id  : , photo-of-the-week-298-vote-50-left-0H:2M, status, waiting, cmde,  --cha photo-of-the-week-298 vote 50 --left 0:2
[2025-06-02 15:08:29] process id  : , photo-of-the-week-298-vote-50-left-0H:1M, status, waiting, cmde,  --cha photo-of-the-week-298 vote 50 --left 0:1
[2025-06-02 15:08:29] process id  : , trees-along-the-street-vote-70-left-0H:4M, status, waiting, cmde,  --cha trees-along-the-street vote 70 --left 0:4
[2025-06-02 15:08:29] process id  : , trees-along-the-street-vote-20-left-0H:3M, status, waiting, cmde,  --cha trees-along-the-street vote 20 --left 0:3
[2025-06-02 15:08:29] process id  : , trees-along-the-street-vote-20-left-0H:2M, status, waiting, cmde,  --cha trees-along-the-street vote 20 --left 0:2
[2025-06-02 15:08:29] process id  : , trees-along-the-street-vote-20-left-0H:1M, status, waiting, cmde,  --cha trees-along-the-street vote 20 --left 0:1
[2025-06-02 15:08:29] process id  : , water-on-the-rocks2-vote-70-left-0H:4M, status, waiting, cmde,  --cha water-on-the-rocks2 vote 70 --left 0:4
[2025-06-02 15:08:29] process id  : , water-on-the-rocks2-vote-20-left-0H:3M, status, waiting, cmde,  --cha water-on-the-rocks2 vote 20 --left 0:3
[2025-06-02 15:08:29] process id  : , water-on-the-rocks2-vote-20-left-0H:2M, status, waiting, cmde,  --cha water-on-the-rocks2 vote 20 --left 0:2
[2025-06-02 15:08:29] process id  : , water-on-the-rocks2-vote-20-left-0H:1M, status, waiting, cmde,  --cha water-on-the-rocks2 vote 20 --left 0:1
[2025-06-02 15:08:29] process id  : , public-areas-vote-70-left-0H:4M, status, waiting, cmde,  --cha public-areas vote 70 --left 0:4
[2025-06-02 15:08:29] process id  : , public-areas-vote-20-left-0H:3M, status, waiting, cmde,  --cha public-areas vote 20 --left 0:3
[2025-06-02 15:08:29] process id  : , public-areas-vote-20-left-0H:2M, status, waiting, cmde,  --cha public-areas vote 20 --left 0:2
[2025-06-02 15:08:29] process id  : , public-areas-vote-20-left-0H:1M, status, waiting, cmde,  --cha public-areas vote 20 --left 0:1
[2025-06-02 15:08:29] process id  : , dynamic-diagonals-vote-70-left-0H:4M, status, waiting, cmde,  --cha dynamic-diagonals vote 70 --left 0:4
[2025-06-02 15:08:29] process id  : , dynamic-diagonals-vote-20-left-0H:3M, status, waiting, cmde,  --cha dynamic-diagonals vote 20 --left 0:3
[2025-06-02 15:08:29] process id  : , dynamic-diagonals-vote-20-left-0H:2M, status, waiting, cmde,  --cha dynamic-diagonals vote 20 --left 0:2
[2025-06-02 15:08:29] process id  : , dynamic-diagonals-vote-20-left-0H:1M, status, waiting, cmde,  --cha dynamic-diagonals vote 20 --left 0:1
[2025-06-02 15:08:29] process id  : , the-greatest107-vote-70-left-0H:4M, status, waiting, cmde,  --cha the-greatest107 vote 70 --left 0:4
[2025-06-02 15:08:29] process id  : , the-greatest107-vote-20-left-0H:3M, status, waiting, cmde,  --cha the-greatest107 vote 20 --left 0:3
[2025-06-02 15:08:29] process id  : , the-greatest107-vote-20-left-0H:2M, status, waiting, cmde,  --cha the-greatest107 vote 20 --left 0:2
[2025-06-02 15:08:29] process id  : , the-greatest107-vote-20-left-0H:1M, status, waiting, cmde,  --cha the-greatest107 vote 20 --left 0:1
[2025-06-02 15:30:49] Fetching challenges...
[2025-06-02 15:30:51] Challenges fetching ...
[2025-06-02 15:30:51] Lancement automatique des stratégies de fin pour 6 nouveaux challenges...
[2025-06-02 15:30:51] Nouveau challenge détecté pour bruno: Dynamic Diagonals
[2025-06-02 15:30:51] Nouveau challenge détecté pour bruno: Water on the Rocks
[2025-06-02 15:30:51] Nouveau challenge détecté pour bruno: Public Areas
[2025-06-02 15:30:51] Nouveau challenge détecté pour bruno: Photo of the Week!
[2025-06-02 15:30:51] Nouveau challenge détecté pour bruno: Avenue of Trees
[2025-06-02 15:30:51] Nouveau challenge détecté pour bruno: The Greatest
[2025-06-02 15:30:51] Challenges fetched successfully for bruno!
[2025-06-02 15:31:04] Fetching challenges...
[2025-06-02 15:31:06] Challenges fetching ...
[2025-06-02 15:31:06] Lancement automatique des stratégies de fin pour 18 nouveaux challenges...
[2025-06-02 15:31:06] Nouveau challenge détecté pour pascale: Lively Performers
[2025-06-02 15:31:06] Nouveau challenge détecté pour pascale: Old but Still Working
[2025-06-02 15:31:06] Nouveau challenge détecté pour pascale: The Greatest
[2025-06-02 15:31:06] Nouveau challenge détecté pour pascale: Guru of The Week
[2025-06-02 15:31:06] Nouveau challenge détecté pour pascale: Seasonal Portraits
[2025-06-02 15:31:06] Nouveau challenge détecté pour pascale: Healthy Living
[2025-06-02 15:31:06] Nouveau challenge détecté pour pascale: Photo of the Week!
[2025-06-02 15:31:06] Nouveau challenge détecté pour pascale: Landscape Photographer of the Year
[2025-06-02 15:31:06] Nouveau challenge détecté pour pascale: Split Screen
[2025-06-02 15:31:06] Nouveau challenge détecté pour pascale: Best of Black & White
[2025-06-02 15:31:06] Nouveau challenge détecté pour pascale: Happy Hour
[2025-06-02 15:31:06] Nouveau challenge détecté pour pascale: Photographer of the Week
[2025-06-02 15:31:06] Nouveau challenge détecté pour pascale: Avenue of Trees
[2025-06-02 15:31:06] Nouveau challenge détecté pour pascale: Public Areas
[2025-06-02 15:31:06] Nouveau challenge détecté pour pascale: Water on the Rocks
[2025-06-02 15:31:06] Nouveau challenge détecté pour pascale: Screen Stars - Timeless Waterscapes
[2025-06-02 15:31:06] Nouveau challenge détecté pour pascale: Dramatic Lighting
[2025-06-02 15:31:06] Nouveau challenge détecté pour pascale: Still Life
[2025-06-02 15:31:06] Challenges fetched successfully for pascale!
[2025-06-02 16:08:00] Fetching challenges...
[2025-06-02 16:08:02] Challenges fetching ...
[2025-06-02 16:08:02] Lancement automatique des stratégies de fin pour 18 nouveaux challenges...
[2025-06-02 16:08:02] Nouveau challenge détecté pour pascale: Lively Performers
[2025-06-02 16:08:02] Nouveau challenge détecté pour pascale: Old but Still Working
[2025-06-02 16:08:02] Nouveau challenge détecté pour pascale: The Greatest
[2025-06-02 16:08:02] Nouveau challenge détecté pour pascale: Guru of The Week
[2025-06-02 16:08:02] Nouveau challenge détecté pour pascale: Seasonal Portraits
[2025-06-02 16:08:02] Nouveau challenge détecté pour pascale: Healthy Living
[2025-06-02 16:08:02] Nouveau challenge détecté pour pascale: Photo of the Week!
[2025-06-02 16:08:02] Nouveau challenge détecté pour pascale: Split Screen
[2025-06-02 16:08:02] Nouveau challenge détecté pour pascale: Landscape Photographer of the Year
[2025-06-02 16:08:02] Nouveau challenge détecté pour pascale: Happy Hour
[2025-06-02 16:08:02] Nouveau challenge détecté pour pascale: Best of Black & White
[2025-06-02 16:08:02] Nouveau challenge détecté pour pascale: Photographer of the Week
[2025-06-02 16:08:02] Nouveau challenge détecté pour pascale: Avenue of Trees
[2025-06-02 16:08:02] Nouveau challenge détecté pour pascale: Public Areas
[2025-06-02 16:08:02] Nouveau challenge détecté pour pascale: Water on the Rocks
[2025-06-02 16:08:02] Nouveau challenge détecté pour pascale: Screen Stars - Timeless Waterscapes
[2025-06-02 16:08:02] Nouveau challenge détecté pour pascale: Dramatic Lighting
[2025-06-02 16:08:02] Nouveau challenge détecté pour pascale: Still Life
[2025-06-02 16:08:02] Challenges fetched successfully for pascale!
[2025-06-02 16:08:44] Refreshing challenges...
[2025-06-02 16:08:44] Fetching challenges...
[2025-06-02 16:08:45] Challenges fetching ...
[2025-06-02 16:08:45] Challenges fetched successfully for bruno!
[2025-06-02 16:09:01] Lancement de la stratégie end4 pour Avenue of Trees
[2025-06-02 16:09:01] Nouveau processus ajouté pour bruno: trees-along-the-street-vote-70-left-0H:4M - Statut: init
[2025-06-02 16:09:01] Traitement du challenge pour bruno: trees-along-the-street
[2025-06-02 16:09:01] Nouveau processus ajouté pour bruno: trees-along-the-street-vote-20-left-0H:3M - Statut: init
[2025-06-02 16:09:01] Traitement du challenge pour bruno: trees-along-the-street
[2025-06-02 16:09:01] Nouveau processus ajouté pour bruno: trees-along-the-street-vote-20-left-0H:2M - Statut: init
[2025-06-02 16:09:01] Processus mis à jour pour bruno: trees-along-the-street-vote-70-left-0H:4M - executing
[2025-06-02 16:09:01] Traitement du challenge pour bruno: trees-along-the-street
[2025-06-02 16:09:01] Traitement de vote pour Avenue of Trees
[2025-06-02 16:09:01] Processus mis à jour pour bruno: trees-along-the-street-vote-20-left-0H:3M - executing
[2025-06-02 16:09:01] Nouveau processus ajouté pour bruno: trees-along-the-street-vote-20-left-0H:1M - Statut: init
[2025-06-02 16:09:01] Traitement de vote pour Avenue of Trees
[2025-06-02 16:09:01] Traitement du challenge pour bruno: trees-along-the-street
[2025-06-02 16:09:01] Processus mis à jour pour bruno: trees-along-the-street-vote-20-left-0H:2M - executing
[2025-06-02 16:09:01] Traitement de vote pour Avenue of Trees
[2025-06-02 16:09:01] Processus mis à jour pour bruno: trees-along-the-street-vote-20-left-0H:1M - executing
[2025-06-02 16:09:01] Traitement de vote pour Avenue of Trees
[2025-06-02 16:09:01] Application des stratégies pour les challenges sélectionnés:
- Avenue of Trees avec stratégie end4

[2025-06-02 16:09:01] Avenue of Trees get vote panel
[2025-06-02 16:09:01] Processus associé: trees-along-the-street-vote-70-left-0H:4M
[2025-06-02 16:09:22] Avenue of Trees get vote panel
[2025-06-02 16:09:22] Processus associé: trees-along-the-street-vote-20-left-0H:3M
[2025-06-02 16:09:28] Avenue of Trees get vote panel
[2025-06-02 16:09:28] Processus associé: trees-along-the-street-vote-20-left-0H:2M
[2025-06-02 16:09:34] Avenue of Trees get vote panel
[2025-06-02 16:09:34] Processus associé: trees-along-the-street-vote-20-left-0H:1M
[2025-06-02 16:09:40] Récupération des données de vote pour Avenue of Trees (URL: trees-along-the-street, HEADER:{'User-Agent': 'Mozilla/5.0 (X11; Linux i686; rv:39.0) Gecko/20100101 Firefox/39.0', 'x-api-version': '8', 'x-env': 'WEB', 'X-requested-with': 'XMLHttpRequest', 'X-token': 'a1cad95a6d480c14f51dd0eba4914c8337b893c789ec6278bb440c7c9a673b162f042470c62684e6da2bd342ffea7777'})
[2025-06-02 16:09:40] Récupération des données de vote pour Avenue of Trees (URL: trees-along-the-street, HEADER:{'User-Agent': 'Mozilla/5.0 (X11; Linux i686; rv:39.0) Gecko/20100101 Firefox/39.0', 'x-api-version': '8', 'x-env': 'WEB', 'X-requested-with': 'XMLHttpRequest', 'X-token': 'a1cad95a6d480c14f51dd0eba4914c8337b893c789ec6278bb440c7c9a673b162f042470c62684e6da2bd342ffea7777'})
[2025-06-02 16:09:40] Récupération des données de vote pour Avenue of Trees (URL: trees-along-the-street, HEADER:{'User-Agent': 'Mozilla/5.0 (X11; Linux i686; rv:39.0) Gecko/20100101 Firefox/39.0', 'x-api-version': '8', 'x-env': 'WEB', 'X-requested-with': 'XMLHttpRequest', 'X-token': 'a1cad95a6d480c14f51dd0eba4914c8337b893c789ec6278bb440c7c9a673b162f042470c62684e6da2bd342ffea7777'})
[2025-06-02 16:09:40] Récupération des données de vote pour Avenue of Trees (URL: trees-along-the-street, HEADER:{'User-Agent': 'Mozilla/5.0 (X11; Linux i686; rv:39.0) Gecko/20100101 Firefox/39.0', 'x-api-version': '8', 'x-env': 'WEB', 'X-requested-with': 'XMLHttpRequest', 'X-token': 'a1cad95a6d480c14f51dd0eba4914c8337b893c789ec6278bb440c7c9a673b162f042470c62684e6da2bd342ffea7777'})
[2025-06-02 16:09:40] Récupération des données de vote pour Avenue of Trees (URL: trees-along-the-street, HEADER:{'User-Agent': 'Mozilla/5.0 (X11; Linux i686; rv:39.0) Gecko/20100101 Firefox/39.0', 'x-api-version': '8', 'x-env': 'WEB', 'X-requested-with': 'XMLHttpRequest', 'X-token': 'a1cad95a6d480c14f51dd0eba4914c8337b893c789ec6278bb440c7c9a673b162f042470c62684e6da2bd342ffea7777'})
[2025-06-02 16:09:40] Récupération des données de vote pour Avenue of Trees (URL: trees-along-the-street, HEADER:{'User-Agent': 'Mozilla/5.0 (X11; Linux i686; rv:39.0) Gecko/20100101 Firefox/39.0', 'x-api-version': '8', 'x-env': 'WEB', 'X-requested-with': 'XMLHttpRequest', 'X-token': 'a1cad95a6d480c14f51dd0eba4914c8337b893c789ec6278bb440c7c9a673b162f042470c62684e6da2bd342ffea7777'})
[2025-06-02 16:09:40] Récupération des données de vote pour Avenue of Trees (URL: trees-along-the-street, HEADER:{'User-Agent': 'Mozilla/5.0 (X11; Linux i686; rv:39.0) Gecko/20100101 Firefox/39.0', 'x-api-version': '8', 'x-env': 'WEB', 'X-requested-with': 'XMLHttpRequest', 'X-token': 'a1cad95a6d480c14f51dd0eba4914c8337b893c789ec6278bb440c7c9a673b162f042470c62684e6da2bd342ffea7777'})
[2025-06-02 16:09:40] Récupération des données de vote pour Avenue of Trees (URL: trees-along-the-street, HEADER:{'User-Agent': 'Mozilla/5.0 (X11; Linux i686; rv:39.0) Gecko/20100101 Firefox/39.0', 'x-api-version': '8', 'x-env': 'WEB', 'X-requested-with': 'XMLHttpRequest', 'X-token': 'a1cad95a6d480c14f51dd0eba4914c8337b893c789ec6278bb440c7c9a673b162f042470c62684e6da2bd342ffea7777'})
[2025-06-02 16:09:40] Récupération des données de vote pour Avenue of Trees (URL: trees-along-the-street, HEADER:{'User-Agent': 'Mozilla/5.0 (X11; Linux i686; rv:39.0) Gecko/20100101 Firefox/39.0', 'x-api-version': '8', 'x-env': 'WEB', 'X-requested-with': 'XMLHttpRequest', 'X-token': 'a1cad95a6d480c14f51dd0eba4914c8337b893c789ec6278bb440c7c9a673b162f042470c62684e6da2bd342ffea7777'})
[2025-06-02 16:09:40] Récupération des données de vote pour Avenue of Trees (URL: trees-along-the-street, HEADER:{'User-Agent': 'Mozilla/5.0 (X11; Linux i686; rv:39.0) Gecko/20100101 Firefox/39.0', 'x-api-version': '8', 'x-env': 'WEB', 'X-requested-with': 'XMLHttpRequest', 'X-token': 'a1cad95a6d480c14f51dd0eba4914c8337b893c789ec6278bb440c7c9a673b162f042470c62684e6da2bd342ffea7777'})
[2025-06-02 16:09:40] Récupération des données de vote pour Avenue of Trees (URL: trees-along-the-street, HEADER:{'User-Agent': 'Mozilla/5.0 (X11; Linux i686; rv:39.0) Gecko/20100101 Firefox/39.0', 'x-api-version': '8', 'x-env': 'WEB', 'X-requested-with': 'XMLHttpRequest', 'X-token': 'a1cad95a6d480c14f51dd0eba4914c8337b893c789ec6278bb440c7c9a673b162f042470c62684e6da2bd342ffea7777'})
[2025-06-02 16:09:40] Récupération des données de vote pour Avenue of Trees (URL: trees-along-the-street, HEADER:{'User-Agent': 'Mozilla/5.0 (X11; Linux i686; rv:39.0) Gecko/20100101 Firefox/39.0', 'x-api-version': '8', 'x-env': 'WEB', 'X-requested-with': 'XMLHttpRequest', 'X-token': 'a1cad95a6d480c14f51dd0eba4914c8337b893c789ec6278bb440c7c9a673b162f042470c62684e6da2bd342ffea7777'})
[2025-06-02 16:09:40] Récupération des données de vote pour Avenue of Trees (URL: trees-along-the-street, HEADER:{'User-Agent': 'Mozilla/5.0 (X11; Linux i686; rv:39.0) Gecko/20100101 Firefox/39.0', 'x-api-version': '8', 'x-env': 'WEB', 'X-requested-with': 'XMLHttpRequest', 'X-token': 'a1cad95a6d480c14f51dd0eba4914c8337b893c789ec6278bb440c7c9a673b162f042470c62684e6da2bd342ffea7777'})
[2025-06-02 16:09:41] Récupération réussie: 200 images pour Avenue of Trees
[2025-06-02 16:09:41] Voting fetching ...
[2025-06-02 16:09:41] Avenue of Trees voting 10 images
[2025-06-02 16:09:41] Récupération réussie: 200 images pour Avenue of Trees
[2025-06-02 16:09:41] Voting fetching ...
[2025-06-02 16:09:41] Avenue of Trees voting 10 images
[2025-06-02 16:09:41] Récupération réussie: 200 images pour Avenue of Trees
[2025-06-02 16:09:41] Voting fetching ...
[2025-06-02 16:09:41] Avenue of Trees voting 10 images
[2025-06-02 16:09:41] Récupération réussie: 200 images pour Avenue of Trees
[2025-06-02 16:09:41] Voting fetching ...
[2025-06-02 16:09:41] Avenue of Trees voting 10 images
[2025-06-02 16:09:41] Récupération réussie: 200 images pour Avenue of Trees
[2025-06-02 16:09:41] Voting fetching ...
[2025-06-02 16:09:41] Avenue of Trees voting 10 images
[2025-06-02 16:09:41] Récupération réussie: 200 images pour Avenue of Trees
[2025-06-02 16:09:41] Voting fetching ...
[2025-06-02 16:09:41] Avenue of Trees voting 10 images
[2025-06-02 16:09:41] Récupération réussie: 200 images pour Avenue of Trees
[2025-06-02 16:09:41] Voting fetching ...
[2025-06-02 16:09:41] Avenue of Trees voting 10 images
[2025-06-02 16:09:41] Récupération réussie: 200 images pour Avenue of Trees
[2025-06-02 16:09:41] Voting fetching ...
[2025-06-02 16:09:41] Avenue of Trees voting 10 images
[2025-06-02 16:09:41] Récupération réussie: 200 images pour Avenue of Trees
[2025-06-02 16:09:41] Voting fetching ...
[2025-06-02 16:09:41] Avenue of Trees voting 10 images
[2025-06-02 16:09:41] Récupération réussie: 200 images pour Avenue of Trees
[2025-06-02 16:09:41] Voting fetching ...
[2025-06-02 16:09:41] Avenue of Trees voting 10 images
[2025-06-02 16:09:41] Récupération réussie: 200 images pour Avenue of Trees
[2025-06-02 16:09:41] Voting fetching ...
[2025-06-02 16:09:41] Avenue of Trees voting 10 images
[2025-06-02 16:09:41] Récupération réussie: 200 images pour Avenue of Trees
[2025-06-02 16:09:41] Voting fetching ...
[2025-06-02 16:09:41] Avenue of Trees voting 10 images
[2025-06-02 16:09:41] Récupération réussie: 200 images pour Avenue of Trees
[2025-06-02 16:09:41] Voting fetching ...
[2025-06-02 16:09:41] Avenue of Trees voting 10 images
[2025-06-02 16:09:42] Avenue of Trees voted successfully
[2025-06-02 16:09:42] Processus supprimé pour bruno: trees-along-the-street-vote-20-left-0H:1M - success
[2025-06-02 16:09:42] Processus mis à jour pour bruno: trees-along-the-street-vote-20-left-0H:1M - success
[2025-06-02 16:09:42] Processus trees-along-the-street-vote-20-left-0H:1M terminé avec succès (profil: bruno)
[2025-06-02 16:09:44] Avenue of Trees voted successfully
[2025-06-02 16:09:46] Avenue of Trees voted successfully
[2025-06-02 16:09:48] Avenue of Trees voted successfully
[2025-06-02 16:09:50] Avenue of Trees voted successfully
[2025-06-02 16:09:52] Avenue of Trees voted successfully
[2025-06-02 16:09:54] Avenue of Trees voted successfully
[2025-06-02 16:09:56] Avenue of Trees voted successfully
[2025-06-02 16:09:58] Avenue of Trees voted successfully
[2025-06-02 16:10:00] Avenue of Trees voted successfully
[2025-06-02 16:10:02] Avenue of Trees voted successfully
[2025-06-02 16:10:04] Avenue of Trees voted successfully
[2025-06-02 16:10:06] Avenue of Trees voted successfully
[2025-06-02 16:10:08] Processus suspect (format de date invalide): trees-along-the-street-vote-70-left-0H:4M (profil: bruno)
[2025-06-02 16:10:08] Processus supprimé pour bruno: trees-along-the-street-vote-70-left-0H:4M - zombie
[2025-06-02 16:10:08] Processus mis à jour pour bruno: trees-along-the-street-vote-70-left-0H:4M - zombie
[2025-06-02 16:10:08] Processus suspect (format de date invalide): trees-along-the-street-vote-20-left-0H:3M (profil: bruno)
[2025-06-02 16:10:08] Processus supprimé pour bruno: trees-along-the-street-vote-20-left-0H:3M - zombie
[2025-06-02 16:10:08] Processus mis à jour pour bruno: trees-along-the-street-vote-20-left-0H:3M - zombie
[2025-06-02 16:10:08] Processus suspect (format de date invalide): trees-along-the-street-vote-20-left-0H:2M (profil: bruno)
[2025-06-02 16:10:08] Processus supprimé pour bruno: trees-along-the-street-vote-20-left-0H:2M - zombie
[2025-06-02 16:10:08] Processus mis à jour pour bruno: trees-along-the-street-vote-20-left-0H:2M - zombie
[2025-06-02 16:10:09] Challenges fetching ...
[2025-06-02 16:10:09] Challenges fetched successfully for bruno!
[2025-06-02 16:10:09] Challenges fetching ...
[2025-06-02 16:10:09] Challenges fetched successfully for bruno!
[2025-06-02 16:10:09] Challenges fetching ...
[2025-06-02 16:10:09] Challenges fetched successfully for bruno!
[2025-06-02 16:10:09] Challenges fetching ...
[2025-06-02 16:10:09] Challenges fetched successfully for bruno!
[2025-06-02 16:10:09] Challenges fetching ...
[2025-06-02 16:10:09] Challenges fetched successfully for bruno!
[2025-06-02 16:10:09] Challenges fetching ...
[2025-06-02 16:10:09] Challenges fetched successfully for bruno!
[2025-06-02 16:10:09] Challenges fetching ...
[2025-06-02 16:10:09] Challenges fetched successfully for bruno!
[2025-06-02 16:10:09] Challenges fetching ...
[2025-06-02 16:10:09] Challenges fetched successfully for bruno!
[2025-06-02 16:10:09] Challenges fetching ...
[2025-06-02 16:10:09] Challenges fetched successfully for bruno!
[2025-06-02 16:10:09] Challenges fetching ...
[2025-06-02 16:10:09] Challenges fetched successfully for bruno!
[2025-06-02 16:10:09] Challenges fetching ...
[2025-06-02 16:10:09] Challenges fetched successfully for bruno!
[2025-06-02 16:10:09] Challenges fetching ...
[2025-06-02 16:10:09] Challenges fetched successfully for bruno!
[2025-06-02 16:10:09] Challenges fetching ...
[2025-06-02 16:10:09] Challenges fetched successfully for bruno!
[2025-06-02 16:11:22] Refreshing challenges...
[2025-06-02 16:11:22] Fetching challenges...
[2025-06-02 16:11:23] Challenges fetching ...
[2025-06-02 16:11:23] Lancement automatique des stratégies de fin pour 1 nouveaux challenges...
[2025-06-02 16:11:23] Nouveau challenge détecté pour pascale: Ultimate Exposure
[2025-06-02 16:11:23] Challenges fetched successfully for pascale!
[2025-06-02 17:02:45] Fetching challenges...
[2025-06-02 17:02:47] Challenges fetching ...
[2025-06-02 17:02:47] Lancement automatique des stratégies de fin pour 18 nouveaux challenges...
[2025-06-02 17:02:47] Nouveau challenge détecté pour pascale: Lively Performers
[2025-06-02 17:02:47] Nouveau challenge détecté pour pascale: Guru of The Week
[2025-06-02 17:02:47] Nouveau challenge détecté pour pascale: The Greatest
[2025-06-02 17:02:47] Nouveau challenge détecté pour pascale: Ultimate Exposure
[2025-06-02 17:02:47] Nouveau challenge détecté pour pascale: Seasonal Portraits
[2025-06-02 17:02:47] Nouveau challenge détecté pour pascale: Healthy Living
[2025-06-02 17:02:47] Nouveau challenge détecté pour pascale: Photo of the Week!
[2025-06-02 17:02:47] Nouveau challenge détecté pour pascale: Split Screen
[2025-06-02 17:02:47] Nouveau challenge détecté pour pascale: Landscape Photographer of the Year
[2025-06-02 17:02:47] Nouveau challenge détecté pour pascale: Happy Hour
[2025-06-02 17:02:47] Nouveau challenge détecté pour pascale: Best of Black & White
[2025-06-02 17:02:47] Nouveau challenge détecté pour pascale: Photographer of the Week
[2025-06-02 17:02:47] Nouveau challenge détecté pour pascale: Water on the Rocks
[2025-06-02 17:02:47] Nouveau challenge détecté pour pascale: Public Areas
[2025-06-02 17:02:47] Nouveau challenge détecté pour pascale: Old but Still Working
[2025-06-02 17:02:47] Nouveau challenge détecté pour pascale: Screen Stars - Timeless Waterscapes
[2025-06-02 17:02:47] Nouveau challenge détecté pour pascale: Dramatic Lighting
[2025-06-02 17:02:47] Nouveau challenge détecté pour pascale: Still Life
[2025-06-02 17:02:47] Challenges fetched successfully for pascale!
[2025-06-02 17:05:33] Sélection de tous les challenges

[2025-06-02 17:05:37] Processus supprimé pour pascale: split-screen24-vote-100-left-0H:4M - stopped
[2025-06-02 17:05:37] Processus mis à jour pour pascale: split-screen24-vote-100-left-0H:4M - stopped
[2025-06-02 17:05:37] Processus supprimé pour pascale: split-screen24-vote-50-left-0H:3M - stopped
[2025-06-02 17:05:37] Processus mis à jour pour pascale: split-screen24-vote-50-left-0H:3M - stopped
[2025-06-02 17:05:37] Processus supprimé pour pascale: split-screen24-vote-50-left-0H:2M - stopped
[2025-06-02 17:05:37] Processus mis à jour pour pascale: split-screen24-vote-50-left-0H:2M - stopped
[2025-06-02 17:05:37] Processus supprimé pour pascale: split-screen24-vote-50-left-0H:1M - stopped
[2025-06-02 17:05:37] Processus mis à jour pour pascale: split-screen24-vote-50-left-0H:1M - stopped
[2025-06-02 17:05:37] Processus supprimé pour pascale: split-screen24-vote-70-left-0H:4M - stopped
[2025-06-02 17:05:37] Processus mis à jour pour pascale: split-screen24-vote-70-left-0H:4M - stopped
[2025-06-02 17:05:37] Processus supprimé pour pascale: split-screen24-vote-20-left-0H:3M - stopped
[2025-06-02 17:05:37] Processus mis à jour pour pascale: split-screen24-vote-20-left-0H:3M - stopped
[2025-06-02 17:05:38] Processus supprimé pour pascale: split-screen24-vote-20-left-0H:2M - stopped
[2025-06-02 17:05:38] Processus mis à jour pour pascale: split-screen24-vote-20-left-0H:2M - stopped
[2025-06-02 17:05:38] Processus supprimé pour pascale: split-screen24-vote-20-left-0H:1M - stopped
[2025-06-02 17:05:38] Processus mis à jour pour pascale: split-screen24-vote-20-left-0H:1M - stopped
[2025-06-02 17:05:38] Processus supprimé pour pascale: best-of-black-white29-vote-70-left-0H:4M - stopped
[2025-06-02 17:05:38] Processus mis à jour pour pascale: best-of-black-white29-vote-70-left-0H:4M - stopped
[2025-06-02 17:05:38] Processus supprimé pour pascale: best-of-black-white29-vote-20-left-0H:3M - stopped
[2025-06-02 17:05:38] Processus mis à jour pour pascale: best-of-black-white29-vote-20-left-0H:3M - stopped
[2025-06-02 17:05:38] Processus supprimé pour pascale: best-of-black-white29-vote-20-left-0H:2M - stopped
[2025-06-02 17:05:38] Processus mis à jour pour pascale: best-of-black-white29-vote-20-left-0H:2M - stopped
[2025-06-02 17:05:38] Processus supprimé pour pascale: best-of-black-white29-vote-20-left-0H:1M - stopped
[2025-06-02 17:05:38] Processus mis à jour pour pascale: best-of-black-white29-vote-20-left-0H:1M - stopped
[2025-06-02 17:05:38] Processus supprimé pour pascale: photographer-of-the-week210-vote-100-left-0H:4M - stopped
[2025-06-02 17:05:38] Processus mis à jour pour pascale: photographer-of-the-week210-vote-100-left-0H:4M - stopped
[2025-06-02 17:05:38] Processus supprimé pour pascale: photographer-of-the-week210-vote-50-left-0H:3M - stopped
[2025-06-02 17:05:38] Processus mis à jour pour pascale: photographer-of-the-week210-vote-50-left-0H:3M - stopped
[2025-06-02 17:05:38] Processus supprimé pour pascale: photographer-of-the-week210-vote-50-left-0H:2M - stopped
[2025-06-02 17:05:38] Processus mis à jour pour pascale: photographer-of-the-week210-vote-50-left-0H:2M - stopped
[2025-06-02 17:05:38] Processus supprimé pour pascale: photographer-of-the-week210-vote-50-left-0H:1M - stopped
[2025-06-02 17:05:38] Processus mis à jour pour pascale: photographer-of-the-week210-vote-50-left-0H:1M - stopped
[2025-06-02 17:05:38] Processus supprimé pour pascale: healthy-living-vote-100-left-0H:4M - stopped
[2025-06-02 17:05:38] Processus mis à jour pour pascale: healthy-living-vote-100-left-0H:4M - stopped
[2025-06-02 17:05:38] Processus supprimé pour pascale: healthy-living-vote-50-left-0H:3M - stopped
[2025-06-02 17:05:38] Processus mis à jour pour pascale: healthy-living-vote-50-left-0H:3M - stopped
[2025-06-02 17:05:38] Processus supprimé pour pascale: healthy-living-vote-50-left-0H:2M - stopped
[2025-06-02 17:05:38] Processus mis à jour pour pascale: healthy-living-vote-50-left-0H:2M - stopped
[2025-06-02 17:05:38] Processus supprimé pour pascale: healthy-living-vote-50-left-0H:1M - stopped
[2025-06-02 17:05:38] Processus mis à jour pour pascale: healthy-living-vote-50-left-0H:1M - stopped
[2025-06-02 17:05:38] Processus supprimé pour pascale: landscape-photographer-of-the-year4-vote-100-left-0H:4M - stopped
[2025-06-02 17:05:38] Processus mis à jour pour pascale: landscape-photographer-of-the-year4-vote-100-left-0H:4M - stopped
[2025-06-02 17:05:38] Processus supprimé pour pascale: landscape-photographer-of-the-year4-vote-50-left-0H:3M - stopped
[2025-06-02 17:05:38] Processus mis à jour pour pascale: landscape-photographer-of-the-year4-vote-50-left-0H:3M - stopped
[2025-06-02 17:05:38] Processus supprimé pour pascale: landscape-photographer-of-the-year4-vote-50-left-0H:2M - stopped
[2025-06-02 17:05:38] Processus mis à jour pour pascale: landscape-photographer-of-the-year4-vote-50-left-0H:2M - stopped
[2025-06-02 17:05:38] Processus supprimé pour pascale: landscape-photographer-of-the-year4-vote-50-left-0H:1M - stopped
[2025-06-02 17:05:38] Processus mis à jour pour pascale: landscape-photographer-of-the-year4-vote-50-left-0H:1M - stopped
[2025-06-02 17:05:38] Processus supprimé pour pascale: public-areas-vote-70-left-0H:4M - stopped
[2025-06-02 17:05:38] Processus mis à jour pour pascale: public-areas-vote-70-left-0H:4M - stopped
[2025-06-02 17:05:38] Processus supprimé pour pascale: public-areas-vote-20-left-0H:3M - stopped
[2025-06-02 17:05:38] Processus mis à jour pour pascale: public-areas-vote-20-left-0H:3M - stopped
[2025-06-02 17:05:38] Processus supprimé pour pascale: public-areas-vote-20-left-0H:2M - stopped
[2025-06-02 17:05:38] Processus mis à jour pour pascale: public-areas-vote-20-left-0H:2M - stopped
[2025-06-02 17:05:38] Processus supprimé pour pascale: public-areas-vote-20-left-0H:1M - stopped
[2025-06-02 17:05:38] Processus mis à jour pour pascale: public-areas-vote-20-left-0H:1M - stopped
[2025-06-02 17:05:38] Processus supprimé pour pascale: water-on-the-rocks2-vote-70-left-0H:4M - stopped
[2025-06-02 17:05:38] Processus mis à jour pour pascale: water-on-the-rocks2-vote-70-left-0H:4M - stopped
[2025-06-02 17:05:38] Processus supprimé pour pascale: water-on-the-rocks2-vote-20-left-0H:3M - stopped
[2025-06-02 17:05:38] Processus mis à jour pour pascale: water-on-the-rocks2-vote-20-left-0H:3M - stopped
[2025-06-02 17:05:38] Processus supprimé pour pascale: water-on-the-rocks2-vote-20-left-0H:2M - stopped
[2025-06-02 17:05:38] Processus mis à jour pour pascale: water-on-the-rocks2-vote-20-left-0H:2M - stopped
[2025-06-02 17:05:38] Processus supprimé pour pascale: water-on-the-rocks2-vote-20-left-0H:1M - stopped
[2025-06-02 17:05:38] Processus mis à jour pour pascale: water-on-the-rocks2-vote-20-left-0H:1M - stopped
[2025-06-02 17:05:38] Processus supprimé pour pascale: old-but-still-working-vote-70-left-0H:4M - stopped
[2025-06-02 17:05:38] Processus mis à jour pour pascale: old-but-still-working-vote-70-left-0H:4M - stopped
[2025-06-02 17:05:38] Processus supprimé pour pascale: old-but-still-working-vote-20-left-0H:3M - stopped
[2025-06-02 17:05:38] Processus mis à jour pour pascale: old-but-still-working-vote-20-left-0H:3M - stopped
[2025-06-02 17:05:38] Processus supprimé pour pascale: old-but-still-working-vote-20-left-0H:2M - stopped
[2025-06-02 17:05:38] Processus mis à jour pour pascale: old-but-still-working-vote-20-left-0H:2M - stopped
[2025-06-02 17:05:39] Processus supprimé pour pascale: old-but-still-working-vote-20-left-0H:1M - stopped
[2025-06-02 17:05:39] Processus mis à jour pour pascale: old-but-still-working-vote-20-left-0H:1M - stopped
[2025-06-02 17:05:39] Processus supprimé pour pascale: lively-performers-vote-70-left-0H:4M - stopped
[2025-06-02 17:05:39] Processus mis à jour pour pascale: lively-performers-vote-70-left-0H:4M - stopped
[2025-06-02 17:05:39] Processus supprimé pour pascale: lively-performers-vote-20-left-0H:3M - stopped
[2025-06-02 17:05:39] Processus mis à jour pour pascale: lively-performers-vote-20-left-0H:3M - stopped
[2025-06-02 17:05:39] Processus supprimé pour pascale: lively-performers-vote-20-left-0H:2M - stopped
[2025-06-02 17:05:39] Processus mis à jour pour pascale: lively-performers-vote-20-left-0H:2M - stopped
[2025-06-02 17:05:39] Processus supprimé pour pascale: lively-performers-vote-20-left-0H:1M - stopped
[2025-06-02 17:05:39] Processus mis à jour pour pascale: lively-performers-vote-20-left-0H:1M - stopped
[2025-06-02 17:05:39] Processus supprimé pour pascale: photo-of-the-week-298-vote-100-left-0H:4M - stopped
[2025-06-02 17:05:39] Processus mis à jour pour pascale: photo-of-the-week-298-vote-100-left-0H:4M - stopped
[2025-06-02 17:05:39] Processus supprimé pour pascale: photo-of-the-week-298-vote-50-left-0H:3M - stopped
[2025-06-02 17:05:39] Processus mis à jour pour pascale: photo-of-the-week-298-vote-50-left-0H:3M - stopped
[2025-06-02 17:05:39] Processus supprimé pour pascale: photo-of-the-week-298-vote-50-left-0H:2M - stopped
[2025-06-02 17:05:39] Processus mis à jour pour pascale: photo-of-the-week-298-vote-50-left-0H:2M - stopped
[2025-06-02 17:05:39] Processus supprimé pour pascale: photo-of-the-week-298-vote-50-left-0H:1M - stopped
[2025-06-02 17:05:39] Processus mis à jour pour pascale: photo-of-the-week-298-vote-50-left-0H:1M - stopped
[2025-06-02 17:05:39] Processus supprimé pour pascale: photo-of-the-week-298-vote-70-left-0H:4M - stopped
[2025-06-02 17:05:39] Processus mis à jour pour pascale: photo-of-the-week-298-vote-70-left-0H:4M - stopped
[2025-06-02 17:05:39] Processus supprimé pour pascale: photo-of-the-week-298-vote-20-left-0H:3M - stopped
[2025-06-02 17:05:39] Processus mis à jour pour pascale: photo-of-the-week-298-vote-20-left-0H:3M - stopped
[2025-06-02 17:05:39] Processus supprimé pour pascale: photo-of-the-week-298-vote-20-left-0H:2M - stopped
[2025-06-02 17:05:39] Processus mis à jour pour pascale: photo-of-the-week-298-vote-20-left-0H:2M - stopped
[2025-06-02 17:05:39] Processus supprimé pour pascale: photo-of-the-week-298-vote-20-left-0H:1M - stopped
[2025-06-02 17:05:39] Processus mis à jour pour pascale: photo-of-the-week-298-vote-20-left-0H:1M - stopped
[2025-06-02 17:05:39] Processus supprimé pour pascale: happy-hour23-vote-70-left-0H:4M - stopped
[2025-06-02 17:05:39] Processus mis à jour pour pascale: happy-hour23-vote-70-left-0H:4M - stopped
[2025-06-02 17:05:39] Processus supprimé pour pascale: happy-hour23-vote-20-left-0H:3M - stopped
[2025-06-02 17:05:39] Processus mis à jour pour pascale: happy-hour23-vote-20-left-0H:3M - stopped
[2025-06-02 17:05:39] Processus supprimé pour pascale: happy-hour23-vote-20-left-0H:2M - stopped
[2025-06-02 17:05:39] Processus mis à jour pour pascale: happy-hour23-vote-20-left-0H:2M - stopped
[2025-06-02 17:05:39] Processus supprimé pour pascale: happy-hour23-vote-20-left-0H:1M - stopped
[2025-06-02 17:05:39] Processus mis à jour pour pascale: happy-hour23-vote-20-left-0H:1M - stopped
[2025-06-02 17:05:39] Processus supprimé pour pascale: the-greatest107-vote-70-left-0H:4M - stopped
[2025-06-02 17:05:39] Processus mis à jour pour pascale: the-greatest107-vote-70-left-0H:4M - stopped
[2025-06-02 17:05:39] Processus supprimé pour pascale: the-greatest107-vote-20-left-0H:3M - stopped
[2025-06-02 17:05:39] Processus mis à jour pour pascale: the-greatest107-vote-20-left-0H:3M - stopped
[2025-06-02 17:05:39] Processus supprimé pour pascale: the-greatest107-vote-20-left-0H:2M - stopped
[2025-06-02 17:05:39] Processus mis à jour pour pascale: the-greatest107-vote-20-left-0H:2M - stopped
[2025-06-02 17:05:39] Processus supprimé pour pascale: the-greatest107-vote-20-left-0H:1M - stopped
[2025-06-02 17:05:39] Processus mis à jour pour pascale: the-greatest107-vote-20-left-0H:1M - stopped
[2025-06-02 17:05:39] Processus supprimé pour pascale: still-life5-vote-100-left-0H:4M - stopped
[2025-06-02 17:05:39] Processus mis à jour pour pascale: still-life5-vote-100-left-0H:4M - stopped
[2025-06-02 17:05:39] Processus supprimé pour pascale: still-life5-vote-50-left-0H:3M - stopped
[2025-06-02 17:05:39] Processus mis à jour pour pascale: still-life5-vote-50-left-0H:3M - stopped
[2025-06-02 17:05:39] Processus supprimé pour pascale: still-life5-vote-50-left-0H:2M - stopped
[2025-06-02 17:05:39] Processus mis à jour pour pascale: still-life5-vote-50-left-0H:2M - stopped
[2025-06-02 17:05:39] Processus supprimé pour pascale: still-life5-vote-50-left-0H:1M - stopped
[2025-06-02 17:05:39] Processus mis à jour pour pascale: still-life5-vote-50-left-0H:1M - stopped
[2025-06-02 17:05:39] Processus supprimé pour pascale: guru-of-the-week36-vote-100-left-0H:4M - stopped
[2025-06-02 17:05:39] Processus mis à jour pour pascale: guru-of-the-week36-vote-100-left-0H:4M - stopped
[2025-06-02 17:05:40] Processus supprimé pour pascale: guru-of-the-week36-vote-50-left-0H:2M - stopped
[2025-06-02 17:05:40] Processus mis à jour pour pascale: guru-of-the-week36-vote-50-left-0H:2M - stopped
[2025-06-02 17:05:40] Processus supprimé pour pascale: guru-of-the-week36-vote-50-left-0H:3M - stopped
[2025-06-02 17:05:40] Processus mis à jour pour pascale: guru-of-the-week36-vote-50-left-0H:3M - stopped
[2025-06-02 17:05:40] Processus supprimé pour pascale: guru-of-the-week36-vote-50-left-0H:1M - stopped
[2025-06-02 17:05:40] Processus mis à jour pour pascale: guru-of-the-week36-vote-50-left-0H:1M - stopped
[2025-06-02 17:05:40] Processus supprimé pour pascale: seasonal-photoshoots1-vote-70-left-0H:4M - stopped
[2025-06-02 17:05:40] Processus mis à jour pour pascale: seasonal-photoshoots1-vote-70-left-0H:4M - stopped
[2025-06-02 17:05:40] Processus supprimé pour pascale: seasonal-photoshoots1-vote-20-left-0H:3M - stopped
[2025-06-02 17:05:40] Processus mis à jour pour pascale: seasonal-photoshoots1-vote-20-left-0H:3M - stopped
[2025-06-02 17:05:40] Processus supprimé pour pascale: seasonal-photoshoots1-vote-20-left-0H:2M - stopped
[2025-06-02 17:05:40] Processus mis à jour pour pascale: seasonal-photoshoots1-vote-20-left-0H:2M - stopped
[2025-06-02 17:05:40] Processus supprimé pour pascale: seasonal-photoshoots1-vote-20-left-0H:1M - stopped
[2025-06-02 17:05:40] Processus mis à jour pour pascale: seasonal-photoshoots1-vote-20-left-0H:1M - stopped
[2025-06-02 17:05:40] Processus supprimé pour pascale: dramatic-lighting11-vote-100-left-0H:4M - stopped
[2025-06-02 17:05:40] Processus mis à jour pour pascale: dramatic-lighting11-vote-100-left-0H:4M - stopped
[2025-06-02 17:05:40] Processus supprimé pour pascale: dramatic-lighting11-vote-50-left-0H:3M - stopped
[2025-06-02 17:05:40] Processus mis à jour pour pascale: dramatic-lighting11-vote-50-left-0H:3M - stopped
[2025-06-02 17:05:40] Processus supprimé pour pascale: dramatic-lighting11-vote-50-left-0H:2M - stopped
[2025-06-02 17:05:40] Processus mis à jour pour pascale: dramatic-lighting11-vote-50-left-0H:2M - stopped
[2025-06-02 17:05:40] Processus supprimé pour pascale: dramatic-lighting11-vote-50-left-0H:1M - stopped
[2025-06-02 17:05:40] Processus mis à jour pour pascale: dramatic-lighting11-vote-50-left-0H:1M - stopped
[2025-06-02 17:05:40] Processus supprimé pour pascale: screen-stars-glorious-waterscapes-vote-100-left-0H:4M - stopped
[2025-06-02 17:05:40] Processus mis à jour pour pascale: screen-stars-glorious-waterscapes-vote-100-left-0H:4M - stopped
[2025-06-02 17:05:40] Processus supprimé pour pascale: screen-stars-glorious-waterscapes-vote-50-left-0H:3M - stopped
[2025-06-02 17:05:40] Processus mis à jour pour pascale: screen-stars-glorious-waterscapes-vote-50-left-0H:3M - stopped
[2025-06-02 17:05:40] Processus supprimé pour pascale: screen-stars-glorious-waterscapes-vote-50-left-0H:2M - stopped
[2025-06-02 17:05:40] Processus mis à jour pour pascale: screen-stars-glorious-waterscapes-vote-50-left-0H:2M - stopped
[2025-06-02 17:05:40] Processus supprimé pour pascale: screen-stars-glorious-waterscapes-vote-50-left-0H:1M - stopped
[2025-06-02 17:05:40] Processus mis à jour pour pascale: screen-stars-glorious-waterscapes-vote-50-left-0H:1M - stopped
[2025-06-02 17:05:40] Processus supprimé pour pascale: screen-stars-glorious-waterscapes-vote-70-left-0H:4M - stopped
[2025-06-02 17:05:40] Processus mis à jour pour pascale: screen-stars-glorious-waterscapes-vote-70-left-0H:4M - stopped
[2025-06-02 17:05:40] Processus supprimé pour pascale: screen-stars-glorious-waterscapes-vote-20-left-0H:3M - stopped
[2025-06-02 17:05:40] Processus mis à jour pour pascale: screen-stars-glorious-waterscapes-vote-20-left-0H:3M - stopped
[2025-06-02 17:05:40] Processus supprimé pour pascale: screen-stars-glorious-waterscapes-vote-20-left-0H:2M - stopped
[2025-06-02 17:05:40] Processus mis à jour pour pascale: screen-stars-glorious-waterscapes-vote-20-left-0H:2M - stopped
[2025-06-02 17:05:40] Processus supprimé pour pascale: screen-stars-glorious-waterscapes-vote-20-left-0H:1M - stopped
[2025-06-02 17:05:40] Processus mis à jour pour pascale: screen-stars-glorious-waterscapes-vote-20-left-0H:1M - stopped
[2025-06-02 17:05:40] Arrêt des stratégies pour les challenges sélectionnés:
- Arrêt et suppression du processus pour Split Screen
- Arrêt et suppression du processus pour Split Screen
- Arrêt et suppression du processus pour Split Screen
- Arrêt et suppression du processus pour Split Screen
- Arrêt et suppression du processus pour Split Screen
- Arrêt et suppression du processus pour Split Screen
- Arrêt et suppression du processus pour Split Screen
- Arrêt et suppression du processus pour Split Screen
- Arrêt et suppression du processus pour Best of Black & White
- Arrêt et suppression du processus pour Best of Black & White
- Arrêt et suppression du processus pour Best of Black & White
- Arrêt et suppression du processus pour Best of Black & White
- Arrêt et suppression du processus pour Photographer of the Week
- Arrêt et suppression du processus pour Photographer of the Week
- Arrêt et suppression du processus pour Photographer of the Week
- Arrêt et suppression du processus pour Photographer of the Week
- Arrêt et suppression du processus pour Healthy Living
- Arrêt et suppression du processus pour Healthy Living
- Arrêt et suppression du processus pour Healthy Living
- Arrêt et suppression du processus pour Healthy Living
- Arrêt et suppression du processus pour Landscape Photographer of the Year
- Arrêt et suppression du processus pour Landscape Photographer of the Year
- Arrêt et suppression du processus pour Landscape Photographer of the Year
- Arrêt et suppression du processus pour Landscape Photographer of the Year
- Arrêt et suppression du processus pour Public Areas
- Arrêt et suppression du processus pour Public Areas
- Arrêt et suppression du processus pour Public Areas
- Arrêt et suppression du processus pour Public Areas
- Arrêt et suppression du processus pour Water on the Rocks
- Arrêt et suppression du processus pour Water on the Rocks
- Arrêt et suppression du processus pour Water on the Rocks
- Arrêt et suppression du processus pour Water on the Rocks
- Arrêt et suppression du processus pour Old but Still Working
- Arrêt et suppression du processus pour Old but Still Working
- Arrêt et suppression du processus pour Old but Still Working
- Arrêt et suppression du processus pour Old but Still Working
- Arrêt et suppression du processus pour Lively Performers
- Arrêt et suppression du processus pour Lively Performers
- Arrêt et suppression du processus pour Lively Performers
- Arrêt et suppression du processus pour Lively Performers
- Arrêt et suppression du processus pour Photo of the Week!
- Arrêt et suppression du processus pour Photo of the Week!
- Arrêt et suppression du processus pour Photo of the Week!
- Arrêt et suppression du processus pour Photo of the Week!
- Arrêt et suppression du processus pour Photo of the Week!
- Arrêt et suppression du processus pour Photo of the Week!
- Arrêt et suppression du processus pour Photo of the Week!
- Arrêt et suppression du processus pour Photo of the Week!
- Arrêt et suppression du processus pour Happy Hour
- Arrêt et suppression du processus pour Happy Hour
- Arrêt et suppression du processus pour Happy Hour
- Arrêt et suppression du processus pour Happy Hour
- Arrêt et suppression du processus pour The Greatest
- Arrêt et suppression du processus pour The Greatest
- Arrêt et suppression du processus pour The Greatest
- Arrêt et suppression du processus pour The Greatest
- Arrêt et suppression du processus pour Still Life
- Arrêt et suppression du processus pour Still Life
- Arrêt et suppression du processus pour Still Life
- Arrêt et suppression du processus pour Still Life
- Arrêt et suppression du processus pour Guru of The Week
- Arrêt et suppression du processus pour Guru of The Week
- Arrêt et suppression du processus pour Guru of The Week
- Arrêt et suppression du processus pour Guru of The Week
- Arrêt et suppression du processus pour Seasonal Portraits
- Arrêt et suppression du processus pour Seasonal Portraits
- Arrêt et suppression du processus pour Seasonal Portraits
- Arrêt et suppression du processus pour Seasonal Portraits
- Arrêt et suppression du processus pour Dramatic Lighting
- Arrêt et suppression du processus pour Dramatic Lighting
- Arrêt et suppression du processus pour Dramatic Lighting
- Arrêt et suppression du processus pour Dramatic Lighting
- Arrêt et suppression du processus pour Screen Stars - Timeless Waterscapes
- Arrêt et suppression du processus pour Screen Stars - Timeless Waterscapes
- Arrêt et suppression du processus pour Screen Stars - Timeless Waterscapes
- Arrêt et suppression du processus pour Screen Stars - Timeless Waterscapes
- Arrêt et suppression du processus pour Screen Stars - Timeless Waterscapes
- Arrêt et suppression du processus pour Screen Stars - Timeless Waterscapes
- Arrêt et suppression du processus pour Screen Stars - Timeless Waterscapes
- Arrêt et suppression du processus pour Screen Stars - Timeless Waterscapes

[2025-06-02 17:06:00] Fetching challenges...
[2025-06-02 17:06:02] Challenges fetching ...
[2025-06-02 17:06:02] Lancement automatique des stratégies de fin pour 17 nouveaux challenges...
[2025-06-02 17:06:02] Nouveau challenge détecté pour pascale: Lively Performers
[2025-06-02 17:06:02] Nouveau challenge détecté pour pascale: Guru of The Week
[2025-06-02 17:06:02] Nouveau challenge détecté pour pascale: The Greatest
[2025-06-02 17:06:02] Nouveau challenge détecté pour pascale: Landscape Photographer of the Year
[2025-06-02 17:06:02] Nouveau challenge détecté pour pascale: Seasonal Portraits
[2025-06-02 17:06:02] Nouveau challenge détecté pour pascale: Healthy Living
[2025-06-02 17:06:02] Nouveau challenge détecté pour pascale: Ultimate Exposure
[2025-06-02 17:06:02] Nouveau challenge détecté pour pascale: Still Life
[2025-06-02 17:06:02] Nouveau challenge détecté pour pascale: Split Screen
[2025-06-02 17:06:02] Nouveau challenge détecté pour pascale: Best of Black & White
[2025-06-02 17:06:02] Nouveau challenge détecté pour pascale: Happy Hour
[2025-06-02 17:06:02] Nouveau challenge détecté pour pascale: Photographer of the Week
[2025-06-02 17:06:02] Nouveau challenge détecté pour pascale: Water on the Rocks
[2025-06-02 17:06:02] Nouveau challenge détecté pour pascale: Public Areas
[2025-06-02 17:06:02] Nouveau challenge détecté pour pascale: Old but Still Working
[2025-06-02 17:06:02] Nouveau challenge détecté pour pascale: Screen Stars - Timeless Waterscapes
[2025-06-02 17:06:02] Nouveau challenge détecté pour pascale: Dramatic Lighting
[2025-06-02 17:06:02] Challenges fetched successfully for pascale!
[2025-06-02 17:06:22] Lancement de la stratégie end4 pour Public Areas
[2025-06-02 17:06:22] Nouveau processus ajouté pour pascale: public-areas-vote-70-left-0H:4M - Statut: init
[2025-06-02 17:06:22] Traitement du challenge pour pascale: public-areas
[2025-06-02 17:06:22] Nouveau processus ajouté pour pascale: public-areas-vote-20-left-0H:3M - Statut: init
[2025-06-02 17:06:22] Traitement du challenge pour pascale: public-areas
[2025-06-02 17:06:22] Processus mis à jour pour pascale: public-areas-vote-70-left-0H:4M - waiting
[2025-06-02 17:06:22] Nouveau processus ajouté pour pascale: public-areas-vote-20-left-0H:2M - Statut: init
[2025-06-02 17:06:22] Processus mis à jour pour pascale: public-areas-vote-20-left-0H:3M - waiting
[2025-06-02 17:06:22] Traitement du challenge pour pascale: public-areas
[2025-06-02 17:06:22] Nouveau processus ajouté pour pascale: public-areas-vote-20-left-0H:1M - Statut: init
[2025-06-02 17:06:22] Processus mis à jour pour pascale: public-areas-vote-20-left-0H:2M - waiting
[2025-06-02 17:06:22] Traitement du challenge pour pascale: public-areas
[2025-06-02 17:06:22] Processus mis à jour pour pascale: public-areas-vote-20-left-0H:1M - waiting
[2025-06-02 17:06:22] Application des stratégies pour les challenges sélectionnés:
- Public Areas avec stratégie end4

[2025-06-02 19:05:06] Processus mis à jour pour pascale: public-areas-vote-70-left-0H:4M - executing
[2025-06-02 19:05:06] Traitement de vote pour Public Areas
[2025-06-02 19:05:06] Public Areas get vote panel
[2025-06-02 19:05:06] Processus associé: public-areas-vote-70-left-0H:4M
[2025-06-02 19:05:29] Récupération des données de vote pour Public Areas (URL: public-areas, HEADER:{'User-Agent': 'Mozilla/5.0 (X11; Linux i686; rv:39.0) Gecko/20100101 Firefox/39.0', 'x-api-version': '8', 'x-env': 'WEB', 'X-requested-with': 'XMLHttpRequest', 'X-token': 'f96bbe3a7e7f833329e7129767a69abbfa6dfce3152e3c2a311eb49d89b5c3bb2b12b66b402f03dce682b8b2b6a005cd'})
[2025-06-02 19:05:29] Récupération des données de vote pour Public Areas (URL: public-areas, HEADER:{'User-Agent': 'Mozilla/5.0 (X11; Linux i686; rv:39.0) Gecko/20100101 Firefox/39.0', 'x-api-version': '8', 'x-env': 'WEB', 'X-requested-with': 'XMLHttpRequest', 'X-token': 'f96bbe3a7e7f833329e7129767a69abbfa6dfce3152e3c2a311eb49d89b5c3bb2b12b66b402f03dce682b8b2b6a005cd'})
[2025-06-02 19:05:29] Récupération des données de vote pour Public Areas (URL: public-areas, HEADER:{'User-Agent': 'Mozilla/5.0 (X11; Linux i686; rv:39.0) Gecko/20100101 Firefox/39.0', 'x-api-version': '8', 'x-env': 'WEB', 'X-requested-with': 'XMLHttpRequest', 'X-token': 'f96bbe3a7e7f833329e7129767a69abbfa6dfce3152e3c2a311eb49d89b5c3bb2b12b66b402f03dce682b8b2b6a005cd'})
[2025-06-02 19:05:29] Récupération des données de vote pour Public Areas (URL: public-areas, HEADER:{'User-Agent': 'Mozilla/5.0 (X11; Linux i686; rv:39.0) Gecko/20100101 Firefox/39.0', 'x-api-version': '8', 'x-env': 'WEB', 'X-requested-with': 'XMLHttpRequest', 'X-token': 'f96bbe3a7e7f833329e7129767a69abbfa6dfce3152e3c2a311eb49d89b5c3bb2b12b66b402f03dce682b8b2b6a005cd'})
[2025-06-02 19:05:29] Récupération des données de vote pour Public Areas (URL: public-areas, HEADER:{'User-Agent': 'Mozilla/5.0 (X11; Linux i686; rv:39.0) Gecko/20100101 Firefox/39.0', 'x-api-version': '8', 'x-env': 'WEB', 'X-requested-with': 'XMLHttpRequest', 'X-token': 'f96bbe3a7e7f833329e7129767a69abbfa6dfce3152e3c2a311eb49d89b5c3bb2b12b66b402f03dce682b8b2b6a005cd'})
[2025-06-02 19:05:29] Récupération des données de vote pour Public Areas (URL: public-areas, HEADER:{'User-Agent': 'Mozilla/5.0 (X11; Linux i686; rv:39.0) Gecko/20100101 Firefox/39.0', 'x-api-version': '8', 'x-env': 'WEB', 'X-requested-with': 'XMLHttpRequest', 'X-token': 'f96bbe3a7e7f833329e7129767a69abbfa6dfce3152e3c2a311eb49d89b5c3bb2b12b66b402f03dce682b8b2b6a005cd'})
[2025-06-02 19:05:29] Récupération des données de vote pour Public Areas (URL: public-areas, HEADER:{'User-Agent': 'Mozilla/5.0 (X11; Linux i686; rv:39.0) Gecko/20100101 Firefox/39.0', 'x-api-version': '8', 'x-env': 'WEB', 'X-requested-with': 'XMLHttpRequest', 'X-token': 'f96bbe3a7e7f833329e7129767a69abbfa6dfce3152e3c2a311eb49d89b5c3bb2b12b66b402f03dce682b8b2b6a005cd'})
[2025-06-02 19:05:30] Récupération réussie: 200 images pour Public Areas
[2025-06-02 19:05:30] Voting fetching ...
[2025-06-02 19:05:30] Public Areas voting 10 images
[2025-06-02 19:05:30] Récupération réussie: 200 images pour Public Areas
[2025-06-02 19:05:30] Voting fetching ...
[2025-06-02 19:05:30] Public Areas voting 10 images
[2025-06-02 19:05:30] Récupération réussie: 200 images pour Public Areas
[2025-06-02 19:05:30] Voting fetching ...
[2025-06-02 19:05:30] Public Areas voting 10 images
[2025-06-02 19:05:30] Récupération réussie: 200 images pour Public Areas
[2025-06-02 19:05:30] Voting fetching ...
[2025-06-02 19:05:30] Public Areas voting 10 images
[2025-06-02 19:05:30] Récupération réussie: 200 images pour Public Areas
[2025-06-02 19:05:30] Voting fetching ...
[2025-06-02 19:05:30] Public Areas voting 10 images
[2025-06-02 19:05:30] Récupération réussie: 200 images pour Public Areas
[2025-06-02 19:05:30] Voting fetching ...
[2025-06-02 19:05:30] Public Areas voting 10 images
[2025-06-02 19:05:30] Récupération réussie: 200 images pour Public Areas
[2025-06-02 19:05:30] Voting fetching ...
[2025-06-02 19:05:30] Public Areas voting 10 images
[2025-06-02 19:05:31] Public Areas voted successfully
[2025-06-02 19:05:31] Processus supprimé pour pascale: public-areas-vote-70-left-0H:4M - success
[2025-06-02 19:05:31] Processus mis à jour pour pascale: public-areas-vote-70-left-0H:4M - success
[2025-06-02 19:05:31] Processus public-areas-vote-70-left-0H:4M terminé avec succès (profil: pascale)
[2025-06-02 19:05:33] Public Areas voted successfully
[2025-06-02 19:05:35] Public Areas voted successfully
[2025-06-02 19:05:37] Public Areas voted successfully
[2025-06-02 19:05:39] Public Areas voted successfully
[2025-06-02 19:05:41] Public Areas voted successfully
[2025-06-02 19:05:43] Public Areas voted successfully
[2025-06-02 19:05:47] Challenges fetching ...
[2025-06-02 19:05:47] Challenges fetched successfully for pascale!
[2025-06-02 19:05:47] Challenges fetching ...
[2025-06-02 19:05:47] Challenges fetched successfully for pascale!
[2025-06-02 19:05:47] Challenges fetching ...
[2025-06-02 19:05:47] Challenges fetched successfully for pascale!
[2025-06-02 19:05:47] Challenges fetching ...
[2025-06-02 19:05:47] Challenges fetched successfully for pascale!
[2025-06-02 19:05:47] Challenges fetching ...
[2025-06-02 19:05:47] Challenges fetched successfully for pascale!
[2025-06-02 19:05:47] Challenges fetching ...
[2025-06-02 19:05:47] Challenges fetched successfully for pascale!
[2025-06-02 19:05:47] Challenges fetching ...
[2025-06-02 19:05:47] Challenges fetched successfully for pascale!
[2025-06-02 19:06:06] Processus mis à jour pour pascale: public-areas-vote-20-left-0H:3M - executing
[2025-06-02 19:06:06] Traitement de vote pour Public Areas
[2025-06-02 19:06:06] Public Areas get vote panel
[2025-06-02 19:06:06] Processus associé: public-areas-vote-20-left-0H:3M
[2025-06-02 19:06:12] Récupération des données de vote pour Public Areas (URL: public-areas, HEADER:{'User-Agent': 'Mozilla/5.0 (X11; Linux i686; rv:39.0) Gecko/20100101 Firefox/39.0', 'x-api-version': '8', 'x-env': 'WEB', 'X-requested-with': 'XMLHttpRequest', 'X-token': 'f96bbe3a7e7f833329e7129767a69abbfa6dfce3152e3c2a311eb49d89b5c3bb2b12b66b402f03dce682b8b2b6a005cd'})
[2025-06-02 19:06:12] Récupération des données de vote pour Public Areas (URL: public-areas, HEADER:{'User-Agent': 'Mozilla/5.0 (X11; Linux i686; rv:39.0) Gecko/20100101 Firefox/39.0', 'x-api-version': '8', 'x-env': 'WEB', 'X-requested-with': 'XMLHttpRequest', 'X-token': 'f96bbe3a7e7f833329e7129767a69abbfa6dfce3152e3c2a311eb49d89b5c3bb2b12b66b402f03dce682b8b2b6a005cd'})
[2025-06-02 19:06:13] Récupération réussie: 200 images pour Public Areas
[2025-06-02 19:06:13] Voting fetching ...
[2025-06-02 19:06:13] Public Areas voting 10 images
[2025-06-02 19:06:13] Récupération réussie: 200 images pour Public Areas
[2025-06-02 19:06:13] Voting fetching ...
[2025-06-02 19:06:13] Public Areas voting 10 images
[2025-06-02 19:06:14] Public Areas voted successfully
[2025-06-02 19:06:14] Processus supprimé pour pascale: public-areas-vote-20-left-0H:3M - success
[2025-06-02 19:06:14] Processus mis à jour pour pascale: public-areas-vote-20-left-0H:3M - success
[2025-06-02 19:06:14] Processus public-areas-vote-20-left-0H:3M terminé avec succès (profil: pascale)
[2025-06-02 19:06:16] Public Areas voted successfully
[2025-06-02 19:06:19] Challenges fetching ...
[2025-06-02 19:06:19] Challenges fetched successfully for pascale!
[2025-06-02 19:06:19] Challenges fetching ...
[2025-06-02 19:06:19] Challenges fetched successfully for pascale!
[2025-06-02 19:07:07] Processus mis à jour pour pascale: public-areas-vote-20-left-0H:2M - executing
[2025-06-02 19:07:07] Traitement de vote pour Public Areas
[2025-06-02 19:07:07] Public Areas get vote panel
[2025-06-02 19:07:07] Processus associé: public-areas-vote-20-left-0H:2M
[2025-06-02 19:07:13] Récupération des données de vote pour Public Areas (URL: public-areas, HEADER:{'User-Agent': 'Mozilla/5.0 (X11; Linux i686; rv:39.0) Gecko/20100101 Firefox/39.0', 'x-api-version': '8', 'x-env': 'WEB', 'X-requested-with': 'XMLHttpRequest', 'X-token': 'f96bbe3a7e7f833329e7129767a69abbfa6dfce3152e3c2a311eb49d89b5c3bb2b12b66b402f03dce682b8b2b6a005cd'})
[2025-06-02 19:07:13] Récupération des données de vote pour Public Areas (URL: public-areas, HEADER:{'User-Agent': 'Mozilla/5.0 (X11; Linux i686; rv:39.0) Gecko/20100101 Firefox/39.0', 'x-api-version': '8', 'x-env': 'WEB', 'X-requested-with': 'XMLHttpRequest', 'X-token': 'f96bbe3a7e7f833329e7129767a69abbfa6dfce3152e3c2a311eb49d89b5c3bb2b12b66b402f03dce682b8b2b6a005cd'})
[2025-06-02 19:07:14] Récupération réussie: 200 images pour Public Areas
[2025-06-02 19:07:14] Voting fetching ...
[2025-06-02 19:07:14] Public Areas voting 10 images
[2025-06-02 19:07:14] Récupération réussie: 200 images pour Public Areas
[2025-06-02 19:07:14] Voting fetching ...
[2025-06-02 19:07:14] Public Areas voting 10 images
[2025-06-02 19:07:15] Public Areas voted successfully
[2025-06-02 19:07:15] Processus supprimé pour pascale: public-areas-vote-20-left-0H:2M - success
[2025-06-02 19:07:15] Processus mis à jour pour pascale: public-areas-vote-20-left-0H:2M - success
[2025-06-02 19:07:15] Processus public-areas-vote-20-left-0H:2M terminé avec succès (profil: pascale)
[2025-06-02 19:07:17] Public Areas voted successfully
[2025-06-02 19:07:20] Challenges fetching ...
[2025-06-02 19:07:20] Challenges fetched successfully for pascale!
[2025-06-02 19:07:21] Challenges fetching ...
[2025-06-02 19:07:21] Challenges fetched successfully for pascale!
[2025-06-02 19:08:03] Processus mis à jour pour pascale: public-areas-vote-20-left-0H:1M - executing
[2025-06-02 19:08:03] Traitement de vote pour Public Areas
[2025-06-02 19:08:03] Public Areas get vote panel
[2025-06-02 19:08:03] Processus associé: public-areas-vote-20-left-0H:1M
[2025-06-02 19:08:09] Récupération des données de vote pour Public Areas (URL: public-areas, HEADER:{'User-Agent': 'Mozilla/5.0 (X11; Linux i686; rv:39.0) Gecko/20100101 Firefox/39.0', 'x-api-version': '8', 'x-env': 'WEB', 'X-requested-with': 'XMLHttpRequest', 'X-token': 'f96bbe3a7e7f833329e7129767a69abbfa6dfce3152e3c2a311eb49d89b5c3bb2b12b66b402f03dce682b8b2b6a005cd'})
[2025-06-02 19:08:09] Récupération des données de vote pour Public Areas (URL: public-areas, HEADER:{'User-Agent': 'Mozilla/5.0 (X11; Linux i686; rv:39.0) Gecko/20100101 Firefox/39.0', 'x-api-version': '8', 'x-env': 'WEB', 'X-requested-with': 'XMLHttpRequest', 'X-token': 'f96bbe3a7e7f833329e7129767a69abbfa6dfce3152e3c2a311eb49d89b5c3bb2b12b66b402f03dce682b8b2b6a005cd'})
[2025-06-02 19:08:10] Récupération réussie: 200 images pour Public Areas
[2025-06-02 19:08:10] Voting fetching ...
[2025-06-02 19:08:10] Public Areas voting 10 images
[2025-06-02 19:08:10] Récupération réussie: 200 images pour Public Areas
[2025-06-02 19:08:10] Voting fetching ...
[2025-06-02 19:08:10] Public Areas voting 10 images
[2025-06-02 19:08:11] Public Areas voted successfully
[2025-06-02 19:08:11] Processus supprimé pour pascale: public-areas-vote-20-left-0H:1M - success
[2025-06-02 19:08:11] Processus mis à jour pour pascale: public-areas-vote-20-left-0H:1M - success
[2025-06-02 19:08:11] Processus public-areas-vote-20-left-0H:1M terminé avec succès (profil: pascale)
[2025-06-02 19:08:13] Public Areas voted successfully
[2025-06-02 19:08:16] Challenges fetching ...
[2025-06-02 19:08:16] Challenges fetched successfully for pascale!
[2025-06-02 19:08:16] Challenges fetching ...
[2025-06-02 19:08:16] Challenges fetched successfully for pascale!
[2025-06-02 21:29:43] Refreshing challenges...
[2025-06-02 21:29:43] Fetching challenges...
[2025-06-02 21:29:44] Challenges fetching ...
[2025-06-02 21:29:44] Challenges fetched successfully for bruno!
[2025-06-02 21:29:55] Lancement de la stratégie end4 pour Water on the Rocks
[2025-06-02 21:29:55] Nouveau processus ajouté pour bruno: water-on-the-rocks2-vote-70-left-0H:4M - Statut: init
[2025-06-02 21:29:55] Traitement du challenge pour bruno: water-on-the-rocks2
[2025-06-02 21:29:55] Nouveau processus ajouté pour bruno: water-on-the-rocks2-vote-20-left-0H:3M - Statut: init
[2025-06-02 21:29:56] Nouveau processus ajouté pour bruno: water-on-the-rocks2-vote-20-left-0H:2M - Statut: init
[2025-06-02 21:29:56] Traitement du challenge pour bruno: water-on-the-rocks2
[2025-06-02 21:29:56] Traitement du challenge pour bruno: water-on-the-rocks2
[2025-06-02 21:29:56] Processus mis à jour pour bruno: water-on-the-rocks2-vote-70-left-0H:4M - waiting
[2025-06-02 21:29:56] Nouveau processus ajouté pour bruno: water-on-the-rocks2-vote-20-left-0H:1M - Statut: init
[2025-06-02 21:29:56] Traitement du challenge pour bruno: water-on-the-rocks2
[2025-06-02 21:29:56] Processus mis à jour pour bruno: water-on-the-rocks2-vote-20-left-0H:3M - waiting
[2025-06-02 21:29:56] Application des stratégies pour les challenges sélectionnés:
- Water on the Rocks avec stratégie end4

[2025-06-02 21:29:56] Processus mis à jour pour bruno: water-on-the-rocks2-vote-20-left-0H:2M - waiting
[2025-06-02 21:29:56] Processus mis à jour pour bruno: water-on-the-rocks2-vote-20-left-0H:1M - waiting
[2025-06-02 21:29:58] Lancement de la stratégie end4 pour Water on the Rocks
[2025-06-02 21:29:58] Commande  --cha water-on-the-rocks2 vote 70 --left 0:4 existe déjà pour bruno
[2025-06-02 21:29:58] Nouveau processus ajouté pour bruno: water-on-the-rocks2-vote-70-left-0H:4M - Statut: init
[2025-06-02 21:29:58] Traitement du challenge pour bruno: water-on-the-rocks2
[2025-06-02 21:29:58] Commande  --cha water-on-the-rocks2 vote 20 --left 0:3 existe déjà pour bruno
[2025-06-02 21:29:58] Nouveau processus ajouté pour bruno: water-on-the-rocks2-vote-20-left-0H:3M - Statut: init
[2025-06-02 21:29:58] Traitement du challenge pour bruno: water-on-the-rocks2
[2025-06-02 21:29:58] Commande  --cha water-on-the-rocks2 vote 20 --left 0:2 existe déjà pour bruno
[2025-06-02 21:29:58] Nouveau processus ajouté pour bruno: water-on-the-rocks2-vote-20-left-0H:2M - Statut: init
[2025-06-02 21:29:59] Commande  --cha water-on-the-rocks2 vote 20 --left 0:1 existe déjà pour bruno
[2025-06-02 21:29:59] Processus mis à jour pour bruno: water-on-the-rocks2-vote-70-left-0H:4M - waiting
[2025-06-02 21:29:59] Application des stratégies pour les challenges sélectionnés:
- Water on the Rocks avec stratégie end4

[2025-06-02 21:29:59] Nouveau processus ajouté pour bruno: water-on-the-rocks2-vote-20-left-0H:1M - Statut: init
[2025-06-02 21:29:59] Traitement du challenge pour bruno: water-on-the-rocks2
[2025-06-02 21:29:59] Processus mis à jour pour bruno: water-on-the-rocks2-vote-20-left-0H:3M - waiting
[2025-06-02 21:29:59] Traitement du challenge pour bruno: water-on-the-rocks2
[2025-06-02 21:29:59] Processus mis à jour pour bruno: water-on-the-rocks2-vote-20-left-0H:2M - waiting
[2025-06-02 21:29:59] Processus mis à jour pour bruno: water-on-the-rocks2-vote-20-left-0H:1M - waiting
[2025-06-02 23:11:38] Refreshing challenges...
[2025-06-02 23:11:38] Fetching challenges...
[2025-06-02 23:11:39] Challenges fetching ...
[2025-06-02 23:11:39] Challenges fetched successfully for bruno!
[2025-06-02 23:11:47] Refreshing challenges...
[2025-06-02 23:11:47] Fetching challenges...
[2025-06-02 23:11:49] Challenges fetching ...
[2025-06-02 23:11:49] Lancement automatique des stratégies de fin pour 1 nouveaux challenges...
[2025-06-02 23:11:49] Nouveau challenge détecté pour pascale: Joined Together
[2025-06-02 23:11:49] Challenges fetched successfully for pascale!
[2025-06-02 23:12:46] Sélection de tous les challenges

[2025-06-02 23:12:53] Joined Together get vote panel
[2025-06-02 23:13:14] Photographer of the Week get vote panel
[2025-06-02 23:13:35] Ultimate Exposure get vote panel
[2025-06-02 23:13:56] Best of Black & White get vote panel
[2025-06-02 23:14:17] Healthy Living get vote panel
[2025-06-02 23:14:38] Landscape Photographer of the Year get vote panel
[2025-06-02 23:14:59] Old but Still Working get vote panel
[2025-06-02 23:15:20] Lively Performers get vote panel
[2025-06-02 23:15:41] Happy Hour get vote panel
[2025-06-02 23:16:03] Still Life get vote panel
[2025-06-02 23:16:19] Fetching challenges...
[2025-06-02 23:16:20] Fetching challenges...
[2025-06-02 23:16:22] Challenges fetching ...
[2025-06-02 23:16:22] Lancement automatique des stratégies de fin pour 14 nouveaux challenges...
[2025-06-02 23:16:22] Nouveau challenge détecté pour pascale: Joined Together
[2025-06-02 23:16:22] Nouveau challenge détecté pour pascale: Photographer of the Week
[2025-06-02 23:16:22] Nouveau challenge détecté pour pascale: Old but Still Working
[2025-06-02 23:16:22] Nouveau challenge détecté pour pascale: Ultimate Exposure
[2025-06-02 23:16:22] Nouveau challenge détecté pour pascale: Guru of The Week
[2025-06-02 23:16:22] Nouveau challenge détecté pour pascale: Best of Black & White
[2025-06-02 23:16:22] Nouveau challenge détecté pour pascale: Still Life
[2025-06-02 23:16:22] Nouveau challenge détecté pour pascale: Water on the Rocks
[2025-06-02 23:16:22] Nouveau challenge détecté pour pascale: Seasonal Portraits
[2025-06-02 23:16:22] Nouveau challenge détecté pour pascale: Dramatic Lighting
[2025-06-02 23:16:22] Nouveau challenge détecté pour pascale: Lively Performers
[2025-06-02 23:16:22] Nouveau challenge détecté pour pascale: Happy Hour
[2025-06-02 23:16:22] Nouveau challenge détecté pour pascale: Healthy Living
[2025-06-02 23:16:22] Nouveau challenge détecté pour pascale: Landscape Photographer of the Year
[2025-06-02 23:16:22] Challenges fetched successfully for pascale!
[2025-06-02 23:16:24] Guru of The Week get vote panel
[2025-06-02 23:16:28] Joined Together get vote panel
[2025-06-02 23:16:45] Seasonal Portraits get vote panel
[2025-06-02 23:16:49] Filling challenges: {101570}
Filled Joined Together with strategy end4

[2025-06-02 23:16:49] Récupération des données de vote pour Joined Together (URL: joined-together1, HEADER:{'User-Agent': 'Mozilla/5.0 (X11; Linux i686; rv:39.0) Gecko/20100101 Firefox/39.0', 'x-api-version': '8', 'x-env': 'WEB', 'X-requested-with': 'XMLHttpRequest', 'X-token': 'f96bbe3a7e7f833329e7129767a69abbfa6dfce3152e3c2a311eb49d89b5c3bb2b12b66b402f03dce682b8b2b6a005cd'})
[2025-06-02 23:16:49] Récupération des données de vote pour Joined Together (URL: joined-together1, HEADER:{'User-Agent': 'Mozilla/5.0 (X11; Linux i686; rv:39.0) Gecko/20100101 Firefox/39.0', 'x-api-version': '8', 'x-env': 'WEB', 'X-requested-with': 'XMLHttpRequest', 'X-token': 'f96bbe3a7e7f833329e7129767a69abbfa6dfce3152e3c2a311eb49d89b5c3bb2b12b66b402f03dce682b8b2b6a005cd'})
[2025-06-02 23:16:49] Récupération des données de vote pour Joined Together (URL: joined-together1, HEADER:{'User-Agent': 'Mozilla/5.0 (X11; Linux i686; rv:39.0) Gecko/20100101 Firefox/39.0', 'x-api-version': '8', 'x-env': 'WEB', 'X-requested-with': 'XMLHttpRequest', 'X-token': 'f96bbe3a7e7f833329e7129767a69abbfa6dfce3152e3c2a311eb49d89b5c3bb2b12b66b402f03dce682b8b2b6a005cd'})
[2025-06-02 23:16:49] Récupération des données de vote pour Joined Together (URL: joined-together1, HEADER:{'User-Agent': 'Mozilla/5.0 (X11; Linux i686; rv:39.0) Gecko/20100101 Firefox/39.0', 'x-api-version': '8', 'x-env': 'WEB', 'X-requested-with': 'XMLHttpRequest', 'X-token': 'f96bbe3a7e7f833329e7129767a69abbfa6dfce3152e3c2a311eb49d89b5c3bb2b12b66b402f03dce682b8b2b6a005cd'})
[2025-06-02 23:16:49] Récupération des données de vote pour Joined Together (URL: joined-together1, HEADER:{'User-Agent': 'Mozilla/5.0 (X11; Linux i686; rv:39.0) Gecko/20100101 Firefox/39.0', 'x-api-version': '8', 'x-env': 'WEB', 'X-requested-with': 'XMLHttpRequest', 'X-token': 'f96bbe3a7e7f833329e7129767a69abbfa6dfce3152e3c2a311eb49d89b5c3bb2b12b66b402f03dce682b8b2b6a005cd'})
[2025-06-02 23:16:49] Récupération des données de vote pour Joined Together (URL: joined-together1, HEADER:{'User-Agent': 'Mozilla/5.0 (X11; Linux i686; rv:39.0) Gecko/20100101 Firefox/39.0', 'x-api-version': '8', 'x-env': 'WEB', 'X-requested-with': 'XMLHttpRequest', 'X-token': 'f96bbe3a7e7f833329e7129767a69abbfa6dfce3152e3c2a311eb49d89b5c3bb2b12b66b402f03dce682b8b2b6a005cd'})
[2025-06-02 23:16:49] Récupération des données de vote pour Joined Together (URL: joined-together1, HEADER:{'User-Agent': 'Mozilla/5.0 (X11; Linux i686; rv:39.0) Gecko/20100101 Firefox/39.0', 'x-api-version': '8', 'x-env': 'WEB', 'X-requested-with': 'XMLHttpRequest', 'X-token': 'f96bbe3a7e7f833329e7129767a69abbfa6dfce3152e3c2a311eb49d89b5c3bb2b12b66b402f03dce682b8b2b6a005cd'})
[2025-06-02 23:16:50] Récupération réussie: 200 images pour Joined Together
[2025-06-02 23:16:50] Voting fetching ...
[2025-06-02 23:16:50] Joined Together voting 10 images
[2025-06-02 23:16:50] Récupération réussie: 200 images pour Joined Together
[2025-06-02 23:16:50] Voting fetching ...
[2025-06-02 23:16:50] Joined Together voting 10 images
[2025-06-02 23:16:50] Récupération réussie: 200 images pour Joined Together
[2025-06-02 23:16:50] Voting fetching ...
[2025-06-02 23:16:50] Joined Together voting 10 images
[2025-06-02 23:16:50] Récupération réussie: 200 images pour Joined Together
[2025-06-02 23:16:50] Voting fetching ...
[2025-06-02 23:16:50] Joined Together voting 10 images
[2025-06-02 23:16:50] Récupération réussie: 200 images pour Joined Together
[2025-06-02 23:16:50] Voting fetching ...
[2025-06-02 23:16:50] Joined Together voting 10 images
[2025-06-02 23:16:50] Récupération réussie: 200 images pour Joined Together
[2025-06-02 23:16:50] Voting fetching ...
[2025-06-02 23:16:50] Joined Together voting 10 images
[2025-06-02 23:16:50] Récupération réussie: 200 images pour Joined Together
[2025-06-02 23:16:50] Voting fetching ...
[2025-06-02 23:16:50] Joined Together voting 10 images
[2025-06-02 23:16:51] Joined Together voted successfully
[2025-06-02 23:16:53] Joined Together voted successfully
[2025-06-02 23:16:55] Joined Together voted successfully
[2025-06-02 23:16:57] Joined Together voted successfully
[2025-06-02 23:16:59] Joined Together voted successfully
[2025-06-02 23:17:01] Joined Together voted successfully
[2025-06-02 23:17:03] Joined Together voted successfully
[2025-06-02 23:17:05] Dramatic Lighting get vote panel
[2025-06-02 23:17:07] Challenges fetching ...
[2025-06-02 23:17:07] Challenges fetched successfully for pascale!
[2025-06-02 23:17:07] Challenges fetching ...
[2025-06-02 23:17:07] Challenges fetched successfully for pascale!
[2025-06-02 23:17:07] Challenges fetching ...
[2025-06-02 23:17:07] Challenges fetched successfully for pascale!
[2025-06-02 23:17:07] Challenges fetching ...
[2025-06-02 23:17:07] Challenges fetched successfully for pascale!
[2025-06-02 23:17:07] Challenges fetching ...
[2025-06-02 23:17:07] Challenges fetched successfully for pascale!
[2025-06-02 23:17:07] Challenges fetching ...
[2025-06-02 23:17:07] Challenges fetched successfully for pascale!
[2025-06-02 23:17:07] Challenges fetching ...
[2025-06-02 23:17:07] Challenges fetched successfully for pascale!
[2025-06-02 23:17:57] Fetching challenges...
[2025-06-02 23:17:59] Challenges fetching ...
[2025-06-02 23:17:59] Lancement automatique des stratégies de fin pour 14 nouveaux challenges...
[2025-06-02 23:17:59] Nouveau challenge détecté pour pascale: Joined Together
[2025-06-02 23:17:59] Nouveau challenge détecté pour pascale: Photographer of the Week
[2025-06-02 23:17:59] Nouveau challenge détecté pour pascale: Old but Still Working
[2025-06-02 23:17:59] Nouveau challenge détecté pour pascale: Ultimate Exposure
[2025-06-02 23:17:59] Nouveau challenge détecté pour pascale: Guru of The Week
[2025-06-02 23:17:59] Nouveau challenge détecté pour pascale: Best of Black & White
[2025-06-02 23:17:59] Nouveau challenge détecté pour pascale: Still Life
[2025-06-02 23:17:59] Nouveau challenge détecté pour pascale: Water on the Rocks
[2025-06-02 23:17:59] Nouveau challenge détecté pour pascale: Seasonal Portraits
[2025-06-02 23:17:59] Nouveau challenge détecté pour pascale: Dramatic Lighting
[2025-06-02 23:17:59] Nouveau challenge détecté pour pascale: Lively Performers
[2025-06-02 23:17:59] Nouveau challenge détecté pour pascale: Happy Hour
[2025-06-02 23:17:59] Nouveau challenge détecté pour pascale: Healthy Living
[2025-06-02 23:17:59] Nouveau challenge détecté pour pascale: Landscape Photographer of the Year
[2025-06-02 23:17:59] Challenges fetched successfully for pascale!
[2025-06-02 23:18:03] Joined Together get vote panel
[2025-06-02 23:18:24] Filling challenges: {101570}
Filled Joined Together with strategy end4

[2025-06-02 23:18:24] Récupération des données de vote pour Joined Together (URL: joined-together1, HEADER:{'User-Agent': 'Mozilla/5.0 (X11; Linux i686; rv:39.0) Gecko/20100101 Firefox/39.0', 'x-api-version': '8', 'x-env': 'WEB', 'X-requested-with': 'XMLHttpRequest', 'X-token': 'f96bbe3a7e7f833329e7129767a69abbfa6dfce3152e3c2a311eb49d89b5c3bb2b12b66b402f03dce682b8b2b6a005cd'})
[2025-06-02 23:18:24] Récupération des données de vote pour Joined Together (URL: joined-together1, HEADER:{'User-Agent': 'Mozilla/5.0 (X11; Linux i686; rv:39.0) Gecko/20100101 Firefox/39.0', 'x-api-version': '8', 'x-env': 'WEB', 'X-requested-with': 'XMLHttpRequest', 'X-token': 'f96bbe3a7e7f833329e7129767a69abbfa6dfce3152e3c2a311eb49d89b5c3bb2b12b66b402f03dce682b8b2b6a005cd'})
[2025-06-02 23:18:24] Récupération des données de vote pour Joined Together (URL: joined-together1, HEADER:{'User-Agent': 'Mozilla/5.0 (X11; Linux i686; rv:39.0) Gecko/20100101 Firefox/39.0', 'x-api-version': '8', 'x-env': 'WEB', 'X-requested-with': 'XMLHttpRequest', 'X-token': 'f96bbe3a7e7f833329e7129767a69abbfa6dfce3152e3c2a311eb49d89b5c3bb2b12b66b402f03dce682b8b2b6a005cd'})
[2025-06-02 23:18:24] Récupération des données de vote pour Joined Together (URL: joined-together1, HEADER:{'User-Agent': 'Mozilla/5.0 (X11; Linux i686; rv:39.0) Gecko/20100101 Firefox/39.0', 'x-api-version': '8', 'x-env': 'WEB', 'X-requested-with': 'XMLHttpRequest', 'X-token': 'f96bbe3a7e7f833329e7129767a69abbfa6dfce3152e3c2a311eb49d89b5c3bb2b12b66b402f03dce682b8b2b6a005cd'})
[2025-06-02 23:18:24] Récupération des données de vote pour Joined Together (URL: joined-together1, HEADER:{'User-Agent': 'Mozilla/5.0 (X11; Linux i686; rv:39.0) Gecko/20100101 Firefox/39.0', 'x-api-version': '8', 'x-env': 'WEB', 'X-requested-with': 'XMLHttpRequest', 'X-token': 'f96bbe3a7e7f833329e7129767a69abbfa6dfce3152e3c2a311eb49d89b5c3bb2b12b66b402f03dce682b8b2b6a005cd'})
[2025-06-02 23:18:24] Récupération des données de vote pour Joined Together (URL: joined-together1, HEADER:{'User-Agent': 'Mozilla/5.0 (X11; Linux i686; rv:39.0) Gecko/20100101 Firefox/39.0', 'x-api-version': '8', 'x-env': 'WEB', 'X-requested-with': 'XMLHttpRequest', 'X-token': 'f96bbe3a7e7f833329e7129767a69abbfa6dfce3152e3c2a311eb49d89b5c3bb2b12b66b402f03dce682b8b2b6a005cd'})
[2025-06-02 23:18:24] Récupération des données de vote pour Joined Together (URL: joined-together1, HEADER:{'User-Agent': 'Mozilla/5.0 (X11; Linux i686; rv:39.0) Gecko/20100101 Firefox/39.0', 'x-api-version': '8', 'x-env': 'WEB', 'X-requested-with': 'XMLHttpRequest', 'X-token': 'f96bbe3a7e7f833329e7129767a69abbfa6dfce3152e3c2a311eb49d89b5c3bb2b12b66b402f03dce682b8b2b6a005cd'})
[2025-06-02 23:18:25] Récupération réussie: 200 images pour Joined Together
[2025-06-02 23:18:25] Voting fetching ...
[2025-06-02 23:18:25] Joined Together voting 10 images
[2025-06-02 23:18:25] Récupération réussie: 200 images pour Joined Together
[2025-06-02 23:18:25] Voting fetching ...
[2025-06-02 23:18:25] Joined Together voting 10 images
[2025-06-02 23:18:25] Récupération réussie: 200 images pour Joined Together
[2025-06-02 23:18:25] Voting fetching ...
[2025-06-02 23:18:25] Joined Together voting 10 images
[2025-06-02 23:18:25] Récupération réussie: 200 images pour Joined Together
[2025-06-02 23:18:25] Voting fetching ...
[2025-06-02 23:18:25] Joined Together voting 10 images
[2025-06-02 23:18:25] Récupération réussie: 200 images pour Joined Together
[2025-06-02 23:18:25] Voting fetching ...
[2025-06-02 23:18:25] Joined Together voting 10 images
[2025-06-02 23:18:25] Récupération réussie: 200 images pour Joined Together
[2025-06-02 23:18:25] Voting fetching ...
[2025-06-02 23:18:25] Joined Together voting 10 images
[2025-06-02 23:18:25] Récupération réussie: 200 images pour Joined Together
[2025-06-02 23:18:25] Voting fetching ...
[2025-06-02 23:18:25] Joined Together voting 10 images
[2025-06-02 23:18:26] Joined Together voted successfully
[2025-06-02 23:18:28] Joined Together voted successfully
[2025-06-02 23:18:30] Joined Together voted successfully
[2025-06-02 23:18:32] Joined Together voted successfully
[2025-06-02 23:18:34] Joined Together voted successfully
[2025-06-02 23:18:36] Joined Together voted successfully
[2025-06-02 23:18:38] Joined Together voted successfully
[2025-06-02 23:18:40] Photographer of the Week get vote panel
[2025-06-02 23:19:01] Filling challenges: {101478}
Filled Photographer of the Week with strategy end4

[2025-06-02 23:19:02] Récupération des données de vote pour Photographer of the Week (URL: photographer-of-the-week210, HEADER:{'User-Agent': 'Mozilla/5.0 (X11; Linux i686; rv:39.0) Gecko/20100101 Firefox/39.0', 'x-api-version': '8', 'x-env': 'WEB', 'X-requested-with': 'XMLHttpRequest', 'X-token': 'f96bbe3a7e7f833329e7129767a69abbfa6dfce3152e3c2a311eb49d89b5c3bb2b12b66b402f03dce682b8b2b6a005cd'})
[2025-06-02 23:19:02] Récupération des données de vote pour Photographer of the Week (URL: photographer-of-the-week210, HEADER:{'User-Agent': 'Mozilla/5.0 (X11; Linux i686; rv:39.0) Gecko/20100101 Firefox/39.0', 'x-api-version': '8', 'x-env': 'WEB', 'X-requested-with': 'XMLHttpRequest', 'X-token': 'f96bbe3a7e7f833329e7129767a69abbfa6dfce3152e3c2a311eb49d89b5c3bb2b12b66b402f03dce682b8b2b6a005cd'})
[2025-06-02 23:19:02] Récupération des données de vote pour Photographer of the Week (URL: photographer-of-the-week210, HEADER:{'User-Agent': 'Mozilla/5.0 (X11; Linux i686; rv:39.0) Gecko/20100101 Firefox/39.0', 'x-api-version': '8', 'x-env': 'WEB', 'X-requested-with': 'XMLHttpRequest', 'X-token': 'f96bbe3a7e7f833329e7129767a69abbfa6dfce3152e3c2a311eb49d89b5c3bb2b12b66b402f03dce682b8b2b6a005cd'})
[2025-06-02 23:19:02] Récupération des données de vote pour Photographer of the Week (URL: photographer-of-the-week210, HEADER:{'User-Agent': 'Mozilla/5.0 (X11; Linux i686; rv:39.0) Gecko/20100101 Firefox/39.0', 'x-api-version': '8', 'x-env': 'WEB', 'X-requested-with': 'XMLHttpRequest', 'X-token': 'f96bbe3a7e7f833329e7129767a69abbfa6dfce3152e3c2a311eb49d89b5c3bb2b12b66b402f03dce682b8b2b6a005cd'})
[2025-06-02 23:19:02] Récupération des données de vote pour Photographer of the Week (URL: photographer-of-the-week210, HEADER:{'User-Agent': 'Mozilla/5.0 (X11; Linux i686; rv:39.0) Gecko/20100101 Firefox/39.0', 'x-api-version': '8', 'x-env': 'WEB', 'X-requested-with': 'XMLHttpRequest', 'X-token': 'f96bbe3a7e7f833329e7129767a69abbfa6dfce3152e3c2a311eb49d89b5c3bb2b12b66b402f03dce682b8b2b6a005cd'})
[2025-06-02 23:19:02] Récupération des données de vote pour Photographer of the Week (URL: photographer-of-the-week210, HEADER:{'User-Agent': 'Mozilla/5.0 (X11; Linux i686; rv:39.0) Gecko/20100101 Firefox/39.0', 'x-api-version': '8', 'x-env': 'WEB', 'X-requested-with': 'XMLHttpRequest', 'X-token': 'f96bbe3a7e7f833329e7129767a69abbfa6dfce3152e3c2a311eb49d89b5c3bb2b12b66b402f03dce682b8b2b6a005cd'})
[2025-06-02 23:19:02] Récupération des données de vote pour Photographer of the Week (URL: photographer-of-the-week210, HEADER:{'User-Agent': 'Mozilla/5.0 (X11; Linux i686; rv:39.0) Gecko/20100101 Firefox/39.0', 'x-api-version': '8', 'x-env': 'WEB', 'X-requested-with': 'XMLHttpRequest', 'X-token': 'f96bbe3a7e7f833329e7129767a69abbfa6dfce3152e3c2a311eb49d89b5c3bb2b12b66b402f03dce682b8b2b6a005cd'})
[2025-06-02 23:19:03] Récupération réussie: 200 images pour Photographer of the Week
[2025-06-02 23:19:03] Voting fetching ...
[2025-06-02 23:19:03] Photographer of the Week voting 10 images
[2025-06-02 23:19:03] Récupération réussie: 200 images pour Photographer of the Week
[2025-06-02 23:19:03] Voting fetching ...
[2025-06-02 23:19:03] Photographer of the Week voting 10 images
[2025-06-02 23:19:03] Récupération réussie: 200 images pour Photographer of the Week
[2025-06-02 23:19:03] Voting fetching ...
[2025-06-02 23:19:03] Photographer of the Week voting 10 images
[2025-06-02 23:19:03] Récupération réussie: 200 images pour Photographer of the Week
[2025-06-02 23:19:03] Voting fetching ...
[2025-06-02 23:19:03] Photographer of the Week voting 10 images
[2025-06-02 23:19:03] Récupération réussie: 200 images pour Photographer of the Week
[2025-06-02 23:19:03] Voting fetching ...
[2025-06-02 23:19:03] Photographer of the Week voting 10 images
[2025-06-02 23:19:03] Récupération réussie: 200 images pour Photographer of the Week
[2025-06-02 23:19:03] Voting fetching ...
[2025-06-02 23:19:03] Photographer of the Week voting 10 images
[2025-06-02 23:19:03] Récupération réussie: 200 images pour Photographer of the Week
[2025-06-02 23:19:03] Voting fetching ...
[2025-06-02 23:19:03] Photographer of the Week voting 10 images
[2025-06-02 23:19:03] Challenges fetching ...
[2025-06-02 23:19:03] Challenges fetched successfully for pascale!
[2025-06-02 23:19:04] Challenges fetching ...
[2025-06-02 23:19:04] Challenges fetched successfully for pascale!
[2025-06-02 23:19:04] Challenges fetching ...
[2025-06-02 23:19:04] Challenges fetched successfully for pascale!
[2025-06-02 23:19:04] Challenges fetching ...
[2025-06-02 23:19:04] Challenges fetched successfully for pascale!
[2025-06-02 23:19:04] Challenges fetching ...
[2025-06-02 23:19:04] Challenges fetched successfully for pascale!
[2025-06-02 23:19:04] Challenges fetching ...
[2025-06-02 23:19:04] Challenges fetched successfully for pascale!
[2025-06-02 23:19:04] Challenges fetching ...
[2025-06-02 23:19:04] Challenges fetched successfully for pascale!
[2025-06-02 23:19:05] Photographer of the Week voted successfully
[2025-06-02 23:19:07] Photographer of the Week voted successfully
[2025-06-02 23:19:09] Photographer of the Week voted successfully
[2025-06-02 23:19:11] Photographer of the Week voted successfully
[2025-06-02 23:19:13] Photographer of the Week voted successfully
[2025-06-02 23:19:15] Photographer of the Week voted successfully
[2025-06-02 23:19:17] Photographer of the Week voted successfully
[2025-06-02 23:19:21] Challenges fetching ...
[2025-06-02 23:19:21] Challenges fetched successfully for pascale!
[2025-06-02 23:19:21] Challenges fetching ...
[2025-06-02 23:19:21] Challenges fetched successfully for pascale!
[2025-06-02 23:19:21] Challenges fetching ...
[2025-06-02 23:19:21] Challenges fetched successfully for pascale!
[2025-06-02 23:19:21] Challenges fetching ...
[2025-06-02 23:19:21] Challenges fetched successfully for pascale!
[2025-06-02 23:19:21] Challenges fetching ...
[2025-06-02 23:19:21] Challenges fetched successfully for pascale!
[2025-06-02 23:19:21] Challenges fetching ...
[2025-06-02 23:19:21] Challenges fetched successfully for pascale!
[2025-06-02 23:19:21] Challenges fetching ...
[2025-06-02 23:19:21] Challenges fetched successfully for pascale!
[2025-06-02 23:19:47] Guru of The Week get vote panel
[2025-06-02 23:20:08] Filling challenges: {101725}
Filled Guru of The Week with strategy end4

[2025-06-02 23:20:08] Récupération des données de vote pour Guru of The Week (URL: guru-of-the-week36, HEADER:{'User-Agent': 'Mozilla/5.0 (X11; Linux i686; rv:39.0) Gecko/20100101 Firefox/39.0', 'x-api-version': '8', 'x-env': 'WEB', 'X-requested-with': 'XMLHttpRequest', 'X-token': 'f96bbe3a7e7f833329e7129767a69abbfa6dfce3152e3c2a311eb49d89b5c3bb2b12b66b402f03dce682b8b2b6a005cd'})
[2025-06-02 23:20:08] Récupération des données de vote pour Guru of The Week (URL: guru-of-the-week36, HEADER:{'User-Agent': 'Mozilla/5.0 (X11; Linux i686; rv:39.0) Gecko/20100101 Firefox/39.0', 'x-api-version': '8', 'x-env': 'WEB', 'X-requested-with': 'XMLHttpRequest', 'X-token': 'f96bbe3a7e7f833329e7129767a69abbfa6dfce3152e3c2a311eb49d89b5c3bb2b12b66b402f03dce682b8b2b6a005cd'})
[2025-06-02 23:20:08] Récupération des données de vote pour Guru of The Week (URL: guru-of-the-week36, HEADER:{'User-Agent': 'Mozilla/5.0 (X11; Linux i686; rv:39.0) Gecko/20100101 Firefox/39.0', 'x-api-version': '8', 'x-env': 'WEB', 'X-requested-with': 'XMLHttpRequest', 'X-token': 'f96bbe3a7e7f833329e7129767a69abbfa6dfce3152e3c2a311eb49d89b5c3bb2b12b66b402f03dce682b8b2b6a005cd'})
[2025-06-02 23:20:08] Récupération des données de vote pour Guru of The Week (URL: guru-of-the-week36, HEADER:{'User-Agent': 'Mozilla/5.0 (X11; Linux i686; rv:39.0) Gecko/20100101 Firefox/39.0', 'x-api-version': '8', 'x-env': 'WEB', 'X-requested-with': 'XMLHttpRequest', 'X-token': 'f96bbe3a7e7f833329e7129767a69abbfa6dfce3152e3c2a311eb49d89b5c3bb2b12b66b402f03dce682b8b2b6a005cd'})
[2025-06-02 23:20:08] Récupération des données de vote pour Guru of The Week (URL: guru-of-the-week36, HEADER:{'User-Agent': 'Mozilla/5.0 (X11; Linux i686; rv:39.0) Gecko/20100101 Firefox/39.0', 'x-api-version': '8', 'x-env': 'WEB', 'X-requested-with': 'XMLHttpRequest', 'X-token': 'f96bbe3a7e7f833329e7129767a69abbfa6dfce3152e3c2a311eb49d89b5c3bb2b12b66b402f03dce682b8b2b6a005cd'})
[2025-06-02 23:20:08] Récupération des données de vote pour Guru of The Week (URL: guru-of-the-week36, HEADER:{'User-Agent': 'Mozilla/5.0 (X11; Linux i686; rv:39.0) Gecko/20100101 Firefox/39.0', 'x-api-version': '8', 'x-env': 'WEB', 'X-requested-with': 'XMLHttpRequest', 'X-token': 'f96bbe3a7e7f833329e7129767a69abbfa6dfce3152e3c2a311eb49d89b5c3bb2b12b66b402f03dce682b8b2b6a005cd'})
[2025-06-02 23:20:08] Récupération des données de vote pour Guru of The Week (URL: guru-of-the-week36, HEADER:{'User-Agent': 'Mozilla/5.0 (X11; Linux i686; rv:39.0) Gecko/20100101 Firefox/39.0', 'x-api-version': '8', 'x-env': 'WEB', 'X-requested-with': 'XMLHttpRequest', 'X-token': 'f96bbe3a7e7f833329e7129767a69abbfa6dfce3152e3c2a311eb49d89b5c3bb2b12b66b402f03dce682b8b2b6a005cd'})
[2025-06-02 23:20:09] Récupération réussie: 200 images pour Guru of The Week
[2025-06-02 23:20:09] Voting fetching ...
[2025-06-02 23:20:09] Guru of The Week voting 10 images
[2025-06-02 23:20:09] Récupération réussie: 200 images pour Guru of The Week
[2025-06-02 23:20:09] Voting fetching ...
[2025-06-02 23:20:09] Guru of The Week voting 10 images
[2025-06-02 23:20:10] Récupération réussie: 200 images pour Guru of The Week
[2025-06-02 23:20:10] Voting fetching ...
[2025-06-02 23:20:10] Guru of The Week voting 10 images
[2025-06-02 23:20:10] Récupération réussie: 200 images pour Guru of The Week
[2025-06-02 23:20:10] Voting fetching ...
[2025-06-02 23:20:10] Guru of The Week voting 10 images
[2025-06-02 23:20:10] Récupération réussie: 200 images pour Guru of The Week
[2025-06-02 23:20:10] Voting fetching ...
[2025-06-02 23:20:10] Guru of The Week voting 10 images
[2025-06-02 23:20:10] Récupération réussie: 200 images pour Guru of The Week
[2025-06-02 23:20:10] Voting fetching ...
[2025-06-02 23:20:10] Guru of The Week voting 10 images
[2025-06-02 23:20:10] Récupération réussie: 200 images pour Guru of The Week
[2025-06-02 23:20:10] Voting fetching ...
[2025-06-02 23:20:10] Guru of The Week voting 10 images
[2025-06-02 23:20:11] Guru of The Week voted successfully
[2025-06-02 23:20:13] Guru of The Week voted successfully
[2025-06-02 23:20:15] Guru of The Week voted successfully
[2025-06-02 23:20:17] Guru of The Week voted successfully
[2025-06-02 23:20:19] Guru of The Week voted successfully
[2025-06-02 23:20:21] Guru of The Week voted successfully
[2025-06-02 23:20:23] Guru of The Week voted successfully
[2025-06-02 23:20:27] Challenges fetching ...
[2025-06-02 23:20:27] Challenges fetched successfully for pascale!
[2025-06-02 23:20:27] Challenges fetching ...
[2025-06-02 23:20:27] Challenges fetched successfully for pascale!
[2025-06-02 23:20:27] Challenges fetching ...
[2025-06-02 23:20:27] Challenges fetched successfully for pascale!
[2025-06-02 23:20:27] Challenges fetching ...
[2025-06-02 23:20:27] Challenges fetched successfully for pascale!
[2025-06-02 23:20:27] Challenges fetching ...
[2025-06-02 23:20:27] Challenges fetched successfully for pascale!
[2025-06-02 23:20:27] Challenges fetching ...
[2025-06-02 23:20:27] Challenges fetched successfully for pascale!
[2025-06-02 23:20:27] Challenges fetching ...
[2025-06-02 23:20:27] Challenges fetched successfully for pascale!
[2025-06-02 23:20:41] Healthy Living get vote panel
[2025-06-02 23:21:02] Filling challenges: {100650}
Filled Healthy Living with strategy end4

[2025-06-02 23:21:02] Récupération des données de vote pour Healthy Living (URL: healthy-living, HEADER:{'User-Agent': 'Mozilla/5.0 (X11; Linux i686; rv:39.0) Gecko/20100101 Firefox/39.0', 'x-api-version': '8', 'x-env': 'WEB', 'X-requested-with': 'XMLHttpRequest', 'X-token': 'f96bbe3a7e7f833329e7129767a69abbfa6dfce3152e3c2a311eb49d89b5c3bb2b12b66b402f03dce682b8b2b6a005cd'})
[2025-06-02 23:21:02] Récupération des données de vote pour Healthy Living (URL: healthy-living, HEADER:{'User-Agent': 'Mozilla/5.0 (X11; Linux i686; rv:39.0) Gecko/20100101 Firefox/39.0', 'x-api-version': '8', 'x-env': 'WEB', 'X-requested-with': 'XMLHttpRequest', 'X-token': 'f96bbe3a7e7f833329e7129767a69abbfa6dfce3152e3c2a311eb49d89b5c3bb2b12b66b402f03dce682b8b2b6a005cd'})
[2025-06-02 23:21:02] Récupération des données de vote pour Healthy Living (URL: healthy-living, HEADER:{'User-Agent': 'Mozilla/5.0 (X11; Linux i686; rv:39.0) Gecko/20100101 Firefox/39.0', 'x-api-version': '8', 'x-env': 'WEB', 'X-requested-with': 'XMLHttpRequest', 'X-token': 'f96bbe3a7e7f833329e7129767a69abbfa6dfce3152e3c2a311eb49d89b5c3bb2b12b66b402f03dce682b8b2b6a005cd'})
[2025-06-02 23:21:02] Récupération des données de vote pour Healthy Living (URL: healthy-living, HEADER:{'User-Agent': 'Mozilla/5.0 (X11; Linux i686; rv:39.0) Gecko/20100101 Firefox/39.0', 'x-api-version': '8', 'x-env': 'WEB', 'X-requested-with': 'XMLHttpRequest', 'X-token': 'f96bbe3a7e7f833329e7129767a69abbfa6dfce3152e3c2a311eb49d89b5c3bb2b12b66b402f03dce682b8b2b6a005cd'})
[2025-06-02 23:21:02] Récupération des données de vote pour Healthy Living (URL: healthy-living, HEADER:{'User-Agent': 'Mozilla/5.0 (X11; Linux i686; rv:39.0) Gecko/20100101 Firefox/39.0', 'x-api-version': '8', 'x-env': 'WEB', 'X-requested-with': 'XMLHttpRequest', 'X-token': 'f96bbe3a7e7f833329e7129767a69abbfa6dfce3152e3c2a311eb49d89b5c3bb2b12b66b402f03dce682b8b2b6a005cd'})
[2025-06-02 23:21:02] Récupération des données de vote pour Healthy Living (URL: healthy-living, HEADER:{'User-Agent': 'Mozilla/5.0 (X11; Linux i686; rv:39.0) Gecko/20100101 Firefox/39.0', 'x-api-version': '8', 'x-env': 'WEB', 'X-requested-with': 'XMLHttpRequest', 'X-token': 'f96bbe3a7e7f833329e7129767a69abbfa6dfce3152e3c2a311eb49d89b5c3bb2b12b66b402f03dce682b8b2b6a005cd'})
[2025-06-02 23:21:02] Récupération des données de vote pour Healthy Living (URL: healthy-living, HEADER:{'User-Agent': 'Mozilla/5.0 (X11; Linux i686; rv:39.0) Gecko/20100101 Firefox/39.0', 'x-api-version': '8', 'x-env': 'WEB', 'X-requested-with': 'XMLHttpRequest', 'X-token': 'f96bbe3a7e7f833329e7129767a69abbfa6dfce3152e3c2a311eb49d89b5c3bb2b12b66b402f03dce682b8b2b6a005cd'})
[2025-06-02 23:21:04] Récupération réussie: 200 images pour Healthy Living
[2025-06-02 23:21:04] Voting fetching ...
[2025-06-02 23:21:04] Healthy Living voting 10 images
[2025-06-02 23:21:04] Récupération réussie: 200 images pour Healthy Living
[2025-06-02 23:21:04] Voting fetching ...
[2025-06-02 23:21:04] Healthy Living voting 10 images
[2025-06-02 23:21:04] Récupération réussie: 200 images pour Healthy Living
[2025-06-02 23:21:04] Voting fetching ...
[2025-06-02 23:21:04] Healthy Living voting 10 images
[2025-06-02 23:21:04] Récupération réussie: 200 images pour Healthy Living
[2025-06-02 23:21:04] Voting fetching ...
[2025-06-02 23:21:04] Healthy Living voting 10 images
[2025-06-02 23:21:04] Récupération réussie: 200 images pour Healthy Living
[2025-06-02 23:21:04] Voting fetching ...
[2025-06-02 23:21:04] Healthy Living voting 10 images
[2025-06-02 23:21:04] Récupération réussie: 200 images pour Healthy Living
[2025-06-02 23:21:04] Voting fetching ...
[2025-06-02 23:21:04] Healthy Living voting 10 images
[2025-06-02 23:21:04] Récupération réussie: 200 images pour Healthy Living
[2025-06-02 23:21:04] Voting fetching ...
[2025-06-02 23:21:04] Healthy Living voting 10 images
[2025-06-02 23:21:05] Healthy Living voted successfully
[2025-06-02 23:21:07] Healthy Living voted successfully
[2025-06-02 23:21:09] Healthy Living voted successfully
[2025-06-02 23:21:11] Healthy Living voted successfully
[2025-06-02 23:21:13] Healthy Living voted successfully
[2025-06-02 23:21:15] Healthy Living voted successfully
[2025-06-02 23:21:17] Healthy Living voted successfully
[2025-06-02 23:21:21] Challenges fetching ...
[2025-06-02 23:21:21] Challenges fetched successfully for pascale!
[2025-06-02 23:21:21] Challenges fetching ...
[2025-06-02 23:21:21] Challenges fetched successfully for pascale!
[2025-06-02 23:21:21] Challenges fetching ...
[2025-06-02 23:21:21] Challenges fetched successfully for pascale!
[2025-06-02 23:21:21] Challenges fetching ...
[2025-06-02 23:21:21] Challenges fetched successfully for pascale!
[2025-06-02 23:21:21] Challenges fetching ...
[2025-06-02 23:21:21] Challenges fetched successfully for pascale!
[2025-06-02 23:21:21] Challenges fetching ...
[2025-06-02 23:21:21] Challenges fetched successfully for pascale!
[2025-06-02 23:21:21] Challenges fetching ...
[2025-06-02 23:21:21] Challenges fetched successfully for pascale!
[2025-06-02 23:21:47] Still Life get vote panel
[2025-06-02 23:22:08] Filling challenges: {101466}
Filled Still Life with strategy end4

[2025-06-02 23:22:08] Récupération des données de vote pour Still Life (URL: still-life5, HEADER:{'User-Agent': 'Mozilla/5.0 (X11; Linux i686; rv:39.0) Gecko/20100101 Firefox/39.0', 'x-api-version': '8', 'x-env': 'WEB', 'X-requested-with': 'XMLHttpRequest', 'X-token': 'f96bbe3a7e7f833329e7129767a69abbfa6dfce3152e3c2a311eb49d89b5c3bb2b12b66b402f03dce682b8b2b6a005cd'})
[2025-06-02 23:22:08] Récupération des données de vote pour Still Life (URL: still-life5, HEADER:{'User-Agent': 'Mozilla/5.0 (X11; Linux i686; rv:39.0) Gecko/20100101 Firefox/39.0', 'x-api-version': '8', 'x-env': 'WEB', 'X-requested-with': 'XMLHttpRequest', 'X-token': 'f96bbe3a7e7f833329e7129767a69abbfa6dfce3152e3c2a311eb49d89b5c3bb2b12b66b402f03dce682b8b2b6a005cd'})
[2025-06-02 23:22:08] Récupération des données de vote pour Still Life (URL: still-life5, HEADER:{'User-Agent': 'Mozilla/5.0 (X11; Linux i686; rv:39.0) Gecko/20100101 Firefox/39.0', 'x-api-version': '8', 'x-env': 'WEB', 'X-requested-with': 'XMLHttpRequest', 'X-token': 'f96bbe3a7e7f833329e7129767a69abbfa6dfce3152e3c2a311eb49d89b5c3bb2b12b66b402f03dce682b8b2b6a005cd'})
[2025-06-02 23:22:08] Récupération des données de vote pour Still Life (URL: still-life5, HEADER:{'User-Agent': 'Mozilla/5.0 (X11; Linux i686; rv:39.0) Gecko/20100101 Firefox/39.0', 'x-api-version': '8', 'x-env': 'WEB', 'X-requested-with': 'XMLHttpRequest', 'X-token': 'f96bbe3a7e7f833329e7129767a69abbfa6dfce3152e3c2a311eb49d89b5c3bb2b12b66b402f03dce682b8b2b6a005cd'})
[2025-06-02 23:22:08] Récupération des données de vote pour Still Life (URL: still-life5, HEADER:{'User-Agent': 'Mozilla/5.0 (X11; Linux i686; rv:39.0) Gecko/20100101 Firefox/39.0', 'x-api-version': '8', 'x-env': 'WEB', 'X-requested-with': 'XMLHttpRequest', 'X-token': 'f96bbe3a7e7f833329e7129767a69abbfa6dfce3152e3c2a311eb49d89b5c3bb2b12b66b402f03dce682b8b2b6a005cd'})
[2025-06-02 23:22:08] Récupération des données de vote pour Still Life (URL: still-life5, HEADER:{'User-Agent': 'Mozilla/5.0 (X11; Linux i686; rv:39.0) Gecko/20100101 Firefox/39.0', 'x-api-version': '8', 'x-env': 'WEB', 'X-requested-with': 'XMLHttpRequest', 'X-token': 'f96bbe3a7e7f833329e7129767a69abbfa6dfce3152e3c2a311eb49d89b5c3bb2b12b66b402f03dce682b8b2b6a005cd'})
[2025-06-02 23:22:08] Récupération des données de vote pour Still Life (URL: still-life5, HEADER:{'User-Agent': 'Mozilla/5.0 (X11; Linux i686; rv:39.0) Gecko/20100101 Firefox/39.0', 'x-api-version': '8', 'x-env': 'WEB', 'X-requested-with': 'XMLHttpRequest', 'X-token': 'f96bbe3a7e7f833329e7129767a69abbfa6dfce3152e3c2a311eb49d89b5c3bb2b12b66b402f03dce682b8b2b6a005cd'})
[2025-06-02 23:22:10] Récupération réussie: 200 images pour Still Life
[2025-06-02 23:22:10] Voting fetching ...
[2025-06-02 23:22:10] Still Life voting 10 images
[2025-06-02 23:22:10] Récupération réussie: 200 images pour Still Life
[2025-06-02 23:22:10] Voting fetching ...
[2025-06-02 23:22:10] Still Life voting 10 images
[2025-06-02 23:22:10] Récupération réussie: 200 images pour Still Life
[2025-06-02 23:22:10] Voting fetching ...
[2025-06-02 23:22:10] Still Life voting 10 images
[2025-06-02 23:22:10] Récupération réussie: 200 images pour Still Life
[2025-06-02 23:22:10] Voting fetching ...
[2025-06-02 23:22:10] Still Life voting 10 images
[2025-06-02 23:22:10] Récupération réussie: 200 images pour Still Life
[2025-06-02 23:22:10] Voting fetching ...
[2025-06-02 23:22:10] Still Life voting 10 images
[2025-06-02 23:22:10] Récupération réussie: 200 images pour Still Life
[2025-06-02 23:22:10] Voting fetching ...
[2025-06-02 23:22:10] Still Life voting 10 images
[2025-06-02 23:22:10] Récupération réussie: 200 images pour Still Life
[2025-06-02 23:22:10] Voting fetching ...
[2025-06-02 23:22:10] Still Life voting 10 images
[2025-06-02 23:22:11] Still Life voted successfully
[2025-06-02 23:22:13] Still Life voted successfully
[2025-06-02 23:22:15] Still Life voted successfully
[2025-06-02 23:22:17] Still Life voted successfully
[2025-06-02 23:22:19] Still Life voted successfully
[2025-06-02 23:22:21] Still Life voted successfully
[2025-06-02 23:22:23] Still Life voted successfully
[2025-06-02 23:22:27] Challenges fetching ...
[2025-06-02 23:22:27] Challenges fetched successfully for pascale!
[2025-06-02 23:22:27] Challenges fetching ...
[2025-06-02 23:22:27] Challenges fetched successfully for pascale!
[2025-06-02 23:22:27] Challenges fetching ...
[2025-06-02 23:22:27] Challenges fetched successfully for pascale!
[2025-06-02 23:22:27] Challenges fetching ...
[2025-06-02 23:22:27] Challenges fetched successfully for pascale!
[2025-06-02 23:22:27] Challenges fetching ...
[2025-06-02 23:22:27] Challenges fetched successfully for pascale!
[2025-06-02 23:22:27] Challenges fetching ...
[2025-06-02 23:22:27] Challenges fetched successfully for pascale!
[2025-06-02 23:22:28] Challenges fetching ...
[2025-06-02 23:22:28] Challenges fetched successfully for pascale!
[2025-06-02 23:23:27] Refreshing challenges...
[2025-06-02 23:23:27] Fetching challenges...
[2025-06-02 23:23:29] Challenges fetching ...
[2025-06-02 23:23:29] Challenges fetched successfully for pascale!
[2025-06-02 23:23:35] Best of Black & White get vote panel
[2025-06-02 23:23:56] Filling challenges: {101222}
Filled Best of Black & White with strategy end4

[2025-06-02 23:23:56] Récupération des données de vote pour Best of Black & White (URL: best-of-black-white29, HEADER:{'User-Agent': 'Mozilla/5.0 (X11; Linux i686; rv:39.0) Gecko/20100101 Firefox/39.0', 'x-api-version': '8', 'x-env': 'WEB', 'X-requested-with': 'XMLHttpRequest', 'X-token': 'f96bbe3a7e7f833329e7129767a69abbfa6dfce3152e3c2a311eb49d89b5c3bb2b12b66b402f03dce682b8b2b6a005cd'})
[2025-06-02 23:23:56] Récupération des données de vote pour Best of Black & White (URL: best-of-black-white29, HEADER:{'User-Agent': 'Mozilla/5.0 (X11; Linux i686; rv:39.0) Gecko/20100101 Firefox/39.0', 'x-api-version': '8', 'x-env': 'WEB', 'X-requested-with': 'XMLHttpRequest', 'X-token': 'f96bbe3a7e7f833329e7129767a69abbfa6dfce3152e3c2a311eb49d89b5c3bb2b12b66b402f03dce682b8b2b6a005cd'})
[2025-06-02 23:23:56] Récupération des données de vote pour Best of Black & White (URL: best-of-black-white29, HEADER:{'User-Agent': 'Mozilla/5.0 (X11; Linux i686; rv:39.0) Gecko/20100101 Firefox/39.0', 'x-api-version': '8', 'x-env': 'WEB', 'X-requested-with': 'XMLHttpRequest', 'X-token': 'f96bbe3a7e7f833329e7129767a69abbfa6dfce3152e3c2a311eb49d89b5c3bb2b12b66b402f03dce682b8b2b6a005cd'})
[2025-06-02 23:23:56] Récupération des données de vote pour Best of Black & White (URL: best-of-black-white29, HEADER:{'User-Agent': 'Mozilla/5.0 (X11; Linux i686; rv:39.0) Gecko/20100101 Firefox/39.0', 'x-api-version': '8', 'x-env': 'WEB', 'X-requested-with': 'XMLHttpRequest', 'X-token': 'f96bbe3a7e7f833329e7129767a69abbfa6dfce3152e3c2a311eb49d89b5c3bb2b12b66b402f03dce682b8b2b6a005cd'})
[2025-06-02 23:23:56] Récupération des données de vote pour Best of Black & White (URL: best-of-black-white29, HEADER:{'User-Agent': 'Mozilla/5.0 (X11; Linux i686; rv:39.0) Gecko/20100101 Firefox/39.0', 'x-api-version': '8', 'x-env': 'WEB', 'X-requested-with': 'XMLHttpRequest', 'X-token': 'f96bbe3a7e7f833329e7129767a69abbfa6dfce3152e3c2a311eb49d89b5c3bb2b12b66b402f03dce682b8b2b6a005cd'})
[2025-06-02 23:23:56] Récupération des données de vote pour Best of Black & White (URL: best-of-black-white29, HEADER:{'User-Agent': 'Mozilla/5.0 (X11; Linux i686; rv:39.0) Gecko/20100101 Firefox/39.0', 'x-api-version': '8', 'x-env': 'WEB', 'X-requested-with': 'XMLHttpRequest', 'X-token': 'f96bbe3a7e7f833329e7129767a69abbfa6dfce3152e3c2a311eb49d89b5c3bb2b12b66b402f03dce682b8b2b6a005cd'})
[2025-06-02 23:23:56] Récupération des données de vote pour Best of Black & White (URL: best-of-black-white29, HEADER:{'User-Agent': 'Mozilla/5.0 (X11; Linux i686; rv:39.0) Gecko/20100101 Firefox/39.0', 'x-api-version': '8', 'x-env': 'WEB', 'X-requested-with': 'XMLHttpRequest', 'X-token': 'f96bbe3a7e7f833329e7129767a69abbfa6dfce3152e3c2a311eb49d89b5c3bb2b12b66b402f03dce682b8b2b6a005cd'})
[2025-06-02 23:23:57] Récupération réussie: 200 images pour Best of Black & White
[2025-06-02 23:23:57] Voting fetching ...
[2025-06-02 23:23:57] Best of Black & White voting 10 images
[2025-06-02 23:23:57] Récupération réussie: 200 images pour Best of Black & White
[2025-06-02 23:23:57] Voting fetching ...
[2025-06-02 23:23:57] Best of Black & White voting 10 images
[2025-06-02 23:23:57] Récupération réussie: 200 images pour Best of Black & White
[2025-06-02 23:23:57] Voting fetching ...
[2025-06-02 23:23:57] Best of Black & White voting 10 images
[2025-06-02 23:23:57] Récupération réussie: 200 images pour Best of Black & White
[2025-06-02 23:23:57] Voting fetching ...
[2025-06-02 23:23:57] Best of Black & White voting 10 images
[2025-06-02 23:23:57] Récupération réussie: 200 images pour Best of Black & White
[2025-06-02 23:23:57] Voting fetching ...
[2025-06-02 23:23:57] Best of Black & White voting 10 images
[2025-06-02 23:23:57] Récupération réussie: 200 images pour Best of Black & White
[2025-06-02 23:23:57] Voting fetching ...
[2025-06-02 23:23:57] Best of Black & White voting 10 images
[2025-06-02 23:23:57] Récupération réussie: 200 images pour Best of Black & White
[2025-06-02 23:23:57] Voting fetching ...
[2025-06-02 23:23:57] Best of Black & White voting 10 images
[2025-06-02 23:23:58] Best of Black & White voted successfully
[2025-06-02 23:24:00] Best of Black & White voted successfully
[2025-06-02 23:24:02] Best of Black & White voted successfully
[2025-06-02 23:24:04] Best of Black & White voted successfully
[2025-06-02 23:24:06] Best of Black & White voted successfully
[2025-06-02 23:24:08] Best of Black & White voted successfully
[2025-06-02 23:24:10] Best of Black & White voted successfully
[2025-06-02 23:24:14] Challenges fetching ...
[2025-06-02 23:24:14] Challenges fetched successfully for pascale!
[2025-06-02 23:24:14] Challenges fetching ...
[2025-06-02 23:24:14] Challenges fetched successfully for pascale!
[2025-06-02 23:24:14] Challenges fetching ...
[2025-06-02 23:24:14] Challenges fetched successfully for pascale!
[2025-06-02 23:24:14] Challenges fetching ...
[2025-06-02 23:24:14] Challenges fetched successfully for pascale!
[2025-06-02 23:24:14] Challenges fetching ...
[2025-06-02 23:24:14] Challenges fetched successfully for pascale!
[2025-06-02 23:24:14] Challenges fetching ...
[2025-06-02 23:24:15] Challenges fetched successfully for pascale!
[2025-06-02 23:24:15] Challenges fetching ...
[2025-06-02 23:24:15] Challenges fetched successfully for pascale!
