[2025-06-07 09:36:26] Désélection de tous les challenges

[2025-06-07 09:36:27] Refreshing challenges...
[2025-06-07 09:36:27] Fetching challenges...
[2025-06-07 09:36:28] Challenges fetching ...
[2025-06-07 09:36:28] Challenges fetched successfully for bruno!
[2025-06-07 09:36:34] Refreshing challenges...
[2025-06-07 09:36:34] Fetching challenges...
[2025-06-07 09:36:35] Challenges fetching ...
[2025-06-07 09:36:35] Challenges fetched successfully for bruno!
[2025-06-07 09:36:35] Challenge non trouvé: ultimate-exposure80
[2025-06-07 09:36:35] Challenge non trouvé: dramatic-lighting11
[2025-06-07 09:36:35] Challenge non trouvé: fields-and-meadows44
[2025-06-07 09:36:35] Processus mis à jour pour bruno: ultimate-exposure80-vote-20-left-0H:1M - executing
[2025-06-07 09:36:35] Objet challenge créé pour le thread de profil bruno: ultimate-exposure80
[2025-06-07 09:36:35] Processus mis à jour pour bruno: dramatic-lighting11-vote-20-left-0H:1M - executing
[2025-06-07 09:36:35] Traitement de vote pour Challenge ultimate-exposure80
[2025-06-07 09:36:35] Objet challenge créé pour le thread de profil bruno: dramatic-lighting11
[2025-06-07 09:36:35] Challenge ultimate-exposure80 get vote panel
[2025-06-07 09:36:35] Processus mis à jour pour bruno: fields-and-meadows44-vote-20-left-0H:2M - executing
[2025-06-07 09:36:35] Processus associé: ultimate-exposure80-vote-20-left-0H:1M
[2025-06-07 09:36:35] Traitement de vote pour Challenge dramatic-lighting11
[2025-06-07 09:36:35] Objet challenge créé pour le thread de profil bruno: fields-and-meadows44
[2025-06-07 09:36:35] Challenge non trouvé: ultimate-exposure80
[2025-06-07 09:36:35] Challenge non trouvé: best-of-black-white29
[2025-06-07 09:36:35] Traitement de vote pour Challenge fields-and-meadows44
[2025-06-07 09:36:35] Récupération des données de vote pour Challenge ultimate-exposure80 (URL: ultimate-exposure80, HEADER:{'User-Agent': 'Mozilla/5.0 (X11; Linux i686; rv:39.0) Gecko/20100101 Firefox/39.0', 'x-api-version': '8', 'x-env': 'WEB', 'X-requested-with': 'XMLHttpRequest', 'X-token': 'a1cad95a6d480c14f51dd0eba4914c8337b893c789ec6278bb440c7c9a673b162f042470c62684e6da2bd342ffea7777'})
[2025-06-07 09:36:35] Challenge dramatic-lighting11 get vote panel
[2025-06-07 09:36:35] Processus mis à jour pour bruno: ultimate-exposure80-vote-20-left-0H:3M - executing
[2025-06-07 09:36:35] Processus associé: dramatic-lighting11-vote-20-left-0H:1M
[2025-06-07 09:36:35] Objet challenge créé pour le thread de profil bruno: ultimate-exposure80
[2025-06-07 09:36:35] Processus mis à jour pour bruno: best-of-black-white29-vote-20-left-0H:3M - executing
[2025-06-07 09:36:35] Challenge non trouvé: photo-of-the-week-299
[2025-06-07 09:36:35] Challenge fields-and-meadows44 get vote panel
[2025-06-07 09:36:35] Objet challenge créé pour le thread de profil bruno: best-of-black-white29
[2025-06-07 09:36:35] Traitement de vote pour Challenge ultimate-exposure80
[2025-06-07 09:36:35] Processus associé: fields-and-meadows44-vote-20-left-0H:2M
[2025-06-07 09:36:35] Traitement de vote pour Challenge best-of-black-white29
[2025-06-07 09:36:35] Processus mis à jour pour bruno: photo-of-the-week-299-vote-70-left-0H:4M - executing
[2025-06-07 09:36:35] Récupération des données de vote pour Challenge dramatic-lighting11 (URL: dramatic-lighting11, HEADER:{'User-Agent': 'Mozilla/5.0 (X11; Linux i686; rv:39.0) Gecko/20100101 Firefox/39.0', 'x-api-version': '8', 'x-env': 'WEB', 'X-requested-with': 'XMLHttpRequest', 'X-token': 'a1cad95a6d480c14f51dd0eba4914c8337b893c789ec6278bb440c7c9a673b162f042470c62684e6da2bd342ffea7777'})
[2025-06-07 09:36:35] Objet challenge créé pour le thread de profil bruno: photo-of-the-week-299
[2025-06-07 09:36:35] Traitement de vote pour Challenge photo-of-the-week-299
[2025-06-07 09:36:35] Récupération des données de vote pour Challenge fields-and-meadows44 (URL: fields-and-meadows44, HEADER:{'User-Agent': 'Mozilla/5.0 (X11; Linux i686; rv:39.0) Gecko/20100101 Firefox/39.0', 'x-api-version': '8', 'x-env': 'WEB', 'X-requested-with': 'XMLHttpRequest', 'X-token': 'a1cad95a6d480c14f51dd0eba4914c8337b893c789ec6278bb440c7c9a673b162f042470c62684e6da2bd342ffea7777'})
[2025-06-07 09:36:35] Challenge ultimate-exposure80 get vote panel
[2025-06-07 09:36:35] Challenge non trouvé: best-of-black-white29
[2025-06-07 09:36:35] Challenge non trouvé: still-life5
[2025-06-07 09:36:35] Challenge non trouvé: dramatic-lighting11
[2025-06-07 09:36:35] Processus associé: ultimate-exposure80-vote-20-left-0H:3M
[2025-06-07 09:36:35] Challenge non trouvé: best-of-black-white29
[2025-06-07 09:36:35] Challenge non trouvé: photo-of-the-week-299
[2025-06-07 09:36:35] Processus mis à jour pour bruno: best-of-black-white29-vote-70-left-0H:4M - executing
[2025-06-07 09:36:35] Challenge best-of-black-white29 get vote panel
[2025-06-07 09:36:35] Processus associé: best-of-black-white29-vote-20-left-0H:3M
[2025-06-07 09:36:35] Objet challenge créé pour le thread de profil bruno: best-of-black-white29
[2025-06-07 09:36:35] Traitement de vote pour Challenge best-of-black-white29
[2025-06-07 09:36:35] Processus mis à jour pour bruno: still-life5-vote-20-left-0H:2M - executing
[2025-06-07 09:36:35] Processus mis à jour pour bruno: best-of-black-white29-vote-20-left-0H:2M - executing
[2025-06-07 09:36:35] Objet challenge créé pour le thread de profil bruno: still-life5
[2025-06-07 09:36:35] Challenge photo-of-the-week-299 get vote panel
[2025-06-07 09:36:35] Processus mis à jour pour bruno: dramatic-lighting11-vote-70-left-0H:4M - executing
[2025-06-07 09:36:35] Objet challenge créé pour le thread de profil bruno: best-of-black-white29
[2025-06-07 09:36:35] Processus associé: photo-of-the-week-299-vote-70-left-0H:4M
[2025-06-07 09:36:35] Traitement de vote pour Challenge still-life5
[2025-06-07 09:36:35] Objet challenge créé pour le thread de profil bruno: dramatic-lighting11
[2025-06-07 09:36:35] Traitement de vote pour Challenge best-of-black-white29
[2025-06-07 09:36:35] Processus mis à jour pour bruno: photo-of-the-week-299-vote-20-left-0H:2M - executing
[2025-06-07 09:36:35] Challenge best-of-black-white29 get vote panel
[2025-06-07 09:36:35] Objet challenge créé pour le thread de profil bruno: photo-of-the-week-299
[2025-06-07 09:36:35] Traitement de vote pour Challenge dramatic-lighting11
[2025-06-07 09:36:35] Processus associé: best-of-black-white29-vote-70-left-0H:4M
[2025-06-07 09:36:35] Traitement de vote pour Challenge photo-of-the-week-299
[2025-06-07 09:36:35] Challenge still-life5 get vote panel
[2025-06-07 09:36:35] Processus associé: still-life5-vote-20-left-0H:2M
[2025-06-07 09:36:35] Challenge best-of-black-white29 get vote panel
[2025-06-07 09:36:35] Processus associé: best-of-black-white29-vote-20-left-0H:2M
[2025-06-07 09:36:35] Challenge dramatic-lighting11 get vote panel
[2025-06-07 09:36:35] Processus associé: dramatic-lighting11-vote-70-left-0H:4M
[2025-06-07 09:36:35] Challenge non trouvé: dramatic-lighting11
[2025-06-07 09:36:35] Challenge non trouvé: the-7-sins
[2025-06-07 09:36:35] Challenge non trouvé: joyous-laughter
[2025-06-07 09:36:35] Récupération des données de vote pour Challenge ultimate-exposure80 (URL: ultimate-exposure80, HEADER:{'User-Agent': 'Mozilla/5.0 (X11; Linux i686; rv:39.0) Gecko/20100101 Firefox/39.0', 'x-api-version': '8', 'x-env': 'WEB', 'X-requested-with': 'XMLHttpRequest', 'X-token': 'a1cad95a6d480c14f51dd0eba4914c8337b893c789ec6278bb440c7c9a673b162f042470c62684e6da2bd342ffea7777'})
[2025-06-07 09:36:35] Processus mis à jour pour bruno: the-7-sins-vote-70-left-0H:4M - executing
[2025-06-07 09:36:35] Processus mis à jour pour bruno: dramatic-lighting11-vote-20-left-0H:3M - executing
[2025-06-07 09:36:35] Récupération des données de vote pour Challenge best-of-black-white29 (URL: best-of-black-white29, HEADER:{'User-Agent': 'Mozilla/5.0 (X11; Linux i686; rv:39.0) Gecko/20100101 Firefox/39.0', 'x-api-version': '8', 'x-env': 'WEB', 'X-requested-with': 'XMLHttpRequest', 'X-token': 'a1cad95a6d480c14f51dd0eba4914c8337b893c789ec6278bb440c7c9a673b162f042470c62684e6da2bd342ffea7777'})
[2025-06-07 09:36:35] Objet challenge créé pour le thread de profil bruno: the-7-sins
[2025-06-07 09:36:35] Récupération des données de vote pour Challenge photo-of-the-week-299 (URL: photo-of-the-week-299, HEADER:{'User-Agent': 'Mozilla/5.0 (X11; Linux i686; rv:39.0) Gecko/20100101 Firefox/39.0', 'x-api-version': '8', 'x-env': 'WEB', 'X-requested-with': 'XMLHttpRequest', 'X-token': 'a1cad95a6d480c14f51dd0eba4914c8337b893c789ec6278bb440c7c9a673b162f042470c62684e6da2bd342ffea7777'})
[2025-06-07 09:36:35] Objet challenge créé pour le thread de profil bruno: dramatic-lighting11
[2025-06-07 09:36:35] Challenge non trouvé: still-life5
[2025-06-07 09:36:35] Traitement de vote pour Challenge the-7-sins
[2025-06-07 09:36:35] Challenge non trouvé: the-7-sins
[2025-06-07 09:36:35] Processus mis à jour pour bruno: joyous-laughter-vote-20-left-0H:1M - executing
[2025-06-07 09:36:35] Récupération des données de vote pour Challenge best-of-black-white29 (URL: best-of-black-white29, HEADER:{'User-Agent': 'Mozilla/5.0 (X11; Linux i686; rv:39.0) Gecko/20100101 Firefox/39.0', 'x-api-version': '8', 'x-env': 'WEB', 'X-requested-with': 'XMLHttpRequest', 'X-token': 'a1cad95a6d480c14f51dd0eba4914c8337b893c789ec6278bb440c7c9a673b162f042470c62684e6da2bd342ffea7777'})
[2025-06-07 09:36:35] Objet challenge créé pour le thread de profil bruno: joyous-laughter
[2025-06-07 09:36:35] Traitement de vote pour Challenge dramatic-lighting11
[2025-06-07 09:36:35] Récupération des données de vote pour Challenge still-life5 (URL: still-life5, HEADER:{'User-Agent': 'Mozilla/5.0 (X11; Linux i686; rv:39.0) Gecko/20100101 Firefox/39.0', 'x-api-version': '8', 'x-env': 'WEB', 'X-requested-with': 'XMLHttpRequest', 'X-token': 'a1cad95a6d480c14f51dd0eba4914c8337b893c789ec6278bb440c7c9a673b162f042470c62684e6da2bd342ffea7777'})
[2025-06-07 09:36:35] Processus mis à jour pour bruno: still-life5-vote-70-left-0H:4M - executing
[2025-06-07 09:36:35] Traitement de vote pour Challenge joyous-laughter
[2025-06-07 09:36:35] Processus mis à jour pour bruno: the-7-sins-vote-20-left-0H:1M - executing
[2025-06-07 09:36:35] Récupération des données de vote pour Challenge best-of-black-white29 (URL: best-of-black-white29, HEADER:{'User-Agent': 'Mozilla/5.0 (X11; Linux i686; rv:39.0) Gecko/20100101 Firefox/39.0', 'x-api-version': '8', 'x-env': 'WEB', 'X-requested-with': 'XMLHttpRequest', 'X-token': 'a1cad95a6d480c14f51dd0eba4914c8337b893c789ec6278bb440c7c9a673b162f042470c62684e6da2bd342ffea7777'})
[2025-06-07 09:36:35] Objet challenge créé pour le thread de profil bruno: still-life5
[2025-06-07 09:36:35] Objet challenge créé pour le thread de profil bruno: the-7-sins
[2025-06-07 09:36:35] Récupération des données de vote pour Challenge dramatic-lighting11 (URL: dramatic-lighting11, HEADER:{'User-Agent': 'Mozilla/5.0 (X11; Linux i686; rv:39.0) Gecko/20100101 Firefox/39.0', 'x-api-version': '8', 'x-env': 'WEB', 'X-requested-with': 'XMLHttpRequest', 'X-token': 'a1cad95a6d480c14f51dd0eba4914c8337b893c789ec6278bb440c7c9a673b162f042470c62684e6da2bd342ffea7777'})
[2025-06-07 09:36:35] Traitement de vote pour Challenge still-life5
[2025-06-07 09:36:35] Traitement de vote pour Challenge the-7-sins
[2025-06-07 09:36:35] Challenge photo-of-the-week-299 get vote panel
[2025-06-07 09:36:35] Processus associé: photo-of-the-week-299-vote-20-left-0H:2M
[2025-06-07 09:36:35] Challenge the-7-sins get vote panel
[2025-06-07 09:36:35] Processus associé: the-7-sins-vote-70-left-0H:4M
[2025-06-07 09:36:35] Challenge dramatic-lighting11 get vote panel
[2025-06-07 09:36:35] Challenge non trouvé: the-letter-s-
[2025-06-07 09:36:35] Processus associé: dramatic-lighting11-vote-20-left-0H:3M
[2025-06-07 09:36:35] Challenge non trouvé: still-life5
[2025-06-07 09:36:35] Challenge joyous-laughter get vote panel
[2025-06-07 09:36:35] Processus mis à jour pour bruno: the-letter-s--vote-20-left-0H:3M - executing
[2025-06-07 09:36:35] Objet challenge créé pour le thread de profil bruno: the-letter-s-
[2025-06-07 09:36:35] Processus associé: joyous-laughter-vote-20-left-0H:1M
[2025-06-07 09:36:35] Traitement de vote pour Challenge the-letter-s-
[2025-06-07 09:36:35] Processus mis à jour pour bruno: still-life5-vote-20-left-0H:3M - executing
[2025-06-07 09:36:35] Objet challenge créé pour le thread de profil bruno: still-life5
[2025-06-07 09:36:35] Challenge non trouvé: fields-and-meadows44
[2025-06-07 09:36:35] Challenge non trouvé: best-of-black-white29
[2025-06-07 09:36:35] Traitement de vote pour Challenge still-life5
[2025-06-07 09:36:35] Récupération des données de vote pour Challenge photo-of-the-week-299 (URL: photo-of-the-week-299, HEADER:{'User-Agent': 'Mozilla/5.0 (X11; Linux i686; rv:39.0) Gecko/20100101 Firefox/39.0', 'x-api-version': '8', 'x-env': 'WEB', 'X-requested-with': 'XMLHttpRequest', 'X-token': 'a1cad95a6d480c14f51dd0eba4914c8337b893c789ec6278bb440c7c9a673b162f042470c62684e6da2bd342ffea7777'})
[2025-06-07 09:36:35] Processus mis à jour pour bruno: fields-and-meadows44-vote-70-left-0H:4M - executing
[2025-06-07 09:36:35] Récupération des données de vote pour Challenge the-7-sins (URL: the-7-sins, HEADER:{'User-Agent': 'Mozilla/5.0 (X11; Linux i686; rv:39.0) Gecko/20100101 Firefox/39.0', 'x-api-version': '8', 'x-env': 'WEB', 'X-requested-with': 'XMLHttpRequest', 'X-token': 'a1cad95a6d480c14f51dd0eba4914c8337b893c789ec6278bb440c7c9a673b162f042470c62684e6da2bd342ffea7777'})
[2025-06-07 09:36:35] Processus mis à jour pour bruno: best-of-black-white29-vote-20-left-0H:1M - executing
[2025-06-07 09:36:35] Objet challenge créé pour le thread de profil bruno: fields-and-meadows44
[2025-06-07 09:36:35] Objet challenge créé pour le thread de profil bruno: best-of-black-white29
[2025-06-07 09:36:35] Récupération des données de vote pour Challenge dramatic-lighting11 (URL: dramatic-lighting11, HEADER:{'User-Agent': 'Mozilla/5.0 (X11; Linux i686; rv:39.0) Gecko/20100101 Firefox/39.0', 'x-api-version': '8', 'x-env': 'WEB', 'X-requested-with': 'XMLHttpRequest', 'X-token': 'a1cad95a6d480c14f51dd0eba4914c8337b893c789ec6278bb440c7c9a673b162f042470c62684e6da2bd342ffea7777'})
[2025-06-07 09:36:35] Récupération des données de vote pour Challenge joyous-laughter (URL: joyous-laughter, HEADER:{'User-Agent': 'Mozilla/5.0 (X11; Linux i686; rv:39.0) Gecko/20100101 Firefox/39.0', 'x-api-version': '8', 'x-env': 'WEB', 'X-requested-with': 'XMLHttpRequest', 'X-token': 'a1cad95a6d480c14f51dd0eba4914c8337b893c789ec6278bb440c7c9a673b162f042470c62684e6da2bd342ffea7777'})
[2025-06-07 09:36:35] Traitement de vote pour Challenge best-of-black-white29
[2025-06-07 09:36:35] Traitement de vote pour Challenge fields-and-meadows44
[2025-06-07 09:36:35] Challenge still-life5 get vote panel
[2025-06-07 09:36:35] Processus associé: still-life5-vote-70-left-0H:4M
[2025-06-07 09:36:35] Challenge the-7-sins get vote panel
[2025-06-07 09:36:35] Processus associé: the-7-sins-vote-20-left-0H:1M
[2025-06-07 09:36:35] Challenge the-letter-s- get vote panel
[2025-06-07 09:36:35] Processus associé: the-letter-s--vote-20-left-0H:3M
[2025-06-07 09:36:35] Challenge still-life5 get vote panel
[2025-06-07 09:36:35] Processus associé: still-life5-vote-20-left-0H:3M
[2025-06-07 09:36:35] Challenge non trouvé: the-7-sins
[2025-06-07 09:36:35] Processus mis à jour pour bruno: the-7-sins-vote-20-left-0H:3M - executing
[2025-06-07 09:36:35] Objet challenge créé pour le thread de profil bruno: the-7-sins
[2025-06-07 09:36:35] Challenge best-of-black-white29 get vote panel
[2025-06-07 09:36:35] Traitement de vote pour Challenge the-7-sins
[2025-06-07 09:36:35] Processus associé: best-of-black-white29-vote-20-left-0H:1M
[2025-06-07 09:36:35] Challenge fields-and-meadows44 get vote panel
[2025-06-07 09:36:35] Processus associé: fields-and-meadows44-vote-70-left-0H:4M
[2025-06-07 09:36:35] Récupération des données de vote pour Challenge still-life5 (URL: still-life5, HEADER:{'User-Agent': 'Mozilla/5.0 (X11; Linux i686; rv:39.0) Gecko/20100101 Firefox/39.0', 'x-api-version': '8', 'x-env': 'WEB', 'X-requested-with': 'XMLHttpRequest', 'X-token': 'a1cad95a6d480c14f51dd0eba4914c8337b893c789ec6278bb440c7c9a673b162f042470c62684e6da2bd342ffea7777'})
[2025-06-07 09:36:35] Récupération des données de vote pour Challenge the-7-sins (URL: the-7-sins, HEADER:{'User-Agent': 'Mozilla/5.0 (X11; Linux i686; rv:39.0) Gecko/20100101 Firefox/39.0', 'x-api-version': '8', 'x-env': 'WEB', 'X-requested-with': 'XMLHttpRequest', 'X-token': 'a1cad95a6d480c14f51dd0eba4914c8337b893c789ec6278bb440c7c9a673b162f042470c62684e6da2bd342ffea7777'})
[2025-06-07 09:36:35] Récupération des données de vote pour Challenge the-letter-s- (URL: the-letter-s-, HEADER:{'User-Agent': 'Mozilla/5.0 (X11; Linux i686; rv:39.0) Gecko/20100101 Firefox/39.0', 'x-api-version': '8', 'x-env': 'WEB', 'X-requested-with': 'XMLHttpRequest', 'X-token': 'a1cad95a6d480c14f51dd0eba4914c8337b893c789ec6278bb440c7c9a673b162f042470c62684e6da2bd342ffea7777'})
[2025-06-07 09:36:35] Récupération des données de vote pour Challenge still-life5 (URL: still-life5, HEADER:{'User-Agent': 'Mozilla/5.0 (X11; Linux i686; rv:39.0) Gecko/20100101 Firefox/39.0', 'x-api-version': '8', 'x-env': 'WEB', 'X-requested-with': 'XMLHttpRequest', 'X-token': 'a1cad95a6d480c14f51dd0eba4914c8337b893c789ec6278bb440c7c9a673b162f042470c62684e6da2bd342ffea7777'})
[2025-06-07 09:36:35] Récupération des données de vote pour Challenge best-of-black-white29 (URL: best-of-black-white29, HEADER:{'User-Agent': 'Mozilla/5.0 (X11; Linux i686; rv:39.0) Gecko/20100101 Firefox/39.0', 'x-api-version': '8', 'x-env': 'WEB', 'X-requested-with': 'XMLHttpRequest', 'X-token': 'a1cad95a6d480c14f51dd0eba4914c8337b893c789ec6278bb440c7c9a673b162f042470c62684e6da2bd342ffea7777'})
[2025-06-07 09:36:35] Récupération des données de vote pour Challenge fields-and-meadows44 (URL: fields-and-meadows44, HEADER:{'User-Agent': 'Mozilla/5.0 (X11; Linux i686; rv:39.0) Gecko/20100101 Firefox/39.0', 'x-api-version': '8', 'x-env': 'WEB', 'X-requested-with': 'XMLHttpRequest', 'X-token': 'a1cad95a6d480c14f51dd0eba4914c8337b893c789ec6278bb440c7c9a673b162f042470c62684e6da2bd342ffea7777'})
[2025-06-07 09:36:35] Challenge non trouvé: bridges35
[2025-06-07 09:36:35] Challenge the-7-sins get vote panel
[2025-06-07 09:36:35] Processus associé: the-7-sins-vote-20-left-0H:3M
[2025-06-07 09:36:35] Processus mis à jour pour bruno: bridges35-vote-70-left-0H:4M - executing
[2025-06-07 09:36:35] Objet challenge créé pour le thread de profil bruno: bridges35
[2025-06-07 09:36:35] Traitement de vote pour Challenge bridges35
[2025-06-07 09:36:35] Récupération des données de vote pour Challenge the-7-sins (URL: the-7-sins, HEADER:{'User-Agent': 'Mozilla/5.0 (X11; Linux i686; rv:39.0) Gecko/20100101 Firefox/39.0', 'x-api-version': '8', 'x-env': 'WEB', 'X-requested-with': 'XMLHttpRequest', 'X-token': 'a1cad95a6d480c14f51dd0eba4914c8337b893c789ec6278bb440c7c9a673b162f042470c62684e6da2bd342ffea7777'})
[2025-06-07 09:36:35] Challenge bridges35 get vote panel
[2025-06-07 09:36:35] Processus associé: bridges35-vote-70-left-0H:4M
[2025-06-07 09:36:35] Récupération des données de vote pour Challenge bridges35 (URL: bridges35, HEADER:{'User-Agent': 'Mozilla/5.0 (X11; Linux i686; rv:39.0) Gecko/20100101 Firefox/39.0', 'x-api-version': '8', 'x-env': 'WEB', 'X-requested-with': 'XMLHttpRequest', 'X-token': 'a1cad95a6d480c14f51dd0eba4914c8337b893c789ec6278bb440c7c9a673b162f042470c62684e6da2bd342ffea7777'})
[2025-06-07 09:36:35] Challenge non trouvé: ultimate-exposure80
[2025-06-07 09:36:35] Processus mis à jour pour bruno: ultimate-exposure80-vote-20-left-0H:2M - executing
[2025-06-07 09:36:35] Objet challenge créé pour le thread de profil bruno: ultimate-exposure80
[2025-06-07 09:36:35] Traitement de vote pour Challenge ultimate-exposure80
[2025-06-07 09:36:35] Challenge ultimate-exposure80 get vote panel
[2025-06-07 09:36:35] Processus associé: ultimate-exposure80-vote-20-left-0H:2M
[2025-06-07 09:36:35] Récupération des données de vote pour Challenge ultimate-exposure80 (URL: ultimate-exposure80, HEADER:{'User-Agent': 'Mozilla/5.0 (X11; Linux i686; rv:39.0) Gecko/20100101 Firefox/39.0', 'x-api-version': '8', 'x-env': 'WEB', 'X-requested-with': 'XMLHttpRequest', 'X-token': 'a1cad95a6d480c14f51dd0eba4914c8337b893c789ec6278bb440c7c9a673b162f042470c62684e6da2bd342ffea7777'})
[2025-06-07 09:36:35] Challenge non trouvé: photo-of-the-week-299
[2025-06-07 09:36:35] Processus mis à jour pour bruno: photo-of-the-week-299-vote-20-left-0H:3M - executing
[2025-06-07 09:36:35] Objet challenge créé pour le thread de profil bruno: photo-of-the-week-299
[2025-06-07 09:36:35] Traitement de vote pour Challenge photo-of-the-week-299
[2025-06-07 09:36:35] Challenge photo-of-the-week-299 get vote panel
[2025-06-07 09:36:35] Processus associé: photo-of-the-week-299-vote-20-left-0H:3M
[2025-06-07 09:36:35] Challenge non trouvé: attractive-eyes
[2025-06-07 09:36:35] Processus mis à jour pour bruno: attractive-eyes-vote-20-left-0H:1M - executing
[2025-06-07 09:36:35] Objet challenge créé pour le thread de profil bruno: attractive-eyes
[2025-06-07 09:36:35] Traitement de vote pour Challenge attractive-eyes
[2025-06-07 09:36:35] Récupération des données de vote pour Challenge photo-of-the-week-299 (URL: photo-of-the-week-299, HEADER:{'User-Agent': 'Mozilla/5.0 (X11; Linux i686; rv:39.0) Gecko/20100101 Firefox/39.0', 'x-api-version': '8', 'x-env': 'WEB', 'X-requested-with': 'XMLHttpRequest', 'X-token': 'a1cad95a6d480c14f51dd0eba4914c8337b893c789ec6278bb440c7c9a673b162f042470c62684e6da2bd342ffea7777'})
[2025-06-07 09:36:35] Challenge attractive-eyes get vote panel
[2025-06-07 09:36:35] Processus associé: attractive-eyes-vote-20-left-0H:1M
[2025-06-07 09:36:35] Récupération des données de vote pour Challenge attractive-eyes (URL: attractive-eyes, HEADER:{'User-Agent': 'Mozilla/5.0 (X11; Linux i686; rv:39.0) Gecko/20100101 Firefox/39.0', 'x-api-version': '8', 'x-env': 'WEB', 'X-requested-with': 'XMLHttpRequest', 'X-token': 'a1cad95a6d480c14f51dd0eba4914c8337b893c789ec6278bb440c7c9a673b162f042470c62684e6da2bd342ffea7777'})
[2025-06-07 09:36:35] Challenge non trouvé: still-life5
[2025-06-07 09:36:35] Processus mis à jour pour bruno: still-life5-vote-20-left-0H:1M - executing
[2025-06-07 09:36:35] Objet challenge créé pour le thread de profil bruno: still-life5
[2025-06-07 09:36:35] Traitement de vote pour Challenge still-life5
[2025-06-07 09:36:35] Challenge still-life5 get vote panel
[2025-06-07 09:36:35] Processus associé: still-life5-vote-20-left-0H:1M
[2025-06-07 09:36:35] Récupération des données de vote pour Challenge still-life5 (URL: still-life5, HEADER:{'User-Agent': 'Mozilla/5.0 (X11; Linux i686; rv:39.0) Gecko/20100101 Firefox/39.0', 'x-api-version': '8', 'x-env': 'WEB', 'X-requested-with': 'XMLHttpRequest', 'X-token': 'a1cad95a6d480c14f51dd0eba4914c8337b893c789ec6278bb440c7c9a673b162f042470c62684e6da2bd342ffea7777'})
[2025-06-07 09:36:35] Challenge non trouvé: joyous-laughter
[2025-06-07 09:36:35] Processus mis à jour pour bruno: joyous-laughter-vote-20-left-0H:3M - executing
[2025-06-07 09:36:35] Objet challenge créé pour le thread de profil bruno: joyous-laughter
[2025-06-07 09:36:35] Traitement de vote pour Challenge joyous-laughter
[2025-06-07 09:36:35] Challenge joyous-laughter get vote panel
[2025-06-07 09:36:35] Processus associé: joyous-laughter-vote-20-left-0H:3M
[2025-06-07 09:36:35] Récupération des données de vote pour Challenge joyous-laughter (URL: joyous-laughter, HEADER:{'User-Agent': 'Mozilla/5.0 (X11; Linux i686; rv:39.0) Gecko/20100101 Firefox/39.0', 'x-api-version': '8', 'x-env': 'WEB', 'X-requested-with': 'XMLHttpRequest', 'X-token': 'a1cad95a6d480c14f51dd0eba4914c8337b893c789ec6278bb440c7c9a673b162f042470c62684e6da2bd342ffea7777'})
[2025-06-07 09:36:35] Challenge non trouvé: bridges35
[2025-06-07 09:36:35] Processus mis à jour pour bruno: bridges35-vote-20-left-0H:3M - executing
[2025-06-07 09:36:35] Objet challenge créé pour le thread de profil bruno: bridges35
[2025-06-07 09:36:35] Traitement de vote pour Challenge bridges35
[2025-06-07 09:36:35] Challenge bridges35 get vote panel
[2025-06-07 09:36:35] Processus associé: bridges35-vote-20-left-0H:3M
[2025-06-07 09:36:35] Récupération des données de vote pour Challenge bridges35 (URL: bridges35, HEADER:{'User-Agent': 'Mozilla/5.0 (X11; Linux i686; rv:39.0) Gecko/20100101 Firefox/39.0', 'x-api-version': '8', 'x-env': 'WEB', 'X-requested-with': 'XMLHttpRequest', 'X-token': 'a1cad95a6d480c14f51dd0eba4914c8337b893c789ec6278bb440c7c9a673b162f042470c62684e6da2bd342ffea7777'})
[2025-06-07 09:36:36] Challenge non trouvé: fields-and-meadows44
[2025-06-07 09:36:36] Processus mis à jour pour bruno: fields-and-meadows44-vote-20-left-0H:1M - executing
[2025-06-07 09:36:36] Objet challenge créé pour le thread de profil bruno: fields-and-meadows44
[2025-06-07 09:36:36] Traitement de vote pour Challenge fields-and-meadows44
[2025-06-07 09:36:36] Challenge fields-and-meadows44 get vote panel
[2025-06-07 09:36:36] Processus associé: fields-and-meadows44-vote-20-left-0H:1M
[2025-06-07 09:36:36] Récupération des données de vote pour Challenge fields-and-meadows44 (URL: fields-and-meadows44, HEADER:{'User-Agent': 'Mozilla/5.0 (X11; Linux i686; rv:39.0) Gecko/20100101 Firefox/39.0', 'x-api-version': '8', 'x-env': 'WEB', 'X-requested-with': 'XMLHttpRequest', 'X-token': 'a1cad95a6d480c14f51dd0eba4914c8337b893c789ec6278bb440c7c9a673b162f042470c62684e6da2bd342ffea7777'})
[2025-06-07 09:36:36] Challenge non trouvé: attractive-eyes
[2025-06-07 09:36:36] Erreur HTTP 403: <html>
<head><title>403 Forbidden</title></head>
<body>
<center><h1>403 Forbidden</h1></center>
...
[2025-06-07 09:36:36] Voting fetching ...
[2025-06-07 09:36:36] Processus mis à jour pour bruno: attractive-eyes-vote-20-left-0H:3M - executing
[2025-06-07 09:36:36] Erreur lors de la récupération des données de vote: {'success': False, 'message': 'HTTP 403: <html>\r\n<head><title>403 Forbidden</title></head>\r\n<body>\r\n<center><h1>403 Forbidden</h1></center>\r\n</body>\r\n</html>\r\n', 'challenge': {'close_time': 0}}
[2025-06-07 09:36:36] Objet challenge créé pour le thread de profil bruno: attractive-eyes
[2025-06-07 09:36:36] Traitement de vote pour Challenge attractive-eyes
[2025-06-07 09:36:36] Erreur HTTP 403: <html>
<head><title>403 Forbidden</title></head>
<body>
<center><h1>403 Forbidden</h1></center>
...
[2025-06-07 09:36:36] Voting fetching ...
[2025-06-07 09:36:36] Erreur lors de la récupération des données de vote: {'success': False, 'message': 'HTTP 403: <html>\r\n<head><title>403 Forbidden</title></head>\r\n<body>\r\n<center><h1>403 Forbidden</h1></center>\r\n</body>\r\n</html>\r\n', 'challenge': {'close_time': 0}}
[2025-06-07 09:36:36] Challenge attractive-eyes get vote panel
[2025-06-07 09:36:36] Processus associé: attractive-eyes-vote-20-left-0H:3M
[2025-06-07 09:36:36] Récupération des données de vote pour Challenge attractive-eyes (URL: attractive-eyes, HEADER:{'User-Agent': 'Mozilla/5.0 (X11; Linux i686; rv:39.0) Gecko/20100101 Firefox/39.0', 'x-api-version': '8', 'x-env': 'WEB', 'X-requested-with': 'XMLHttpRequest', 'X-token': 'a1cad95a6d480c14f51dd0eba4914c8337b893c789ec6278bb440c7c9a673b162f042470c62684e6da2bd342ffea7777'})
[2025-06-07 09:36:36] Erreur HTTP 403: <html>
<head><title>403 Forbidden</title></head>
<body>
<center><h1>403 Forbidden</h1></center>
...
[2025-06-07 09:36:36] Voting fetching ...
[2025-06-07 09:36:36] Erreur lors de la récupération des données de vote: {'success': False, 'message': 'HTTP 403: <html>\r\n<head><title>403 Forbidden</title></head>\r\n<body>\r\n<center><h1>403 Forbidden</h1></center>\r\n</body>\r\n</html>\r\n', 'challenge': {'close_time': 0}}
[2025-06-07 09:36:36] Erreur HTTP 403: <html>
<head><title>403 Forbidden</title></head>
<body>
<center><h1>403 Forbidden</h1></center>
...
[2025-06-07 09:36:36] Voting fetching ...
[2025-06-07 09:36:36] Erreur lors de la récupération des données de vote: {'success': False, 'message': 'HTTP 403: <html>\r\n<head><title>403 Forbidden</title></head>\r\n<body>\r\n<center><h1>403 Forbidden</h1></center>\r\n</body>\r\n</html>\r\n', 'challenge': {'close_time': 0}}
[2025-06-07 09:36:36] Erreur HTTP 403: <html>
<head><title>403 Forbidden</title></head>
<body>
<center><h1>403 Forbidden</h1></center>
...
[2025-06-07 09:36:36] Voting fetching ...
[2025-06-07 09:36:36] Erreur lors de la récupération des données de vote: {'success': False, 'message': 'HTTP 403: <html>\r\n<head><title>403 Forbidden</title></head>\r\n<body>\r\n<center><h1>403 Forbidden</h1></center>\r\n</body>\r\n</html>\r\n', 'challenge': {'close_time': 0}}
[2025-06-07 09:36:36] Erreur HTTP 403: <html>
<head><title>403 Forbidden</title></head>
<body>
<center><h1>403 Forbidden</h1></center>
...
[2025-06-07 09:36:36] Voting fetching ...
[2025-06-07 09:36:36] Erreur lors de la récupération des données de vote: {'success': False, 'message': 'HTTP 403: <html>\r\n<head><title>403 Forbidden</title></head>\r\n<body>\r\n<center><h1>403 Forbidden</h1></center>\r\n</body>\r\n</html>\r\n', 'challenge': {'close_time': 0}}
[2025-06-07 09:36:36] Erreur HTTP 403: <html>
<head><title>403 Forbidden</title></head>
<body>
<center><h1>403 Forbidden</h1></center>
...
[2025-06-07 09:36:36] Voting fetching ...
[2025-06-07 09:36:36] Erreur lors de la récupération des données de vote: {'success': False, 'message': 'HTTP 403: <html>\r\n<head><title>403 Forbidden</title></head>\r\n<body>\r\n<center><h1>403 Forbidden</h1></center>\r\n</body>\r\n</html>\r\n', 'challenge': {'close_time': 0}}
[2025-06-07 09:36:36] Erreur HTTP 403: <html>
<head><title>403 Forbidden</title></head>
<body>
<center><h1>403 Forbidden</h1></center>
...
[2025-06-07 09:36:36] Voting fetching ...
[2025-06-07 09:36:36] Erreur lors de la récupération des données de vote: {'success': False, 'message': 'HTTP 403: <html>\r\n<head><title>403 Forbidden</title></head>\r\n<body>\r\n<center><h1>403 Forbidden</h1></center>\r\n</body>\r\n</html>\r\n', 'challenge': {'close_time': 0}}
[2025-06-07 09:36:36] Erreur HTTP 403: <html>
<head><title>403 Forbidden</title></head>
<body>
<center><h1>403 Forbidden</h1></center>
...
[2025-06-07 09:36:36] Voting fetching ...
[2025-06-07 09:36:36] Erreur lors de la récupération des données de vote: {'success': False, 'message': 'HTTP 403: <html>\r\n<head><title>403 Forbidden</title></head>\r\n<body>\r\n<center><h1>403 Forbidden</h1></center>\r\n</body>\r\n</html>\r\n', 'challenge': {'close_time': 0}}
[2025-06-07 09:36:36] Erreur HTTP 403: <html>
<head><title>403 Forbidden</title></head>
<body>
<center><h1>403 Forbidden</h1></center>
...
[2025-06-07 09:36:36] Voting fetching ...
[2025-06-07 09:36:36] Erreur lors de la récupération des données de vote: {'success': False, 'message': 'HTTP 403: <html>\r\n<head><title>403 Forbidden</title></head>\r\n<body>\r\n<center><h1>403 Forbidden</h1></center>\r\n</body>\r\n</html>\r\n', 'challenge': {'close_time': 0}}
[2025-06-07 09:36:36] Erreur HTTP 403: <html>
<head><title>403 Forbidden</title></head>
<body>
<center><h1>403 Forbidden</h1></center>
...
[2025-06-07 09:36:36] Voting fetching ...
[2025-06-07 09:36:36] Erreur lors de la récupération des données de vote: {'success': False, 'message': 'HTTP 403: <html>\r\n<head><title>403 Forbidden</title></head>\r\n<body>\r\n<center><h1>403 Forbidden</h1></center>\r\n</body>\r\n</html>\r\n', 'challenge': {'close_time': 0}}
[2025-06-07 09:36:36] Erreur HTTP 403: <html>
<head><title>403 Forbidden</title></head>
<body>
<center><h1>403 Forbidden</h1></center>
...
[2025-06-07 09:36:36] Voting fetching ...
[2025-06-07 09:36:36] Erreur lors de la récupération des données de vote: {'success': False, 'message': 'HTTP 403: <html>\r\n<head><title>403 Forbidden</title></head>\r\n<body>\r\n<center><h1>403 Forbidden</h1></center>\r\n</body>\r\n</html>\r\n', 'challenge': {'close_time': 0}}
[2025-06-07 09:36:36] Erreur HTTP 403: <html>
<head><title>403 Forbidden</title></head>
<body>
<center><h1>403 Forbidden</h1></center>
...
[2025-06-07 09:36:36] Voting fetching ...
[2025-06-07 09:36:36] Erreur lors de la récupération des données de vote: {'success': False, 'message': 'HTTP 403: <html>\r\n<head><title>403 Forbidden</title></head>\r\n<body>\r\n<center><h1>403 Forbidden</h1></center>\r\n</body>\r\n</html>\r\n', 'challenge': {'close_time': 0}}
[2025-06-07 09:36:36] Erreur HTTP 403: <html>
<head><title>403 Forbidden</title></head>
<body>
<center><h1>403 Forbidden</h1></center>
...
[2025-06-07 09:36:36] Voting fetching ...
[2025-06-07 09:36:36] Erreur lors de la récupération des données de vote: {'success': False, 'message': 'HTTP 403: <html>\r\n<head><title>403 Forbidden</title></head>\r\n<body>\r\n<center><h1>403 Forbidden</h1></center>\r\n</body>\r\n</html>\r\n', 'challenge': {'close_time': 0}}
[2025-06-07 09:36:36] Erreur HTTP 403: <html>
<head><title>403 Forbidden</title></head>
<body>
<center><h1>403 Forbidden</h1></center>
...
[2025-06-07 09:36:36] Voting fetching ...
[2025-06-07 09:36:36] Erreur lors de la récupération des données de vote: {'success': False, 'message': 'HTTP 403: <html>\r\n<head><title>403 Forbidden</title></head>\r\n<body>\r\n<center><h1>403 Forbidden</h1></center>\r\n</body>\r\n</html>\r\n', 'challenge': {'close_time': 0}}
[2025-06-07 09:36:36] Erreur HTTP 403: <html>
<head><title>403 Forbidden</title></head>
<body>
<center><h1>403 Forbidden</h1></center>
...
[2025-06-07 09:36:36] Voting fetching ...
[2025-06-07 09:36:36] Erreur lors de la récupération des données de vote: {'success': False, 'message': 'HTTP 403: <html>\r\n<head><title>403 Forbidden</title></head>\r\n<body>\r\n<center><h1>403 Forbidden</h1></center>\r\n</body>\r\n</html>\r\n', 'challenge': {'close_time': 0}}
[2025-06-07 09:36:36] Erreur HTTP 403: <html>
<head><title>403 Forbidden</title></head>
<body>
<center><h1>403 Forbidden</h1></center>
...
[2025-06-07 09:36:36] Voting fetching ...
[2025-06-07 09:36:36] Erreur lors de la récupération des données de vote: {'success': False, 'message': 'HTTP 403: <html>\r\n<head><title>403 Forbidden</title></head>\r\n<body>\r\n<center><h1>403 Forbidden</h1></center>\r\n</body>\r\n</html>\r\n', 'challenge': {'close_time': 0}}
[2025-06-07 09:36:36] Erreur HTTP 403: <html>
<head><title>403 Forbidden</title></head>
<body>
<center><h1>403 Forbidden</h1></center>
...
[2025-06-07 09:36:36] Voting fetching ...
[2025-06-07 09:36:36] Erreur lors de la récupération des données de vote: {'success': False, 'message': 'HTTP 403: <html>\r\n<head><title>403 Forbidden</title></head>\r\n<body>\r\n<center><h1>403 Forbidden</h1></center>\r\n</body>\r\n</html>\r\n', 'challenge': {'close_time': 0}}
[2025-06-07 09:36:36] Erreur HTTP 403: <html>
<head><title>403 Forbidden</title></head>
<body>
<center><h1>403 Forbidden</h1></center>
...
[2025-06-07 09:36:36] Voting fetching ...
[2025-06-07 09:36:36] Erreur lors de la récupération des données de vote: {'success': False, 'message': 'HTTP 403: <html>\r\n<head><title>403 Forbidden</title></head>\r\n<body>\r\n<center><h1>403 Forbidden</h1></center>\r\n</body>\r\n</html>\r\n', 'challenge': {'close_time': 0}}
[2025-06-07 09:36:36] Erreur HTTP 403: <html>
<head><title>403 Forbidden</title></head>
<body>
<center><h1>403 Forbidden</h1></center>
...
[2025-06-07 09:36:36] Voting fetching ...
[2025-06-07 09:36:36] Erreur lors de la récupération des données de vote: {'success': False, 'message': 'HTTP 403: <html>\r\n<head><title>403 Forbidden</title></head>\r\n<body>\r\n<center><h1>403 Forbidden</h1></center>\r\n</body>\r\n</html>\r\n', 'challenge': {'close_time': 0}}
[2025-06-07 09:36:36] Erreur HTTP 403: <html>
<head><title>403 Forbidden</title></head>
<body>
<center><h1>403 Forbidden</h1></center>
...
[2025-06-07 09:36:36] Voting fetching ...
[2025-06-07 09:36:36] Erreur lors de la récupération des données de vote: {'success': False, 'message': 'HTTP 403: <html>\r\n<head><title>403 Forbidden</title></head>\r\n<body>\r\n<center><h1>403 Forbidden</h1></center>\r\n</body>\r\n</html>\r\n', 'challenge': {'close_time': 0}}
[2025-06-07 09:36:36] Erreur HTTP 403: <html>
<head><title>403 Forbidden</title></head>
<body>
<center><h1>403 Forbidden</h1></center>
...
[2025-06-07 09:36:36] Challenge non trouvé: the-letter-s-
[2025-06-07 09:36:36] Voting fetching ...
[2025-06-07 09:36:36] Erreur lors de la récupération des données de vote: {'success': False, 'message': 'HTTP 403: <html>\r\n<head><title>403 Forbidden</title></head>\r\n<body>\r\n<center><h1>403 Forbidden</h1></center>\r\n</body>\r\n</html>\r\n', 'challenge': {'close_time': 0}}
[2025-06-07 09:36:36] Processus mis à jour pour bruno: the-letter-s--vote-20-left-0H:2M - executing
[2025-06-07 09:36:36] Objet challenge créé pour le thread de profil bruno: the-letter-s-
[2025-06-07 09:36:36] Traitement de vote pour Challenge the-letter-s-
[2025-06-07 09:36:36] Challenge the-letter-s- get vote panel
[2025-06-07 09:36:36] Processus associé: the-letter-s--vote-20-left-0H:2M
[2025-06-07 09:36:36] Récupération des données de vote pour Challenge the-letter-s- (URL: the-letter-s-, HEADER:{'User-Agent': 'Mozilla/5.0 (X11; Linux i686; rv:39.0) Gecko/20100101 Firefox/39.0', 'x-api-version': '8', 'x-env': 'WEB', 'X-requested-with': 'XMLHttpRequest', 'X-token': 'a1cad95a6d480c14f51dd0eba4914c8337b893c789ec6278bb440c7c9a673b162f042470c62684e6da2bd342ffea7777'})
[2025-06-07 09:36:36] Erreur HTTP 403: <html>
<head><title>403 Forbidden</title></head>
<body>
<center><h1>403 Forbidden</h1></center>
...
[2025-06-07 09:36:36] Voting fetching ...
[2025-06-07 09:36:36] Erreur lors de la récupération des données de vote: {'success': False, 'message': 'HTTP 403: <html>\r\n<head><title>403 Forbidden</title></head>\r\n<body>\r\n<center><h1>403 Forbidden</h1></center>\r\n</body>\r\n</html>\r\n', 'challenge': {'close_time': 0}}
[2025-06-07 09:36:36] Challenge non trouvé: photo-of-the-week-299
[2025-06-07 09:36:36] Processus mis à jour pour bruno: photo-of-the-week-299-vote-20-left-0H:1M - executing
[2025-06-07 09:36:36] Objet challenge créé pour le thread de profil bruno: photo-of-the-week-299
[2025-06-07 09:36:36] Traitement de vote pour Challenge photo-of-the-week-299
[2025-06-07 09:36:36] Challenge photo-of-the-week-299 get vote panel
[2025-06-07 09:36:36] Processus associé: photo-of-the-week-299-vote-20-left-0H:1M
[2025-06-07 09:36:36] Récupération des données de vote pour Challenge photo-of-the-week-299 (URL: photo-of-the-week-299, HEADER:{'User-Agent': 'Mozilla/5.0 (X11; Linux i686; rv:39.0) Gecko/20100101 Firefox/39.0', 'x-api-version': '8', 'x-env': 'WEB', 'X-requested-with': 'XMLHttpRequest', 'X-token': 'a1cad95a6d480c14f51dd0eba4914c8337b893c789ec6278bb440c7c9a673b162f042470c62684e6da2bd342ffea7777'})
[2025-06-07 09:36:36] Erreur HTTP 403: <html>
<head><title>403 Forbidden</title></head>
<body>
<center><h1>403 Forbidden</h1></center>
...
[2025-06-07 09:36:36] Voting fetching ...
[2025-06-07 09:36:36] Erreur lors de la récupération des données de vote: {'success': False, 'message': 'HTTP 403: <html>\r\n<head><title>403 Forbidden</title></head>\r\n<body>\r\n<center><h1>403 Forbidden</h1></center>\r\n</body>\r\n</html>\r\n', 'challenge': {'close_time': 0}}
[2025-06-07 09:36:36] Challenge non trouvé: the-letter-s-
[2025-06-07 09:36:36] Processus mis à jour pour bruno: the-letter-s--vote-20-left-0H:1M - executing
[2025-06-07 09:36:36] Objet challenge créé pour le thread de profil bruno: the-letter-s-
[2025-06-07 09:36:36] Traitement de vote pour Challenge the-letter-s-
[2025-06-07 09:36:36] Challenge the-letter-s- get vote panel
[2025-06-07 09:36:36] Processus associé: the-letter-s--vote-20-left-0H:1M
[2025-06-07 09:36:36] Récupération des données de vote pour Challenge the-letter-s- (URL: the-letter-s-, HEADER:{'User-Agent': 'Mozilla/5.0 (X11; Linux i686; rv:39.0) Gecko/20100101 Firefox/39.0', 'x-api-version': '8', 'x-env': 'WEB', 'X-requested-with': 'XMLHttpRequest', 'X-token': 'a1cad95a6d480c14f51dd0eba4914c8337b893c789ec6278bb440c7c9a673b162f042470c62684e6da2bd342ffea7777'})
[2025-06-07 09:36:36] Erreur HTTP 403: <html>
<head><title>403 Forbidden</title></head>
<body>
<center><h1>403 Forbidden</h1></center>
...
[2025-06-07 09:36:36] Voting fetching ...
[2025-06-07 09:36:36] Erreur lors de la récupération des données de vote: {'success': False, 'message': 'HTTP 403: <html>\r\n<head><title>403 Forbidden</title></head>\r\n<body>\r\n<center><h1>403 Forbidden</h1></center>\r\n</body>\r\n</html>\r\n', 'challenge': {'close_time': 0}}
[2025-06-07 09:36:36] Challenge non trouvé: attractive-eyes
[2025-06-07 09:36:36] Challenge non trouvé: joyous-laughter
[2025-06-07 09:36:36] Processus mis à jour pour bruno: attractive-eyes-vote-20-left-0H:2M - executing
[2025-06-07 09:36:36] Processus mis à jour pour bruno: joyous-laughter-vote-70-left-0H:4M - executing
[2025-06-07 09:36:36] Objet challenge créé pour le thread de profil bruno: attractive-eyes
[2025-06-07 09:36:36] Objet challenge créé pour le thread de profil bruno: joyous-laughter
[2025-06-07 09:36:36] Traitement de vote pour Challenge attractive-eyes
[2025-06-07 09:36:36] Traitement de vote pour Challenge joyous-laughter
[2025-06-07 09:36:36] Challenge attractive-eyes get vote panel
[2025-06-07 09:36:36] Processus associé: attractive-eyes-vote-20-left-0H:2M
[2025-06-07 09:36:36] Challenge joyous-laughter get vote panel
[2025-06-07 09:36:36] Processus associé: joyous-laughter-vote-70-left-0H:4M
[2025-06-07 09:36:36] Récupération des données de vote pour Challenge attractive-eyes (URL: attractive-eyes, HEADER:{'User-Agent': 'Mozilla/5.0 (X11; Linux i686; rv:39.0) Gecko/20100101 Firefox/39.0', 'x-api-version': '8', 'x-env': 'WEB', 'X-requested-with': 'XMLHttpRequest', 'X-token': 'a1cad95a6d480c14f51dd0eba4914c8337b893c789ec6278bb440c7c9a673b162f042470c62684e6da2bd342ffea7777'})
[2025-06-07 09:36:36] Récupération des données de vote pour Challenge joyous-laughter (URL: joyous-laughter, HEADER:{'User-Agent': 'Mozilla/5.0 (X11; Linux i686; rv:39.0) Gecko/20100101 Firefox/39.0', 'x-api-version': '8', 'x-env': 'WEB', 'X-requested-with': 'XMLHttpRequest', 'X-token': 'a1cad95a6d480c14f51dd0eba4914c8337b893c789ec6278bb440c7c9a673b162f042470c62684e6da2bd342ffea7777'})
[2025-06-07 09:36:36] Challenge non trouvé: bridges35
[2025-06-07 09:36:36] Processus mis à jour pour bruno: bridges35-vote-20-left-0H:1M - executing
[2025-06-07 09:36:36] Objet challenge créé pour le thread de profil bruno: bridges35
[2025-06-07 09:36:36] Traitement de vote pour Challenge bridges35
[2025-06-07 09:36:36] Challenge bridges35 get vote panel
[2025-06-07 09:36:36] Processus associé: bridges35-vote-20-left-0H:1M
[2025-06-07 09:36:36] Récupération des données de vote pour Challenge bridges35 (URL: bridges35, HEADER:{'User-Agent': 'Mozilla/5.0 (X11; Linux i686; rv:39.0) Gecko/20100101 Firefox/39.0', 'x-api-version': '8', 'x-env': 'WEB', 'X-requested-with': 'XMLHttpRequest', 'X-token': 'a1cad95a6d480c14f51dd0eba4914c8337b893c789ec6278bb440c7c9a673b162f042470c62684e6da2bd342ffea7777'})
[2025-06-07 09:36:36] Erreur HTTP 403: <html>
<head><title>403 Forbidden</title></head>
<body>
<center><h1>403 Forbidden</h1></center>
...
[2025-06-07 09:36:36] Voting fetching ...
[2025-06-07 09:36:36] Erreur lors de la récupération des données de vote: {'success': False, 'message': 'HTTP 403: <html>\r\n<head><title>403 Forbidden</title></head>\r\n<body>\r\n<center><h1>403 Forbidden</h1></center>\r\n</body>\r\n</html>\r\n', 'challenge': {'close_time': 0}}
[2025-06-07 09:36:36] Challenge non trouvé: bridges35
[2025-06-07 09:36:36] Processus mis à jour pour bruno: bridges35-vote-20-left-0H:2M - executing
[2025-06-07 09:36:36] Objet challenge créé pour le thread de profil bruno: bridges35
[2025-06-07 09:36:36] Traitement de vote pour Challenge bridges35
[2025-06-07 09:36:36] Challenge bridges35 get vote panel
[2025-06-07 09:36:36] Processus associé: bridges35-vote-20-left-0H:2M
[2025-06-07 09:36:36] Récupération des données de vote pour Challenge bridges35 (URL: bridges35, HEADER:{'User-Agent': 'Mozilla/5.0 (X11; Linux i686; rv:39.0) Gecko/20100101 Firefox/39.0', 'x-api-version': '8', 'x-env': 'WEB', 'X-requested-with': 'XMLHttpRequest', 'X-token': 'a1cad95a6d480c14f51dd0eba4914c8337b893c789ec6278bb440c7c9a673b162f042470c62684e6da2bd342ffea7777'})
[2025-06-07 09:36:36] Erreur HTTP 403: <html>
<head><title>403 Forbidden</title></head>
<body>
<center><h1>403 Forbidden</h1></center>
...
[2025-06-07 09:36:36] Voting fetching ...
[2025-06-07 09:36:36] Erreur lors de la récupération des données de vote: {'success': False, 'message': 'HTTP 403: <html>\r\n<head><title>403 Forbidden</title></head>\r\n<body>\r\n<center><h1>403 Forbidden</h1></center>\r\n</body>\r\n</html>\r\n', 'challenge': {'close_time': 0}}
[2025-06-07 09:36:36] Erreur HTTP 403: <html>
<head><title>403 Forbidden</title></head>
<body>
<center><h1>403 Forbidden</h1></center>
...
[2025-06-07 09:36:36] Voting fetching ...
[2025-06-07 09:36:36] Erreur lors de la récupération des données de vote: {'success': False, 'message': 'HTTP 403: <html>\r\n<head><title>403 Forbidden</title></head>\r\n<body>\r\n<center><h1>403 Forbidden</h1></center>\r\n</body>\r\n</html>\r\n', 'challenge': {'close_time': 0}}
[2025-06-07 09:36:36] Challenge non trouvé: joyous-laughter
[2025-06-07 09:36:36] Erreur HTTP 403: <html>
<head><title>403 Forbidden</title></head>
<body>
<center><h1>403 Forbidden</h1></center>
...
[2025-06-07 09:36:36] Voting fetching ...
[2025-06-07 09:36:36] Processus mis à jour pour bruno: joyous-laughter-vote-20-left-0H:2M - executing
[2025-06-07 09:36:36] Erreur lors de la récupération des données de vote: {'success': False, 'message': 'HTTP 403: <html>\r\n<head><title>403 Forbidden</title></head>\r\n<body>\r\n<center><h1>403 Forbidden</h1></center>\r\n</body>\r\n</html>\r\n', 'challenge': {'close_time': 0}}
[2025-06-07 09:36:36] Objet challenge créé pour le thread de profil bruno: joyous-laughter
[2025-06-07 09:36:36] Traitement de vote pour Challenge joyous-laughter
[2025-06-07 09:36:36] Challenge joyous-laughter get vote panel
[2025-06-07 09:36:36] Processus associé: joyous-laughter-vote-20-left-0H:2M
[2025-06-07 09:36:36] Récupération des données de vote pour Challenge joyous-laughter (URL: joyous-laughter, HEADER:{'User-Agent': 'Mozilla/5.0 (X11; Linux i686; rv:39.0) Gecko/20100101 Firefox/39.0', 'x-api-version': '8', 'x-env': 'WEB', 'X-requested-with': 'XMLHttpRequest', 'X-token': 'a1cad95a6d480c14f51dd0eba4914c8337b893c789ec6278bb440c7c9a673b162f042470c62684e6da2bd342ffea7777'})
[2025-06-07 09:36:36] Erreur HTTP 403: <html>
<head><title>403 Forbidden</title></head>
<body>
<center><h1>403 Forbidden</h1></center>
...
[2025-06-07 09:36:36] Voting fetching ...
[2025-06-07 09:36:36] Erreur lors de la récupération des données de vote: {'success': False, 'message': 'HTTP 403: <html>\r\n<head><title>403 Forbidden</title></head>\r\n<body>\r\n<center><h1>403 Forbidden</h1></center>\r\n</body>\r\n</html>\r\n', 'challenge': {'close_time': 0}}
[2025-06-07 09:36:37] Erreur HTTP 403: <html>
<head><title>403 Forbidden</title></head>
<body>
<center><h1>403 Forbidden</h1></center>
...
[2025-06-07 09:36:37] Voting fetching ...
[2025-06-07 09:36:37] Erreur lors de la récupération des données de vote: {'success': False, 'message': 'HTTP 403: <html>\r\n<head><title>403 Forbidden</title></head>\r\n<body>\r\n<center><h1>403 Forbidden</h1></center>\r\n</body>\r\n</html>\r\n', 'challenge': {'close_time': 0}}
[2025-06-07 09:36:37] Erreur HTTP 403: <html>
<head><title>403 Forbidden</title></head>
<body>
<center><h1>403 Forbidden</h1></center>
...
[2025-06-07 09:36:37] Voting fetching ...
[2025-06-07 09:36:37] Erreur lors de la récupération des données de vote: {'success': False, 'message': 'HTTP 403: <html>\r\n<head><title>403 Forbidden</title></head>\r\n<body>\r\n<center><h1>403 Forbidden</h1></center>\r\n</body>\r\n</html>\r\n', 'challenge': {'close_time': 0}}
[2025-06-07 09:36:37] Challenge non trouvé: dramatic-lighting11
[2025-06-07 09:36:37] Processus mis à jour pour bruno: dramatic-lighting11-vote-20-left-0H:2M - executing
[2025-06-07 09:36:37] Objet challenge créé pour le thread de profil bruno: dramatic-lighting11
[2025-06-07 09:36:37] Traitement de vote pour Challenge dramatic-lighting11
[2025-06-07 09:36:37] Challenge dramatic-lighting11 get vote panel
[2025-06-07 09:36:37] Processus associé: dramatic-lighting11-vote-20-left-0H:2M
[2025-06-07 09:36:37] Récupération des données de vote pour Challenge dramatic-lighting11 (URL: dramatic-lighting11, HEADER:{'User-Agent': 'Mozilla/5.0 (X11; Linux i686; rv:39.0) Gecko/20100101 Firefox/39.0', 'x-api-version': '8', 'x-env': 'WEB', 'X-requested-with': 'XMLHttpRequest', 'X-token': 'a1cad95a6d480c14f51dd0eba4914c8337b893c789ec6278bb440c7c9a673b162f042470c62684e6da2bd342ffea7777'})
[2025-06-07 09:36:37] Erreur HTTP 403: <html>
<head><title>403 Forbidden</title></head>
<body>
<center><h1>403 Forbidden</h1></center>
...
[2025-06-07 09:36:37] Voting fetching ...
[2025-06-07 09:36:37] Erreur lors de la récupération des données de vote: {'success': False, 'message': 'HTTP 403: <html>\r\n<head><title>403 Forbidden</title></head>\r\n<body>\r\n<center><h1>403 Forbidden</h1></center>\r\n</body>\r\n</html>\r\n', 'challenge': {'close_time': 0}}
[2025-06-07 09:36:37] Erreur HTTP 403: <html>
<head><title>403 Forbidden</title></head>
<body>
<center><h1>403 Forbidden</h1></center>
...
[2025-06-07 09:36:37] Voting fetching ...
[2025-06-07 09:36:37] Erreur lors de la récupération des données de vote: {'success': False, 'message': 'HTTP 403: <html>\r\n<head><title>403 Forbidden</title></head>\r\n<body>\r\n<center><h1>403 Forbidden</h1></center>\r\n</body>\r\n</html>\r\n', 'challenge': {'close_time': 0}}
[2025-06-07 09:36:37] Erreur HTTP 403: <html>
<head><title>403 Forbidden</title></head>
<body>
<center><h1>403 Forbidden</h1></center>
...
[2025-06-07 09:36:37] Voting fetching ...
[2025-06-07 09:36:37] Erreur lors de la récupération des données de vote: {'success': False, 'message': 'HTTP 403: <html>\r\n<head><title>403 Forbidden</title></head>\r\n<body>\r\n<center><h1>403 Forbidden</h1></center>\r\n</body>\r\n</html>\r\n', 'challenge': {'close_time': 0}}
[2025-06-07 09:36:37] Erreur HTTP 403: <html>
<head><title>403 Forbidden</title></head>
<body>
<center><h1>403 Forbidden</h1></center>
...
[2025-06-07 09:36:37] Voting fetching ...
[2025-06-07 09:36:37] Erreur lors de la récupération des données de vote: {'success': False, 'message': 'HTTP 403: <html>\r\n<head><title>403 Forbidden</title></head>\r\n<body>\r\n<center><h1>403 Forbidden</h1></center>\r\n</body>\r\n</html>\r\n', 'challenge': {'close_time': 0}}
[2025-06-07 09:36:37] Challenge non trouvé: attractive-eyes
[2025-06-07 09:36:37] Processus mis à jour pour bruno: attractive-eyes-vote-70-left-0H:4M - executing
[2025-06-07 09:36:37] Objet challenge créé pour le thread de profil bruno: attractive-eyes
[2025-06-07 09:36:37] Traitement de vote pour Challenge attractive-eyes
[2025-06-07 09:36:37] Challenge attractive-eyes get vote panel
[2025-06-07 09:36:37] Processus associé: attractive-eyes-vote-70-left-0H:4M
[2025-06-07 09:36:37] Récupération des données de vote pour Challenge attractive-eyes (URL: attractive-eyes, HEADER:{'User-Agent': 'Mozilla/5.0 (X11; Linux i686; rv:39.0) Gecko/20100101 Firefox/39.0', 'x-api-version': '8', 'x-env': 'WEB', 'X-requested-with': 'XMLHttpRequest', 'X-token': 'a1cad95a6d480c14f51dd0eba4914c8337b893c789ec6278bb440c7c9a673b162f042470c62684e6da2bd342ffea7777'})
[2025-06-07 09:36:37] Erreur HTTP 403: <html>
<head><title>403 Forbidden</title></head>
<body>
<center><h1>403 Forbidden</h1></center>
...
[2025-06-07 09:36:37] Voting fetching ...
[2025-06-07 09:36:37] Erreur lors de la récupération des données de vote: {'success': False, 'message': 'HTTP 403: <html>\r\n<head><title>403 Forbidden</title></head>\r\n<body>\r\n<center><h1>403 Forbidden</h1></center>\r\n</body>\r\n</html>\r\n', 'challenge': {'close_time': 0}}
[2025-06-07 09:36:37] Challenge non trouvé: ultimate-exposure80
[2025-06-07 09:36:37] Processus mis à jour pour bruno: ultimate-exposure80-vote-70-left-0H:4M - executing
[2025-06-07 09:36:37] Objet challenge créé pour le thread de profil bruno: ultimate-exposure80
[2025-06-07 09:36:37] Traitement de vote pour Challenge ultimate-exposure80
[2025-06-07 09:36:37] Challenge ultimate-exposure80 get vote panel
[2025-06-07 09:36:37] Processus associé: ultimate-exposure80-vote-70-left-0H:4M
[2025-06-07 09:36:37] Récupération des données de vote pour Challenge ultimate-exposure80 (URL: ultimate-exposure80, HEADER:{'User-Agent': 'Mozilla/5.0 (X11; Linux i686; rv:39.0) Gecko/20100101 Firefox/39.0', 'x-api-version': '8', 'x-env': 'WEB', 'X-requested-with': 'XMLHttpRequest', 'X-token': 'a1cad95a6d480c14f51dd0eba4914c8337b893c789ec6278bb440c7c9a673b162f042470c62684e6da2bd342ffea7777'})
[2025-06-07 09:36:37] Challenge non trouvé: fields-and-meadows44
[2025-06-07 09:36:37] Processus mis à jour pour bruno: fields-and-meadows44-vote-20-left-0H:3M - executing
[2025-06-07 09:36:37] Objet challenge créé pour le thread de profil bruno: fields-and-meadows44
[2025-06-07 09:36:37] Traitement de vote pour Challenge fields-and-meadows44
[2025-06-07 09:36:37] Challenge fields-and-meadows44 get vote panel
[2025-06-07 09:36:37] Processus associé: fields-and-meadows44-vote-20-left-0H:3M
[2025-06-07 09:36:37] Récupération des données de vote pour Challenge fields-and-meadows44 (URL: fields-and-meadows44, HEADER:{'User-Agent': 'Mozilla/5.0 (X11; Linux i686; rv:39.0) Gecko/20100101 Firefox/39.0', 'x-api-version': '8', 'x-env': 'WEB', 'X-requested-with': 'XMLHttpRequest', 'X-token': 'a1cad95a6d480c14f51dd0eba4914c8337b893c789ec6278bb440c7c9a673b162f042470c62684e6da2bd342ffea7777'})
[2025-06-07 09:36:37] Erreur HTTP 403: <html>
<head><title>403 Forbidden</title></head>
<body>
<center><h1>403 Forbidden</h1></center>
...
[2025-06-07 09:36:37] Voting fetching ...
[2025-06-07 09:36:37] Erreur lors de la récupération des données de vote: {'success': False, 'message': 'HTTP 403: <html>\r\n<head><title>403 Forbidden</title></head>\r\n<body>\r\n<center><h1>403 Forbidden</h1></center>\r\n</body>\r\n</html>\r\n', 'challenge': {'close_time': 0}}
[2025-06-07 09:36:37] Challenge non trouvé: the-7-sins
[2025-06-07 09:36:37] Processus mis à jour pour bruno: the-7-sins-vote-20-left-0H:2M - executing
[2025-06-07 09:36:37] Objet challenge créé pour le thread de profil bruno: the-7-sins
[2025-06-07 09:36:37] Traitement de vote pour Challenge the-7-sins
[2025-06-07 09:36:37] Challenge the-7-sins get vote panel
[2025-06-07 09:36:37] Processus associé: the-7-sins-vote-20-left-0H:2M
[2025-06-07 09:36:37] Récupération des données de vote pour Challenge the-7-sins (URL: the-7-sins, HEADER:{'User-Agent': 'Mozilla/5.0 (X11; Linux i686; rv:39.0) Gecko/20100101 Firefox/39.0', 'x-api-version': '8', 'x-env': 'WEB', 'X-requested-with': 'XMLHttpRequest', 'X-token': 'a1cad95a6d480c14f51dd0eba4914c8337b893c789ec6278bb440c7c9a673b162f042470c62684e6da2bd342ffea7777'})
[2025-06-07 09:36:37] Erreur HTTP 403: <html>
<head><title>403 Forbidden</title></head>
<body>
<center><h1>403 Forbidden</h1></center>
...
[2025-06-07 09:36:37] Voting fetching ...
[2025-06-07 09:36:37] Erreur lors de la récupération des données de vote: {'success': False, 'message': 'HTTP 403: <html>\r\n<head><title>403 Forbidden</title></head>\r\n<body>\r\n<center><h1>403 Forbidden</h1></center>\r\n</body>\r\n</html>\r\n', 'challenge': {'close_time': 0}}
[2025-06-07 09:36:38] Challenge non trouvé: the-letter-s-
[2025-06-07 09:36:38] Processus mis à jour pour bruno: the-letter-s--vote-70-left-0H:4M - executing
[2025-06-07 09:36:38] Objet challenge créé pour le thread de profil bruno: the-letter-s-
[2025-06-07 09:36:38] Traitement de vote pour Challenge the-letter-s-
[2025-06-07 09:36:38] Challenge the-letter-s- get vote panel
[2025-06-07 09:36:38] Processus associé: the-letter-s--vote-70-left-0H:4M
[2025-06-07 09:36:38] Récupération des données de vote pour Challenge the-letter-s- (URL: the-letter-s-, HEADER:{'User-Agent': 'Mozilla/5.0 (X11; Linux i686; rv:39.0) Gecko/20100101 Firefox/39.0', 'x-api-version': '8', 'x-env': 'WEB', 'X-requested-with': 'XMLHttpRequest', 'X-token': 'a1cad95a6d480c14f51dd0eba4914c8337b893c789ec6278bb440c7c9a673b162f042470c62684e6da2bd342ffea7777'})
[2025-06-07 09:36:38] Erreur HTTP 403: <html>
<head><title>403 Forbidden</title></head>
<body>
<center><h1>403 Forbidden</h1></center>
...
[2025-06-07 09:36:38] Voting fetching ...
[2025-06-07 09:36:38] Erreur lors de la récupération des données de vote: {'success': False, 'message': 'HTTP 403: <html>\r\n<head><title>403 Forbidden</title></head>\r\n<body>\r\n<center><h1>403 Forbidden</h1></center>\r\n</body>\r\n</html>\r\n', 'challenge': {'close_time': 0}}
[2025-06-07 09:36:38] Erreur HTTP 403: <html>
<head><title>403 Forbidden</title></head>
<body>
<center><h1>403 Forbidden</h1></center>
...
[2025-06-07 09:36:38] Voting fetching ...
[2025-06-07 09:36:38] Erreur lors de la récupération des données de vote: {'success': False, 'message': 'HTTP 403: <html>\r\n<head><title>403 Forbidden</title></head>\r\n<body>\r\n<center><h1>403 Forbidden</h1></center>\r\n</body>\r\n</html>\r\n', 'challenge': {'close_time': 0}}
[2025-06-07 09:36:38] Erreur HTTP 403: <html>
<head><title>403 Forbidden</title></head>
<body>
<center><h1>403 Forbidden</h1></center>
...
[2025-06-07 09:36:38] Voting fetching ...
[2025-06-07 09:36:38] Erreur lors de la récupération des données de vote: {'success': False, 'message': 'HTTP 403: <html>\r\n<head><title>403 Forbidden</title></head>\r\n<body>\r\n<center><h1>403 Forbidden</h1></center>\r\n</body>\r\n</html>\r\n', 'challenge': {'close_time': 0}}
[2025-06-07 09:36:38] Erreur HTTP 403: <html>
<head><title>403 Forbidden</title></head>
<body>
<center><h1>403 Forbidden</h1></center>
...
[2025-06-07 09:36:38] Voting fetching ...
[2025-06-07 09:36:38] Erreur lors de la récupération des données de vote: {'success': False, 'message': 'HTTP 403: <html>\r\n<head><title>403 Forbidden</title></head>\r\n<body>\r\n<center><h1>403 Forbidden</h1></center>\r\n</body>\r\n</html>\r\n', 'challenge': {'close_time': 0}}
[2025-06-07 09:36:38] Erreur HTTP 403: <html>
<head><title>403 Forbidden</title></head>
<body>
<center><h1>403 Forbidden</h1></center>
...
[2025-06-07 09:36:38] Voting fetching ...
[2025-06-07 09:36:38] Erreur lors de la récupération des données de vote: {'success': False, 'message': 'HTTP 403: <html>\r\n<head><title>403 Forbidden</title></head>\r\n<body>\r\n<center><h1>403 Forbidden</h1></center>\r\n</body>\r\n</html>\r\n', 'challenge': {'close_time': 0}}
[2025-06-07 09:36:48] Refreshing challenges...
[2025-06-07 09:36:48] Fetching challenges...
[2025-06-07 09:36:49] Challenges fetching ...
[2025-06-07 09:36:49] Challenges fetched successfully for bruno!
[2025-06-07 09:36:55] Refreshing challenges...
[2025-06-07 09:36:55] Fetching challenges...
[2025-06-07 09:36:56] Challenges fetching ...
[2025-06-07 09:36:56] Challenges fetched successfully for bruno!
[2025-06-07 09:36:56] Processus suspect (format de date invalide): attractive-eyes-vote-70-left-0H:4M (profil: bruno)
[2025-06-07 09:36:56] Processus supprimé pour bruno: attractive-eyes-vote-70-left-0H:4M - zombie
[2025-06-07 09:36:56] Processus mis à jour pour bruno: attractive-eyes-vote-70-left-0H:4M - zombie
[2025-06-07 09:36:56] Processus suspect (format de date invalide): attractive-eyes-vote-20-left-0H:3M (profil: bruno)
[2025-06-07 09:36:56] Processus supprimé pour bruno: attractive-eyes-vote-20-left-0H:3M - zombie
[2025-06-07 09:36:56] Processus mis à jour pour bruno: attractive-eyes-vote-20-left-0H:3M - zombie
[2025-06-07 09:36:56] Processus suspect (format de date invalide): attractive-eyes-vote-20-left-0H:2M (profil: bruno)
[2025-06-07 09:36:56] Processus supprimé pour bruno: attractive-eyes-vote-20-left-0H:2M - zombie
[2025-06-07 09:36:56] Processus mis à jour pour bruno: attractive-eyes-vote-20-left-0H:2M - zombie
[2025-06-07 09:36:56] Processus suspect (format de date invalide): attractive-eyes-vote-20-left-0H:1M (profil: bruno)
[2025-06-07 09:36:56] Processus supprimé pour bruno: attractive-eyes-vote-20-left-0H:1M - zombie
[2025-06-07 09:36:56] Processus mis à jour pour bruno: attractive-eyes-vote-20-left-0H:1M - zombie
[2025-06-07 09:36:56] Processus suspect (format de date invalide): best-of-black-white29-vote-70-left-0H:4M (profil: bruno)
[2025-06-07 09:36:56] Processus supprimé pour bruno: best-of-black-white29-vote-70-left-0H:4M - zombie
[2025-06-07 09:36:56] Processus mis à jour pour bruno: best-of-black-white29-vote-70-left-0H:4M - zombie
[2025-06-07 09:36:56] Processus suspect (format de date invalide): best-of-black-white29-vote-20-left-0H:3M (profil: bruno)
[2025-06-07 09:36:56] Processus supprimé pour bruno: best-of-black-white29-vote-20-left-0H:3M - zombie
[2025-06-07 09:36:56] Processus mis à jour pour bruno: best-of-black-white29-vote-20-left-0H:3M - zombie
[2025-06-07 09:36:56] Processus suspect (format de date invalide): best-of-black-white29-vote-20-left-0H:2M (profil: bruno)
[2025-06-07 09:36:56] Processus supprimé pour bruno: best-of-black-white29-vote-20-left-0H:2M - zombie
[2025-06-07 09:36:56] Processus mis à jour pour bruno: best-of-black-white29-vote-20-left-0H:2M - zombie
[2025-06-07 09:36:56] Processus suspect (format de date invalide): best-of-black-white29-vote-20-left-0H:1M (profil: bruno)
[2025-06-07 09:36:56] Processus supprimé pour bruno: best-of-black-white29-vote-20-left-0H:1M - zombie
[2025-06-07 09:36:56] Processus mis à jour pour bruno: best-of-black-white29-vote-20-left-0H:1M - zombie
[2025-06-07 09:36:56] Processus suspect (format de date invalide): ultimate-exposure80-vote-70-left-0H:4M (profil: bruno)
[2025-06-07 09:36:56] Processus supprimé pour bruno: ultimate-exposure80-vote-70-left-0H:4M - zombie
[2025-06-07 09:36:56] Processus mis à jour pour bruno: ultimate-exposure80-vote-70-left-0H:4M - zombie
[2025-06-07 09:36:56] Processus suspect (format de date invalide): ultimate-exposure80-vote-20-left-0H:3M (profil: bruno)
[2025-06-07 09:36:56] Processus supprimé pour bruno: ultimate-exposure80-vote-20-left-0H:3M - zombie
[2025-06-07 09:36:56] Processus mis à jour pour bruno: ultimate-exposure80-vote-20-left-0H:3M - zombie
[2025-06-07 09:36:56] Processus suspect (format de date invalide): ultimate-exposure80-vote-20-left-0H:2M (profil: bruno)
[2025-06-07 09:36:56] Processus supprimé pour bruno: ultimate-exposure80-vote-20-left-0H:2M - zombie
[2025-06-07 09:36:56] Processus mis à jour pour bruno: ultimate-exposure80-vote-20-left-0H:2M - zombie
[2025-06-07 09:36:56] Processus suspect (format de date invalide): ultimate-exposure80-vote-20-left-0H:1M (profil: bruno)
[2025-06-07 09:36:56] Processus supprimé pour bruno: ultimate-exposure80-vote-20-left-0H:1M - zombie
[2025-06-07 09:36:56] Processus mis à jour pour bruno: ultimate-exposure80-vote-20-left-0H:1M - zombie
[2025-06-07 09:36:56] Processus suspect (format de date invalide): the-7-sins-vote-70-left-0H:4M (profil: bruno)
[2025-06-07 09:36:56] Processus supprimé pour bruno: the-7-sins-vote-70-left-0H:4M - zombie
[2025-06-07 09:36:56] Processus mis à jour pour bruno: the-7-sins-vote-70-left-0H:4M - zombie
[2025-06-07 09:36:56] Processus suspect (format de date invalide): the-7-sins-vote-20-left-0H:3M (profil: bruno)
[2025-06-07 09:36:56] Processus supprimé pour bruno: the-7-sins-vote-20-left-0H:3M - zombie
[2025-06-07 09:36:56] Processus mis à jour pour bruno: the-7-sins-vote-20-left-0H:3M - zombie
[2025-06-07 09:36:56] Processus suspect (format de date invalide): the-7-sins-vote-20-left-0H:2M (profil: bruno)
[2025-06-07 09:36:56] Processus supprimé pour bruno: the-7-sins-vote-20-left-0H:2M - zombie
[2025-06-07 09:36:56] Processus mis à jour pour bruno: the-7-sins-vote-20-left-0H:2M - zombie
[2025-06-07 09:36:56] Processus suspect (format de date invalide): the-7-sins-vote-20-left-0H:1M (profil: bruno)
[2025-06-07 09:36:56] Processus supprimé pour bruno: the-7-sins-vote-20-left-0H:1M - zombie
[2025-06-07 09:36:56] Processus mis à jour pour bruno: the-7-sins-vote-20-left-0H:1M - zombie
[2025-06-07 09:36:56] Processus suspect (format de date invalide): the-letter-s--vote-70-left-0H:4M (profil: bruno)
[2025-06-07 09:36:56] Processus supprimé pour bruno: the-letter-s--vote-70-left-0H:4M - zombie
[2025-06-07 09:36:56] Processus mis à jour pour bruno: the-letter-s--vote-70-left-0H:4M - zombie
[2025-06-07 09:36:56] Processus suspect (format de date invalide): the-letter-s--vote-20-left-0H:3M (profil: bruno)
[2025-06-07 09:36:56] Processus supprimé pour bruno: the-letter-s--vote-20-left-0H:3M - zombie
[2025-06-07 09:36:56] Processus mis à jour pour bruno: the-letter-s--vote-20-left-0H:3M - zombie
[2025-06-07 09:36:56] Processus suspect (format de date invalide): the-letter-s--vote-20-left-0H:2M (profil: bruno)
[2025-06-07 09:36:56] Processus supprimé pour bruno: the-letter-s--vote-20-left-0H:2M - zombie
[2025-06-07 09:36:56] Processus mis à jour pour bruno: the-letter-s--vote-20-left-0H:2M - zombie
[2025-06-07 09:36:56] Processus suspect (format de date invalide): the-letter-s--vote-20-left-0H:1M (profil: bruno)
[2025-06-07 09:36:56] Processus supprimé pour bruno: the-letter-s--vote-20-left-0H:1M - zombie
[2025-06-07 09:36:56] Processus mis à jour pour bruno: the-letter-s--vote-20-left-0H:1M - zombie
[2025-06-07 09:36:56] Processus suspect (format de date invalide): fields-and-meadows44-vote-70-left-0H:4M (profil: bruno)
[2025-06-07 09:36:56] Processus supprimé pour bruno: fields-and-meadows44-vote-70-left-0H:4M - zombie
[2025-06-07 09:36:56] Processus mis à jour pour bruno: fields-and-meadows44-vote-70-left-0H:4M - zombie
[2025-06-07 09:36:56] Processus suspect (format de date invalide): fields-and-meadows44-vote-20-left-0H:3M (profil: bruno)
[2025-06-07 09:36:56] Processus supprimé pour bruno: fields-and-meadows44-vote-20-left-0H:3M - zombie
[2025-06-07 09:36:56] Processus mis à jour pour bruno: fields-and-meadows44-vote-20-left-0H:3M - zombie
[2025-06-07 09:36:56] Processus suspect (format de date invalide): fields-and-meadows44-vote-20-left-0H:2M (profil: bruno)
[2025-06-07 09:36:56] Processus supprimé pour bruno: fields-and-meadows44-vote-20-left-0H:2M - zombie
[2025-06-07 09:36:56] Processus mis à jour pour bruno: fields-and-meadows44-vote-20-left-0H:2M - zombie
[2025-06-07 09:36:56] Processus suspect (format de date invalide): fields-and-meadows44-vote-20-left-0H:1M (profil: bruno)
[2025-06-07 09:36:56] Processus supprimé pour bruno: fields-and-meadows44-vote-20-left-0H:1M - zombie
[2025-06-07 09:36:56] Processus mis à jour pour bruno: fields-and-meadows44-vote-20-left-0H:1M - zombie
[2025-06-07 09:36:56] Processus suspect (format de date invalide): bridges35-vote-70-left-0H:4M (profil: bruno)
[2025-06-07 09:36:56] Processus supprimé pour bruno: bridges35-vote-70-left-0H:4M - zombie
[2025-06-07 09:36:56] Processus mis à jour pour bruno: bridges35-vote-70-left-0H:4M - zombie
[2025-06-07 09:36:56] Processus suspect (format de date invalide): bridges35-vote-20-left-0H:3M (profil: bruno)
[2025-06-07 09:36:56] Processus supprimé pour bruno: bridges35-vote-20-left-0H:3M - zombie
[2025-06-07 09:36:56] Processus mis à jour pour bruno: bridges35-vote-20-left-0H:3M - zombie
[2025-06-07 09:36:56] Processus suspect (format de date invalide): bridges35-vote-20-left-0H:2M (profil: bruno)
[2025-06-07 09:36:56] Processus supprimé pour bruno: bridges35-vote-20-left-0H:2M - zombie
[2025-06-07 09:36:56] Processus mis à jour pour bruno: bridges35-vote-20-left-0H:2M - zombie
[2025-06-07 09:36:56] Processus suspect (format de date invalide): bridges35-vote-20-left-0H:1M (profil: bruno)
[2025-06-07 09:36:56] Processus supprimé pour bruno: bridges35-vote-20-left-0H:1M - zombie
[2025-06-07 09:36:56] Processus mis à jour pour bruno: bridges35-vote-20-left-0H:1M - zombie
[2025-06-07 09:36:56] Processus suspect (format de date invalide): still-life5-vote-70-left-0H:4M (profil: bruno)
[2025-06-07 09:36:56] Processus supprimé pour bruno: still-life5-vote-70-left-0H:4M - zombie
[2025-06-07 09:36:56] Processus mis à jour pour bruno: still-life5-vote-70-left-0H:4M - zombie
[2025-06-07 09:36:56] Processus suspect (format de date invalide): still-life5-vote-20-left-0H:3M (profil: bruno)
[2025-06-07 09:36:56] Processus supprimé pour bruno: still-life5-vote-20-left-0H:3M - zombie
[2025-06-07 09:36:56] Processus mis à jour pour bruno: still-life5-vote-20-left-0H:3M - zombie
[2025-06-07 09:36:56] Processus suspect (format de date invalide): still-life5-vote-20-left-0H:2M (profil: bruno)
[2025-06-07 09:36:56] Processus supprimé pour bruno: still-life5-vote-20-left-0H:2M - zombie
[2025-06-07 09:36:56] Processus mis à jour pour bruno: still-life5-vote-20-left-0H:2M - zombie
[2025-06-07 09:36:56] Processus suspect (format de date invalide): still-life5-vote-20-left-0H:1M (profil: bruno)
[2025-06-07 09:36:56] Processus supprimé pour bruno: still-life5-vote-20-left-0H:1M - zombie
[2025-06-07 09:36:56] Processus mis à jour pour bruno: still-life5-vote-20-left-0H:1M - zombie
[2025-06-07 09:36:56] Processus suspect (format de date invalide): dramatic-lighting11-vote-70-left-0H:4M (profil: bruno)
[2025-06-07 09:36:56] Processus supprimé pour bruno: dramatic-lighting11-vote-70-left-0H:4M - zombie
[2025-06-07 09:36:56] Processus mis à jour pour bruno: dramatic-lighting11-vote-70-left-0H:4M - zombie
[2025-06-07 09:36:56] Processus suspect (format de date invalide): dramatic-lighting11-vote-20-left-0H:3M (profil: bruno)
[2025-06-07 09:36:56] Processus supprimé pour bruno: dramatic-lighting11-vote-20-left-0H:3M - zombie
[2025-06-07 09:36:56] Processus mis à jour pour bruno: dramatic-lighting11-vote-20-left-0H:3M - zombie
[2025-06-07 09:36:56] Processus suspect (format de date invalide): dramatic-lighting11-vote-20-left-0H:2M (profil: bruno)
[2025-06-07 09:36:56] Processus supprimé pour bruno: dramatic-lighting11-vote-20-left-0H:2M - zombie
[2025-06-07 09:36:56] Processus mis à jour pour bruno: dramatic-lighting11-vote-20-left-0H:2M - zombie
[2025-06-07 09:36:56] Processus suspect (format de date invalide): dramatic-lighting11-vote-20-left-0H:1M (profil: bruno)
[2025-06-07 09:36:56] Processus supprimé pour bruno: dramatic-lighting11-vote-20-left-0H:1M - zombie
[2025-06-07 09:36:56] Processus mis à jour pour bruno: dramatic-lighting11-vote-20-left-0H:1M - zombie
[2025-06-07 09:36:56] Processus suspect (format de date invalide): photo-of-the-week-299-vote-70-left-0H:4M (profil: bruno)
[2025-06-07 09:36:56] Processus supprimé pour bruno: photo-of-the-week-299-vote-70-left-0H:4M - zombie
[2025-06-07 09:36:56] Processus mis à jour pour bruno: photo-of-the-week-299-vote-70-left-0H:4M - zombie
[2025-06-07 09:36:56] Processus suspect (format de date invalide): photo-of-the-week-299-vote-20-left-0H:3M (profil: bruno)
[2025-06-07 09:36:56] Processus supprimé pour bruno: photo-of-the-week-299-vote-20-left-0H:3M - zombie
[2025-06-07 09:36:56] Processus mis à jour pour bruno: photo-of-the-week-299-vote-20-left-0H:3M - zombie
[2025-06-07 09:36:56] Processus suspect (format de date invalide): photo-of-the-week-299-vote-20-left-0H:2M (profil: bruno)
[2025-06-07 09:36:56] Processus supprimé pour bruno: photo-of-the-week-299-vote-20-left-0H:2M - zombie
[2025-06-07 09:36:56] Processus mis à jour pour bruno: photo-of-the-week-299-vote-20-left-0H:2M - zombie
[2025-06-07 09:36:56] Processus suspect (format de date invalide): photo-of-the-week-299-vote-20-left-0H:1M (profil: bruno)
[2025-06-07 09:36:56] Processus supprimé pour bruno: photo-of-the-week-299-vote-20-left-0H:1M - zombie
[2025-06-07 09:36:56] Processus mis à jour pour bruno: photo-of-the-week-299-vote-20-left-0H:1M - zombie
[2025-06-07 09:36:56] Processus suspect (format de date invalide): joyous-laughter-vote-70-left-0H:4M (profil: bruno)
[2025-06-07 09:36:56] Processus supprimé pour bruno: joyous-laughter-vote-70-left-0H:4M - zombie
[2025-06-07 09:36:56] Processus mis à jour pour bruno: joyous-laughter-vote-70-left-0H:4M - zombie
[2025-06-07 09:36:56] Processus suspect (format de date invalide): joyous-laughter-vote-20-left-0H:3M (profil: bruno)
[2025-06-07 09:36:56] Processus supprimé pour bruno: joyous-laughter-vote-20-left-0H:3M - zombie
[2025-06-07 09:36:56] Processus mis à jour pour bruno: joyous-laughter-vote-20-left-0H:3M - zombie
[2025-06-07 09:36:56] Processus suspect (format de date invalide): joyous-laughter-vote-20-left-0H:2M (profil: bruno)
[2025-06-07 09:36:56] Processus supprimé pour bruno: joyous-laughter-vote-20-left-0H:2M - zombie
[2025-06-07 09:36:56] Processus mis à jour pour bruno: joyous-laughter-vote-20-left-0H:2M - zombie
[2025-06-07 09:36:56] Processus suspect (format de date invalide): joyous-laughter-vote-20-left-0H:1M (profil: bruno)
[2025-06-07 09:36:56] Processus supprimé pour bruno: joyous-laughter-vote-20-left-0H:1M - zombie
[2025-06-07 09:36:56] Processus mis à jour pour bruno: joyous-laughter-vote-20-left-0H:1M - zombie
[2025-06-07 09:37:02] Refreshing challenges...
[2025-06-07 09:37:02] Fetching challenges...
[2025-06-07 09:37:03] Challenges fetching ...
[2025-06-07 09:37:03] Challenges fetched successfully for bruno!
[2025-06-07 09:38:48] Refreshing challenges...
[2025-06-07 09:38:48] Fetching challenges...
[2025-06-07 09:38:49] Challenges fetching ...
[2025-06-07 09:38:49] Lancement automatique des stratégies de fin pour 9 nouveaux challenges...
[2025-06-07 09:38:49] Nouveau challenge détecté pour bruno: The 7 Sins
[2025-06-07 09:38:49] Nouveau challenge détecté pour bruno: Still Life
[2025-06-07 09:38:49] Nouveau challenge détecté pour bruno: Ultimate Exposure
[2025-06-07 09:38:49] Nouveau challenge détecté pour bruno: Bridges
[2025-06-07 09:38:49] Nouveau challenge détecté pour bruno: Dramatic Lighting
[2025-06-07 09:38:49] Nouveau challenge détecté pour bruno: Best of Black & White
[2025-06-07 09:38:49] Nouveau challenge détecté pour bruno: Beautiful Eyes
[2025-06-07 09:38:49] Nouveau challenge détecté pour bruno: Joyous Laughter
[2025-06-07 09:38:49] Nouveau challenge détecté pour bruno: Photo of the Week!
[2025-06-07 09:38:49] Challenges fetched successfully for bruno!
[2025-06-07 09:39:00] Bridges get vote panel
[2025-06-07 09:39:00] Filling challenges: {101587}
Filled Bridges with strategy end4

[2025-06-07 09:39:00] Récupération des données de vote pour Bridges (URL: bridges35, HEADER:{'User-Agent': 'Mozilla/5.0 (X11; Linux i686; rv:39.0) Gecko/20100101 Firefox/39.0', 'x-api-version': '8', 'x-env': 'WEB', 'X-requested-with': 'XMLHttpRequest', 'X-token': 'a1cad95a6d480c14f51dd0eba4914c8337b893c789ec6278bb440c7c9a673b162f042470c62684e6da2bd342ffea7777'})
[2025-06-07 09:39:01] Récupération réussie: 200 images pour Bridges
[2025-06-07 09:39:01] Voting fetching ...
[2025-06-07 09:39:01] Bridges voting 70 images
[2025-06-07 09:39:02] Bridges voted successfully
[2025-06-07 09:39:04] Challenges fetching ...
[2025-06-07 09:39:04] Challenges fetched successfully for bruno!
[2025-06-07 10:55:52] Joyous Laughter get vote panel
[2025-06-07 10:55:52] Filling challenges: {101599}
Filled Joyous Laughter with strategy end4

[2025-06-07 10:55:52] Récupération des données de vote pour Joyous Laughter (URL: joyous-laughter, HEADER:{'User-Agent': 'Mozilla/5.0 (X11; Linux i686; rv:39.0) Gecko/20100101 Firefox/39.0', 'x-api-version': '8', 'x-env': 'WEB', 'X-requested-with': 'XMLHttpRequest', 'X-token': 'a1cad95a6d480c14f51dd0eba4914c8337b893c789ec6278bb440c7c9a673b162f042470c62684e6da2bd342ffea7777'})
[2025-06-07 10:55:53] Récupération réussie: 200 images pour Joyous Laughter
[2025-06-07 10:55:53] Voting fetching ...
[2025-06-07 10:55:53] Joyous Laughter voting 70 images
[2025-06-07 10:55:53] Joyous Laughter voted successfully
[2025-06-07 10:55:56] Challenges fetching ...
[2025-06-07 10:55:57] Lancement automatique des stratégies de fin pour 3 nouveaux challenges...
[2025-06-07 10:55:57] Nouveau challenge détecté pour bruno: Color Drained
[2025-06-07 10:55:57] Nouveau challenge détecté pour bruno: Purple
[2025-06-07 10:55:57] Nouveau challenge détecté pour bruno: Pools & Swimming
[2025-06-07 10:55:57] Challenges fetched successfully for bruno!
[2025-06-07 10:55:59] Lancement de la stratégie end4 pour Joyous Laughter
[2025-06-07 10:55:59] Nouveau processus ajouté pour bruno: joyous-laughter-vote-70-left-0H:4M - Statut: init
[2025-06-07 10:55:59] Nouveau processus ajouté pour bruno: joyous-laughter-vote-20-left-0H:3M - Statut: init
[2025-06-07 10:55:59] Traitement du challenge pour bruno: joyous-laughter
[2025-06-07 10:55:59] Traitement du challenge pour bruno: joyous-laughter
[2025-06-07 10:55:59] Nouveau processus ajouté pour bruno: joyous-laughter-vote-20-left-0H:2M - Statut: init
[2025-06-07 10:55:59] Traitement du challenge pour bruno: joyous-laughter
[2025-06-07 10:55:59] Nouveau processus ajouté pour bruno: joyous-laughter-vote-20-left-0H:1M - Statut: init
[2025-06-07 10:55:59] Processus mis à jour pour bruno: joyous-laughter-vote-70-left-0H:4M - waiting
[2025-06-07 10:55:59] Processus mis à jour pour bruno: joyous-laughter-vote-20-left-0H:3M - waiting
[2025-06-07 10:55:59] Traitement du challenge pour bruno: joyous-laughter
[2025-06-07 10:55:59] Processus mis à jour pour bruno: joyous-laughter-vote-20-left-0H:2M - waiting
[2025-06-07 10:55:59] Processus mis à jour pour bruno: joyous-laughter-vote-20-left-0H:1M - waiting
[2025-06-07 10:55:59] Application des stratégies pour les challenges sélectionnés:
- Joyous Laughter avec stratégie end4

[2025-06-07 10:59:30] Beautiful Eyes get vote panel
[2025-06-07 10:59:30] Filling challenges: {101573}
Filled Beautiful Eyes with strategy end4

[2025-06-07 10:59:30] Récupération des données de vote pour Beautiful Eyes (URL: attractive-eyes, HEADER:{'User-Agent': 'Mozilla/5.0 (X11; Linux i686; rv:39.0) Gecko/20100101 Firefox/39.0', 'x-api-version': '8', 'x-env': 'WEB', 'X-requested-with': 'XMLHttpRequest', 'X-token': 'a1cad95a6d480c14f51dd0eba4914c8337b893c789ec6278bb440c7c9a673b162f042470c62684e6da2bd342ffea7777'})
[2025-06-07 10:59:31] Récupération réussie: 200 images pour Beautiful Eyes
[2025-06-07 10:59:31] Voting fetching ...
[2025-06-07 10:59:31] Beautiful Eyes voting 70 images
[2025-06-07 10:59:32] Beautiful Eyes voted successfully
[2025-06-07 10:59:35] Challenges fetching ...
[2025-06-07 10:59:35] Challenges fetched successfully for bruno!
[2025-06-07 11:11:43] Purple get vote panel
[2025-06-07 11:11:43] Filling challenges: {101613}
Filled Purple with strategy end4

[2025-06-07 11:11:43] Récupération des données de vote pour Purple (URL: dressed-in-purple, HEADER:{'User-Agent': 'Mozilla/5.0 (X11; Linux i686; rv:39.0) Gecko/20100101 Firefox/39.0', 'x-api-version': '8', 'x-env': 'WEB', 'X-requested-with': 'XMLHttpRequest', 'X-token': 'a1cad95a6d480c14f51dd0eba4914c8337b893c789ec6278bb440c7c9a673b162f042470c62684e6da2bd342ffea7777'})
[2025-06-07 11:11:44] Récupération réussie: 200 images pour Purple
[2025-06-07 11:11:44] Voting fetching ...
[2025-06-07 11:11:44] Purple voting 70 images
[2025-06-07 11:11:44] Purple voted successfully
[2025-06-07 11:11:47] Challenges fetching ...
[2025-06-07 11:11:47] Challenges fetched successfully for bruno!
[2025-06-07 11:12:09] The 7 Sins get vote panel
[2025-06-07 11:12:09] Filling challenges: {101608}
Filled The 7 Sins with strategy end4

[2025-06-07 11:12:09] Récupération des données de vote pour The 7 Sins (URL: the-7-sins, HEADER:{'User-Agent': 'Mozilla/5.0 (X11; Linux i686; rv:39.0) Gecko/20100101 Firefox/39.0', 'x-api-version': '8', 'x-env': 'WEB', 'X-requested-with': 'XMLHttpRequest', 'X-token': 'a1cad95a6d480c14f51dd0eba4914c8337b893c789ec6278bb440c7c9a673b162f042470c62684e6da2bd342ffea7777'})
[2025-06-07 11:12:10] Récupération réussie: 200 images pour The 7 Sins
[2025-06-07 11:12:10] Voting fetching ...
[2025-06-07 11:12:10] The 7 Sins voting 70 images
[2025-06-07 11:12:11] The 7 Sins voted successfully
[2025-06-07 11:12:13] The 7 Sins get vote panel
[2025-06-07 11:12:13] Filling challenges: {101608}
Filled The 7 Sins with strategy end4

[2025-06-07 11:12:13] Récupération des données de vote pour The 7 Sins (URL: the-7-sins, HEADER:{'User-Agent': 'Mozilla/5.0 (X11; Linux i686; rv:39.0) Gecko/20100101 Firefox/39.0', 'x-api-version': '8', 'x-env': 'WEB', 'X-requested-with': 'XMLHttpRequest', 'X-token': 'a1cad95a6d480c14f51dd0eba4914c8337b893c789ec6278bb440c7c9a673b162f042470c62684e6da2bd342ffea7777'})
[2025-06-07 11:12:14] Récupération réussie: 200 images pour The 7 Sins
[2025-06-07 11:12:14] Voting fetching ...
[2025-06-07 11:12:14] The 7 Sins voting 70 images
[2025-06-07 11:12:14] Challenges fetching ...
[2025-06-07 11:12:14] Challenges fetched successfully for bruno!
[2025-06-07 11:12:14] The 7 Sins voted successfully
[2025-06-07 11:12:17] Challenges fetching ...
[2025-06-07 11:12:17] Challenges fetched successfully for bruno!
[2025-06-07 11:51:18] Fetching challenges...
[2025-06-07 11:51:19] Challenges fetching ...
[2025-06-07 11:51:19] Lancement automatique des stratégies de fin pour 12 nouveaux challenges...
[2025-06-07 11:51:19] Nouveau challenge détecté pour bruno: Purple
[2025-06-07 11:51:19] Nouveau challenge détecté pour bruno: Beautiful Eyes
[2025-06-07 11:51:19] Nouveau challenge détecté pour bruno: Color Drained
[2025-06-07 11:51:19] Nouveau challenge détecté pour bruno: Ultimate Exposure
[2025-06-07 11:51:19] Nouveau challenge détecté pour bruno: Bridges
[2025-06-07 11:51:19] Nouveau challenge détecté pour bruno: Still Life
[2025-06-07 11:51:19] Nouveau challenge détecté pour bruno: Best of Black & White
[2025-06-07 11:51:19] Nouveau challenge détecté pour bruno: Joyous Laughter
[2025-06-07 11:51:19] Nouveau challenge détecté pour bruno: Photo of the Week!
[2025-06-07 11:51:19] Nouveau challenge détecté pour bruno: Pools & Swimming
[2025-06-07 11:51:19] Nouveau challenge détecté pour bruno: The 7 Sins
[2025-06-07 11:51:19] Nouveau challenge détecté pour bruno: Dramatic Lighting
[2025-06-07 11:51:19] Challenges fetched successfully for bruno!
[2025-06-07 11:55:10] Fetching challenges...
[2025-06-07 11:55:12] Challenges fetching ...
[2025-06-07 11:55:12] Lancement automatique des stratégies de fin pour 12 nouveaux challenges...
[2025-06-07 11:55:12] Nouveau challenge détecté pour bruno: Purple
[2025-06-07 11:55:12] Nouveau challenge détecté pour bruno: Beautiful Eyes
[2025-06-07 11:55:12] Nouveau challenge détecté pour bruno: Color Drained
[2025-06-07 11:55:12] Nouveau challenge détecté pour bruno: Ultimate Exposure
[2025-06-07 11:55:12] Nouveau challenge détecté pour bruno: Bridges
[2025-06-07 11:55:12] Nouveau challenge détecté pour bruno: Still Life
[2025-06-07 11:55:12] Nouveau challenge détecté pour bruno: Best of Black & White
[2025-06-07 11:55:12] Nouveau challenge détecté pour bruno: Joyous Laughter
[2025-06-07 11:55:12] Nouveau challenge détecté pour bruno: Photo of the Week!
[2025-06-07 11:55:12] Nouveau challenge détecté pour bruno: Pools & Swimming
[2025-06-07 11:55:12] Nouveau challenge détecté pour bruno: The 7 Sins
[2025-06-07 11:55:12] Nouveau challenge détecté pour bruno: Dramatic Lighting
[2025-06-07 11:55:12] Challenges fetched successfully for bruno!
[2025-06-07 11:55:31] Refreshing challenges...
[2025-06-07 11:55:31] Fetching challenges...
[2025-06-07 11:55:32] Challenges fetching ...
[2025-06-07 11:55:32] Challenges fetched successfully for bruno!
[2025-06-07 11:59:37] Fetching challenges...
[2025-06-07 11:59:38] Challenges fetching ...
[2025-06-07 11:59:38] Lancement automatique des stratégies de fin pour 12 nouveaux challenges...
[2025-06-07 11:59:38] Nouveau challenge détecté pour bruno: Purple
[2025-06-07 11:59:38] Nouveau challenge détecté pour bruno: Beautiful Eyes
[2025-06-07 11:59:38] Nouveau challenge détecté pour bruno: Color Drained
[2025-06-07 11:59:38] Nouveau challenge détecté pour bruno: Ultimate Exposure
[2025-06-07 11:59:38] Nouveau challenge détecté pour bruno: Bridges
[2025-06-07 11:59:38] Nouveau challenge détecté pour bruno: Still Life
[2025-06-07 11:59:38] Nouveau challenge détecté pour bruno: Best of Black & White
[2025-06-07 11:59:38] Nouveau challenge détecté pour bruno: Joyous Laughter
[2025-06-07 11:59:38] Nouveau challenge détecté pour bruno: Photo of the Week!
[2025-06-07 11:59:38] Nouveau challenge détecté pour bruno: Pools & Swimming
[2025-06-07 11:59:38] Nouveau challenge détecté pour bruno: The 7 Sins
[2025-06-07 11:59:38] Nouveau challenge détecté pour bruno: Dramatic Lighting
[2025-06-07 11:59:38] Challenges fetched successfully for bruno!
[2025-06-07 12:09:40] Fetching challenges...
[2025-06-07 12:09:41] Challenges fetching ...
[2025-06-07 12:09:41] Lancement automatique des stratégies de fin pour 12 nouveaux challenges...
[2025-06-07 12:09:41] Nouveau challenge détecté pour bruno: Purple
[2025-06-07 12:09:41] Nouveau challenge détecté pour bruno: Beautiful Eyes
[2025-06-07 12:09:41] Nouveau challenge détecté pour bruno: Color Drained
[2025-06-07 12:09:41] Nouveau challenge détecté pour bruno: Ultimate Exposure
[2025-06-07 12:09:41] Nouveau challenge détecté pour bruno: Bridges
[2025-06-07 12:09:41] Nouveau challenge détecté pour bruno: Still Life
[2025-06-07 12:09:41] Nouveau challenge détecté pour bruno: Best of Black & White
[2025-06-07 12:09:41] Nouveau challenge détecté pour bruno: Joyous Laughter
[2025-06-07 12:09:41] Nouveau challenge détecté pour bruno: Photo of the Week!
[2025-06-07 12:09:41] Nouveau challenge détecté pour bruno: Pools & Swimming
[2025-06-07 12:09:41] Nouveau challenge détecté pour bruno: The 7 Sins
[2025-06-07 12:09:41] Nouveau challenge détecté pour bruno: Dramatic Lighting
[2025-06-07 12:09:41] Challenges fetched successfully for bruno!
[2025-06-07 12:10:42] Purple get vote panel
[2025-06-07 12:10:42] Filling challenges: {101613}
Filled Purple with strategy end4

[2025-06-07 12:10:42] Récupération des données de vote pour Purple (URL: dressed-in-purple, HEADER:{'User-Agent': 'Mozilla/5.0 (X11; Linux i686; rv:39.0) Gecko/20100101 Firefox/39.0', 'x-api-version': '8', 'x-env': 'WEB', 'X-requested-with': 'XMLHttpRequest', 'X-token': 'a1cad95a6d480c14f51dd0eba4914c8337b893c789ec6278bb440c7c9a673b162f042470c62684e6da2bd342ffea7777'})
[2025-06-07 12:10:43] Récupération réussie: 200 images pour Purple
[2025-06-07 12:10:43] Voting fetching ...
[2025-06-07 12:10:43] Purple voting 35 images
[2025-06-07 12:10:43] Purple voted successfully
[2025-06-07 12:10:46] Challenges fetching ...
[2025-06-07 12:10:47] Challenges fetched successfully for bruno!
[2025-06-07 12:10:51] Purple get vote panel
[2025-06-07 12:10:51] Filling challenges: {101613}
Filled Purple with strategy end4

[2025-06-07 12:10:51] Récupération des données de vote pour Purple (URL: dressed-in-purple, HEADER:{'User-Agent': 'Mozilla/5.0 (X11; Linux i686; rv:39.0) Gecko/20100101 Firefox/39.0', 'x-api-version': '8', 'x-env': 'WEB', 'X-requested-with': 'XMLHttpRequest', 'X-token': 'a1cad95a6d480c14f51dd0eba4914c8337b893c789ec6278bb440c7c9a673b162f042470c62684e6da2bd342ffea7777'})
[2025-06-07 12:10:52] Récupération réussie: 200 images pour Purple
[2025-06-07 12:10:52] Voting fetching ...
[2025-06-07 12:10:52] Purple voting 35 images
[2025-06-07 12:10:52] Purple voted successfully
[2025-06-07 12:10:55] Challenges fetching ...
[2025-06-07 12:10:56] Challenges fetched successfully for bruno!
[2025-06-07 12:23:51] Fetching challenges...
[2025-06-07 12:23:53] Challenges fetching ...
[2025-06-07 12:23:53] Lancement automatique des stratégies de fin pour 12 nouveaux challenges...
[2025-06-07 12:23:53] Nouveau challenge détecté pour bruno: Purple
[2025-06-07 12:23:53] Nouveau challenge détecté pour bruno: Beautiful Eyes
[2025-06-07 12:23:53] Nouveau challenge détecté pour bruno: Color Drained
[2025-06-07 12:23:53] Nouveau challenge détecté pour bruno: Ultimate Exposure
[2025-06-07 12:23:53] Nouveau challenge détecté pour bruno: Bridges
[2025-06-07 12:23:53] Nouveau challenge détecté pour bruno: Still Life
[2025-06-07 12:23:53] Nouveau challenge détecté pour bruno: Best of Black & White
[2025-06-07 12:23:53] Nouveau challenge détecté pour bruno: Joyous Laughter
[2025-06-07 12:23:53] Nouveau challenge détecté pour bruno: Photo of the Week!
[2025-06-07 12:23:53] Nouveau challenge détecté pour bruno: Pools & Swimming
[2025-06-07 12:23:53] Nouveau challenge détecté pour bruno: The 7 Sins
[2025-06-07 12:23:53] Nouveau challenge détecté pour bruno: Dramatic Lighting
[2025-06-07 12:23:53] Challenges fetched successfully for bruno!
[2025-06-07 12:25:32] Fetching challenges...
[2025-06-07 12:26:20] Fetching challenges...
[2025-06-07 12:26:21] Challenges fetching ...
[2025-06-07 12:26:21] Lancement automatique des stratégies de fin pour 12 nouveaux challenges...
[2025-06-07 12:26:21] Nouveau challenge détecté pour bruno: Purple
[2025-06-07 12:26:21] Nouveau challenge détecté pour bruno: Beautiful Eyes
[2025-06-07 12:26:21] Nouveau challenge détecté pour bruno: Color Drained
[2025-06-07 12:26:21] Nouveau challenge détecté pour bruno: Ultimate Exposure
[2025-06-07 12:26:21] Nouveau challenge détecté pour bruno: Bridges
[2025-06-07 12:26:21] Nouveau challenge détecté pour bruno: Still Life
[2025-06-07 12:26:21] Nouveau challenge détecté pour bruno: Best of Black & White
[2025-06-07 12:26:21] Nouveau challenge détecté pour bruno: Joyous Laughter
[2025-06-07 12:26:21] Nouveau challenge détecté pour bruno: Photo of the Week!
[2025-06-07 12:26:21] Nouveau challenge détecté pour bruno: Pools & Swimming
[2025-06-07 12:26:21] Nouveau challenge détecté pour bruno: The 7 Sins
[2025-06-07 12:26:21] Nouveau challenge détecté pour bruno: Dramatic Lighting
[2025-06-07 12:26:21] Challenges fetched successfully for bruno!
[2025-06-07 13:10:27] Fetching challenges...
[2025-06-07 13:10:29] Challenges fetching ...
[2025-06-07 13:10:29] Lancement automatique des stratégies de fin pour 12 nouveaux challenges...
[2025-06-07 13:10:29] Nouveau challenge détecté pour bruno: Purple
[2025-06-07 13:10:29] Nouveau challenge détecté pour bruno: Beautiful Eyes
[2025-06-07 13:10:29] Nouveau challenge détecté pour bruno: Color Drained
[2025-06-07 13:10:29] Nouveau challenge détecté pour bruno: Ultimate Exposure
[2025-06-07 13:10:29] Nouveau challenge détecté pour bruno: Bridges
[2025-06-07 13:10:29] Nouveau challenge détecté pour bruno: Still Life
[2025-06-07 13:10:29] Nouveau challenge détecté pour bruno: Best of Black & White
[2025-06-07 13:10:29] Nouveau challenge détecté pour bruno: Joyous Laughter
[2025-06-07 13:10:29] Nouveau challenge détecté pour bruno: Photo of the Week!
[2025-06-07 13:10:29] Nouveau challenge détecté pour bruno: Pools & Swimming
[2025-06-07 13:10:29] Nouveau challenge détecté pour bruno: The 7 Sins
[2025-06-07 13:10:29] Nouveau challenge détecté pour bruno: Dramatic Lighting
[2025-06-07 13:10:29] Challenges fetched successfully for bruno!
[2025-06-07 13:10:45] Lancement de la stratégie end4 pour The 7 Sins
[2025-06-07 13:10:45] Nouveau processus ajouté pour bruno: the-7-sins-vote-70-left-0H:4M - Statut: init
[2025-06-07 13:10:45] Traitement du challenge pour bruno: the-7-sins
[2025-06-07 13:10:45] Nouveau processus ajouté pour bruno: the-7-sins-vote-20-left-0H:3M - Statut: init
[2025-06-07 13:10:45] Traitement du challenge pour bruno: the-7-sins
[2025-06-07 13:10:45] Nouveau processus ajouté pour bruno: the-7-sins-vote-20-left-0H:2M - Statut: init
[2025-06-07 13:10:45] Processus mis à jour pour bruno: the-7-sins-vote-70-left-0H:4M - waiting
[2025-06-07 13:10:45] Traitement du challenge pour bruno: the-7-sins
[2025-06-07 13:10:45] Nouveau processus ajouté pour bruno: the-7-sins-vote-20-left-0H:1M - Statut: init
[2025-06-07 13:10:45] Processus mis à jour pour bruno: the-7-sins-vote-20-left-0H:3M - waiting
[2025-06-07 13:10:45] Traitement du challenge pour bruno: the-7-sins
[2025-06-07 13:10:45] Processus mis à jour pour bruno: the-7-sins-vote-20-left-0H:2M - waiting
[2025-06-07 13:10:45] Processus mis à jour pour bruno: the-7-sins-vote-20-left-0H:1M - waiting
[2025-06-07 13:10:45] Lancement de la stratégie end4 pour Beautiful Eyes
[2025-06-07 13:10:45] Nouveau processus ajouté pour bruno: attractive-eyes-vote-70-left-0H:4M - Statut: init
[2025-06-07 13:10:45] Nouveau processus ajouté pour bruno: attractive-eyes-vote-20-left-0H:3M - Statut: init
[2025-06-07 13:10:45] Traitement du challenge pour bruno: attractive-eyes
[2025-06-07 13:10:45] Traitement du challenge pour bruno: attractive-eyes
[2025-06-07 13:10:45] Processus mis à jour pour bruno: attractive-eyes-vote-70-left-0H:4M - waiting
[2025-06-07 13:10:45] Nouveau processus ajouté pour bruno: attractive-eyes-vote-20-left-0H:2M - Statut: init
[2025-06-07 13:10:45] Nouveau processus ajouté pour bruno: attractive-eyes-vote-20-left-0H:1M - Statut: init
[2025-06-07 13:10:45] Traitement du challenge pour bruno: attractive-eyes
[2025-06-07 13:10:45] Traitement du challenge pour bruno: attractive-eyes
[2025-06-07 13:10:45] Processus mis à jour pour bruno: attractive-eyes-vote-20-left-0H:3M - waiting
[2025-06-07 13:10:45] Processus mis à jour pour bruno: attractive-eyes-vote-20-left-0H:2M - waiting
[2025-06-07 13:10:45] Processus mis à jour pour bruno: attractive-eyes-vote-20-left-0H:1M - waiting
[2025-06-07 13:10:45] Lancement de la stratégie end4 pour Joyous Laughter
[2025-06-07 13:10:45] Commande  --cha joyous-laughter vote 70 --left 0:4 existe déjà pour bruno
[2025-06-07 13:10:45] Nouveau processus ajouté pour bruno: joyous-laughter-vote-70-left-0H:4M - Statut: init
[2025-06-07 13:10:45] Traitement du challenge pour bruno: joyous-laughter
[2025-06-07 13:10:45] Commande  --cha joyous-laughter vote 20 --left 0:3 existe déjà pour bruno
[2025-06-07 13:10:45] Nouveau processus ajouté pour bruno: joyous-laughter-vote-20-left-0H:3M - Statut: init
[2025-06-07 13:10:45] Commande  --cha joyous-laughter vote 20 --left 0:2 existe déjà pour bruno
[2025-06-07 13:10:45] Traitement du challenge pour bruno: joyous-laughter
[2025-06-07 13:10:45] Nouveau processus ajouté pour bruno: joyous-laughter-vote-20-left-0H:2M - Statut: init
[2025-06-07 13:10:45] Processus mis à jour pour bruno: joyous-laughter-vote-70-left-0H:4M - waiting
[2025-06-07 13:10:45] Traitement du challenge pour bruno: joyous-laughter
[2025-06-07 13:10:45] Commande  --cha joyous-laughter vote 20 --left 0:1 existe déjà pour bruno
[2025-06-07 13:10:45] Nouveau processus ajouté pour bruno: joyous-laughter-vote-20-left-0H:1M - Statut: init
[2025-06-07 13:10:45] Traitement du challenge pour bruno: joyous-laughter
[2025-06-07 13:10:45] Processus mis à jour pour bruno: joyous-laughter-vote-20-left-0H:3M - waiting
[2025-06-07 13:10:45] Processus mis à jour pour bruno: joyous-laughter-vote-20-left-0H:2M - waiting
[2025-06-07 13:10:45] Processus mis à jour pour bruno: joyous-laughter-vote-20-left-0H:1M - waiting
[2025-06-07 13:10:45] Application des stratégies pour les challenges sélectionnés:
- The 7 Sins avec stratégie end4
- Beautiful Eyes avec stratégie end4
- Joyous Laughter avec stratégie end4

[2025-06-07 13:25:03] Processus mis à jour pour bruno: joyous-laughter-vote-70-left-0H:4M - executing
[2025-06-07 13:25:03] Traitement de vote pour Joyous Laughter
[2025-06-07 13:25:03] Joyous Laughter get vote panel
[2025-06-07 13:25:03] Processus associé: joyous-laughter-vote-70-left-0H:4M
[2025-06-07 13:25:03] Récupération des données de vote pour Joyous Laughter (URL: joyous-laughter, HEADER:{'User-Agent': 'Mozilla/5.0 (X11; Linux i686; rv:39.0) Gecko/20100101 Firefox/39.0', 'x-api-version': '8', 'x-env': 'WEB', 'X-requested-with': 'XMLHttpRequest', 'X-token': 'a1cad95a6d480c14f51dd0eba4914c8337b893c789ec6278bb440c7c9a673b162f042470c62684e6da2bd342ffea7777'})
[2025-06-07 13:25:04] Récupération réussie: 200 images pour Joyous Laughter
[2025-06-07 13:25:04] Voting fetching ...
[2025-06-07 13:25:04] Joyous Laughter voting 70 images
[2025-06-07 13:25:05] Joyous Laughter voted successfully
[2025-06-07 13:25:05] Processus supprimé pour bruno: joyous-laughter-vote-70-left-0H:4M - success
[2025-06-07 13:25:05] Processus mis à jour pour bruno: joyous-laughter-vote-70-left-0H:4M - success
[2025-06-07 13:25:06] Processus joyous-laughter-vote-70-left-0H:4M terminé avec succès (profil: bruno)
[2025-06-07 13:25:14] Challenges fetching ...
[2025-06-07 13:25:14] Challenges fetched successfully for bruno!
[2025-06-07 13:26:08] Processus mis à jour pour bruno: joyous-laughter-vote-20-left-0H:3M - executing
[2025-06-07 13:26:08] Traitement de vote pour Joyous Laughter
[2025-06-07 13:26:08] Joyous Laughter get vote panel
[2025-06-07 13:26:08] Processus associé: joyous-laughter-vote-20-left-0H:3M
[2025-06-07 13:26:08] Récupération des données de vote pour Joyous Laughter (URL: joyous-laughter, HEADER:{'User-Agent': 'Mozilla/5.0 (X11; Linux i686; rv:39.0) Gecko/20100101 Firefox/39.0', 'x-api-version': '8', 'x-env': 'WEB', 'X-requested-with': 'XMLHttpRequest', 'X-token': 'a1cad95a6d480c14f51dd0eba4914c8337b893c789ec6278bb440c7c9a673b162f042470c62684e6da2bd342ffea7777'})
[2025-06-07 13:26:09] Récupération réussie: 200 images pour Joyous Laughter
[2025-06-07 13:26:09] Voting fetching ...
[2025-06-07 13:26:09] Joyous Laughter voting 20 images
[2025-06-07 13:26:10] Joyous Laughter voted successfully
[2025-06-07 13:26:10] Processus supprimé pour bruno: joyous-laughter-vote-20-left-0H:3M - success
[2025-06-07 13:26:10] Processus mis à jour pour bruno: joyous-laughter-vote-20-left-0H:3M - success
[2025-06-07 13:26:10] Processus joyous-laughter-vote-20-left-0H:3M terminé avec succès (profil: bruno)
[2025-06-07 13:26:14] Challenges fetching ...
[2025-06-07 13:26:14] Challenges fetched successfully for bruno!
[2025-06-07 13:27:12] Processus mis à jour pour bruno: joyous-laughter-vote-20-left-0H:2M - executing
[2025-06-07 13:27:12] Traitement de vote pour Joyous Laughter
[2025-06-07 13:27:12] Joyous Laughter get vote panel
[2025-06-07 13:27:12] Processus associé: joyous-laughter-vote-20-left-0H:2M
[2025-06-07 13:27:12] Récupération des données de vote pour Joyous Laughter (URL: joyous-laughter, HEADER:{'User-Agent': 'Mozilla/5.0 (X11; Linux i686; rv:39.0) Gecko/20100101 Firefox/39.0', 'x-api-version': '8', 'x-env': 'WEB', 'X-requested-with': 'XMLHttpRequest', 'X-token': 'a1cad95a6d480c14f51dd0eba4914c8337b893c789ec6278bb440c7c9a673b162f042470c62684e6da2bd342ffea7777'})
[2025-06-07 13:27:13] Récupération réussie: 200 images pour Joyous Laughter
[2025-06-07 13:27:13] Voting fetching ...
[2025-06-07 13:27:13] Joyous Laughter voting 20 images
[2025-06-07 13:27:14] Joyous Laughter voted successfully
[2025-06-07 13:27:14] Processus supprimé pour bruno: joyous-laughter-vote-20-left-0H:2M - success
[2025-06-07 13:27:14] Processus mis à jour pour bruno: joyous-laughter-vote-20-left-0H:2M - success
[2025-06-07 13:27:14] Processus joyous-laughter-vote-20-left-0H:2M terminé avec succès (profil: bruno)
[2025-06-07 13:27:17] Challenges fetching ...
[2025-06-07 13:27:17] Challenges fetched successfully for bruno!
[2025-06-07 13:28:17] Processus mis à jour pour bruno: joyous-laughter-vote-20-left-0H:1M - executing
[2025-06-07 13:28:17] Traitement de vote pour Joyous Laughter
[2025-06-07 13:28:17] Joyous Laughter get vote panel
[2025-06-07 13:28:17] Processus associé: joyous-laughter-vote-20-left-0H:1M
[2025-06-07 13:28:17] Récupération des données de vote pour Joyous Laughter (URL: joyous-laughter, HEADER:{'User-Agent': 'Mozilla/5.0 (X11; Linux i686; rv:39.0) Gecko/20100101 Firefox/39.0', 'x-api-version': '8', 'x-env': 'WEB', 'X-requested-with': 'XMLHttpRequest', 'X-token': 'a1cad95a6d480c14f51dd0eba4914c8337b893c789ec6278bb440c7c9a673b162f042470c62684e6da2bd342ffea7777'})
[2025-06-07 13:28:18] Récupération réussie: 200 images pour Joyous Laughter
[2025-06-07 13:28:18] Voting fetching ...
[2025-06-07 13:28:18] Joyous Laughter voting 20 images
[2025-06-07 13:28:19] Joyous Laughter voted successfully
[2025-06-07 13:28:19] Processus supprimé pour bruno: joyous-laughter-vote-20-left-0H:1M - success
[2025-06-07 13:28:19] Processus mis à jour pour bruno: joyous-laughter-vote-20-left-0H:1M - success
[2025-06-07 13:28:19] Processus joyous-laughter-vote-20-left-0H:1M terminé avec succès (profil: bruno)
[2025-06-07 13:28:22] Challenges fetching ...
[2025-06-07 13:28:22] Challenges fetched successfully for bruno!
[2025-06-07 14:41:53] Refreshing challenges...
[2025-06-07 14:41:53] Fetching challenges...
[2025-06-07 14:41:54] Challenges fetching ...
[2025-06-07 14:41:54] Challenges fetched successfully for bruno!
[2025-06-07 18:25:15] Processus mis à jour pour bruno: attractive-eyes-vote-70-left-0H:4M - executing
[2025-06-07 18:25:15] Traitement de vote pour Beautiful Eyes
[2025-06-07 18:25:15] Beautiful Eyes get vote panel
[2025-06-07 18:25:15] Processus associé: attractive-eyes-vote-70-left-0H:4M
[2025-06-07 18:25:15] Récupération des données de vote pour Beautiful Eyes (URL: attractive-eyes, HEADER:{'User-Agent': 'Mozilla/5.0 (X11; Linux i686; rv:39.0) Gecko/20100101 Firefox/39.0', 'x-api-version': '8', 'x-env': 'WEB', 'X-requested-with': 'XMLHttpRequest', 'X-token': 'a1cad95a6d480c14f51dd0eba4914c8337b893c789ec6278bb440c7c9a673b162f042470c62684e6da2bd342ffea7777'})
[2025-06-07 18:25:17] Récupération réussie: 200 images pour Beautiful Eyes
[2025-06-07 18:25:17] Voting fetching ...
[2025-06-07 18:25:17] Beautiful Eyes voting 70 images
[2025-06-07 18:25:18] Beautiful Eyes voted successfully
[2025-06-07 18:25:18] Processus supprimé pour bruno: attractive-eyes-vote-70-left-0H:4M - success
[2025-06-07 18:25:18] Processus mis à jour pour bruno: attractive-eyes-vote-70-left-0H:4M - success
[2025-06-07 18:25:18] Processus attractive-eyes-vote-70-left-0H:4M terminé avec succès (profil: bruno)
[2025-06-07 18:25:23] Challenges fetching ...
[2025-06-07 18:25:23] Challenges fetched successfully for bruno!
[2025-06-07 18:26:04] Processus mis à jour pour bruno: attractive-eyes-vote-20-left-0H:3M - executing
[2025-06-07 18:26:04] Traitement de vote pour Beautiful Eyes
[2025-06-07 18:26:04] Beautiful Eyes get vote panel
[2025-06-07 18:26:04] Processus associé: attractive-eyes-vote-20-left-0H:3M
[2025-06-07 18:26:04] Récupération des données de vote pour Beautiful Eyes (URL: attractive-eyes, HEADER:{'User-Agent': 'Mozilla/5.0 (X11; Linux i686; rv:39.0) Gecko/20100101 Firefox/39.0', 'x-api-version': '8', 'x-env': 'WEB', 'X-requested-with': 'XMLHttpRequest', 'X-token': 'a1cad95a6d480c14f51dd0eba4914c8337b893c789ec6278bb440c7c9a673b162f042470c62684e6da2bd342ffea7777'})
[2025-06-07 18:26:05] Récupération réussie: 200 images pour Beautiful Eyes
[2025-06-07 18:26:05] Voting fetching ...
[2025-06-07 18:26:05] Beautiful Eyes voting 20 images
[2025-06-07 18:26:06] Beautiful Eyes voted successfully
[2025-06-07 18:26:06] Processus supprimé pour bruno: attractive-eyes-vote-20-left-0H:3M - success
[2025-06-07 18:26:06] Processus mis à jour pour bruno: attractive-eyes-vote-20-left-0H:3M - success
[2025-06-07 18:26:06] Processus attractive-eyes-vote-20-left-0H:3M terminé avec succès (profil: bruno)
[2025-06-07 18:26:10] Challenges fetching ...
[2025-06-07 18:26:10] Challenges fetched successfully for bruno!
[2025-06-07 18:27:09] Processus mis à jour pour bruno: attractive-eyes-vote-20-left-0H:2M - executing
[2025-06-07 18:27:09] Traitement de vote pour Beautiful Eyes
[2025-06-07 18:27:09] Beautiful Eyes get vote panel
[2025-06-07 18:27:09] Processus associé: attractive-eyes-vote-20-left-0H:2M
[2025-06-07 18:27:09] Récupération des données de vote pour Beautiful Eyes (URL: attractive-eyes, HEADER:{'User-Agent': 'Mozilla/5.0 (X11; Linux i686; rv:39.0) Gecko/20100101 Firefox/39.0', 'x-api-version': '8', 'x-env': 'WEB', 'X-requested-with': 'XMLHttpRequest', 'X-token': 'a1cad95a6d480c14f51dd0eba4914c8337b893c789ec6278bb440c7c9a673b162f042470c62684e6da2bd342ffea7777'})
[2025-06-07 18:27:10] Récupération réussie: 200 images pour Beautiful Eyes
[2025-06-07 18:27:10] Voting fetching ...
[2025-06-07 18:27:10] Beautiful Eyes voting 20 images
[2025-06-07 18:27:11] Beautiful Eyes voted successfully
[2025-06-07 18:27:11] Processus supprimé pour bruno: attractive-eyes-vote-20-left-0H:2M - success
[2025-06-07 18:27:11] Processus mis à jour pour bruno: attractive-eyes-vote-20-left-0H:2M - success
[2025-06-07 18:27:11] Processus attractive-eyes-vote-20-left-0H:2M terminé avec succès (profil: bruno)
[2025-06-07 18:27:27] Challenges fetching ...
[2025-06-07 18:27:27] Challenges fetched successfully for bruno!
[2025-06-07 18:28:14] Processus mis à jour pour bruno: attractive-eyes-vote-20-left-0H:1M - executing
[2025-06-07 18:28:14] Traitement de vote pour Beautiful Eyes
[2025-06-07 18:28:14] Beautiful Eyes get vote panel
[2025-06-07 18:28:14] Processus associé: attractive-eyes-vote-20-left-0H:1M
[2025-06-07 18:28:14] Récupération des données de vote pour Beautiful Eyes (URL: attractive-eyes, HEADER:{'User-Agent': 'Mozilla/5.0 (X11; Linux i686; rv:39.0) Gecko/20100101 Firefox/39.0', 'x-api-version': '8', 'x-env': 'WEB', 'X-requested-with': 'XMLHttpRequest', 'X-token': 'a1cad95a6d480c14f51dd0eba4914c8337b893c789ec6278bb440c7c9a673b162f042470c62684e6da2bd342ffea7777'})
[2025-06-07 18:28:15] Récupération réussie: 200 images pour Beautiful Eyes
[2025-06-07 18:28:15] Voting fetching ...
[2025-06-07 18:28:15] Beautiful Eyes voting 20 images
[2025-06-07 18:28:16] Beautiful Eyes voted successfully
[2025-06-07 18:28:16] Processus supprimé pour bruno: attractive-eyes-vote-20-left-0H:1M - success
[2025-06-07 18:28:16] Processus mis à jour pour bruno: attractive-eyes-vote-20-left-0H:1M - success
[2025-06-07 18:28:16] Processus attractive-eyes-vote-20-left-0H:1M terminé avec succès (profil: bruno)
[2025-06-07 18:28:23] Challenges fetching ...
[2025-06-07 18:28:23] Challenges fetched successfully for bruno!
[2025-06-07 18:31:14] Refreshing challenges...
[2025-06-07 18:31:14] Fetching challenges...
[2025-06-07 18:31:15] Challenges fetching ...
[2025-06-07 18:31:15] Challenges fetched successfully for bruno!
[2025-06-07 23:06:36] Fetching challenges...
[2025-06-07 23:06:38] Challenges fetching ...
[2025-06-07 23:06:38] Lancement automatique des stratégies de fin pour 15 nouveaux challenges...
[2025-06-07 23:06:38] Nouveau challenge détecté pour pascale: Purple
[2025-06-07 23:06:38] Nouveau challenge détecté pour pascale: Bridges
[2025-06-07 23:06:38] Nouveau challenge détecté pour pascale: Color Drained
[2025-06-07 23:06:38] Nouveau challenge détecté pour pascale: Outdoor Furniture
[2025-06-07 23:06:38] Nouveau challenge détecté pour pascale: Solo - Single Subject
[2025-06-07 23:06:38] Nouveau challenge détecté pour pascale: Traveling The World
[2025-06-07 23:06:38] Nouveau challenge détecté pour pascale: Best of Black & White
[2025-06-07 23:06:38] Nouveau challenge détecté pour pascale: Photographer of the Week
[2025-06-07 23:06:38] Nouveau challenge détecté pour pascale: Gurus Only!
[2025-06-07 23:06:38] Nouveau challenge détecté pour pascale: Ultimate Exposure
[2025-06-07 23:06:38] Nouveau challenge détecté pour pascale: The 7 Sins
[2025-06-07 23:06:38] Nouveau challenge détecté pour pascale: Backlit Shots
[2025-06-07 23:06:38] Nouveau challenge détecté pour pascale: Pools & Swimming
[2025-06-07 23:06:38] Nouveau challenge détecté pour pascale: Dramatic Lighting
[2025-06-07 23:06:38] Nouveau challenge détecté pour pascale: Still Life
[2025-06-07 23:06:38] Challenges fetched successfully for pascale!
[2025-06-07 23:06:49] Sélection de tous les challenges

[2025-06-07 23:06:54] Outdoor Furniture get vote panel
[2025-06-07 23:06:54] Traveling The World get vote panel
[2025-06-07 23:06:54] Backlit Shots get vote panel
[2025-06-07 23:06:54] Best of Black & White get vote panel
[2025-06-07 23:06:54] Ultimate Exposure get vote panel
[2025-06-07 23:06:54] The 7 Sins get vote panel
[2025-06-07 23:06:54] Pools & Swimming get vote panel
[2025-06-07 23:06:54] Bridges get vote panel
[2025-06-07 23:06:54] Solo - Single Subject get vote panel
[2025-06-07 23:06:54] Color Drained get vote panel
[2025-06-07 23:06:54] Photographer of the Week get vote panel
[2025-06-07 23:06:54] Gurus Only! get vote panel
[2025-06-07 23:06:54] Still Life get vote panel
[2025-06-07 23:06:54] Dramatic Lighting get vote panel
[2025-06-07 23:06:54] Filling challenges: {101602, 101794, 101603, 101222, 101734, 101608, 101577, 101587, 102164, 101589, 102229, 101878, 101466, 101789}
Filled Outdoor Furniture with strategy end4
Filled Traveling The World with strategy end4
Filled Backlit Shots with strategy end4
Filled Best of Black & White with strategy end4
Filled Ultimate Exposure with strategy end4
Filled The 7 Sins with strategy end4
Filled Pools & Swimming with strategy end4
Filled Bridges with strategy end4
Filled Solo - Single Subject with strategy end4
Filled Color Drained with strategy end4
Filled Photographer of the Week with strategy end4
Filled Gurus Only! with strategy end4
Filled Still Life with strategy end4
Filled Dramatic Lighting with strategy end4

[2025-06-07 23:06:54] Récupération des données de vote pour Outdoor Furniture (URL: outdoor-furniture48, HEADER:{'User-Agent': 'Mozilla/5.0 (X11; Linux i686; rv:39.0) Gecko/20100101 Firefox/39.0', 'x-api-version': '8', 'x-env': 'WEB', 'X-requested-with': 'XMLHttpRequest', 'X-token': 'f96bbe3a7e7f833329e7129767a69abbfa6dfce3152e3c2a311eb49d89b5c3bb2b12b66b402f03dce682b8b2b6a005cd'})
[2025-06-07 23:06:54] Récupération des données de vote pour Traveling The World (URL: travel-stories6, HEADER:{'User-Agent': 'Mozilla/5.0 (X11; Linux i686; rv:39.0) Gecko/20100101 Firefox/39.0', 'x-api-version': '8', 'x-env': 'WEB', 'X-requested-with': 'XMLHttpRequest', 'X-token': 'f96bbe3a7e7f833329e7129767a69abbfa6dfce3152e3c2a311eb49d89b5c3bb2b12b66b402f03dce682b8b2b6a005cd'})
[2025-06-07 23:06:54] Récupération des données de vote pour Backlit Shots (URL: backlit-shots, HEADER:{'User-Agent': 'Mozilla/5.0 (X11; Linux i686; rv:39.0) Gecko/20100101 Firefox/39.0', 'x-api-version': '8', 'x-env': 'WEB', 'X-requested-with': 'XMLHttpRequest', 'X-token': 'f96bbe3a7e7f833329e7129767a69abbfa6dfce3152e3c2a311eb49d89b5c3bb2b12b66b402f03dce682b8b2b6a005cd'})
[2025-06-07 23:06:54] Récupération des données de vote pour Best of Black & White (URL: best-of-black-white29, HEADER:{'User-Agent': 'Mozilla/5.0 (X11; Linux i686; rv:39.0) Gecko/20100101 Firefox/39.0', 'x-api-version': '8', 'x-env': 'WEB', 'X-requested-with': 'XMLHttpRequest', 'X-token': 'f96bbe3a7e7f833329e7129767a69abbfa6dfce3152e3c2a311eb49d89b5c3bb2b12b66b402f03dce682b8b2b6a005cd'})
[2025-06-07 23:06:54] Récupération des données de vote pour Ultimate Exposure (URL: ultimate-exposure80, HEADER:{'User-Agent': 'Mozilla/5.0 (X11; Linux i686; rv:39.0) Gecko/20100101 Firefox/39.0', 'x-api-version': '8', 'x-env': 'WEB', 'X-requested-with': 'XMLHttpRequest', 'X-token': 'f96bbe3a7e7f833329e7129767a69abbfa6dfce3152e3c2a311eb49d89b5c3bb2b12b66b402f03dce682b8b2b6a005cd'})
[2025-06-07 23:06:54] Récupération des données de vote pour The 7 Sins (URL: the-7-sins, HEADER:{'User-Agent': 'Mozilla/5.0 (X11; Linux i686; rv:39.0) Gecko/20100101 Firefox/39.0', 'x-api-version': '8', 'x-env': 'WEB', 'X-requested-with': 'XMLHttpRequest', 'X-token': 'f96bbe3a7e7f833329e7129767a69abbfa6dfce3152e3c2a311eb49d89b5c3bb2b12b66b402f03dce682b8b2b6a005cd'})
[2025-06-07 23:06:54] Récupération des données de vote pour Pools & Swimming (URL: pools-swimming1, HEADER:{'User-Agent': 'Mozilla/5.0 (X11; Linux i686; rv:39.0) Gecko/20100101 Firefox/39.0', 'x-api-version': '8', 'x-env': 'WEB', 'X-requested-with': 'XMLHttpRequest', 'X-token': 'f96bbe3a7e7f833329e7129767a69abbfa6dfce3152e3c2a311eb49d89b5c3bb2b12b66b402f03dce682b8b2b6a005cd'})
[2025-06-07 23:06:54] Récupération des données de vote pour Bridges (URL: bridges35, HEADER:{'User-Agent': 'Mozilla/5.0 (X11; Linux i686; rv:39.0) Gecko/20100101 Firefox/39.0', 'x-api-version': '8', 'x-env': 'WEB', 'X-requested-with': 'XMLHttpRequest', 'X-token': 'f96bbe3a7e7f833329e7129767a69abbfa6dfce3152e3c2a311eb49d89b5c3bb2b12b66b402f03dce682b8b2b6a005cd'})
[2025-06-07 23:06:54] Récupération des données de vote pour Solo - Single Subject (URL: solo-single-subject32, HEADER:{'User-Agent': 'Mozilla/5.0 (X11; Linux i686; rv:39.0) Gecko/20100101 Firefox/39.0', 'x-api-version': '8', 'x-env': 'WEB', 'X-requested-with': 'XMLHttpRequest', 'X-token': 'f96bbe3a7e7f833329e7129767a69abbfa6dfce3152e3c2a311eb49d89b5c3bb2b12b66b402f03dce682b8b2b6a005cd'})
[2025-06-07 23:06:54] Récupération des données de vote pour Color Drained (URL: depleted-color, HEADER:{'User-Agent': 'Mozilla/5.0 (X11; Linux i686; rv:39.0) Gecko/20100101 Firefox/39.0', 'x-api-version': '8', 'x-env': 'WEB', 'X-requested-with': 'XMLHttpRequest', 'X-token': 'f96bbe3a7e7f833329e7129767a69abbfa6dfce3152e3c2a311eb49d89b5c3bb2b12b66b402f03dce682b8b2b6a005cd'})
[2025-06-07 23:06:54] Récupération des données de vote pour Photographer of the Week (URL: photographer-of-the-week211, HEADER:{'User-Agent': 'Mozilla/5.0 (X11; Linux i686; rv:39.0) Gecko/20100101 Firefox/39.0', 'x-api-version': '8', 'x-env': 'WEB', 'X-requested-with': 'XMLHttpRequest', 'X-token': 'f96bbe3a7e7f833329e7129767a69abbfa6dfce3152e3c2a311eb49d89b5c3bb2b12b66b402f03dce682b8b2b6a005cd'})
[2025-06-07 23:06:54] Récupération des données de vote pour Gurus Only! (URL: gurus-only-73, HEADER:{'User-Agent': 'Mozilla/5.0 (X11; Linux i686; rv:39.0) Gecko/20100101 Firefox/39.0', 'x-api-version': '8', 'x-env': 'WEB', 'X-requested-with': 'XMLHttpRequest', 'X-token': 'f96bbe3a7e7f833329e7129767a69abbfa6dfce3152e3c2a311eb49d89b5c3bb2b12b66b402f03dce682b8b2b6a005cd'})
[2025-06-07 23:06:54] Récupération des données de vote pour Still Life (URL: still-life5, HEADER:{'User-Agent': 'Mozilla/5.0 (X11; Linux i686; rv:39.0) Gecko/20100101 Firefox/39.0', 'x-api-version': '8', 'x-env': 'WEB', 'X-requested-with': 'XMLHttpRequest', 'X-token': 'f96bbe3a7e7f833329e7129767a69abbfa6dfce3152e3c2a311eb49d89b5c3bb2b12b66b402f03dce682b8b2b6a005cd'})
[2025-06-07 23:06:54] Récupération des données de vote pour Dramatic Lighting (URL: dramatic-lighting11, HEADER:{'User-Agent': 'Mozilla/5.0 (X11; Linux i686; rv:39.0) Gecko/20100101 Firefox/39.0', 'x-api-version': '8', 'x-env': 'WEB', 'X-requested-with': 'XMLHttpRequest', 'X-token': 'f96bbe3a7e7f833329e7129767a69abbfa6dfce3152e3c2a311eb49d89b5c3bb2b12b66b402f03dce682b8b2b6a005cd'})
[2025-06-07 23:06:54] Récupération réussie: 200 images pour Pools & Swimming
[2025-06-07 23:06:54] Voting fetching ...
[2025-06-07 23:06:54] Pools & Swimming voting 35 images
[2025-06-07 23:06:54] Récupération réussie: 200 images pour Color Drained
[2025-06-07 23:06:54] Voting fetching ...
[2025-06-07 23:06:54] Color Drained voting 35 images
[2025-06-07 23:06:55] Récupération réussie: 200 images pour The 7 Sins
[2025-06-07 23:06:55] Voting fetching ...
[2025-06-07 23:06:55] The 7 Sins voting 35 images
[2025-06-07 23:06:55] Récupération réussie: 200 images pour Gurus Only!
[2025-06-07 23:06:55] Voting fetching ...
[2025-06-07 23:06:55] Gurus Only! voting 35 images
[2025-06-07 23:06:55] Récupération réussie: 200 images pour Solo - Single Subject
[2025-06-07 23:06:55] Voting fetching ...
[2025-06-07 23:06:55] Solo - Single Subject voting 35 images
[2025-06-07 23:06:55] Récupération réussie: 200 images pour Backlit Shots
[2025-06-07 23:06:55] Voting fetching ...
[2025-06-07 23:06:55] Backlit Shots voting 35 images
[2025-06-07 23:06:55] Récupération réussie: 200 images pour Photographer of the Week
[2025-06-07 23:06:55] Voting fetching ...
[2025-06-07 23:06:55] Photographer of the Week voting 35 images
[2025-06-07 23:06:55] Récupération réussie: 200 images pour Outdoor Furniture
[2025-06-07 23:06:55] Voting fetching ...
[2025-06-07 23:06:55] Outdoor Furniture voting 35 images
[2025-06-07 23:06:55] Récupération réussie: 200 images pour Bridges
[2025-06-07 23:06:55] Voting fetching ...
[2025-06-07 23:06:55] Bridges voting 35 images
[2025-06-07 23:06:55] Récupération réussie: 200 images pour Traveling The World
[2025-06-07 23:06:55] Voting fetching ...
[2025-06-07 23:06:55] Traveling The World voting 35 images
[2025-06-07 23:06:55] Récupération réussie: 200 images pour Still Life
[2025-06-07 23:06:55] Voting fetching ...
[2025-06-07 23:06:55] Still Life voting 35 images
[2025-06-07 23:06:55] Récupération réussie: 200 images pour Dramatic Lighting
[2025-06-07 23:06:55] Voting fetching ...
[2025-06-07 23:06:55] Dramatic Lighting voting 35 images
[2025-06-07 23:06:55] Récupération réussie: 200 images pour Best of Black & White
[2025-06-07 23:06:55] Voting fetching ...
[2025-06-07 23:06:55] Best of Black & White voting 35 images
[2025-06-07 23:06:55] Récupération réussie: 200 images pour Ultimate Exposure
[2025-06-07 23:06:55] Voting fetching ...
[2025-06-07 23:06:55] Ultimate Exposure voting 35 images
[2025-06-07 23:06:56] Pools & Swimming voted successfully
[2025-06-07 23:06:58] Gurus Only! voted successfully
[2025-06-07 23:07:00] Color Drained voted successfully
[2025-06-07 23:07:02] Bridges voted successfully
[2025-06-07 23:07:04] Traveling The World voted successfully
[2025-06-07 23:07:06] The 7 Sins voted successfully
[2025-06-07 23:07:08] Outdoor Furniture voted successfully
[2025-06-07 23:07:10] Solo - Single Subject voted successfully
[2025-06-07 23:07:12] Photographer of the Week voted successfully
[2025-06-07 23:07:14] Ultimate Exposure voted successfully
[2025-06-07 23:07:16] Best of Black & White voted successfully
[2025-06-07 23:07:18] Backlit Shots voted successfully
[2025-06-07 23:07:20] Still Life voted successfully
[2025-06-07 23:07:22] Dramatic Lighting voted successfully
[2025-06-07 23:07:25] Challenges fetching ...
[2025-06-07 23:07:25] Challenges fetched successfully for pascale!
[2025-06-07 23:07:25] Challenges fetching ...
[2025-06-07 23:07:25] Challenges fetched successfully for pascale!
[2025-06-07 23:07:25] Challenges fetching ...
[2025-06-07 23:07:25] Challenges fetched successfully for pascale!
[2025-06-07 23:07:25] Challenges fetching ...
[2025-06-07 23:07:25] Challenges fetched successfully for pascale!
[2025-06-07 23:07:25] Challenges fetching ...
[2025-06-07 23:07:26] Challenges fetched successfully for pascale!
[2025-06-07 23:07:26] Challenges fetching ...
[2025-06-07 23:07:26] Challenges fetched successfully for pascale!
[2025-06-07 23:07:26] Challenges fetching ...
[2025-06-07 23:07:26] Challenges fetched successfully for pascale!
[2025-06-07 23:07:26] Challenges fetching ...
[2025-06-07 23:07:26] Challenges fetched successfully for pascale!
[2025-06-07 23:07:26] Challenges fetching ...
[2025-06-07 23:07:26] Challenges fetched successfully for pascale!
[2025-06-07 23:07:26] Challenges fetching ...
[2025-06-07 23:07:26] Challenges fetched successfully for pascale!
[2025-06-07 23:07:26] Challenges fetching ...
[2025-06-07 23:07:26] Challenges fetched successfully for pascale!
[2025-06-07 23:07:26] Challenges fetching ...
[2025-06-07 23:07:26] Challenges fetched successfully for pascale!
[2025-06-07 23:07:26] Challenges fetching ...
[2025-06-07 23:07:26] Challenges fetched successfully for pascale!
[2025-06-07 23:07:26] Challenges fetching ...
[2025-06-07 23:07:26] Challenges fetched successfully for pascale!
[2025-06-07 23:07:54] Outdoor Furniture get vote panel
[2025-06-07 23:07:54] Traveling The World get vote panel
[2025-06-07 23:07:54] Backlit Shots get vote panel
[2025-06-07 23:07:54] Best of Black & White get vote panel
[2025-06-07 23:07:54] Ultimate Exposure get vote panel
[2025-06-07 23:07:54] The 7 Sins get vote panel
[2025-06-07 23:07:54] Pools & Swimming get vote panel
[2025-06-07 23:07:54] Bridges get vote panel
[2025-06-07 23:07:54] Solo - Single Subject get vote panel
[2025-06-07 23:07:54] Color Drained get vote panel
[2025-06-07 23:07:54] Photographer of the Week get vote panel
[2025-06-07 23:07:54] Gurus Only! get vote panel
[2025-06-07 23:07:54] Still Life get vote panel
[2025-06-07 23:07:54] Dramatic Lighting get vote panel
[2025-06-07 23:07:54] Filling challenges: {101602, 101794, 101603, 101222, 101734, 101608, 101577, 101587, 102164, 101589, 102229, 101878, 101466, 101789}
Filled Outdoor Furniture with strategy end4
Filled Traveling The World with strategy end4
Filled Backlit Shots with strategy end4
Filled Best of Black & White with strategy end4
Filled Ultimate Exposure with strategy end4
Filled The 7 Sins with strategy end4
Filled Pools & Swimming with strategy end4
Filled Bridges with strategy end4
Filled Solo - Single Subject with strategy end4
Filled Color Drained with strategy end4
Filled Photographer of the Week with strategy end4
Filled Gurus Only! with strategy end4
Filled Still Life with strategy end4
Filled Dramatic Lighting with strategy end4

[2025-06-07 23:07:54] Récupération des données de vote pour Outdoor Furniture (URL: outdoor-furniture48, HEADER:{'User-Agent': 'Mozilla/5.0 (X11; Linux i686; rv:39.0) Gecko/20100101 Firefox/39.0', 'x-api-version': '8', 'x-env': 'WEB', 'X-requested-with': 'XMLHttpRequest', 'X-token': 'f96bbe3a7e7f833329e7129767a69abbfa6dfce3152e3c2a311eb49d89b5c3bb2b12b66b402f03dce682b8b2b6a005cd'})
[2025-06-07 23:07:54] Récupération des données de vote pour Traveling The World (URL: travel-stories6, HEADER:{'User-Agent': 'Mozilla/5.0 (X11; Linux i686; rv:39.0) Gecko/20100101 Firefox/39.0', 'x-api-version': '8', 'x-env': 'WEB', 'X-requested-with': 'XMLHttpRequest', 'X-token': 'f96bbe3a7e7f833329e7129767a69abbfa6dfce3152e3c2a311eb49d89b5c3bb2b12b66b402f03dce682b8b2b6a005cd'})
[2025-06-07 23:07:54] Récupération des données de vote pour Backlit Shots (URL: backlit-shots, HEADER:{'User-Agent': 'Mozilla/5.0 (X11; Linux i686; rv:39.0) Gecko/20100101 Firefox/39.0', 'x-api-version': '8', 'x-env': 'WEB', 'X-requested-with': 'XMLHttpRequest', 'X-token': 'f96bbe3a7e7f833329e7129767a69abbfa6dfce3152e3c2a311eb49d89b5c3bb2b12b66b402f03dce682b8b2b6a005cd'})
[2025-06-07 23:07:54] Récupération des données de vote pour Best of Black & White (URL: best-of-black-white29, HEADER:{'User-Agent': 'Mozilla/5.0 (X11; Linux i686; rv:39.0) Gecko/20100101 Firefox/39.0', 'x-api-version': '8', 'x-env': 'WEB', 'X-requested-with': 'XMLHttpRequest', 'X-token': 'f96bbe3a7e7f833329e7129767a69abbfa6dfce3152e3c2a311eb49d89b5c3bb2b12b66b402f03dce682b8b2b6a005cd'})
[2025-06-07 23:07:54] Récupération des données de vote pour Ultimate Exposure (URL: ultimate-exposure80, HEADER:{'User-Agent': 'Mozilla/5.0 (X11; Linux i686; rv:39.0) Gecko/20100101 Firefox/39.0', 'x-api-version': '8', 'x-env': 'WEB', 'X-requested-with': 'XMLHttpRequest', 'X-token': 'f96bbe3a7e7f833329e7129767a69abbfa6dfce3152e3c2a311eb49d89b5c3bb2b12b66b402f03dce682b8b2b6a005cd'})
[2025-06-07 23:07:54] Récupération des données de vote pour The 7 Sins (URL: the-7-sins, HEADER:{'User-Agent': 'Mozilla/5.0 (X11; Linux i686; rv:39.0) Gecko/20100101 Firefox/39.0', 'x-api-version': '8', 'x-env': 'WEB', 'X-requested-with': 'XMLHttpRequest', 'X-token': 'f96bbe3a7e7f833329e7129767a69abbfa6dfce3152e3c2a311eb49d89b5c3bb2b12b66b402f03dce682b8b2b6a005cd'})
[2025-06-07 23:07:54] Récupération des données de vote pour Pools & Swimming (URL: pools-swimming1, HEADER:{'User-Agent': 'Mozilla/5.0 (X11; Linux i686; rv:39.0) Gecko/20100101 Firefox/39.0', 'x-api-version': '8', 'x-env': 'WEB', 'X-requested-with': 'XMLHttpRequest', 'X-token': 'f96bbe3a7e7f833329e7129767a69abbfa6dfce3152e3c2a311eb49d89b5c3bb2b12b66b402f03dce682b8b2b6a005cd'})
[2025-06-07 23:07:54] Récupération des données de vote pour Bridges (URL: bridges35, HEADER:{'User-Agent': 'Mozilla/5.0 (X11; Linux i686; rv:39.0) Gecko/20100101 Firefox/39.0', 'x-api-version': '8', 'x-env': 'WEB', 'X-requested-with': 'XMLHttpRequest', 'X-token': 'f96bbe3a7e7f833329e7129767a69abbfa6dfce3152e3c2a311eb49d89b5c3bb2b12b66b402f03dce682b8b2b6a005cd'})
[2025-06-07 23:07:54] Récupération des données de vote pour Solo - Single Subject (URL: solo-single-subject32, HEADER:{'User-Agent': 'Mozilla/5.0 (X11; Linux i686; rv:39.0) Gecko/20100101 Firefox/39.0', 'x-api-version': '8', 'x-env': 'WEB', 'X-requested-with': 'XMLHttpRequest', 'X-token': 'f96bbe3a7e7f833329e7129767a69abbfa6dfce3152e3c2a311eb49d89b5c3bb2b12b66b402f03dce682b8b2b6a005cd'})
[2025-06-07 23:07:54] Récupération des données de vote pour Color Drained (URL: depleted-color, HEADER:{'User-Agent': 'Mozilla/5.0 (X11; Linux i686; rv:39.0) Gecko/20100101 Firefox/39.0', 'x-api-version': '8', 'x-env': 'WEB', 'X-requested-with': 'XMLHttpRequest', 'X-token': 'f96bbe3a7e7f833329e7129767a69abbfa6dfce3152e3c2a311eb49d89b5c3bb2b12b66b402f03dce682b8b2b6a005cd'})
[2025-06-07 23:07:54] Récupération des données de vote pour Photographer of the Week (URL: photographer-of-the-week211, HEADER:{'User-Agent': 'Mozilla/5.0 (X11; Linux i686; rv:39.0) Gecko/20100101 Firefox/39.0', 'x-api-version': '8', 'x-env': 'WEB', 'X-requested-with': 'XMLHttpRequest', 'X-token': 'f96bbe3a7e7f833329e7129767a69abbfa6dfce3152e3c2a311eb49d89b5c3bb2b12b66b402f03dce682b8b2b6a005cd'})
[2025-06-07 23:07:54] Récupération des données de vote pour Gurus Only! (URL: gurus-only-73, HEADER:{'User-Agent': 'Mozilla/5.0 (X11; Linux i686; rv:39.0) Gecko/20100101 Firefox/39.0', 'x-api-version': '8', 'x-env': 'WEB', 'X-requested-with': 'XMLHttpRequest', 'X-token': 'f96bbe3a7e7f833329e7129767a69abbfa6dfce3152e3c2a311eb49d89b5c3bb2b12b66b402f03dce682b8b2b6a005cd'})
[2025-06-07 23:07:54] Récupération des données de vote pour Still Life (URL: still-life5, HEADER:{'User-Agent': 'Mozilla/5.0 (X11; Linux i686; rv:39.0) Gecko/20100101 Firefox/39.0', 'x-api-version': '8', 'x-env': 'WEB', 'X-requested-with': 'XMLHttpRequest', 'X-token': 'f96bbe3a7e7f833329e7129767a69abbfa6dfce3152e3c2a311eb49d89b5c3bb2b12b66b402f03dce682b8b2b6a005cd'})
[2025-06-07 23:07:54] Récupération des données de vote pour Dramatic Lighting (URL: dramatic-lighting11, HEADER:{'User-Agent': 'Mozilla/5.0 (X11; Linux i686; rv:39.0) Gecko/20100101 Firefox/39.0', 'x-api-version': '8', 'x-env': 'WEB', 'X-requested-with': 'XMLHttpRequest', 'X-token': 'f96bbe3a7e7f833329e7129767a69abbfa6dfce3152e3c2a311eb49d89b5c3bb2b12b66b402f03dce682b8b2b6a005cd'})
[2025-06-07 23:07:54] Récupération réussie: 200 images pour Pools & Swimming
[2025-06-07 23:07:54] Voting fetching ...
[2025-06-07 23:07:54] Pools & Swimming voting 35 images
[2025-06-07 23:07:55] Récupération réussie: 200 images pour Color Drained
[2025-06-07 23:07:55] Voting fetching ...
[2025-06-07 23:07:55] Color Drained voting 35 images
[2025-06-07 23:07:55] Récupération réussie: 200 images pour The 7 Sins
[2025-06-07 23:07:55] Voting fetching ...
[2025-06-07 23:07:55] The 7 Sins voting 35 images
[2025-06-07 23:07:55] Récupération réussie: 200 images pour Photographer of the Week
[2025-06-07 23:07:55] Voting fetching ...
[2025-06-07 23:07:55] Photographer of the Week voting 35 images
[2025-06-07 23:07:55] Récupération réussie: 200 images pour Gurus Only!
[2025-06-07 23:07:55] Voting fetching ...
[2025-06-07 23:07:55] Gurus Only! voting 35 images
[2025-06-07 23:07:55] Récupération réussie: 200 images pour Backlit Shots
[2025-06-07 23:07:55] Voting fetching ...
[2025-06-07 23:07:55] Backlit Shots voting 35 images
[2025-06-07 23:07:55] Récupération réussie: 200 images pour Solo - Single Subject
[2025-06-07 23:07:55] Voting fetching ...
[2025-06-07 23:07:55] Solo - Single Subject voting 35 images
[2025-06-07 23:07:55] Récupération réussie: 200 images pour Outdoor Furniture
[2025-06-07 23:07:55] Voting fetching ...
[2025-06-07 23:07:55] Outdoor Furniture voting 35 images
[2025-06-07 23:07:55] Récupération réussie: 200 images pour Bridges
[2025-06-07 23:07:55] Voting fetching ...
[2025-06-07 23:07:55] Bridges voting 35 images
[2025-06-07 23:07:55] Récupération réussie: 200 images pour Traveling The World
[2025-06-07 23:07:55] Voting fetching ...
[2025-06-07 23:07:55] Traveling The World voting 35 images
[2025-06-07 23:07:55] Récupération réussie: 200 images pour Dramatic Lighting
[2025-06-07 23:07:55] Voting fetching ...
[2025-06-07 23:07:55] Dramatic Lighting voting 35 images
[2025-06-07 23:07:55] Récupération réussie: 200 images pour Ultimate Exposure
[2025-06-07 23:07:55] Voting fetching ...
[2025-06-07 23:07:55] Ultimate Exposure voting 35 images
[2025-06-07 23:07:55] Récupération réussie: 200 images pour Still Life
[2025-06-07 23:07:55] Voting fetching ...
[2025-06-07 23:07:55] Still Life voting 35 images
[2025-06-07 23:07:55] Récupération réussie: 200 images pour Best of Black & White
[2025-06-07 23:07:55] Voting fetching ...
[2025-06-07 23:07:55] Best of Black & White voting 35 images
[2025-06-07 23:07:56] Pools & Swimming voted successfully
[2025-06-07 23:07:58] Gurus Only! voted successfully
[2025-06-07 23:08:00] The 7 Sins voted successfully
[2025-06-07 23:08:02] Photographer of the Week voted successfully
[2025-06-07 23:08:04] Traveling The World voted successfully
[2025-06-07 23:08:06] Still Life voted successfully
[2025-06-07 23:08:08] Color Drained voted successfully
[2025-06-07 23:08:10] Ultimate Exposure voted successfully
[2025-06-07 23:08:12] Solo - Single Subject voted successfully
[2025-06-07 23:08:14] Outdoor Furniture voted successfully
[2025-06-07 23:08:16] Bridges voted successfully
[2025-06-07 23:08:18] Backlit Shots voted successfully
[2025-06-07 23:08:20] Best of Black & White voted successfully
[2025-06-07 23:08:22] Dramatic Lighting voted successfully
[2025-06-07 23:08:25] Challenges fetching ...
[2025-06-07 23:08:25] Challenges fetched successfully for pascale!
[2025-06-07 23:08:25] Challenges fetching ...
[2025-06-07 23:08:25] Challenges fetched successfully for pascale!
[2025-06-07 23:08:25] Challenges fetching ...
[2025-06-07 23:08:26] Challenges fetched successfully for pascale!
[2025-06-07 23:08:26] Challenges fetching ...
[2025-06-07 23:08:26] Challenges fetched successfully for pascale!
[2025-06-07 23:08:26] Challenges fetching ...
[2025-06-07 23:08:26] Challenges fetched successfully for pascale!
[2025-06-07 23:08:26] Challenges fetching ...
[2025-06-07 23:08:26] Challenges fetched successfully for pascale!
[2025-06-07 23:08:26] Challenges fetching ...
[2025-06-07 23:08:26] Challenges fetched successfully for pascale!
[2025-06-07 23:08:26] Challenges fetching ...
[2025-06-07 23:08:26] Challenges fetched successfully for pascale!
[2025-06-07 23:08:26] Challenges fetching ...
[2025-06-07 23:08:26] Challenges fetched successfully for pascale!
[2025-06-07 23:08:26] Challenges fetching ...
[2025-06-07 23:08:26] Challenges fetched successfully for pascale!
[2025-06-07 23:08:26] Challenges fetching ...
[2025-06-07 23:08:26] Challenges fetched successfully for pascale!
[2025-06-07 23:08:26] Challenges fetching ...
[2025-06-07 23:08:26] Challenges fetched successfully for pascale!
[2025-06-07 23:08:26] Challenges fetching ...
[2025-06-07 23:08:26] Challenges fetched successfully for pascale!
[2025-06-07 23:08:26] Challenges fetching ...
[2025-06-07 23:08:26] Challenges fetched successfully for pascale!
