[2025-06-16 00:03:36] Désélection de tous les challenges

[2025-06-16 00:03:37] Refreshing challenges...
[2025-06-16 00:03:37] Fetching challenges...
[2025-06-16 00:03:38] Challenges fetching ...
[2025-06-16 00:03:38] Lancement automatique des stratégies de fin pour 2 nouveaux challenges...
[2025-06-16 00:03:38] Nouveau challenge détecté pour pascale: Macro Wonders
[2025-06-16 00:03:38] Nouveau challenge détecté pour pascale: Pastels Coloring
[2025-06-16 00:03:38] Challenges fetched successfully for pascale!
[2025-06-16 00:04:03] Pastels Coloring get vote panel
[2025-06-16 00:04:03] Filling challenges: {101662}
Filled Pastels Coloring with strategy end4

[2025-06-16 00:04:03] Récupération des données de vote pour Pastels Coloring (URL: pastels-coloring, HEADER:{'User-Agent': 'Mozilla/5.0 (X11; Linux i686; rv:39.0) Gecko/20100101 Firefox/39.0', 'x-api-version': '8', 'x-env': 'WEB', 'X-requested-with': 'XMLHttpRequest', 'X-token': 'f96bbe3a7e7f833329e7129767a69abbfa6dfce3152e3c2a311eb49d89b5c3bb2b12b66b402f03dce682b8b2b6a005cd'})
[2025-06-16 00:04:04] Récupération réussie: 200 images pour Pastels Coloring
[2025-06-16 00:04:04] Voting fetching ...
[2025-06-16 00:04:04] Pastels Coloring voting 35 images
[2025-06-16 00:04:07] Pastels Coloring voting 35 images
[2025-06-16 00:04:07] Pastels Coloring voted successfully
[2025-06-16 00:04:09] Pastels Coloring voted successfully
[2025-06-16 00:04:13] Challenges fetching ...
[2025-06-16 00:04:13] Challenges fetched successfully for pascale!
[2025-06-16 00:04:13] Challenges fetching ...
[2025-06-16 00:04:13] Challenges fetched successfully for pascale!
[2025-06-16 00:04:33] Refreshing challenges...
[2025-06-16 00:04:33] Fetching challenges...
[2025-06-16 00:04:34] Challenges fetching ...
[2025-06-16 00:04:34] Challenges fetched successfully for pascale!
[2025-06-16 00:04:48] Refreshing challenges...
[2025-06-16 00:04:48] Fetching challenges...
[2025-06-16 00:04:49] Challenges fetching ...
[2025-06-16 00:04:49] Challenges fetched successfully for pascale!
[2025-06-16 00:05:11] Désélection de tous les challenges

[2025-06-16 00:05:11] Refreshing challenges...
[2025-06-16 00:05:11] Fetching challenges...
[2025-06-16 00:05:12] Challenges fetching ...
[2025-06-16 00:05:12] Lancement automatique des stratégies de fin pour 5 nouveaux challenges...
[2025-06-16 00:05:12] Nouveau challenge détecté pour bruno: Top Photographer
[2025-06-16 00:05:12] Nouveau challenge détecté pour bruno: Blacks & Reds
[2025-06-16 00:05:12] Nouveau challenge détecté pour bruno: Feathers VS Fur
[2025-06-16 00:05:12] Nouveau challenge détecté pour bruno: Two wheels
[2025-06-16 00:05:12] Nouveau challenge détecté pour bruno: Pastels Coloring
[2025-06-16 00:05:12] Challenges fetched successfully for bruno!
[2025-06-16 00:05:15] Sélection de tous les challenges

[2025-06-16 00:05:19] Two wheels get vote panel
[2025-06-16 00:05:19] 500 Guru's Picks get vote panel
[2025-06-16 00:05:19] Blacks & Reds get vote panel
[2025-06-16 00:05:19] Feathers VS Fur get vote panel
[2025-06-16 00:05:19] Top Photographer get vote panel
[2025-06-16 00:05:19] Wooden Structures get vote panel
[2025-06-16 00:05:19] Pastels Coloring get vote panel
[2025-06-16 00:05:19] Dramatic Lighting get vote panel
[2025-06-16 00:05:19] Photo of the Week! get vote panel
[2025-06-16 00:05:19] Military Forces get vote panel
[2025-06-16 00:05:19] Filling challenges: {101664, 102473, 101676, 101680, 101681, 101624, 101662, 101789, 102238, 101631}
Filled Two wheels with strategy end4
Filled 500 Guru's Picks with strategy end4
Filled Blacks & Reds with strategy end4
Filled Feathers VS Fur with strategy end4
Filled Top Photographer with strategy end4
Filled Wooden Structures with strategy end4
Filled Pastels Coloring with strategy end4
Filled Dramatic Lighting with strategy end4
Filled Photo of the Week! with strategy end4
Filled Military Forces with strategy end4

[2025-06-16 00:05:19] Récupération des données de vote pour Two wheels (URL: two-wheels27, HEADER:{'User-Agent': 'Mozilla/5.0 (X11; Linux i686; rv:39.0) Gecko/20100101 Firefox/39.0', 'x-api-version': '8', 'x-env': 'WEB', 'X-requested-with': 'XMLHttpRequest', 'X-token': 'a1cad95a6d480c14f51dd0eba4914c8337b893c789ec6278bb440c7c9a673b162f042470c62684e6da2bd342ffea7777'})
[2025-06-16 00:05:19] Récupération des données de vote pour 500 Guru's Picks (URL: 500-guru-s-picks79, HEADER:{'User-Agent': 'Mozilla/5.0 (X11; Linux i686; rv:39.0) Gecko/20100101 Firefox/39.0', 'x-api-version': '8', 'x-env': 'WEB', 'X-requested-with': 'XMLHttpRequest', 'X-token': 'a1cad95a6d480c14f51dd0eba4914c8337b893c789ec6278bb440c7c9a673b162f042470c62684e6da2bd342ffea7777'})
[2025-06-16 00:05:19] Récupération des données de vote pour Blacks & Reds (URL: blacks-reds2, HEADER:{'User-Agent': 'Mozilla/5.0 (X11; Linux i686; rv:39.0) Gecko/20100101 Firefox/39.0', 'x-api-version': '8', 'x-env': 'WEB', 'X-requested-with': 'XMLHttpRequest', 'X-token': 'a1cad95a6d480c14f51dd0eba4914c8337b893c789ec6278bb440c7c9a673b162f042470c62684e6da2bd342ffea7777'})
[2025-06-16 00:05:19] Récupération des données de vote pour Feathers VS Fur (URL: feathers-vs-fur46, HEADER:{'User-Agent': 'Mozilla/5.0 (X11; Linux i686; rv:39.0) Gecko/20100101 Firefox/39.0', 'x-api-version': '8', 'x-env': 'WEB', 'X-requested-with': 'XMLHttpRequest', 'X-token': 'a1cad95a6d480c14f51dd0eba4914c8337b893c789ec6278bb440c7c9a673b162f042470c62684e6da2bd342ffea7777'})
[2025-06-16 00:05:19] Récupération des données de vote pour Top Photographer (URL: top-photographer34, HEADER:{'User-Agent': 'Mozilla/5.0 (X11; Linux i686; rv:39.0) Gecko/20100101 Firefox/39.0', 'x-api-version': '8', 'x-env': 'WEB', 'X-requested-with': 'XMLHttpRequest', 'X-token': 'a1cad95a6d480c14f51dd0eba4914c8337b893c789ec6278bb440c7c9a673b162f042470c62684e6da2bd342ffea7777'})
[2025-06-16 00:05:19] Récupération des données de vote pour Wooden Structures (URL: wooden-structures, HEADER:{'User-Agent': 'Mozilla/5.0 (X11; Linux i686; rv:39.0) Gecko/20100101 Firefox/39.0', 'x-api-version': '8', 'x-env': 'WEB', 'X-requested-with': 'XMLHttpRequest', 'X-token': 'a1cad95a6d480c14f51dd0eba4914c8337b893c789ec6278bb440c7c9a673b162f042470c62684e6da2bd342ffea7777'})
[2025-06-16 00:05:19] Récupération des données de vote pour Pastels Coloring (URL: pastels-coloring, HEADER:{'User-Agent': 'Mozilla/5.0 (X11; Linux i686; rv:39.0) Gecko/20100101 Firefox/39.0', 'x-api-version': '8', 'x-env': 'WEB', 'X-requested-with': 'XMLHttpRequest', 'X-token': 'a1cad95a6d480c14f51dd0eba4914c8337b893c789ec6278bb440c7c9a673b162f042470c62684e6da2bd342ffea7777'})
[2025-06-16 00:05:19] Récupération des données de vote pour Dramatic Lighting (URL: dramatic-lighting11, HEADER:{'User-Agent': 'Mozilla/5.0 (X11; Linux i686; rv:39.0) Gecko/20100101 Firefox/39.0', 'x-api-version': '8', 'x-env': 'WEB', 'X-requested-with': 'XMLHttpRequest', 'X-token': 'a1cad95a6d480c14f51dd0eba4914c8337b893c789ec6278bb440c7c9a673b162f042470c62684e6da2bd342ffea7777'})
[2025-06-16 00:05:19] Récupération des données de vote pour Photo of the Week! (URL: photo-of-the-week-300, HEADER:{'User-Agent': 'Mozilla/5.0 (X11; Linux i686; rv:39.0) Gecko/20100101 Firefox/39.0', 'x-api-version': '8', 'x-env': 'WEB', 'X-requested-with': 'XMLHttpRequest', 'X-token': 'a1cad95a6d480c14f51dd0eba4914c8337b893c789ec6278bb440c7c9a673b162f042470c62684e6da2bd342ffea7777'})
[2025-06-16 00:05:19] Récupération des données de vote pour Military Forces (URL: military-forces23, HEADER:{'User-Agent': 'Mozilla/5.0 (X11; Linux i686; rv:39.0) Gecko/20100101 Firefox/39.0', 'x-api-version': '8', 'x-env': 'WEB', 'X-requested-with': 'XMLHttpRequest', 'X-token': 'a1cad95a6d480c14f51dd0eba4914c8337b893c789ec6278bb440c7c9a673b162f042470c62684e6da2bd342ffea7777'})
[2025-06-16 00:05:20] Récupération réussie: 200 images pour Blacks & Reds
[2025-06-16 00:05:20] Voting fetching ...
[2025-06-16 00:05:20] Blacks & Reds voting 35 images
[2025-06-16 00:05:23] Blacks & Reds voting 35 images
[2025-06-16 00:05:23] Récupération réussie: 200 images pour Two wheels
[2025-06-16 00:05:23] Voting fetching ...
[2025-06-16 00:05:23] Two wheels voting 35 images
[2025-06-16 00:05:26] Two wheels voting 35 images
[2025-06-16 00:05:26] Récupération réussie: 200 images pour Pastels Coloring
[2025-06-16 00:05:26] Voting fetching ...
[2025-06-16 00:05:26] Pastels Coloring voting 35 images
[2025-06-16 00:05:29] Pastels Coloring voting 35 images
[2025-06-16 00:05:29] Récupération réussie: 200 images pour Military Forces
[2025-06-16 00:05:29] Voting fetching ...
[2025-06-16 00:05:29] Military Forces voting 35 images
[2025-06-16 00:05:32] Military Forces voting 35 images
[2025-06-16 00:05:32] Récupération réussie: 200 images pour Top Photographer
[2025-06-16 00:05:32] Voting fetching ...
[2025-06-16 00:05:32] Top Photographer voting 35 images
[2025-06-16 00:05:35] Top Photographer voting 35 images
[2025-06-16 00:05:35] Récupération réussie: 200 images pour Photo of the Week!
[2025-06-16 00:05:35] Voting fetching ...
[2025-06-16 00:05:35] Photo of the Week! voting 35 images
[2025-06-16 00:05:38] Photo of the Week! voting 35 images
[2025-06-16 00:05:38] Récupération réussie: 200 images pour Wooden Structures
[2025-06-16 00:05:38] Voting fetching ...
[2025-06-16 00:05:38] Wooden Structures voting 35 images
[2025-06-16 00:05:41] Wooden Structures voting 35 images
[2025-06-16 00:05:41] Récupération réussie: 200 images pour Feathers VS Fur
[2025-06-16 00:05:41] Voting fetching ...
[2025-06-16 00:05:41] Feathers VS Fur voting 35 images
[2025-06-16 00:05:44] Feathers VS Fur voting 35 images
[2025-06-16 00:05:44] Récupération réussie: 200 images pour 500 Guru's Picks
[2025-06-16 00:05:44] Voting fetching ...
[2025-06-16 00:05:44] 500 Guru's Picks voting 35 images
[2025-06-16 00:05:47] 500 Guru's Picks voting 35 images
[2025-06-16 00:05:47] Récupération réussie: 200 images pour Dramatic Lighting
[2025-06-16 00:05:47] Voting fetching ...
[2025-06-16 00:05:47] Dramatic Lighting voting 35 images
[2025-06-16 00:05:50] Dramatic Lighting voting 35 images
[2025-06-16 00:05:51] Blacks & Reds voted successfully
[2025-06-16 00:05:53] Blacks & Reds voted successfully
[2025-06-16 00:05:55] Two wheels voted successfully
[2025-06-16 00:05:57] Photo of the Week! voted successfully
[2025-06-16 00:05:59] Two wheels voted successfully
[2025-06-16 00:06:01] Military Forces voted successfully
[2025-06-16 00:06:03] Wooden Structures voted successfully
[2025-06-16 00:06:05] Military Forces voted successfully
[2025-06-16 00:06:07] Wooden Structures voted successfully
[2025-06-16 00:06:09] Dramatic Lighting voted successfully
[2025-06-16 00:06:11] Photo of the Week! voted successfully
[2025-06-16 00:06:13] Dramatic Lighting voted successfully
[2025-06-16 00:06:15] 500 Guru's Picks voted successfully
[2025-06-16 00:06:17] Pastels Coloring voted successfully
[2025-06-16 00:06:19] 500 Guru's Picks voted successfully
[2025-06-16 00:06:21] Pastels Coloring voted successfully
[2025-06-16 00:06:23] Top Photographer voted successfully
[2025-06-16 00:06:25] Top Photographer voted successfully
[2025-06-16 00:06:27] Feathers VS Fur voted successfully
[2025-06-16 00:06:29] Feathers VS Fur voted successfully
[2025-06-16 00:06:32] Challenges fetching ...
[2025-06-16 00:06:32] Challenges fetched successfully for bruno!
[2025-06-16 00:06:32] Challenges fetching ...
[2025-06-16 00:06:32] Challenges fetched successfully for bruno!
[2025-06-16 00:06:32] Challenges fetching ...
[2025-06-16 00:06:32] Challenges fetched successfully for bruno!
[2025-06-16 00:06:32] Challenges fetching ...
[2025-06-16 00:06:32] Challenges fetched successfully for bruno!
[2025-06-16 00:06:32] Challenges fetching ...
[2025-06-16 00:06:32] Challenges fetched successfully for bruno!
[2025-06-16 00:06:32] Challenges fetching ...
[2025-06-16 00:06:32] Challenges fetched successfully for bruno!
[2025-06-16 00:06:32] Challenges fetching ...
[2025-06-16 00:06:32] Challenges fetched successfully for bruno!
[2025-06-16 00:06:32] Challenges fetching ...
[2025-06-16 00:06:32] Challenges fetched successfully for bruno!
[2025-06-16 00:06:32] Challenges fetching ...
[2025-06-16 00:06:32] Challenges fetched successfully for bruno!
[2025-06-16 00:06:33] Challenges fetching ...
[2025-06-16 00:06:33] Challenges fetched successfully for bruno!
[2025-06-16 00:06:33] Challenges fetching ...
[2025-06-16 00:06:33] Challenges fetched successfully for bruno!
[2025-06-16 00:06:33] Challenges fetching ...
[2025-06-16 00:06:33] Challenges fetched successfully for bruno!
[2025-06-16 00:06:33] Challenges fetching ...
[2025-06-16 00:06:33] Challenges fetched successfully for bruno!
[2025-06-16 00:06:33] Challenges fetching ...
[2025-06-16 00:06:33] Challenges fetched successfully for bruno!
[2025-06-16 00:06:33] Challenges fetching ...
[2025-06-16 00:06:33] Challenges fetched successfully for bruno!
[2025-06-16 00:06:33] Challenges fetching ...
[2025-06-16 00:06:33] Challenges fetched successfully for bruno!
[2025-06-16 00:06:33] Challenges fetching ...
[2025-06-16 00:06:33] Challenges fetched successfully for bruno!
[2025-06-16 00:06:33] Challenges fetching ...
[2025-06-16 00:06:33] Challenges fetched successfully for bruno!
[2025-06-16 00:06:33] Challenges fetching ...
[2025-06-16 00:06:33] Challenges fetched successfully for bruno!
[2025-06-16 00:06:33] Challenges fetching ...
[2025-06-16 00:06:33] Challenges fetched successfully for bruno!
[2025-06-16 00:17:08] Refreshing challenges...
[2025-06-16 00:17:08] Fetching challenges...
[2025-06-16 00:17:09] Challenges fetching ...
[2025-06-16 00:17:09] Challenges fetched successfully for pascale!
[2025-06-16 00:18:01] Macro Wonders get vote panel
[2025-06-16 00:18:01] Filling challenges: {102467}
Filled Macro Wonders with strategy end4

[2025-06-16 00:18:01] Récupération des données de vote pour Macro Wonders (URL: macro5, HEADER:{'User-Agent': 'Mozilla/5.0 (X11; Linux i686; rv:39.0) Gecko/20100101 Firefox/39.0', 'x-api-version': '8', 'x-env': 'WEB', 'X-requested-with': 'XMLHttpRequest', 'X-token': 'f96bbe3a7e7f833329e7129767a69abbfa6dfce3152e3c2a311eb49d89b5c3bb2b12b66b402f03dce682b8b2b6a005cd'})
[2025-06-16 00:18:02] Récupération réussie: 200 images pour Macro Wonders
[2025-06-16 00:18:02] Voting fetching ...
[2025-06-16 00:18:02] Macro Wonders voting 35 images
[2025-06-16 00:18:05] Macro Wonders voting 35 images
[2025-06-16 00:18:06] Macro Wonders voted successfully
[2025-06-16 00:18:08] Macro Wonders voted successfully
[2025-06-16 00:18:11] Challenges fetching ...
[2025-06-16 00:18:11] Challenges fetched successfully for pascale!
[2025-06-16 00:18:11] Challenges fetching ...
[2025-06-16 00:18:11] Challenges fetched successfully for pascale!
[2025-06-16 00:18:59] Soothing Seaside get vote panel
[2025-06-16 00:18:59] Wooden Structures get vote panel
[2025-06-16 00:18:59] Filling challenges: {101674, 101624}
Filled Soothing Seaside with strategy end4
Filled Wooden Structures with strategy end4

[2025-06-16 00:18:59] Récupération des données de vote pour Soothing Seaside (URL: soothing-seaside, HEADER:{'User-Agent': 'Mozilla/5.0 (X11; Linux i686; rv:39.0) Gecko/20100101 Firefox/39.0', 'x-api-version': '8', 'x-env': 'WEB', 'X-requested-with': 'XMLHttpRequest', 'X-token': 'f96bbe3a7e7f833329e7129767a69abbfa6dfce3152e3c2a311eb49d89b5c3bb2b12b66b402f03dce682b8b2b6a005cd'})
[2025-06-16 00:18:59] Récupération des données de vote pour Wooden Structures (URL: wooden-structures, HEADER:{'User-Agent': 'Mozilla/5.0 (X11; Linux i686; rv:39.0) Gecko/20100101 Firefox/39.0', 'x-api-version': '8', 'x-env': 'WEB', 'X-requested-with': 'XMLHttpRequest', 'X-token': 'f96bbe3a7e7f833329e7129767a69abbfa6dfce3152e3c2a311eb49d89b5c3bb2b12b66b402f03dce682b8b2b6a005cd'})
[2025-06-16 00:19:00] Récupération réussie: 200 images pour Soothing Seaside
[2025-06-16 00:19:00] Voting fetching ...
[2025-06-16 00:19:00] Soothing Seaside voting 35 images
[2025-06-16 00:19:03] Soothing Seaside voting 35 images
[2025-06-16 00:19:03] Récupération réussie: 200 images pour Wooden Structures
[2025-06-16 00:19:03] Voting fetching ...
[2025-06-16 00:19:03] Wooden Structures voting 35 images
[2025-06-16 00:19:06] Wooden Structures voting 35 images
[2025-06-16 00:19:07] Soothing Seaside voted successfully
[2025-06-16 00:19:09] Wooden Structures voted successfully
[2025-06-16 00:19:11] Soothing Seaside voted successfully
[2025-06-16 00:19:13] Wooden Structures voted successfully
[2025-06-16 00:19:16] Challenges fetching ...
[2025-06-16 00:19:16] Challenges fetched successfully for pascale!
[2025-06-16 00:19:16] Challenges fetching ...
[2025-06-16 00:19:16] Challenges fetched successfully for pascale!
[2025-06-16 00:19:16] Challenges fetching ...
[2025-06-16 00:19:16] Challenges fetched successfully for pascale!
[2025-06-16 00:19:16] Challenges fetching ...
[2025-06-16 00:19:16] Challenges fetched successfully for pascale!
[2025-06-16 00:19:36] 500 Guru's Picks get vote panel
[2025-06-16 00:19:36] Screen Stars - Tropic Vibe get vote panel
[2025-06-16 00:19:36] Filling challenges: {102473, 102781}
Filled 500 Guru's Picks with strategy end4
Filled Screen Stars - Tropic Vibe with strategy end4

[2025-06-16 00:19:36] Récupération des données de vote pour 500 Guru's Picks (URL: 500-guru-s-picks79, HEADER:{'User-Agent': 'Mozilla/5.0 (X11; Linux i686; rv:39.0) Gecko/20100101 Firefox/39.0', 'x-api-version': '8', 'x-env': 'WEB', 'X-requested-with': 'XMLHttpRequest', 'X-token': 'f96bbe3a7e7f833329e7129767a69abbfa6dfce3152e3c2a311eb49d89b5c3bb2b12b66b402f03dce682b8b2b6a005cd'})
[2025-06-16 00:19:36] Récupération des données de vote pour Screen Stars - Tropic Vibe (URL: screen-stars-tropic-glow, HEADER:{'User-Agent': 'Mozilla/5.0 (X11; Linux i686; rv:39.0) Gecko/20100101 Firefox/39.0', 'x-api-version': '8', 'x-env': 'WEB', 'X-requested-with': 'XMLHttpRequest', 'X-token': 'f96bbe3a7e7f833329e7129767a69abbfa6dfce3152e3c2a311eb49d89b5c3bb2b12b66b402f03dce682b8b2b6a005cd'})
[2025-06-16 00:19:37] Récupération réussie: 200 images pour Screen Stars - Tropic Vibe
[2025-06-16 00:19:37] Voting fetching ...
[2025-06-16 00:19:37] Screen Stars - Tropic Vibe voting 35 images
[2025-06-16 00:19:40] Screen Stars - Tropic Vibe voting 35 images
[2025-06-16 00:19:40] Récupération réussie: 200 images pour 500 Guru's Picks
[2025-06-16 00:19:40] Voting fetching ...
[2025-06-16 00:19:40] 500 Guru's Picks voting 35 images
[2025-06-16 00:19:43] 500 Guru's Picks voting 35 images
[2025-06-16 00:19:44] 500 Guru's Picks voted successfully
[2025-06-16 00:19:46] 500 Guru's Picks voted successfully
[2025-06-16 00:19:48] Screen Stars - Tropic Vibe voted successfully
[2025-06-16 00:19:50] Screen Stars - Tropic Vibe voted successfully
[2025-06-16 00:19:53] Challenges fetching ...
[2025-06-16 00:19:53] Challenges fetched successfully for pascale!
[2025-06-16 00:19:53] Challenges fetching ...
[2025-06-16 00:19:53] Challenges fetched successfully for pascale!
[2025-06-16 00:19:53] Challenges fetching ...
[2025-06-16 00:19:53] Challenges fetched successfully for pascale!
[2025-06-16 00:19:53] Challenges fetching ...
[2025-06-16 00:19:53] Challenges fetched successfully for pascale!
[2025-06-16 00:20:14] Désélection de tous les challenges

[2025-06-16 00:20:15] Refreshing challenges...
[2025-06-16 00:20:15] Fetching challenges...
[2025-06-16 00:20:16] Challenges fetching ...
[2025-06-16 00:20:16] Challenges fetched successfully for bruno!
[2025-06-16 10:32:15] Refreshing challenges...
[2025-06-16 10:32:15] Fetching challenges...
[2025-06-16 10:32:16] Challenges fetching ...
[2025-06-16 10:32:16] Challenges fetched successfully for bruno!
[2025-06-16 11:16:55] Désélection de tous les challenges

[2025-06-16 11:16:56] Refreshing challenges...
[2025-06-16 11:16:56] Fetching challenges...
[2025-06-16 11:16:57] Challenges fetching ...
[2025-06-16 11:16:57] Challenges fetched successfully for pascale!
[2025-06-16 11:19:58] Refreshing challenges...
[2025-06-16 11:19:58] Fetching challenges...
[2025-06-16 11:19:59] Challenges fetching ...
[2025-06-16 11:19:59] Challenges fetched successfully for bruno!
[2025-06-16 11:20:13] Lancement de la stratégie end4 pour Military Forces
[2025-06-16 11:20:13] Nouveau processus ajouté pour bruno: military-forces23-vote-70-left-0H:4M - Statut: init
[2025-06-16 11:20:13] Traitement du challenge pour bruno: military-forces23
[2025-06-16 11:20:13] Nouveau processus ajouté pour bruno: military-forces23-vote-20-left-0H:3M - Statut: init
[2025-06-16 11:20:13] Traitement du challenge pour bruno: military-forces23
[2025-06-16 11:20:13] Nouveau processus ajouté pour bruno: military-forces23-vote-20-left-0H:2M - Statut: init
[2025-06-16 11:20:13] Processus mis à jour pour bruno: military-forces23-vote-70-left-0H:4M - waiting
[2025-06-16 11:20:13] Traitement du challenge pour bruno: military-forces23
[2025-06-16 11:20:13] Nouveau processus ajouté pour bruno: military-forces23-vote-20-left-0H:1M - Statut: init
[2025-06-16 11:20:13] Processus mis à jour pour bruno: military-forces23-vote-20-left-0H:3M - waiting
[2025-06-16 11:20:13] Traitement du challenge pour bruno: military-forces23
[2025-06-16 11:20:13] Processus mis à jour pour bruno: military-forces23-vote-20-left-0H:2M - waiting
[2025-06-16 11:20:13] Processus mis à jour pour bruno: military-forces23-vote-20-left-0H:1M - waiting
[2025-06-16 11:20:13] Lancement de la stratégie end4 pour Feathers VS Fur
[2025-06-16 11:20:13] Nouveau processus ajouté pour bruno: feathers-vs-fur46-vote-70-left-0H:4M - Statut: init
[2025-06-16 11:20:13] Nouveau processus ajouté pour bruno: feathers-vs-fur46-vote-20-left-0H:3M - Statut: init
[2025-06-16 11:20:13] Traitement du challenge pour bruno: feathers-vs-fur46
[2025-06-16 11:20:13] Traitement du challenge pour bruno: feathers-vs-fur46
[2025-06-16 11:20:13] Nouveau processus ajouté pour bruno: feathers-vs-fur46-vote-20-left-0H:2M - Statut: init
[2025-06-16 11:20:13] Processus mis à jour pour bruno: feathers-vs-fur46-vote-70-left-0H:4M - waiting
[2025-06-16 11:20:13] Traitement du challenge pour bruno: feathers-vs-fur46
[2025-06-16 11:20:13] Nouveau processus ajouté pour bruno: feathers-vs-fur46-vote-20-left-0H:1M - Statut: init
[2025-06-16 11:20:13] Processus mis à jour pour bruno: feathers-vs-fur46-vote-20-left-0H:3M - waiting
[2025-06-16 11:20:13] Traitement du challenge pour bruno: feathers-vs-fur46
[2025-06-16 11:20:13] Processus mis à jour pour bruno: feathers-vs-fur46-vote-20-left-0H:2M - waiting
[2025-06-16 11:20:13] Processus mis à jour pour bruno: feathers-vs-fur46-vote-20-left-0H:1M - waiting
[2025-06-16 11:20:13] Lancement de la stratégie end4 pour Top Photographer
[2025-06-16 11:20:13] Nouveau processus ajouté pour bruno: top-photographer34-vote-70-left-0H:4M - Statut: init
[2025-06-16 11:20:13] Traitement du challenge pour bruno: top-photographer34
[2025-06-16 11:20:13] Nouveau processus ajouté pour bruno: top-photographer34-vote-20-left-0H:3M - Statut: init
[2025-06-16 11:20:13] Traitement du challenge pour bruno: top-photographer34
[2025-06-16 11:20:13] Nouveau processus ajouté pour bruno: top-photographer34-vote-20-left-0H:2M - Statut: init
[2025-06-16 11:20:13] Processus mis à jour pour bruno: top-photographer34-vote-70-left-0H:4M - waiting
[2025-06-16 11:20:13] Nouveau processus ajouté pour bruno: top-photographer34-vote-20-left-0H:1M - Statut: init
[2025-06-16 11:20:13] Traitement du challenge pour bruno: top-photographer34
[2025-06-16 11:20:13] Traitement du challenge pour bruno: top-photographer34
[2025-06-16 11:20:13] Processus mis à jour pour bruno: top-photographer34-vote-20-left-0H:3M - waiting
[2025-06-16 11:20:13] Processus mis à jour pour bruno: top-photographer34-vote-20-left-0H:2M - waiting
[2025-06-16 11:20:13] Processus mis à jour pour bruno: top-photographer34-vote-20-left-0H:1M - waiting
[2025-06-16 11:20:13] Lancement de la stratégie end4 pour Wooden Structures
[2025-06-16 11:20:13] Nouveau processus ajouté pour bruno: wooden-structures-vote-70-left-0H:4M - Statut: init
[2025-06-16 11:20:13] Traitement du challenge pour bruno: wooden-structures
[2025-06-16 11:20:13] Nouveau processus ajouté pour bruno: wooden-structures-vote-20-left-0H:3M - Statut: init
[2025-06-16 11:20:13] Nouveau processus ajouté pour bruno: wooden-structures-vote-20-left-0H:2M - Statut: init
[2025-06-16 11:20:13] Traitement du challenge pour bruno: wooden-structures
[2025-06-16 11:20:13] Traitement du challenge pour bruno: wooden-structures
[2025-06-16 11:20:13] Processus mis à jour pour bruno: wooden-structures-vote-70-left-0H:4M - waiting
[2025-06-16 11:20:13] Nouveau processus ajouté pour bruno: wooden-structures-vote-20-left-0H:1M - Statut: init
[2025-06-16 11:20:13] Processus mis à jour pour bruno: wooden-structures-vote-20-left-0H:3M - waiting
[2025-06-16 11:20:13] Traitement du challenge pour bruno: wooden-structures
[2025-06-16 11:20:13] Processus mis à jour pour bruno: wooden-structures-vote-20-left-0H:2M - waiting
[2025-06-16 11:20:13] Processus mis à jour pour bruno: wooden-structures-vote-20-left-0H:1M - waiting
[2025-06-16 11:20:13] Lancement de la stratégie end4 pour Photo of the Week!
[2025-06-16 11:20:13] Nouveau processus ajouté pour bruno: photo-of-the-week-300-vote-70-left-0H:4M - Statut: init
[2025-06-16 11:20:13] Traitement du challenge pour bruno: photo-of-the-week-300
[2025-06-16 11:20:13] Nouveau processus ajouté pour bruno: photo-of-the-week-300-vote-20-left-0H:3M - Statut: init
[2025-06-16 11:20:13] Traitement du challenge pour bruno: photo-of-the-week-300
[2025-06-16 11:20:13] Nouveau processus ajouté pour bruno: photo-of-the-week-300-vote-20-left-0H:2M - Statut: init
[2025-06-16 11:20:13] Processus mis à jour pour bruno: photo-of-the-week-300-vote-70-left-0H:4M - waiting
[2025-06-16 11:20:13] Nouveau processus ajouté pour bruno: photo-of-the-week-300-vote-20-left-0H:1M - Statut: init
[2025-06-16 11:20:13] Traitement du challenge pour bruno: photo-of-the-week-300
[2025-06-16 11:20:13] Traitement du challenge pour bruno: photo-of-the-week-300
[2025-06-16 11:20:13] Processus mis à jour pour bruno: photo-of-the-week-300-vote-20-left-0H:3M - waiting
[2025-06-16 11:20:13] Processus mis à jour pour bruno: photo-of-the-week-300-vote-20-left-0H:2M - waiting
[2025-06-16 11:20:13] Processus mis à jour pour bruno: photo-of-the-week-300-vote-20-left-0H:1M - waiting
[2025-06-16 11:20:13] Lancement de la stratégie end4 pour Pastels Coloring
[2025-06-16 11:20:13] Nouveau processus ajouté pour bruno: pastels-coloring-vote-70-left-0H:4M - Statut: init
[2025-06-16 11:20:13] Traitement du challenge pour bruno: pastels-coloring
[2025-06-16 11:20:13] Nouveau processus ajouté pour bruno: pastels-coloring-vote-20-left-0H:3M - Statut: init
[2025-06-16 11:20:13] Traitement du challenge pour bruno: pastels-coloring
[2025-06-16 11:20:13] Nouveau processus ajouté pour bruno: pastels-coloring-vote-20-left-0H:2M - Statut: init
[2025-06-16 11:20:13] Processus mis à jour pour bruno: pastels-coloring-vote-70-left-0H:4M - waiting
[2025-06-16 11:20:13] Traitement du challenge pour bruno: pastels-coloring
[2025-06-16 11:20:13] Nouveau processus ajouté pour bruno: pastels-coloring-vote-20-left-0H:1M - Statut: init
[2025-06-16 11:20:13] Processus mis à jour pour bruno: pastels-coloring-vote-20-left-0H:3M - waiting
[2025-06-16 11:20:13] Traitement du challenge pour bruno: pastels-coloring
[2025-06-16 11:20:13] Processus mis à jour pour bruno: pastels-coloring-vote-20-left-0H:2M - waiting
[2025-06-16 11:20:13] Processus mis à jour pour bruno: pastels-coloring-vote-20-left-0H:1M - waiting
[2025-06-16 11:20:13] Application des stratégies pour les challenges sélectionnés:
- Military Forces avec stratégie end4
- Feathers VS Fur avec stratégie end4
- Top Photographer avec stratégie end4
- Wooden Structures avec stratégie end4
- Photo of the Week! avec stratégie end4
- Pastels Coloring avec stratégie end4

[2025-06-16 15:45:00] Désélection de tous les challenges

[2025-06-16 15:45:01] Refreshing challenges...
[2025-06-16 15:45:01] Fetching challenges...
[2025-06-16 15:45:03] Challenges fetching ...
[2025-06-16 15:45:03] Challenges fetched successfully for bruno!
[2025-06-16 15:45:28] Two wheels get vote panel
[2025-06-16 15:45:28] Blacks & Reds get vote panel
[2025-06-16 15:45:28] Pastels Coloring get vote panel
[2025-06-16 15:45:28] Military Forces get vote panel
[2025-06-16 15:45:28] Filling challenges: {101664, 101676, 101662, 101631}
Filled Two wheels with strategy end4
Filled Blacks & Reds with strategy end4
Filled Pastels Coloring with strategy end4
Filled Military Forces with strategy end4

[2025-06-16 15:45:29] Récupération des données de vote pour Two wheels (URL: two-wheels27, HEADER:{'User-Agent': 'Mozilla/5.0 (X11; Linux i686; rv:39.0) Gecko/20100101 Firefox/39.0', 'x-api-version': '8', 'x-env': 'WEB', 'X-requested-with': 'XMLHttpRequest', 'X-token': 'a1cad95a6d480c14f51dd0eba4914c8337b893c789ec6278bb440c7c9a673b162f042470c62684e6da2bd342ffea7777'})
[2025-06-16 15:45:29] Récupération des données de vote pour Blacks & Reds (URL: blacks-reds2, HEADER:{'User-Agent': 'Mozilla/5.0 (X11; Linux i686; rv:39.0) Gecko/20100101 Firefox/39.0', 'x-api-version': '8', 'x-env': 'WEB', 'X-requested-with': 'XMLHttpRequest', 'X-token': 'a1cad95a6d480c14f51dd0eba4914c8337b893c789ec6278bb440c7c9a673b162f042470c62684e6da2bd342ffea7777'})
[2025-06-16 15:45:29] Récupération des données de vote pour Pastels Coloring (URL: pastels-coloring, HEADER:{'User-Agent': 'Mozilla/5.0 (X11; Linux i686; rv:39.0) Gecko/20100101 Firefox/39.0', 'x-api-version': '8', 'x-env': 'WEB', 'X-requested-with': 'XMLHttpRequest', 'X-token': 'a1cad95a6d480c14f51dd0eba4914c8337b893c789ec6278bb440c7c9a673b162f042470c62684e6da2bd342ffea7777'})
[2025-06-16 15:45:29] Récupération des données de vote pour Military Forces (URL: military-forces23, HEADER:{'User-Agent': 'Mozilla/5.0 (X11; Linux i686; rv:39.0) Gecko/20100101 Firefox/39.0', 'x-api-version': '8', 'x-env': 'WEB', 'X-requested-with': 'XMLHttpRequest', 'X-token': 'a1cad95a6d480c14f51dd0eba4914c8337b893c789ec6278bb440c7c9a673b162f042470c62684e6da2bd342ffea7777'})
[2025-06-16 15:45:29] Récupération réussie: 200 images pour Military Forces
[2025-06-16 15:45:29] Voting fetching ...
[2025-06-16 15:45:29] Military Forces voting 35 images
[2025-06-16 15:45:32] Military Forces voting 35 images
[2025-06-16 15:45:32] Récupération réussie: 200 images pour Pastels Coloring
[2025-06-16 15:45:32] Voting fetching ...
[2025-06-16 15:45:32] Pastels Coloring voting 35 images
[2025-06-16 15:45:35] Pastels Coloring voting 35 images
[2025-06-16 15:45:35] Récupération réussie: 200 images pour Blacks & Reds
[2025-06-16 15:45:35] Voting fetching ...
[2025-06-16 15:45:35] Blacks & Reds voting 35 images
[2025-06-16 15:45:38] Blacks & Reds voting 35 images
[2025-06-16 15:45:38] Récupération réussie: 200 images pour Two wheels
[2025-06-16 15:45:38] Voting fetching ...
[2025-06-16 15:45:38] Two wheels voting 35 images
[2025-06-16 15:45:41] Two wheels voting 35 images
[2025-06-16 15:45:42] Blacks & Reds voted successfully
[2025-06-16 15:45:44] Military Forces voted successfully
[2025-06-16 15:45:46] Blacks & Reds voted successfully
[2025-06-16 15:45:48] Military Forces voted successfully
[2025-06-16 15:45:50] Two wheels voted successfully
[2025-06-16 15:45:52] Two wheels voted successfully
[2025-06-16 15:45:54] Pastels Coloring voted successfully
[2025-06-16 15:45:56] Pastels Coloring voted successfully
[2025-06-16 15:45:59] Challenges fetching ...
[2025-06-16 15:45:59] Challenges fetched successfully for bruno!
[2025-06-16 15:45:59] Challenges fetching ...
[2025-06-16 15:45:59] Challenges fetched successfully for bruno!
[2025-06-16 15:45:59] Challenges fetching ...
[2025-06-16 15:45:59] Challenges fetched successfully for bruno!
[2025-06-16 15:45:59] Challenges fetching ...
[2025-06-16 15:45:59] Challenges fetched successfully for bruno!
[2025-06-16 15:45:59] Challenges fetching ...
[2025-06-16 15:45:59] Challenges fetched successfully for bruno!
[2025-06-16 15:45:59] Challenges fetching ...
[2025-06-16 15:45:59] Challenges fetched successfully for bruno!
[2025-06-16 15:45:59] Challenges fetching ...
[2025-06-16 15:45:59] Challenges fetched successfully for bruno!
[2025-06-16 15:45:59] Challenges fetching ...
[2025-06-16 15:46:00] Challenges fetched successfully for bruno!
[2025-06-16 16:05:16] Processus mis à jour pour bruno: feathers-vs-fur46-vote-70-left-0H:4M - executing
[2025-06-16 16:05:16] Traitement de vote pour Feathers VS Fur
[2025-06-16 16:05:16] Feathers VS Fur get vote panel
[2025-06-16 16:05:16] Processus associé: feathers-vs-fur46-vote-70-left-0H:4M
[2025-06-16 16:05:17] Récupération des données de vote pour Feathers VS Fur (URL: feathers-vs-fur46, HEADER:{'User-Agent': 'Mozilla/5.0 (X11; Linux i686; rv:39.0) Gecko/20100101 Firefox/39.0', 'x-api-version': '8', 'x-env': 'WEB', 'X-requested-with': 'XMLHttpRequest', 'X-token': 'a1cad95a6d480c14f51dd0eba4914c8337b893c789ec6278bb440c7c9a673b162f042470c62684e6da2bd342ffea7777'})
[2025-06-16 16:05:18] Récupération réussie: 200 images pour Feathers VS Fur
[2025-06-16 16:05:18] Voting fetching ...
[2025-06-16 16:05:18] Feathers VS Fur voting 70 images
[2025-06-16 16:05:21] Feathers VS Fur voting 70 images
[2025-06-16 16:05:22] Feathers VS Fur voted successfully
[2025-06-16 16:05:22] Processus supprimé pour bruno: feathers-vs-fur46-vote-70-left-0H:4M - success
[2025-06-16 16:05:22] Processus mis à jour pour bruno: feathers-vs-fur46-vote-70-left-0H:4M - success
[2025-06-16 16:05:22] Processus feathers-vs-fur46-vote-70-left-0H:4M terminé avec succès (profil: bruno)
[2025-06-16 16:05:24] Feathers VS Fur voted successfully
[2025-06-16 16:05:27] Challenges fetching ...
[2025-06-16 16:05:27] Challenges fetched successfully for bruno!
[2025-06-16 16:05:28] Challenges fetching ...
[2025-06-16 16:05:28] Challenges fetched successfully for bruno!
[2025-06-16 16:06:14] Processus mis à jour pour bruno: feathers-vs-fur46-vote-20-left-0H:3M - executing
[2025-06-16 16:06:14] Traitement de vote pour Feathers VS Fur
[2025-06-16 16:06:14] Feathers VS Fur get vote panel
[2025-06-16 16:06:14] Processus associé: feathers-vs-fur46-vote-20-left-0H:3M
[2025-06-16 16:06:14] Récupération des données de vote pour Feathers VS Fur (URL: feathers-vs-fur46, HEADER:{'User-Agent': 'Mozilla/5.0 (X11; Linux i686; rv:39.0) Gecko/20100101 Firefox/39.0', 'x-api-version': '8', 'x-env': 'WEB', 'X-requested-with': 'XMLHttpRequest', 'X-token': 'a1cad95a6d480c14f51dd0eba4914c8337b893c789ec6278bb440c7c9a673b162f042470c62684e6da2bd342ffea7777'})
[2025-06-16 16:06:15] Récupération réussie: 200 images pour Feathers VS Fur
[2025-06-16 16:06:15] Voting fetching ...
[2025-06-16 16:06:15] Feathers VS Fur voting 20 images
[2025-06-16 16:06:18] Feathers VS Fur voting 20 images
[2025-06-16 16:06:19] Feathers VS Fur voted successfully
[2025-06-16 16:06:19] Processus supprimé pour bruno: feathers-vs-fur46-vote-20-left-0H:3M - success
[2025-06-16 16:06:19] Processus mis à jour pour bruno: feathers-vs-fur46-vote-20-left-0H:3M - success
[2025-06-16 16:06:19] Processus feathers-vs-fur46-vote-20-left-0H:3M terminé avec succès (profil: bruno)
[2025-06-16 16:06:21] Feathers VS Fur voted successfully
[2025-06-16 16:06:24] Challenges fetching ...
[2025-06-16 16:06:24] Challenges fetched successfully for bruno!
[2025-06-16 16:06:25] Challenges fetching ...
[2025-06-16 16:06:25] Challenges fetched successfully for bruno!
[2025-06-16 16:07:16] Processus mis à jour pour bruno: feathers-vs-fur46-vote-20-left-0H:2M - executing
[2025-06-16 16:07:16] Traitement de vote pour Feathers VS Fur
[2025-06-16 16:07:16] Feathers VS Fur get vote panel
[2025-06-16 16:07:16] Processus associé: feathers-vs-fur46-vote-20-left-0H:2M
[2025-06-16 16:07:16] Récupération des données de vote pour Feathers VS Fur (URL: feathers-vs-fur46, HEADER:{'User-Agent': 'Mozilla/5.0 (X11; Linux i686; rv:39.0) Gecko/20100101 Firefox/39.0', 'x-api-version': '8', 'x-env': 'WEB', 'X-requested-with': 'XMLHttpRequest', 'X-token': 'a1cad95a6d480c14f51dd0eba4914c8337b893c789ec6278bb440c7c9a673b162f042470c62684e6da2bd342ffea7777'})
[2025-06-16 16:07:17] Récupération réussie: 200 images pour Feathers VS Fur
[2025-06-16 16:07:17] Voting fetching ...
[2025-06-16 16:07:17] Feathers VS Fur voting 20 images
[2025-06-16 16:07:20] Feathers VS Fur voting 20 images
[2025-06-16 16:07:21] Feathers VS Fur voted successfully
[2025-06-16 16:07:21] Processus supprimé pour bruno: feathers-vs-fur46-vote-20-left-0H:2M - success
[2025-06-16 16:07:21] Processus mis à jour pour bruno: feathers-vs-fur46-vote-20-left-0H:2M - success
[2025-06-16 16:07:21] Processus feathers-vs-fur46-vote-20-left-0H:2M terminé avec succès (profil: bruno)
[2025-06-16 16:07:23] Feathers VS Fur voted successfully
[2025-06-16 16:07:27] Challenges fetching ...
[2025-06-16 16:07:27] Challenges fetched successfully for bruno!
[2025-06-16 16:07:27] Challenges fetching ...
[2025-06-16 16:07:27] Challenges fetched successfully for bruno!
[2025-06-16 16:08:08] Processus mis à jour pour bruno: feathers-vs-fur46-vote-20-left-0H:1M - executing
[2025-06-16 16:08:08] Traitement de vote pour Feathers VS Fur
[2025-06-16 16:08:08] Feathers VS Fur get vote panel
[2025-06-16 16:08:08] Processus associé: feathers-vs-fur46-vote-20-left-0H:1M
[2025-06-16 16:08:08] Récupération des données de vote pour Feathers VS Fur (URL: feathers-vs-fur46, HEADER:{'User-Agent': 'Mozilla/5.0 (X11; Linux i686; rv:39.0) Gecko/20100101 Firefox/39.0', 'x-api-version': '8', 'x-env': 'WEB', 'X-requested-with': 'XMLHttpRequest', 'X-token': 'a1cad95a6d480c14f51dd0eba4914c8337b893c789ec6278bb440c7c9a673b162f042470c62684e6da2bd342ffea7777'})
[2025-06-16 16:08:09] Récupération réussie: 200 images pour Feathers VS Fur
[2025-06-16 16:08:09] Voting fetching ...
[2025-06-16 16:08:09] Feathers VS Fur voting 20 images
[2025-06-16 16:08:12] Feathers VS Fur voting 20 images
[2025-06-16 16:08:13] Feathers VS Fur voted successfully
[2025-06-16 16:08:13] Processus supprimé pour bruno: feathers-vs-fur46-vote-20-left-0H:1M - success
[2025-06-16 16:08:13] Processus mis à jour pour bruno: feathers-vs-fur46-vote-20-left-0H:1M - success
[2025-06-16 16:08:14] Processus feathers-vs-fur46-vote-20-left-0H:1M terminé avec succès (profil: bruno)
[2025-06-16 16:08:16] Feathers VS Fur voted successfully
[2025-06-16 16:08:19] Challenges fetching ...
[2025-06-16 16:08:19] Challenges fetched successfully for bruno!
[2025-06-16 16:08:20] Challenges fetching ...
[2025-06-16 16:08:20] Challenges fetched successfully for bruno!
[2025-06-16 16:09:47] Lancement de la stratégie end4 pour Photo of the Week!
[2025-06-16 16:09:47] Nouveau processus ajouté pour pascale: photo-of-the-week-300-vote-70-left-0H:4M - Statut: init
[2025-06-16 16:09:47] Traitement du challenge pour pascale: photo-of-the-week-300
[2025-06-16 16:09:47] Nouveau processus ajouté pour pascale: photo-of-the-week-300-vote-20-left-0H:3M - Statut: init
[2025-06-16 16:09:47] Traitement du challenge pour pascale: photo-of-the-week-300
[2025-06-16 16:09:47] Nouveau processus ajouté pour pascale: photo-of-the-week-300-vote-20-left-0H:2M - Statut: init
[2025-06-16 16:09:47] Traitement du challenge pour pascale: photo-of-the-week-300
[2025-06-16 16:09:47] Processus mis à jour pour pascale: photo-of-the-week-300-vote-70-left-0H:4M - waiting
[2025-06-16 16:09:47] Nouveau processus ajouté pour pascale: photo-of-the-week-300-vote-20-left-0H:1M - Statut: init
[2025-06-16 16:09:47] Processus mis à jour pour pascale: photo-of-the-week-300-vote-20-left-0H:3M - waiting
[2025-06-16 16:09:47] Traitement du challenge pour pascale: photo-of-the-week-300
[2025-06-16 16:09:47] Processus mis à jour pour pascale: photo-of-the-week-300-vote-20-left-0H:2M - waiting
[2025-06-16 16:09:47] Processus mis à jour pour pascale: photo-of-the-week-300-vote-20-left-0H:1M - waiting
[2025-06-16 16:09:47] Application des stratégies pour les challenges sélectionnés:
- Photo of the Week! avec stratégie end4

[2025-06-16 16:09:56] Refreshing challenges...
[2025-06-16 16:09:56] Fetching challenges...
[2025-06-16 16:09:58] Challenges fetching ...
[2025-06-16 16:09:58] Challenges fetched successfully for pascale!
[2025-06-16 16:10:16] Lancement de la stratégie end4 pour Lit By The Fire
[2025-06-16 16:10:16] Nouveau processus ajouté pour pascale: lit-by-the-fire-vote-70-left-0H:4M - Statut: init
[2025-06-16 16:10:16] Nouveau processus ajouté pour pascale: lit-by-the-fire-vote-20-left-0H:3M - Statut: init
[2025-06-16 16:10:16] Traitement du challenge pour pascale: lit-by-the-fire
[2025-06-16 16:10:16] Traitement du challenge pour pascale: lit-by-the-fire
[2025-06-16 16:10:16] Nouveau processus ajouté pour pascale: lit-by-the-fire-vote-20-left-0H:2M - Statut: init
[2025-06-16 16:10:16] Processus mis à jour pour pascale: lit-by-the-fire-vote-70-left-0H:4M - waiting
[2025-06-16 16:10:16] Traitement du challenge pour pascale: lit-by-the-fire
[2025-06-16 16:10:16] Nouveau processus ajouté pour pascale: lit-by-the-fire-vote-20-left-0H:1M - Statut: init
[2025-06-16 16:10:16] Processus mis à jour pour pascale: lit-by-the-fire-vote-20-left-0H:3M - waiting
[2025-06-16 16:10:16] Traitement du challenge pour pascale: lit-by-the-fire
[2025-06-16 16:10:16] Processus mis à jour pour pascale: lit-by-the-fire-vote-20-left-0H:2M - waiting
[2025-06-16 16:10:16] Processus mis à jour pour pascale: lit-by-the-fire-vote-20-left-0H:1M - waiting
[2025-06-16 16:10:16] Lancement de la stratégie end4 pour Photo of the Week!
[2025-06-16 16:10:16] Commande  --cha photo-of-the-week-300 vote 70 --left 0:4 existe déjà pour pascale
[2025-06-16 16:10:16] Nouveau processus ajouté pour pascale: photo-of-the-week-300-vote-70-left-0H:4M - Statut: init
[2025-06-16 16:10:16] Traitement du challenge pour pascale: photo-of-the-week-300
[2025-06-16 16:10:16] Commande  --cha photo-of-the-week-300 vote 20 --left 0:3 existe déjà pour pascale
[2025-06-16 16:10:16] Nouveau processus ajouté pour pascale: photo-of-the-week-300-vote-20-left-0H:3M - Statut: init
[2025-06-16 16:10:16] Commande  --cha photo-of-the-week-300 vote 20 --left 0:2 existe déjà pour pascale
[2025-06-16 16:10:16] Processus mis à jour pour pascale: photo-of-the-week-300-vote-70-left-0H:4M - waiting
[2025-06-16 16:10:16] Traitement du challenge pour pascale: photo-of-the-week-300
[2025-06-16 16:10:16] Commande  --cha photo-of-the-week-300 vote 20 --left 0:1 existe déjà pour pascale
[2025-06-16 16:10:16] Nouveau processus ajouté pour pascale: photo-of-the-week-300-vote-20-left-0H:2M - Statut: init
[2025-06-16 16:10:16] Nouveau processus ajouté pour pascale: photo-of-the-week-300-vote-20-left-0H:1M - Statut: init
[2025-06-16 16:10:16] Traitement du challenge pour pascale: photo-of-the-week-300
[2025-06-16 16:10:16] Processus mis à jour pour pascale: photo-of-the-week-300-vote-20-left-0H:3M - waiting
[2025-06-16 16:10:16] Traitement du challenge pour pascale: photo-of-the-week-300
[2025-06-16 16:10:16] Processus mis à jour pour pascale: photo-of-the-week-300-vote-20-left-0H:2M - waiting
[2025-06-16 16:10:16] Processus mis à jour pour pascale: photo-of-the-week-300-vote-20-left-0H:1M - waiting
[2025-06-16 16:10:16] Application des stratégies pour les challenges sélectionnés:
- Lit By The Fire avec stratégie end4
- Photo of the Week! avec stratégie end4

[2025-06-16 16:10:22] Lancement de la stratégie end4 pour Lit By The Fire
[2025-06-16 16:10:22] Commande  --cha lit-by-the-fire vote 70 --left 0:4 existe déjà pour pascale
[2025-06-16 16:10:22] Nouveau processus ajouté pour pascale: lit-by-the-fire-vote-70-left-0H:4M - Statut: init
[2025-06-16 16:10:22] Commande  --cha lit-by-the-fire vote 20 --left 0:3 existe déjà pour pascale
[2025-06-16 16:10:22] Traitement du challenge pour pascale: lit-by-the-fire
[2025-06-16 16:10:22] Nouveau processus ajouté pour pascale: lit-by-the-fire-vote-20-left-0H:3M - Statut: init
[2025-06-16 16:10:22] Commande  --cha lit-by-the-fire vote 20 --left 0:2 existe déjà pour pascale
[2025-06-16 16:10:22] Traitement du challenge pour pascale: lit-by-the-fire
[2025-06-16 16:10:22] Nouveau processus ajouté pour pascale: lit-by-the-fire-vote-20-left-0H:2M - Statut: init
[2025-06-16 16:10:22] Processus mis à jour pour pascale: lit-by-the-fire-vote-70-left-0H:4M - waiting
[2025-06-16 16:10:22] Commande  --cha lit-by-the-fire vote 20 --left 0:1 existe déjà pour pascale
[2025-06-16 16:10:22] Traitement du challenge pour pascale: lit-by-the-fire
[2025-06-16 16:10:22] Nouveau processus ajouté pour pascale: lit-by-the-fire-vote-20-left-0H:1M - Statut: init
[2025-06-16 16:10:22] Processus mis à jour pour pascale: lit-by-the-fire-vote-20-left-0H:3M - waiting
[2025-06-16 16:10:22] Processus mis à jour pour pascale: lit-by-the-fire-vote-20-left-0H:2M - waiting
[2025-06-16 16:10:22] Traitement du challenge pour pascale: lit-by-the-fire
[2025-06-16 16:10:22] Processus mis à jour pour pascale: lit-by-the-fire-vote-20-left-0H:1M - waiting
[2025-06-16 16:10:22] Lancement de la stratégie end4 pour Photo of the Week!
[2025-06-16 16:10:22] Commande  --cha photo-of-the-week-300 vote 70 --left 0:4 existe déjà pour pascale
[2025-06-16 16:10:22] Nouveau processus ajouté pour pascale: photo-of-the-week-300-vote-70-left-0H:4M - Statut: init
[2025-06-16 16:10:22] Traitement du challenge pour pascale: photo-of-the-week-300
[2025-06-16 16:10:22] Commande  --cha photo-of-the-week-300 vote 20 --left 0:3 existe déjà pour pascale
[2025-06-16 16:10:22] Nouveau processus ajouté pour pascale: photo-of-the-week-300-vote-20-left-0H:3M - Statut: init
[2025-06-16 16:10:22] Traitement du challenge pour pascale: photo-of-the-week-300
[2025-06-16 16:10:22] Commande  --cha photo-of-the-week-300 vote 20 --left 0:2 existe déjà pour pascale
[2025-06-16 16:10:22] Nouveau processus ajouté pour pascale: photo-of-the-week-300-vote-20-left-0H:2M - Statut: init
[2025-06-16 16:10:22] Traitement du challenge pour pascale: photo-of-the-week-300
[2025-06-16 16:10:22] Commande  --cha photo-of-the-week-300 vote 20 --left 0:1 existe déjà pour pascale
[2025-06-16 16:10:22] Processus mis à jour pour pascale: photo-of-the-week-300-vote-70-left-0H:4M - waiting
[2025-06-16 16:10:22] Nouveau processus ajouté pour pascale: photo-of-the-week-300-vote-20-left-0H:1M - Statut: init
[2025-06-16 16:10:22] Processus mis à jour pour pascale: photo-of-the-week-300-vote-20-left-0H:3M - waiting
[2025-06-16 16:10:22] Processus mis à jour pour pascale: photo-of-the-week-300-vote-20-left-0H:2M - waiting
[2025-06-16 16:10:22] Traitement du challenge pour pascale: photo-of-the-week-300
[2025-06-16 16:10:22] Processus mis à jour pour pascale: photo-of-the-week-300-vote-20-left-0H:1M - waiting
[2025-06-16 16:10:22] Lancement de la stratégie end4 pour Pastels Coloring
[2025-06-16 16:10:22] Nouveau processus ajouté pour pascale: pastels-coloring-vote-70-left-0H:4M - Statut: init
[2025-06-16 16:10:22] Traitement du challenge pour pascale: pastels-coloring
[2025-06-16 16:10:22] Nouveau processus ajouté pour pascale: pastels-coloring-vote-20-left-0H:3M - Statut: init
[2025-06-16 16:10:22] Traitement du challenge pour pascale: pastels-coloring
[2025-06-16 16:10:22] Processus mis à jour pour pascale: pastels-coloring-vote-70-left-0H:4M - waiting
[2025-06-16 16:10:22] Nouveau processus ajouté pour pascale: pastels-coloring-vote-20-left-0H:2M - Statut: init
[2025-06-16 16:10:22] Nouveau processus ajouté pour pascale: pastels-coloring-vote-20-left-0H:1M - Statut: init
[2025-06-16 16:10:22] Traitement du challenge pour pascale: pastels-coloring
[2025-06-16 16:10:22] Traitement du challenge pour pascale: pastels-coloring
[2025-06-16 16:10:22] Processus mis à jour pour pascale: pastels-coloring-vote-20-left-0H:3M - waiting
[2025-06-16 16:10:22] Processus mis à jour pour pascale: pastels-coloring-vote-20-left-0H:2M - waiting
[2025-06-16 16:10:22] Processus mis à jour pour pascale: pastels-coloring-vote-20-left-0H:1M - waiting
[2025-06-16 16:10:22] Application des stratégies pour les challenges sélectionnés:
- Lit By The Fire avec stratégie end4
- Photo of the Week! avec stratégie end4
- Pastels Coloring avec stratégie end4

[2025-06-16 16:10:31] Lancement de la stratégie end4 pour Lit By The Fire
[2025-06-16 16:10:31] Commande  --cha lit-by-the-fire vote 70 --left 0:4 existe déjà pour pascale
[2025-06-16 16:10:31] Nouveau processus ajouté pour pascale: lit-by-the-fire-vote-70-left-0H:4M - Statut: init
[2025-06-16 16:10:31] Commande  --cha lit-by-the-fire vote 20 --left 0:3 existe déjà pour pascale
[2025-06-16 16:10:31] Traitement du challenge pour pascale: lit-by-the-fire
[2025-06-16 16:10:31] Nouveau processus ajouté pour pascale: lit-by-the-fire-vote-20-left-0H:3M - Statut: init
[2025-06-16 16:10:31] Traitement du challenge pour pascale: lit-by-the-fire
[2025-06-16 16:10:31] Processus mis à jour pour pascale: lit-by-the-fire-vote-70-left-0H:4M - waiting
[2025-06-16 16:10:31] Commande  --cha lit-by-the-fire vote 20 --left 0:2 existe déjà pour pascale
[2025-06-16 16:10:31] Nouveau processus ajouté pour pascale: lit-by-the-fire-vote-20-left-0H:2M - Statut: init
[2025-06-16 16:10:31] Commande  --cha lit-by-the-fire vote 20 --left 0:1 existe déjà pour pascale
[2025-06-16 16:10:31] Processus mis à jour pour pascale: lit-by-the-fire-vote-20-left-0H:3M - waiting
[2025-06-16 16:10:31] Nouveau processus ajouté pour pascale: lit-by-the-fire-vote-20-left-0H:1M - Statut: init
[2025-06-16 16:10:31] Traitement du challenge pour pascale: lit-by-the-fire
[2025-06-16 16:10:31] Traitement du challenge pour pascale: lit-by-the-fire
[2025-06-16 16:10:31] Processus mis à jour pour pascale: lit-by-the-fire-vote-20-left-0H:2M - waiting
[2025-06-16 16:10:31] Processus mis à jour pour pascale: lit-by-the-fire-vote-20-left-0H:1M - waiting
[2025-06-16 16:10:31] Lancement de la stratégie end4 pour Top Photographer
[2025-06-16 16:10:31] Nouveau processus ajouté pour pascale: top-photographer34-vote-70-left-0H:4M - Statut: init
[2025-06-16 16:10:31] Traitement du challenge pour pascale: top-photographer34
[2025-06-16 16:10:31] Nouveau processus ajouté pour pascale: top-photographer34-vote-20-left-0H:3M - Statut: init
[2025-06-16 16:10:31] Traitement du challenge pour pascale: top-photographer34
[2025-06-16 16:10:31] Nouveau processus ajouté pour pascale: top-photographer34-vote-20-left-0H:2M - Statut: init
[2025-06-16 16:10:31] Processus mis à jour pour pascale: top-photographer34-vote-70-left-0H:4M - waiting
[2025-06-16 16:10:31] Traitement du challenge pour pascale: top-photographer34
[2025-06-16 16:10:31] Processus mis à jour pour pascale: top-photographer34-vote-20-left-0H:3M - waiting
[2025-06-16 16:10:31] Nouveau processus ajouté pour pascale: top-photographer34-vote-20-left-0H:1M - Statut: init
[2025-06-16 16:10:31] Traitement du challenge pour pascale: top-photographer34
[2025-06-16 16:10:31] Processus mis à jour pour pascale: top-photographer34-vote-20-left-0H:2M - waiting
[2025-06-16 16:10:31] Processus mis à jour pour pascale: top-photographer34-vote-20-left-0H:1M - waiting
[2025-06-16 16:10:31] Lancement de la stratégie end4 pour Photo of the Week!
[2025-06-16 16:10:31] Commande  --cha photo-of-the-week-300 vote 70 --left 0:4 existe déjà pour pascale
[2025-06-16 16:10:31] Nouveau processus ajouté pour pascale: photo-of-the-week-300-vote-70-left-0H:4M - Statut: init
[2025-06-16 16:10:31] Traitement du challenge pour pascale: photo-of-the-week-300
[2025-06-16 16:10:31] Commande  --cha photo-of-the-week-300 vote 20 --left 0:3 existe déjà pour pascale
[2025-06-16 16:10:31] Nouveau processus ajouté pour pascale: photo-of-the-week-300-vote-20-left-0H:3M - Statut: init
[2025-06-16 16:10:31] Traitement du challenge pour pascale: photo-of-the-week-300
[2025-06-16 16:10:31] Processus mis à jour pour pascale: photo-of-the-week-300-vote-70-left-0H:4M - waiting
[2025-06-16 16:10:31] Commande  --cha photo-of-the-week-300 vote 20 --left 0:2 existe déjà pour pascale
[2025-06-16 16:10:31] Nouveau processus ajouté pour pascale: photo-of-the-week-300-vote-20-left-0H:2M - Statut: init
[2025-06-16 16:10:31] Commande  --cha photo-of-the-week-300 vote 20 --left 0:1 existe déjà pour pascale
[2025-06-16 16:10:31] Traitement du challenge pour pascale: photo-of-the-week-300
[2025-06-16 16:10:31] Nouveau processus ajouté pour pascale: photo-of-the-week-300-vote-20-left-0H:1M - Statut: init
[2025-06-16 16:10:31] Processus mis à jour pour pascale: photo-of-the-week-300-vote-20-left-0H:3M - waiting
[2025-06-16 16:10:31] Traitement du challenge pour pascale: photo-of-the-week-300
[2025-06-16 16:10:31] Processus mis à jour pour pascale: photo-of-the-week-300-vote-20-left-0H:2M - waiting
[2025-06-16 16:10:31] Processus mis à jour pour pascale: photo-of-the-week-300-vote-20-left-0H:1M - waiting
[2025-06-16 16:10:31] Lancement de la stratégie end4 pour Pastels Coloring
[2025-06-16 16:10:31] Commande  --cha pastels-coloring vote 70 --left 0:4 existe déjà pour pascale
[2025-06-16 16:10:31] Nouveau processus ajouté pour pascale: pastels-coloring-vote-70-left-0H:4M - Statut: init
[2025-06-16 16:10:31] Commande  --cha pastels-coloring vote 20 --left 0:3 existe déjà pour pascale
[2025-06-16 16:10:31] Traitement du challenge pour pascale: pastels-coloring
[2025-06-16 16:10:31] Nouveau processus ajouté pour pascale: pastels-coloring-vote-20-left-0H:3M - Statut: init
[2025-06-16 16:10:31] Traitement du challenge pour pascale: pastels-coloring
[2025-06-16 16:10:31] Commande  --cha pastels-coloring vote 20 --left 0:2 existe déjà pour pascale
[2025-06-16 16:10:31] Nouveau processus ajouté pour pascale: pastels-coloring-vote-20-left-0H:2M - Statut: init
[2025-06-16 16:10:31] Traitement du challenge pour pascale: pastels-coloring
[2025-06-16 16:10:31] Processus mis à jour pour pascale: pastels-coloring-vote-70-left-0H:4M - waiting
[2025-06-16 16:10:31] Commande  --cha pastels-coloring vote 20 --left 0:1 existe déjà pour pascale
[2025-06-16 16:10:31] Nouveau processus ajouté pour pascale: pastels-coloring-vote-20-left-0H:1M - Statut: init
[2025-06-16 16:10:31] Processus mis à jour pour pascale: pastels-coloring-vote-20-left-0H:3M - waiting
[2025-06-16 16:10:31] Traitement du challenge pour pascale: pastels-coloring
[2025-06-16 16:10:31] Processus mis à jour pour pascale: pastels-coloring-vote-20-left-0H:2M - waiting
[2025-06-16 16:10:31] Processus mis à jour pour pascale: pastels-coloring-vote-20-left-0H:1M - waiting
[2025-06-16 16:10:31] Application des stratégies pour les challenges sélectionnés:
- Lit By The Fire avec stratégie end4
- Top Photographer avec stratégie end4
- Photo of the Week! avec stratégie end4
- Pastels Coloring avec stratégie end4

[2025-06-16 16:10:37] Lancement de la stratégie end4 pour Lit By The Fire
[2025-06-16 16:10:37] Commande  --cha lit-by-the-fire vote 70 --left 0:4 existe déjà pour pascale
[2025-06-16 16:10:37] Nouveau processus ajouté pour pascale: lit-by-the-fire-vote-70-left-0H:4M - Statut: init
[2025-06-16 16:10:37] Traitement du challenge pour pascale: lit-by-the-fire
[2025-06-16 16:10:37] Commande  --cha lit-by-the-fire vote 20 --left 0:3 existe déjà pour pascale
[2025-06-16 16:10:37] Nouveau processus ajouté pour pascale: lit-by-the-fire-vote-20-left-0H:3M - Statut: init
[2025-06-16 16:10:37] Processus mis à jour pour pascale: lit-by-the-fire-vote-70-left-0H:4M - waiting
[2025-06-16 16:10:37] Traitement du challenge pour pascale: lit-by-the-fire
[2025-06-16 16:10:37] Commande  --cha lit-by-the-fire vote 20 --left 0:2 existe déjà pour pascale
[2025-06-16 16:10:37] Nouveau processus ajouté pour pascale: lit-by-the-fire-vote-20-left-0H:2M - Statut: init
[2025-06-16 16:10:37] Commande  --cha lit-by-the-fire vote 20 --left 0:1 existe déjà pour pascale
[2025-06-16 16:10:37] Traitement du challenge pour pascale: lit-by-the-fire
[2025-06-16 16:10:37] Nouveau processus ajouté pour pascale: lit-by-the-fire-vote-20-left-0H:1M - Statut: init
[2025-06-16 16:10:37] Processus mis à jour pour pascale: lit-by-the-fire-vote-20-left-0H:3M - waiting
[2025-06-16 16:10:37] Traitement du challenge pour pascale: lit-by-the-fire
[2025-06-16 16:10:37] Processus mis à jour pour pascale: lit-by-the-fire-vote-20-left-0H:2M - waiting
[2025-06-16 16:10:37] Processus mis à jour pour pascale: lit-by-the-fire-vote-20-left-0H:1M - waiting
[2025-06-16 16:10:37] Lancement de la stratégie end4 pour Top Photographer
[2025-06-16 16:10:37] Commande  --cha top-photographer34 vote 70 --left 0:4 existe déjà pour pascale
[2025-06-16 16:10:37] Nouveau processus ajouté pour pascale: top-photographer34-vote-70-left-0H:4M - Statut: init
[2025-06-16 16:10:37] Traitement du challenge pour pascale: top-photographer34
[2025-06-16 16:10:37] Commande  --cha top-photographer34 vote 20 --left 0:3 existe déjà pour pascale
[2025-06-16 16:10:37] Nouveau processus ajouté pour pascale: top-photographer34-vote-20-left-0H:3M - Statut: init
[2025-06-16 16:10:37] Commande  --cha top-photographer34 vote 20 --left 0:2 existe déjà pour pascale
[2025-06-16 16:10:37] Traitement du challenge pour pascale: top-photographer34
[2025-06-16 16:10:37] Nouveau processus ajouté pour pascale: top-photographer34-vote-20-left-0H:2M - Statut: init
[2025-06-16 16:10:37] Processus mis à jour pour pascale: top-photographer34-vote-70-left-0H:4M - waiting
[2025-06-16 16:10:37] Commande  --cha top-photographer34 vote 20 --left 0:1 existe déjà pour pascale
[2025-06-16 16:10:37] Traitement du challenge pour pascale: top-photographer34
[2025-06-16 16:10:37] Nouveau processus ajouté pour pascale: top-photographer34-vote-20-left-0H:1M - Statut: init
[2025-06-16 16:10:37] Traitement du challenge pour pascale: top-photographer34
[2025-06-16 16:10:37] Processus mis à jour pour pascale: top-photographer34-vote-20-left-0H:3M - waiting
[2025-06-16 16:10:37] Processus mis à jour pour pascale: top-photographer34-vote-20-left-0H:2M - waiting
[2025-06-16 16:10:37] Processus mis à jour pour pascale: top-photographer34-vote-20-left-0H:1M - waiting
[2025-06-16 16:10:37] Lancement de la stratégie end4 pour Screen Stars - Tropic Vibe
[2025-06-16 16:10:37] Nouveau processus ajouté pour pascale: screen-stars-tropic-glow-vote-70-left-0H:4M - Statut: init
[2025-06-16 16:10:37] Traitement du challenge pour pascale: screen-stars-tropic-glow
[2025-06-16 16:10:37] Nouveau processus ajouté pour pascale: screen-stars-tropic-glow-vote-20-left-0H:3M - Statut: init
[2025-06-16 16:10:37] Traitement du challenge pour pascale: screen-stars-tropic-glow
[2025-06-16 16:10:37] Processus mis à jour pour pascale: screen-stars-tropic-glow-vote-70-left-0H:4M - waiting
[2025-06-16 16:10:37] Nouveau processus ajouté pour pascale: screen-stars-tropic-glow-vote-20-left-0H:2M - Statut: init
[2025-06-16 16:10:37] Processus mis à jour pour pascale: screen-stars-tropic-glow-vote-20-left-0H:3M - waiting
[2025-06-16 16:10:37] Traitement du challenge pour pascale: screen-stars-tropic-glow
[2025-06-16 16:10:37] Nouveau processus ajouté pour pascale: screen-stars-tropic-glow-vote-20-left-0H:1M - Statut: init
[2025-06-16 16:10:37] Processus mis à jour pour pascale: screen-stars-tropic-glow-vote-20-left-0H:2M - waiting
[2025-06-16 16:10:37] Traitement du challenge pour pascale: screen-stars-tropic-glow
[2025-06-16 16:10:37] Processus mis à jour pour pascale: screen-stars-tropic-glow-vote-20-left-0H:1M - waiting
[2025-06-16 16:10:37] Lancement de la stratégie end4 pour Photo of the Week!
[2025-06-16 16:10:37] Commande  --cha photo-of-the-week-300 vote 70 --left 0:4 existe déjà pour pascale
[2025-06-16 16:10:37] Nouveau processus ajouté pour pascale: photo-of-the-week-300-vote-70-left-0H:4M - Statut: init
[2025-06-16 16:10:37] Traitement du challenge pour pascale: photo-of-the-week-300
[2025-06-16 16:10:37] Commande  --cha photo-of-the-week-300 vote 20 --left 0:3 existe déjà pour pascale
[2025-06-16 16:10:37] Nouveau processus ajouté pour pascale: photo-of-the-week-300-vote-20-left-0H:3M - Statut: init
[2025-06-16 16:10:37] Processus mis à jour pour pascale: photo-of-the-week-300-vote-70-left-0H:4M - waiting
[2025-06-16 16:10:37] Traitement du challenge pour pascale: photo-of-the-week-300
[2025-06-16 16:10:37] Commande  --cha photo-of-the-week-300 vote 20 --left 0:2 existe déjà pour pascale
[2025-06-16 16:10:37] Nouveau processus ajouté pour pascale: photo-of-the-week-300-vote-20-left-0H:2M - Statut: init
[2025-06-16 16:10:37] Commande  --cha photo-of-the-week-300 vote 20 --left 0:1 existe déjà pour pascale
[2025-06-16 16:10:37] Nouveau processus ajouté pour pascale: photo-of-the-week-300-vote-20-left-0H:1M - Statut: init
[2025-06-16 16:10:37] Traitement du challenge pour pascale: photo-of-the-week-300
[2025-06-16 16:10:37] Processus mis à jour pour pascale: photo-of-the-week-300-vote-20-left-0H:3M - waiting
[2025-06-16 16:10:37] Traitement du challenge pour pascale: photo-of-the-week-300
[2025-06-16 16:10:37] Processus mis à jour pour pascale: photo-of-the-week-300-vote-20-left-0H:2M - waiting
[2025-06-16 16:10:37] Processus mis à jour pour pascale: photo-of-the-week-300-vote-20-left-0H:1M - waiting
[2025-06-16 16:10:37] Lancement de la stratégie end4 pour Pastels Coloring
[2025-06-16 16:10:37] Commande  --cha pastels-coloring vote 70 --left 0:4 existe déjà pour pascale
[2025-06-16 16:10:37] Nouveau processus ajouté pour pascale: pastels-coloring-vote-70-left-0H:4M - Statut: init
[2025-06-16 16:10:37] Traitement du challenge pour pascale: pastels-coloring
[2025-06-16 16:10:37] Commande  --cha pastels-coloring vote 20 --left 0:3 existe déjà pour pascale
[2025-06-16 16:10:37] Nouveau processus ajouté pour pascale: pastels-coloring-vote-20-left-0H:3M - Statut: init
[2025-06-16 16:10:37] Commande  --cha pastels-coloring vote 20 --left 0:2 existe déjà pour pascale
[2025-06-16 16:10:37] Traitement du challenge pour pascale: pastels-coloring
[2025-06-16 16:10:37] Nouveau processus ajouté pour pascale: pastels-coloring-vote-20-left-0H:2M - Statut: init
[2025-06-16 16:10:37] Commande  --cha pastels-coloring vote 20 --left 0:1 existe déjà pour pascale
[2025-06-16 16:10:37] Traitement du challenge pour pascale: pastels-coloring
[2025-06-16 16:10:37] Processus mis à jour pour pascale: pastels-coloring-vote-70-left-0H:4M - waiting
[2025-06-16 16:10:37] Nouveau processus ajouté pour pascale: pastels-coloring-vote-20-left-0H:1M - Statut: init
[2025-06-16 16:10:37] Processus mis à jour pour pascale: pastels-coloring-vote-20-left-0H:3M - waiting
[2025-06-16 16:10:37] Traitement du challenge pour pascale: pastels-coloring
[2025-06-16 16:10:37] Processus mis à jour pour pascale: pastels-coloring-vote-20-left-0H:2M - waiting
[2025-06-16 16:10:37] Processus mis à jour pour pascale: pastels-coloring-vote-20-left-0H:1M - waiting
[2025-06-16 16:10:37] Application des stratégies pour les challenges sélectionnés:
- Lit By The Fire avec stratégie end4
- Top Photographer avec stratégie end4
- Screen Stars - Tropic Vibe avec stratégie end4
- Photo of the Week! avec stratégie end4
- Pastels Coloring avec stratégie end4

[2025-06-16 16:11:14] Refreshing challenges...
[2025-06-16 16:11:14] Fetching challenges...
[2025-06-16 16:11:15] Challenges fetching ...
[2025-06-16 16:11:15] Challenges fetched successfully for bruno!
[2025-06-16 16:11:24] Refreshing challenges...
[2025-06-16 16:11:24] Fetching challenges...
[2025-06-16 16:11:25] Challenges fetching ...
[2025-06-16 16:11:25] Challenges fetched successfully for bruno!
[2025-06-16 19:32:36] Désélection de tous les challenges

[2025-06-16 19:32:57] Refreshing challenges...
[2025-06-16 19:32:57] Fetching challenges...
[2025-06-16 19:32:57] Challenges fetching ...
[2025-06-16 19:32:57] Challenges fetched successfully for pascale!
[2025-06-16 19:32:58] Challenge non trouvé: photo-of-the-week-300
[2025-06-16 19:32:58] Processus mis à jour pour pascale: photo-of-the-week-300-vote-20-left-0H:2M - executing
[2025-06-16 19:32:58] Objet challenge créé pour le thread de profil pascale: photo-of-the-week-300
[2025-06-16 19:32:58] Traitement de vote pour Challenge photo-of-the-week-300
[2025-06-16 19:32:58] Challenge photo-of-the-week-300 get vote panel
[2025-06-16 19:32:58] Processus associé: photo-of-the-week-300-vote-20-left-0H:2M
[2025-06-16 19:32:58] Récupération des données de vote pour Challenge photo-of-the-week-300 (URL: photo-of-the-week-300, HEADER:{'User-Agent': 'Mozilla/5.0 (X11; Linux i686; rv:39.0) Gecko/20100101 Firefox/39.0', 'x-api-version': '8', 'x-env': 'WEB', 'X-requested-with': 'XMLHttpRequest', 'X-token': 'f96bbe3a7e7f833329e7129767a69abbfa6dfce3152e3c2a311eb49d89b5c3bb2b12b66b402f03dce682b8b2b6a005cd'})
[2025-06-16 19:32:58] Erreur HTTP 403: <html>
<head><title>403 Forbidden</title></head>
<body>
<center><h1>403 Forbidden</h1></center>
...
[2025-06-16 19:32:58] Voting fetching ...
[2025-06-16 19:32:58] Erreur lors de la récupération des données de vote: {'success': False, 'message': 'HTTP 403: <html>\r\n<head><title>403 Forbidden</title></head>\r\n<body>\r\n<center><h1>403 Forbidden</h1></center>\r\n</body>\r\n</html>\r\n', 'challenge': {'close_time': 0}}
[2025-06-16 19:32:59] Challenge non trouvé: pastels-coloring
[2025-06-16 19:32:59] Processus mis à jour pour pascale: pastels-coloring-vote-20-left-0H:1M - executing
[2025-06-16 19:32:59] Objet challenge créé pour le thread de profil pascale: pastels-coloring
[2025-06-16 19:32:59] Traitement de vote pour Challenge pastels-coloring
[2025-06-16 19:33:00] Challenge non trouvé: pastels-coloring
[2025-06-16 19:33:00] Processus mis à jour pour pascale: pastels-coloring-vote-70-left-0H:4M - executing
[2025-06-16 19:33:00] Objet challenge créé pour le thread de profil pascale: pastels-coloring
[2025-06-16 19:33:00] Traitement de vote pour Challenge pastels-coloring
[2025-06-16 19:33:00] Challenge non trouvé: photo-of-the-week-300
[2025-06-16 19:33:00] Processus mis à jour pour pascale: photo-of-the-week-300-vote-20-left-0H:3M - executing
[2025-06-16 19:33:00] Objet challenge créé pour le thread de profil pascale: photo-of-the-week-300
[2025-06-16 19:33:00] Traitement de vote pour Challenge photo-of-the-week-300
[2025-06-16 19:33:00] Challenge non trouvé: lit-by-the-fire
[2025-06-16 19:33:00] Processus mis à jour pour pascale: lit-by-the-fire-vote-70-left-0H:4M - executing
[2025-06-16 19:33:00] Objet challenge créé pour le thread de profil pascale: lit-by-the-fire
[2025-06-16 19:33:00] Traitement de vote pour Challenge lit-by-the-fire
[2025-06-16 19:33:01] Challenge non trouvé: lit-by-the-fire
[2025-06-16 19:33:01] Processus mis à jour pour pascale: lit-by-the-fire-vote-20-left-0H:1M - executing
[2025-06-16 19:33:01] Objet challenge créé pour le thread de profil pascale: lit-by-the-fire
[2025-06-16 19:33:01] Traitement de vote pour Challenge lit-by-the-fire
[2025-06-16 19:33:01] Challenge non trouvé: photo-of-the-week-300
[2025-06-16 19:33:01] Processus mis à jour pour pascale: photo-of-the-week-300-vote-20-left-0H:2M - executing
[2025-06-16 19:33:01] Objet challenge créé pour le thread de profil pascale: photo-of-the-week-300
[2025-06-16 19:33:01] Traitement de vote pour Challenge photo-of-the-week-300
[2025-06-16 19:33:01] Challenge non trouvé: photo-of-the-week-300
[2025-06-16 19:33:01] Challenge non trouvé: top-photographer34
[2025-06-16 19:33:01] Processus mis à jour pour pascale: photo-of-the-week-300-vote-70-left-0H:4M - executing
[2025-06-16 19:33:01] Objet challenge créé pour le thread de profil pascale: photo-of-the-week-300
[2025-06-16 19:33:01] Traitement de vote pour Challenge photo-of-the-week-300
[2025-06-16 19:33:01] Processus mis à jour pour pascale: top-photographer34-vote-20-left-0H:2M - executing
[2025-06-16 19:33:01] Objet challenge créé pour le thread de profil pascale: top-photographer34
[2025-06-16 19:33:01] Traitement de vote pour Challenge top-photographer34
[2025-06-16 19:33:01] Challenge non trouvé: lit-by-the-fire
[2025-06-16 19:33:01] Processus mis à jour pour pascale: lit-by-the-fire-vote-70-left-0H:4M - executing
[2025-06-16 19:33:01] Objet challenge créé pour le thread de profil pascale: lit-by-the-fire
[2025-06-16 19:33:01] Traitement de vote pour Challenge lit-by-the-fire
[2025-06-16 19:33:01] Challenge non trouvé: pastels-coloring
[2025-06-16 19:33:01] Processus mis à jour pour pascale: pastels-coloring-vote-20-left-0H:2M - executing
[2025-06-16 19:33:01] Objet challenge créé pour le thread de profil pascale: pastels-coloring
[2025-06-16 19:33:01] Traitement de vote pour Challenge pastels-coloring
[2025-06-16 19:33:01] Challenge non trouvé: lit-by-the-fire
[2025-06-16 19:33:01] Processus mis à jour pour pascale: lit-by-the-fire-vote-20-left-0H:3M - executing
[2025-06-16 19:33:01] Objet challenge créé pour le thread de profil pascale: lit-by-the-fire
[2025-06-16 19:33:01] Traitement de vote pour Challenge lit-by-the-fire
[2025-06-16 19:33:02] Erreur lors de la récupération des données de vote: {'success': False, 'message': 'HTTP 403: <html>\r\n<head><title>403 Forbidden</title></head>\r\n<body>\r\n<center><h1>403 Forbidden</h1></center>\r\n</body>\r\n</html>\r\n', 'challenge': {'close_time': 0}}
[2025-06-16 19:33:02] Challenge pastels-coloring get vote panel
[2025-06-16 19:33:02] Processus associé: pastels-coloring-vote-20-left-0H:1M
[2025-06-16 19:33:02] Challenge pastels-coloring get vote panel
[2025-06-16 19:33:02] Processus associé: pastels-coloring-vote-70-left-0H:4M
[2025-06-16 19:33:02] Challenge photo-of-the-week-300 get vote panel
[2025-06-16 19:33:02] Processus associé: photo-of-the-week-300-vote-20-left-0H:3M
[2025-06-16 19:33:02] Challenge lit-by-the-fire get vote panel
[2025-06-16 19:33:02] Processus associé: lit-by-the-fire-vote-70-left-0H:4M
[2025-06-16 19:33:02] Challenge lit-by-the-fire get vote panel
[2025-06-16 19:33:02] Processus associé: lit-by-the-fire-vote-20-left-0H:1M
[2025-06-16 19:33:02] Challenge photo-of-the-week-300 get vote panel
[2025-06-16 19:33:02] Processus associé: photo-of-the-week-300-vote-20-left-0H:2M
[2025-06-16 19:33:02] Challenge photo-of-the-week-300 get vote panel
[2025-06-16 19:33:02] Processus associé: photo-of-the-week-300-vote-70-left-0H:4M
[2025-06-16 19:33:02] Challenge top-photographer34 get vote panel
[2025-06-16 19:33:02] Processus associé: top-photographer34-vote-20-left-0H:2M
[2025-06-16 19:33:02] Challenge lit-by-the-fire get vote panel
[2025-06-16 19:33:02] Processus associé: lit-by-the-fire-vote-70-left-0H:4M
[2025-06-16 19:33:02] Challenge pastels-coloring get vote panel
[2025-06-16 19:33:02] Processus associé: pastels-coloring-vote-20-left-0H:2M
[2025-06-16 19:33:02] Challenge lit-by-the-fire get vote panel
[2025-06-16 19:33:02] Processus associé: lit-by-the-fire-vote-20-left-0H:3M
[2025-06-16 19:33:02] Récupération des données de vote pour Challenge pastels-coloring (URL: pastels-coloring, HEADER:{'User-Agent': 'Mozilla/5.0 (X11; Linux i686; rv:39.0) Gecko/20100101 Firefox/39.0', 'x-api-version': '8', 'x-env': 'WEB', 'X-requested-with': 'XMLHttpRequest', 'X-token': 'f96bbe3a7e7f833329e7129767a69abbfa6dfce3152e3c2a311eb49d89b5c3bb2b12b66b402f03dce682b8b2b6a005cd'})
[2025-06-16 19:33:02] Récupération des données de vote pour Challenge pastels-coloring (URL: pastels-coloring, HEADER:{'User-Agent': 'Mozilla/5.0 (X11; Linux i686; rv:39.0) Gecko/20100101 Firefox/39.0', 'x-api-version': '8', 'x-env': 'WEB', 'X-requested-with': 'XMLHttpRequest', 'X-token': 'f96bbe3a7e7f833329e7129767a69abbfa6dfce3152e3c2a311eb49d89b5c3bb2b12b66b402f03dce682b8b2b6a005cd'})
[2025-06-16 19:33:02] Récupération des données de vote pour Challenge photo-of-the-week-300 (URL: photo-of-the-week-300, HEADER:{'User-Agent': 'Mozilla/5.0 (X11; Linux i686; rv:39.0) Gecko/20100101 Firefox/39.0', 'x-api-version': '8', 'x-env': 'WEB', 'X-requested-with': 'XMLHttpRequest', 'X-token': 'f96bbe3a7e7f833329e7129767a69abbfa6dfce3152e3c2a311eb49d89b5c3bb2b12b66b402f03dce682b8b2b6a005cd'})
[2025-06-16 19:33:02] Récupération des données de vote pour Challenge lit-by-the-fire (URL: lit-by-the-fire, HEADER:{'User-Agent': 'Mozilla/5.0 (X11; Linux i686; rv:39.0) Gecko/20100101 Firefox/39.0', 'x-api-version': '8', 'x-env': 'WEB', 'X-requested-with': 'XMLHttpRequest', 'X-token': 'f96bbe3a7e7f833329e7129767a69abbfa6dfce3152e3c2a311eb49d89b5c3bb2b12b66b402f03dce682b8b2b6a005cd'})
[2025-06-16 19:33:02] Récupération des données de vote pour Challenge lit-by-the-fire (URL: lit-by-the-fire, HEADER:{'User-Agent': 'Mozilla/5.0 (X11; Linux i686; rv:39.0) Gecko/20100101 Firefox/39.0', 'x-api-version': '8', 'x-env': 'WEB', 'X-requested-with': 'XMLHttpRequest', 'X-token': 'f96bbe3a7e7f833329e7129767a69abbfa6dfce3152e3c2a311eb49d89b5c3bb2b12b66b402f03dce682b8b2b6a005cd'})
[2025-06-16 19:33:02] Récupération des données de vote pour Challenge photo-of-the-week-300 (URL: photo-of-the-week-300, HEADER:{'User-Agent': 'Mozilla/5.0 (X11; Linux i686; rv:39.0) Gecko/20100101 Firefox/39.0', 'x-api-version': '8', 'x-env': 'WEB', 'X-requested-with': 'XMLHttpRequest', 'X-token': 'f96bbe3a7e7f833329e7129767a69abbfa6dfce3152e3c2a311eb49d89b5c3bb2b12b66b402f03dce682b8b2b6a005cd'})
[2025-06-16 19:33:02] Récupération des données de vote pour Challenge photo-of-the-week-300 (URL: photo-of-the-week-300, HEADER:{'User-Agent': 'Mozilla/5.0 (X11; Linux i686; rv:39.0) Gecko/20100101 Firefox/39.0', 'x-api-version': '8', 'x-env': 'WEB', 'X-requested-with': 'XMLHttpRequest', 'X-token': 'f96bbe3a7e7f833329e7129767a69abbfa6dfce3152e3c2a311eb49d89b5c3bb2b12b66b402f03dce682b8b2b6a005cd'})
[2025-06-16 19:33:02] Récupération des données de vote pour Challenge top-photographer34 (URL: top-photographer34, HEADER:{'User-Agent': 'Mozilla/5.0 (X11; Linux i686; rv:39.0) Gecko/20100101 Firefox/39.0', 'x-api-version': '8', 'x-env': 'WEB', 'X-requested-with': 'XMLHttpRequest', 'X-token': 'f96bbe3a7e7f833329e7129767a69abbfa6dfce3152e3c2a311eb49d89b5c3bb2b12b66b402f03dce682b8b2b6a005cd'})
[2025-06-16 19:33:02] Récupération des données de vote pour Challenge lit-by-the-fire (URL: lit-by-the-fire, HEADER:{'User-Agent': 'Mozilla/5.0 (X11; Linux i686; rv:39.0) Gecko/20100101 Firefox/39.0', 'x-api-version': '8', 'x-env': 'WEB', 'X-requested-with': 'XMLHttpRequest', 'X-token': 'f96bbe3a7e7f833329e7129767a69abbfa6dfce3152e3c2a311eb49d89b5c3bb2b12b66b402f03dce682b8b2b6a005cd'})
[2025-06-16 19:33:02] Récupération des données de vote pour Challenge pastels-coloring (URL: pastels-coloring, HEADER:{'User-Agent': 'Mozilla/5.0 (X11; Linux i686; rv:39.0) Gecko/20100101 Firefox/39.0', 'x-api-version': '8', 'x-env': 'WEB', 'X-requested-with': 'XMLHttpRequest', 'X-token': 'f96bbe3a7e7f833329e7129767a69abbfa6dfce3152e3c2a311eb49d89b5c3bb2b12b66b402f03dce682b8b2b6a005cd'})
[2025-06-16 19:33:02] Récupération des données de vote pour Challenge lit-by-the-fire (URL: lit-by-the-fire, HEADER:{'User-Agent': 'Mozilla/5.0 (X11; Linux i686; rv:39.0) Gecko/20100101 Firefox/39.0', 'x-api-version': '8', 'x-env': 'WEB', 'X-requested-with': 'XMLHttpRequest', 'X-token': 'f96bbe3a7e7f833329e7129767a69abbfa6dfce3152e3c2a311eb49d89b5c3bb2b12b66b402f03dce682b8b2b6a005cd'})
[2025-06-16 19:33:02] Erreur HTTP 403: <html>
<head><title>403 Forbidden</title></head>
<body>
<center><h1>403 Forbidden</h1></center>
...
[2025-06-16 19:33:02] Voting fetching ...
[2025-06-16 19:33:02] Erreur lors de la récupération des données de vote: {'success': False, 'message': 'HTTP 403: <html>\r\n<head><title>403 Forbidden</title></head>\r\n<body>\r\n<center><h1>403 Forbidden</h1></center>\r\n</body>\r\n</html>\r\n', 'challenge': {'close_time': 0}}
[2025-06-16 19:33:02] Challenge non trouvé: photo-of-the-week-300
[2025-06-16 19:33:02] Processus mis à jour pour pascale: photo-of-the-week-300-vote-70-left-0H:4M - executing
[2025-06-16 19:33:02] Objet challenge créé pour le thread de profil pascale: photo-of-the-week-300
[2025-06-16 19:33:02] Traitement de vote pour Challenge photo-of-the-week-300
[2025-06-16 19:33:02] Challenge non trouvé: pastels-coloring
[2025-06-16 19:33:02] Processus mis à jour pour pascale: pastels-coloring-vote-20-left-0H:1M - executing
[2025-06-16 19:33:02] Objet challenge créé pour le thread de profil pascale: pastels-coloring
[2025-06-16 19:33:02] Traitement de vote pour Challenge pastels-coloring
[2025-06-16 19:33:03] Challenge non trouvé: pastels-coloring
[2025-06-16 19:33:03] Challenge non trouvé: top-photographer34
[2025-06-16 19:33:03] Processus mis à jour pour pascale: pastels-coloring-vote-20-left-0H:3M - executing
[2025-06-16 19:33:03] Objet challenge créé pour le thread de profil pascale: pastels-coloring
[2025-06-16 19:33:03] Processus mis à jour pour pascale: top-photographer34-vote-20-left-0H:3M - executing
[2025-06-16 19:33:03] Traitement de vote pour Challenge pastels-coloring
[2025-06-16 19:33:03] Objet challenge créé pour le thread de profil pascale: top-photographer34
[2025-06-16 19:33:03] Traitement de vote pour Challenge top-photographer34
[2025-06-16 19:33:03] Challenge non trouvé: photo-of-the-week-300
[2025-06-16 19:33:03] Processus mis à jour pour pascale: photo-of-the-week-300-vote-20-left-0H:1M - executing
[2025-06-16 19:33:03] Objet challenge créé pour le thread de profil pascale: photo-of-the-week-300
[2025-06-16 19:33:03] Traitement de vote pour Challenge photo-of-the-week-300
[2025-06-16 19:33:03] Challenge non trouvé: lit-by-the-fire
[2025-06-16 19:33:03] Processus mis à jour pour pascale: lit-by-the-fire-vote-20-left-0H:1M - executing
[2025-06-16 19:33:03] Objet challenge créé pour le thread de profil pascale: lit-by-the-fire
[2025-06-16 19:33:03] Traitement de vote pour Challenge lit-by-the-fire
[2025-06-16 19:33:04] Challenge non trouvé: pastels-coloring
[2025-06-16 19:33:04] Processus mis à jour pour pascale: pastels-coloring-vote-70-left-0H:4M - executing
[2025-06-16 19:33:04] Objet challenge créé pour le thread de profil pascale: pastels-coloring
[2025-06-16 19:33:04] Traitement de vote pour Challenge pastels-coloring
[2025-06-16 19:33:04] Challenge non trouvé: photo-of-the-week-300
[2025-06-16 19:33:04] Processus mis à jour pour pascale: photo-of-the-week-300-vote-70-left-0H:4M - executing
[2025-06-16 19:33:04] Objet challenge créé pour le thread de profil pascale: photo-of-the-week-300
[2025-06-16 19:33:04] Traitement de vote pour Challenge photo-of-the-week-300
[2025-06-16 19:33:05] Challenge non trouvé: lit-by-the-fire
[2025-06-16 19:33:05] Processus mis à jour pour pascale: lit-by-the-fire-vote-20-left-0H:2M - executing
[2025-06-16 19:33:05] Objet challenge créé pour le thread de profil pascale: lit-by-the-fire
[2025-06-16 19:33:05] Traitement de vote pour Challenge lit-by-the-fire
[2025-06-16 19:33:05] Erreur lors de la récupération des données de vote: {'success': False, 'message': 'HTTP 403: <html>\r\n<head><title>403 Forbidden</title></head>\r\n<body>\r\n<center><h1>403 Forbidden</h1></center>\r\n</body>\r\n</html>\r\n', 'challenge': {'close_time': 0}}
[2025-06-16 19:33:05] Challenge photo-of-the-week-300 get vote panel
[2025-06-16 19:33:05] Processus associé: photo-of-the-week-300-vote-70-left-0H:4M
[2025-06-16 19:33:05] Challenge pastels-coloring get vote panel
[2025-06-16 19:33:05] Processus associé: pastels-coloring-vote-20-left-0H:1M
[2025-06-16 19:33:05] Challenge pastels-coloring get vote panel
[2025-06-16 19:33:05] Processus associé: pastels-coloring-vote-20-left-0H:3M
[2025-06-16 19:33:05] Challenge top-photographer34 get vote panel
[2025-06-16 19:33:05] Processus associé: top-photographer34-vote-20-left-0H:3M
[2025-06-16 19:33:05] Challenge photo-of-the-week-300 get vote panel
[2025-06-16 19:33:05] Processus associé: photo-of-the-week-300-vote-20-left-0H:1M
[2025-06-16 19:33:05] Challenge lit-by-the-fire get vote panel
[2025-06-16 19:33:05] Processus associé: lit-by-the-fire-vote-20-left-0H:1M
[2025-06-16 19:33:05] Challenge pastels-coloring get vote panel
[2025-06-16 19:33:05] Processus associé: pastels-coloring-vote-70-left-0H:4M
[2025-06-16 19:33:05] Challenge photo-of-the-week-300 get vote panel
[2025-06-16 19:33:05] Processus associé: photo-of-the-week-300-vote-70-left-0H:4M
[2025-06-16 19:33:05] Challenge lit-by-the-fire get vote panel
[2025-06-16 19:33:05] Processus associé: lit-by-the-fire-vote-20-left-0H:2M
[2025-06-16 19:33:05] Récupération des données de vote pour Challenge photo-of-the-week-300 (URL: photo-of-the-week-300, HEADER:{'User-Agent': 'Mozilla/5.0 (X11; Linux i686; rv:39.0) Gecko/20100101 Firefox/39.0', 'x-api-version': '8', 'x-env': 'WEB', 'X-requested-with': 'XMLHttpRequest', 'X-token': 'f96bbe3a7e7f833329e7129767a69abbfa6dfce3152e3c2a311eb49d89b5c3bb2b12b66b402f03dce682b8b2b6a005cd'})
[2025-06-16 19:33:05] Récupération des données de vote pour Challenge pastels-coloring (URL: pastels-coloring, HEADER:{'User-Agent': 'Mozilla/5.0 (X11; Linux i686; rv:39.0) Gecko/20100101 Firefox/39.0', 'x-api-version': '8', 'x-env': 'WEB', 'X-requested-with': 'XMLHttpRequest', 'X-token': 'f96bbe3a7e7f833329e7129767a69abbfa6dfce3152e3c2a311eb49d89b5c3bb2b12b66b402f03dce682b8b2b6a005cd'})
[2025-06-16 19:33:05] Récupération des données de vote pour Challenge pastels-coloring (URL: pastels-coloring, HEADER:{'User-Agent': 'Mozilla/5.0 (X11; Linux i686; rv:39.0) Gecko/20100101 Firefox/39.0', 'x-api-version': '8', 'x-env': 'WEB', 'X-requested-with': 'XMLHttpRequest', 'X-token': 'f96bbe3a7e7f833329e7129767a69abbfa6dfce3152e3c2a311eb49d89b5c3bb2b12b66b402f03dce682b8b2b6a005cd'})
[2025-06-16 19:33:05] Récupération des données de vote pour Challenge top-photographer34 (URL: top-photographer34, HEADER:{'User-Agent': 'Mozilla/5.0 (X11; Linux i686; rv:39.0) Gecko/20100101 Firefox/39.0', 'x-api-version': '8', 'x-env': 'WEB', 'X-requested-with': 'XMLHttpRequest', 'X-token': 'f96bbe3a7e7f833329e7129767a69abbfa6dfce3152e3c2a311eb49d89b5c3bb2b12b66b402f03dce682b8b2b6a005cd'})
[2025-06-16 19:33:05] Récupération des données de vote pour Challenge photo-of-the-week-300 (URL: photo-of-the-week-300, HEADER:{'User-Agent': 'Mozilla/5.0 (X11; Linux i686; rv:39.0) Gecko/20100101 Firefox/39.0', 'x-api-version': '8', 'x-env': 'WEB', 'X-requested-with': 'XMLHttpRequest', 'X-token': 'f96bbe3a7e7f833329e7129767a69abbfa6dfce3152e3c2a311eb49d89b5c3bb2b12b66b402f03dce682b8b2b6a005cd'})
[2025-06-16 19:33:05] Récupération des données de vote pour Challenge lit-by-the-fire (URL: lit-by-the-fire, HEADER:{'User-Agent': 'Mozilla/5.0 (X11; Linux i686; rv:39.0) Gecko/20100101 Firefox/39.0', 'x-api-version': '8', 'x-env': 'WEB', 'X-requested-with': 'XMLHttpRequest', 'X-token': 'f96bbe3a7e7f833329e7129767a69abbfa6dfce3152e3c2a311eb49d89b5c3bb2b12b66b402f03dce682b8b2b6a005cd'})
[2025-06-16 19:33:05] Récupération des données de vote pour Challenge pastels-coloring (URL: pastels-coloring, HEADER:{'User-Agent': 'Mozilla/5.0 (X11; Linux i686; rv:39.0) Gecko/20100101 Firefox/39.0', 'x-api-version': '8', 'x-env': 'WEB', 'X-requested-with': 'XMLHttpRequest', 'X-token': 'f96bbe3a7e7f833329e7129767a69abbfa6dfce3152e3c2a311eb49d89b5c3bb2b12b66b402f03dce682b8b2b6a005cd'})
[2025-06-16 19:33:05] Récupération des données de vote pour Challenge photo-of-the-week-300 (URL: photo-of-the-week-300, HEADER:{'User-Agent': 'Mozilla/5.0 (X11; Linux i686; rv:39.0) Gecko/20100101 Firefox/39.0', 'x-api-version': '8', 'x-env': 'WEB', 'X-requested-with': 'XMLHttpRequest', 'X-token': 'f96bbe3a7e7f833329e7129767a69abbfa6dfce3152e3c2a311eb49d89b5c3bb2b12b66b402f03dce682b8b2b6a005cd'})
[2025-06-16 19:33:05] Récupération des données de vote pour Challenge lit-by-the-fire (URL: lit-by-the-fire, HEADER:{'User-Agent': 'Mozilla/5.0 (X11; Linux i686; rv:39.0) Gecko/20100101 Firefox/39.0', 'x-api-version': '8', 'x-env': 'WEB', 'X-requested-with': 'XMLHttpRequest', 'X-token': 'f96bbe3a7e7f833329e7129767a69abbfa6dfce3152e3c2a311eb49d89b5c3bb2b12b66b402f03dce682b8b2b6a005cd'})
[2025-06-16 19:33:05] Erreur HTTP 403: <html>
<head><title>403 Forbidden</title></head>
<body>
<center><h1>403 Forbidden</h1></center>
...
[2025-06-16 19:33:05] Voting fetching ...
[2025-06-16 19:33:05] Erreur lors de la récupération des données de vote: {'success': False, 'message': 'HTTP 403: <html>\r\n<head><title>403 Forbidden</title></head>\r\n<body>\r\n<center><h1>403 Forbidden</h1></center>\r\n</body>\r\n</html>\r\n', 'challenge': {'close_time': 0}}
[2025-06-16 19:33:05] Challenge non trouvé: lit-by-the-fire
[2025-06-16 19:33:05] Processus mis à jour pour pascale: lit-by-the-fire-vote-20-left-0H:2M - executing
[2025-06-16 19:33:05] Objet challenge créé pour le thread de profil pascale: lit-by-the-fire
[2025-06-16 19:33:05] Traitement de vote pour Challenge lit-by-the-fire
[2025-06-16 19:33:05] Challenge non trouvé: top-photographer34
[2025-06-16 19:33:05] Processus mis à jour pour pascale: top-photographer34-vote-20-left-0H:1M - executing
[2025-06-16 19:33:05] Objet challenge créé pour le thread de profil pascale: top-photographer34
[2025-06-16 19:33:05] Traitement de vote pour Challenge top-photographer34
[2025-06-16 19:33:05] Challenge non trouvé: lit-by-the-fire
[2025-06-16 19:33:05] Processus mis à jour pour pascale: lit-by-the-fire-vote-20-left-0H:3M - executing
[2025-06-16 19:33:05] Objet challenge créé pour le thread de profil pascale: lit-by-the-fire
[2025-06-16 19:33:05] Traitement de vote pour Challenge lit-by-the-fire
[2025-06-16 19:33:05] Challenge non trouvé: lit-by-the-fire
[2025-06-16 19:33:05] Processus mis à jour pour pascale: lit-by-the-fire-vote-20-left-0H:1M - executing
[2025-06-16 19:33:05] Objet challenge créé pour le thread de profil pascale: lit-by-the-fire
[2025-06-16 19:33:05] Traitement de vote pour Challenge lit-by-the-fire
[2025-06-16 19:33:06] Challenge non trouvé: lit-by-the-fire
[2025-06-16 19:33:06] Processus mis à jour pour pascale: lit-by-the-fire-vote-70-left-0H:4M - executing
[2025-06-16 19:33:06] Objet challenge créé pour le thread de profil pascale: lit-by-the-fire
[2025-06-16 19:33:06] Traitement de vote pour Challenge lit-by-the-fire
[2025-06-16 19:33:06] Challenge non trouvé: photo-of-the-week-300
[2025-06-16 19:33:06] Processus mis à jour pour pascale: photo-of-the-week-300-vote-20-left-0H:2M - executing
[2025-06-16 19:33:06] Objet challenge créé pour le thread de profil pascale: photo-of-the-week-300
[2025-06-16 19:33:06] Traitement de vote pour Challenge photo-of-the-week-300
[2025-06-16 19:33:06] Challenge non trouvé: photo-of-the-week-300
[2025-06-16 19:33:06] Processus mis à jour pour pascale: photo-of-the-week-300-vote-20-left-0H:2M - executing
[2025-06-16 19:33:06] Objet challenge créé pour le thread de profil pascale: photo-of-the-week-300
[2025-06-16 19:33:06] Traitement de vote pour Challenge photo-of-the-week-300
[2025-06-16 19:33:06] Challenge non trouvé: photo-of-the-week-300
[2025-06-16 19:33:06] Processus mis à jour pour pascale: photo-of-the-week-300-vote-20-left-0H:3M - executing
[2025-06-16 19:33:06] Objet challenge créé pour le thread de profil pascale: photo-of-the-week-300
[2025-06-16 19:33:06] Traitement de vote pour Challenge photo-of-the-week-300
[2025-06-16 19:33:06] Challenge non trouvé: top-photographer34
[2025-06-16 19:33:06] Processus mis à jour pour pascale: top-photographer34-vote-70-left-0H:4M - executing
[2025-06-16 19:33:06] Objet challenge créé pour le thread de profil pascale: top-photographer34
[2025-06-16 19:33:06] Traitement de vote pour Challenge top-photographer34
[2025-06-16 19:33:06] Challenge non trouvé: lit-by-the-fire
[2025-06-16 19:33:06] Processus mis à jour pour pascale: lit-by-the-fire-vote-20-left-0H:3M - executing
[2025-06-16 19:33:06] Objet challenge créé pour le thread de profil pascale: lit-by-the-fire
[2025-06-16 19:33:06] Traitement de vote pour Challenge lit-by-the-fire
[2025-06-16 19:33:06] Challenge non trouvé: photo-of-the-week-300
[2025-06-16 19:33:06] Processus mis à jour pour pascale: photo-of-the-week-300-vote-20-left-0H:1M - executing
[2025-06-16 19:33:06] Objet challenge créé pour le thread de profil pascale: photo-of-the-week-300
[2025-06-16 19:33:06] Traitement de vote pour Challenge photo-of-the-week-300
[2025-06-16 19:33:06] Challenge non trouvé: lit-by-the-fire
[2025-06-16 19:33:06] Processus mis à jour pour pascale: lit-by-the-fire-vote-70-left-0H:4M - executing
[2025-06-16 19:33:06] Objet challenge créé pour le thread de profil pascale: lit-by-the-fire
[2025-06-16 19:33:06] Traitement de vote pour Challenge lit-by-the-fire
[2025-06-16 19:33:07] Challenge non trouvé: photo-of-the-week-300
[2025-06-16 19:33:07] Challenge non trouvé: lit-by-the-fire
[2025-06-16 19:33:07] Processus mis à jour pour pascale: photo-of-the-week-300-vote-20-left-0H:1M - executing
[2025-06-16 19:33:07] Objet challenge créé pour le thread de profil pascale: photo-of-the-week-300
[2025-06-16 19:33:07] Processus mis à jour pour pascale: lit-by-the-fire-vote-20-left-0H:2M - executing
[2025-06-16 19:33:07] Traitement de vote pour Challenge photo-of-the-week-300
[2025-06-16 19:33:07] Objet challenge créé pour le thread de profil pascale: lit-by-the-fire
[2025-06-16 19:33:07] Traitement de vote pour Challenge lit-by-the-fire
[2025-06-16 19:33:07] Challenge non trouvé: photo-of-the-week-300
[2025-06-16 19:33:07] Processus mis à jour pour pascale: photo-of-the-week-300-vote-20-left-0H:3M - executing
[2025-06-16 19:33:07] Objet challenge créé pour le thread de profil pascale: photo-of-the-week-300
[2025-06-16 19:33:07] Traitement de vote pour Challenge photo-of-the-week-300
[2025-06-16 19:33:07] Challenge non trouvé: top-photographer34
[2025-06-16 19:33:07] Processus mis à jour pour pascale: top-photographer34-vote-70-left-0H:4M - executing
[2025-06-16 19:33:07] Objet challenge créé pour le thread de profil pascale: top-photographer34
[2025-06-16 19:33:07] Traitement de vote pour Challenge top-photographer34
[2025-06-16 19:33:07] Challenge non trouvé: lit-by-the-fire
[2025-06-16 19:33:07] Processus mis à jour pour pascale: lit-by-the-fire-vote-20-left-0H:1M - executing
[2025-06-16 19:33:07] Objet challenge créé pour le thread de profil pascale: lit-by-the-fire
[2025-06-16 19:33:07] Traitement de vote pour Challenge lit-by-the-fire
[2025-06-16 19:33:07] Challenge non trouvé: photo-of-the-week-300
[2025-06-16 19:33:07] Processus mis à jour pour pascale: photo-of-the-week-300-vote-20-left-0H:2M - executing
[2025-06-16 19:33:07] Objet challenge créé pour le thread de profil pascale: photo-of-the-week-300
[2025-06-16 19:33:07] Traitement de vote pour Challenge photo-of-the-week-300
[2025-06-16 19:33:07] Challenge non trouvé: pastels-coloring
[2025-06-16 19:33:07] Processus mis à jour pour pascale: pastels-coloring-vote-20-left-0H:3M - executing
[2025-06-16 19:33:07] Objet challenge créé pour le thread de profil pascale: pastels-coloring
[2025-06-16 19:33:07] Traitement de vote pour Challenge pastels-coloring
[2025-06-16 19:33:07] Challenge non trouvé: photo-of-the-week-300
[2025-06-16 19:33:07] Processus mis à jour pour pascale: photo-of-the-week-300-vote-20-left-0H:3M - executing
[2025-06-16 19:33:07] Objet challenge créé pour le thread de profil pascale: photo-of-the-week-300
[2025-06-16 19:33:07] Traitement de vote pour Challenge photo-of-the-week-300
[2025-06-16 19:33:08] Challenge non trouvé: top-photographer34
[2025-06-16 19:33:08] Processus mis à jour pour pascale: top-photographer34-vote-20-left-0H:3M - executing
[2025-06-16 19:33:08] Objet challenge créé pour le thread de profil pascale: top-photographer34
[2025-06-16 19:33:08] Traitement de vote pour Challenge top-photographer34
[2025-06-16 19:33:08] Challenge non trouvé: pastels-coloring
[2025-06-16 19:33:08] Processus mis à jour pour pascale: pastels-coloring-vote-70-left-0H:4M - executing
[2025-06-16 19:33:08] Objet challenge créé pour le thread de profil pascale: pastels-coloring
[2025-06-16 19:33:08] Traitement de vote pour Challenge pastels-coloring
[2025-06-16 19:33:08] Erreur lors de la récupération des données de vote: {'success': False, 'message': 'HTTP 403: <html>\r\n<head><title>403 Forbidden</title></head>\r\n<body>\r\n<center><h1>403 Forbidden</h1></center>\r\n</body>\r\n</html>\r\n', 'challenge': {'close_time': 0}}
[2025-06-16 19:33:08] Erreur HTTP 403: <html>
<head><title>403 Forbidden</title></head>
<body>
<center><h1>403 Forbidden</h1></center>
...
[2025-06-16 19:33:08] Voting fetching ...
[2025-06-16 19:33:08] Erreur lors de la récupération des données de vote: {'success': False, 'message': 'HTTP 403: <html>\r\n<head><title>403 Forbidden</title></head>\r\n<body>\r\n<center><h1>403 Forbidden</h1></center>\r\n</body>\r\n</html>\r\n', 'challenge': {'close_time': 0}}
[2025-06-16 19:33:08] Challenge non trouvé: photo-of-the-week-300
[2025-06-16 19:33:08] Processus mis à jour pour pascale: photo-of-the-week-300-vote-70-left-0H:4M - executing
[2025-06-16 19:33:08] Objet challenge créé pour le thread de profil pascale: photo-of-the-week-300
[2025-06-16 19:33:08] Traitement de vote pour Challenge photo-of-the-week-300
[2025-06-16 19:33:08] Challenge non trouvé: screen-stars-tropic-glow
[2025-06-16 19:33:08] Processus mis à jour pour pascale: screen-stars-tropic-glow-vote-20-left-0H:2M - executing
[2025-06-16 19:33:08] Objet challenge créé pour le thread de profil pascale: screen-stars-tropic-glow
[2025-06-16 19:33:08] Traitement de vote pour Challenge screen-stars-tropic-glow
[2025-06-16 19:33:09] Challenge non trouvé: pastels-coloring
[2025-06-16 19:33:09] Processus mis à jour pour pascale: pastels-coloring-vote-20-left-0H:2M - executing
[2025-06-16 19:33:09] Objet challenge créé pour le thread de profil pascale: pastels-coloring
[2025-06-16 19:33:09] Traitement de vote pour Challenge pastels-coloring
[2025-06-16 19:33:09] Challenge non trouvé: pastels-coloring
[2025-06-16 19:33:09] Challenge non trouvé: screen-stars-tropic-glow
[2025-06-16 19:33:09] Processus mis à jour pour pascale: pastels-coloring-vote-20-left-0H:1M - executing
[2025-06-16 19:33:09] Objet challenge créé pour le thread de profil pascale: pastels-coloring
[2025-06-16 19:33:09] Processus mis à jour pour pascale: screen-stars-tropic-glow-vote-20-left-0H:1M - executing
[2025-06-16 19:33:09] Traitement de vote pour Challenge pastels-coloring
[2025-06-16 19:33:09] Objet challenge créé pour le thread de profil pascale: screen-stars-tropic-glow
[2025-06-16 19:33:09] Traitement de vote pour Challenge screen-stars-tropic-glow
[2025-06-16 19:33:09] Challenge non trouvé: screen-stars-tropic-glow
[2025-06-16 19:33:09] Processus mis à jour pour pascale: screen-stars-tropic-glow-vote-20-left-0H:3M - executing
[2025-06-16 19:33:09] Objet challenge créé pour le thread de profil pascale: screen-stars-tropic-glow
[2025-06-16 19:33:09] Traitement de vote pour Challenge screen-stars-tropic-glow
[2025-06-16 19:33:10] Challenge non trouvé: photo-of-the-week-300
[2025-06-16 19:33:10] Processus mis à jour pour pascale: photo-of-the-week-300-vote-20-left-0H:1M - executing
[2025-06-16 19:33:10] Objet challenge créé pour le thread de profil pascale: photo-of-the-week-300
[2025-06-16 19:33:10] Traitement de vote pour Challenge photo-of-the-week-300
[2025-06-16 19:33:10] Challenge non trouvé: screen-stars-tropic-glow
[2025-06-16 19:33:10] Processus mis à jour pour pascale: screen-stars-tropic-glow-vote-70-left-0H:4M - executing
[2025-06-16 19:33:10] Objet challenge créé pour le thread de profil pascale: screen-stars-tropic-glow
[2025-06-16 19:33:10] Traitement de vote pour Challenge screen-stars-tropic-glow
[2025-06-16 19:33:10] Challenge non trouvé: pastels-coloring
[2025-06-16 19:33:10] Processus mis à jour pour pascale: pastels-coloring-vote-20-left-0H:2M - executing
[2025-06-16 19:33:10] Objet challenge créé pour le thread de profil pascale: pastels-coloring
[2025-06-16 19:33:10] Traitement de vote pour Challenge pastels-coloring
[2025-06-16 19:33:10] Challenge non trouvé: top-photographer34
[2025-06-16 19:33:10] Processus mis à jour pour pascale: top-photographer34-vote-20-left-0H:1M - executing
[2025-06-16 19:33:10] Objet challenge créé pour le thread de profil pascale: top-photographer34
[2025-06-16 19:33:10] Traitement de vote pour Challenge top-photographer34
[2025-06-16 19:33:10] Challenge non trouvé: photo-of-the-week-300
[2025-06-16 19:33:10] Challenge non trouvé: photo-of-the-week-300
[2025-06-16 19:33:10] Processus mis à jour pour pascale: photo-of-the-week-300-vote-70-left-0H:4M - executing
[2025-06-16 19:33:10] Objet challenge créé pour le thread de profil pascale: photo-of-the-week-300
[2025-06-16 19:33:10] Processus mis à jour pour pascale: photo-of-the-week-300-vote-20-left-0H:3M - executing
[2025-06-16 19:33:10] Traitement de vote pour Challenge photo-of-the-week-300
[2025-06-16 19:33:10] Objet challenge créé pour le thread de profil pascale: photo-of-the-week-300
[2025-06-16 19:33:10] Traitement de vote pour Challenge photo-of-the-week-300
[2025-06-16 19:33:11] Erreur lors de la récupération des données de vote: {'success': False, 'message': 'HTTP 403: <html>\r\n<head><title>403 Forbidden</title></head>\r\n<body>\r\n<center><h1>403 Forbidden</h1></center>\r\n</body>\r\n</html>\r\n', 'challenge': {'close_time': 0}}
[2025-06-16 19:33:11] Erreur HTTP 403: <html>
<head><title>403 Forbidden</title></head>
<body>
<center><h1>403 Forbidden</h1></center>
...
[2025-06-16 19:33:11] Voting fetching ...
[2025-06-16 19:33:11] Erreur lors de la récupération des données de vote: {'success': False, 'message': 'HTTP 403: <html>\r\n<head><title>403 Forbidden</title></head>\r\n<body>\r\n<center><h1>403 Forbidden</h1></center>\r\n</body>\r\n</html>\r\n', 'challenge': {'close_time': 0}}
[2025-06-16 19:33:11] Challenge non trouvé: lit-by-the-fire
[2025-06-16 19:33:11] Processus mis à jour pour pascale: lit-by-the-fire-vote-20-left-0H:3M - executing
[2025-06-16 19:33:11] Objet challenge créé pour le thread de profil pascale: lit-by-the-fire
[2025-06-16 19:33:11] Traitement de vote pour Challenge lit-by-the-fire
[2025-06-16 19:33:11] Challenge non trouvé: top-photographer34
[2025-06-16 19:33:11] Processus mis à jour pour pascale: top-photographer34-vote-20-left-0H:2M - executing
[2025-06-16 19:33:11] Objet challenge créé pour le thread de profil pascale: top-photographer34
[2025-06-16 19:33:11] Traitement de vote pour Challenge top-photographer34
[2025-06-16 19:33:12] Challenge non trouvé: lit-by-the-fire
[2025-06-16 19:33:12] Processus mis à jour pour pascale: lit-by-the-fire-vote-20-left-0H:2M - executing
[2025-06-16 19:33:12] Objet challenge créé pour le thread de profil pascale: lit-by-the-fire
[2025-06-16 19:33:12] Traitement de vote pour Challenge lit-by-the-fire
[2025-06-16 19:33:12] Challenge non trouvé: pastels-coloring
[2025-06-16 19:33:12] Processus mis à jour pour pascale: pastels-coloring-vote-20-left-0H:3M - executing
[2025-06-16 19:33:12] Objet challenge créé pour le thread de profil pascale: pastels-coloring
[2025-06-16 19:33:12] Traitement de vote pour Challenge pastels-coloring
[2025-06-16 19:33:12] Challenge non trouvé: photo-of-the-week-300
[2025-06-16 19:33:12] Processus mis à jour pour pascale: photo-of-the-week-300-vote-20-left-0H:1M - executing
[2025-06-16 19:33:12] Objet challenge créé pour le thread de profil pascale: photo-of-the-week-300
[2025-06-16 19:33:12] Traitement de vote pour Challenge photo-of-the-week-300
[2025-06-16 19:33:14] Erreur lors de la récupération des données de vote: {'success': False, 'message': 'HTTP 403: <html>\r\n<head><title>403 Forbidden</title></head>\r\n<body>\r\n<center><h1>403 Forbidden</h1></center>\r\n</body>\r\n</html>\r\n', 'challenge': {'close_time': 0}}
[2025-06-16 19:33:14] Erreur HTTP 403: <html>
<head><title>403 Forbidden</title></head>
<body>
<center><h1>403 Forbidden</h1></center>
...
[2025-06-16 19:33:14] Voting fetching ...
[2025-06-16 19:33:14] Erreur lors de la récupération des données de vote: {'success': False, 'message': 'HTTP 403: <html>\r\n<head><title>403 Forbidden</title></head>\r\n<body>\r\n<center><h1>403 Forbidden</h1></center>\r\n</body>\r\n</html>\r\n', 'challenge': {'close_time': 0}}
[2025-06-16 19:33:17] Erreur lors de la récupération des données de vote: {'success': False, 'message': 'HTTP 403: <html>\r\n<head><title>403 Forbidden</title></head>\r\n<body>\r\n<center><h1>403 Forbidden</h1></center>\r\n</body>\r\n</html>\r\n', 'challenge': {'close_time': 0}}
[2025-06-16 19:33:17] Erreur HTTP 403: <html>
<head><title>403 Forbidden</title></head>
<body>
<center><h1>403 Forbidden</h1></center>
...
[2025-06-16 19:33:17] Voting fetching ...
[2025-06-16 19:33:17] Erreur lors de la récupération des données de vote: {'success': False, 'message': 'HTTP 403: <html>\r\n<head><title>403 Forbidden</title></head>\r\n<body>\r\n<center><h1>403 Forbidden</h1></center>\r\n</body>\r\n</html>\r\n', 'challenge': {'close_time': 0}}
[2025-06-16 19:33:20] Erreur lors de la récupération des données de vote: {'success': False, 'message': 'HTTP 403: <html>\r\n<head><title>403 Forbidden</title></head>\r\n<body>\r\n<center><h1>403 Forbidden</h1></center>\r\n</body>\r\n</html>\r\n', 'challenge': {'close_time': 0}}
[2025-06-16 19:33:20] Erreur HTTP 403: <html>
<head><title>403 Forbidden</title></head>
<body>
<center><h1>403 Forbidden</h1></center>
...
[2025-06-16 19:33:20] Voting fetching ...
[2025-06-16 19:33:20] Erreur lors de la récupération des données de vote: {'success': False, 'message': 'HTTP 403: <html>\r\n<head><title>403 Forbidden</title></head>\r\n<body>\r\n<center><h1>403 Forbidden</h1></center>\r\n</body>\r\n</html>\r\n', 'challenge': {'close_time': 0}}
[2025-06-16 19:33:23] Erreur lors de la récupération des données de vote: {'success': False, 'message': 'HTTP 403: <html>\r\n<head><title>403 Forbidden</title></head>\r\n<body>\r\n<center><h1>403 Forbidden</h1></center>\r\n</body>\r\n</html>\r\n', 'challenge': {'close_time': 0}}
[2025-06-16 19:33:23] Erreur HTTP 403: <html>
<head><title>403 Forbidden</title></head>
<body>
<center><h1>403 Forbidden</h1></center>
...
[2025-06-16 19:33:23] Voting fetching ...
[2025-06-16 19:33:23] Erreur lors de la récupération des données de vote: {'success': False, 'message': 'HTTP 403: <html>\r\n<head><title>403 Forbidden</title></head>\r\n<body>\r\n<center><h1>403 Forbidden</h1></center>\r\n</body>\r\n</html>\r\n', 'challenge': {'close_time': 0}}
[2025-06-16 19:33:26] Erreur lors de la récupération des données de vote: {'success': False, 'message': 'HTTP 403: <html>\r\n<head><title>403 Forbidden</title></head>\r\n<body>\r\n<center><h1>403 Forbidden</h1></center>\r\n</body>\r\n</html>\r\n', 'challenge': {'close_time': 0}}
[2025-06-16 19:33:26] Erreur HTTP 403: <html>
<head><title>403 Forbidden</title></head>
<body>
<center><h1>403 Forbidden</h1></center>
...
[2025-06-16 19:33:26] Voting fetching ...
[2025-06-16 19:33:26] Erreur lors de la récupération des données de vote: {'success': False, 'message': 'HTTP 403: <html>\r\n<head><title>403 Forbidden</title></head>\r\n<body>\r\n<center><h1>403 Forbidden</h1></center>\r\n</body>\r\n</html>\r\n', 'challenge': {'close_time': 0}}
[2025-06-16 19:33:29] Erreur lors de la récupération des données de vote: {'success': False, 'message': 'HTTP 403: <html>\r\n<head><title>403 Forbidden</title></head>\r\n<body>\r\n<center><h1>403 Forbidden</h1></center>\r\n</body>\r\n</html>\r\n', 'challenge': {'close_time': 0}}
[2025-06-16 19:33:29] Erreur HTTP 403: <html>
<head><title>403 Forbidden</title></head>
<body>
<center><h1>403 Forbidden</h1></center>
...
[2025-06-16 19:33:29] Voting fetching ...
[2025-06-16 19:33:29] Erreur lors de la récupération des données de vote: {'success': False, 'message': 'HTTP 403: <html>\r\n<head><title>403 Forbidden</title></head>\r\n<body>\r\n<center><h1>403 Forbidden</h1></center>\r\n</body>\r\n</html>\r\n', 'challenge': {'close_time': 0}}
[2025-06-16 19:33:32] Erreur lors de la récupération des données de vote: {'success': False, 'message': 'HTTP 403: <html>\r\n<head><title>403 Forbidden</title></head>\r\n<body>\r\n<center><h1>403 Forbidden</h1></center>\r\n</body>\r\n</html>\r\n', 'challenge': {'close_time': 0}}
[2025-06-16 19:33:32] Erreur HTTP 403: <html>
<head><title>403 Forbidden</title></head>
<body>
<center><h1>403 Forbidden</h1></center>
...
[2025-06-16 19:33:32] Voting fetching ...
[2025-06-16 19:33:32] Erreur lors de la récupération des données de vote: {'success': False, 'message': 'HTTP 403: <html>\r\n<head><title>403 Forbidden</title></head>\r\n<body>\r\n<center><h1>403 Forbidden</h1></center>\r\n</body>\r\n</html>\r\n', 'challenge': {'close_time': 0}}
[2025-06-16 19:33:35] Erreur lors de la récupération des données de vote: {'success': False, 'message': 'HTTP 403: <html>\r\n<head><title>403 Forbidden</title></head>\r\n<body>\r\n<center><h1>403 Forbidden</h1></center>\r\n</body>\r\n</html>\r\n', 'challenge': {'close_time': 0}}
[2025-06-16 19:33:35] Challenge lit-by-the-fire get vote panel
[2025-06-16 19:33:35] Processus associé: lit-by-the-fire-vote-20-left-0H:2M
[2025-06-16 19:33:35] Challenge top-photographer34 get vote panel
[2025-06-16 19:33:35] Processus associé: top-photographer34-vote-20-left-0H:1M
[2025-06-16 19:33:35] Challenge lit-by-the-fire get vote panel
[2025-06-16 19:33:35] Processus associé: lit-by-the-fire-vote-20-left-0H:3M
[2025-06-16 19:33:35] Challenge lit-by-the-fire get vote panel
[2025-06-16 19:33:35] Processus associé: lit-by-the-fire-vote-20-left-0H:1M
[2025-06-16 19:33:35] Challenge lit-by-the-fire get vote panel
[2025-06-16 19:33:35] Processus associé: lit-by-the-fire-vote-70-left-0H:4M
[2025-06-16 19:33:35] Challenge photo-of-the-week-300 get vote panel
[2025-06-16 19:33:35] Processus associé: photo-of-the-week-300-vote-20-left-0H:2M
[2025-06-16 19:33:35] Challenge photo-of-the-week-300 get vote panel
[2025-06-16 19:33:35] Processus associé: photo-of-the-week-300-vote-20-left-0H:2M
[2025-06-16 19:33:35] Challenge photo-of-the-week-300 get vote panel
[2025-06-16 19:33:35] Processus associé: photo-of-the-week-300-vote-20-left-0H:3M
[2025-06-16 19:33:35] Challenge top-photographer34 get vote panel
[2025-06-16 19:33:35] Processus associé: top-photographer34-vote-70-left-0H:4M
[2025-06-16 19:33:35] Challenge lit-by-the-fire get vote panel
[2025-06-16 19:33:35] Processus associé: lit-by-the-fire-vote-20-left-0H:3M
[2025-06-16 19:33:35] Challenge photo-of-the-week-300 get vote panel
[2025-06-16 19:33:35] Processus associé: photo-of-the-week-300-vote-20-left-0H:1M
[2025-06-16 19:33:35] Challenge lit-by-the-fire get vote panel
[2025-06-16 19:33:35] Processus associé: lit-by-the-fire-vote-70-left-0H:4M
[2025-06-16 19:33:35] Challenge photo-of-the-week-300 get vote panel
[2025-06-16 19:33:35] Processus associé: photo-of-the-week-300-vote-20-left-0H:1M
[2025-06-16 19:33:35] Challenge lit-by-the-fire get vote panel
[2025-06-16 19:33:35] Processus associé: lit-by-the-fire-vote-20-left-0H:2M
[2025-06-16 19:33:35] Challenge photo-of-the-week-300 get vote panel
[2025-06-16 19:33:35] Processus associé: photo-of-the-week-300-vote-20-left-0H:3M
[2025-06-16 19:33:35] Challenge top-photographer34 get vote panel
[2025-06-16 19:33:35] Processus associé: top-photographer34-vote-70-left-0H:4M
[2025-06-16 19:33:35] Challenge lit-by-the-fire get vote panel
[2025-06-16 19:33:35] Processus associé: lit-by-the-fire-vote-20-left-0H:1M
[2025-06-16 19:33:35] Challenge photo-of-the-week-300 get vote panel
[2025-06-16 19:33:35] Processus associé: photo-of-the-week-300-vote-20-left-0H:2M
[2025-06-16 19:33:35] Challenge pastels-coloring get vote panel
[2025-06-16 19:33:35] Processus associé: pastels-coloring-vote-20-left-0H:3M
[2025-06-16 19:33:35] Challenge photo-of-the-week-300 get vote panel
[2025-06-16 19:33:35] Processus associé: photo-of-the-week-300-vote-20-left-0H:3M
[2025-06-16 19:33:35] Challenge top-photographer34 get vote panel
[2025-06-16 19:33:35] Processus associé: top-photographer34-vote-20-left-0H:3M
[2025-06-16 19:33:35] Challenge pastels-coloring get vote panel
[2025-06-16 19:33:35] Processus associé: pastels-coloring-vote-70-left-0H:4M
[2025-06-16 19:33:35] Challenge photo-of-the-week-300 get vote panel
[2025-06-16 19:33:35] Processus associé: photo-of-the-week-300-vote-70-left-0H:4M
[2025-06-16 19:33:35] Challenge screen-stars-tropic-glow get vote panel
[2025-06-16 19:33:35] Processus associé: screen-stars-tropic-glow-vote-20-left-0H:2M
[2025-06-16 19:33:35] Challenge pastels-coloring get vote panel
[2025-06-16 19:33:35] Processus associé: pastels-coloring-vote-20-left-0H:2M
[2025-06-16 19:33:35] Challenge pastels-coloring get vote panel
[2025-06-16 19:33:35] Processus associé: pastels-coloring-vote-20-left-0H:1M
[2025-06-16 19:33:35] Challenge screen-stars-tropic-glow get vote panel
[2025-06-16 19:33:35] Processus associé: screen-stars-tropic-glow-vote-20-left-0H:1M
[2025-06-16 19:33:35] Challenge screen-stars-tropic-glow get vote panel
[2025-06-16 19:33:35] Processus associé: screen-stars-tropic-glow-vote-20-left-0H:3M
[2025-06-16 19:33:35] Challenge photo-of-the-week-300 get vote panel
[2025-06-16 19:33:35] Processus associé: photo-of-the-week-300-vote-20-left-0H:1M
[2025-06-16 19:33:35] Challenge screen-stars-tropic-glow get vote panel
[2025-06-16 19:33:35] Processus associé: screen-stars-tropic-glow-vote-70-left-0H:4M
[2025-06-16 19:33:35] Challenge pastels-coloring get vote panel
[2025-06-16 19:33:35] Processus associé: pastels-coloring-vote-20-left-0H:2M
[2025-06-16 19:33:35] Challenge top-photographer34 get vote panel
[2025-06-16 19:33:35] Processus associé: top-photographer34-vote-20-left-0H:1M
[2025-06-16 19:33:35] Challenge photo-of-the-week-300 get vote panel
[2025-06-16 19:33:35] Processus associé: photo-of-the-week-300-vote-70-left-0H:4M
[2025-06-16 19:33:35] Challenge photo-of-the-week-300 get vote panel
[2025-06-16 19:33:35] Processus associé: photo-of-the-week-300-vote-20-left-0H:3M
[2025-06-16 19:33:35] Challenge lit-by-the-fire get vote panel
[2025-06-16 19:33:35] Processus associé: lit-by-the-fire-vote-20-left-0H:3M
[2025-06-16 19:33:35] Challenge top-photographer34 get vote panel
[2025-06-16 19:33:35] Processus associé: top-photographer34-vote-20-left-0H:2M
[2025-06-16 19:33:35] Challenge lit-by-the-fire get vote panel
[2025-06-16 19:33:35] Processus associé: lit-by-the-fire-vote-20-left-0H:2M
[2025-06-16 19:33:35] Challenge pastels-coloring get vote panel
[2025-06-16 19:33:35] Processus associé: pastels-coloring-vote-20-left-0H:3M
[2025-06-16 19:33:35] Challenge photo-of-the-week-300 get vote panel
[2025-06-16 19:33:35] Processus associé: photo-of-the-week-300-vote-20-left-0H:1M
[2025-06-16 19:33:35] Processus suspect (format de date invalide): photo-of-the-week-300-vote-70-left-0H:4M (profil: pascale)
[2025-06-16 19:33:35] Processus supprimé pour pascale: photo-of-the-week-300-vote-70-left-0H:4M - zombie
[2025-06-16 19:33:35] Processus mis à jour pour pascale: photo-of-the-week-300-vote-70-left-0H:4M - zombie
[2025-06-16 19:33:35] Processus suspect (format de date invalide): photo-of-the-week-300-vote-20-left-0H:3M (profil: pascale)
[2025-06-16 19:33:35] Processus supprimé pour pascale: photo-of-the-week-300-vote-20-left-0H:3M - zombie
[2025-06-16 19:33:35] Processus mis à jour pour pascale: photo-of-the-week-300-vote-20-left-0H:3M - zombie
[2025-06-16 19:33:35] Processus suspect (format de date invalide): photo-of-the-week-300-vote-20-left-0H:2M (profil: pascale)
[2025-06-16 19:33:35] Processus supprimé pour pascale: photo-of-the-week-300-vote-20-left-0H:2M - zombie
[2025-06-16 19:33:35] Processus mis à jour pour pascale: photo-of-the-week-300-vote-20-left-0H:2M - zombie
[2025-06-16 19:33:35] Processus suspect (format de date invalide): photo-of-the-week-300-vote-20-left-0H:1M (profil: pascale)
[2025-06-16 19:33:35] Processus supprimé pour pascale: photo-of-the-week-300-vote-20-left-0H:1M - zombie
[2025-06-16 19:33:35] Processus mis à jour pour pascale: photo-of-the-week-300-vote-20-left-0H:1M - zombie
[2025-06-16 19:33:35] Processus suspect (format de date invalide): lit-by-the-fire-vote-70-left-0H:4M (profil: pascale)
[2025-06-16 19:33:35] Processus supprimé pour pascale: lit-by-the-fire-vote-70-left-0H:4M - zombie
[2025-06-16 19:33:35] Processus mis à jour pour pascale: lit-by-the-fire-vote-70-left-0H:4M - zombie
[2025-06-16 19:33:35] Processus suspect (format de date invalide): lit-by-the-fire-vote-20-left-0H:3M (profil: pascale)
[2025-06-16 19:33:35] Processus supprimé pour pascale: lit-by-the-fire-vote-20-left-0H:3M - zombie
[2025-06-16 19:33:35] Processus mis à jour pour pascale: lit-by-the-fire-vote-20-left-0H:3M - zombie
[2025-06-16 19:33:35] Processus suspect (format de date invalide): lit-by-the-fire-vote-20-left-0H:2M (profil: pascale)
[2025-06-16 19:33:35] Processus supprimé pour pascale: lit-by-the-fire-vote-20-left-0H:2M - zombie
[2025-06-16 19:33:35] Processus mis à jour pour pascale: lit-by-the-fire-vote-20-left-0H:2M - zombie
[2025-06-16 19:33:35] Processus suspect (format de date invalide): lit-by-the-fire-vote-20-left-0H:1M (profil: pascale)
[2025-06-16 19:33:35] Processus supprimé pour pascale: lit-by-the-fire-vote-20-left-0H:1M - zombie
[2025-06-16 19:33:35] Processus mis à jour pour pascale: lit-by-the-fire-vote-20-left-0H:1M - zombie
[2025-06-16 19:33:35] Processus suspect (format de date invalide): pastels-coloring-vote-70-left-0H:4M (profil: pascale)
[2025-06-16 19:33:35] Processus supprimé pour pascale: pastels-coloring-vote-70-left-0H:4M - zombie
[2025-06-16 19:33:35] Processus mis à jour pour pascale: pastels-coloring-vote-70-left-0H:4M - zombie
[2025-06-16 19:33:35] Processus suspect (format de date invalide): pastels-coloring-vote-20-left-0H:3M (profil: pascale)
[2025-06-16 19:33:35] Processus supprimé pour pascale: pastels-coloring-vote-20-left-0H:3M - zombie
[2025-06-16 19:33:35] Processus mis à jour pour pascale: pastels-coloring-vote-20-left-0H:3M - zombie
[2025-06-16 19:33:35] Processus suspect (format de date invalide): pastels-coloring-vote-20-left-0H:2M (profil: pascale)
[2025-06-16 19:33:35] Processus supprimé pour pascale: pastels-coloring-vote-20-left-0H:2M - zombie
[2025-06-16 19:33:35] Processus mis à jour pour pascale: pastels-coloring-vote-20-left-0H:2M - zombie
[2025-06-16 19:33:35] Processus suspect (format de date invalide): pastels-coloring-vote-20-left-0H:1M (profil: pascale)
[2025-06-16 19:33:35] Processus supprimé pour pascale: pastels-coloring-vote-20-left-0H:1M - zombie
[2025-06-16 19:33:35] Processus mis à jour pour pascale: pastels-coloring-vote-20-left-0H:1M - zombie
[2025-06-16 19:33:35] Processus suspect (format de date invalide): top-photographer34-vote-70-left-0H:4M (profil: pascale)
[2025-06-16 19:33:35] Processus supprimé pour pascale: top-photographer34-vote-70-left-0H:4M - zombie
[2025-06-16 19:33:35] Processus mis à jour pour pascale: top-photographer34-vote-70-left-0H:4M - zombie
[2025-06-16 19:33:35] Processus suspect (format de date invalide): top-photographer34-vote-20-left-0H:3M (profil: pascale)
[2025-06-16 19:33:35] Processus supprimé pour pascale: top-photographer34-vote-20-left-0H:3M - zombie
[2025-06-16 19:33:35] Processus mis à jour pour pascale: top-photographer34-vote-20-left-0H:3M - zombie
[2025-06-16 19:33:35] Processus suspect (format de date invalide): top-photographer34-vote-20-left-0H:2M (profil: pascale)
[2025-06-16 19:33:35] Processus supprimé pour pascale: top-photographer34-vote-20-left-0H:2M - zombie
[2025-06-16 19:33:35] Processus mis à jour pour pascale: top-photographer34-vote-20-left-0H:2M - zombie
[2025-06-16 19:33:35] Processus suspect (format de date invalide): top-photographer34-vote-20-left-0H:1M (profil: pascale)
[2025-06-16 19:33:35] Processus supprimé pour pascale: top-photographer34-vote-20-left-0H:1M - zombie
[2025-06-16 19:33:35] Processus mis à jour pour pascale: top-photographer34-vote-20-left-0H:1M - zombie
[2025-06-16 19:33:35] Processus suspect (format de date invalide): screen-stars-tropic-glow-vote-70-left-0H:4M (profil: pascale)
[2025-06-16 19:33:35] Processus supprimé pour pascale: screen-stars-tropic-glow-vote-70-left-0H:4M - zombie
[2025-06-16 19:33:35] Processus mis à jour pour pascale: screen-stars-tropic-glow-vote-70-left-0H:4M - zombie
[2025-06-16 19:33:35] Processus suspect (format de date invalide): screen-stars-tropic-glow-vote-20-left-0H:3M (profil: pascale)
[2025-06-16 19:33:35] Processus supprimé pour pascale: screen-stars-tropic-glow-vote-20-left-0H:3M - zombie
[2025-06-16 19:33:35] Processus mis à jour pour pascale: screen-stars-tropic-glow-vote-20-left-0H:3M - zombie
[2025-06-16 19:33:35] Processus suspect (format de date invalide): screen-stars-tropic-glow-vote-20-left-0H:2M (profil: pascale)
[2025-06-16 19:33:35] Processus supprimé pour pascale: screen-stars-tropic-glow-vote-20-left-0H:2M - zombie
[2025-06-16 19:33:35] Processus mis à jour pour pascale: screen-stars-tropic-glow-vote-20-left-0H:2M - zombie
[2025-06-16 19:33:35] Processus suspect (format de date invalide): screen-stars-tropic-glow-vote-20-left-0H:1M (profil: pascale)
[2025-06-16 19:33:35] Processus supprimé pour pascale: screen-stars-tropic-glow-vote-20-left-0H:1M - zombie
[2025-06-16 19:33:35] Processus mis à jour pour pascale: screen-stars-tropic-glow-vote-20-left-0H:1M - zombie
[2025-06-16 19:33:35] Récupération des données de vote pour Challenge lit-by-the-fire (URL: lit-by-the-fire, HEADER:{'User-Agent': 'Mozilla/5.0 (X11; Linux i686; rv:39.0) Gecko/20100101 Firefox/39.0', 'x-api-version': '8', 'x-env': 'WEB', 'X-requested-with': 'XMLHttpRequest', 'X-token': 'f96bbe3a7e7f833329e7129767a69abbfa6dfce3152e3c2a311eb49d89b5c3bb2b12b66b402f03dce682b8b2b6a005cd'})
[2025-06-16 19:33:35] Récupération des données de vote pour Challenge top-photographer34 (URL: top-photographer34, HEADER:{'User-Agent': 'Mozilla/5.0 (X11; Linux i686; rv:39.0) Gecko/20100101 Firefox/39.0', 'x-api-version': '8', 'x-env': 'WEB', 'X-requested-with': 'XMLHttpRequest', 'X-token': 'f96bbe3a7e7f833329e7129767a69abbfa6dfce3152e3c2a311eb49d89b5c3bb2b12b66b402f03dce682b8b2b6a005cd'})
[2025-06-16 19:33:35] Récupération des données de vote pour Challenge lit-by-the-fire (URL: lit-by-the-fire, HEADER:{'User-Agent': 'Mozilla/5.0 (X11; Linux i686; rv:39.0) Gecko/20100101 Firefox/39.0', 'x-api-version': '8', 'x-env': 'WEB', 'X-requested-with': 'XMLHttpRequest', 'X-token': 'f96bbe3a7e7f833329e7129767a69abbfa6dfce3152e3c2a311eb49d89b5c3bb2b12b66b402f03dce682b8b2b6a005cd'})
[2025-06-16 19:33:35] Récupération des données de vote pour Challenge lit-by-the-fire (URL: lit-by-the-fire, HEADER:{'User-Agent': 'Mozilla/5.0 (X11; Linux i686; rv:39.0) Gecko/20100101 Firefox/39.0', 'x-api-version': '8', 'x-env': 'WEB', 'X-requested-with': 'XMLHttpRequest', 'X-token': 'f96bbe3a7e7f833329e7129767a69abbfa6dfce3152e3c2a311eb49d89b5c3bb2b12b66b402f03dce682b8b2b6a005cd'})
[2025-06-16 19:33:35] Récupération des données de vote pour Challenge lit-by-the-fire (URL: lit-by-the-fire, HEADER:{'User-Agent': 'Mozilla/5.0 (X11; Linux i686; rv:39.0) Gecko/20100101 Firefox/39.0', 'x-api-version': '8', 'x-env': 'WEB', 'X-requested-with': 'XMLHttpRequest', 'X-token': 'f96bbe3a7e7f833329e7129767a69abbfa6dfce3152e3c2a311eb49d89b5c3bb2b12b66b402f03dce682b8b2b6a005cd'})
[2025-06-16 19:33:35] Récupération des données de vote pour Challenge photo-of-the-week-300 (URL: photo-of-the-week-300, HEADER:{'User-Agent': 'Mozilla/5.0 (X11; Linux i686; rv:39.0) Gecko/20100101 Firefox/39.0', 'x-api-version': '8', 'x-env': 'WEB', 'X-requested-with': 'XMLHttpRequest', 'X-token': 'f96bbe3a7e7f833329e7129767a69abbfa6dfce3152e3c2a311eb49d89b5c3bb2b12b66b402f03dce682b8b2b6a005cd'})
[2025-06-16 19:33:35] Récupération des données de vote pour Challenge photo-of-the-week-300 (URL: photo-of-the-week-300, HEADER:{'User-Agent': 'Mozilla/5.0 (X11; Linux i686; rv:39.0) Gecko/20100101 Firefox/39.0', 'x-api-version': '8', 'x-env': 'WEB', 'X-requested-with': 'XMLHttpRequest', 'X-token': 'f96bbe3a7e7f833329e7129767a69abbfa6dfce3152e3c2a311eb49d89b5c3bb2b12b66b402f03dce682b8b2b6a005cd'})
[2025-06-16 19:33:35] Récupération des données de vote pour Challenge photo-of-the-week-300 (URL: photo-of-the-week-300, HEADER:{'User-Agent': 'Mozilla/5.0 (X11; Linux i686; rv:39.0) Gecko/20100101 Firefox/39.0', 'x-api-version': '8', 'x-env': 'WEB', 'X-requested-with': 'XMLHttpRequest', 'X-token': 'f96bbe3a7e7f833329e7129767a69abbfa6dfce3152e3c2a311eb49d89b5c3bb2b12b66b402f03dce682b8b2b6a005cd'})
[2025-06-16 19:33:35] Récupération des données de vote pour Challenge top-photographer34 (URL: top-photographer34, HEADER:{'User-Agent': 'Mozilla/5.0 (X11; Linux i686; rv:39.0) Gecko/20100101 Firefox/39.0', 'x-api-version': '8', 'x-env': 'WEB', 'X-requested-with': 'XMLHttpRequest', 'X-token': 'f96bbe3a7e7f833329e7129767a69abbfa6dfce3152e3c2a311eb49d89b5c3bb2b12b66b402f03dce682b8b2b6a005cd'})
[2025-06-16 19:33:35] Récupération des données de vote pour Challenge lit-by-the-fire (URL: lit-by-the-fire, HEADER:{'User-Agent': 'Mozilla/5.0 (X11; Linux i686; rv:39.0) Gecko/20100101 Firefox/39.0', 'x-api-version': '8', 'x-env': 'WEB', 'X-requested-with': 'XMLHttpRequest', 'X-token': 'f96bbe3a7e7f833329e7129767a69abbfa6dfce3152e3c2a311eb49d89b5c3bb2b12b66b402f03dce682b8b2b6a005cd'})
[2025-06-16 19:33:35] Récupération des données de vote pour Challenge photo-of-the-week-300 (URL: photo-of-the-week-300, HEADER:{'User-Agent': 'Mozilla/5.0 (X11; Linux i686; rv:39.0) Gecko/20100101 Firefox/39.0', 'x-api-version': '8', 'x-env': 'WEB', 'X-requested-with': 'XMLHttpRequest', 'X-token': 'f96bbe3a7e7f833329e7129767a69abbfa6dfce3152e3c2a311eb49d89b5c3bb2b12b66b402f03dce682b8b2b6a005cd'})
[2025-06-16 19:33:35] Récupération des données de vote pour Challenge lit-by-the-fire (URL: lit-by-the-fire, HEADER:{'User-Agent': 'Mozilla/5.0 (X11; Linux i686; rv:39.0) Gecko/20100101 Firefox/39.0', 'x-api-version': '8', 'x-env': 'WEB', 'X-requested-with': 'XMLHttpRequest', 'X-token': 'f96bbe3a7e7f833329e7129767a69abbfa6dfce3152e3c2a311eb49d89b5c3bb2b12b66b402f03dce682b8b2b6a005cd'})
[2025-06-16 19:33:35] Récupération des données de vote pour Challenge photo-of-the-week-300 (URL: photo-of-the-week-300, HEADER:{'User-Agent': 'Mozilla/5.0 (X11; Linux i686; rv:39.0) Gecko/20100101 Firefox/39.0', 'x-api-version': '8', 'x-env': 'WEB', 'X-requested-with': 'XMLHttpRequest', 'X-token': 'f96bbe3a7e7f833329e7129767a69abbfa6dfce3152e3c2a311eb49d89b5c3bb2b12b66b402f03dce682b8b2b6a005cd'})
[2025-06-16 19:33:35] Récupération des données de vote pour Challenge lit-by-the-fire (URL: lit-by-the-fire, HEADER:{'User-Agent': 'Mozilla/5.0 (X11; Linux i686; rv:39.0) Gecko/20100101 Firefox/39.0', 'x-api-version': '8', 'x-env': 'WEB', 'X-requested-with': 'XMLHttpRequest', 'X-token': 'f96bbe3a7e7f833329e7129767a69abbfa6dfce3152e3c2a311eb49d89b5c3bb2b12b66b402f03dce682b8b2b6a005cd'})
[2025-06-16 19:33:35] Récupération des données de vote pour Challenge photo-of-the-week-300 (URL: photo-of-the-week-300, HEADER:{'User-Agent': 'Mozilla/5.0 (X11; Linux i686; rv:39.0) Gecko/20100101 Firefox/39.0', 'x-api-version': '8', 'x-env': 'WEB', 'X-requested-with': 'XMLHttpRequest', 'X-token': 'f96bbe3a7e7f833329e7129767a69abbfa6dfce3152e3c2a311eb49d89b5c3bb2b12b66b402f03dce682b8b2b6a005cd'})
[2025-06-16 19:33:35] Récupération des données de vote pour Challenge top-photographer34 (URL: top-photographer34, HEADER:{'User-Agent': 'Mozilla/5.0 (X11; Linux i686; rv:39.0) Gecko/20100101 Firefox/39.0', 'x-api-version': '8', 'x-env': 'WEB', 'X-requested-with': 'XMLHttpRequest', 'X-token': 'f96bbe3a7e7f833329e7129767a69abbfa6dfce3152e3c2a311eb49d89b5c3bb2b12b66b402f03dce682b8b2b6a005cd'})
[2025-06-16 19:33:35] Récupération des données de vote pour Challenge lit-by-the-fire (URL: lit-by-the-fire, HEADER:{'User-Agent': 'Mozilla/5.0 (X11; Linux i686; rv:39.0) Gecko/20100101 Firefox/39.0', 'x-api-version': '8', 'x-env': 'WEB', 'X-requested-with': 'XMLHttpRequest', 'X-token': 'f96bbe3a7e7f833329e7129767a69abbfa6dfce3152e3c2a311eb49d89b5c3bb2b12b66b402f03dce682b8b2b6a005cd'})
[2025-06-16 19:33:35] Récupération des données de vote pour Challenge photo-of-the-week-300 (URL: photo-of-the-week-300, HEADER:{'User-Agent': 'Mozilla/5.0 (X11; Linux i686; rv:39.0) Gecko/20100101 Firefox/39.0', 'x-api-version': '8', 'x-env': 'WEB', 'X-requested-with': 'XMLHttpRequest', 'X-token': 'f96bbe3a7e7f833329e7129767a69abbfa6dfce3152e3c2a311eb49d89b5c3bb2b12b66b402f03dce682b8b2b6a005cd'})
[2025-06-16 19:33:35] Récupération des données de vote pour Challenge pastels-coloring (URL: pastels-coloring, HEADER:{'User-Agent': 'Mozilla/5.0 (X11; Linux i686; rv:39.0) Gecko/20100101 Firefox/39.0', 'x-api-version': '8', 'x-env': 'WEB', 'X-requested-with': 'XMLHttpRequest', 'X-token': 'f96bbe3a7e7f833329e7129767a69abbfa6dfce3152e3c2a311eb49d89b5c3bb2b12b66b402f03dce682b8b2b6a005cd'})
[2025-06-16 19:33:35] Récupération des données de vote pour Challenge photo-of-the-week-300 (URL: photo-of-the-week-300, HEADER:{'User-Agent': 'Mozilla/5.0 (X11; Linux i686; rv:39.0) Gecko/20100101 Firefox/39.0', 'x-api-version': '8', 'x-env': 'WEB', 'X-requested-with': 'XMLHttpRequest', 'X-token': 'f96bbe3a7e7f833329e7129767a69abbfa6dfce3152e3c2a311eb49d89b5c3bb2b12b66b402f03dce682b8b2b6a005cd'})
[2025-06-16 19:33:35] Récupération des données de vote pour Challenge top-photographer34 (URL: top-photographer34, HEADER:{'User-Agent': 'Mozilla/5.0 (X11; Linux i686; rv:39.0) Gecko/20100101 Firefox/39.0', 'x-api-version': '8', 'x-env': 'WEB', 'X-requested-with': 'XMLHttpRequest', 'X-token': 'f96bbe3a7e7f833329e7129767a69abbfa6dfce3152e3c2a311eb49d89b5c3bb2b12b66b402f03dce682b8b2b6a005cd'})
[2025-06-16 19:33:35] Récupération des données de vote pour Challenge pastels-coloring (URL: pastels-coloring, HEADER:{'User-Agent': 'Mozilla/5.0 (X11; Linux i686; rv:39.0) Gecko/20100101 Firefox/39.0', 'x-api-version': '8', 'x-env': 'WEB', 'X-requested-with': 'XMLHttpRequest', 'X-token': 'f96bbe3a7e7f833329e7129767a69abbfa6dfce3152e3c2a311eb49d89b5c3bb2b12b66b402f03dce682b8b2b6a005cd'})
[2025-06-16 19:33:35] Récupération des données de vote pour Challenge photo-of-the-week-300 (URL: photo-of-the-week-300, HEADER:{'User-Agent': 'Mozilla/5.0 (X11; Linux i686; rv:39.0) Gecko/20100101 Firefox/39.0', 'x-api-version': '8', 'x-env': 'WEB', 'X-requested-with': 'XMLHttpRequest', 'X-token': 'f96bbe3a7e7f833329e7129767a69abbfa6dfce3152e3c2a311eb49d89b5c3bb2b12b66b402f03dce682b8b2b6a005cd'})
[2025-06-16 19:33:35] Récupération des données de vote pour Challenge screen-stars-tropic-glow (URL: screen-stars-tropic-glow, HEADER:{'User-Agent': 'Mozilla/5.0 (X11; Linux i686; rv:39.0) Gecko/20100101 Firefox/39.0', 'x-api-version': '8', 'x-env': 'WEB', 'X-requested-with': 'XMLHttpRequest', 'X-token': 'f96bbe3a7e7f833329e7129767a69abbfa6dfce3152e3c2a311eb49d89b5c3bb2b12b66b402f03dce682b8b2b6a005cd'})
[2025-06-16 19:33:35] Récupération des données de vote pour Challenge pastels-coloring (URL: pastels-coloring, HEADER:{'User-Agent': 'Mozilla/5.0 (X11; Linux i686; rv:39.0) Gecko/20100101 Firefox/39.0', 'x-api-version': '8', 'x-env': 'WEB', 'X-requested-with': 'XMLHttpRequest', 'X-token': 'f96bbe3a7e7f833329e7129767a69abbfa6dfce3152e3c2a311eb49d89b5c3bb2b12b66b402f03dce682b8b2b6a005cd'})
[2025-06-16 19:33:35] Récupération des données de vote pour Challenge pastels-coloring (URL: pastels-coloring, HEADER:{'User-Agent': 'Mozilla/5.0 (X11; Linux i686; rv:39.0) Gecko/20100101 Firefox/39.0', 'x-api-version': '8', 'x-env': 'WEB', 'X-requested-with': 'XMLHttpRequest', 'X-token': 'f96bbe3a7e7f833329e7129767a69abbfa6dfce3152e3c2a311eb49d89b5c3bb2b12b66b402f03dce682b8b2b6a005cd'})
[2025-06-16 19:33:35] Récupération des données de vote pour Challenge screen-stars-tropic-glow (URL: screen-stars-tropic-glow, HEADER:{'User-Agent': 'Mozilla/5.0 (X11; Linux i686; rv:39.0) Gecko/20100101 Firefox/39.0', 'x-api-version': '8', 'x-env': 'WEB', 'X-requested-with': 'XMLHttpRequest', 'X-token': 'f96bbe3a7e7f833329e7129767a69abbfa6dfce3152e3c2a311eb49d89b5c3bb2b12b66b402f03dce682b8b2b6a005cd'})
[2025-06-16 19:33:35] Récupération des données de vote pour Challenge screen-stars-tropic-glow (URL: screen-stars-tropic-glow, HEADER:{'User-Agent': 'Mozilla/5.0 (X11; Linux i686; rv:39.0) Gecko/20100101 Firefox/39.0', 'x-api-version': '8', 'x-env': 'WEB', 'X-requested-with': 'XMLHttpRequest', 'X-token': 'f96bbe3a7e7f833329e7129767a69abbfa6dfce3152e3c2a311eb49d89b5c3bb2b12b66b402f03dce682b8b2b6a005cd'})
[2025-06-16 19:33:35] Récupération des données de vote pour Challenge photo-of-the-week-300 (URL: photo-of-the-week-300, HEADER:{'User-Agent': 'Mozilla/5.0 (X11; Linux i686; rv:39.0) Gecko/20100101 Firefox/39.0', 'x-api-version': '8', 'x-env': 'WEB', 'X-requested-with': 'XMLHttpRequest', 'X-token': 'f96bbe3a7e7f833329e7129767a69abbfa6dfce3152e3c2a311eb49d89b5c3bb2b12b66b402f03dce682b8b2b6a005cd'})
[2025-06-16 19:33:35] Récupération des données de vote pour Challenge screen-stars-tropic-glow (URL: screen-stars-tropic-glow, HEADER:{'User-Agent': 'Mozilla/5.0 (X11; Linux i686; rv:39.0) Gecko/20100101 Firefox/39.0', 'x-api-version': '8', 'x-env': 'WEB', 'X-requested-with': 'XMLHttpRequest', 'X-token': 'f96bbe3a7e7f833329e7129767a69abbfa6dfce3152e3c2a311eb49d89b5c3bb2b12b66b402f03dce682b8b2b6a005cd'})
[2025-06-16 19:33:35] Récupération des données de vote pour Challenge pastels-coloring (URL: pastels-coloring, HEADER:{'User-Agent': 'Mozilla/5.0 (X11; Linux i686; rv:39.0) Gecko/20100101 Firefox/39.0', 'x-api-version': '8', 'x-env': 'WEB', 'X-requested-with': 'XMLHttpRequest', 'X-token': 'f96bbe3a7e7f833329e7129767a69abbfa6dfce3152e3c2a311eb49d89b5c3bb2b12b66b402f03dce682b8b2b6a005cd'})
[2025-06-16 19:33:35] Récupération des données de vote pour Challenge top-photographer34 (URL: top-photographer34, HEADER:{'User-Agent': 'Mozilla/5.0 (X11; Linux i686; rv:39.0) Gecko/20100101 Firefox/39.0', 'x-api-version': '8', 'x-env': 'WEB', 'X-requested-with': 'XMLHttpRequest', 'X-token': 'f96bbe3a7e7f833329e7129767a69abbfa6dfce3152e3c2a311eb49d89b5c3bb2b12b66b402f03dce682b8b2b6a005cd'})
[2025-06-16 19:33:35] Récupération des données de vote pour Challenge photo-of-the-week-300 (URL: photo-of-the-week-300, HEADER:{'User-Agent': 'Mozilla/5.0 (X11; Linux i686; rv:39.0) Gecko/20100101 Firefox/39.0', 'x-api-version': '8', 'x-env': 'WEB', 'X-requested-with': 'XMLHttpRequest', 'X-token': 'f96bbe3a7e7f833329e7129767a69abbfa6dfce3152e3c2a311eb49d89b5c3bb2b12b66b402f03dce682b8b2b6a005cd'})
[2025-06-16 19:33:35] Récupération des données de vote pour Challenge photo-of-the-week-300 (URL: photo-of-the-week-300, HEADER:{'User-Agent': 'Mozilla/5.0 (X11; Linux i686; rv:39.0) Gecko/20100101 Firefox/39.0', 'x-api-version': '8', 'x-env': 'WEB', 'X-requested-with': 'XMLHttpRequest', 'X-token': 'f96bbe3a7e7f833329e7129767a69abbfa6dfce3152e3c2a311eb49d89b5c3bb2b12b66b402f03dce682b8b2b6a005cd'})
[2025-06-16 19:33:35] Récupération des données de vote pour Challenge lit-by-the-fire (URL: lit-by-the-fire, HEADER:{'User-Agent': 'Mozilla/5.0 (X11; Linux i686; rv:39.0) Gecko/20100101 Firefox/39.0', 'x-api-version': '8', 'x-env': 'WEB', 'X-requested-with': 'XMLHttpRequest', 'X-token': 'f96bbe3a7e7f833329e7129767a69abbfa6dfce3152e3c2a311eb49d89b5c3bb2b12b66b402f03dce682b8b2b6a005cd'})
[2025-06-16 19:33:35] Récupération des données de vote pour Challenge top-photographer34 (URL: top-photographer34, HEADER:{'User-Agent': 'Mozilla/5.0 (X11; Linux i686; rv:39.0) Gecko/20100101 Firefox/39.0', 'x-api-version': '8', 'x-env': 'WEB', 'X-requested-with': 'XMLHttpRequest', 'X-token': 'f96bbe3a7e7f833329e7129767a69abbfa6dfce3152e3c2a311eb49d89b5c3bb2b12b66b402f03dce682b8b2b6a005cd'})
[2025-06-16 19:33:35] Récupération des données de vote pour Challenge lit-by-the-fire (URL: lit-by-the-fire, HEADER:{'User-Agent': 'Mozilla/5.0 (X11; Linux i686; rv:39.0) Gecko/20100101 Firefox/39.0', 'x-api-version': '8', 'x-env': 'WEB', 'X-requested-with': 'XMLHttpRequest', 'X-token': 'f96bbe3a7e7f833329e7129767a69abbfa6dfce3152e3c2a311eb49d89b5c3bb2b12b66b402f03dce682b8b2b6a005cd'})
[2025-06-16 19:33:35] Récupération des données de vote pour Challenge pastels-coloring (URL: pastels-coloring, HEADER:{'User-Agent': 'Mozilla/5.0 (X11; Linux i686; rv:39.0) Gecko/20100101 Firefox/39.0', 'x-api-version': '8', 'x-env': 'WEB', 'X-requested-with': 'XMLHttpRequest', 'X-token': 'f96bbe3a7e7f833329e7129767a69abbfa6dfce3152e3c2a311eb49d89b5c3bb2b12b66b402f03dce682b8b2b6a005cd'})
[2025-06-16 19:33:35] Récupération des données de vote pour Challenge photo-of-the-week-300 (URL: photo-of-the-week-300, HEADER:{'User-Agent': 'Mozilla/5.0 (X11; Linux i686; rv:39.0) Gecko/20100101 Firefox/39.0', 'x-api-version': '8', 'x-env': 'WEB', 'X-requested-with': 'XMLHttpRequest', 'X-token': 'f96bbe3a7e7f833329e7129767a69abbfa6dfce3152e3c2a311eb49d89b5c3bb2b12b66b402f03dce682b8b2b6a005cd'})
[2025-06-16 19:33:36] Erreur HTTP 403: <html>
<head><title>403 Forbidden</title></head>
<body>
<center><h1>403 Forbidden</h1></center>
...
[2025-06-16 19:33:36] Voting fetching ...
[2025-06-16 19:33:36] Erreur lors de la récupération des données de vote: {'success': False, 'message': 'HTTP 403: <html>\r\n<head><title>403 Forbidden</title></head>\r\n<body>\r\n<center><h1>403 Forbidden</h1></center>\r\n</body>\r\n</html>\r\n', 'challenge': {'close_time': 0}}
[2025-06-16 19:33:39] Erreur lors de la récupération des données de vote: {'success': False, 'message': 'HTTP 403: <html>\r\n<head><title>403 Forbidden</title></head>\r\n<body>\r\n<center><h1>403 Forbidden</h1></center>\r\n</body>\r\n</html>\r\n', 'challenge': {'close_time': 0}}
[2025-06-16 19:33:39] Erreur HTTP 403: <html>
<head><title>403 Forbidden</title></head>
<body>
<center><h1>403 Forbidden</h1></center>
...
[2025-06-16 19:33:39] Voting fetching ...
[2025-06-16 19:33:39] Erreur lors de la récupération des données de vote: {'success': False, 'message': 'HTTP 403: <html>\r\n<head><title>403 Forbidden</title></head>\r\n<body>\r\n<center><h1>403 Forbidden</h1></center>\r\n</body>\r\n</html>\r\n', 'challenge': {'close_time': 0}}
[2025-06-16 19:33:42] Erreur lors de la récupération des données de vote: {'success': False, 'message': 'HTTP 403: <html>\r\n<head><title>403 Forbidden</title></head>\r\n<body>\r\n<center><h1>403 Forbidden</h1></center>\r\n</body>\r\n</html>\r\n', 'challenge': {'close_time': 0}}
[2025-06-16 19:33:42] Refreshing challenges...
[2025-06-16 19:33:42] Fetching challenges...
[2025-06-16 19:33:42] Refreshing challenges...
[2025-06-16 19:33:42] Fetching challenges...
[2025-06-16 19:33:42] Erreur HTTP 403: <html>
<head><title>403 Forbidden</title></head>
<body>
<center><h1>403 Forbidden</h1></center>
...
[2025-06-16 19:33:42] Voting fetching ...
[2025-06-16 19:33:42] Erreur lors de la récupération des données de vote: {'success': False, 'message': 'HTTP 403: <html>\r\n<head><title>403 Forbidden</title></head>\r\n<body>\r\n<center><h1>403 Forbidden</h1></center>\r\n</body>\r\n</html>\r\n', 'challenge': {'close_time': 0}}
[2025-06-16 19:33:45] Erreur lors de la récupération des données de vote: {'success': False, 'message': 'HTTP 403: <html>\r\n<head><title>403 Forbidden</title></head>\r\n<body>\r\n<center><h1>403 Forbidden</h1></center>\r\n</body>\r\n</html>\r\n', 'challenge': {'close_time': 0}}
[2025-06-16 19:33:45] Erreur HTTP 403: <html>
<head><title>403 Forbidden</title></head>
<body>
<center><h1>403 Forbidden</h1></center>
...
[2025-06-16 19:33:45] Voting fetching ...
[2025-06-16 19:33:45] Erreur lors de la récupération des données de vote: {'success': False, 'message': 'HTTP 403: <html>\r\n<head><title>403 Forbidden</title></head>\r\n<body>\r\n<center><h1>403 Forbidden</h1></center>\r\n</body>\r\n</html>\r\n', 'challenge': {'close_time': 0}}
[2025-06-16 19:33:48] Erreur lors de la récupération des données de vote: {'success': False, 'message': 'HTTP 403: <html>\r\n<head><title>403 Forbidden</title></head>\r\n<body>\r\n<center><h1>403 Forbidden</h1></center>\r\n</body>\r\n</html>\r\n', 'challenge': {'close_time': 0}}
[2025-06-16 19:33:48] Erreur HTTP 403: <html>
<head><title>403 Forbidden</title></head>
<body>
<center><h1>403 Forbidden</h1></center>
...
[2025-06-16 19:33:48] Voting fetching ...
[2025-06-16 19:33:48] Erreur lors de la récupération des données de vote: {'success': False, 'message': 'HTTP 403: <html>\r\n<head><title>403 Forbidden</title></head>\r\n<body>\r\n<center><h1>403 Forbidden</h1></center>\r\n</body>\r\n</html>\r\n', 'challenge': {'close_time': 0}}
[2025-06-16 19:33:51] Erreur lors de la récupération des données de vote: {'success': False, 'message': 'HTTP 403: <html>\r\n<head><title>403 Forbidden</title></head>\r\n<body>\r\n<center><h1>403 Forbidden</h1></center>\r\n</body>\r\n</html>\r\n', 'challenge': {'close_time': 0}}
[2025-06-16 19:33:51] Erreur HTTP 403: <html>
<head><title>403 Forbidden</title></head>
<body>
<center><h1>403 Forbidden</h1></center>
...
[2025-06-16 19:33:51] Voting fetching ...
[2025-06-16 19:33:51] Erreur lors de la récupération des données de vote: {'success': False, 'message': 'HTTP 403: <html>\r\n<head><title>403 Forbidden</title></head>\r\n<body>\r\n<center><h1>403 Forbidden</h1></center>\r\n</body>\r\n</html>\r\n', 'challenge': {'close_time': 0}}
[2025-06-16 19:33:54] Erreur lors de la récupération des données de vote: {'success': False, 'message': 'HTTP 403: <html>\r\n<head><title>403 Forbidden</title></head>\r\n<body>\r\n<center><h1>403 Forbidden</h1></center>\r\n</body>\r\n</html>\r\n', 'challenge': {'close_time': 0}}
[2025-06-16 19:33:54] Erreur HTTP 403: <html>
<head><title>403 Forbidden</title></head>
<body>
<center><h1>403 Forbidden</h1></center>
...
[2025-06-16 19:33:54] Voting fetching ...
[2025-06-16 19:33:54] Erreur lors de la récupération des données de vote: {'success': False, 'message': 'HTTP 403: <html>\r\n<head><title>403 Forbidden</title></head>\r\n<body>\r\n<center><h1>403 Forbidden</h1></center>\r\n</body>\r\n</html>\r\n', 'challenge': {'close_time': 0}}
[2025-06-16 19:33:57] Erreur lors de la récupération des données de vote: {'success': False, 'message': 'HTTP 403: <html>\r\n<head><title>403 Forbidden</title></head>\r\n<body>\r\n<center><h1>403 Forbidden</h1></center>\r\n</body>\r\n</html>\r\n', 'challenge': {'close_time': 0}}
[2025-06-16 19:33:57] Erreur HTTP 403: <html>
<head><title>403 Forbidden</title></head>
<body>
<center><h1>403 Forbidden</h1></center>
...
[2025-06-16 19:33:57] Voting fetching ...
[2025-06-16 19:33:57] Erreur lors de la récupération des données de vote: {'success': False, 'message': 'HTTP 403: <html>\r\n<head><title>403 Forbidden</title></head>\r\n<body>\r\n<center><h1>403 Forbidden</h1></center>\r\n</body>\r\n</html>\r\n', 'challenge': {'close_time': 0}}
[2025-06-16 19:34:00] Erreur lors de la récupération des données de vote: {'success': False, 'message': 'HTTP 403: <html>\r\n<head><title>403 Forbidden</title></head>\r\n<body>\r\n<center><h1>403 Forbidden</h1></center>\r\n</body>\r\n</html>\r\n', 'challenge': {'close_time': 0}}
[2025-06-16 19:34:00] Erreur HTTP 403: <html>
<head><title>403 Forbidden</title></head>
<body>
<center><h1>403 Forbidden</h1></center>
...
[2025-06-16 19:34:00] Voting fetching ...
[2025-06-16 19:34:00] Erreur lors de la récupération des données de vote: {'success': False, 'message': 'HTTP 403: <html>\r\n<head><title>403 Forbidden</title></head>\r\n<body>\r\n<center><h1>403 Forbidden</h1></center>\r\n</body>\r\n</html>\r\n', 'challenge': {'close_time': 0}}
[2025-06-16 19:34:03] Erreur lors de la récupération des données de vote: {'success': False, 'message': 'HTTP 403: <html>\r\n<head><title>403 Forbidden</title></head>\r\n<body>\r\n<center><h1>403 Forbidden</h1></center>\r\n</body>\r\n</html>\r\n', 'challenge': {'close_time': 0}}
[2025-06-16 19:34:03] Erreur HTTP 403: <html>
<head><title>403 Forbidden</title></head>
<body>
<center><h1>403 Forbidden</h1></center>
...
[2025-06-16 19:34:03] Voting fetching ...
[2025-06-16 19:34:03] Erreur lors de la récupération des données de vote: {'success': False, 'message': 'HTTP 403: <html>\r\n<head><title>403 Forbidden</title></head>\r\n<body>\r\n<center><h1>403 Forbidden</h1></center>\r\n</body>\r\n</html>\r\n', 'challenge': {'close_time': 0}}
[2025-06-16 19:34:06] Erreur lors de la récupération des données de vote: {'success': False, 'message': 'HTTP 403: <html>\r\n<head><title>403 Forbidden</title></head>\r\n<body>\r\n<center><h1>403 Forbidden</h1></center>\r\n</body>\r\n</html>\r\n', 'challenge': {'close_time': 0}}
[2025-06-16 19:34:06] Erreur HTTP 403: <html>
<head><title>403 Forbidden</title></head>
<body>
<center><h1>403 Forbidden</h1></center>
...
[2025-06-16 19:34:06] Voting fetching ...
[2025-06-16 19:34:06] Erreur lors de la récupération des données de vote: {'success': False, 'message': 'HTTP 403: <html>\r\n<head><title>403 Forbidden</title></head>\r\n<body>\r\n<center><h1>403 Forbidden</h1></center>\r\n</body>\r\n</html>\r\n', 'challenge': {'close_time': 0}}
[2025-06-16 19:34:09] Erreur lors de la récupération des données de vote: {'success': False, 'message': 'HTTP 403: <html>\r\n<head><title>403 Forbidden</title></head>\r\n<body>\r\n<center><h1>403 Forbidden</h1></center>\r\n</body>\r\n</html>\r\n', 'challenge': {'close_time': 0}}
[2025-06-16 19:34:09] Erreur HTTP 403: <html>
<head><title>403 Forbidden</title></head>
<body>
<center><h1>403 Forbidden</h1></center>
...
[2025-06-16 19:34:09] Voting fetching ...
[2025-06-16 19:34:09] Erreur lors de la récupération des données de vote: {'success': False, 'message': 'HTTP 403: <html>\r\n<head><title>403 Forbidden</title></head>\r\n<body>\r\n<center><h1>403 Forbidden</h1></center>\r\n</body>\r\n</html>\r\n', 'challenge': {'close_time': 0}}
[2025-06-16 19:34:12] Erreur lors de la récupération des données de vote: {'success': False, 'message': 'HTTP 403: <html>\r\n<head><title>403 Forbidden</title></head>\r\n<body>\r\n<center><h1>403 Forbidden</h1></center>\r\n</body>\r\n</html>\r\n', 'challenge': {'close_time': 0}}
[2025-06-16 19:34:12] Erreur HTTP 403: <html>
<head><title>403 Forbidden</title></head>
<body>
<center><h1>403 Forbidden</h1></center>
...
[2025-06-16 19:34:12] Voting fetching ...
[2025-06-16 19:34:12] Erreur lors de la récupération des données de vote: {'success': False, 'message': 'HTTP 403: <html>\r\n<head><title>403 Forbidden</title></head>\r\n<body>\r\n<center><h1>403 Forbidden</h1></center>\r\n</body>\r\n</html>\r\n', 'challenge': {'close_time': 0}}
[2025-06-16 19:34:15] Erreur lors de la récupération des données de vote: {'success': False, 'message': 'HTTP 403: <html>\r\n<head><title>403 Forbidden</title></head>\r\n<body>\r\n<center><h1>403 Forbidden</h1></center>\r\n</body>\r\n</html>\r\n', 'challenge': {'close_time': 0}}
[2025-06-16 19:34:15] Erreur HTTP 403: <html>
<head><title>403 Forbidden</title></head>
<body>
<center><h1>403 Forbidden</h1></center>
...
[2025-06-16 19:34:15] Voting fetching ...
[2025-06-16 19:34:15] Erreur lors de la récupération des données de vote: {'success': False, 'message': 'HTTP 403: <html>\r\n<head><title>403 Forbidden</title></head>\r\n<body>\r\n<center><h1>403 Forbidden</h1></center>\r\n</body>\r\n</html>\r\n', 'challenge': {'close_time': 0}}
[2025-06-16 19:34:18] Erreur lors de la récupération des données de vote: {'success': False, 'message': 'HTTP 403: <html>\r\n<head><title>403 Forbidden</title></head>\r\n<body>\r\n<center><h1>403 Forbidden</h1></center>\r\n</body>\r\n</html>\r\n', 'challenge': {'close_time': 0}}
[2025-06-16 19:34:18] Erreur HTTP 403: <html>
<head><title>403 Forbidden</title></head>
<body>
<center><h1>403 Forbidden</h1></center>
...
[2025-06-16 19:34:18] Voting fetching ...
[2025-06-16 19:34:18] Erreur lors de la récupération des données de vote: {'success': False, 'message': 'HTTP 403: <html>\r\n<head><title>403 Forbidden</title></head>\r\n<body>\r\n<center><h1>403 Forbidden</h1></center>\r\n</body>\r\n</html>\r\n', 'challenge': {'close_time': 0}}
[2025-06-16 19:34:21] Erreur lors de la récupération des données de vote: {'success': False, 'message': 'HTTP 403: <html>\r\n<head><title>403 Forbidden</title></head>\r\n<body>\r\n<center><h1>403 Forbidden</h1></center>\r\n</body>\r\n</html>\r\n', 'challenge': {'close_time': 0}}
[2025-06-16 19:34:21] Erreur HTTP 403: <html>
<head><title>403 Forbidden</title></head>
<body>
<center><h1>403 Forbidden</h1></center>
...
[2025-06-16 19:34:21] Voting fetching ...
[2025-06-16 19:34:21] Erreur lors de la récupération des données de vote: {'success': False, 'message': 'HTTP 403: <html>\r\n<head><title>403 Forbidden</title></head>\r\n<body>\r\n<center><h1>403 Forbidden</h1></center>\r\n</body>\r\n</html>\r\n', 'challenge': {'close_time': 0}}
[2025-06-16 19:34:24] Erreur lors de la récupération des données de vote: {'success': False, 'message': 'HTTP 403: <html>\r\n<head><title>403 Forbidden</title></head>\r\n<body>\r\n<center><h1>403 Forbidden</h1></center>\r\n</body>\r\n</html>\r\n', 'challenge': {'close_time': 0}}
[2025-06-16 19:34:24] Erreur HTTP 403: <html>
<head><title>403 Forbidden</title></head>
<body>
<center><h1>403 Forbidden</h1></center>
...
[2025-06-16 19:34:24] Voting fetching ...
[2025-06-16 19:34:24] Erreur lors de la récupération des données de vote: {'success': False, 'message': 'HTTP 403: <html>\r\n<head><title>403 Forbidden</title></head>\r\n<body>\r\n<center><h1>403 Forbidden</h1></center>\r\n</body>\r\n</html>\r\n', 'challenge': {'close_time': 0}}
[2025-06-16 19:34:27] Erreur lors de la récupération des données de vote: {'success': False, 'message': 'HTTP 403: <html>\r\n<head><title>403 Forbidden</title></head>\r\n<body>\r\n<center><h1>403 Forbidden</h1></center>\r\n</body>\r\n</html>\r\n', 'challenge': {'close_time': 0}}
[2025-06-16 19:34:27] Erreur HTTP 403: <html>
<head><title>403 Forbidden</title></head>
<body>
<center><h1>403 Forbidden</h1></center>
...
[2025-06-16 19:34:27] Voting fetching ...
[2025-06-16 19:34:27] Erreur lors de la récupération des données de vote: {'success': False, 'message': 'HTTP 403: <html>\r\n<head><title>403 Forbidden</title></head>\r\n<body>\r\n<center><h1>403 Forbidden</h1></center>\r\n</body>\r\n</html>\r\n', 'challenge': {'close_time': 0}}
[2025-06-16 19:34:30] Erreur lors de la récupération des données de vote: {'success': False, 'message': 'HTTP 403: <html>\r\n<head><title>403 Forbidden</title></head>\r\n<body>\r\n<center><h1>403 Forbidden</h1></center>\r\n</body>\r\n</html>\r\n', 'challenge': {'close_time': 0}}
[2025-06-16 19:34:30] Erreur HTTP 403: <html>
<head><title>403 Forbidden</title></head>
<body>
<center><h1>403 Forbidden</h1></center>
...
[2025-06-16 19:34:30] Voting fetching ...
[2025-06-16 19:34:30] Erreur lors de la récupération des données de vote: {'success': False, 'message': 'HTTP 403: <html>\r\n<head><title>403 Forbidden</title></head>\r\n<body>\r\n<center><h1>403 Forbidden</h1></center>\r\n</body>\r\n</html>\r\n', 'challenge': {'close_time': 0}}
[2025-06-16 19:34:33] Erreur lors de la récupération des données de vote: {'success': False, 'message': 'HTTP 403: <html>\r\n<head><title>403 Forbidden</title></head>\r\n<body>\r\n<center><h1>403 Forbidden</h1></center>\r\n</body>\r\n</html>\r\n', 'challenge': {'close_time': 0}}
[2025-06-16 19:34:33] Erreur HTTP 403: <html>
<head><title>403 Forbidden</title></head>
<body>
<center><h1>403 Forbidden</h1></center>
...
[2025-06-16 19:34:33] Voting fetching ...
[2025-06-16 19:34:33] Erreur lors de la récupération des données de vote: {'success': False, 'message': 'HTTP 403: <html>\r\n<head><title>403 Forbidden</title></head>\r\n<body>\r\n<center><h1>403 Forbidden</h1></center>\r\n</body>\r\n</html>\r\n', 'challenge': {'close_time': 0}}
[2025-06-16 19:34:36] Erreur lors de la récupération des données de vote: {'success': False, 'message': 'HTTP 403: <html>\r\n<head><title>403 Forbidden</title></head>\r\n<body>\r\n<center><h1>403 Forbidden</h1></center>\r\n</body>\r\n</html>\r\n', 'challenge': {'close_time': 0}}
[2025-06-16 19:34:36] Erreur HTTP 403: <html>
<head><title>403 Forbidden</title></head>
<body>
<center><h1>403 Forbidden</h1></center>
...
[2025-06-16 19:34:36] Voting fetching ...
[2025-06-16 19:34:36] Erreur lors de la récupération des données de vote: {'success': False, 'message': 'HTTP 403: <html>\r\n<head><title>403 Forbidden</title></head>\r\n<body>\r\n<center><h1>403 Forbidden</h1></center>\r\n</body>\r\n</html>\r\n', 'challenge': {'close_time': 0}}
[2025-06-16 19:34:39] Erreur lors de la récupération des données de vote: {'success': False, 'message': 'HTTP 403: <html>\r\n<head><title>403 Forbidden</title></head>\r\n<body>\r\n<center><h1>403 Forbidden</h1></center>\r\n</body>\r\n</html>\r\n', 'challenge': {'close_time': 0}}
[2025-06-16 19:34:39] Erreur HTTP 403: <html>
<head><title>403 Forbidden</title></head>
<body>
<center><h1>403 Forbidden</h1></center>
...
[2025-06-16 19:34:39] Voting fetching ...
[2025-06-16 19:34:39] Erreur lors de la récupération des données de vote: {'success': False, 'message': 'HTTP 403: <html>\r\n<head><title>403 Forbidden</title></head>\r\n<body>\r\n<center><h1>403 Forbidden</h1></center>\r\n</body>\r\n</html>\r\n', 'challenge': {'close_time': 0}}
[2025-06-16 19:34:42] Erreur lors de la récupération des données de vote: {'success': False, 'message': 'HTTP 403: <html>\r\n<head><title>403 Forbidden</title></head>\r\n<body>\r\n<center><h1>403 Forbidden</h1></center>\r\n</body>\r\n</html>\r\n', 'challenge': {'close_time': 0}}
[2025-06-16 19:34:42] Erreur HTTP 403: <html>
<head><title>403 Forbidden</title></head>
<body>
<center><h1>403 Forbidden</h1></center>
...
[2025-06-16 19:34:42] Voting fetching ...
[2025-06-16 19:34:42] Erreur lors de la récupération des données de vote: {'success': False, 'message': 'HTTP 403: <html>\r\n<head><title>403 Forbidden</title></head>\r\n<body>\r\n<center><h1>403 Forbidden</h1></center>\r\n</body>\r\n</html>\r\n', 'challenge': {'close_time': 0}}
[2025-06-16 19:34:45] Erreur lors de la récupération des données de vote: {'success': False, 'message': 'HTTP 403: <html>\r\n<head><title>403 Forbidden</title></head>\r\n<body>\r\n<center><h1>403 Forbidden</h1></center>\r\n</body>\r\n</html>\r\n', 'challenge': {'close_time': 0}}
[2025-06-16 19:34:45] Erreur HTTP 403: <html>
<head><title>403 Forbidden</title></head>
<body>
<center><h1>403 Forbidden</h1></center>
...
[2025-06-16 19:34:45] Voting fetching ...
[2025-06-16 19:34:45] Erreur lors de la récupération des données de vote: {'success': False, 'message': 'HTTP 403: <html>\r\n<head><title>403 Forbidden</title></head>\r\n<body>\r\n<center><h1>403 Forbidden</h1></center>\r\n</body>\r\n</html>\r\n', 'challenge': {'close_time': 0}}
[2025-06-16 19:34:48] Erreur lors de la récupération des données de vote: {'success': False, 'message': 'HTTP 403: <html>\r\n<head><title>403 Forbidden</title></head>\r\n<body>\r\n<center><h1>403 Forbidden</h1></center>\r\n</body>\r\n</html>\r\n', 'challenge': {'close_time': 0}}
[2025-06-16 19:34:48] Erreur HTTP 403: <html>
<head><title>403 Forbidden</title></head>
<body>
<center><h1>403 Forbidden</h1></center>
...
[2025-06-16 19:34:48] Voting fetching ...
[2025-06-16 19:34:48] Erreur lors de la récupération des données de vote: {'success': False, 'message': 'HTTP 403: <html>\r\n<head><title>403 Forbidden</title></head>\r\n<body>\r\n<center><h1>403 Forbidden</h1></center>\r\n</body>\r\n</html>\r\n', 'challenge': {'close_time': 0}}
[2025-06-16 19:34:51] Erreur lors de la récupération des données de vote: {'success': False, 'message': 'HTTP 403: <html>\r\n<head><title>403 Forbidden</title></head>\r\n<body>\r\n<center><h1>403 Forbidden</h1></center>\r\n</body>\r\n</html>\r\n', 'challenge': {'close_time': 0}}
[2025-06-16 19:34:51] Erreur HTTP 403: <html>
<head><title>403 Forbidden</title></head>
<body>
<center><h1>403 Forbidden</h1></center>
...
[2025-06-16 19:34:51] Voting fetching ...
[2025-06-16 19:34:51] Erreur lors de la récupération des données de vote: {'success': False, 'message': 'HTTP 403: <html>\r\n<head><title>403 Forbidden</title></head>\r\n<body>\r\n<center><h1>403 Forbidden</h1></center>\r\n</body>\r\n</html>\r\n', 'challenge': {'close_time': 0}}
[2025-06-16 19:34:54] Erreur lors de la récupération des données de vote: {'success': False, 'message': 'HTTP 403: <html>\r\n<head><title>403 Forbidden</title></head>\r\n<body>\r\n<center><h1>403 Forbidden</h1></center>\r\n</body>\r\n</html>\r\n', 'challenge': {'close_time': 0}}
[2025-06-16 19:34:54] Erreur HTTP 403: <html>
<head><title>403 Forbidden</title></head>
<body>
<center><h1>403 Forbidden</h1></center>
...
[2025-06-16 19:34:54] Voting fetching ...
[2025-06-16 19:34:54] Erreur lors de la récupération des données de vote: {'success': False, 'message': 'HTTP 403: <html>\r\n<head><title>403 Forbidden</title></head>\r\n<body>\r\n<center><h1>403 Forbidden</h1></center>\r\n</body>\r\n</html>\r\n', 'challenge': {'close_time': 0}}
[2025-06-16 19:34:57] Erreur lors de la récupération des données de vote: {'success': False, 'message': 'HTTP 403: <html>\r\n<head><title>403 Forbidden</title></head>\r\n<body>\r\n<center><h1>403 Forbidden</h1></center>\r\n</body>\r\n</html>\r\n', 'challenge': {'close_time': 0}}
[2025-06-16 19:34:57] Erreur HTTP 403: <html>
<head><title>403 Forbidden</title></head>
<body>
<center><h1>403 Forbidden</h1></center>
...
[2025-06-16 19:34:57] Voting fetching ...
[2025-06-16 19:34:57] Erreur lors de la récupération des données de vote: {'success': False, 'message': 'HTTP 403: <html>\r\n<head><title>403 Forbidden</title></head>\r\n<body>\r\n<center><h1>403 Forbidden</h1></center>\r\n</body>\r\n</html>\r\n', 'challenge': {'close_time': 0}}
[2025-06-16 19:35:00] Erreur lors de la récupération des données de vote: {'success': False, 'message': 'HTTP 403: <html>\r\n<head><title>403 Forbidden</title></head>\r\n<body>\r\n<center><h1>403 Forbidden</h1></center>\r\n</body>\r\n</html>\r\n', 'challenge': {'close_time': 0}}
[2025-06-16 19:35:00] Erreur HTTP 403: <html>
<head><title>403 Forbidden</title></head>
<body>
<center><h1>403 Forbidden</h1></center>
...
[2025-06-16 19:35:00] Voting fetching ...
[2025-06-16 19:35:00] Erreur lors de la récupération des données de vote: {'success': False, 'message': 'HTTP 403: <html>\r\n<head><title>403 Forbidden</title></head>\r\n<body>\r\n<center><h1>403 Forbidden</h1></center>\r\n</body>\r\n</html>\r\n', 'challenge': {'close_time': 0}}
[2025-06-16 19:35:03] Erreur lors de la récupération des données de vote: {'success': False, 'message': 'HTTP 403: <html>\r\n<head><title>403 Forbidden</title></head>\r\n<body>\r\n<center><h1>403 Forbidden</h1></center>\r\n</body>\r\n</html>\r\n', 'challenge': {'close_time': 0}}
[2025-06-16 19:35:03] Erreur HTTP 403: <html>
<head><title>403 Forbidden</title></head>
<body>
<center><h1>403 Forbidden</h1></center>
...
[2025-06-16 19:35:03] Voting fetching ...
[2025-06-16 19:35:03] Erreur lors de la récupération des données de vote: {'success': False, 'message': 'HTTP 403: <html>\r\n<head><title>403 Forbidden</title></head>\r\n<body>\r\n<center><h1>403 Forbidden</h1></center>\r\n</body>\r\n</html>\r\n', 'challenge': {'close_time': 0}}
[2025-06-16 19:35:06] Erreur lors de la récupération des données de vote: {'success': False, 'message': 'HTTP 403: <html>\r\n<head><title>403 Forbidden</title></head>\r\n<body>\r\n<center><h1>403 Forbidden</h1></center>\r\n</body>\r\n</html>\r\n', 'challenge': {'close_time': 0}}
[2025-06-16 19:35:06] Erreur HTTP 403: <html>
<head><title>403 Forbidden</title></head>
<body>
<center><h1>403 Forbidden</h1></center>
...
[2025-06-16 19:35:06] Voting fetching ...
[2025-06-16 19:35:06] Erreur lors de la récupération des données de vote: {'success': False, 'message': 'HTTP 403: <html>\r\n<head><title>403 Forbidden</title></head>\r\n<body>\r\n<center><h1>403 Forbidden</h1></center>\r\n</body>\r\n</html>\r\n', 'challenge': {'close_time': 0}}
[2025-06-16 19:35:09] Erreur lors de la récupération des données de vote: {'success': False, 'message': 'HTTP 403: <html>\r\n<head><title>403 Forbidden</title></head>\r\n<body>\r\n<center><h1>403 Forbidden</h1></center>\r\n</body>\r\n</html>\r\n', 'challenge': {'close_time': 0}}
[2025-06-16 19:35:09] Erreur HTTP 403: <html>
<head><title>403 Forbidden</title></head>
<body>
<center><h1>403 Forbidden</h1></center>
...
[2025-06-16 19:35:09] Voting fetching ...
[2025-06-16 19:35:09] Erreur lors de la récupération des données de vote: {'success': False, 'message': 'HTTP 403: <html>\r\n<head><title>403 Forbidden</title></head>\r\n<body>\r\n<center><h1>403 Forbidden</h1></center>\r\n</body>\r\n</html>\r\n', 'challenge': {'close_time': 0}}
[2025-06-16 19:35:12] Erreur lors de la récupération des données de vote: {'success': False, 'message': 'HTTP 403: <html>\r\n<head><title>403 Forbidden</title></head>\r\n<body>\r\n<center><h1>403 Forbidden</h1></center>\r\n</body>\r\n</html>\r\n', 'challenge': {'close_time': 0}}
[2025-06-16 19:35:12] Erreur HTTP 403: <html>
<head><title>403 Forbidden</title></head>
<body>
<center><h1>403 Forbidden</h1></center>
...
[2025-06-16 19:35:12] Voting fetching ...
[2025-06-16 19:35:12] Erreur lors de la récupération des données de vote: {'success': False, 'message': 'HTTP 403: <html>\r\n<head><title>403 Forbidden</title></head>\r\n<body>\r\n<center><h1>403 Forbidden</h1></center>\r\n</body>\r\n</html>\r\n', 'challenge': {'close_time': 0}}
[2025-06-16 19:35:15] Erreur lors de la récupération des données de vote: {'success': False, 'message': 'HTTP 403: <html>\r\n<head><title>403 Forbidden</title></head>\r\n<body>\r\n<center><h1>403 Forbidden</h1></center>\r\n</body>\r\n</html>\r\n', 'challenge': {'close_time': 0}}
[2025-06-16 19:35:15] Erreur HTTP 403: <html>
<head><title>403 Forbidden</title></head>
<body>
<center><h1>403 Forbidden</h1></center>
...
[2025-06-16 19:35:15] Voting fetching ...
[2025-06-16 19:35:15] Erreur lors de la récupération des données de vote: {'success': False, 'message': 'HTTP 403: <html>\r\n<head><title>403 Forbidden</title></head>\r\n<body>\r\n<center><h1>403 Forbidden</h1></center>\r\n</body>\r\n</html>\r\n', 'challenge': {'close_time': 0}}
[2025-06-16 19:35:18] Erreur lors de la récupération des données de vote: {'success': False, 'message': 'HTTP 403: <html>\r\n<head><title>403 Forbidden</title></head>\r\n<body>\r\n<center><h1>403 Forbidden</h1></center>\r\n</body>\r\n</html>\r\n', 'challenge': {'close_time': 0}}
[2025-06-16 19:35:18] Erreur HTTP 403: <html>
<head><title>403 Forbidden</title></head>
<body>
<center><h1>403 Forbidden</h1></center>
...
[2025-06-16 19:35:18] Voting fetching ...
[2025-06-16 19:35:18] Erreur lors de la récupération des données de vote: {'success': False, 'message': 'HTTP 403: <html>\r\n<head><title>403 Forbidden</title></head>\r\n<body>\r\n<center><h1>403 Forbidden</h1></center>\r\n</body>\r\n</html>\r\n', 'challenge': {'close_time': 0}}
[2025-06-16 19:35:21] Erreur lors de la récupération des données de vote: {'success': False, 'message': 'HTTP 403: <html>\r\n<head><title>403 Forbidden</title></head>\r\n<body>\r\n<center><h1>403 Forbidden</h1></center>\r\n</body>\r\n</html>\r\n', 'challenge': {'close_time': 0}}
[2025-06-16 19:35:21] Erreur HTTP 403: <html>
<head><title>403 Forbidden</title></head>
<body>
<center><h1>403 Forbidden</h1></center>
...
[2025-06-16 19:35:21] Voting fetching ...
[2025-06-16 19:35:21] Erreur lors de la récupération des données de vote: {'success': False, 'message': 'HTTP 403: <html>\r\n<head><title>403 Forbidden</title></head>\r\n<body>\r\n<center><h1>403 Forbidden</h1></center>\r\n</body>\r\n</html>\r\n', 'challenge': {'close_time': 0}}
[2025-06-16 19:35:24] Erreur lors de la récupération des données de vote: {'success': False, 'message': 'HTTP 403: <html>\r\n<head><title>403 Forbidden</title></head>\r\n<body>\r\n<center><h1>403 Forbidden</h1></center>\r\n</body>\r\n</html>\r\n', 'challenge': {'close_time': 0}}
[2025-06-16 19:35:24] Erreur HTTP 403: <html>
<head><title>403 Forbidden</title></head>
<body>
<center><h1>403 Forbidden</h1></center>
...
[2025-06-16 19:35:24] Voting fetching ...
[2025-06-16 19:35:24] Erreur lors de la récupération des données de vote: {'success': False, 'message': 'HTTP 403: <html>\r\n<head><title>403 Forbidden</title></head>\r\n<body>\r\n<center><h1>403 Forbidden</h1></center>\r\n</body>\r\n</html>\r\n', 'challenge': {'close_time': 0}}
[2025-06-16 19:35:27] Erreur lors de la récupération des données de vote: {'success': False, 'message': 'HTTP 403: <html>\r\n<head><title>403 Forbidden</title></head>\r\n<body>\r\n<center><h1>403 Forbidden</h1></center>\r\n</body>\r\n</html>\r\n', 'challenge': {'close_time': 0}}
[2025-06-16 19:35:27] Erreur HTTP 403: <html>
<head><title>403 Forbidden</title></head>
<body>
<center><h1>403 Forbidden</h1></center>
...
[2025-06-16 19:35:27] Voting fetching ...
[2025-06-16 19:35:27] Erreur lors de la récupération des données de vote: {'success': False, 'message': 'HTTP 403: <html>\r\n<head><title>403 Forbidden</title></head>\r\n<body>\r\n<center><h1>403 Forbidden</h1></center>\r\n</body>\r\n</html>\r\n', 'challenge': {'close_time': 0}}
[2025-06-16 19:35:30] Erreur lors de la récupération des données de vote: {'success': False, 'message': 'HTTP 403: <html>\r\n<head><title>403 Forbidden</title></head>\r\n<body>\r\n<center><h1>403 Forbidden</h1></center>\r\n</body>\r\n</html>\r\n', 'challenge': {'close_time': 0}}
[2025-06-16 19:35:30] Erreur HTTP 403: <html>
<head><title>403 Forbidden</title></head>
<body>
<center><h1>403 Forbidden</h1></center>
...
[2025-06-16 19:35:30] Voting fetching ...
[2025-06-16 19:35:30] Erreur lors de la récupération des données de vote: {'success': False, 'message': 'HTTP 403: <html>\r\n<head><title>403 Forbidden</title></head>\r\n<body>\r\n<center><h1>403 Forbidden</h1></center>\r\n</body>\r\n</html>\r\n', 'challenge': {'close_time': 0}}
[2025-06-16 19:35:33] Erreur lors de la récupération des données de vote: {'success': False, 'message': 'HTTP 403: <html>\r\n<head><title>403 Forbidden</title></head>\r\n<body>\r\n<center><h1>403 Forbidden</h1></center>\r\n</body>\r\n</html>\r\n', 'challenge': {'close_time': 0}}
[2025-06-16 19:35:33] Erreur HTTP 403: <html>
<head><title>403 Forbidden</title></head>
<body>
<center><h1>403 Forbidden</h1></center>
...
[2025-06-16 19:35:33] Voting fetching ...
[2025-06-16 19:35:33] Erreur lors de la récupération des données de vote: {'success': False, 'message': 'HTTP 403: <html>\r\n<head><title>403 Forbidden</title></head>\r\n<body>\r\n<center><h1>403 Forbidden</h1></center>\r\n</body>\r\n</html>\r\n', 'challenge': {'close_time': 0}}
[2025-06-16 19:35:36] Erreur lors de la récupération des données de vote: {'success': False, 'message': 'HTTP 403: <html>\r\n<head><title>403 Forbidden</title></head>\r\n<body>\r\n<center><h1>403 Forbidden</h1></center>\r\n</body>\r\n</html>\r\n', 'challenge': {'close_time': 0}}
[2025-06-16 19:35:36] Erreur HTTP 403: <html>
<head><title>403 Forbidden</title></head>
<body>
<center><h1>403 Forbidden</h1></center>
...
[2025-06-16 19:35:36] Voting fetching ...
[2025-06-16 19:35:36] Erreur lors de la récupération des données de vote: {'success': False, 'message': 'HTTP 403: <html>\r\n<head><title>403 Forbidden</title></head>\r\n<body>\r\n<center><h1>403 Forbidden</h1></center>\r\n</body>\r\n</html>\r\n', 'challenge': {'close_time': 0}}
[2025-06-16 19:35:39] Erreur lors de la récupération des données de vote: {'success': False, 'message': 'HTTP 403: <html>\r\n<head><title>403 Forbidden</title></head>\r\n<body>\r\n<center><h1>403 Forbidden</h1></center>\r\n</body>\r\n</html>\r\n', 'challenge': {'close_time': 0}}
[2025-06-16 19:35:39] Erreur HTTP 403: <html>
<head><title>403 Forbidden</title></head>
<body>
<center><h1>403 Forbidden</h1></center>
...
[2025-06-16 19:35:39] Voting fetching ...
[2025-06-16 19:35:39] Erreur lors de la récupération des données de vote: {'success': False, 'message': 'HTTP 403: <html>\r\n<head><title>403 Forbidden</title></head>\r\n<body>\r\n<center><h1>403 Forbidden</h1></center>\r\n</body>\r\n</html>\r\n', 'challenge': {'close_time': 0}}
[2025-06-16 19:35:42] Erreur lors de la récupération des données de vote: {'success': False, 'message': 'HTTP 403: <html>\r\n<head><title>403 Forbidden</title></head>\r\n<body>\r\n<center><h1>403 Forbidden</h1></center>\r\n</body>\r\n</html>\r\n', 'challenge': {'close_time': 0}}
[2025-06-16 19:35:42] Erreur HTTP 403: <html>
<head><title>403 Forbidden</title></head>
<body>
<center><h1>403 Forbidden</h1></center>
...
[2025-06-16 19:35:42] Voting fetching ...
[2025-06-16 19:35:42] Erreur lors de la récupération des données de vote: {'success': False, 'message': 'HTTP 403: <html>\r\n<head><title>403 Forbidden</title></head>\r\n<body>\r\n<center><h1>403 Forbidden</h1></center>\r\n</body>\r\n</html>\r\n', 'challenge': {'close_time': 0}}
[2025-06-16 19:35:45] Erreur lors de la récupération des données de vote: {'success': False, 'message': 'HTTP 403: <html>\r\n<head><title>403 Forbidden</title></head>\r\n<body>\r\n<center><h1>403 Forbidden</h1></center>\r\n</body>\r\n</html>\r\n', 'challenge': {'close_time': 0}}
[2025-06-16 19:35:45] Erreur HTTP 403: <html>
<head><title>403 Forbidden</title></head>
<body>
<center><h1>403 Forbidden</h1></center>
...
[2025-06-16 19:35:45] Voting fetching ...
[2025-06-16 19:35:45] Erreur lors de la récupération des données de vote: {'success': False, 'message': 'HTTP 403: <html>\r\n<head><title>403 Forbidden</title></head>\r\n<body>\r\n<center><h1>403 Forbidden</h1></center>\r\n</body>\r\n</html>\r\n', 'challenge': {'close_time': 0}}
[2025-06-16 19:35:48] Erreur lors de la récupération des données de vote: {'success': False, 'message': 'HTTP 403: <html>\r\n<head><title>403 Forbidden</title></head>\r\n<body>\r\n<center><h1>403 Forbidden</h1></center>\r\n</body>\r\n</html>\r\n', 'challenge': {'close_time': 0}}
[2025-06-16 19:35:48] Erreur HTTP 403: <html>
<head><title>403 Forbidden</title></head>
<body>
<center><h1>403 Forbidden</h1></center>
...
[2025-06-16 19:35:48] Voting fetching ...
[2025-06-16 19:35:48] Erreur lors de la récupération des données de vote: {'success': False, 'message': 'HTTP 403: <html>\r\n<head><title>403 Forbidden</title></head>\r\n<body>\r\n<center><h1>403 Forbidden</h1></center>\r\n</body>\r\n</html>\r\n', 'challenge': {'close_time': 0}}
[2025-06-16 19:35:51] Erreur lors de la récupération des données de vote: {'success': False, 'message': 'HTTP 403: <html>\r\n<head><title>403 Forbidden</title></head>\r\n<body>\r\n<center><h1>403 Forbidden</h1></center>\r\n</body>\r\n</html>\r\n', 'challenge': {'close_time': 0}}
[2025-06-16 19:35:51] Erreur HTTP 403: <html>
<head><title>403 Forbidden</title></head>
<body>
<center><h1>403 Forbidden</h1></center>
...
[2025-06-16 19:35:51] Voting fetching ...
[2025-06-16 19:35:51] Erreur lors de la récupération des données de vote: {'success': False, 'message': 'HTTP 403: <html>\r\n<head><title>403 Forbidden</title></head>\r\n<body>\r\n<center><h1>403 Forbidden</h1></center>\r\n</body>\r\n</html>\r\n', 'challenge': {'close_time': 0}}
[2025-06-16 19:35:54] Erreur lors de la récupération des données de vote: {'success': False, 'message': 'HTTP 403: <html>\r\n<head><title>403 Forbidden</title></head>\r\n<body>\r\n<center><h1>403 Forbidden</h1></center>\r\n</body>\r\n</html>\r\n', 'challenge': {'close_time': 0}}
[2025-06-16 19:35:54] Erreur HTTP 403: <html>
<head><title>403 Forbidden</title></head>
<body>
<center><h1>403 Forbidden</h1></center>
...
[2025-06-16 19:35:54] Voting fetching ...
[2025-06-16 19:35:54] Erreur lors de la récupération des données de vote: {'success': False, 'message': 'HTTP 403: <html>\r\n<head><title>403 Forbidden</title></head>\r\n<body>\r\n<center><h1>403 Forbidden</h1></center>\r\n</body>\r\n</html>\r\n', 'challenge': {'close_time': 0}}
[2025-06-16 19:35:57] Erreur lors de la récupération des données de vote: {'success': False, 'message': 'HTTP 403: <html>\r\n<head><title>403 Forbidden</title></head>\r\n<body>\r\n<center><h1>403 Forbidden</h1></center>\r\n</body>\r\n</html>\r\n', 'challenge': {'close_time': 0}}
[2025-06-16 19:35:57] Erreur HTTP 403: <html>
<head><title>403 Forbidden</title></head>
<body>
<center><h1>403 Forbidden</h1></center>
...
[2025-06-16 19:35:57] Voting fetching ...
[2025-06-16 19:35:57] Erreur lors de la récupération des données de vote: {'success': False, 'message': 'HTTP 403: <html>\r\n<head><title>403 Forbidden</title></head>\r\n<body>\r\n<center><h1>403 Forbidden</h1></center>\r\n</body>\r\n</html>\r\n', 'challenge': {'close_time': 0}}
[2025-06-16 19:36:00] Erreur lors de la récupération des données de vote: {'success': False, 'message': 'HTTP 403: <html>\r\n<head><title>403 Forbidden</title></head>\r\n<body>\r\n<center><h1>403 Forbidden</h1></center>\r\n</body>\r\n</html>\r\n', 'challenge': {'close_time': 0}}
[2025-06-16 19:36:00] Challenges fetching ...
[2025-06-16 19:36:00] Challenges fetched successfully for pascale!
[2025-06-16 19:36:00] Challenges fetching ...
[2025-06-16 19:36:00] Challenges fetched successfully for pascale!
[2025-06-16 19:51:30] Refreshing challenges...
[2025-06-16 19:51:30] Fetching challenges...
[2025-06-16 19:51:31] Challenges fetching ...
[2025-06-16 19:51:31] Lancement automatique des stratégies de fin pour 15 nouveaux challenges...
[2025-06-16 19:51:31] Nouveau challenge détecté pour pascale: Photographer of the Week
[2025-06-16 19:51:31] Nouveau challenge détecté pour pascale: Wooden Structures
[2025-06-16 19:51:31] Nouveau challenge détecté pour pascale: Macro Wonders
[2025-06-16 19:51:31] Nouveau challenge détecté pour pascale: Traveling The World
[2025-06-16 19:51:31] Nouveau challenge détecté pour pascale: Colorful & Minimalist
[2025-06-16 19:51:31] Nouveau challenge détecté pour pascale: Facebook Limelight
[2025-06-16 19:51:31] Nouveau challenge détecté pour pascale: Dramatic Lighting
[2025-06-16 19:51:31] Nouveau challenge détecté pour pascale: 500 Guru's Picks
[2025-06-16 19:51:31] Nouveau challenge détecté pour pascale: Your Favorite Nature Shot
[2025-06-16 19:51:31] Nouveau challenge détecté pour pascale: Scary Animals
[2025-06-16 19:51:31] Nouveau challenge détecté pour pascale: Soothing Seaside
[2025-06-16 19:51:31] Nouveau challenge détecté pour pascale: Solo - Single Subject
[2025-06-16 19:51:31] Nouveau challenge détecté pour pascale: Two wheels
[2025-06-16 19:51:31] Nouveau challenge détecté pour pascale: You On GS Instagram
[2025-06-16 19:51:31] Nouveau challenge détecté pour pascale: Guru of The Week
[2025-06-16 19:51:31] Challenges fetched successfully for pascale!
[2025-06-16 19:53:18] Fetching challenges...
[2025-06-16 19:53:19] Challenges fetching ...
[2025-06-16 19:53:19] Lancement automatique des stratégies de fin pour 6 nouveaux challenges...
[2025-06-16 19:53:19] Nouveau challenge détecté pour bruno: Blacks & Reds
[2025-06-16 19:53:19] Nouveau challenge détecté pour bruno: 500 Guru's Picks
[2025-06-16 19:53:19] Nouveau challenge détecté pour bruno: Wooden Structures
[2025-06-16 19:53:19] Nouveau challenge détecté pour bruno: Military Forces
[2025-06-16 19:53:19] Nouveau challenge détecté pour bruno: Two wheels
[2025-06-16 19:53:19] Nouveau challenge détecté pour bruno: Dramatic Lighting
[2025-06-16 19:53:19] Challenges fetched successfully for bruno!
[2025-06-16 19:53:38] Lancement de la stratégie end4 pour Wooden Structures
[2025-06-16 19:53:38] Nouveau processus ajouté pour bruno: wooden-structures-vote-70-left-0H:4M - Statut: init
[2025-06-16 19:53:38] Nouveau processus ajouté pour bruno: wooden-structures-vote-35-left-0H:3M - Statut: init
[2025-06-16 19:53:38] Traitement du challenge pour bruno: wooden-structures
[2025-06-16 19:53:38] Traitement du challenge pour bruno: wooden-structures
[2025-06-16 19:53:38] Nouveau processus ajouté pour bruno: wooden-structures-vote-35-left-0H:2M - Statut: init
[2025-06-16 19:53:38] Processus mis à jour pour bruno: wooden-structures-vote-70-left-0H:4M - waiting
[2025-06-16 19:53:38] Traitement du challenge pour bruno: wooden-structures
[2025-06-16 19:53:38] Processus mis à jour pour bruno: wooden-structures-vote-35-left-0H:3M - waiting
[2025-06-16 19:53:38] Nouveau processus ajouté pour bruno: wooden-structures-vote-35-left-0H:1M - Statut: init
[2025-06-16 19:53:38] Processus mis à jour pour bruno: wooden-structures-vote-35-left-0H:2M - waiting
[2025-06-16 19:53:38] Traitement du challenge pour bruno: wooden-structures
[2025-06-16 19:53:38] Processus mis à jour pour bruno: wooden-structures-vote-35-left-0H:1M - waiting
[2025-06-16 19:53:38] Lancement de la stratégie end4 pour Military Forces
[2025-06-16 19:53:38] Nouveau processus ajouté pour bruno: military-forces23-vote-70-left-0H:4M - Statut: init
[2025-06-16 19:53:38] Nouveau processus ajouté pour bruno: military-forces23-vote-35-left-0H:3M - Statut: init
[2025-06-16 19:53:38] Traitement du challenge pour bruno: military-forces23
[2025-06-16 19:53:38] Traitement du challenge pour bruno: military-forces23
[2025-06-16 19:53:38] Nouveau processus ajouté pour bruno: military-forces23-vote-35-left-0H:2M - Statut: init
[2025-06-16 19:53:38] Processus mis à jour pour bruno: military-forces23-vote-70-left-0H:4M - waiting
[2025-06-16 19:53:38] Traitement du challenge pour bruno: military-forces23
[2025-06-16 19:53:38] Nouveau processus ajouté pour bruno: military-forces23-vote-35-left-0H:1M - Statut: init
[2025-06-16 19:53:38] Processus mis à jour pour bruno: military-forces23-vote-35-left-0H:3M - waiting
[2025-06-16 19:53:38] Traitement du challenge pour bruno: military-forces23
[2025-06-16 19:53:38] Processus mis à jour pour bruno: military-forces23-vote-35-left-0H:2M - waiting
[2025-06-16 19:53:38] Processus mis à jour pour bruno: military-forces23-vote-35-left-0H:1M - waiting
[2025-06-16 19:53:38] Application des stratégies pour les challenges sélectionnés:
- Wooden Structures avec stratégie end4
- Military Forces avec stratégie end4

[2025-06-16 20:55:02] Processus mis à jour pour bruno: wooden-structures-vote-70-left-0H:4M - executing
[2025-06-16 20:55:02] Traitement de vote pour Wooden Structures
[2025-06-16 20:55:02] Wooden Structures get vote panel
[2025-06-16 20:55:02] Processus associé: wooden-structures-vote-70-left-0H:4M
[2025-06-16 20:55:02] Récupération des données de vote pour Wooden Structures (URL: wooden-structures, HEADER:{'User-Agent': 'Mozilla/5.0 (X11; Linux i686; rv:39.0) Gecko/20100101 Firefox/39.0', 'x-api-version': '8', 'x-env': 'WEB', 'X-requested-with': 'XMLHttpRequest', 'X-token': 'a1cad95a6d480c14f51dd0eba4914c8337b893c789ec6278bb440c7c9a673b162f042470c62684e6da2bd342ffea7777'})
[2025-06-16 20:55:03] Récupération réussie: 200 images pour Wooden Structures
[2025-06-16 20:55:03] Voting fetching ...
[2025-06-16 20:55:03] Wooden Structures voting 70 images
[2025-06-16 20:55:06] Wooden Structures voting 70 images
[2025-06-16 20:55:07] Wooden Structures voted successfully
[2025-06-16 20:55:07] Processus supprimé pour bruno: wooden-structures-vote-70-left-0H:4M - success
[2025-06-16 20:55:07] Processus mis à jour pour bruno: wooden-structures-vote-70-left-0H:4M - success
[2025-06-16 20:55:07] Processus wooden-structures-vote-70-left-0H:4M terminé avec succès (profil: bruno)
[2025-06-16 20:55:09] Wooden Structures voted successfully
[2025-06-16 20:55:12] Challenges fetching ...
[2025-06-16 20:55:12] Challenges fetched successfully for bruno!
[2025-06-16 20:55:12] Challenges fetching ...
[2025-06-16 20:55:12] Challenges fetched successfully for bruno!
[2025-06-16 20:56:33] Processus mis à jour pour bruno: wooden-structures-vote-35-left-0H:3M - executing
[2025-06-16 20:56:33] Traitement de vote pour Wooden Structures
[2025-06-16 20:56:33] Wooden Structures get vote panel
[2025-06-16 20:56:33] Processus associé: wooden-structures-vote-35-left-0H:3M
[2025-06-16 20:56:33] Récupération des données de vote pour Wooden Structures (URL: wooden-structures, HEADER:{'User-Agent': 'Mozilla/5.0 (X11; Linux i686; rv:39.0) Gecko/20100101 Firefox/39.0', 'x-api-version': '8', 'x-env': 'WEB', 'X-requested-with': 'XMLHttpRequest', 'X-token': 'a1cad95a6d480c14f51dd0eba4914c8337b893c789ec6278bb440c7c9a673b162f042470c62684e6da2bd342ffea7777'})
[2025-06-16 20:56:34] Récupération réussie: 200 images pour Wooden Structures
[2025-06-16 20:56:34] Voting fetching ...
[2025-06-16 20:56:34] Wooden Structures voting 35 images
[2025-06-16 20:56:37] Wooden Structures voting 35 images
[2025-06-16 20:56:38] Wooden Structures voted successfully
[2025-06-16 20:56:38] Processus supprimé pour bruno: wooden-structures-vote-35-left-0H:3M - success
[2025-06-16 20:56:38] Processus mis à jour pour bruno: wooden-structures-vote-35-left-0H:3M - success
[2025-06-16 20:56:38] Processus wooden-structures-vote-35-left-0H:3M terminé avec succès (profil: bruno)
[2025-06-16 20:56:40] Wooden Structures voted successfully
[2025-06-16 20:56:43] Challenges fetching ...
[2025-06-16 20:56:43] Challenges fetched successfully for bruno!
[2025-06-16 20:56:43] Challenges fetching ...
[2025-06-16 20:56:43] Challenges fetched successfully for bruno!
[2025-06-16 20:57:06] Processus mis à jour pour bruno: wooden-structures-vote-35-left-0H:2M - executing
[2025-06-16 20:57:06] Traitement de vote pour Wooden Structures
[2025-06-16 20:57:06] Wooden Structures get vote panel
[2025-06-16 20:57:06] Processus associé: wooden-structures-vote-35-left-0H:2M
[2025-06-16 20:57:06] Récupération des données de vote pour Wooden Structures (URL: wooden-structures, HEADER:{'User-Agent': 'Mozilla/5.0 (X11; Linux i686; rv:39.0) Gecko/20100101 Firefox/39.0', 'x-api-version': '8', 'x-env': 'WEB', 'X-requested-with': 'XMLHttpRequest', 'X-token': 'a1cad95a6d480c14f51dd0eba4914c8337b893c789ec6278bb440c7c9a673b162f042470c62684e6da2bd342ffea7777'})
[2025-06-16 20:57:07] Récupération réussie: 200 images pour Wooden Structures
[2025-06-16 20:57:07] Voting fetching ...
[2025-06-16 20:57:07] Wooden Structures voting 35 images
[2025-06-16 20:57:10] Wooden Structures voting 35 images
[2025-06-16 20:57:10] Wooden Structures voted successfully
[2025-06-16 20:57:10] Processus supprimé pour bruno: wooden-structures-vote-35-left-0H:2M - success
[2025-06-16 20:57:10] Processus mis à jour pour bruno: wooden-structures-vote-35-left-0H:2M - success
[2025-06-16 20:57:10] Processus wooden-structures-vote-35-left-0H:2M terminé avec succès (profil: bruno)
[2025-06-16 20:57:13] Wooden Structures voted successfully
[2025-06-16 20:57:16] Challenges fetching ...
[2025-06-16 20:57:16] Challenges fetched successfully for bruno!
[2025-06-16 20:57:16] Challenges fetching ...
[2025-06-16 20:57:16] Challenges fetched successfully for bruno!
[2025-06-16 20:58:08] Processus mis à jour pour bruno: wooden-structures-vote-35-left-0H:1M - executing
[2025-06-16 20:58:08] Traitement de vote pour Wooden Structures
[2025-06-16 20:58:08] Wooden Structures get vote panel
[2025-06-16 20:58:08] Processus associé: wooden-structures-vote-35-left-0H:1M
[2025-06-16 20:58:08] Récupération des données de vote pour Wooden Structures (URL: wooden-structures, HEADER:{'User-Agent': 'Mozilla/5.0 (X11; Linux i686; rv:39.0) Gecko/20100101 Firefox/39.0', 'x-api-version': '8', 'x-env': 'WEB', 'X-requested-with': 'XMLHttpRequest', 'X-token': 'a1cad95a6d480c14f51dd0eba4914c8337b893c789ec6278bb440c7c9a673b162f042470c62684e6da2bd342ffea7777'})
[2025-06-16 20:58:08] Récupération réussie: 200 images pour Wooden Structures
[2025-06-16 20:58:08] Voting fetching ...
[2025-06-16 20:58:08] Wooden Structures voting 35 images
[2025-06-16 20:58:11] Wooden Structures voting 35 images
[2025-06-16 20:58:12] Wooden Structures voted successfully
[2025-06-16 20:58:12] Processus supprimé pour bruno: wooden-structures-vote-35-left-0H:1M - success
[2025-06-16 20:58:12] Processus mis à jour pour bruno: wooden-structures-vote-35-left-0H:1M - success
[2025-06-16 20:58:12] Processus wooden-structures-vote-35-left-0H:1M terminé avec succès (profil: bruno)
[2025-06-16 20:58:14] Wooden Structures voted successfully
[2025-06-16 20:58:17] Challenges fetching ...
[2025-06-16 20:58:17] Challenges fetched successfully for bruno!
[2025-06-16 20:58:17] Challenges fetching ...
[2025-06-16 20:58:17] Lancement automatique des stratégies de fin pour 6 nouveaux challenges...
[2025-06-16 20:58:17] Nouveau challenge détecté pour bruno: Dramatic Lighting
[2025-06-16 20:58:17] Nouveau challenge détecté pour bruno: Blacks & Reds
[2025-06-16 20:58:17] Nouveau challenge détecté pour bruno: Military Forces
[2025-06-16 20:58:17] Nouveau challenge détecté pour bruno: Wooden Structures
[2025-06-16 20:58:17] Nouveau challenge détecté pour bruno: 500 Guru's Picks
[2025-06-16 20:58:17] Nouveau challenge détecté pour bruno: Two wheels
[2025-06-16 20:58:17] Challenges fetched successfully for bruno!
[2025-06-16 23:08:20] Refreshing challenges...
[2025-06-16 23:08:20] Fetching challenges...
[2025-06-16 23:08:21] Challenges fetching ...
[2025-06-16 23:08:22] Challenges fetched successfully for pascale!
[2025-06-16 23:08:31] Sélection de tous les challenges

[2025-06-16 23:08:39] Two wheels get vote panel
[2025-06-16 23:08:39] Macro Wonders get vote panel
[2025-06-16 23:08:39] Photographer of the Week get vote panel
[2025-06-16 23:08:39] Facebook Limelight get vote panel
[2025-06-16 23:08:39] Scary Animals get vote panel
[2025-06-16 23:08:39] You On GS Instagram get vote panel
[2025-06-16 23:08:39] 500 Guru's Picks get vote panel
[2025-06-16 23:08:39] Guru of The Week get vote panel
[2025-06-16 23:08:39] Solo - Single Subject get vote panel
[2025-06-16 23:08:39] Dramatic Lighting get vote panel
[2025-06-16 23:08:39] Your Favorite Nature Shot get vote panel
[2025-06-16 23:08:39] Colorful & Minimalist get vote panel
[2025-06-16 23:08:39] Filling challenges: {101664, 102467, 102531, 102853, 101667, 102470, 101672, 102473, 102539, 101681, 102164, 101789, 102780, 101629, 102238, 101662}
Filled Two wheels with strategy end4
Filled Macro Wonders with strategy end4
Filled Photographer of the Week with strategy end4
Filled Facebook Limelight with strategy end4
Filled Scary Animals with strategy end4
Filled You On GS Instagram with strategy end4
Filled 500 Guru's Picks with strategy end4
Filled Guru of The Week with strategy end4
Filled Solo - Single Subject with strategy end4
Filled Dramatic Lighting with strategy end4
Filled Your Favorite Nature Shot with strategy end4
Filled Colorful & Minimalist with strategy end4

[2025-06-16 23:08:39] Récupération des données de vote pour Two wheels (URL: two-wheels27, HEADER:{'User-Agent': 'Mozilla/5.0 (X11; Linux i686; rv:39.0) Gecko/20100101 Firefox/39.0', 'x-api-version': '8', 'x-env': 'WEB', 'X-requested-with': 'XMLHttpRequest', 'X-token': 'f96bbe3a7e7f833329e7129767a69abbfa6dfce3152e3c2a311eb49d89b5c3bb2b12b66b402f03dce682b8b2b6a005cd'})
[2025-06-16 23:08:39] Récupération des données de vote pour Macro Wonders (URL: macro5, HEADER:{'User-Agent': 'Mozilla/5.0 (X11; Linux i686; rv:39.0) Gecko/20100101 Firefox/39.0', 'x-api-version': '8', 'x-env': 'WEB', 'X-requested-with': 'XMLHttpRequest', 'X-token': 'f96bbe3a7e7f833329e7129767a69abbfa6dfce3152e3c2a311eb49d89b5c3bb2b12b66b402f03dce682b8b2b6a005cd'})
[2025-06-16 23:08:39] Récupération des données de vote pour Photographer of the Week (URL: photographer-of-the-week212, HEADER:{'User-Agent': 'Mozilla/5.0 (X11; Linux i686; rv:39.0) Gecko/20100101 Firefox/39.0', 'x-api-version': '8', 'x-env': 'WEB', 'X-requested-with': 'XMLHttpRequest', 'X-token': 'f96bbe3a7e7f833329e7129767a69abbfa6dfce3152e3c2a311eb49d89b5c3bb2b12b66b402f03dce682b8b2b6a005cd'})
[2025-06-16 23:08:39] Récupération des données de vote pour Facebook Limelight (URL: facebook-limelight71, HEADER:{'User-Agent': 'Mozilla/5.0 (X11; Linux i686; rv:39.0) Gecko/20100101 Firefox/39.0', 'x-api-version': '8', 'x-env': 'WEB', 'X-requested-with': 'XMLHttpRequest', 'X-token': 'f96bbe3a7e7f833329e7129767a69abbfa6dfce3152e3c2a311eb49d89b5c3bb2b12b66b402f03dce682b8b2b6a005cd'})
[2025-06-16 23:08:39] Récupération des données de vote pour Scary Animals (URL: scary-animals23, HEADER:{'User-Agent': 'Mozilla/5.0 (X11; Linux i686; rv:39.0) Gecko/20100101 Firefox/39.0', 'x-api-version': '8', 'x-env': 'WEB', 'X-requested-with': 'XMLHttpRequest', 'X-token': 'f96bbe3a7e7f833329e7129767a69abbfa6dfce3152e3c2a311eb49d89b5c3bb2b12b66b402f03dce682b8b2b6a005cd'})
[2025-06-16 23:08:39] Récupération des données de vote pour You On GS Instagram (URL: you-on-gs-instagram74, HEADER:{'User-Agent': 'Mozilla/5.0 (X11; Linux i686; rv:39.0) Gecko/20100101 Firefox/39.0', 'x-api-version': '8', 'x-env': 'WEB', 'X-requested-with': 'XMLHttpRequest', 'X-token': 'f96bbe3a7e7f833329e7129767a69abbfa6dfce3152e3c2a311eb49d89b5c3bb2b12b66b402f03dce682b8b2b6a005cd'})
[2025-06-16 23:08:39] Récupération des données de vote pour 500 Guru's Picks (URL: 500-guru-s-picks79, HEADER:{'User-Agent': 'Mozilla/5.0 (X11; Linux i686; rv:39.0) Gecko/20100101 Firefox/39.0', 'x-api-version': '8', 'x-env': 'WEB', 'X-requested-with': 'XMLHttpRequest', 'X-token': 'f96bbe3a7e7f833329e7129767a69abbfa6dfce3152e3c2a311eb49d89b5c3bb2b12b66b402f03dce682b8b2b6a005cd'})
[2025-06-16 23:08:39] Récupération des données de vote pour Guru of The Week (URL: guru-of-the-week38, HEADER:{'User-Agent': 'Mozilla/5.0 (X11; Linux i686; rv:39.0) Gecko/20100101 Firefox/39.0', 'x-api-version': '8', 'x-env': 'WEB', 'X-requested-with': 'XMLHttpRequest', 'X-token': 'f96bbe3a7e7f833329e7129767a69abbfa6dfce3152e3c2a311eb49d89b5c3bb2b12b66b402f03dce682b8b2b6a005cd'})
[2025-06-16 23:08:39] Récupération des données de vote pour Solo - Single Subject (URL: solo-single-subject32, HEADER:{'User-Agent': 'Mozilla/5.0 (X11; Linux i686; rv:39.0) Gecko/20100101 Firefox/39.0', 'x-api-version': '8', 'x-env': 'WEB', 'X-requested-with': 'XMLHttpRequest', 'X-token': 'f96bbe3a7e7f833329e7129767a69abbfa6dfce3152e3c2a311eb49d89b5c3bb2b12b66b402f03dce682b8b2b6a005cd'})
[2025-06-16 23:08:39] Récupération des données de vote pour Dramatic Lighting (URL: dramatic-lighting11, HEADER:{'User-Agent': 'Mozilla/5.0 (X11; Linux i686; rv:39.0) Gecko/20100101 Firefox/39.0', 'x-api-version': '8', 'x-env': 'WEB', 'X-requested-with': 'XMLHttpRequest', 'X-token': 'f96bbe3a7e7f833329e7129767a69abbfa6dfce3152e3c2a311eb49d89b5c3bb2b12b66b402f03dce682b8b2b6a005cd'})
[2025-06-16 23:08:39] Récupération des données de vote pour Your Favorite Nature Shot (URL: your-favorite-nature-shot3, HEADER:{'User-Agent': 'Mozilla/5.0 (X11; Linux i686; rv:39.0) Gecko/20100101 Firefox/39.0', 'x-api-version': '8', 'x-env': 'WEB', 'X-requested-with': 'XMLHttpRequest', 'X-token': 'f96bbe3a7e7f833329e7129767a69abbfa6dfce3152e3c2a311eb49d89b5c3bb2b12b66b402f03dce682b8b2b6a005cd'})
[2025-06-16 23:08:39] Récupération des données de vote pour Colorful & Minimalist (URL: colorful-minimalist, HEADER:{'User-Agent': 'Mozilla/5.0 (X11; Linux i686; rv:39.0) Gecko/20100101 Firefox/39.0', 'x-api-version': '8', 'x-env': 'WEB', 'X-requested-with': 'XMLHttpRequest', 'X-token': 'f96bbe3a7e7f833329e7129767a69abbfa6dfce3152e3c2a311eb49d89b5c3bb2b12b66b402f03dce682b8b2b6a005cd'})
[2025-06-16 23:08:39] Récupération réussie: 200 images pour Guru of The Week
[2025-06-16 23:08:39] Voting fetching ...
[2025-06-16 23:08:39] Guru of The Week voting 35 images
[2025-06-16 23:08:43] Guru of The Week voting 35 images
[2025-06-16 23:08:43] Récupération réussie: 200 images pour Photographer of the Week
[2025-06-16 23:08:43] Voting fetching ...
[2025-06-16 23:08:43] Photographer of the Week voting 35 images
[2025-06-16 23:08:46] Photographer of the Week voting 35 images
[2025-06-16 23:08:46] Récupération réussie: 200 images pour Colorful & Minimalist
[2025-06-16 23:08:46] Voting fetching ...
[2025-06-16 23:08:46] Colorful & Minimalist voting 35 images
[2025-06-16 23:08:49] Colorful & Minimalist voting 35 images
[2025-06-16 23:08:49] Récupération réussie: 200 images pour Two wheels
[2025-06-16 23:08:49] Voting fetching ...
[2025-06-16 23:08:49] Two wheels voting 35 images
[2025-06-16 23:08:52] Two wheels voting 35 images
[2025-06-16 23:08:52] Récupération réussie: 200 images pour Scary Animals
[2025-06-16 23:08:52] Voting fetching ...
[2025-06-16 23:08:52] Scary Animals voting 35 images
[2025-06-16 23:08:55] Scary Animals voting 35 images
[2025-06-16 23:08:55] Récupération réussie: 200 images pour Facebook Limelight
[2025-06-16 23:08:55] Voting fetching ...
[2025-06-16 23:08:55] Facebook Limelight voting 35 images
[2025-06-16 23:08:58] Facebook Limelight voting 35 images
[2025-06-16 23:08:58] Récupération réussie: 200 images pour Macro Wonders
[2025-06-16 23:08:58] Voting fetching ...
[2025-06-16 23:08:58] Macro Wonders voting 35 images
[2025-06-16 23:09:01] Macro Wonders voting 35 images
[2025-06-16 23:09:01] Récupération réussie: 200 images pour Your Favorite Nature Shot
[2025-06-16 23:09:01] Voting fetching ...
[2025-06-16 23:09:01] Your Favorite Nature Shot voting 35 images
[2025-06-16 23:09:04] Your Favorite Nature Shot voting 35 images
[2025-06-16 23:09:04] Récupération réussie: 200 images pour You On GS Instagram
[2025-06-16 23:09:04] Voting fetching ...
[2025-06-16 23:09:04] You On GS Instagram voting 35 images
[2025-06-16 23:09:07] You On GS Instagram voting 35 images
[2025-06-16 23:09:07] Récupération réussie: 200 images pour Solo - Single Subject
[2025-06-16 23:09:07] Voting fetching ...
[2025-06-16 23:09:07] Solo - Single Subject voting 35 images
[2025-06-16 23:09:10] Solo - Single Subject voting 35 images
[2025-06-16 23:09:10] Récupération réussie: 200 images pour 500 Guru's Picks
[2025-06-16 23:09:10] Voting fetching ...
[2025-06-16 23:09:10] 500 Guru's Picks voting 35 images
[2025-06-16 23:09:13] 500 Guru's Picks voting 35 images
[2025-06-16 23:09:13] Récupération réussie: 200 images pour Dramatic Lighting
[2025-06-16 23:09:13] Voting fetching ...
[2025-06-16 23:09:13] Dramatic Lighting voting 35 images
[2025-06-16 23:09:16] Dramatic Lighting voting 35 images
[2025-06-16 23:09:17] Guru of The Week voted successfully
[2025-06-16 23:09:19] Guru of The Week voted successfully
[2025-06-16 23:09:21] Two wheels voted successfully
[2025-06-16 23:09:23] Scary Animals voted successfully
[2025-06-16 23:09:25] Facebook Limelight voted successfully
[2025-06-16 23:09:27] Colorful & Minimalist voted successfully
[2025-06-16 23:09:29] Scary Animals voted successfully
[2025-06-16 23:09:31] Colorful & Minimalist voted successfully
[2025-06-16 23:09:33] Two wheels voted successfully
[2025-06-16 23:09:35] Photographer of the Week voted successfully
[2025-06-16 23:09:37] Photographer of the Week voted successfully
[2025-06-16 23:09:39] Facebook Limelight voted successfully
[2025-06-16 23:09:41] Your Favorite Nature Shot voted successfully
[2025-06-16 23:09:43] Your Favorite Nature Shot voted successfully
[2025-06-16 23:09:45] You On GS Instagram voted successfully
[2025-06-16 23:09:47] 500 Guru's Picks voted successfully
[2025-06-16 23:09:49] Macro Wonders voted successfully
[2025-06-16 23:09:51] You On GS Instagram voted successfully
[2025-06-16 23:09:53] Solo - Single Subject voted successfully
[2025-06-16 23:09:55] Solo - Single Subject voted successfully
[2025-06-16 23:09:57] 500 Guru's Picks voted successfully
[2025-06-16 23:09:59] Macro Wonders voted successfully
[2025-06-16 23:10:01] Dramatic Lighting voted successfully
[2025-06-16 23:10:03] Dramatic Lighting voted successfully
[2025-06-16 23:10:07] Challenges fetching ...
[2025-06-16 23:10:07] Challenges fetched successfully for pascale!
[2025-06-16 23:10:07] Challenges fetching ...
[2025-06-16 23:10:07] Challenges fetched successfully for pascale!
[2025-06-16 23:10:07] Challenges fetching ...
[2025-06-16 23:10:07] Challenges fetched successfully for pascale!
[2025-06-16 23:10:07] Challenges fetching ...
[2025-06-16 23:10:07] Challenges fetched successfully for pascale!
[2025-06-16 23:10:07] Challenges fetching ...
[2025-06-16 23:10:07] Challenges fetched successfully for pascale!
[2025-06-16 23:10:07] Challenges fetching ...
[2025-06-16 23:10:07] Challenges fetched successfully for pascale!
[2025-06-16 23:10:07] Challenges fetching ...
[2025-06-16 23:10:07] Challenges fetched successfully for pascale!
[2025-06-16 23:10:07] Challenges fetching ...
[2025-06-16 23:10:07] Challenges fetched successfully for pascale!
[2025-06-16 23:10:07] Challenges fetching ...
[2025-06-16 23:10:08] Challenges fetched successfully for pascale!
[2025-06-16 23:10:08] Challenges fetching ...
[2025-06-16 23:10:08] Challenges fetched successfully for pascale!
[2025-06-16 23:10:08] Challenges fetching ...
[2025-06-16 23:10:08] Challenges fetched successfully for pascale!
[2025-06-16 23:10:08] Challenges fetching ...
[2025-06-16 23:10:08] Challenges fetched successfully for pascale!
[2025-06-16 23:10:08] Challenges fetching ...
[2025-06-16 23:10:08] Challenges fetched successfully for pascale!
[2025-06-16 23:10:08] Challenges fetching ...
[2025-06-16 23:10:08] Challenges fetched successfully for pascale!
[2025-06-16 23:10:08] Challenges fetching ...
[2025-06-16 23:10:08] Challenges fetched successfully for pascale!
[2025-06-16 23:10:08] Challenges fetching ...
[2025-06-16 23:10:08] Challenges fetched successfully for pascale!
[2025-06-16 23:10:08] Challenges fetching ...
[2025-06-16 23:10:08] Challenges fetched successfully for pascale!
[2025-06-16 23:10:08] Challenges fetching ...
[2025-06-16 23:10:08] Challenges fetched successfully for pascale!
[2025-06-16 23:10:08] Challenges fetching ...
[2025-06-16 23:10:08] Challenges fetched successfully for pascale!
[2025-06-16 23:10:08] Challenges fetching ...
[2025-06-16 23:10:08] Challenges fetched successfully for pascale!
[2025-06-16 23:10:08] Challenges fetching ...
[2025-06-16 23:10:08] Challenges fetched successfully for pascale!
[2025-06-16 23:10:08] Challenges fetching ...
[2025-06-16 23:10:08] Challenges fetched successfully for pascale!
[2025-06-16 23:10:08] Challenges fetching ...
[2025-06-16 23:10:08] Challenges fetched successfully for pascale!
[2025-06-16 23:10:08] Challenges fetching ...
[2025-06-16 23:10:09] Challenges fetched successfully for pascale!
[2025-06-16 23:20:31] Désélection de tous les challenges

[2025-06-16 23:20:32] Refreshing challenges...
[2025-06-16 23:20:32] Fetching challenges...
[2025-06-16 23:20:33] Challenges fetching ...
[2025-06-16 23:20:33] Lancement automatique des stratégies de fin pour 6 nouveaux challenges...
[2025-06-16 23:20:33] Nouveau challenge détecté pour pascale: 'R' Things
[2025-06-16 23:20:33] Nouveau challenge détecté pour pascale: All Crowds
[2025-06-16 23:20:33] Nouveau challenge détecté pour pascale: Your Guilty Pleasures
[2025-06-16 23:20:33] Nouveau challenge détecté pour pascale: Obstructed View
[2025-06-16 23:20:33] Nouveau challenge détecté pour pascale: Your Legacy
[2025-06-16 23:20:33] Nouveau challenge détecté pour pascale: Photo of the Week!
[2025-06-16 23:20:33] Challenges fetched successfully for pascale!
[2025-06-16 23:21:12] 'R' Things get vote panel
[2025-06-16 23:21:12] Your Guilty Pleasures get vote panel
[2025-06-16 23:21:12] Your Legacy get vote panel
[2025-06-16 23:21:12] All Crowds get vote panel
[2025-06-16 23:21:12] Obstructed View get vote panel
[2025-06-16 23:21:12] Filling challenges: {102560, 102564, 102551, 102552, 102553}
Filled 'R' Things with strategy end4
Filled Your Guilty Pleasures with strategy end4
Filled Your Legacy with strategy end4
Filled All Crowds with strategy end4
Filled Obstructed View with strategy end4

[2025-06-16 23:21:12] Récupération des données de vote pour 'R' Things (URL: r-things, HEADER:{'User-Agent': 'Mozilla/5.0 (X11; Linux i686; rv:39.0) Gecko/20100101 Firefox/39.0', 'x-api-version': '8', 'x-env': 'WEB', 'X-requested-with': 'XMLHttpRequest', 'X-token': 'f96bbe3a7e7f833329e7129767a69abbfa6dfce3152e3c2a311eb49d89b5c3bb2b12b66b402f03dce682b8b2b6a005cd'})
[2025-06-16 23:21:12] Récupération des données de vote pour Your Guilty Pleasures (URL: your-guilty-pleasures2, HEADER:{'User-Agent': 'Mozilla/5.0 (X11; Linux i686; rv:39.0) Gecko/20100101 Firefox/39.0', 'x-api-version': '8', 'x-env': 'WEB', 'X-requested-with': 'XMLHttpRequest', 'X-token': 'f96bbe3a7e7f833329e7129767a69abbfa6dfce3152e3c2a311eb49d89b5c3bb2b12b66b402f03dce682b8b2b6a005cd'})
[2025-06-16 23:21:12] Récupération des données de vote pour Your Legacy (URL: your-legacy45, HEADER:{'User-Agent': 'Mozilla/5.0 (X11; Linux i686; rv:39.0) Gecko/20100101 Firefox/39.0', 'x-api-version': '8', 'x-env': 'WEB', 'X-requested-with': 'XMLHttpRequest', 'X-token': 'f96bbe3a7e7f833329e7129767a69abbfa6dfce3152e3c2a311eb49d89b5c3bb2b12b66b402f03dce682b8b2b6a005cd'})
[2025-06-16 23:21:12] Récupération des données de vote pour All Crowds (URL: all-crowds1, HEADER:{'User-Agent': 'Mozilla/5.0 (X11; Linux i686; rv:39.0) Gecko/20100101 Firefox/39.0', 'x-api-version': '8', 'x-env': 'WEB', 'X-requested-with': 'XMLHttpRequest', 'X-token': 'f96bbe3a7e7f833329e7129767a69abbfa6dfce3152e3c2a311eb49d89b5c3bb2b12b66b402f03dce682b8b2b6a005cd'})
[2025-06-16 23:21:12] Récupération des données de vote pour Obstructed View (URL: obstructed-view29, HEADER:{'User-Agent': 'Mozilla/5.0 (X11; Linux i686; rv:39.0) Gecko/20100101 Firefox/39.0', 'x-api-version': '8', 'x-env': 'WEB', 'X-requested-with': 'XMLHttpRequest', 'X-token': 'f96bbe3a7e7f833329e7129767a69abbfa6dfce3152e3c2a311eb49d89b5c3bb2b12b66b402f03dce682b8b2b6a005cd'})
[2025-06-16 23:21:13] Récupération réussie: 200 images pour Your Guilty Pleasures
[2025-06-16 23:21:13] Voting fetching ...
[2025-06-16 23:21:13] Your Guilty Pleasures voting 35 images
[2025-06-16 23:21:16] Your Guilty Pleasures voting 35 images
[2025-06-16 23:21:16] Récupération réussie: 200 images pour All Crowds
[2025-06-16 23:21:16] Voting fetching ...
[2025-06-16 23:21:16] All Crowds voting 35 images
[2025-06-16 23:21:19] All Crowds voting 35 images
[2025-06-16 23:21:19] Récupération réussie: 200 images pour Obstructed View
[2025-06-16 23:21:19] Voting fetching ...
[2025-06-16 23:21:19] Obstructed View voting 35 images
[2025-06-16 23:21:22] Obstructed View voting 35 images
[2025-06-16 23:21:22] Récupération réussie: 200 images pour 'R' Things
[2025-06-16 23:21:22] Voting fetching ...
[2025-06-16 23:21:22] 'R' Things voting 35 images
[2025-06-16 23:21:25] 'R' Things voting 35 images
[2025-06-16 23:21:25] Récupération réussie: 200 images pour Your Legacy
[2025-06-16 23:21:25] Voting fetching ...
[2025-06-16 23:21:25] Your Legacy voting 35 images
[2025-06-16 23:21:28] Your Legacy voting 35 images
[2025-06-16 23:21:29] Your Guilty Pleasures voted successfully
[2025-06-16 23:21:31] All Crowds voted successfully
[2025-06-16 23:21:33] 'R' Things voted successfully
[2025-06-16 23:21:35] Obstructed View voted successfully
[2025-06-16 23:21:37] Obstructed View voted successfully
[2025-06-16 23:21:39] Your Guilty Pleasures voted successfully
[2025-06-16 23:21:41] 'R' Things voted successfully
[2025-06-16 23:21:43] Your Legacy voted successfully
[2025-06-16 23:21:45] All Crowds voted successfully
[2025-06-16 23:21:47] Your Legacy voted successfully
[2025-06-16 23:21:50] Challenges fetching ...
[2025-06-16 23:21:50] Lancement automatique des stratégies de fin pour 1 nouveaux challenges...
[2025-06-16 23:21:50] Nouveau challenge détecté pour pascale: Mostly Black
[2025-06-16 23:21:50] Challenges fetched successfully for pascale!
[2025-06-16 23:21:50] Challenges fetching ...
[2025-06-16 23:21:50] Challenges fetched successfully for pascale!
[2025-06-16 23:21:50] Challenges fetching ...
[2025-06-16 23:21:51] Challenges fetched successfully for pascale!
[2025-06-16 23:21:51] Challenges fetching ...
[2025-06-16 23:21:51] Challenges fetched successfully for pascale!
[2025-06-16 23:21:51] Challenges fetching ...
[2025-06-16 23:21:51] Challenges fetched successfully for pascale!
[2025-06-16 23:21:51] Challenges fetching ...
[2025-06-16 23:21:51] Challenges fetched successfully for pascale!
[2025-06-16 23:21:51] Challenges fetching ...
[2025-06-16 23:21:51] Challenges fetched successfully for pascale!
[2025-06-16 23:21:51] Challenges fetching ...
[2025-06-16 23:21:51] Challenges fetched successfully for pascale!
[2025-06-16 23:21:51] Challenges fetching ...
[2025-06-16 23:21:51] Challenges fetched successfully for pascale!
[2025-06-16 23:21:51] Challenges fetching ...
[2025-06-16 23:21:51] Challenges fetched successfully for pascale!
[2025-06-16 23:22:02] Désélection de tous les challenges

[2025-06-16 23:22:04] Refreshing challenges...
[2025-06-16 23:22:04] Fetching challenges...
[2025-06-16 23:22:05] Challenges fetching ...
[2025-06-16 23:22:05] Challenges fetched successfully for pascale!
[2025-06-16 23:22:46] Photo of the Week! get vote panel
[2025-06-16 23:22:46] Mostly Black get vote panel
[2025-06-16 23:22:46] Filling challenges: {103027, 103019}
Filled Photo of the Week! with strategy end4
Filled Mostly Black with strategy end4

[2025-06-16 23:22:46] Récupération des données de vote pour Photo of the Week! (URL: photo-of-the-week-301, HEADER:{'User-Agent': 'Mozilla/5.0 (X11; Linux i686; rv:39.0) Gecko/20100101 Firefox/39.0', 'x-api-version': '8', 'x-env': 'WEB', 'X-requested-with': 'XMLHttpRequest', 'X-token': 'f96bbe3a7e7f833329e7129767a69abbfa6dfce3152e3c2a311eb49d89b5c3bb2b12b66b402f03dce682b8b2b6a005cd'})
[2025-06-16 23:22:46] Récupération des données de vote pour Mostly Black (URL: mostly-black16, HEADER:{'User-Agent': 'Mozilla/5.0 (X11; Linux i686; rv:39.0) Gecko/20100101 Firefox/39.0', 'x-api-version': '8', 'x-env': 'WEB', 'X-requested-with': 'XMLHttpRequest', 'X-token': 'f96bbe3a7e7f833329e7129767a69abbfa6dfce3152e3c2a311eb49d89b5c3bb2b12b66b402f03dce682b8b2b6a005cd'})
[2025-06-16 23:22:47] Récupération réussie: 200 images pour Photo of the Week!
[2025-06-16 23:22:47] Voting fetching ...
[2025-06-16 23:22:47] Photo of the Week! voting 35 images
[2025-06-16 23:22:50] Photo of the Week! voting 35 images
[2025-06-16 23:22:50] Récupération réussie: 200 images pour Mostly Black
[2025-06-16 23:22:50] Voting fetching ...
[2025-06-16 23:22:50] Mostly Black voting 35 images
[2025-06-16 23:22:53] Mostly Black voting 35 images
[2025-06-16 23:22:54] Photo of the Week! voted successfully
[2025-06-16 23:22:56] Photo of the Week! voted successfully
[2025-06-16 23:22:58] Mostly Black voted successfully
[2025-06-16 23:23:00] Mostly Black voted successfully
[2025-06-16 23:23:03] Challenges fetching ...
[2025-06-16 23:23:03] Challenges fetched successfully for pascale!
[2025-06-16 23:23:03] Challenges fetching ...
[2025-06-16 23:23:03] Challenges fetched successfully for pascale!
[2025-06-16 23:23:03] Challenges fetching ...
[2025-06-16 23:23:03] Challenges fetched successfully for pascale!
[2025-06-16 23:23:03] Challenges fetching ...
[2025-06-16 23:23:03] Challenges fetched successfully for pascale!
[2025-06-16 23:23:23] Désélection de tous les challenges

