[2025-06-03 09:19:29] Refreshing challenges...
[2025-06-03 09:19:29] Fetching challenges...
[2025-06-03 09:19:30] Challenges fetching ...
[2025-06-03 09:19:30] Challenges fetched successfully for pascale!
[2025-06-03 10:15:34] Refreshing challenges...
[2025-06-03 10:15:34] Fetching challenges...
[2025-06-03 10:15:36] Challenges fetching ...
[2025-06-03 10:15:36] Lancement automatique des stratégies de fin pour 2 nouveaux challenges...
[2025-06-03 10:15:36] Nouveau challenge détecté pour pascale: Buildings Next To Water
[2025-06-03 10:15:36] Nouveau challenge détecté pour pascale: Incredible Skies
[2025-06-03 10:15:36] Challenges fetched successfully for pascale!
[2025-06-03 11:14:11] Fetching challenges...
[2025-06-03 11:14:13] Challenges fetching ...
[2025-06-03 11:14:13] Lancement automatique des stratégies de fin pour 7 nouveaux challenges...
[2025-06-03 11:14:13] Nouveau challenge détecté pour bruno: Lively Performers
[2025-06-03 11:14:13] Nouveau challenge détecté pour bruno: Photo of the Week!
[2025-06-03 11:14:13] Nouveau challenge détecté pour bruno: Incredible Skies
[2025-06-03 11:14:13] Nouveau challenge détecté pour bruno: Feeling Down
[2025-06-03 11:14:13] Nouveau challenge détecté pour bruno: Artistic Still Life
[2025-06-03 11:14:13] Nouveau challenge détecté pour bruno: Joined Together
[2025-06-03 11:14:13] Nouveau challenge détecté pour bruno: Buildings Next To Water
[2025-06-03 11:14:13] Challenges fetched successfully for bruno!
[2025-06-03 11:14:23] Sélection de tous les challenges

[2025-06-03 11:14:29] Joined Together get vote panel
[2025-06-03 11:14:50] Incredible Skies get vote panel
[2025-06-03 11:15:11] Lively Performers get vote panel
[2025-06-03 11:15:32] Artistic Still Life get vote panel
[2025-06-03 11:15:53] Feeling Down get vote panel
[2025-06-03 11:16:14] Buildings Next To Water get vote panel
[2025-06-03 11:16:35] Photo of the Week! get vote panel
[2025-06-03 11:16:56] Filling challenges: {101570, 101551, 100593, 101557, 101560, 101563, 101790}
Filled Joined Together with strategy end4
Filled Incredible Skies with strategy end4
Filled Lively Performers with strategy end4
Filled Artistic Still Life with strategy end4
Filled Feeling Down with strategy end4
Filled Buildings Next To Water with strategy end4
Filled Photo of the Week! with strategy end4

[2025-06-03 11:16:56] Récupération des données de vote pour Joined Together (URL: joined-together1, HEADER:{'User-Agent': 'Mozilla/5.0 (X11; Linux i686; rv:39.0) Gecko/20100101 Firefox/39.0', 'x-api-version': '8', 'x-env': 'WEB', 'X-requested-with': 'XMLHttpRequest', 'X-token': 'a1cad95a6d480c14f51dd0eba4914c8337b893c789ec6278bb440c7c9a673b162f042470c62684e6da2bd342ffea7777'})
[2025-06-03 11:16:56] Récupération des données de vote pour Joined Together (URL: joined-together1, HEADER:{'User-Agent': 'Mozilla/5.0 (X11; Linux i686; rv:39.0) Gecko/20100101 Firefox/39.0', 'x-api-version': '8', 'x-env': 'WEB', 'X-requested-with': 'XMLHttpRequest', 'X-token': 'a1cad95a6d480c14f51dd0eba4914c8337b893c789ec6278bb440c7c9a673b162f042470c62684e6da2bd342ffea7777'})
[2025-06-03 11:16:56] Récupération des données de vote pour Joined Together (URL: joined-together1, HEADER:{'User-Agent': 'Mozilla/5.0 (X11; Linux i686; rv:39.0) Gecko/20100101 Firefox/39.0', 'x-api-version': '8', 'x-env': 'WEB', 'X-requested-with': 'XMLHttpRequest', 'X-token': 'a1cad95a6d480c14f51dd0eba4914c8337b893c789ec6278bb440c7c9a673b162f042470c62684e6da2bd342ffea7777'})
[2025-06-03 11:16:56] Récupération des données de vote pour Joined Together (URL: joined-together1, HEADER:{'User-Agent': 'Mozilla/5.0 (X11; Linux i686; rv:39.0) Gecko/20100101 Firefox/39.0', 'x-api-version': '8', 'x-env': 'WEB', 'X-requested-with': 'XMLHttpRequest', 'X-token': 'a1cad95a6d480c14f51dd0eba4914c8337b893c789ec6278bb440c7c9a673b162f042470c62684e6da2bd342ffea7777'})
[2025-06-03 11:16:56] Récupération des données de vote pour Joined Together (URL: joined-together1, HEADER:{'User-Agent': 'Mozilla/5.0 (X11; Linux i686; rv:39.0) Gecko/20100101 Firefox/39.0', 'x-api-version': '8', 'x-env': 'WEB', 'X-requested-with': 'XMLHttpRequest', 'X-token': 'a1cad95a6d480c14f51dd0eba4914c8337b893c789ec6278bb440c7c9a673b162f042470c62684e6da2bd342ffea7777'})
[2025-06-03 11:16:56] Récupération des données de vote pour Joined Together (URL: joined-together1, HEADER:{'User-Agent': 'Mozilla/5.0 (X11; Linux i686; rv:39.0) Gecko/20100101 Firefox/39.0', 'x-api-version': '8', 'x-env': 'WEB', 'X-requested-with': 'XMLHttpRequest', 'X-token': 'a1cad95a6d480c14f51dd0eba4914c8337b893c789ec6278bb440c7c9a673b162f042470c62684e6da2bd342ffea7777'})
[2025-06-03 11:16:56] Récupération des données de vote pour Joined Together (URL: joined-together1, HEADER:{'User-Agent': 'Mozilla/5.0 (X11; Linux i686; rv:39.0) Gecko/20100101 Firefox/39.0', 'x-api-version': '8', 'x-env': 'WEB', 'X-requested-with': 'XMLHttpRequest', 'X-token': 'a1cad95a6d480c14f51dd0eba4914c8337b893c789ec6278bb440c7c9a673b162f042470c62684e6da2bd342ffea7777'})
[2025-06-03 11:16:56] Récupération des données de vote pour Incredible Skies (URL: incredible-skies, HEADER:{'User-Agent': 'Mozilla/5.0 (X11; Linux i686; rv:39.0) Gecko/20100101 Firefox/39.0', 'x-api-version': '8', 'x-env': 'WEB', 'X-requested-with': 'XMLHttpRequest', 'X-token': 'a1cad95a6d480c14f51dd0eba4914c8337b893c789ec6278bb440c7c9a673b162f042470c62684e6da2bd342ffea7777'})
[2025-06-03 11:16:56] Récupération des données de vote pour Incredible Skies (URL: incredible-skies, HEADER:{'User-Agent': 'Mozilla/5.0 (X11; Linux i686; rv:39.0) Gecko/20100101 Firefox/39.0', 'x-api-version': '8', 'x-env': 'WEB', 'X-requested-with': 'XMLHttpRequest', 'X-token': 'a1cad95a6d480c14f51dd0eba4914c8337b893c789ec6278bb440c7c9a673b162f042470c62684e6da2bd342ffea7777'})
[2025-06-03 11:16:56] Récupération des données de vote pour Incredible Skies (URL: incredible-skies, HEADER:{'User-Agent': 'Mozilla/5.0 (X11; Linux i686; rv:39.0) Gecko/20100101 Firefox/39.0', 'x-api-version': '8', 'x-env': 'WEB', 'X-requested-with': 'XMLHttpRequest', 'X-token': 'a1cad95a6d480c14f51dd0eba4914c8337b893c789ec6278bb440c7c9a673b162f042470c62684e6da2bd342ffea7777'})
[2025-06-03 11:16:56] Récupération des données de vote pour Incredible Skies (URL: incredible-skies, HEADER:{'User-Agent': 'Mozilla/5.0 (X11; Linux i686; rv:39.0) Gecko/20100101 Firefox/39.0', 'x-api-version': '8', 'x-env': 'WEB', 'X-requested-with': 'XMLHttpRequest', 'X-token': 'a1cad95a6d480c14f51dd0eba4914c8337b893c789ec6278bb440c7c9a673b162f042470c62684e6da2bd342ffea7777'})
[2025-06-03 11:16:56] Récupération des données de vote pour Incredible Skies (URL: incredible-skies, HEADER:{'User-Agent': 'Mozilla/5.0 (X11; Linux i686; rv:39.0) Gecko/20100101 Firefox/39.0', 'x-api-version': '8', 'x-env': 'WEB', 'X-requested-with': 'XMLHttpRequest', 'X-token': 'a1cad95a6d480c14f51dd0eba4914c8337b893c789ec6278bb440c7c9a673b162f042470c62684e6da2bd342ffea7777'})
[2025-06-03 11:16:56] Récupération des données de vote pour Incredible Skies (URL: incredible-skies, HEADER:{'User-Agent': 'Mozilla/5.0 (X11; Linux i686; rv:39.0) Gecko/20100101 Firefox/39.0', 'x-api-version': '8', 'x-env': 'WEB', 'X-requested-with': 'XMLHttpRequest', 'X-token': 'a1cad95a6d480c14f51dd0eba4914c8337b893c789ec6278bb440c7c9a673b162f042470c62684e6da2bd342ffea7777'})
[2025-06-03 11:16:56] Récupération des données de vote pour Incredible Skies (URL: incredible-skies, HEADER:{'User-Agent': 'Mozilla/5.0 (X11; Linux i686; rv:39.0) Gecko/20100101 Firefox/39.0', 'x-api-version': '8', 'x-env': 'WEB', 'X-requested-with': 'XMLHttpRequest', 'X-token': 'a1cad95a6d480c14f51dd0eba4914c8337b893c789ec6278bb440c7c9a673b162f042470c62684e6da2bd342ffea7777'})
[2025-06-03 11:16:56] Récupération des données de vote pour Lively Performers (URL: lively-performers, HEADER:{'User-Agent': 'Mozilla/5.0 (X11; Linux i686; rv:39.0) Gecko/20100101 Firefox/39.0', 'x-api-version': '8', 'x-env': 'WEB', 'X-requested-with': 'XMLHttpRequest', 'X-token': 'a1cad95a6d480c14f51dd0eba4914c8337b893c789ec6278bb440c7c9a673b162f042470c62684e6da2bd342ffea7777'})
[2025-06-03 11:16:56] Récupération des données de vote pour Lively Performers (URL: lively-performers, HEADER:{'User-Agent': 'Mozilla/5.0 (X11; Linux i686; rv:39.0) Gecko/20100101 Firefox/39.0', 'x-api-version': '8', 'x-env': 'WEB', 'X-requested-with': 'XMLHttpRequest', 'X-token': 'a1cad95a6d480c14f51dd0eba4914c8337b893c789ec6278bb440c7c9a673b162f042470c62684e6da2bd342ffea7777'})
[2025-06-03 11:16:56] Récupération des données de vote pour Lively Performers (URL: lively-performers, HEADER:{'User-Agent': 'Mozilla/5.0 (X11; Linux i686; rv:39.0) Gecko/20100101 Firefox/39.0', 'x-api-version': '8', 'x-env': 'WEB', 'X-requested-with': 'XMLHttpRequest', 'X-token': 'a1cad95a6d480c14f51dd0eba4914c8337b893c789ec6278bb440c7c9a673b162f042470c62684e6da2bd342ffea7777'})
[2025-06-03 11:16:56] Récupération des données de vote pour Lively Performers (URL: lively-performers, HEADER:{'User-Agent': 'Mozilla/5.0 (X11; Linux i686; rv:39.0) Gecko/20100101 Firefox/39.0', 'x-api-version': '8', 'x-env': 'WEB', 'X-requested-with': 'XMLHttpRequest', 'X-token': 'a1cad95a6d480c14f51dd0eba4914c8337b893c789ec6278bb440c7c9a673b162f042470c62684e6da2bd342ffea7777'})
[2025-06-03 11:16:56] Récupération des données de vote pour Lively Performers (URL: lively-performers, HEADER:{'User-Agent': 'Mozilla/5.0 (X11; Linux i686; rv:39.0) Gecko/20100101 Firefox/39.0', 'x-api-version': '8', 'x-env': 'WEB', 'X-requested-with': 'XMLHttpRequest', 'X-token': 'a1cad95a6d480c14f51dd0eba4914c8337b893c789ec6278bb440c7c9a673b162f042470c62684e6da2bd342ffea7777'})
[2025-06-03 11:16:56] Récupération des données de vote pour Lively Performers (URL: lively-performers, HEADER:{'User-Agent': 'Mozilla/5.0 (X11; Linux i686; rv:39.0) Gecko/20100101 Firefox/39.0', 'x-api-version': '8', 'x-env': 'WEB', 'X-requested-with': 'XMLHttpRequest', 'X-token': 'a1cad95a6d480c14f51dd0eba4914c8337b893c789ec6278bb440c7c9a673b162f042470c62684e6da2bd342ffea7777'})
[2025-06-03 11:16:56] Récupération des données de vote pour Lively Performers (URL: lively-performers, HEADER:{'User-Agent': 'Mozilla/5.0 (X11; Linux i686; rv:39.0) Gecko/20100101 Firefox/39.0', 'x-api-version': '8', 'x-env': 'WEB', 'X-requested-with': 'XMLHttpRequest', 'X-token': 'a1cad95a6d480c14f51dd0eba4914c8337b893c789ec6278bb440c7c9a673b162f042470c62684e6da2bd342ffea7777'})
[2025-06-03 11:16:56] Récupération des données de vote pour Artistic Still Life (URL: artistic-still-life5, HEADER:{'User-Agent': 'Mozilla/5.0 (X11; Linux i686; rv:39.0) Gecko/20100101 Firefox/39.0', 'x-api-version': '8', 'x-env': 'WEB', 'X-requested-with': 'XMLHttpRequest', 'X-token': 'a1cad95a6d480c14f51dd0eba4914c8337b893c789ec6278bb440c7c9a673b162f042470c62684e6da2bd342ffea7777'})
[2025-06-03 11:16:56] Récupération des données de vote pour Artistic Still Life (URL: artistic-still-life5, HEADER:{'User-Agent': 'Mozilla/5.0 (X11; Linux i686; rv:39.0) Gecko/20100101 Firefox/39.0', 'x-api-version': '8', 'x-env': 'WEB', 'X-requested-with': 'XMLHttpRequest', 'X-token': 'a1cad95a6d480c14f51dd0eba4914c8337b893c789ec6278bb440c7c9a673b162f042470c62684e6da2bd342ffea7777'})
[2025-06-03 11:16:56] Récupération des données de vote pour Artistic Still Life (URL: artistic-still-life5, HEADER:{'User-Agent': 'Mozilla/5.0 (X11; Linux i686; rv:39.0) Gecko/20100101 Firefox/39.0', 'x-api-version': '8', 'x-env': 'WEB', 'X-requested-with': 'XMLHttpRequest', 'X-token': 'a1cad95a6d480c14f51dd0eba4914c8337b893c789ec6278bb440c7c9a673b162f042470c62684e6da2bd342ffea7777'})
[2025-06-03 11:16:56] Récupération des données de vote pour Artistic Still Life (URL: artistic-still-life5, HEADER:{'User-Agent': 'Mozilla/5.0 (X11; Linux i686; rv:39.0) Gecko/20100101 Firefox/39.0', 'x-api-version': '8', 'x-env': 'WEB', 'X-requested-with': 'XMLHttpRequest', 'X-token': 'a1cad95a6d480c14f51dd0eba4914c8337b893c789ec6278bb440c7c9a673b162f042470c62684e6da2bd342ffea7777'})
[2025-06-03 11:16:56] Récupération des données de vote pour Artistic Still Life (URL: artistic-still-life5, HEADER:{'User-Agent': 'Mozilla/5.0 (X11; Linux i686; rv:39.0) Gecko/20100101 Firefox/39.0', 'x-api-version': '8', 'x-env': 'WEB', 'X-requested-with': 'XMLHttpRequest', 'X-token': 'a1cad95a6d480c14f51dd0eba4914c8337b893c789ec6278bb440c7c9a673b162f042470c62684e6da2bd342ffea7777'})
[2025-06-03 11:16:56] Récupération des données de vote pour Artistic Still Life (URL: artistic-still-life5, HEADER:{'User-Agent': 'Mozilla/5.0 (X11; Linux i686; rv:39.0) Gecko/20100101 Firefox/39.0', 'x-api-version': '8', 'x-env': 'WEB', 'X-requested-with': 'XMLHttpRequest', 'X-token': 'a1cad95a6d480c14f51dd0eba4914c8337b893c789ec6278bb440c7c9a673b162f042470c62684e6da2bd342ffea7777'})
[2025-06-03 11:16:56] Récupération des données de vote pour Artistic Still Life (URL: artistic-still-life5, HEADER:{'User-Agent': 'Mozilla/5.0 (X11; Linux i686; rv:39.0) Gecko/20100101 Firefox/39.0', 'x-api-version': '8', 'x-env': 'WEB', 'X-requested-with': 'XMLHttpRequest', 'X-token': 'a1cad95a6d480c14f51dd0eba4914c8337b893c789ec6278bb440c7c9a673b162f042470c62684e6da2bd342ffea7777'})
[2025-06-03 11:16:56] Récupération des données de vote pour Feeling Down (URL: feeling-down3, HEADER:{'User-Agent': 'Mozilla/5.0 (X11; Linux i686; rv:39.0) Gecko/20100101 Firefox/39.0', 'x-api-version': '8', 'x-env': 'WEB', 'X-requested-with': 'XMLHttpRequest', 'X-token': 'a1cad95a6d480c14f51dd0eba4914c8337b893c789ec6278bb440c7c9a673b162f042470c62684e6da2bd342ffea7777'})
[2025-06-03 11:16:56] Récupération des données de vote pour Feeling Down (URL: feeling-down3, HEADER:{'User-Agent': 'Mozilla/5.0 (X11; Linux i686; rv:39.0) Gecko/20100101 Firefox/39.0', 'x-api-version': '8', 'x-env': 'WEB', 'X-requested-with': 'XMLHttpRequest', 'X-token': 'a1cad95a6d480c14f51dd0eba4914c8337b893c789ec6278bb440c7c9a673b162f042470c62684e6da2bd342ffea7777'})
[2025-06-03 11:16:56] Récupération des données de vote pour Feeling Down (URL: feeling-down3, HEADER:{'User-Agent': 'Mozilla/5.0 (X11; Linux i686; rv:39.0) Gecko/20100101 Firefox/39.0', 'x-api-version': '8', 'x-env': 'WEB', 'X-requested-with': 'XMLHttpRequest', 'X-token': 'a1cad95a6d480c14f51dd0eba4914c8337b893c789ec6278bb440c7c9a673b162f042470c62684e6da2bd342ffea7777'})
[2025-06-03 11:16:56] Récupération des données de vote pour Feeling Down (URL: feeling-down3, HEADER:{'User-Agent': 'Mozilla/5.0 (X11; Linux i686; rv:39.0) Gecko/20100101 Firefox/39.0', 'x-api-version': '8', 'x-env': 'WEB', 'X-requested-with': 'XMLHttpRequest', 'X-token': 'a1cad95a6d480c14f51dd0eba4914c8337b893c789ec6278bb440c7c9a673b162f042470c62684e6da2bd342ffea7777'})
[2025-06-03 11:16:56] Récupération des données de vote pour Feeling Down (URL: feeling-down3, HEADER:{'User-Agent': 'Mozilla/5.0 (X11; Linux i686; rv:39.0) Gecko/20100101 Firefox/39.0', 'x-api-version': '8', 'x-env': 'WEB', 'X-requested-with': 'XMLHttpRequest', 'X-token': 'a1cad95a6d480c14f51dd0eba4914c8337b893c789ec6278bb440c7c9a673b162f042470c62684e6da2bd342ffea7777'})
[2025-06-03 11:16:56] Récupération des données de vote pour Feeling Down (URL: feeling-down3, HEADER:{'User-Agent': 'Mozilla/5.0 (X11; Linux i686; rv:39.0) Gecko/20100101 Firefox/39.0', 'x-api-version': '8', 'x-env': 'WEB', 'X-requested-with': 'XMLHttpRequest', 'X-token': 'a1cad95a6d480c14f51dd0eba4914c8337b893c789ec6278bb440c7c9a673b162f042470c62684e6da2bd342ffea7777'})
[2025-06-03 11:16:56] Récupération des données de vote pour Feeling Down (URL: feeling-down3, HEADER:{'User-Agent': 'Mozilla/5.0 (X11; Linux i686; rv:39.0) Gecko/20100101 Firefox/39.0', 'x-api-version': '8', 'x-env': 'WEB', 'X-requested-with': 'XMLHttpRequest', 'X-token': 'a1cad95a6d480c14f51dd0eba4914c8337b893c789ec6278bb440c7c9a673b162f042470c62684e6da2bd342ffea7777'})
[2025-06-03 11:16:56] Récupération des données de vote pour Buildings Next To Water (URL: buildings-next-to-water, HEADER:{'User-Agent': 'Mozilla/5.0 (X11; Linux i686; rv:39.0) Gecko/20100101 Firefox/39.0', 'x-api-version': '8', 'x-env': 'WEB', 'X-requested-with': 'XMLHttpRequest', 'X-token': 'a1cad95a6d480c14f51dd0eba4914c8337b893c789ec6278bb440c7c9a673b162f042470c62684e6da2bd342ffea7777'})
[2025-06-03 11:16:56] Récupération des données de vote pour Buildings Next To Water (URL: buildings-next-to-water, HEADER:{'User-Agent': 'Mozilla/5.0 (X11; Linux i686; rv:39.0) Gecko/20100101 Firefox/39.0', 'x-api-version': '8', 'x-env': 'WEB', 'X-requested-with': 'XMLHttpRequest', 'X-token': 'a1cad95a6d480c14f51dd0eba4914c8337b893c789ec6278bb440c7c9a673b162f042470c62684e6da2bd342ffea7777'})
[2025-06-03 11:16:56] Récupération des données de vote pour Buildings Next To Water (URL: buildings-next-to-water, HEADER:{'User-Agent': 'Mozilla/5.0 (X11; Linux i686; rv:39.0) Gecko/20100101 Firefox/39.0', 'x-api-version': '8', 'x-env': 'WEB', 'X-requested-with': 'XMLHttpRequest', 'X-token': 'a1cad95a6d480c14f51dd0eba4914c8337b893c789ec6278bb440c7c9a673b162f042470c62684e6da2bd342ffea7777'})
[2025-06-03 11:16:56] Récupération des données de vote pour Buildings Next To Water (URL: buildings-next-to-water, HEADER:{'User-Agent': 'Mozilla/5.0 (X11; Linux i686; rv:39.0) Gecko/20100101 Firefox/39.0', 'x-api-version': '8', 'x-env': 'WEB', 'X-requested-with': 'XMLHttpRequest', 'X-token': 'a1cad95a6d480c14f51dd0eba4914c8337b893c789ec6278bb440c7c9a673b162f042470c62684e6da2bd342ffea7777'})
[2025-06-03 11:16:56] Récupération des données de vote pour Buildings Next To Water (URL: buildings-next-to-water, HEADER:{'User-Agent': 'Mozilla/5.0 (X11; Linux i686; rv:39.0) Gecko/20100101 Firefox/39.0', 'x-api-version': '8', 'x-env': 'WEB', 'X-requested-with': 'XMLHttpRequest', 'X-token': 'a1cad95a6d480c14f51dd0eba4914c8337b893c789ec6278bb440c7c9a673b162f042470c62684e6da2bd342ffea7777'})
[2025-06-03 11:16:56] Récupération des données de vote pour Buildings Next To Water (URL: buildings-next-to-water, HEADER:{'User-Agent': 'Mozilla/5.0 (X11; Linux i686; rv:39.0) Gecko/20100101 Firefox/39.0', 'x-api-version': '8', 'x-env': 'WEB', 'X-requested-with': 'XMLHttpRequest', 'X-token': 'a1cad95a6d480c14f51dd0eba4914c8337b893c789ec6278bb440c7c9a673b162f042470c62684e6da2bd342ffea7777'})
[2025-06-03 11:16:56] Récupération des données de vote pour Buildings Next To Water (URL: buildings-next-to-water, HEADER:{'User-Agent': 'Mozilla/5.0 (X11; Linux i686; rv:39.0) Gecko/20100101 Firefox/39.0', 'x-api-version': '8', 'x-env': 'WEB', 'X-requested-with': 'XMLHttpRequest', 'X-token': 'a1cad95a6d480c14f51dd0eba4914c8337b893c789ec6278bb440c7c9a673b162f042470c62684e6da2bd342ffea7777'})
[2025-06-03 11:16:56] Récupération des données de vote pour Photo of the Week! (URL: photo-of-the-week-299, HEADER:{'User-Agent': 'Mozilla/5.0 (X11; Linux i686; rv:39.0) Gecko/20100101 Firefox/39.0', 'x-api-version': '8', 'x-env': 'WEB', 'X-requested-with': 'XMLHttpRequest', 'X-token': 'a1cad95a6d480c14f51dd0eba4914c8337b893c789ec6278bb440c7c9a673b162f042470c62684e6da2bd342ffea7777'})
[2025-06-03 11:16:56] Récupération des données de vote pour Photo of the Week! (URL: photo-of-the-week-299, HEADER:{'User-Agent': 'Mozilla/5.0 (X11; Linux i686; rv:39.0) Gecko/20100101 Firefox/39.0', 'x-api-version': '8', 'x-env': 'WEB', 'X-requested-with': 'XMLHttpRequest', 'X-token': 'a1cad95a6d480c14f51dd0eba4914c8337b893c789ec6278bb440c7c9a673b162f042470c62684e6da2bd342ffea7777'})
[2025-06-03 11:16:56] Récupération des données de vote pour Photo of the Week! (URL: photo-of-the-week-299, HEADER:{'User-Agent': 'Mozilla/5.0 (X11; Linux i686; rv:39.0) Gecko/20100101 Firefox/39.0', 'x-api-version': '8', 'x-env': 'WEB', 'X-requested-with': 'XMLHttpRequest', 'X-token': 'a1cad95a6d480c14f51dd0eba4914c8337b893c789ec6278bb440c7c9a673b162f042470c62684e6da2bd342ffea7777'})
[2025-06-03 11:16:56] Récupération des données de vote pour Photo of the Week! (URL: photo-of-the-week-299, HEADER:{'User-Agent': 'Mozilla/5.0 (X11; Linux i686; rv:39.0) Gecko/20100101 Firefox/39.0', 'x-api-version': '8', 'x-env': 'WEB', 'X-requested-with': 'XMLHttpRequest', 'X-token': 'a1cad95a6d480c14f51dd0eba4914c8337b893c789ec6278bb440c7c9a673b162f042470c62684e6da2bd342ffea7777'})
[2025-06-03 11:16:56] Récupération des données de vote pour Photo of the Week! (URL: photo-of-the-week-299, HEADER:{'User-Agent': 'Mozilla/5.0 (X11; Linux i686; rv:39.0) Gecko/20100101 Firefox/39.0', 'x-api-version': '8', 'x-env': 'WEB', 'X-requested-with': 'XMLHttpRequest', 'X-token': 'a1cad95a6d480c14f51dd0eba4914c8337b893c789ec6278bb440c7c9a673b162f042470c62684e6da2bd342ffea7777'})
[2025-06-03 11:16:56] Récupération des données de vote pour Photo of the Week! (URL: photo-of-the-week-299, HEADER:{'User-Agent': 'Mozilla/5.0 (X11; Linux i686; rv:39.0) Gecko/20100101 Firefox/39.0', 'x-api-version': '8', 'x-env': 'WEB', 'X-requested-with': 'XMLHttpRequest', 'X-token': 'a1cad95a6d480c14f51dd0eba4914c8337b893c789ec6278bb440c7c9a673b162f042470c62684e6da2bd342ffea7777'})
[2025-06-03 11:16:56] Récupération des données de vote pour Photo of the Week! (URL: photo-of-the-week-299, HEADER:{'User-Agent': 'Mozilla/5.0 (X11; Linux i686; rv:39.0) Gecko/20100101 Firefox/39.0', 'x-api-version': '8', 'x-env': 'WEB', 'X-requested-with': 'XMLHttpRequest', 'X-token': 'a1cad95a6d480c14f51dd0eba4914c8337b893c789ec6278bb440c7c9a673b162f042470c62684e6da2bd342ffea7777'})
[2025-06-03 11:16:57] Récupération réussie: 200 images pour Feeling Down
[2025-06-03 11:16:57] Voting fetching ...
[2025-06-03 11:16:57] Feeling Down voting 10 images
[2025-06-03 11:16:58] Récupération réussie: 200 images pour Artistic Still Life
[2025-06-03 11:16:58] Voting fetching ...
[2025-06-03 11:16:58] Artistic Still Life voting 10 images
[2025-06-03 11:16:58] Récupération réussie: 200 images pour Feeling Down
[2025-06-03 11:16:58] Voting fetching ...
[2025-06-03 11:16:58] Feeling Down voting 10 images
[2025-06-03 11:16:58] Récupération réussie: 200 images pour Photo of the Week!
[2025-06-03 11:16:58] Voting fetching ...
[2025-06-03 11:16:58] Photo of the Week! voting 10 images
[2025-06-03 11:16:58] Récupération réussie: 200 images pour Artistic Still Life
[2025-06-03 11:16:58] Voting fetching ...
[2025-06-03 11:16:58] Artistic Still Life voting 10 images
[2025-06-03 11:16:58] Récupération réussie: 200 images pour Lively Performers
[2025-06-03 11:16:58] Voting fetching ...
[2025-06-03 11:16:58] Lively Performers voting 10 images
[2025-06-03 11:16:58] Récupération réussie: 200 images pour Photo of the Week!
[2025-06-03 11:16:58] Voting fetching ...
[2025-06-03 11:16:58] Photo of the Week! voting 10 images
[2025-06-03 11:16:58] Récupération réussie: 200 images pour Photo of the Week!
[2025-06-03 11:16:58] Voting fetching ...
[2025-06-03 11:16:58] Photo of the Week! voting 10 images
[2025-06-03 11:16:58] Récupération réussie: 200 images pour Feeling Down
[2025-06-03 11:16:58] Voting fetching ...
[2025-06-03 11:16:58] Feeling Down voting 10 images
[2025-06-03 11:16:58] Récupération réussie: 200 images pour Artistic Still Life
[2025-06-03 11:16:58] Voting fetching ...
[2025-06-03 11:16:58] Artistic Still Life voting 10 images
[2025-06-03 11:16:58] Récupération réussie: 200 images pour Feeling Down
[2025-06-03 11:16:58] Voting fetching ...
[2025-06-03 11:16:58] Feeling Down voting 10 images
[2025-06-03 11:16:58] Récupération réussie: 200 images pour Photo of the Week!
[2025-06-03 11:16:58] Voting fetching ...
[2025-06-03 11:16:58] Photo of the Week! voting 10 images
[2025-06-03 11:16:58] Récupération réussie: 200 images pour Feeling Down
[2025-06-03 11:16:58] Voting fetching ...
[2025-06-03 11:16:58] Feeling Down voting 10 images
[2025-06-03 11:16:58] Récupération réussie: 200 images pour Feeling Down
[2025-06-03 11:16:58] Voting fetching ...
[2025-06-03 11:16:58] Feeling Down voting 10 images
[2025-06-03 11:16:58] Récupération réussie: 200 images pour Joined Together
[2025-06-03 11:16:58] Voting fetching ...
[2025-06-03 11:16:58] Joined Together voting 10 images
[2025-06-03 11:16:58] Récupération réussie: 200 images pour Feeling Down
[2025-06-03 11:16:58] Voting fetching ...
[2025-06-03 11:16:58] Feeling Down voting 10 images
[2025-06-03 11:16:58] Récupération réussie: 200 images pour Artistic Still Life
[2025-06-03 11:16:58] Voting fetching ...
[2025-06-03 11:16:58] Artistic Still Life voting 10 images
[2025-06-03 11:16:58] Récupération réussie: 200 images pour Joined Together
[2025-06-03 11:16:58] Voting fetching ...
[2025-06-03 11:16:58] Joined Together voting 10 images
[2025-06-03 11:16:58] Récupération réussie: 200 images pour Joined Together
[2025-06-03 11:16:58] Voting fetching ...
[2025-06-03 11:16:58] Joined Together voting 10 images
[2025-06-03 11:16:58] Récupération réussie: 200 images pour Photo of the Week!
[2025-06-03 11:16:58] Voting fetching ...
[2025-06-03 11:16:58] Photo of the Week! voting 10 images
[2025-06-03 11:16:58] Récupération réussie: 200 images pour Lively Performers
[2025-06-03 11:16:58] Voting fetching ...
[2025-06-03 11:16:58] Lively Performers voting 10 images
[2025-06-03 11:16:58] Récupération réussie: 200 images pour Artistic Still Life
[2025-06-03 11:16:58] Voting fetching ...
[2025-06-03 11:16:58] Artistic Still Life voting 10 images
[2025-06-03 11:16:58] Récupération réussie: 200 images pour Photo of the Week!
[2025-06-03 11:16:58] Voting fetching ...
[2025-06-03 11:16:58] Photo of the Week! voting 10 images
[2025-06-03 11:16:58] Récupération réussie: 200 images pour Joined Together
[2025-06-03 11:16:58] Voting fetching ...
[2025-06-03 11:16:58] Joined Together voting 10 images
[2025-06-03 11:16:58] Récupération réussie: 200 images pour Artistic Still Life
[2025-06-03 11:16:58] Voting fetching ...
[2025-06-03 11:16:58] Artistic Still Life voting 10 images
[2025-06-03 11:16:58] Récupération réussie: 200 images pour Photo of the Week!
[2025-06-03 11:16:58] Voting fetching ...
[2025-06-03 11:16:58] Photo of the Week! voting 10 images
[2025-06-03 11:16:58] Récupération réussie: 200 images pour Joined Together
[2025-06-03 11:16:58] Voting fetching ...
[2025-06-03 11:16:58] Joined Together voting 10 images
[2025-06-03 11:16:58] Récupération réussie: 200 images pour Joined Together
[2025-06-03 11:16:58] Voting fetching ...
[2025-06-03 11:16:58] Joined Together voting 10 images
[2025-06-03 11:16:58] Récupération réussie: 200 images pour Artistic Still Life
[2025-06-03 11:16:58] Voting fetching ...
[2025-06-03 11:16:58] Artistic Still Life voting 10 images
[2025-06-03 11:16:58] Récupération réussie: 200 images pour Lively Performers
[2025-06-03 11:16:58] Voting fetching ...
[2025-06-03 11:16:58] Lively Performers voting 10 images
[2025-06-03 11:16:58] Récupération réussie: 200 images pour Joined Together
[2025-06-03 11:16:58] Voting fetching ...
[2025-06-03 11:16:58] Joined Together voting 10 images
[2025-06-03 11:16:58] Récupération réussie: 200 images pour Lively Performers
[2025-06-03 11:16:58] Voting fetching ...
[2025-06-03 11:16:58] Lively Performers voting 10 images
[2025-06-03 11:16:58] Récupération réussie: 200 images pour Buildings Next To Water
[2025-06-03 11:16:58] Voting fetching ...
[2025-06-03 11:16:58] Buildings Next To Water voting 10 images
[2025-06-03 11:16:58] Récupération réussie: 200 images pour Incredible Skies
[2025-06-03 11:16:58] Voting fetching ...
[2025-06-03 11:16:58] Incredible Skies voting 10 images
[2025-06-03 11:16:58] Récupération réussie: 200 images pour Lively Performers
[2025-06-03 11:16:58] Voting fetching ...
[2025-06-03 11:16:58] Lively Performers voting 10 images
[2025-06-03 11:16:58] Récupération réussie: 200 images pour Lively Performers
[2025-06-03 11:16:58] Voting fetching ...
[2025-06-03 11:16:58] Lively Performers voting 10 images
[2025-06-03 11:16:58] Récupération réussie: 200 images pour Buildings Next To Water
[2025-06-03 11:16:58] Voting fetching ...
[2025-06-03 11:16:58] Buildings Next To Water voting 10 images
[2025-06-03 11:16:58] Récupération réussie: 200 images pour Buildings Next To Water
[2025-06-03 11:16:58] Voting fetching ...
[2025-06-03 11:16:58] Buildings Next To Water voting 10 images
[2025-06-03 11:16:58] Récupération réussie: 200 images pour Lively Performers
[2025-06-03 11:16:58] Voting fetching ...
[2025-06-03 11:16:58] Lively Performers voting 10 images
[2025-06-03 11:16:58] Récupération réussie: 200 images pour Buildings Next To Water
[2025-06-03 11:16:58] Voting fetching ...
[2025-06-03 11:16:58] Buildings Next To Water voting 10 images
[2025-06-03 11:16:58] Récupération réussie: 200 images pour Buildings Next To Water
[2025-06-03 11:16:58] Voting fetching ...
[2025-06-03 11:16:58] Buildings Next To Water voting 10 images
[2025-06-03 11:16:58] Récupération réussie: 200 images pour Incredible Skies
[2025-06-03 11:16:58] Voting fetching ...
[2025-06-03 11:16:58] Incredible Skies voting 10 images
[2025-06-03 11:16:58] Récupération réussie: 200 images pour Buildings Next To Water
[2025-06-03 11:16:58] Voting fetching ...
[2025-06-03 11:16:58] Buildings Next To Water voting 10 images
[2025-06-03 11:16:58] Récupération réussie: 200 images pour Incredible Skies
[2025-06-03 11:16:58] Voting fetching ...
[2025-06-03 11:16:58] Incredible Skies voting 10 images
[2025-06-03 11:16:58] Récupération réussie: 200 images pour Incredible Skies
[2025-06-03 11:16:58] Voting fetching ...
[2025-06-03 11:16:58] Incredible Skies voting 10 images
[2025-06-03 11:16:58] Récupération réussie: 200 images pour Incredible Skies
[2025-06-03 11:16:58] Voting fetching ...
[2025-06-03 11:16:58] Incredible Skies voting 10 images
[2025-06-03 11:16:58] Récupération réussie: 200 images pour Incredible Skies
[2025-06-03 11:16:58] Voting fetching ...
[2025-06-03 11:16:58] Incredible Skies voting 10 images
[2025-06-03 11:16:58] Récupération réussie: 200 images pour Incredible Skies
[2025-06-03 11:16:58] Voting fetching ...
[2025-06-03 11:16:58] Incredible Skies voting 10 images
[2025-06-03 11:16:58] Récupération réussie: 200 images pour Buildings Next To Water
[2025-06-03 11:16:58] Voting fetching ...
[2025-06-03 11:16:58] Buildings Next To Water voting 10 images
[2025-06-03 11:16:59] Photo of the Week! voted successfully
[2025-06-03 11:17:01] Feeling Down voted successfully
[2025-06-03 11:17:03] Feeling Down voted successfully
[2025-06-03 11:17:05] Artistic Still Life voted successfully
[2025-06-03 11:17:07] Feeling Down voted successfully
[2025-06-03 11:17:09] Joined Together voted successfully
[2025-06-03 11:17:11] Artistic Still Life voted successfully
[2025-06-03 11:17:13] Photo of the Week! voted successfully
[2025-06-03 11:17:15] Feeling Down voted successfully
[2025-06-03 11:17:17] Photo of the Week! voted successfully
[2025-06-03 11:17:19] Lively Performers voted successfully
[2025-06-03 11:17:21] Feeling Down voted successfully
[2025-06-03 11:17:23] Joined Together voted successfully
[2025-06-03 11:17:25] Feeling Down voted successfully
[2025-06-03 11:17:27] Lively Performers voted successfully
[2025-06-03 11:17:29] Artistic Still Life voted successfully
[2025-06-03 11:17:31] Joined Together voted successfully
[2025-06-03 11:17:33] Buildings Next To Water voted successfully
[2025-06-03 11:17:35] Photo of the Week! voted successfully
[2025-06-03 11:17:37] Artistic Still Life voted successfully
[2025-06-03 11:17:39] Photo of the Week! voted successfully
[2025-06-03 11:17:41] Artistic Still Life voted successfully
[2025-06-03 11:17:43] Feeling Down voted successfully
[2025-06-03 11:17:45] Lively Performers voted successfully
[2025-06-03 11:17:47] Joined Together voted successfully
[2025-06-03 11:17:49] Lively Performers voted successfully
[2025-06-03 11:17:51] Photo of the Week! voted successfully
[2025-06-03 11:17:53] Joined Together voted successfully
[2025-06-03 11:17:55] Photo of the Week! voted successfully
[2025-06-03 11:17:57] Joined Together voted successfully
[2025-06-03 11:17:59] Joined Together voted successfully
[2025-06-03 11:18:01] Artistic Still Life voted successfully
[2025-06-03 11:18:03] Lively Performers voted successfully
[2025-06-03 11:18:05] Buildings Next To Water voted successfully
[2025-06-03 11:18:07] Incredible Skies voted successfully
[2025-06-03 11:18:09] Buildings Next To Water voted successfully
[2025-06-03 11:18:11] Incredible Skies voted successfully
[2025-06-03 11:18:13] Buildings Next To Water voted successfully
[2025-06-03 11:18:15] Lively Performers voted successfully
[2025-06-03 11:18:17] Artistic Still Life voted successfully
[2025-06-03 11:18:19] Buildings Next To Water voted successfully
[2025-06-03 11:18:21] Incredible Skies voted successfully
[2025-06-03 11:18:23] Incredible Skies voted successfully
[2025-06-03 11:18:25] Incredible Skies voted successfully
[2025-06-03 11:18:27] Buildings Next To Water voted successfully
[2025-06-03 11:18:29] Incredible Skies voted successfully
[2025-06-03 11:18:31] Incredible Skies voted successfully
[2025-06-03 11:18:33] Buildings Next To Water voted successfully
[2025-06-03 11:18:35] Lively Performers voted successfully
[2025-06-03 11:18:38] Challenges fetching ...
[2025-06-03 11:18:38] Challenges fetched successfully for bruno!
[2025-06-03 11:18:38] Challenges fetching ...
[2025-06-03 11:18:38] Challenges fetched successfully for bruno!
[2025-06-03 11:18:38] Challenges fetching ...
[2025-06-03 11:18:38] Challenges fetched successfully for bruno!
[2025-06-03 11:18:38] Challenges fetching ...
[2025-06-03 11:18:38] Challenges fetched successfully for bruno!
[2025-06-03 11:18:38] Challenges fetching ...
[2025-06-03 11:18:38] Challenges fetched successfully for bruno!
[2025-06-03 11:18:38] Challenges fetching ...
[2025-06-03 11:18:38] Challenges fetched successfully for bruno!
[2025-06-03 11:18:38] Challenges fetching ...
[2025-06-03 11:18:38] Challenges fetched successfully for bruno!
[2025-06-03 11:18:38] Challenges fetching ...
[2025-06-03 11:18:38] Challenges fetched successfully for bruno!
[2025-06-03 11:18:39] Challenges fetching ...
[2025-06-03 11:18:39] Challenges fetched successfully for bruno!
[2025-06-03 11:18:39] Challenges fetching ...
[2025-06-03 11:18:39] Challenges fetched successfully for bruno!
[2025-06-03 11:18:39] Challenges fetching ...
[2025-06-03 11:18:39] Challenges fetched successfully for bruno!
[2025-06-03 11:18:39] Challenges fetching ...
[2025-06-03 11:18:39] Challenges fetched successfully for bruno!
[2025-06-03 11:18:39] Challenges fetching ...
[2025-06-03 11:18:39] Challenges fetched successfully for bruno!
[2025-06-03 11:18:39] Challenges fetching ...
[2025-06-03 11:18:39] Challenges fetched successfully for bruno!
[2025-06-03 11:18:39] Challenges fetching ...
[2025-06-03 11:18:39] Challenges fetched successfully for bruno!
[2025-06-03 11:18:39] Challenges fetching ...
[2025-06-03 11:18:39] Challenges fetched successfully for bruno!
[2025-06-03 11:18:39] Challenges fetching ...
[2025-06-03 11:18:39] Challenges fetched successfully for bruno!
[2025-06-03 11:18:39] Challenges fetching ...
[2025-06-03 11:18:39] Challenges fetched successfully for bruno!
[2025-06-03 11:18:39] Challenges fetching ...
[2025-06-03 11:18:39] Challenges fetched successfully for bruno!
[2025-06-03 11:18:39] Challenges fetching ...
[2025-06-03 11:18:39] Challenges fetched successfully for bruno!
[2025-06-03 11:18:39] Challenges fetching ...
[2025-06-03 11:18:39] Challenges fetched successfully for bruno!
[2025-06-03 11:18:39] Challenges fetching ...
[2025-06-03 11:18:39] Challenges fetched successfully for bruno!
[2025-06-03 11:18:39] Challenges fetching ...
[2025-06-03 11:18:39] Challenges fetched successfully for bruno!
[2025-06-03 11:18:39] Challenges fetching ...
[2025-06-03 11:18:39] Challenges fetched successfully for bruno!
[2025-06-03 11:18:39] Challenges fetching ...
[2025-06-03 11:18:39] Challenges fetched successfully for bruno!
[2025-06-03 11:18:39] Challenges fetching ...
[2025-06-03 11:18:39] Challenges fetched successfully for bruno!
[2025-06-03 11:18:39] Challenges fetching ...
[2025-06-03 11:18:39] Challenges fetched successfully for bruno!
[2025-06-03 11:18:39] Challenges fetching ...
[2025-06-03 11:18:39] Challenges fetched successfully for bruno!
[2025-06-03 11:18:39] Challenges fetching ...
[2025-06-03 11:18:39] Challenges fetched successfully for bruno!
[2025-06-03 11:18:39] Challenges fetching ...
[2025-06-03 11:18:39] Challenges fetched successfully for bruno!
[2025-06-03 11:18:39] Challenges fetching ...
[2025-06-03 11:18:39] Challenges fetched successfully for bruno!
[2025-06-03 11:18:39] Challenges fetching ...
[2025-06-03 11:18:39] Challenges fetched successfully for bruno!
[2025-06-03 11:18:39] Challenges fetching ...
[2025-06-03 11:18:39] Challenges fetched successfully for bruno!
[2025-06-03 11:18:40] Challenges fetching ...
[2025-06-03 11:18:40] Challenges fetched successfully for bruno!
[2025-06-03 11:18:40] Challenges fetching ...
[2025-06-03 11:18:40] Challenges fetched successfully for bruno!
[2025-06-03 11:18:40] Challenges fetching ...
[2025-06-03 11:18:40] Challenges fetched successfully for bruno!
[2025-06-03 11:18:40] Challenges fetching ...
[2025-06-03 11:18:40] Challenges fetched successfully for bruno!
[2025-06-03 11:18:40] Challenges fetching ...
[2025-06-03 11:18:40] Challenges fetched successfully for bruno!
[2025-06-03 11:18:40] Challenges fetching ...
[2025-06-03 11:18:40] Challenges fetched successfully for bruno!
[2025-06-03 11:18:40] Challenges fetching ...
[2025-06-03 11:18:40] Challenges fetched successfully for bruno!
[2025-06-03 11:18:40] Challenges fetching ...
[2025-06-03 11:18:40] Challenges fetched successfully for bruno!
[2025-06-03 11:18:40] Challenges fetching ...
[2025-06-03 11:18:40] Challenges fetched successfully for bruno!
[2025-06-03 11:18:40] Challenges fetching ...
[2025-06-03 11:18:40] Challenges fetched successfully for bruno!
[2025-06-03 11:18:40] Challenges fetching ...
[2025-06-03 11:18:40] Challenges fetched successfully for bruno!
[2025-06-03 11:18:40] Challenges fetching ...
[2025-06-03 11:18:40] Challenges fetched successfully for bruno!
[2025-06-03 11:18:40] Challenges fetching ...
[2025-06-03 11:18:40] Challenges fetched successfully for bruno!
[2025-06-03 11:18:40] Challenges fetching ...
[2025-06-03 11:18:40] Challenges fetched successfully for bruno!
[2025-06-03 11:18:40] Challenges fetching ...
[2025-06-03 11:18:40] Challenges fetched successfully for bruno!
[2025-06-03 11:18:40] Challenges fetching ...
[2025-06-03 11:18:40] Challenges fetched successfully for bruno!
[2025-06-03 11:39:17] Sélection de tous les challenges

[2025-06-03 11:39:20] Processus supprimé pour pascale: photographer-of-the-week210-vote-100-left-0H:4M - stopped
[2025-06-03 11:39:20] Processus mis à jour pour pascale: photographer-of-the-week210-vote-100-left-0H:4M - stopped
[2025-06-03 11:39:20] Processus supprimé pour pascale: photographer-of-the-week210-vote-50-left-0H:3M - stopped
[2025-06-03 11:39:20] Processus mis à jour pour pascale: photographer-of-the-week210-vote-50-left-0H:3M - stopped
[2025-06-03 11:39:21] Processus supprimé pour pascale: photographer-of-the-week210-vote-50-left-0H:2M - stopped
[2025-06-03 11:39:21] Processus mis à jour pour pascale: photographer-of-the-week210-vote-50-left-0H:2M - stopped
[2025-06-03 11:39:21] Processus supprimé pour pascale: photographer-of-the-week210-vote-50-left-0H:1M - stopped
[2025-06-03 11:39:21] Processus mis à jour pour pascale: photographer-of-the-week210-vote-50-left-0H:1M - stopped
[2025-06-03 11:39:21] Processus supprimé pour pascale: best-of-black-white29-vote-70-left-0H:4M - stopped
[2025-06-03 11:39:21] Processus mis à jour pour pascale: best-of-black-white29-vote-70-left-0H:4M - stopped
[2025-06-03 11:39:21] Processus supprimé pour pascale: best-of-black-white29-vote-20-left-0H:3M - stopped
[2025-06-03 11:39:21] Processus mis à jour pour pascale: best-of-black-white29-vote-20-left-0H:3M - stopped
[2025-06-03 11:39:21] Processus supprimé pour pascale: best-of-black-white29-vote-20-left-0H:2M - stopped
[2025-06-03 11:39:21] Processus mis à jour pour pascale: best-of-black-white29-vote-20-left-0H:2M - stopped
[2025-06-03 11:39:21] Processus supprimé pour pascale: best-of-black-white29-vote-20-left-0H:1M - stopped
[2025-06-03 11:39:21] Processus mis à jour pour pascale: best-of-black-white29-vote-20-left-0H:1M - stopped
[2025-06-03 11:39:21] Processus supprimé pour pascale: healthy-living-vote-100-left-0H:4M - stopped
[2025-06-03 11:39:21] Processus mis à jour pour pascale: healthy-living-vote-100-left-0H:4M - stopped
[2025-06-03 11:39:21] Processus supprimé pour pascale: healthy-living-vote-50-left-0H:3M - stopped
[2025-06-03 11:39:21] Processus mis à jour pour pascale: healthy-living-vote-50-left-0H:3M - stopped
[2025-06-03 11:39:21] Processus supprimé pour pascale: healthy-living-vote-50-left-0H:2M - stopped
[2025-06-03 11:39:21] Processus mis à jour pour pascale: healthy-living-vote-50-left-0H:2M - stopped
[2025-06-03 11:39:21] Processus supprimé pour pascale: healthy-living-vote-50-left-0H:1M - stopped
[2025-06-03 11:39:21] Processus mis à jour pour pascale: healthy-living-vote-50-left-0H:1M - stopped
[2025-06-03 11:39:21] Processus supprimé pour pascale: landscape-photographer-of-the-year4-vote-100-left-0H:4M - stopped
[2025-06-03 11:39:21] Processus mis à jour pour pascale: landscape-photographer-of-the-year4-vote-100-left-0H:4M - stopped
[2025-06-03 11:39:21] Processus supprimé pour pascale: landscape-photographer-of-the-year4-vote-50-left-0H:3M - stopped
[2025-06-03 11:39:21] Processus mis à jour pour pascale: landscape-photographer-of-the-year4-vote-50-left-0H:3M - stopped
[2025-06-03 11:39:21] Processus supprimé pour pascale: landscape-photographer-of-the-year4-vote-50-left-0H:2M - stopped
[2025-06-03 11:39:21] Processus mis à jour pour pascale: landscape-photographer-of-the-year4-vote-50-left-0H:2M - stopped
[2025-06-03 11:39:21] Processus supprimé pour pascale: landscape-photographer-of-the-year4-vote-50-left-0H:1M - stopped
[2025-06-03 11:39:21] Processus mis à jour pour pascale: landscape-photographer-of-the-year4-vote-50-left-0H:1M - stopped
[2025-06-03 11:39:21] Processus supprimé pour pascale: old-but-still-working-vote-70-left-0H:4M - stopped
[2025-06-03 11:39:21] Processus mis à jour pour pascale: old-but-still-working-vote-70-left-0H:4M - stopped
[2025-06-03 11:39:21] Processus supprimé pour pascale: old-but-still-working-vote-20-left-0H:3M - stopped
[2025-06-03 11:39:21] Processus mis à jour pour pascale: old-but-still-working-vote-20-left-0H:3M - stopped
[2025-06-03 11:39:21] Processus supprimé pour pascale: old-but-still-working-vote-20-left-0H:2M - stopped
[2025-06-03 11:39:21] Processus mis à jour pour pascale: old-but-still-working-vote-20-left-0H:2M - stopped
[2025-06-03 11:39:21] Processus supprimé pour pascale: old-but-still-working-vote-20-left-0H:1M - stopped
[2025-06-03 11:39:21] Processus mis à jour pour pascale: old-but-still-working-vote-20-left-0H:1M - stopped
[2025-06-03 11:39:21] Processus supprimé pour pascale: lively-performers-vote-70-left-0H:4M - stopped
[2025-06-03 11:39:21] Processus mis à jour pour pascale: lively-performers-vote-70-left-0H:4M - stopped
[2025-06-03 11:39:21] Processus supprimé pour pascale: lively-performers-vote-20-left-0H:3M - stopped
[2025-06-03 11:39:21] Processus mis à jour pour pascale: lively-performers-vote-20-left-0H:3M - stopped
[2025-06-03 11:39:21] Processus supprimé pour pascale: lively-performers-vote-20-left-0H:2M - stopped
[2025-06-03 11:39:21] Processus mis à jour pour pascale: lively-performers-vote-20-left-0H:2M - stopped
[2025-06-03 11:39:21] Processus supprimé pour pascale: lively-performers-vote-20-left-0H:1M - stopped
[2025-06-03 11:39:21] Processus mis à jour pour pascale: lively-performers-vote-20-left-0H:1M - stopped
[2025-06-03 11:39:21] Processus supprimé pour pascale: happy-hour23-vote-70-left-0H:4M - stopped
[2025-06-03 11:39:21] Processus mis à jour pour pascale: happy-hour23-vote-70-left-0H:4M - stopped
[2025-06-03 11:39:21] Processus supprimé pour pascale: happy-hour23-vote-20-left-0H:3M - stopped
[2025-06-03 11:39:21] Processus mis à jour pour pascale: happy-hour23-vote-20-left-0H:3M - stopped
[2025-06-03 11:39:21] Processus supprimé pour pascale: happy-hour23-vote-20-left-0H:2M - stopped
[2025-06-03 11:39:21] Processus mis à jour pour pascale: happy-hour23-vote-20-left-0H:2M - stopped
[2025-06-03 11:39:21] Processus supprimé pour pascale: happy-hour23-vote-20-left-0H:1M - stopped
[2025-06-03 11:39:21] Processus mis à jour pour pascale: happy-hour23-vote-20-left-0H:1M - stopped
[2025-06-03 11:39:21] Processus supprimé pour pascale: still-life5-vote-100-left-0H:4M - stopped
[2025-06-03 11:39:21] Processus mis à jour pour pascale: still-life5-vote-100-left-0H:4M - stopped
[2025-06-03 11:39:21] Processus supprimé pour pascale: still-life5-vote-50-left-0H:3M - stopped
[2025-06-03 11:39:21] Processus mis à jour pour pascale: still-life5-vote-50-left-0H:3M - stopped
[2025-06-03 11:39:21] Processus supprimé pour pascale: still-life5-vote-50-left-0H:2M - stopped
[2025-06-03 11:39:21] Processus mis à jour pour pascale: still-life5-vote-50-left-0H:2M - stopped
[2025-06-03 11:39:21] Processus supprimé pour pascale: still-life5-vote-50-left-0H:1M - stopped
[2025-06-03 11:39:22] Processus mis à jour pour pascale: still-life5-vote-50-left-0H:1M - stopped
[2025-06-03 11:39:22] Processus supprimé pour pascale: guru-of-the-week36-vote-100-left-0H:4M - stopped
[2025-06-03 11:39:22] Processus mis à jour pour pascale: guru-of-the-week36-vote-100-left-0H:4M - stopped
[2025-06-03 11:39:22] Processus supprimé pour pascale: guru-of-the-week36-vote-50-left-0H:2M - stopped
[2025-06-03 11:39:22] Processus mis à jour pour pascale: guru-of-the-week36-vote-50-left-0H:2M - stopped
[2025-06-03 11:39:22] Processus supprimé pour pascale: guru-of-the-week36-vote-50-left-0H:3M - stopped
[2025-06-03 11:39:22] Processus mis à jour pour pascale: guru-of-the-week36-vote-50-left-0H:3M - stopped
[2025-06-03 11:39:22] Processus supprimé pour pascale: guru-of-the-week36-vote-50-left-0H:1M - stopped
[2025-06-03 11:39:22] Processus mis à jour pour pascale: guru-of-the-week36-vote-50-left-0H:1M - stopped
[2025-06-03 11:39:22] Processus supprimé pour pascale: dramatic-lighting11-vote-100-left-0H:4M - stopped
[2025-06-03 11:39:22] Processus mis à jour pour pascale: dramatic-lighting11-vote-100-left-0H:4M - stopped
[2025-06-03 11:39:22] Processus supprimé pour pascale: dramatic-lighting11-vote-50-left-0H:3M - stopped
[2025-06-03 11:39:22] Processus mis à jour pour pascale: dramatic-lighting11-vote-50-left-0H:3M - stopped
[2025-06-03 11:39:22] Processus supprimé pour pascale: dramatic-lighting11-vote-50-left-0H:2M - stopped
[2025-06-03 11:39:22] Processus mis à jour pour pascale: dramatic-lighting11-vote-50-left-0H:2M - stopped
[2025-06-03 11:39:22] Processus supprimé pour pascale: dramatic-lighting11-vote-50-left-0H:1M - stopped
[2025-06-03 11:39:22] Processus mis à jour pour pascale: dramatic-lighting11-vote-50-left-0H:1M - stopped
[2025-06-03 11:39:22] Arrêt des stratégies pour les challenges sélectionnés:
- Arrêt et suppression du processus pour Photographer of the Week
- Arrêt et suppression du processus pour Photographer of the Week
- Arrêt et suppression du processus pour Photographer of the Week
- Arrêt et suppression du processus pour Photographer of the Week
- Arrêt et suppression du processus pour Best of Black & White
- Arrêt et suppression du processus pour Best of Black & White
- Arrêt et suppression du processus pour Best of Black & White
- Arrêt et suppression du processus pour Best of Black & White
- Arrêt et suppression du processus pour Healthy Living
- Arrêt et suppression du processus pour Healthy Living
- Arrêt et suppression du processus pour Healthy Living
- Arrêt et suppression du processus pour Healthy Living
- Arrêt et suppression du processus pour Landscape Photographer of the Year
- Arrêt et suppression du processus pour Landscape Photographer of the Year
- Arrêt et suppression du processus pour Landscape Photographer of the Year
- Arrêt et suppression du processus pour Landscape Photographer of the Year
- Arrêt et suppression du processus pour Old but Still Working
- Arrêt et suppression du processus pour Old but Still Working
- Arrêt et suppression du processus pour Old but Still Working
- Arrêt et suppression du processus pour Old but Still Working
- Arrêt et suppression du processus pour Lively Performers
- Arrêt et suppression du processus pour Lively Performers
- Arrêt et suppression du processus pour Lively Performers
- Arrêt et suppression du processus pour Lively Performers
- Arrêt et suppression du processus pour Happy Hour
- Arrêt et suppression du processus pour Happy Hour
- Arrêt et suppression du processus pour Happy Hour
- Arrêt et suppression du processus pour Happy Hour
- Arrêt et suppression du processus pour Still Life
- Arrêt et suppression du processus pour Still Life
- Arrêt et suppression du processus pour Still Life
- Arrêt et suppression du processus pour Still Life
- Arrêt et suppression du processus pour Guru of The Week
- Arrêt et suppression du processus pour Guru of The Week
- Arrêt et suppression du processus pour Guru of The Week
- Arrêt et suppression du processus pour Guru of The Week
- Arrêt et suppression du processus pour Dramatic Lighting
- Arrêt et suppression du processus pour Dramatic Lighting
- Arrêt et suppression du processus pour Dramatic Lighting
- Arrêt et suppression du processus pour Dramatic Lighting

[2025-06-03 20:40:03] Désélection de tous les challenges

[2025-06-03 20:40:11] Lancement de la stratégie end4 pour Lively Performers
[2025-06-03 20:40:12] Nouveau processus ajouté pour bruno: lively-performers-vote-70-left-0H:4M - Statut: init
[2025-06-03 20:40:12] Traitement du challenge pour bruno: lively-performers
[2025-06-03 20:40:12] Nouveau processus ajouté pour bruno: lively-performers-vote-20-left-0H:3M - Statut: init
[2025-06-03 20:40:12] Nouveau processus ajouté pour bruno: lively-performers-vote-20-left-0H:2M - Statut: init
[2025-06-03 20:40:12] Traitement du challenge pour bruno: lively-performers
[2025-06-03 20:40:12] Nouveau processus ajouté pour bruno: lively-performers-vote-20-left-0H:1M - Statut: init
[2025-06-03 20:40:13] Traitement du challenge pour bruno: lively-performers
[2025-06-03 20:40:13] Traitement du challenge pour bruno: lively-performers
[2025-06-03 20:40:13] Processus mis à jour pour bruno: lively-performers-vote-70-left-0H:4M - waiting
[2025-06-03 20:40:13] Processus mis à jour pour bruno: lively-performers-vote-20-left-0H:3M - waiting
[2025-06-03 20:40:13] Processus mis à jour pour bruno: lively-performers-vote-20-left-0H:2M - waiting
[2025-06-03 20:40:13] Processus mis à jour pour bruno: lively-performers-vote-20-left-0H:1M - waiting
[2025-06-03 20:40:13] Application des stratégies pour les challenges sélectionnés:
- Lively Performers avec stratégie end4

[2025-06-03 20:54:56] Processus mis à jour pour bruno: lively-performers-vote-70-left-0H:4M - executing
[2025-06-03 20:54:56] Traitement de vote pour Lively Performers
[2025-06-03 20:54:56] Lively Performers get vote panel
[2025-06-03 20:54:57] Processus associé: lively-performers-vote-70-left-0H:4M
[2025-06-03 20:55:19] Récupération des données de vote pour Lively Performers (URL: lively-performers, HEADER:{'User-Agent': 'Mozilla/5.0 (X11; Linux i686; rv:39.0) Gecko/20100101 Firefox/39.0', 'x-api-version': '8', 'x-env': 'WEB', 'X-requested-with': 'XMLHttpRequest', 'X-token': 'a1cad95a6d480c14f51dd0eba4914c8337b893c789ec6278bb440c7c9a673b162f042470c62684e6da2bd342ffea7777'})
[2025-06-03 20:55:24] Récupération des données de vote pour Lively Performers (URL: lively-performers, HEADER:{'User-Agent': 'Mozilla/5.0 (X11; Linux i686; rv:39.0) Gecko/20100101 Firefox/39.0', 'x-api-version': '8', 'x-env': 'WEB', 'X-requested-with': 'XMLHttpRequest', 'X-token': 'a1cad95a6d480c14f51dd0eba4914c8337b893c789ec6278bb440c7c9a673b162f042470c62684e6da2bd342ffea7777'})
[2025-06-03 20:55:24] Récupération des données de vote pour Lively Performers (URL: lively-performers, HEADER:{'User-Agent': 'Mozilla/5.0 (X11; Linux i686; rv:39.0) Gecko/20100101 Firefox/39.0', 'x-api-version': '8', 'x-env': 'WEB', 'X-requested-with': 'XMLHttpRequest', 'X-token': 'a1cad95a6d480c14f51dd0eba4914c8337b893c789ec6278bb440c7c9a673b162f042470c62684e6da2bd342ffea7777'})
[2025-06-03 20:55:24] Récupération des données de vote pour Lively Performers (URL: lively-performers, HEADER:{'User-Agent': 'Mozilla/5.0 (X11; Linux i686; rv:39.0) Gecko/20100101 Firefox/39.0', 'x-api-version': '8', 'x-env': 'WEB', 'X-requested-with': 'XMLHttpRequest', 'X-token': 'a1cad95a6d480c14f51dd0eba4914c8337b893c789ec6278bb440c7c9a673b162f042470c62684e6da2bd342ffea7777'})
[2025-06-03 20:55:24] Récupération des données de vote pour Lively Performers (URL: lively-performers, HEADER:{'User-Agent': 'Mozilla/5.0 (X11; Linux i686; rv:39.0) Gecko/20100101 Firefox/39.0', 'x-api-version': '8', 'x-env': 'WEB', 'X-requested-with': 'XMLHttpRequest', 'X-token': 'a1cad95a6d480c14f51dd0eba4914c8337b893c789ec6278bb440c7c9a673b162f042470c62684e6da2bd342ffea7777'})
[2025-06-03 20:55:24] Récupération des données de vote pour Lively Performers (URL: lively-performers, HEADER:{'User-Agent': 'Mozilla/5.0 (X11; Linux i686; rv:39.0) Gecko/20100101 Firefox/39.0', 'x-api-version': '8', 'x-env': 'WEB', 'X-requested-with': 'XMLHttpRequest', 'X-token': 'a1cad95a6d480c14f51dd0eba4914c8337b893c789ec6278bb440c7c9a673b162f042470c62684e6da2bd342ffea7777'})
[2025-06-03 20:55:24] Récupération des données de vote pour Lively Performers (URL: lively-performers, HEADER:{'User-Agent': 'Mozilla/5.0 (X11; Linux i686; rv:39.0) Gecko/20100101 Firefox/39.0', 'x-api-version': '8', 'x-env': 'WEB', 'X-requested-with': 'XMLHttpRequest', 'X-token': 'a1cad95a6d480c14f51dd0eba4914c8337b893c789ec6278bb440c7c9a673b162f042470c62684e6da2bd342ffea7777'})
[2025-06-03 20:55:26] Récupération réussie: 200 images pour Lively Performers
[2025-06-03 20:55:26] Voting fetching ...
[2025-06-03 20:55:26] Lively Performers voting 10 images
[2025-06-03 20:55:26] Récupération réussie: 200 images pour Lively Performers
[2025-06-03 20:55:26] Voting fetching ...
[2025-06-03 20:55:26] Lively Performers voting 10 images
[2025-06-03 20:55:26] Récupération réussie: 200 images pour Lively Performers
[2025-06-03 20:55:26] Voting fetching ...
[2025-06-03 20:55:26] Lively Performers voting 10 images
[2025-06-03 20:55:26] Récupération réussie: 200 images pour Lively Performers
[2025-06-03 20:55:26] Voting fetching ...
[2025-06-03 20:55:26] Lively Performers voting 10 images
[2025-06-03 20:55:26] Récupération réussie: 200 images pour Lively Performers
[2025-06-03 20:55:26] Voting fetching ...
[2025-06-03 20:55:26] Lively Performers voting 10 images
[2025-06-03 20:55:26] Récupération réussie: 200 images pour Lively Performers
[2025-06-03 20:55:26] Voting fetching ...
[2025-06-03 20:55:26] Lively Performers voting 10 images
[2025-06-03 20:55:27] Récupération réussie: 200 images pour Lively Performers
[2025-06-03 20:55:27] Voting fetching ...
[2025-06-03 20:55:27] Lively Performers voting 10 images
[2025-06-03 20:55:27] Lively Performers voted successfully
[2025-06-03 20:55:27] Processus supprimé pour bruno: lively-performers-vote-70-left-0H:4M - success
[2025-06-03 20:55:27] Processus mis à jour pour bruno: lively-performers-vote-70-left-0H:4M - success
[2025-06-03 20:55:27] Processus lively-performers-vote-70-left-0H:4M terminé avec succès (profil: bruno)
[2025-06-03 20:55:29] Lively Performers voted successfully
[2025-06-03 20:55:32] Lively Performers voted successfully
[2025-06-03 20:55:34] Lively Performers voted successfully
[2025-06-03 20:55:36] Lively Performers voted successfully
[2025-06-03 20:55:42] Lively Performers voted successfully
[2025-06-03 20:55:52] Lively Performers voted successfully
[2025-06-03 20:55:55] Challenges fetching ...
[2025-06-03 20:55:55] Challenges fetched successfully for bruno!
[2025-06-03 20:55:55] Challenges fetching ...
[2025-06-03 20:55:55] Challenges fetched successfully for bruno!
[2025-06-03 20:55:55] Challenges fetching ...
[2025-06-03 20:55:55] Challenges fetched successfully for bruno!
[2025-06-03 20:55:56] Challenges fetching ...
[2025-06-03 20:55:56] Challenges fetched successfully for bruno!
[2025-06-03 20:55:56] Challenges fetching ...
[2025-06-03 20:55:56] Challenges fetched successfully for bruno!
[2025-06-03 20:55:56] Challenges fetching ...
[2025-06-03 20:55:56] Challenges fetched successfully for bruno!
[2025-06-03 20:55:56] Challenges fetching ...
[2025-06-03 20:55:56] Challenges fetched successfully for bruno!
[2025-06-03 20:56:01] Processus mis à jour pour bruno: lively-performers-vote-20-left-0H:3M - executing
[2025-06-03 20:56:01] Traitement de vote pour Lively Performers
[2025-06-03 20:56:01] Lively Performers get vote panel
[2025-06-03 20:56:01] Processus associé: lively-performers-vote-20-left-0H:3M
[2025-06-03 20:56:07] Récupération des données de vote pour Lively Performers (URL: lively-performers, HEADER:{'User-Agent': 'Mozilla/5.0 (X11; Linux i686; rv:39.0) Gecko/20100101 Firefox/39.0', 'x-api-version': '8', 'x-env': 'WEB', 'X-requested-with': 'XMLHttpRequest', 'X-token': 'a1cad95a6d480c14f51dd0eba4914c8337b893c789ec6278bb440c7c9a673b162f042470c62684e6da2bd342ffea7777'})
[2025-06-03 20:56:07] Récupération des données de vote pour Lively Performers (URL: lively-performers, HEADER:{'User-Agent': 'Mozilla/5.0 (X11; Linux i686; rv:39.0) Gecko/20100101 Firefox/39.0', 'x-api-version': '8', 'x-env': 'WEB', 'X-requested-with': 'XMLHttpRequest', 'X-token': 'a1cad95a6d480c14f51dd0eba4914c8337b893c789ec6278bb440c7c9a673b162f042470c62684e6da2bd342ffea7777'})
[2025-06-03 20:56:08] Récupération réussie: 200 images pour Lively Performers
[2025-06-03 20:56:08] Voting fetching ...
[2025-06-03 20:56:08] Lively Performers voting 10 images
[2025-06-03 20:56:08] Récupération réussie: 200 images pour Lively Performers
[2025-06-03 20:56:08] Voting fetching ...
[2025-06-03 20:56:08] Lively Performers voting 10 images
[2025-06-03 20:56:09] Lively Performers voted successfully
[2025-06-03 20:56:09] Processus supprimé pour bruno: lively-performers-vote-20-left-0H:3M - success
[2025-06-03 20:56:09] Processus mis à jour pour bruno: lively-performers-vote-20-left-0H:3M - success
[2025-06-03 20:56:09] Processus lively-performers-vote-20-left-0H:3M terminé avec succès (profil: bruno)
[2025-06-03 20:56:11] Lively Performers voted successfully
[2025-06-03 20:56:24] Challenges fetching ...
[2025-06-03 20:56:24] Challenges fetched successfully for bruno!
[2025-06-03 20:56:24] Challenges fetching ...
[2025-06-03 20:56:24] Challenges fetched successfully for bruno!
[2025-06-03 20:57:05] Processus mis à jour pour bruno: lively-performers-vote-20-left-0H:2M - executing
[2025-06-03 20:57:05] Traitement de vote pour Lively Performers
[2025-06-03 20:57:05] Lively Performers get vote panel
[2025-06-03 20:57:05] Processus associé: lively-performers-vote-20-left-0H:2M
[2025-06-03 20:57:11] Récupération des données de vote pour Lively Performers (URL: lively-performers, HEADER:{'User-Agent': 'Mozilla/5.0 (X11; Linux i686; rv:39.0) Gecko/20100101 Firefox/39.0', 'x-api-version': '8', 'x-env': 'WEB', 'X-requested-with': 'XMLHttpRequest', 'X-token': 'a1cad95a6d480c14f51dd0eba4914c8337b893c789ec6278bb440c7c9a673b162f042470c62684e6da2bd342ffea7777'})
[2025-06-03 20:57:11] Récupération des données de vote pour Lively Performers (URL: lively-performers, HEADER:{'User-Agent': 'Mozilla/5.0 (X11; Linux i686; rv:39.0) Gecko/20100101 Firefox/39.0', 'x-api-version': '8', 'x-env': 'WEB', 'X-requested-with': 'XMLHttpRequest', 'X-token': 'a1cad95a6d480c14f51dd0eba4914c8337b893c789ec6278bb440c7c9a673b162f042470c62684e6da2bd342ffea7777'})
[2025-06-03 20:57:12] Récupération réussie: 200 images pour Lively Performers
[2025-06-03 20:57:12] Voting fetching ...
[2025-06-03 20:57:12] Lively Performers voting 10 images
[2025-06-03 20:57:12] Récupération réussie: 200 images pour Lively Performers
[2025-06-03 20:57:12] Voting fetching ...
[2025-06-03 20:57:12] Lively Performers voting 10 images
[2025-06-03 20:57:13] Lively Performers voted successfully
[2025-06-03 20:57:13] Processus supprimé pour bruno: lively-performers-vote-20-left-0H:2M - success
[2025-06-03 20:57:13] Processus mis à jour pour bruno: lively-performers-vote-20-left-0H:2M - success
[2025-06-03 20:57:13] Processus lively-performers-vote-20-left-0H:2M terminé avec succès (profil: bruno)
[2025-06-03 20:57:22] Lively Performers voted successfully
[2025-06-03 20:57:25] Challenges fetching ...
[2025-06-03 20:57:25] Challenges fetched successfully for bruno!
[2025-06-03 20:57:25] Challenges fetching ...
[2025-06-03 20:57:25] Challenges fetched successfully for bruno!
[2025-06-03 20:57:53] Processus mis à jour pour bruno: lively-performers-vote-20-left-0H:1M - executing
[2025-06-03 20:57:53] Traitement de vote pour Lively Performers
[2025-06-03 20:57:53] Lively Performers get vote panel
[2025-06-03 20:57:53] Processus associé: lively-performers-vote-20-left-0H:1M
[2025-06-03 20:58:04] Récupération des données de vote pour Lively Performers (URL: lively-performers, HEADER:{'User-Agent': 'Mozilla/5.0 (X11; Linux i686; rv:39.0) Gecko/20100101 Firefox/39.0', 'x-api-version': '8', 'x-env': 'WEB', 'X-requested-with': 'XMLHttpRequest', 'X-token': 'a1cad95a6d480c14f51dd0eba4914c8337b893c789ec6278bb440c7c9a673b162f042470c62684e6da2bd342ffea7777'})
[2025-06-03 20:58:04] Récupération des données de vote pour Lively Performers (URL: lively-performers, HEADER:{'User-Agent': 'Mozilla/5.0 (X11; Linux i686; rv:39.0) Gecko/20100101 Firefox/39.0', 'x-api-version': '8', 'x-env': 'WEB', 'X-requested-with': 'XMLHttpRequest', 'X-token': 'a1cad95a6d480c14f51dd0eba4914c8337b893c789ec6278bb440c7c9a673b162f042470c62684e6da2bd342ffea7777'})
[2025-06-03 20:58:05] Récupération réussie: 200 images pour Lively Performers
[2025-06-03 20:58:05] Voting fetching ...
[2025-06-03 20:58:05] Lively Performers voting 10 images
[2025-06-03 20:58:05] Récupération réussie: 200 images pour Lively Performers
[2025-06-03 20:58:05] Voting fetching ...
[2025-06-03 20:58:05] Lively Performers voting 10 images
[2025-06-03 20:58:06] Lively Performers voted successfully
[2025-06-03 20:58:06] Processus supprimé pour bruno: lively-performers-vote-20-left-0H:1M - success
[2025-06-03 20:58:06] Processus mis à jour pour bruno: lively-performers-vote-20-left-0H:1M - success
[2025-06-03 20:58:06] Processus lively-performers-vote-20-left-0H:1M terminé avec succès (profil: bruno)
[2025-06-03 20:58:08] Lively Performers voted successfully
[2025-06-03 20:58:11] Challenges fetching ...
[2025-06-03 20:58:11] Challenges fetched successfully for bruno!
[2025-06-03 20:58:11] Challenges fetching ...
[2025-06-03 20:58:12] Challenges fetched successfully for bruno!
[2025-06-03 21:44:37] Fetching challenges...
[2025-06-03 21:44:38] Challenges fetching ...
[2025-06-03 21:44:38] Lancement automatique des stratégies de fin pour 7 nouveaux challenges...
[2025-06-03 21:44:38] Nouveau challenge détecté pour bruno: Artworks on Walls
[2025-06-03 21:44:38] Nouveau challenge détecté pour bruno: Photo of the Week!
[2025-06-03 21:44:38] Nouveau challenge détecté pour bruno: Incredible Skies
[2025-06-03 21:44:38] Nouveau challenge détecté pour bruno: Feeling Down
[2025-06-03 21:44:38] Nouveau challenge détecté pour bruno: Artistic Still Life
[2025-06-03 21:44:38] Nouveau challenge détecté pour bruno: Joined Together
[2025-06-03 21:44:38] Nouveau challenge détecté pour bruno: Buildings Next To Water
[2025-06-03 21:44:38] Challenges fetched successfully for bruno!
[2025-06-03 21:44:53] Artistic Still Life get vote panel
[2025-06-03 21:45:14] Filling challenges: {101557}
Filled Artistic Still Life with strategy end4

[2025-06-03 21:45:14] Récupération des données de vote pour Artistic Still Life (URL: artistic-still-life5, HEADER:{'User-Agent': 'Mozilla/5.0 (X11; Linux i686; rv:39.0) Gecko/20100101 Firefox/39.0', 'x-api-version': '8', 'x-env': 'WEB', 'X-requested-with': 'XMLHttpRequest', 'X-token': 'a1cad95a6d480c14f51dd0eba4914c8337b893c789ec6278bb440c7c9a673b162f042470c62684e6da2bd342ffea7777'})
[2025-06-03 21:45:14] Récupération des données de vote pour Artistic Still Life (URL: artistic-still-life5, HEADER:{'User-Agent': 'Mozilla/5.0 (X11; Linux i686; rv:39.0) Gecko/20100101 Firefox/39.0', 'x-api-version': '8', 'x-env': 'WEB', 'X-requested-with': 'XMLHttpRequest', 'X-token': 'a1cad95a6d480c14f51dd0eba4914c8337b893c789ec6278bb440c7c9a673b162f042470c62684e6da2bd342ffea7777'})
[2025-06-03 21:45:14] Récupération des données de vote pour Artistic Still Life (URL: artistic-still-life5, HEADER:{'User-Agent': 'Mozilla/5.0 (X11; Linux i686; rv:39.0) Gecko/20100101 Firefox/39.0', 'x-api-version': '8', 'x-env': 'WEB', 'X-requested-with': 'XMLHttpRequest', 'X-token': 'a1cad95a6d480c14f51dd0eba4914c8337b893c789ec6278bb440c7c9a673b162f042470c62684e6da2bd342ffea7777'})
[2025-06-03 21:45:14] Récupération des données de vote pour Artistic Still Life (URL: artistic-still-life5, HEADER:{'User-Agent': 'Mozilla/5.0 (X11; Linux i686; rv:39.0) Gecko/20100101 Firefox/39.0', 'x-api-version': '8', 'x-env': 'WEB', 'X-requested-with': 'XMLHttpRequest', 'X-token': 'a1cad95a6d480c14f51dd0eba4914c8337b893c789ec6278bb440c7c9a673b162f042470c62684e6da2bd342ffea7777'})
[2025-06-03 21:45:14] Récupération des données de vote pour Artistic Still Life (URL: artistic-still-life5, HEADER:{'User-Agent': 'Mozilla/5.0 (X11; Linux i686; rv:39.0) Gecko/20100101 Firefox/39.0', 'x-api-version': '8', 'x-env': 'WEB', 'X-requested-with': 'XMLHttpRequest', 'X-token': 'a1cad95a6d480c14f51dd0eba4914c8337b893c789ec6278bb440c7c9a673b162f042470c62684e6da2bd342ffea7777'})
[2025-06-03 21:45:14] Récupération des données de vote pour Artistic Still Life (URL: artistic-still-life5, HEADER:{'User-Agent': 'Mozilla/5.0 (X11; Linux i686; rv:39.0) Gecko/20100101 Firefox/39.0', 'x-api-version': '8', 'x-env': 'WEB', 'X-requested-with': 'XMLHttpRequest', 'X-token': 'a1cad95a6d480c14f51dd0eba4914c8337b893c789ec6278bb440c7c9a673b162f042470c62684e6da2bd342ffea7777'})
[2025-06-03 21:45:14] Récupération des données de vote pour Artistic Still Life (URL: artistic-still-life5, HEADER:{'User-Agent': 'Mozilla/5.0 (X11; Linux i686; rv:39.0) Gecko/20100101 Firefox/39.0', 'x-api-version': '8', 'x-env': 'WEB', 'X-requested-with': 'XMLHttpRequest', 'X-token': 'a1cad95a6d480c14f51dd0eba4914c8337b893c789ec6278bb440c7c9a673b162f042470c62684e6da2bd342ffea7777'})
[2025-06-03 21:45:15] Récupération réussie: 200 images pour Artistic Still Life
[2025-06-03 21:45:15] Voting fetching ...
[2025-06-03 21:45:15] Artistic Still Life voting 10 images
[2025-06-03 21:45:15] Récupération réussie: 200 images pour Artistic Still Life
[2025-06-03 21:45:15] Voting fetching ...
[2025-06-03 21:45:15] Artistic Still Life voting 10 images
[2025-06-03 21:45:15] Récupération réussie: 200 images pour Artistic Still Life
[2025-06-03 21:45:15] Voting fetching ...
[2025-06-03 21:45:15] Artistic Still Life voting 10 images
[2025-06-03 21:45:15] Récupération réussie: 200 images pour Artistic Still Life
[2025-06-03 21:45:15] Voting fetching ...
[2025-06-03 21:45:15] Artistic Still Life voting 10 images
[2025-06-03 21:45:15] Récupération réussie: 200 images pour Artistic Still Life
[2025-06-03 21:45:15] Voting fetching ...
[2025-06-03 21:45:15] Artistic Still Life voting 10 images
[2025-06-03 21:45:15] Récupération réussie: 200 images pour Artistic Still Life
[2025-06-03 21:45:15] Voting fetching ...
[2025-06-03 21:45:15] Artistic Still Life voting 10 images
[2025-06-03 21:45:15] Récupération réussie: 200 images pour Artistic Still Life
[2025-06-03 21:45:15] Voting fetching ...
[2025-06-03 21:45:15] Artistic Still Life voting 10 images
[2025-06-03 21:45:16] Artistic Still Life voted successfully
[2025-06-03 21:45:18] Artistic Still Life voted successfully
[2025-06-03 21:45:20] Artistic Still Life voted successfully
[2025-06-03 21:45:22] Artistic Still Life voted successfully
[2025-06-03 21:45:24] Artistic Still Life voted successfully
[2025-06-03 21:45:26] Artistic Still Life voted successfully
[2025-06-03 21:45:28] Artistic Still Life voted successfully
[2025-06-03 21:45:31] Challenges fetching ...
[2025-06-03 21:45:31] Challenges fetched successfully for bruno!
[2025-06-03 21:45:31] Challenges fetching ...
[2025-06-03 21:45:31] Challenges fetched successfully for bruno!
[2025-06-03 21:45:31] Challenges fetching ...
[2025-06-03 21:45:31] Challenges fetched successfully for bruno!
[2025-06-03 21:45:31] Challenges fetching ...
[2025-06-03 21:45:31] Challenges fetched successfully for bruno!
[2025-06-03 21:45:31] Challenges fetching ...
[2025-06-03 21:45:31] Challenges fetched successfully for bruno!
[2025-06-03 21:45:31] Challenges fetching ...
[2025-06-03 21:45:31] Challenges fetched successfully for bruno!
[2025-06-03 21:45:31] Challenges fetching ...
[2025-06-03 21:45:31] Challenges fetched successfully for bruno!
[2025-06-03 21:45:36] Lancement de la stratégie end4 pour Incredible Skies
[2025-06-03 21:45:36] Nouveau processus ajouté pour bruno: incredible-skies-vote-70-left-0H:4M - Statut: init
[2025-06-03 21:45:36] Traitement du challenge pour bruno: incredible-skies
[2025-06-03 21:45:36] Processus mis à jour pour bruno: incredible-skies-vote-70-left-0H:4M - waiting
[2025-06-03 21:45:36] Nouveau processus ajouté pour bruno: incredible-skies-vote-20-left-0H:3M - Statut: init
[2025-06-03 21:45:36] Traitement du challenge pour bruno: incredible-skies
[2025-06-03 21:45:36] Nouveau processus ajouté pour bruno: incredible-skies-vote-20-left-0H:2M - Statut: init
[2025-06-03 21:45:36] Traitement du challenge pour bruno: incredible-skies
[2025-06-03 21:45:36] Processus mis à jour pour bruno: incredible-skies-vote-20-left-0H:3M - waiting
[2025-06-03 21:45:36] Nouveau processus ajouté pour bruno: incredible-skies-vote-20-left-0H:1M - Statut: init
[2025-06-03 21:45:36] Traitement du challenge pour bruno: incredible-skies
[2025-06-03 21:45:36] Processus mis à jour pour bruno: incredible-skies-vote-20-left-0H:2M - waiting
[2025-06-03 21:45:36] Processus mis à jour pour bruno: incredible-skies-vote-20-left-0H:1M - waiting
[2025-06-03 21:45:36] Application des stratégies pour les challenges sélectionnés:
- Incredible Skies avec stratégie end4

[2025-06-03 21:45:46] Incredible Skies get vote panel
[2025-06-03 21:46:07] Filling challenges: {101551}
Filled Incredible Skies with strategy end4

[2025-06-03 21:46:07] Récupération des données de vote pour Incredible Skies (URL: incredible-skies, HEADER:{'User-Agent': 'Mozilla/5.0 (X11; Linux i686; rv:39.0) Gecko/20100101 Firefox/39.0', 'x-api-version': '8', 'x-env': 'WEB', 'X-requested-with': 'XMLHttpRequest', 'X-token': 'a1cad95a6d480c14f51dd0eba4914c8337b893c789ec6278bb440c7c9a673b162f042470c62684e6da2bd342ffea7777'})
[2025-06-03 21:46:07] Récupération des données de vote pour Incredible Skies (URL: incredible-skies, HEADER:{'User-Agent': 'Mozilla/5.0 (X11; Linux i686; rv:39.0) Gecko/20100101 Firefox/39.0', 'x-api-version': '8', 'x-env': 'WEB', 'X-requested-with': 'XMLHttpRequest', 'X-token': 'a1cad95a6d480c14f51dd0eba4914c8337b893c789ec6278bb440c7c9a673b162f042470c62684e6da2bd342ffea7777'})
[2025-06-03 21:46:07] Récupération des données de vote pour Incredible Skies (URL: incredible-skies, HEADER:{'User-Agent': 'Mozilla/5.0 (X11; Linux i686; rv:39.0) Gecko/20100101 Firefox/39.0', 'x-api-version': '8', 'x-env': 'WEB', 'X-requested-with': 'XMLHttpRequest', 'X-token': 'a1cad95a6d480c14f51dd0eba4914c8337b893c789ec6278bb440c7c9a673b162f042470c62684e6da2bd342ffea7777'})
[2025-06-03 21:46:07] Récupération des données de vote pour Incredible Skies (URL: incredible-skies, HEADER:{'User-Agent': 'Mozilla/5.0 (X11; Linux i686; rv:39.0) Gecko/20100101 Firefox/39.0', 'x-api-version': '8', 'x-env': 'WEB', 'X-requested-with': 'XMLHttpRequest', 'X-token': 'a1cad95a6d480c14f51dd0eba4914c8337b893c789ec6278bb440c7c9a673b162f042470c62684e6da2bd342ffea7777'})
[2025-06-03 21:46:07] Récupération des données de vote pour Incredible Skies (URL: incredible-skies, HEADER:{'User-Agent': 'Mozilla/5.0 (X11; Linux i686; rv:39.0) Gecko/20100101 Firefox/39.0', 'x-api-version': '8', 'x-env': 'WEB', 'X-requested-with': 'XMLHttpRequest', 'X-token': 'a1cad95a6d480c14f51dd0eba4914c8337b893c789ec6278bb440c7c9a673b162f042470c62684e6da2bd342ffea7777'})
[2025-06-03 21:46:07] Récupération des données de vote pour Incredible Skies (URL: incredible-skies, HEADER:{'User-Agent': 'Mozilla/5.0 (X11; Linux i686; rv:39.0) Gecko/20100101 Firefox/39.0', 'x-api-version': '8', 'x-env': 'WEB', 'X-requested-with': 'XMLHttpRequest', 'X-token': 'a1cad95a6d480c14f51dd0eba4914c8337b893c789ec6278bb440c7c9a673b162f042470c62684e6da2bd342ffea7777'})
[2025-06-03 21:46:07] Récupération des données de vote pour Incredible Skies (URL: incredible-skies, HEADER:{'User-Agent': 'Mozilla/5.0 (X11; Linux i686; rv:39.0) Gecko/20100101 Firefox/39.0', 'x-api-version': '8', 'x-env': 'WEB', 'X-requested-with': 'XMLHttpRequest', 'X-token': 'a1cad95a6d480c14f51dd0eba4914c8337b893c789ec6278bb440c7c9a673b162f042470c62684e6da2bd342ffea7777'})
[2025-06-03 21:46:08] Récupération réussie: 200 images pour Incredible Skies
[2025-06-03 21:46:08] Voting fetching ...
[2025-06-03 21:46:08] Incredible Skies voting 10 images
[2025-06-03 21:46:08] Récupération réussie: 200 images pour Incredible Skies
[2025-06-03 21:46:08] Voting fetching ...
[2025-06-03 21:46:08] Incredible Skies voting 10 images
[2025-06-03 21:46:08] Récupération réussie: 200 images pour Incredible Skies
[2025-06-03 21:46:08] Voting fetching ...
[2025-06-03 21:46:08] Incredible Skies voting 10 images
[2025-06-03 21:46:08] Récupération réussie: 200 images pour Incredible Skies
[2025-06-03 21:46:08] Voting fetching ...
[2025-06-03 21:46:08] Incredible Skies voting 10 images
[2025-06-03 21:46:08] Récupération réussie: 200 images pour Incredible Skies
[2025-06-03 21:46:08] Voting fetching ...
[2025-06-03 21:46:08] Incredible Skies voting 10 images
[2025-06-03 21:46:08] Récupération réussie: 200 images pour Incredible Skies
[2025-06-03 21:46:08] Voting fetching ...
[2025-06-03 21:46:08] Incredible Skies voting 10 images
[2025-06-03 21:46:08] Récupération réussie: 200 images pour Incredible Skies
[2025-06-03 21:46:08] Voting fetching ...
[2025-06-03 21:46:08] Incredible Skies voting 10 images
[2025-06-03 21:46:09] Incredible Skies voted successfully
[2025-06-03 21:46:11] Incredible Skies voted successfully
[2025-06-03 21:46:13] Incredible Skies voted successfully
[2025-06-03 21:46:15] Incredible Skies voted successfully
[2025-06-03 21:46:17] Incredible Skies voted successfully
[2025-06-03 21:46:19] Incredible Skies voted successfully
[2025-06-03 21:46:21] Incredible Skies voted successfully
[2025-06-03 21:46:24] Challenges fetching ...
[2025-06-03 21:46:24] Challenges fetched successfully for bruno!
[2025-06-03 21:46:24] Challenges fetching ...
[2025-06-03 21:46:24] Challenges fetched successfully for bruno!
[2025-06-03 21:46:24] Challenges fetching ...
[2025-06-03 21:46:24] Challenges fetched successfully for bruno!
[2025-06-03 21:46:24] Challenges fetching ...
[2025-06-03 21:46:24] Challenges fetched successfully for bruno!
[2025-06-03 21:46:24] Challenges fetching ...
[2025-06-03 21:46:24] Challenges fetched successfully for bruno!
[2025-06-03 21:46:24] Challenges fetching ...
[2025-06-03 21:46:24] Challenges fetched successfully for bruno!
[2025-06-03 21:46:24] Challenges fetching ...
[2025-06-03 21:46:24] Challenges fetched successfully for bruno!
[2025-06-03 22:36:02] Sélection de tous les challenges

[2025-06-03 22:36:16] Artworks on Walls get vote panel
[2025-06-03 22:36:37] Joined Together get vote panel
[2025-06-03 22:36:58] Incredible Skies get vote panel
[2025-06-03 22:37:19] Feeling Down get vote panel
[2025-06-03 22:37:40] Buildings Next To Water get vote panel
[2025-06-03 22:38:01] Photo of the Week! get vote panel
[2025-06-03 22:38:22] Filling challenges: {101568, 101570, 101551, 101560, 101563, 101790}
Filled Artworks on Walls with strategy end4
Filled Joined Together with strategy end4
Filled Incredible Skies with strategy end4
Filled Feeling Down with strategy end4
Filled Buildings Next To Water with strategy end4
Filled Photo of the Week! with strategy end4

[2025-06-03 22:38:22] Récupération des données de vote pour Artworks on Walls (URL: artworks-on-walls, HEADER:{'User-Agent': 'Mozilla/5.0 (X11; Linux i686; rv:39.0) Gecko/20100101 Firefox/39.0', 'x-api-version': '8', 'x-env': 'WEB', 'X-requested-with': 'XMLHttpRequest', 'X-token': 'a1cad95a6d480c14f51dd0eba4914c8337b893c789ec6278bb440c7c9a673b162f042470c62684e6da2bd342ffea7777'})
[2025-06-03 22:38:22] Récupération des données de vote pour Artworks on Walls (URL: artworks-on-walls, HEADER:{'User-Agent': 'Mozilla/5.0 (X11; Linux i686; rv:39.0) Gecko/20100101 Firefox/39.0', 'x-api-version': '8', 'x-env': 'WEB', 'X-requested-with': 'XMLHttpRequest', 'X-token': 'a1cad95a6d480c14f51dd0eba4914c8337b893c789ec6278bb440c7c9a673b162f042470c62684e6da2bd342ffea7777'})
[2025-06-03 22:38:22] Récupération des données de vote pour Artworks on Walls (URL: artworks-on-walls, HEADER:{'User-Agent': 'Mozilla/5.0 (X11; Linux i686; rv:39.0) Gecko/20100101 Firefox/39.0', 'x-api-version': '8', 'x-env': 'WEB', 'X-requested-with': 'XMLHttpRequest', 'X-token': 'a1cad95a6d480c14f51dd0eba4914c8337b893c789ec6278bb440c7c9a673b162f042470c62684e6da2bd342ffea7777'})
[2025-06-03 22:38:22] Récupération des données de vote pour Artworks on Walls (URL: artworks-on-walls, HEADER:{'User-Agent': 'Mozilla/5.0 (X11; Linux i686; rv:39.0) Gecko/20100101 Firefox/39.0', 'x-api-version': '8', 'x-env': 'WEB', 'X-requested-with': 'XMLHttpRequest', 'X-token': 'a1cad95a6d480c14f51dd0eba4914c8337b893c789ec6278bb440c7c9a673b162f042470c62684e6da2bd342ffea7777'})
[2025-06-03 22:38:22] Récupération des données de vote pour Artworks on Walls (URL: artworks-on-walls, HEADER:{'User-Agent': 'Mozilla/5.0 (X11; Linux i686; rv:39.0) Gecko/20100101 Firefox/39.0', 'x-api-version': '8', 'x-env': 'WEB', 'X-requested-with': 'XMLHttpRequest', 'X-token': 'a1cad95a6d480c14f51dd0eba4914c8337b893c789ec6278bb440c7c9a673b162f042470c62684e6da2bd342ffea7777'})
[2025-06-03 22:38:22] Récupération des données de vote pour Artworks on Walls (URL: artworks-on-walls, HEADER:{'User-Agent': 'Mozilla/5.0 (X11; Linux i686; rv:39.0) Gecko/20100101 Firefox/39.0', 'x-api-version': '8', 'x-env': 'WEB', 'X-requested-with': 'XMLHttpRequest', 'X-token': 'a1cad95a6d480c14f51dd0eba4914c8337b893c789ec6278bb440c7c9a673b162f042470c62684e6da2bd342ffea7777'})
[2025-06-03 22:38:22] Récupération des données de vote pour Artworks on Walls (URL: artworks-on-walls, HEADER:{'User-Agent': 'Mozilla/5.0 (X11; Linux i686; rv:39.0) Gecko/20100101 Firefox/39.0', 'x-api-version': '8', 'x-env': 'WEB', 'X-requested-with': 'XMLHttpRequest', 'X-token': 'a1cad95a6d480c14f51dd0eba4914c8337b893c789ec6278bb440c7c9a673b162f042470c62684e6da2bd342ffea7777'})
[2025-06-03 22:38:22] Récupération des données de vote pour Joined Together (URL: joined-together1, HEADER:{'User-Agent': 'Mozilla/5.0 (X11; Linux i686; rv:39.0) Gecko/20100101 Firefox/39.0', 'x-api-version': '8', 'x-env': 'WEB', 'X-requested-with': 'XMLHttpRequest', 'X-token': 'a1cad95a6d480c14f51dd0eba4914c8337b893c789ec6278bb440c7c9a673b162f042470c62684e6da2bd342ffea7777'})
[2025-06-03 22:38:22] Récupération des données de vote pour Joined Together (URL: joined-together1, HEADER:{'User-Agent': 'Mozilla/5.0 (X11; Linux i686; rv:39.0) Gecko/20100101 Firefox/39.0', 'x-api-version': '8', 'x-env': 'WEB', 'X-requested-with': 'XMLHttpRequest', 'X-token': 'a1cad95a6d480c14f51dd0eba4914c8337b893c789ec6278bb440c7c9a673b162f042470c62684e6da2bd342ffea7777'})
[2025-06-03 22:38:22] Récupération des données de vote pour Joined Together (URL: joined-together1, HEADER:{'User-Agent': 'Mozilla/5.0 (X11; Linux i686; rv:39.0) Gecko/20100101 Firefox/39.0', 'x-api-version': '8', 'x-env': 'WEB', 'X-requested-with': 'XMLHttpRequest', 'X-token': 'a1cad95a6d480c14f51dd0eba4914c8337b893c789ec6278bb440c7c9a673b162f042470c62684e6da2bd342ffea7777'})
[2025-06-03 22:38:22] Récupération des données de vote pour Joined Together (URL: joined-together1, HEADER:{'User-Agent': 'Mozilla/5.0 (X11; Linux i686; rv:39.0) Gecko/20100101 Firefox/39.0', 'x-api-version': '8', 'x-env': 'WEB', 'X-requested-with': 'XMLHttpRequest', 'X-token': 'a1cad95a6d480c14f51dd0eba4914c8337b893c789ec6278bb440c7c9a673b162f042470c62684e6da2bd342ffea7777'})
[2025-06-03 22:38:22] Récupération des données de vote pour Joined Together (URL: joined-together1, HEADER:{'User-Agent': 'Mozilla/5.0 (X11; Linux i686; rv:39.0) Gecko/20100101 Firefox/39.0', 'x-api-version': '8', 'x-env': 'WEB', 'X-requested-with': 'XMLHttpRequest', 'X-token': 'a1cad95a6d480c14f51dd0eba4914c8337b893c789ec6278bb440c7c9a673b162f042470c62684e6da2bd342ffea7777'})
[2025-06-03 22:38:22] Récupération des données de vote pour Joined Together (URL: joined-together1, HEADER:{'User-Agent': 'Mozilla/5.0 (X11; Linux i686; rv:39.0) Gecko/20100101 Firefox/39.0', 'x-api-version': '8', 'x-env': 'WEB', 'X-requested-with': 'XMLHttpRequest', 'X-token': 'a1cad95a6d480c14f51dd0eba4914c8337b893c789ec6278bb440c7c9a673b162f042470c62684e6da2bd342ffea7777'})
[2025-06-03 22:38:22] Récupération des données de vote pour Joined Together (URL: joined-together1, HEADER:{'User-Agent': 'Mozilla/5.0 (X11; Linux i686; rv:39.0) Gecko/20100101 Firefox/39.0', 'x-api-version': '8', 'x-env': 'WEB', 'X-requested-with': 'XMLHttpRequest', 'X-token': 'a1cad95a6d480c14f51dd0eba4914c8337b893c789ec6278bb440c7c9a673b162f042470c62684e6da2bd342ffea7777'})
[2025-06-03 22:38:22] Récupération des données de vote pour Incredible Skies (URL: incredible-skies, HEADER:{'User-Agent': 'Mozilla/5.0 (X11; Linux i686; rv:39.0) Gecko/20100101 Firefox/39.0', 'x-api-version': '8', 'x-env': 'WEB', 'X-requested-with': 'XMLHttpRequest', 'X-token': 'a1cad95a6d480c14f51dd0eba4914c8337b893c789ec6278bb440c7c9a673b162f042470c62684e6da2bd342ffea7777'})
[2025-06-03 22:38:22] Récupération des données de vote pour Incredible Skies (URL: incredible-skies, HEADER:{'User-Agent': 'Mozilla/5.0 (X11; Linux i686; rv:39.0) Gecko/20100101 Firefox/39.0', 'x-api-version': '8', 'x-env': 'WEB', 'X-requested-with': 'XMLHttpRequest', 'X-token': 'a1cad95a6d480c14f51dd0eba4914c8337b893c789ec6278bb440c7c9a673b162f042470c62684e6da2bd342ffea7777'})
[2025-06-03 22:38:22] Récupération des données de vote pour Incredible Skies (URL: incredible-skies, HEADER:{'User-Agent': 'Mozilla/5.0 (X11; Linux i686; rv:39.0) Gecko/20100101 Firefox/39.0', 'x-api-version': '8', 'x-env': 'WEB', 'X-requested-with': 'XMLHttpRequest', 'X-token': 'a1cad95a6d480c14f51dd0eba4914c8337b893c789ec6278bb440c7c9a673b162f042470c62684e6da2bd342ffea7777'})
[2025-06-03 22:38:22] Récupération des données de vote pour Incredible Skies (URL: incredible-skies, HEADER:{'User-Agent': 'Mozilla/5.0 (X11; Linux i686; rv:39.0) Gecko/20100101 Firefox/39.0', 'x-api-version': '8', 'x-env': 'WEB', 'X-requested-with': 'XMLHttpRequest', 'X-token': 'a1cad95a6d480c14f51dd0eba4914c8337b893c789ec6278bb440c7c9a673b162f042470c62684e6da2bd342ffea7777'})
[2025-06-03 22:38:22] Récupération des données de vote pour Incredible Skies (URL: incredible-skies, HEADER:{'User-Agent': 'Mozilla/5.0 (X11; Linux i686; rv:39.0) Gecko/20100101 Firefox/39.0', 'x-api-version': '8', 'x-env': 'WEB', 'X-requested-with': 'XMLHttpRequest', 'X-token': 'a1cad95a6d480c14f51dd0eba4914c8337b893c789ec6278bb440c7c9a673b162f042470c62684e6da2bd342ffea7777'})
[2025-06-03 22:38:22] Récupération des données de vote pour Incredible Skies (URL: incredible-skies, HEADER:{'User-Agent': 'Mozilla/5.0 (X11; Linux i686; rv:39.0) Gecko/20100101 Firefox/39.0', 'x-api-version': '8', 'x-env': 'WEB', 'X-requested-with': 'XMLHttpRequest', 'X-token': 'a1cad95a6d480c14f51dd0eba4914c8337b893c789ec6278bb440c7c9a673b162f042470c62684e6da2bd342ffea7777'})
[2025-06-03 22:38:22] Récupération des données de vote pour Incredible Skies (URL: incredible-skies, HEADER:{'User-Agent': 'Mozilla/5.0 (X11; Linux i686; rv:39.0) Gecko/20100101 Firefox/39.0', 'x-api-version': '8', 'x-env': 'WEB', 'X-requested-with': 'XMLHttpRequest', 'X-token': 'a1cad95a6d480c14f51dd0eba4914c8337b893c789ec6278bb440c7c9a673b162f042470c62684e6da2bd342ffea7777'})
[2025-06-03 22:38:22] Récupération des données de vote pour Feeling Down (URL: feeling-down3, HEADER:{'User-Agent': 'Mozilla/5.0 (X11; Linux i686; rv:39.0) Gecko/20100101 Firefox/39.0', 'x-api-version': '8', 'x-env': 'WEB', 'X-requested-with': 'XMLHttpRequest', 'X-token': 'a1cad95a6d480c14f51dd0eba4914c8337b893c789ec6278bb440c7c9a673b162f042470c62684e6da2bd342ffea7777'})
[2025-06-03 22:38:22] Récupération des données de vote pour Feeling Down (URL: feeling-down3, HEADER:{'User-Agent': 'Mozilla/5.0 (X11; Linux i686; rv:39.0) Gecko/20100101 Firefox/39.0', 'x-api-version': '8', 'x-env': 'WEB', 'X-requested-with': 'XMLHttpRequest', 'X-token': 'a1cad95a6d480c14f51dd0eba4914c8337b893c789ec6278bb440c7c9a673b162f042470c62684e6da2bd342ffea7777'})
[2025-06-03 22:38:22] Récupération des données de vote pour Feeling Down (URL: feeling-down3, HEADER:{'User-Agent': 'Mozilla/5.0 (X11; Linux i686; rv:39.0) Gecko/20100101 Firefox/39.0', 'x-api-version': '8', 'x-env': 'WEB', 'X-requested-with': 'XMLHttpRequest', 'X-token': 'a1cad95a6d480c14f51dd0eba4914c8337b893c789ec6278bb440c7c9a673b162f042470c62684e6da2bd342ffea7777'})
[2025-06-03 22:38:22] Récupération des données de vote pour Feeling Down (URL: feeling-down3, HEADER:{'User-Agent': 'Mozilla/5.0 (X11; Linux i686; rv:39.0) Gecko/20100101 Firefox/39.0', 'x-api-version': '8', 'x-env': 'WEB', 'X-requested-with': 'XMLHttpRequest', 'X-token': 'a1cad95a6d480c14f51dd0eba4914c8337b893c789ec6278bb440c7c9a673b162f042470c62684e6da2bd342ffea7777'})
[2025-06-03 22:38:22] Récupération des données de vote pour Feeling Down (URL: feeling-down3, HEADER:{'User-Agent': 'Mozilla/5.0 (X11; Linux i686; rv:39.0) Gecko/20100101 Firefox/39.0', 'x-api-version': '8', 'x-env': 'WEB', 'X-requested-with': 'XMLHttpRequest', 'X-token': 'a1cad95a6d480c14f51dd0eba4914c8337b893c789ec6278bb440c7c9a673b162f042470c62684e6da2bd342ffea7777'})
[2025-06-03 22:38:22] Récupération des données de vote pour Feeling Down (URL: feeling-down3, HEADER:{'User-Agent': 'Mozilla/5.0 (X11; Linux i686; rv:39.0) Gecko/20100101 Firefox/39.0', 'x-api-version': '8', 'x-env': 'WEB', 'X-requested-with': 'XMLHttpRequest', 'X-token': 'a1cad95a6d480c14f51dd0eba4914c8337b893c789ec6278bb440c7c9a673b162f042470c62684e6da2bd342ffea7777'})
[2025-06-03 22:38:22] Récupération des données de vote pour Feeling Down (URL: feeling-down3, HEADER:{'User-Agent': 'Mozilla/5.0 (X11; Linux i686; rv:39.0) Gecko/20100101 Firefox/39.0', 'x-api-version': '8', 'x-env': 'WEB', 'X-requested-with': 'XMLHttpRequest', 'X-token': 'a1cad95a6d480c14f51dd0eba4914c8337b893c789ec6278bb440c7c9a673b162f042470c62684e6da2bd342ffea7777'})
[2025-06-03 22:38:22] Récupération des données de vote pour Buildings Next To Water (URL: buildings-next-to-water, HEADER:{'User-Agent': 'Mozilla/5.0 (X11; Linux i686; rv:39.0) Gecko/20100101 Firefox/39.0', 'x-api-version': '8', 'x-env': 'WEB', 'X-requested-with': 'XMLHttpRequest', 'X-token': 'a1cad95a6d480c14f51dd0eba4914c8337b893c789ec6278bb440c7c9a673b162f042470c62684e6da2bd342ffea7777'})
[2025-06-03 22:38:22] Récupération des données de vote pour Buildings Next To Water (URL: buildings-next-to-water, HEADER:{'User-Agent': 'Mozilla/5.0 (X11; Linux i686; rv:39.0) Gecko/20100101 Firefox/39.0', 'x-api-version': '8', 'x-env': 'WEB', 'X-requested-with': 'XMLHttpRequest', 'X-token': 'a1cad95a6d480c14f51dd0eba4914c8337b893c789ec6278bb440c7c9a673b162f042470c62684e6da2bd342ffea7777'})
[2025-06-03 22:38:22] Récupération des données de vote pour Buildings Next To Water (URL: buildings-next-to-water, HEADER:{'User-Agent': 'Mozilla/5.0 (X11; Linux i686; rv:39.0) Gecko/20100101 Firefox/39.0', 'x-api-version': '8', 'x-env': 'WEB', 'X-requested-with': 'XMLHttpRequest', 'X-token': 'a1cad95a6d480c14f51dd0eba4914c8337b893c789ec6278bb440c7c9a673b162f042470c62684e6da2bd342ffea7777'})
[2025-06-03 22:38:22] Récupération des données de vote pour Buildings Next To Water (URL: buildings-next-to-water, HEADER:{'User-Agent': 'Mozilla/5.0 (X11; Linux i686; rv:39.0) Gecko/20100101 Firefox/39.0', 'x-api-version': '8', 'x-env': 'WEB', 'X-requested-with': 'XMLHttpRequest', 'X-token': 'a1cad95a6d480c14f51dd0eba4914c8337b893c789ec6278bb440c7c9a673b162f042470c62684e6da2bd342ffea7777'})
[2025-06-03 22:38:22] Récupération des données de vote pour Buildings Next To Water (URL: buildings-next-to-water, HEADER:{'User-Agent': 'Mozilla/5.0 (X11; Linux i686; rv:39.0) Gecko/20100101 Firefox/39.0', 'x-api-version': '8', 'x-env': 'WEB', 'X-requested-with': 'XMLHttpRequest', 'X-token': 'a1cad95a6d480c14f51dd0eba4914c8337b893c789ec6278bb440c7c9a673b162f042470c62684e6da2bd342ffea7777'})
[2025-06-03 22:38:22] Récupération des données de vote pour Buildings Next To Water (URL: buildings-next-to-water, HEADER:{'User-Agent': 'Mozilla/5.0 (X11; Linux i686; rv:39.0) Gecko/20100101 Firefox/39.0', 'x-api-version': '8', 'x-env': 'WEB', 'X-requested-with': 'XMLHttpRequest', 'X-token': 'a1cad95a6d480c14f51dd0eba4914c8337b893c789ec6278bb440c7c9a673b162f042470c62684e6da2bd342ffea7777'})
[2025-06-03 22:38:22] Récupération des données de vote pour Buildings Next To Water (URL: buildings-next-to-water, HEADER:{'User-Agent': 'Mozilla/5.0 (X11; Linux i686; rv:39.0) Gecko/20100101 Firefox/39.0', 'x-api-version': '8', 'x-env': 'WEB', 'X-requested-with': 'XMLHttpRequest', 'X-token': 'a1cad95a6d480c14f51dd0eba4914c8337b893c789ec6278bb440c7c9a673b162f042470c62684e6da2bd342ffea7777'})
[2025-06-03 22:38:22] Récupération des données de vote pour Photo of the Week! (URL: photo-of-the-week-299, HEADER:{'User-Agent': 'Mozilla/5.0 (X11; Linux i686; rv:39.0) Gecko/20100101 Firefox/39.0', 'x-api-version': '8', 'x-env': 'WEB', 'X-requested-with': 'XMLHttpRequest', 'X-token': 'a1cad95a6d480c14f51dd0eba4914c8337b893c789ec6278bb440c7c9a673b162f042470c62684e6da2bd342ffea7777'})
[2025-06-03 22:38:22] Récupération des données de vote pour Photo of the Week! (URL: photo-of-the-week-299, HEADER:{'User-Agent': 'Mozilla/5.0 (X11; Linux i686; rv:39.0) Gecko/20100101 Firefox/39.0', 'x-api-version': '8', 'x-env': 'WEB', 'X-requested-with': 'XMLHttpRequest', 'X-token': 'a1cad95a6d480c14f51dd0eba4914c8337b893c789ec6278bb440c7c9a673b162f042470c62684e6da2bd342ffea7777'})
[2025-06-03 22:38:22] Récupération des données de vote pour Photo of the Week! (URL: photo-of-the-week-299, HEADER:{'User-Agent': 'Mozilla/5.0 (X11; Linux i686; rv:39.0) Gecko/20100101 Firefox/39.0', 'x-api-version': '8', 'x-env': 'WEB', 'X-requested-with': 'XMLHttpRequest', 'X-token': 'a1cad95a6d480c14f51dd0eba4914c8337b893c789ec6278bb440c7c9a673b162f042470c62684e6da2bd342ffea7777'})
[2025-06-03 22:38:22] Récupération des données de vote pour Photo of the Week! (URL: photo-of-the-week-299, HEADER:{'User-Agent': 'Mozilla/5.0 (X11; Linux i686; rv:39.0) Gecko/20100101 Firefox/39.0', 'x-api-version': '8', 'x-env': 'WEB', 'X-requested-with': 'XMLHttpRequest', 'X-token': 'a1cad95a6d480c14f51dd0eba4914c8337b893c789ec6278bb440c7c9a673b162f042470c62684e6da2bd342ffea7777'})
[2025-06-03 22:38:22] Récupération des données de vote pour Photo of the Week! (URL: photo-of-the-week-299, HEADER:{'User-Agent': 'Mozilla/5.0 (X11; Linux i686; rv:39.0) Gecko/20100101 Firefox/39.0', 'x-api-version': '8', 'x-env': 'WEB', 'X-requested-with': 'XMLHttpRequest', 'X-token': 'a1cad95a6d480c14f51dd0eba4914c8337b893c789ec6278bb440c7c9a673b162f042470c62684e6da2bd342ffea7777'})
[2025-06-03 22:38:22] Récupération des données de vote pour Photo of the Week! (URL: photo-of-the-week-299, HEADER:{'User-Agent': 'Mozilla/5.0 (X11; Linux i686; rv:39.0) Gecko/20100101 Firefox/39.0', 'x-api-version': '8', 'x-env': 'WEB', 'X-requested-with': 'XMLHttpRequest', 'X-token': 'a1cad95a6d480c14f51dd0eba4914c8337b893c789ec6278bb440c7c9a673b162f042470c62684e6da2bd342ffea7777'})
[2025-06-03 22:38:22] Récupération des données de vote pour Photo of the Week! (URL: photo-of-the-week-299, HEADER:{'User-Agent': 'Mozilla/5.0 (X11; Linux i686; rv:39.0) Gecko/20100101 Firefox/39.0', 'x-api-version': '8', 'x-env': 'WEB', 'X-requested-with': 'XMLHttpRequest', 'X-token': 'a1cad95a6d480c14f51dd0eba4914c8337b893c789ec6278bb440c7c9a673b162f042470c62684e6da2bd342ffea7777'})
[2025-06-03 22:38:23] Récupération réussie: 200 images pour Artworks on Walls
[2025-06-03 22:38:23] Voting fetching ...
[2025-06-03 22:38:23] Artworks on Walls voting 10 images
[2025-06-03 22:38:23] Récupération réussie: 200 images pour Artworks on Walls
[2025-06-03 22:38:23] Voting fetching ...
[2025-06-03 22:38:23] Artworks on Walls voting 10 images
[2025-06-03 22:38:23] Récupération réussie: 200 images pour Artworks on Walls
[2025-06-03 22:38:23] Voting fetching ...
[2025-06-03 22:38:23] Artworks on Walls voting 10 images
[2025-06-03 22:38:23] Récupération réussie: 200 images pour Artworks on Walls
[2025-06-03 22:38:23] Voting fetching ...
[2025-06-03 22:38:23] Artworks on Walls voting 10 images
[2025-06-03 22:38:23] Récupération réussie: 200 images pour Artworks on Walls
[2025-06-03 22:38:23] Voting fetching ...
[2025-06-03 22:38:23] Artworks on Walls voting 10 images
[2025-06-03 22:38:23] Récupération réussie: 200 images pour Artworks on Walls
[2025-06-03 22:38:23] Voting fetching ...
[2025-06-03 22:38:23] Artworks on Walls voting 10 images
[2025-06-03 22:38:23] Récupération réussie: 200 images pour Artworks on Walls
[2025-06-03 22:38:23] Voting fetching ...
[2025-06-03 22:38:23] Artworks on Walls voting 10 images
[2025-06-03 22:38:23] Récupération réussie: 200 images pour Feeling Down
[2025-06-03 22:38:23] Voting fetching ...
[2025-06-03 22:38:23] Feeling Down voting 10 images
[2025-06-03 22:38:23] Récupération réussie: 200 images pour Feeling Down
[2025-06-03 22:38:23] Voting fetching ...
[2025-06-03 22:38:23] Feeling Down voting 10 images
[2025-06-03 22:38:23] Récupération réussie: 200 images pour Photo of the Week!
[2025-06-03 22:38:23] Voting fetching ...
[2025-06-03 22:38:23] Photo of the Week! voting 10 images
[2025-06-03 22:38:23] Récupération réussie: 200 images pour Joined Together
[2025-06-03 22:38:23] Voting fetching ...
[2025-06-03 22:38:23] Joined Together voting 10 images
[2025-06-03 22:38:23] Récupération réussie: 200 images pour Photo of the Week!
[2025-06-03 22:38:23] Voting fetching ...
[2025-06-03 22:38:23] Photo of the Week! voting 10 images
[2025-06-03 22:38:23] Récupération réussie: 200 images pour Photo of the Week!
[2025-06-03 22:38:23] Voting fetching ...
[2025-06-03 22:38:23] Photo of the Week! voting 10 images
[2025-06-03 22:38:23] Récupération réussie: 200 images pour Feeling Down
[2025-06-03 22:38:23] Voting fetching ...
[2025-06-03 22:38:23] Feeling Down voting 10 images
[2025-06-03 22:38:23] Récupération réussie: 200 images pour Feeling Down
[2025-06-03 22:38:23] Voting fetching ...
[2025-06-03 22:38:23] Feeling Down voting 10 images
[2025-06-03 22:38:23] Récupération réussie: 200 images pour Buildings Next To Water
[2025-06-03 22:38:23] Voting fetching ...
[2025-06-03 22:38:23] Buildings Next To Water voting 10 images
[2025-06-03 22:38:23] Récupération réussie: 200 images pour Feeling Down
[2025-06-03 22:38:23] Voting fetching ...
[2025-06-03 22:38:23] Feeling Down voting 10 images
[2025-06-03 22:38:23] Récupération réussie: 200 images pour Photo of the Week!
[2025-06-03 22:38:23] Voting fetching ...
[2025-06-03 22:38:23] Photo of the Week! voting 10 images
[2025-06-03 22:38:23] Récupération réussie: 200 images pour Feeling Down
[2025-06-03 22:38:23] Voting fetching ...
[2025-06-03 22:38:23] Feeling Down voting 10 images
[2025-06-03 22:38:23] Récupération réussie: 200 images pour Photo of the Week!
[2025-06-03 22:38:23] Voting fetching ...
[2025-06-03 22:38:23] Photo of the Week! voting 10 images
[2025-06-03 22:38:23] Récupération réussie: 200 images pour Buildings Next To Water
[2025-06-03 22:38:23] Voting fetching ...
[2025-06-03 22:38:23] Buildings Next To Water voting 10 images
[2025-06-03 22:38:23] Récupération réussie: 200 images pour Joined Together
[2025-06-03 22:38:23] Voting fetching ...
[2025-06-03 22:38:23] Joined Together voting 10 images
[2025-06-03 22:38:23] Récupération réussie: 200 images pour Joined Together
[2025-06-03 22:38:23] Voting fetching ...
[2025-06-03 22:38:23] Joined Together voting 10 images
[2025-06-03 22:38:23] Récupération réussie: 200 images pour Feeling Down
[2025-06-03 22:38:23] Voting fetching ...
[2025-06-03 22:38:23] Feeling Down voting 10 images
[2025-06-03 22:38:23] Récupération réussie: 200 images pour Joined Together
[2025-06-03 22:38:23] Voting fetching ...
[2025-06-03 22:38:23] Joined Together voting 10 images
[2025-06-03 22:38:23] Récupération réussie: 200 images pour Photo of the Week!
[2025-06-03 22:38:23] Voting fetching ...
[2025-06-03 22:38:23] Photo of the Week! voting 10 images
[2025-06-03 22:38:23] Récupération réussie: 200 images pour Photo of the Week!
[2025-06-03 22:38:23] Voting fetching ...
[2025-06-03 22:38:23] Photo of the Week! voting 10 images
[2025-06-03 22:38:23] Récupération réussie: 200 images pour Joined Together
[2025-06-03 22:38:23] Voting fetching ...
[2025-06-03 22:38:23] Joined Together voting 10 images
[2025-06-03 22:38:23] Récupération réussie: 200 images pour Joined Together
[2025-06-03 22:38:23] Voting fetching ...
[2025-06-03 22:38:23] Joined Together voting 10 images
[2025-06-03 22:38:23] Récupération réussie: 200 images pour Joined Together
[2025-06-03 22:38:23] Voting fetching ...
[2025-06-03 22:38:23] Joined Together voting 10 images
[2025-06-03 22:38:23] Récupération réussie: 200 images pour Buildings Next To Water
[2025-06-03 22:38:23] Voting fetching ...
[2025-06-03 22:38:23] Buildings Next To Water voting 10 images
[2025-06-03 22:38:23] Récupération réussie: 200 images pour Buildings Next To Water
[2025-06-03 22:38:23] Voting fetching ...
[2025-06-03 22:38:23] Buildings Next To Water voting 10 images
[2025-06-03 22:38:23] Récupération réussie: 200 images pour Buildings Next To Water
[2025-06-03 22:38:23] Voting fetching ...
[2025-06-03 22:38:23] Buildings Next To Water voting 10 images
[2025-06-03 22:38:23] Récupération réussie: 200 images pour Incredible Skies
[2025-06-03 22:38:23] Voting fetching ...
[2025-06-03 22:38:23] Incredible Skies voting 10 images
[2025-06-03 22:38:23] Récupération réussie: 200 images pour Incredible Skies
[2025-06-03 22:38:23] Voting fetching ...
[2025-06-03 22:38:23] Incredible Skies voting 10 images
[2025-06-03 22:38:23] Récupération réussie: 200 images pour Incredible Skies
[2025-06-03 22:38:23] Voting fetching ...
[2025-06-03 22:38:23] Incredible Skies voting 10 images
[2025-06-03 22:38:23] Récupération réussie: 200 images pour Incredible Skies
[2025-06-03 22:38:23] Voting fetching ...
[2025-06-03 22:38:23] Incredible Skies voting 10 images
[2025-06-03 22:38:23] Récupération réussie: 200 images pour Incredible Skies
[2025-06-03 22:38:23] Voting fetching ...
[2025-06-03 22:38:23] Incredible Skies voting 10 images
[2025-06-03 22:38:23] Récupération réussie: 200 images pour Buildings Next To Water
[2025-06-03 22:38:23] Voting fetching ...
[2025-06-03 22:38:23] Buildings Next To Water voting 10 images
[2025-06-03 22:38:23] Récupération réussie: 200 images pour Buildings Next To Water
[2025-06-03 22:38:23] Voting fetching ...
[2025-06-03 22:38:23] Buildings Next To Water voting 10 images
[2025-06-03 22:38:23] Récupération réussie: 200 images pour Incredible Skies
[2025-06-03 22:38:23] Voting fetching ...
[2025-06-03 22:38:23] Incredible Skies voting 10 images
[2025-06-03 22:38:23] Récupération réussie: 200 images pour Incredible Skies
[2025-06-03 22:38:23] Voting fetching ...
[2025-06-03 22:38:23] Incredible Skies voting 10 images
[2025-06-03 22:38:24] Artworks on Walls voted successfully
[2025-06-03 22:38:26] Artworks on Walls voted successfully
[2025-06-03 22:38:28] Artworks on Walls voted successfully
[2025-06-03 22:38:30] Artworks on Walls voted successfully
[2025-06-03 22:38:32] Artworks on Walls voted successfully
[2025-06-03 22:38:34] Artworks on Walls voted successfully
[2025-06-03 22:38:36] Artworks on Walls voted successfully
[2025-06-03 22:38:38] Feeling Down voted successfully
[2025-06-03 22:38:40] Buildings Next To Water voted successfully
[2025-06-03 22:38:42] Photo of the Week! voted successfully
[2025-06-03 22:38:44] Photo of the Week! voted successfully
[2025-06-03 22:38:46] Joined Together voted successfully
[2025-06-03 22:38:48] Feeling Down voted successfully
[2025-06-03 22:38:50] Photo of the Week! voted successfully
[2025-06-03 22:38:52] Feeling Down voted successfully
[2025-06-03 22:38:54] Photo of the Week! voted successfully
[2025-06-03 22:38:56] Buildings Next To Water voted successfully
[2025-06-03 22:38:58] Joined Together voted successfully
[2025-06-03 22:39:00] Feeling Down voted successfully
[2025-06-03 22:39:02] Photo of the Week! voted successfully
[2025-06-03 22:39:04] Buildings Next To Water voted successfully
[2025-06-03 22:39:06] Feeling Down voted successfully
[2025-06-03 22:39:08] Photo of the Week! voted successfully
[2025-06-03 22:39:10] Joined Together voted successfully
[2025-06-03 22:39:12] Buildings Next To Water voted successfully
[2025-06-03 22:39:14] Feeling Down voted successfully
[2025-06-03 22:39:16] Photo of the Week! voted successfully
[2025-06-03 22:39:18] Joined Together voted successfully
[2025-06-03 22:39:20] Feeling Down voted successfully
[2025-06-03 22:39:22] Joined Together voted successfully
[2025-06-03 22:39:24] Incredible Skies voted successfully
[2025-06-03 22:39:26] Buildings Next To Water voted successfully
[2025-06-03 22:39:28] Buildings Next To Water voted successfully
[2025-06-03 22:39:30] Joined Together voted successfully
[2025-06-03 22:39:32] Incredible Skies voted successfully
[2025-06-03 22:39:34] Incredible Skies voted successfully
[2025-06-03 22:39:36] Incredible Skies voted successfully
[2025-06-03 22:39:38] Incredible Skies voted successfully
[2025-06-03 22:39:40] Incredible Skies voted successfully
[2025-06-03 22:39:42] Buildings Next To Water voted successfully
[2025-06-03 22:39:44] Incredible Skies voted successfully
[2025-06-03 22:39:46] Joined Together voted successfully
[2025-06-03 22:39:49] Challenges fetching ...
[2025-06-03 22:39:49] Challenges fetched successfully for bruno!
[2025-06-03 22:39:49] Challenges fetching ...
[2025-06-03 22:39:49] Challenges fetched successfully for bruno!
[2025-06-03 22:39:50] Challenges fetching ...
[2025-06-03 22:39:50] Challenges fetched successfully for bruno!
[2025-06-03 22:39:50] Challenges fetching ...
[2025-06-03 22:39:50] Challenges fetched successfully for bruno!
[2025-06-03 22:39:50] Challenges fetching ...
[2025-06-03 22:39:50] Challenges fetched successfully for bruno!
[2025-06-03 22:39:50] Challenges fetching ...
[2025-06-03 22:39:50] Challenges fetched successfully for bruno!
[2025-06-03 22:39:50] Challenges fetching ...
[2025-06-03 22:39:50] Challenges fetched successfully for bruno!
[2025-06-03 22:39:50] Challenges fetching ...
[2025-06-03 22:39:50] Challenges fetched successfully for bruno!
[2025-06-03 22:39:50] Challenges fetching ...
[2025-06-03 22:39:50] Challenges fetched successfully for bruno!
[2025-06-03 22:39:50] Challenges fetching ...
[2025-06-03 22:39:50] Challenges fetched successfully for bruno!
[2025-06-03 22:39:50] Challenges fetching ...
[2025-06-03 22:39:50] Challenges fetched successfully for bruno!
[2025-06-03 22:39:50] Challenges fetching ...
[2025-06-03 22:39:50] Challenges fetched successfully for bruno!
[2025-06-03 22:39:50] Challenges fetching ...
[2025-06-03 22:39:50] Challenges fetched successfully for bruno!
[2025-06-03 22:39:50] Challenges fetching ...
[2025-06-03 22:39:50] Challenges fetched successfully for bruno!
[2025-06-03 22:39:50] Challenges fetching ...
[2025-06-03 22:39:50] Challenges fetched successfully for bruno!
[2025-06-03 22:39:50] Challenges fetching ...
[2025-06-03 22:39:50] Challenges fetched successfully for bruno!
[2025-06-03 22:39:50] Challenges fetching ...
[2025-06-03 22:39:50] Challenges fetched successfully for bruno!
[2025-06-03 22:39:50] Challenges fetching ...
[2025-06-03 22:39:50] Challenges fetched successfully for bruno!
[2025-06-03 22:39:50] Challenges fetching ...
[2025-06-03 22:39:50] Challenges fetched successfully for bruno!
[2025-06-03 22:39:50] Challenges fetching ...
[2025-06-03 22:39:50] Challenges fetched successfully for bruno!
[2025-06-03 22:39:50] Challenges fetching ...
[2025-06-03 22:39:50] Challenges fetched successfully for bruno!
[2025-06-03 22:39:50] Challenges fetching ...
[2025-06-03 22:39:50] Challenges fetched successfully for bruno!
[2025-06-03 22:39:50] Challenges fetching ...
[2025-06-03 22:39:50] Challenges fetched successfully for bruno!
[2025-06-03 22:39:50] Challenges fetching ...
[2025-06-03 22:39:50] Challenges fetched successfully for bruno!
[2025-06-03 22:39:50] Challenges fetching ...
[2025-06-03 22:39:50] Challenges fetched successfully for bruno!
[2025-06-03 22:39:50] Challenges fetching ...
[2025-06-03 22:39:50] Challenges fetched successfully for bruno!
[2025-06-03 22:39:50] Challenges fetching ...
[2025-06-03 22:39:50] Challenges fetched successfully for bruno!
[2025-06-03 22:39:50] Challenges fetching ...
[2025-06-03 22:39:50] Challenges fetched successfully for bruno!
[2025-06-03 22:39:50] Challenges fetching ...
[2025-06-03 22:39:50] Challenges fetched successfully for bruno!
[2025-06-03 22:39:50] Challenges fetching ...
[2025-06-03 22:39:50] Challenges fetched successfully for bruno!
[2025-06-03 22:39:51] Challenges fetching ...
[2025-06-03 22:39:51] Challenges fetched successfully for bruno!
[2025-06-03 22:39:51] Challenges fetching ...
[2025-06-03 22:39:51] Challenges fetched successfully for bruno!
[2025-06-03 22:39:51] Challenges fetching ...
[2025-06-03 22:39:51] Challenges fetched successfully for bruno!
[2025-06-03 22:39:51] Challenges fetching ...
[2025-06-03 22:39:51] Challenges fetched successfully for bruno!
[2025-06-03 22:39:51] Challenges fetching ...
[2025-06-03 22:39:51] Challenges fetched successfully for bruno!
[2025-06-03 22:39:51] Challenges fetching ...
[2025-06-03 22:39:51] Challenges fetched successfully for bruno!
[2025-06-03 22:39:51] Challenges fetching ...
[2025-06-03 22:39:51] Challenges fetched successfully for bruno!
[2025-06-03 22:39:51] Challenges fetching ...
[2025-06-03 22:39:51] Challenges fetched successfully for bruno!
[2025-06-03 22:39:51] Challenges fetching ...
[2025-06-03 22:39:51] Challenges fetched successfully for bruno!
[2025-06-03 22:39:51] Challenges fetching ...
[2025-06-03 22:39:51] Challenges fetched successfully for bruno!
[2025-06-03 22:39:51] Challenges fetching ...
[2025-06-03 22:39:51] Challenges fetched successfully for bruno!
[2025-06-03 22:39:51] Challenges fetching ...
[2025-06-03 22:39:51] Challenges fetched successfully for bruno!
[2025-06-03 22:40:31] Fetching challenges...
[2025-06-03 22:40:32] Challenges fetching ...
[2025-06-03 22:40:32] Lancement automatique des stratégies de fin pour 14 nouveaux challenges...
[2025-06-03 22:40:32] Nouveau challenge détecté pour pascale: Asphalt Streets
[2025-06-03 22:40:32] Nouveau challenge détecté pour pascale: Artworks on Walls
[2025-06-03 22:40:32] Nouveau challenge détecté pour pascale: Incredible Skies
[2025-06-03 22:40:32] Nouveau challenge détecté pour pascale: Photographer of the Week
[2025-06-03 22:40:32] Nouveau challenge détecté pour pascale: Guru of The Week
[2025-06-03 22:40:32] Nouveau challenge détecté pour pascale: Ultimate Exposure
[2025-06-03 22:40:32] Nouveau challenge détecté pour pascale: Still Life
[2025-06-03 22:40:32] Nouveau challenge détecté pour pascale: Old but Still Working
[2025-06-03 22:40:32] Nouveau challenge détecté pour pascale: Joined Together
[2025-06-03 22:40:32] Nouveau challenge détecté pour pascale: Dramatic Lighting
[2025-06-03 22:40:32] Nouveau challenge détecté pour pascale: Gone Walking
[2025-06-03 22:40:32] Nouveau challenge détecté pour pascale: Buildings Next To Water
[2025-06-03 22:40:32] Nouveau challenge détecté pour pascale: Best of Black & White
[2025-06-03 22:40:32] Nouveau challenge détecté pour pascale: Landscape Photographer of the Year
[2025-06-03 22:40:32] Challenges fetched successfully for pascale!
[2025-06-03 22:41:40] Artworks on Walls get vote panel
[2025-06-03 22:42:01] Joined Together get vote panel
[2025-06-03 22:42:22] Ultimate Exposure get vote panel
[2025-06-03 22:42:43] Photographer of the Week get vote panel
[2025-06-03 22:43:04] Best of Black & White get vote panel
[2025-06-03 22:43:25] Landscape Photographer of the Year get vote panel
[2025-06-03 22:43:46] Gone Walking get vote panel
[2025-06-03 22:44:07] Asphalt Streets get vote panel
[2025-06-03 22:44:28] Still Life get vote panel
[2025-06-03 22:44:49] Buildings Next To Water get vote panel
[2025-06-03 22:45:10] Guru of The Week get vote panel
[2025-06-03 22:45:31] Dramatic Lighting get vote panel
[2025-06-03 22:45:52] Filling challenges: {101568, 101570, 101734, 101478, 101222, 100780, 101555, 101561, 101466, 101563, 101725, 101789}
Filled Artworks on Walls with strategy end4
Filled Joined Together with strategy end4
Filled Ultimate Exposure with strategy end4
Filled Photographer of the Week with strategy end4
Filled Best of Black & White with strategy end4
Filled Landscape Photographer of the Year with strategy end4
Filled Gone Walking with strategy end4
Filled Asphalt Streets with strategy end4
Filled Still Life with strategy end4
Filled Buildings Next To Water with strategy end4
Filled Guru of The Week with strategy end4
Filled Dramatic Lighting with strategy end4

[2025-06-03 22:45:52] Récupération des données de vote pour Artworks on Walls (URL: artworks-on-walls, HEADER:{'User-Agent': 'Mozilla/5.0 (X11; Linux i686; rv:39.0) Gecko/20100101 Firefox/39.0', 'x-api-version': '8', 'x-env': 'WEB', 'X-requested-with': 'XMLHttpRequest', 'X-token': 'f96bbe3a7e7f833329e7129767a69abbfa6dfce3152e3c2a311eb49d89b5c3bb2b12b66b402f03dce682b8b2b6a005cd'})
[2025-06-03 22:45:52] Récupération des données de vote pour Artworks on Walls (URL: artworks-on-walls, HEADER:{'User-Agent': 'Mozilla/5.0 (X11; Linux i686; rv:39.0) Gecko/20100101 Firefox/39.0', 'x-api-version': '8', 'x-env': 'WEB', 'X-requested-with': 'XMLHttpRequest', 'X-token': 'f96bbe3a7e7f833329e7129767a69abbfa6dfce3152e3c2a311eb49d89b5c3bb2b12b66b402f03dce682b8b2b6a005cd'})
[2025-06-03 22:45:52] Récupération des données de vote pour Artworks on Walls (URL: artworks-on-walls, HEADER:{'User-Agent': 'Mozilla/5.0 (X11; Linux i686; rv:39.0) Gecko/20100101 Firefox/39.0', 'x-api-version': '8', 'x-env': 'WEB', 'X-requested-with': 'XMLHttpRequest', 'X-token': 'f96bbe3a7e7f833329e7129767a69abbfa6dfce3152e3c2a311eb49d89b5c3bb2b12b66b402f03dce682b8b2b6a005cd'})
[2025-06-03 22:45:52] Récupération des données de vote pour Artworks on Walls (URL: artworks-on-walls, HEADER:{'User-Agent': 'Mozilla/5.0 (X11; Linux i686; rv:39.0) Gecko/20100101 Firefox/39.0', 'x-api-version': '8', 'x-env': 'WEB', 'X-requested-with': 'XMLHttpRequest', 'X-token': 'f96bbe3a7e7f833329e7129767a69abbfa6dfce3152e3c2a311eb49d89b5c3bb2b12b66b402f03dce682b8b2b6a005cd'})
[2025-06-03 22:45:52] Récupération des données de vote pour Artworks on Walls (URL: artworks-on-walls, HEADER:{'User-Agent': 'Mozilla/5.0 (X11; Linux i686; rv:39.0) Gecko/20100101 Firefox/39.0', 'x-api-version': '8', 'x-env': 'WEB', 'X-requested-with': 'XMLHttpRequest', 'X-token': 'f96bbe3a7e7f833329e7129767a69abbfa6dfce3152e3c2a311eb49d89b5c3bb2b12b66b402f03dce682b8b2b6a005cd'})
[2025-06-03 22:45:52] Récupération des données de vote pour Artworks on Walls (URL: artworks-on-walls, HEADER:{'User-Agent': 'Mozilla/5.0 (X11; Linux i686; rv:39.0) Gecko/20100101 Firefox/39.0', 'x-api-version': '8', 'x-env': 'WEB', 'X-requested-with': 'XMLHttpRequest', 'X-token': 'f96bbe3a7e7f833329e7129767a69abbfa6dfce3152e3c2a311eb49d89b5c3bb2b12b66b402f03dce682b8b2b6a005cd'})
[2025-06-03 22:45:52] Récupération des données de vote pour Artworks on Walls (URL: artworks-on-walls, HEADER:{'User-Agent': 'Mozilla/5.0 (X11; Linux i686; rv:39.0) Gecko/20100101 Firefox/39.0', 'x-api-version': '8', 'x-env': 'WEB', 'X-requested-with': 'XMLHttpRequest', 'X-token': 'f96bbe3a7e7f833329e7129767a69abbfa6dfce3152e3c2a311eb49d89b5c3bb2b12b66b402f03dce682b8b2b6a005cd'})
[2025-06-03 22:45:52] Récupération des données de vote pour Joined Together (URL: joined-together1, HEADER:{'User-Agent': 'Mozilla/5.0 (X11; Linux i686; rv:39.0) Gecko/20100101 Firefox/39.0', 'x-api-version': '8', 'x-env': 'WEB', 'X-requested-with': 'XMLHttpRequest', 'X-token': 'f96bbe3a7e7f833329e7129767a69abbfa6dfce3152e3c2a311eb49d89b5c3bb2b12b66b402f03dce682b8b2b6a005cd'})
[2025-06-03 22:45:52] Récupération des données de vote pour Joined Together (URL: joined-together1, HEADER:{'User-Agent': 'Mozilla/5.0 (X11; Linux i686; rv:39.0) Gecko/20100101 Firefox/39.0', 'x-api-version': '8', 'x-env': 'WEB', 'X-requested-with': 'XMLHttpRequest', 'X-token': 'f96bbe3a7e7f833329e7129767a69abbfa6dfce3152e3c2a311eb49d89b5c3bb2b12b66b402f03dce682b8b2b6a005cd'})
[2025-06-03 22:45:52] Récupération des données de vote pour Joined Together (URL: joined-together1, HEADER:{'User-Agent': 'Mozilla/5.0 (X11; Linux i686; rv:39.0) Gecko/20100101 Firefox/39.0', 'x-api-version': '8', 'x-env': 'WEB', 'X-requested-with': 'XMLHttpRequest', 'X-token': 'f96bbe3a7e7f833329e7129767a69abbfa6dfce3152e3c2a311eb49d89b5c3bb2b12b66b402f03dce682b8b2b6a005cd'})
[2025-06-03 22:45:52] Récupération des données de vote pour Joined Together (URL: joined-together1, HEADER:{'User-Agent': 'Mozilla/5.0 (X11; Linux i686; rv:39.0) Gecko/20100101 Firefox/39.0', 'x-api-version': '8', 'x-env': 'WEB', 'X-requested-with': 'XMLHttpRequest', 'X-token': 'f96bbe3a7e7f833329e7129767a69abbfa6dfce3152e3c2a311eb49d89b5c3bb2b12b66b402f03dce682b8b2b6a005cd'})
[2025-06-03 22:45:52] Récupération des données de vote pour Joined Together (URL: joined-together1, HEADER:{'User-Agent': 'Mozilla/5.0 (X11; Linux i686; rv:39.0) Gecko/20100101 Firefox/39.0', 'x-api-version': '8', 'x-env': 'WEB', 'X-requested-with': 'XMLHttpRequest', 'X-token': 'f96bbe3a7e7f833329e7129767a69abbfa6dfce3152e3c2a311eb49d89b5c3bb2b12b66b402f03dce682b8b2b6a005cd'})
[2025-06-03 22:45:52] Récupération des données de vote pour Joined Together (URL: joined-together1, HEADER:{'User-Agent': 'Mozilla/5.0 (X11; Linux i686; rv:39.0) Gecko/20100101 Firefox/39.0', 'x-api-version': '8', 'x-env': 'WEB', 'X-requested-with': 'XMLHttpRequest', 'X-token': 'f96bbe3a7e7f833329e7129767a69abbfa6dfce3152e3c2a311eb49d89b5c3bb2b12b66b402f03dce682b8b2b6a005cd'})
[2025-06-03 22:45:52] Récupération des données de vote pour Joined Together (URL: joined-together1, HEADER:{'User-Agent': 'Mozilla/5.0 (X11; Linux i686; rv:39.0) Gecko/20100101 Firefox/39.0', 'x-api-version': '8', 'x-env': 'WEB', 'X-requested-with': 'XMLHttpRequest', 'X-token': 'f96bbe3a7e7f833329e7129767a69abbfa6dfce3152e3c2a311eb49d89b5c3bb2b12b66b402f03dce682b8b2b6a005cd'})
[2025-06-03 22:45:52] Récupération des données de vote pour Ultimate Exposure (URL: ultimate-exposure80, HEADER:{'User-Agent': 'Mozilla/5.0 (X11; Linux i686; rv:39.0) Gecko/20100101 Firefox/39.0', 'x-api-version': '8', 'x-env': 'WEB', 'X-requested-with': 'XMLHttpRequest', 'X-token': 'f96bbe3a7e7f833329e7129767a69abbfa6dfce3152e3c2a311eb49d89b5c3bb2b12b66b402f03dce682b8b2b6a005cd'})
[2025-06-03 22:45:52] Récupération des données de vote pour Ultimate Exposure (URL: ultimate-exposure80, HEADER:{'User-Agent': 'Mozilla/5.0 (X11; Linux i686; rv:39.0) Gecko/20100101 Firefox/39.0', 'x-api-version': '8', 'x-env': 'WEB', 'X-requested-with': 'XMLHttpRequest', 'X-token': 'f96bbe3a7e7f833329e7129767a69abbfa6dfce3152e3c2a311eb49d89b5c3bb2b12b66b402f03dce682b8b2b6a005cd'})
[2025-06-03 22:45:52] Récupération des données de vote pour Ultimate Exposure (URL: ultimate-exposure80, HEADER:{'User-Agent': 'Mozilla/5.0 (X11; Linux i686; rv:39.0) Gecko/20100101 Firefox/39.0', 'x-api-version': '8', 'x-env': 'WEB', 'X-requested-with': 'XMLHttpRequest', 'X-token': 'f96bbe3a7e7f833329e7129767a69abbfa6dfce3152e3c2a311eb49d89b5c3bb2b12b66b402f03dce682b8b2b6a005cd'})
[2025-06-03 22:45:52] Récupération des données de vote pour Ultimate Exposure (URL: ultimate-exposure80, HEADER:{'User-Agent': 'Mozilla/5.0 (X11; Linux i686; rv:39.0) Gecko/20100101 Firefox/39.0', 'x-api-version': '8', 'x-env': 'WEB', 'X-requested-with': 'XMLHttpRequest', 'X-token': 'f96bbe3a7e7f833329e7129767a69abbfa6dfce3152e3c2a311eb49d89b5c3bb2b12b66b402f03dce682b8b2b6a005cd'})
[2025-06-03 22:45:52] Récupération des données de vote pour Ultimate Exposure (URL: ultimate-exposure80, HEADER:{'User-Agent': 'Mozilla/5.0 (X11; Linux i686; rv:39.0) Gecko/20100101 Firefox/39.0', 'x-api-version': '8', 'x-env': 'WEB', 'X-requested-with': 'XMLHttpRequest', 'X-token': 'f96bbe3a7e7f833329e7129767a69abbfa6dfce3152e3c2a311eb49d89b5c3bb2b12b66b402f03dce682b8b2b6a005cd'})
[2025-06-03 22:45:52] Récupération des données de vote pour Ultimate Exposure (URL: ultimate-exposure80, HEADER:{'User-Agent': 'Mozilla/5.0 (X11; Linux i686; rv:39.0) Gecko/20100101 Firefox/39.0', 'x-api-version': '8', 'x-env': 'WEB', 'X-requested-with': 'XMLHttpRequest', 'X-token': 'f96bbe3a7e7f833329e7129767a69abbfa6dfce3152e3c2a311eb49d89b5c3bb2b12b66b402f03dce682b8b2b6a005cd'})
[2025-06-03 22:45:52] Récupération des données de vote pour Ultimate Exposure (URL: ultimate-exposure80, HEADER:{'User-Agent': 'Mozilla/5.0 (X11; Linux i686; rv:39.0) Gecko/20100101 Firefox/39.0', 'x-api-version': '8', 'x-env': 'WEB', 'X-requested-with': 'XMLHttpRequest', 'X-token': 'f96bbe3a7e7f833329e7129767a69abbfa6dfce3152e3c2a311eb49d89b5c3bb2b12b66b402f03dce682b8b2b6a005cd'})
[2025-06-03 22:45:52] Récupération des données de vote pour Photographer of the Week (URL: photographer-of-the-week210, HEADER:{'User-Agent': 'Mozilla/5.0 (X11; Linux i686; rv:39.0) Gecko/20100101 Firefox/39.0', 'x-api-version': '8', 'x-env': 'WEB', 'X-requested-with': 'XMLHttpRequest', 'X-token': 'f96bbe3a7e7f833329e7129767a69abbfa6dfce3152e3c2a311eb49d89b5c3bb2b12b66b402f03dce682b8b2b6a005cd'})
[2025-06-03 22:45:52] Récupération des données de vote pour Photographer of the Week (URL: photographer-of-the-week210, HEADER:{'User-Agent': 'Mozilla/5.0 (X11; Linux i686; rv:39.0) Gecko/20100101 Firefox/39.0', 'x-api-version': '8', 'x-env': 'WEB', 'X-requested-with': 'XMLHttpRequest', 'X-token': 'f96bbe3a7e7f833329e7129767a69abbfa6dfce3152e3c2a311eb49d89b5c3bb2b12b66b402f03dce682b8b2b6a005cd'})
[2025-06-03 22:45:52] Récupération des données de vote pour Photographer of the Week (URL: photographer-of-the-week210, HEADER:{'User-Agent': 'Mozilla/5.0 (X11; Linux i686; rv:39.0) Gecko/20100101 Firefox/39.0', 'x-api-version': '8', 'x-env': 'WEB', 'X-requested-with': 'XMLHttpRequest', 'X-token': 'f96bbe3a7e7f833329e7129767a69abbfa6dfce3152e3c2a311eb49d89b5c3bb2b12b66b402f03dce682b8b2b6a005cd'})
[2025-06-03 22:45:52] Récupération des données de vote pour Photographer of the Week (URL: photographer-of-the-week210, HEADER:{'User-Agent': 'Mozilla/5.0 (X11; Linux i686; rv:39.0) Gecko/20100101 Firefox/39.0', 'x-api-version': '8', 'x-env': 'WEB', 'X-requested-with': 'XMLHttpRequest', 'X-token': 'f96bbe3a7e7f833329e7129767a69abbfa6dfce3152e3c2a311eb49d89b5c3bb2b12b66b402f03dce682b8b2b6a005cd'})
[2025-06-03 22:45:52] Récupération des données de vote pour Photographer of the Week (URL: photographer-of-the-week210, HEADER:{'User-Agent': 'Mozilla/5.0 (X11; Linux i686; rv:39.0) Gecko/20100101 Firefox/39.0', 'x-api-version': '8', 'x-env': 'WEB', 'X-requested-with': 'XMLHttpRequest', 'X-token': 'f96bbe3a7e7f833329e7129767a69abbfa6dfce3152e3c2a311eb49d89b5c3bb2b12b66b402f03dce682b8b2b6a005cd'})
[2025-06-03 22:45:52] Récupération des données de vote pour Photographer of the Week (URL: photographer-of-the-week210, HEADER:{'User-Agent': 'Mozilla/5.0 (X11; Linux i686; rv:39.0) Gecko/20100101 Firefox/39.0', 'x-api-version': '8', 'x-env': 'WEB', 'X-requested-with': 'XMLHttpRequest', 'X-token': 'f96bbe3a7e7f833329e7129767a69abbfa6dfce3152e3c2a311eb49d89b5c3bb2b12b66b402f03dce682b8b2b6a005cd'})
[2025-06-03 22:45:52] Récupération des données de vote pour Photographer of the Week (URL: photographer-of-the-week210, HEADER:{'User-Agent': 'Mozilla/5.0 (X11; Linux i686; rv:39.0) Gecko/20100101 Firefox/39.0', 'x-api-version': '8', 'x-env': 'WEB', 'X-requested-with': 'XMLHttpRequest', 'X-token': 'f96bbe3a7e7f833329e7129767a69abbfa6dfce3152e3c2a311eb49d89b5c3bb2b12b66b402f03dce682b8b2b6a005cd'})
[2025-06-03 22:45:52] Récupération des données de vote pour Best of Black & White (URL: best-of-black-white29, HEADER:{'User-Agent': 'Mozilla/5.0 (X11; Linux i686; rv:39.0) Gecko/20100101 Firefox/39.0', 'x-api-version': '8', 'x-env': 'WEB', 'X-requested-with': 'XMLHttpRequest', 'X-token': 'f96bbe3a7e7f833329e7129767a69abbfa6dfce3152e3c2a311eb49d89b5c3bb2b12b66b402f03dce682b8b2b6a005cd'})
[2025-06-03 22:45:52] Récupération des données de vote pour Best of Black & White (URL: best-of-black-white29, HEADER:{'User-Agent': 'Mozilla/5.0 (X11; Linux i686; rv:39.0) Gecko/20100101 Firefox/39.0', 'x-api-version': '8', 'x-env': 'WEB', 'X-requested-with': 'XMLHttpRequest', 'X-token': 'f96bbe3a7e7f833329e7129767a69abbfa6dfce3152e3c2a311eb49d89b5c3bb2b12b66b402f03dce682b8b2b6a005cd'})
[2025-06-03 22:45:52] Récupération des données de vote pour Best of Black & White (URL: best-of-black-white29, HEADER:{'User-Agent': 'Mozilla/5.0 (X11; Linux i686; rv:39.0) Gecko/20100101 Firefox/39.0', 'x-api-version': '8', 'x-env': 'WEB', 'X-requested-with': 'XMLHttpRequest', 'X-token': 'f96bbe3a7e7f833329e7129767a69abbfa6dfce3152e3c2a311eb49d89b5c3bb2b12b66b402f03dce682b8b2b6a005cd'})
[2025-06-03 22:45:52] Récupération des données de vote pour Best of Black & White (URL: best-of-black-white29, HEADER:{'User-Agent': 'Mozilla/5.0 (X11; Linux i686; rv:39.0) Gecko/20100101 Firefox/39.0', 'x-api-version': '8', 'x-env': 'WEB', 'X-requested-with': 'XMLHttpRequest', 'X-token': 'f96bbe3a7e7f833329e7129767a69abbfa6dfce3152e3c2a311eb49d89b5c3bb2b12b66b402f03dce682b8b2b6a005cd'})
[2025-06-03 22:45:52] Récupération des données de vote pour Best of Black & White (URL: best-of-black-white29, HEADER:{'User-Agent': 'Mozilla/5.0 (X11; Linux i686; rv:39.0) Gecko/20100101 Firefox/39.0', 'x-api-version': '8', 'x-env': 'WEB', 'X-requested-with': 'XMLHttpRequest', 'X-token': 'f96bbe3a7e7f833329e7129767a69abbfa6dfce3152e3c2a311eb49d89b5c3bb2b12b66b402f03dce682b8b2b6a005cd'})
[2025-06-03 22:45:52] Récupération des données de vote pour Best of Black & White (URL: best-of-black-white29, HEADER:{'User-Agent': 'Mozilla/5.0 (X11; Linux i686; rv:39.0) Gecko/20100101 Firefox/39.0', 'x-api-version': '8', 'x-env': 'WEB', 'X-requested-with': 'XMLHttpRequest', 'X-token': 'f96bbe3a7e7f833329e7129767a69abbfa6dfce3152e3c2a311eb49d89b5c3bb2b12b66b402f03dce682b8b2b6a005cd'})
[2025-06-03 22:45:52] Récupération des données de vote pour Best of Black & White (URL: best-of-black-white29, HEADER:{'User-Agent': 'Mozilla/5.0 (X11; Linux i686; rv:39.0) Gecko/20100101 Firefox/39.0', 'x-api-version': '8', 'x-env': 'WEB', 'X-requested-with': 'XMLHttpRequest', 'X-token': 'f96bbe3a7e7f833329e7129767a69abbfa6dfce3152e3c2a311eb49d89b5c3bb2b12b66b402f03dce682b8b2b6a005cd'})
[2025-06-03 22:45:52] Récupération des données de vote pour Landscape Photographer of the Year (URL: landscape-photographer-of-the-year4, HEADER:{'User-Agent': 'Mozilla/5.0 (X11; Linux i686; rv:39.0) Gecko/20100101 Firefox/39.0', 'x-api-version': '8', 'x-env': 'WEB', 'X-requested-with': 'XMLHttpRequest', 'X-token': 'f96bbe3a7e7f833329e7129767a69abbfa6dfce3152e3c2a311eb49d89b5c3bb2b12b66b402f03dce682b8b2b6a005cd'})
[2025-06-03 22:45:52] Récupération des données de vote pour Landscape Photographer of the Year (URL: landscape-photographer-of-the-year4, HEADER:{'User-Agent': 'Mozilla/5.0 (X11; Linux i686; rv:39.0) Gecko/20100101 Firefox/39.0', 'x-api-version': '8', 'x-env': 'WEB', 'X-requested-with': 'XMLHttpRequest', 'X-token': 'f96bbe3a7e7f833329e7129767a69abbfa6dfce3152e3c2a311eb49d89b5c3bb2b12b66b402f03dce682b8b2b6a005cd'})
[2025-06-03 22:45:52] Récupération des données de vote pour Landscape Photographer of the Year (URL: landscape-photographer-of-the-year4, HEADER:{'User-Agent': 'Mozilla/5.0 (X11; Linux i686; rv:39.0) Gecko/20100101 Firefox/39.0', 'x-api-version': '8', 'x-env': 'WEB', 'X-requested-with': 'XMLHttpRequest', 'X-token': 'f96bbe3a7e7f833329e7129767a69abbfa6dfce3152e3c2a311eb49d89b5c3bb2b12b66b402f03dce682b8b2b6a005cd'})
[2025-06-03 22:45:52] Récupération des données de vote pour Landscape Photographer of the Year (URL: landscape-photographer-of-the-year4, HEADER:{'User-Agent': 'Mozilla/5.0 (X11; Linux i686; rv:39.0) Gecko/20100101 Firefox/39.0', 'x-api-version': '8', 'x-env': 'WEB', 'X-requested-with': 'XMLHttpRequest', 'X-token': 'f96bbe3a7e7f833329e7129767a69abbfa6dfce3152e3c2a311eb49d89b5c3bb2b12b66b402f03dce682b8b2b6a005cd'})
[2025-06-03 22:45:52] Récupération des données de vote pour Landscape Photographer of the Year (URL: landscape-photographer-of-the-year4, HEADER:{'User-Agent': 'Mozilla/5.0 (X11; Linux i686; rv:39.0) Gecko/20100101 Firefox/39.0', 'x-api-version': '8', 'x-env': 'WEB', 'X-requested-with': 'XMLHttpRequest', 'X-token': 'f96bbe3a7e7f833329e7129767a69abbfa6dfce3152e3c2a311eb49d89b5c3bb2b12b66b402f03dce682b8b2b6a005cd'})
[2025-06-03 22:45:52] Récupération des données de vote pour Landscape Photographer of the Year (URL: landscape-photographer-of-the-year4, HEADER:{'User-Agent': 'Mozilla/5.0 (X11; Linux i686; rv:39.0) Gecko/20100101 Firefox/39.0', 'x-api-version': '8', 'x-env': 'WEB', 'X-requested-with': 'XMLHttpRequest', 'X-token': 'f96bbe3a7e7f833329e7129767a69abbfa6dfce3152e3c2a311eb49d89b5c3bb2b12b66b402f03dce682b8b2b6a005cd'})
[2025-06-03 22:45:52] Récupération des données de vote pour Landscape Photographer of the Year (URL: landscape-photographer-of-the-year4, HEADER:{'User-Agent': 'Mozilla/5.0 (X11; Linux i686; rv:39.0) Gecko/20100101 Firefox/39.0', 'x-api-version': '8', 'x-env': 'WEB', 'X-requested-with': 'XMLHttpRequest', 'X-token': 'f96bbe3a7e7f833329e7129767a69abbfa6dfce3152e3c2a311eb49d89b5c3bb2b12b66b402f03dce682b8b2b6a005cd'})
[2025-06-03 22:45:52] Récupération des données de vote pour Gone Walking (URL: gone-walking, HEADER:{'User-Agent': 'Mozilla/5.0 (X11; Linux i686; rv:39.0) Gecko/20100101 Firefox/39.0', 'x-api-version': '8', 'x-env': 'WEB', 'X-requested-with': 'XMLHttpRequest', 'X-token': 'f96bbe3a7e7f833329e7129767a69abbfa6dfce3152e3c2a311eb49d89b5c3bb2b12b66b402f03dce682b8b2b6a005cd'})
[2025-06-03 22:45:52] Récupération des données de vote pour Gone Walking (URL: gone-walking, HEADER:{'User-Agent': 'Mozilla/5.0 (X11; Linux i686; rv:39.0) Gecko/20100101 Firefox/39.0', 'x-api-version': '8', 'x-env': 'WEB', 'X-requested-with': 'XMLHttpRequest', 'X-token': 'f96bbe3a7e7f833329e7129767a69abbfa6dfce3152e3c2a311eb49d89b5c3bb2b12b66b402f03dce682b8b2b6a005cd'})
[2025-06-03 22:45:52] Récupération des données de vote pour Gone Walking (URL: gone-walking, HEADER:{'User-Agent': 'Mozilla/5.0 (X11; Linux i686; rv:39.0) Gecko/20100101 Firefox/39.0', 'x-api-version': '8', 'x-env': 'WEB', 'X-requested-with': 'XMLHttpRequest', 'X-token': 'f96bbe3a7e7f833329e7129767a69abbfa6dfce3152e3c2a311eb49d89b5c3bb2b12b66b402f03dce682b8b2b6a005cd'})
[2025-06-03 22:45:52] Récupération des données de vote pour Gone Walking (URL: gone-walking, HEADER:{'User-Agent': 'Mozilla/5.0 (X11; Linux i686; rv:39.0) Gecko/20100101 Firefox/39.0', 'x-api-version': '8', 'x-env': 'WEB', 'X-requested-with': 'XMLHttpRequest', 'X-token': 'f96bbe3a7e7f833329e7129767a69abbfa6dfce3152e3c2a311eb49d89b5c3bb2b12b66b402f03dce682b8b2b6a005cd'})
[2025-06-03 22:45:52] Récupération des données de vote pour Gone Walking (URL: gone-walking, HEADER:{'User-Agent': 'Mozilla/5.0 (X11; Linux i686; rv:39.0) Gecko/20100101 Firefox/39.0', 'x-api-version': '8', 'x-env': 'WEB', 'X-requested-with': 'XMLHttpRequest', 'X-token': 'f96bbe3a7e7f833329e7129767a69abbfa6dfce3152e3c2a311eb49d89b5c3bb2b12b66b402f03dce682b8b2b6a005cd'})
[2025-06-03 22:45:52] Récupération des données de vote pour Gone Walking (URL: gone-walking, HEADER:{'User-Agent': 'Mozilla/5.0 (X11; Linux i686; rv:39.0) Gecko/20100101 Firefox/39.0', 'x-api-version': '8', 'x-env': 'WEB', 'X-requested-with': 'XMLHttpRequest', 'X-token': 'f96bbe3a7e7f833329e7129767a69abbfa6dfce3152e3c2a311eb49d89b5c3bb2b12b66b402f03dce682b8b2b6a005cd'})
[2025-06-03 22:45:52] Récupération des données de vote pour Gone Walking (URL: gone-walking, HEADER:{'User-Agent': 'Mozilla/5.0 (X11; Linux i686; rv:39.0) Gecko/20100101 Firefox/39.0', 'x-api-version': '8', 'x-env': 'WEB', 'X-requested-with': 'XMLHttpRequest', 'X-token': 'f96bbe3a7e7f833329e7129767a69abbfa6dfce3152e3c2a311eb49d89b5c3bb2b12b66b402f03dce682b8b2b6a005cd'})
[2025-06-03 22:45:52] Récupération des données de vote pour Asphalt Streets (URL: asphalt-streets, HEADER:{'User-Agent': 'Mozilla/5.0 (X11; Linux i686; rv:39.0) Gecko/20100101 Firefox/39.0', 'x-api-version': '8', 'x-env': 'WEB', 'X-requested-with': 'XMLHttpRequest', 'X-token': 'f96bbe3a7e7f833329e7129767a69abbfa6dfce3152e3c2a311eb49d89b5c3bb2b12b66b402f03dce682b8b2b6a005cd'})
[2025-06-03 22:45:52] Récupération des données de vote pour Asphalt Streets (URL: asphalt-streets, HEADER:{'User-Agent': 'Mozilla/5.0 (X11; Linux i686; rv:39.0) Gecko/20100101 Firefox/39.0', 'x-api-version': '8', 'x-env': 'WEB', 'X-requested-with': 'XMLHttpRequest', 'X-token': 'f96bbe3a7e7f833329e7129767a69abbfa6dfce3152e3c2a311eb49d89b5c3bb2b12b66b402f03dce682b8b2b6a005cd'})
[2025-06-03 22:45:52] Récupération des données de vote pour Asphalt Streets (URL: asphalt-streets, HEADER:{'User-Agent': 'Mozilla/5.0 (X11; Linux i686; rv:39.0) Gecko/20100101 Firefox/39.0', 'x-api-version': '8', 'x-env': 'WEB', 'X-requested-with': 'XMLHttpRequest', 'X-token': 'f96bbe3a7e7f833329e7129767a69abbfa6dfce3152e3c2a311eb49d89b5c3bb2b12b66b402f03dce682b8b2b6a005cd'})
[2025-06-03 22:45:52] Récupération des données de vote pour Asphalt Streets (URL: asphalt-streets, HEADER:{'User-Agent': 'Mozilla/5.0 (X11; Linux i686; rv:39.0) Gecko/20100101 Firefox/39.0', 'x-api-version': '8', 'x-env': 'WEB', 'X-requested-with': 'XMLHttpRequest', 'X-token': 'f96bbe3a7e7f833329e7129767a69abbfa6dfce3152e3c2a311eb49d89b5c3bb2b12b66b402f03dce682b8b2b6a005cd'})
[2025-06-03 22:45:52] Récupération des données de vote pour Asphalt Streets (URL: asphalt-streets, HEADER:{'User-Agent': 'Mozilla/5.0 (X11; Linux i686; rv:39.0) Gecko/20100101 Firefox/39.0', 'x-api-version': '8', 'x-env': 'WEB', 'X-requested-with': 'XMLHttpRequest', 'X-token': 'f96bbe3a7e7f833329e7129767a69abbfa6dfce3152e3c2a311eb49d89b5c3bb2b12b66b402f03dce682b8b2b6a005cd'})
[2025-06-03 22:45:52] Récupération des données de vote pour Asphalt Streets (URL: asphalt-streets, HEADER:{'User-Agent': 'Mozilla/5.0 (X11; Linux i686; rv:39.0) Gecko/20100101 Firefox/39.0', 'x-api-version': '8', 'x-env': 'WEB', 'X-requested-with': 'XMLHttpRequest', 'X-token': 'f96bbe3a7e7f833329e7129767a69abbfa6dfce3152e3c2a311eb49d89b5c3bb2b12b66b402f03dce682b8b2b6a005cd'})
[2025-06-03 22:45:52] Récupération des données de vote pour Asphalt Streets (URL: asphalt-streets, HEADER:{'User-Agent': 'Mozilla/5.0 (X11; Linux i686; rv:39.0) Gecko/20100101 Firefox/39.0', 'x-api-version': '8', 'x-env': 'WEB', 'X-requested-with': 'XMLHttpRequest', 'X-token': 'f96bbe3a7e7f833329e7129767a69abbfa6dfce3152e3c2a311eb49d89b5c3bb2b12b66b402f03dce682b8b2b6a005cd'})
[2025-06-03 22:45:52] Récupération des données de vote pour Still Life (URL: still-life5, HEADER:{'User-Agent': 'Mozilla/5.0 (X11; Linux i686; rv:39.0) Gecko/20100101 Firefox/39.0', 'x-api-version': '8', 'x-env': 'WEB', 'X-requested-with': 'XMLHttpRequest', 'X-token': 'f96bbe3a7e7f833329e7129767a69abbfa6dfce3152e3c2a311eb49d89b5c3bb2b12b66b402f03dce682b8b2b6a005cd'})
[2025-06-03 22:45:52] Récupération des données de vote pour Still Life (URL: still-life5, HEADER:{'User-Agent': 'Mozilla/5.0 (X11; Linux i686; rv:39.0) Gecko/20100101 Firefox/39.0', 'x-api-version': '8', 'x-env': 'WEB', 'X-requested-with': 'XMLHttpRequest', 'X-token': 'f96bbe3a7e7f833329e7129767a69abbfa6dfce3152e3c2a311eb49d89b5c3bb2b12b66b402f03dce682b8b2b6a005cd'})
[2025-06-03 22:45:52] Récupération des données de vote pour Still Life (URL: still-life5, HEADER:{'User-Agent': 'Mozilla/5.0 (X11; Linux i686; rv:39.0) Gecko/20100101 Firefox/39.0', 'x-api-version': '8', 'x-env': 'WEB', 'X-requested-with': 'XMLHttpRequest', 'X-token': 'f96bbe3a7e7f833329e7129767a69abbfa6dfce3152e3c2a311eb49d89b5c3bb2b12b66b402f03dce682b8b2b6a005cd'})
[2025-06-03 22:45:52] Récupération des données de vote pour Still Life (URL: still-life5, HEADER:{'User-Agent': 'Mozilla/5.0 (X11; Linux i686; rv:39.0) Gecko/20100101 Firefox/39.0', 'x-api-version': '8', 'x-env': 'WEB', 'X-requested-with': 'XMLHttpRequest', 'X-token': 'f96bbe3a7e7f833329e7129767a69abbfa6dfce3152e3c2a311eb49d89b5c3bb2b12b66b402f03dce682b8b2b6a005cd'})
[2025-06-03 22:45:52] Récupération des données de vote pour Still Life (URL: still-life5, HEADER:{'User-Agent': 'Mozilla/5.0 (X11; Linux i686; rv:39.0) Gecko/20100101 Firefox/39.0', 'x-api-version': '8', 'x-env': 'WEB', 'X-requested-with': 'XMLHttpRequest', 'X-token': 'f96bbe3a7e7f833329e7129767a69abbfa6dfce3152e3c2a311eb49d89b5c3bb2b12b66b402f03dce682b8b2b6a005cd'})
[2025-06-03 22:45:52] Récupération des données de vote pour Still Life (URL: still-life5, HEADER:{'User-Agent': 'Mozilla/5.0 (X11; Linux i686; rv:39.0) Gecko/20100101 Firefox/39.0', 'x-api-version': '8', 'x-env': 'WEB', 'X-requested-with': 'XMLHttpRequest', 'X-token': 'f96bbe3a7e7f833329e7129767a69abbfa6dfce3152e3c2a311eb49d89b5c3bb2b12b66b402f03dce682b8b2b6a005cd'})
[2025-06-03 22:45:52] Récupération des données de vote pour Still Life (URL: still-life5, HEADER:{'User-Agent': 'Mozilla/5.0 (X11; Linux i686; rv:39.0) Gecko/20100101 Firefox/39.0', 'x-api-version': '8', 'x-env': 'WEB', 'X-requested-with': 'XMLHttpRequest', 'X-token': 'f96bbe3a7e7f833329e7129767a69abbfa6dfce3152e3c2a311eb49d89b5c3bb2b12b66b402f03dce682b8b2b6a005cd'})
[2025-06-03 22:45:52] Récupération des données de vote pour Buildings Next To Water (URL: buildings-next-to-water, HEADER:{'User-Agent': 'Mozilla/5.0 (X11; Linux i686; rv:39.0) Gecko/20100101 Firefox/39.0', 'x-api-version': '8', 'x-env': 'WEB', 'X-requested-with': 'XMLHttpRequest', 'X-token': 'f96bbe3a7e7f833329e7129767a69abbfa6dfce3152e3c2a311eb49d89b5c3bb2b12b66b402f03dce682b8b2b6a005cd'})
[2025-06-03 22:45:52] Récupération des données de vote pour Buildings Next To Water (URL: buildings-next-to-water, HEADER:{'User-Agent': 'Mozilla/5.0 (X11; Linux i686; rv:39.0) Gecko/20100101 Firefox/39.0', 'x-api-version': '8', 'x-env': 'WEB', 'X-requested-with': 'XMLHttpRequest', 'X-token': 'f96bbe3a7e7f833329e7129767a69abbfa6dfce3152e3c2a311eb49d89b5c3bb2b12b66b402f03dce682b8b2b6a005cd'})
[2025-06-03 22:45:52] Récupération des données de vote pour Buildings Next To Water (URL: buildings-next-to-water, HEADER:{'User-Agent': 'Mozilla/5.0 (X11; Linux i686; rv:39.0) Gecko/20100101 Firefox/39.0', 'x-api-version': '8', 'x-env': 'WEB', 'X-requested-with': 'XMLHttpRequest', 'X-token': 'f96bbe3a7e7f833329e7129767a69abbfa6dfce3152e3c2a311eb49d89b5c3bb2b12b66b402f03dce682b8b2b6a005cd'})
[2025-06-03 22:45:52] Récupération des données de vote pour Buildings Next To Water (URL: buildings-next-to-water, HEADER:{'User-Agent': 'Mozilla/5.0 (X11; Linux i686; rv:39.0) Gecko/20100101 Firefox/39.0', 'x-api-version': '8', 'x-env': 'WEB', 'X-requested-with': 'XMLHttpRequest', 'X-token': 'f96bbe3a7e7f833329e7129767a69abbfa6dfce3152e3c2a311eb49d89b5c3bb2b12b66b402f03dce682b8b2b6a005cd'})
[2025-06-03 22:45:52] Récupération des données de vote pour Buildings Next To Water (URL: buildings-next-to-water, HEADER:{'User-Agent': 'Mozilla/5.0 (X11; Linux i686; rv:39.0) Gecko/20100101 Firefox/39.0', 'x-api-version': '8', 'x-env': 'WEB', 'X-requested-with': 'XMLHttpRequest', 'X-token': 'f96bbe3a7e7f833329e7129767a69abbfa6dfce3152e3c2a311eb49d89b5c3bb2b12b66b402f03dce682b8b2b6a005cd'})
[2025-06-03 22:45:52] Récupération des données de vote pour Buildings Next To Water (URL: buildings-next-to-water, HEADER:{'User-Agent': 'Mozilla/5.0 (X11; Linux i686; rv:39.0) Gecko/20100101 Firefox/39.0', 'x-api-version': '8', 'x-env': 'WEB', 'X-requested-with': 'XMLHttpRequest', 'X-token': 'f96bbe3a7e7f833329e7129767a69abbfa6dfce3152e3c2a311eb49d89b5c3bb2b12b66b402f03dce682b8b2b6a005cd'})
[2025-06-03 22:45:52] Récupération des données de vote pour Buildings Next To Water (URL: buildings-next-to-water, HEADER:{'User-Agent': 'Mozilla/5.0 (X11; Linux i686; rv:39.0) Gecko/20100101 Firefox/39.0', 'x-api-version': '8', 'x-env': 'WEB', 'X-requested-with': 'XMLHttpRequest', 'X-token': 'f96bbe3a7e7f833329e7129767a69abbfa6dfce3152e3c2a311eb49d89b5c3bb2b12b66b402f03dce682b8b2b6a005cd'})
[2025-06-03 22:45:52] Récupération des données de vote pour Guru of The Week (URL: guru-of-the-week36, HEADER:{'User-Agent': 'Mozilla/5.0 (X11; Linux i686; rv:39.0) Gecko/20100101 Firefox/39.0', 'x-api-version': '8', 'x-env': 'WEB', 'X-requested-with': 'XMLHttpRequest', 'X-token': 'f96bbe3a7e7f833329e7129767a69abbfa6dfce3152e3c2a311eb49d89b5c3bb2b12b66b402f03dce682b8b2b6a005cd'})
[2025-06-03 22:45:52] Récupération des données de vote pour Guru of The Week (URL: guru-of-the-week36, HEADER:{'User-Agent': 'Mozilla/5.0 (X11; Linux i686; rv:39.0) Gecko/20100101 Firefox/39.0', 'x-api-version': '8', 'x-env': 'WEB', 'X-requested-with': 'XMLHttpRequest', 'X-token': 'f96bbe3a7e7f833329e7129767a69abbfa6dfce3152e3c2a311eb49d89b5c3bb2b12b66b402f03dce682b8b2b6a005cd'})
[2025-06-03 22:45:52] Récupération des données de vote pour Guru of The Week (URL: guru-of-the-week36, HEADER:{'User-Agent': 'Mozilla/5.0 (X11; Linux i686; rv:39.0) Gecko/20100101 Firefox/39.0', 'x-api-version': '8', 'x-env': 'WEB', 'X-requested-with': 'XMLHttpRequest', 'X-token': 'f96bbe3a7e7f833329e7129767a69abbfa6dfce3152e3c2a311eb49d89b5c3bb2b12b66b402f03dce682b8b2b6a005cd'})
[2025-06-03 22:45:52] Récupération des données de vote pour Guru of The Week (URL: guru-of-the-week36, HEADER:{'User-Agent': 'Mozilla/5.0 (X11; Linux i686; rv:39.0) Gecko/20100101 Firefox/39.0', 'x-api-version': '8', 'x-env': 'WEB', 'X-requested-with': 'XMLHttpRequest', 'X-token': 'f96bbe3a7e7f833329e7129767a69abbfa6dfce3152e3c2a311eb49d89b5c3bb2b12b66b402f03dce682b8b2b6a005cd'})
[2025-06-03 22:45:52] Récupération des données de vote pour Guru of The Week (URL: guru-of-the-week36, HEADER:{'User-Agent': 'Mozilla/5.0 (X11; Linux i686; rv:39.0) Gecko/20100101 Firefox/39.0', 'x-api-version': '8', 'x-env': 'WEB', 'X-requested-with': 'XMLHttpRequest', 'X-token': 'f96bbe3a7e7f833329e7129767a69abbfa6dfce3152e3c2a311eb49d89b5c3bb2b12b66b402f03dce682b8b2b6a005cd'})
[2025-06-03 22:45:52] Récupération des données de vote pour Guru of The Week (URL: guru-of-the-week36, HEADER:{'User-Agent': 'Mozilla/5.0 (X11; Linux i686; rv:39.0) Gecko/20100101 Firefox/39.0', 'x-api-version': '8', 'x-env': 'WEB', 'X-requested-with': 'XMLHttpRequest', 'X-token': 'f96bbe3a7e7f833329e7129767a69abbfa6dfce3152e3c2a311eb49d89b5c3bb2b12b66b402f03dce682b8b2b6a005cd'})
[2025-06-03 22:45:52] Récupération des données de vote pour Guru of The Week (URL: guru-of-the-week36, HEADER:{'User-Agent': 'Mozilla/5.0 (X11; Linux i686; rv:39.0) Gecko/20100101 Firefox/39.0', 'x-api-version': '8', 'x-env': 'WEB', 'X-requested-with': 'XMLHttpRequest', 'X-token': 'f96bbe3a7e7f833329e7129767a69abbfa6dfce3152e3c2a311eb49d89b5c3bb2b12b66b402f03dce682b8b2b6a005cd'})
[2025-06-03 22:45:52] Récupération des données de vote pour Dramatic Lighting (URL: dramatic-lighting11, HEADER:{'User-Agent': 'Mozilla/5.0 (X11; Linux i686; rv:39.0) Gecko/20100101 Firefox/39.0', 'x-api-version': '8', 'x-env': 'WEB', 'X-requested-with': 'XMLHttpRequest', 'X-token': 'f96bbe3a7e7f833329e7129767a69abbfa6dfce3152e3c2a311eb49d89b5c3bb2b12b66b402f03dce682b8b2b6a005cd'})
[2025-06-03 22:45:52] Récupération des données de vote pour Dramatic Lighting (URL: dramatic-lighting11, HEADER:{'User-Agent': 'Mozilla/5.0 (X11; Linux i686; rv:39.0) Gecko/20100101 Firefox/39.0', 'x-api-version': '8', 'x-env': 'WEB', 'X-requested-with': 'XMLHttpRequest', 'X-token': 'f96bbe3a7e7f833329e7129767a69abbfa6dfce3152e3c2a311eb49d89b5c3bb2b12b66b402f03dce682b8b2b6a005cd'})
[2025-06-03 22:45:52] Récupération des données de vote pour Dramatic Lighting (URL: dramatic-lighting11, HEADER:{'User-Agent': 'Mozilla/5.0 (X11; Linux i686; rv:39.0) Gecko/20100101 Firefox/39.0', 'x-api-version': '8', 'x-env': 'WEB', 'X-requested-with': 'XMLHttpRequest', 'X-token': 'f96bbe3a7e7f833329e7129767a69abbfa6dfce3152e3c2a311eb49d89b5c3bb2b12b66b402f03dce682b8b2b6a005cd'})
[2025-06-03 22:45:52] Récupération des données de vote pour Dramatic Lighting (URL: dramatic-lighting11, HEADER:{'User-Agent': 'Mozilla/5.0 (X11; Linux i686; rv:39.0) Gecko/20100101 Firefox/39.0', 'x-api-version': '8', 'x-env': 'WEB', 'X-requested-with': 'XMLHttpRequest', 'X-token': 'f96bbe3a7e7f833329e7129767a69abbfa6dfce3152e3c2a311eb49d89b5c3bb2b12b66b402f03dce682b8b2b6a005cd'})
[2025-06-03 22:45:52] Récupération des données de vote pour Dramatic Lighting (URL: dramatic-lighting11, HEADER:{'User-Agent': 'Mozilla/5.0 (X11; Linux i686; rv:39.0) Gecko/20100101 Firefox/39.0', 'x-api-version': '8', 'x-env': 'WEB', 'X-requested-with': 'XMLHttpRequest', 'X-token': 'f96bbe3a7e7f833329e7129767a69abbfa6dfce3152e3c2a311eb49d89b5c3bb2b12b66b402f03dce682b8b2b6a005cd'})
[2025-06-03 22:45:52] Récupération des données de vote pour Dramatic Lighting (URL: dramatic-lighting11, HEADER:{'User-Agent': 'Mozilla/5.0 (X11; Linux i686; rv:39.0) Gecko/20100101 Firefox/39.0', 'x-api-version': '8', 'x-env': 'WEB', 'X-requested-with': 'XMLHttpRequest', 'X-token': 'f96bbe3a7e7f833329e7129767a69abbfa6dfce3152e3c2a311eb49d89b5c3bb2b12b66b402f03dce682b8b2b6a005cd'})
[2025-06-03 22:45:52] Récupération des données de vote pour Dramatic Lighting (URL: dramatic-lighting11, HEADER:{'User-Agent': 'Mozilla/5.0 (X11; Linux i686; rv:39.0) Gecko/20100101 Firefox/39.0', 'x-api-version': '8', 'x-env': 'WEB', 'X-requested-with': 'XMLHttpRequest', 'X-token': 'f96bbe3a7e7f833329e7129767a69abbfa6dfce3152e3c2a311eb49d89b5c3bb2b12b66b402f03dce682b8b2b6a005cd'})
[2025-06-03 22:45:53] Récupération réussie: 200 images pour Artworks on Walls
[2025-06-03 22:45:53] Voting fetching ...
[2025-06-03 22:45:53] Artworks on Walls voting 10 images
[2025-06-03 22:45:53] Récupération réussie: 200 images pour Artworks on Walls
[2025-06-03 22:45:53] Voting fetching ...
[2025-06-03 22:45:53] Artworks on Walls voting 10 images
[2025-06-03 22:45:53] Récupération réussie: 200 images pour Artworks on Walls
[2025-06-03 22:45:53] Voting fetching ...
[2025-06-03 22:45:53] Artworks on Walls voting 10 images
[2025-06-03 22:45:53] Récupération réussie: 200 images pour Artworks on Walls
[2025-06-03 22:45:53] Voting fetching ...
[2025-06-03 22:45:53] Artworks on Walls voting 10 images
[2025-06-03 22:45:53] Récupération réussie: 200 images pour Artworks on Walls
[2025-06-03 22:45:53] Voting fetching ...
[2025-06-03 22:45:53] Artworks on Walls voting 10 images
[2025-06-03 22:45:53] Récupération réussie: 200 images pour Artworks on Walls
[2025-06-03 22:45:53] Voting fetching ...
[2025-06-03 22:45:53] Artworks on Walls voting 10 images
[2025-06-03 22:45:53] Récupération réussie: 200 images pour Artworks on Walls
[2025-06-03 22:45:53] Voting fetching ...
[2025-06-03 22:45:53] Artworks on Walls voting 10 images
[2025-06-03 22:45:53] Récupération réussie: 200 images pour Gone Walking
[2025-06-03 22:45:53] Voting fetching ...
[2025-06-03 22:45:53] Gone Walking voting 10 images
[2025-06-03 22:45:53] Récupération réussie: 200 images pour Asphalt Streets
[2025-06-03 22:45:53] Voting fetching ...
[2025-06-03 22:45:53] Asphalt Streets voting 10 images
[2025-06-03 22:45:53] Récupération réussie: 200 images pour Gone Walking
[2025-06-03 22:45:53] Voting fetching ...
[2025-06-03 22:45:53] Gone Walking voting 10 images
[2025-06-03 22:45:53] Récupération réussie: 200 images pour Gone Walking
[2025-06-03 22:45:53] Voting fetching ...
[2025-06-03 22:45:53] Gone Walking voting 10 images
[2025-06-03 22:45:54] Récupération réussie: 200 images pour Gone Walking
[2025-06-03 22:45:54] Voting fetching ...
[2025-06-03 22:45:54] Gone Walking voting 10 images
[2025-06-03 22:45:54] Récupération réussie: 200 images pour Joined Together
[2025-06-03 22:45:54] Voting fetching ...
[2025-06-03 22:45:54] Joined Together voting 10 images
[2025-06-03 22:45:54] Récupération réussie: 200 images pour Joined Together
[2025-06-03 22:45:54] Voting fetching ...
[2025-06-03 22:45:54] Joined Together voting 10 images
[2025-06-03 22:45:54] Récupération réussie: 200 images pour Gone Walking
[2025-06-03 22:45:54] Voting fetching ...
[2025-06-03 22:45:54] Gone Walking voting 10 images
[2025-06-03 22:45:54] Récupération réussie: 200 images pour Joined Together
[2025-06-03 22:45:54] Voting fetching ...
[2025-06-03 22:45:54] Joined Together voting 10 images
[2025-06-03 22:45:54] Récupération réussie: 200 images pour Asphalt Streets
[2025-06-03 22:45:54] Voting fetching ...
[2025-06-03 22:45:54] Asphalt Streets voting 10 images
[2025-06-03 22:45:54] Récupération réussie: 200 images pour Gone Walking
[2025-06-03 22:45:54] Voting fetching ...
[2025-06-03 22:45:54] Gone Walking voting 10 images
[2025-06-03 22:45:54] Récupération réussie: 200 images pour Buildings Next To Water
[2025-06-03 22:45:54] Voting fetching ...
[2025-06-03 22:45:54] Buildings Next To Water voting 10 images
[2025-06-03 22:45:54] Récupération réussie: 200 images pour Guru of The Week
[2025-06-03 22:45:54] Voting fetching ...
[2025-06-03 22:45:54] Guru of The Week voting 10 images
[2025-06-03 22:45:54] Récupération réussie: 200 images pour Joined Together
[2025-06-03 22:45:54] Voting fetching ...
[2025-06-03 22:45:54] Joined Together voting 10 images
[2025-06-03 22:45:54] Récupération réussie: 200 images pour Guru of The Week
[2025-06-03 22:45:54] Voting fetching ...
[2025-06-03 22:45:54] Guru of The Week voting 10 images
[2025-06-03 22:45:54] Récupération réussie: 200 images pour Guru of The Week
[2025-06-03 22:45:54] Voting fetching ...
[2025-06-03 22:45:54] Guru of The Week voting 10 images
[2025-06-03 22:45:54] Récupération réussie: 200 images pour Asphalt Streets
[2025-06-03 22:45:54] Voting fetching ...
[2025-06-03 22:45:54] Asphalt Streets voting 10 images
[2025-06-03 22:45:54] Récupération réussie: 200 images pour Joined Together
[2025-06-03 22:45:54] Voting fetching ...
[2025-06-03 22:45:54] Joined Together voting 10 images
[2025-06-03 22:45:54] Récupération réussie: 200 images pour Joined Together
[2025-06-03 22:45:54] Voting fetching ...
[2025-06-03 22:45:54] Joined Together voting 10 images
[2025-06-03 22:45:54] Récupération réussie: 200 images pour Asphalt Streets
[2025-06-03 22:45:54] Voting fetching ...
[2025-06-03 22:45:54] Asphalt Streets voting 10 images
[2025-06-03 22:45:54] Récupération réussie: 200 images pour Guru of The Week
[2025-06-03 22:45:54] Voting fetching ...
[2025-06-03 22:45:54] Guru of The Week voting 10 images
[2025-06-03 22:45:54] Récupération réussie: 200 images pour Gone Walking
[2025-06-03 22:45:54] Voting fetching ...
[2025-06-03 22:45:54] Gone Walking voting 10 images
[2025-06-03 22:45:54] Récupération réussie: 200 images pour Guru of The Week
[2025-06-03 22:45:54] Voting fetching ...
[2025-06-03 22:45:54] Guru of The Week voting 10 images
[2025-06-03 22:45:54] Récupération réussie: 200 images pour Buildings Next To Water
[2025-06-03 22:45:54] Voting fetching ...
[2025-06-03 22:45:54] Buildings Next To Water voting 10 images
[2025-06-03 22:45:54] Récupération réussie: 200 images pour Guru of The Week
[2025-06-03 22:45:54] Voting fetching ...
[2025-06-03 22:45:54] Guru of The Week voting 10 images
[2025-06-03 22:45:54] Récupération réussie: 200 images pour Photographer of the Week
[2025-06-03 22:45:54] Voting fetching ...
[2025-06-03 22:45:54] Photographer of the Week voting 10 images
[2025-06-03 22:45:54] Récupération réussie: 200 images pour Buildings Next To Water
[2025-06-03 22:45:54] Voting fetching ...
[2025-06-03 22:45:54] Buildings Next To Water voting 10 images
[2025-06-03 22:45:54] Récupération réussie: 200 images pour Buildings Next To Water
[2025-06-03 22:45:54] Voting fetching ...
[2025-06-03 22:45:54] Buildings Next To Water voting 10 images
[2025-06-03 22:45:54] Récupération réussie: 200 images pour Buildings Next To Water
[2025-06-03 22:45:54] Voting fetching ...
[2025-06-03 22:45:54] Buildings Next To Water voting 10 images
[2025-06-03 22:45:54] Récupération réussie: 200 images pour Asphalt Streets
[2025-06-03 22:45:54] Voting fetching ...
[2025-06-03 22:45:54] Asphalt Streets voting 10 images
[2025-06-03 22:45:54] Récupération réussie: 200 images pour Guru of The Week
[2025-06-03 22:45:54] Voting fetching ...
[2025-06-03 22:45:54] Guru of The Week voting 10 images
[2025-06-03 22:45:54] Récupération réussie: 200 images pour Asphalt Streets
[2025-06-03 22:45:54] Voting fetching ...
[2025-06-03 22:45:54] Asphalt Streets voting 10 images
[2025-06-03 22:45:54] Récupération réussie: 200 images pour Buildings Next To Water
[2025-06-03 22:45:54] Voting fetching ...
[2025-06-03 22:45:54] Buildings Next To Water voting 10 images
[2025-06-03 22:45:54] Récupération réussie: 200 images pour Joined Together
[2025-06-03 22:45:54] Voting fetching ...
[2025-06-03 22:45:54] Joined Together voting 10 images
[2025-06-03 22:45:55] Récupération réussie: 200 images pour Buildings Next To Water
[2025-06-03 22:45:55] Voting fetching ...
[2025-06-03 22:45:55] Buildings Next To Water voting 10 images
[2025-06-03 22:45:55] Récupération réussie: 200 images pour Photographer of the Week
[2025-06-03 22:45:55] Voting fetching ...
[2025-06-03 22:45:55] Photographer of the Week voting 10 images
[2025-06-03 22:45:55] Récupération réussie: 200 images pour Asphalt Streets
[2025-06-03 22:45:55] Voting fetching ...
[2025-06-03 22:45:55] Asphalt Streets voting 10 images
[2025-06-03 22:45:55] Récupération réussie: 200 images pour Photographer of the Week
[2025-06-03 22:45:55] Voting fetching ...
[2025-06-03 22:45:55] Photographer of the Week voting 10 images
[2025-06-03 22:45:55] Récupération réussie: 200 images pour Photographer of the Week
[2025-06-03 22:45:55] Voting fetching ...
[2025-06-03 22:45:55] Photographer of the Week voting 10 images
[2025-06-03 22:45:55] Récupération réussie: 200 images pour Photographer of the Week
[2025-06-03 22:45:55] Voting fetching ...
[2025-06-03 22:45:55] Photographer of the Week voting 10 images
[2025-06-03 22:45:55] Récupération réussie: 200 images pour Photographer of the Week
[2025-06-03 22:45:55] Voting fetching ...
[2025-06-03 22:45:55] Photographer of the Week voting 10 images
[2025-06-03 22:45:55] Récupération réussie: 200 images pour Photographer of the Week
[2025-06-03 22:45:55] Voting fetching ...
[2025-06-03 22:45:55] Photographer of the Week voting 10 images
[2025-06-03 22:45:55] Récupération réussie: 200 images pour Ultimate Exposure
[2025-06-03 22:45:55] Voting fetching ...
[2025-06-03 22:45:55] Ultimate Exposure voting 10 images
[2025-06-03 22:45:55] Récupération réussie: 200 images pour Still Life
[2025-06-03 22:45:55] Voting fetching ...
[2025-06-03 22:45:55] Still Life voting 10 images
[2025-06-03 22:45:55] Récupération réussie: 200 images pour Still Life
[2025-06-03 22:45:55] Voting fetching ...
[2025-06-03 22:45:55] Still Life voting 10 images
[2025-06-03 22:45:55] Récupération réussie: 200 images pour Dramatic Lighting
[2025-06-03 22:45:55] Voting fetching ...
[2025-06-03 22:45:55] Dramatic Lighting voting 10 images
[2025-06-03 22:45:55] Récupération réussie: 200 images pour Ultimate Exposure
[2025-06-03 22:45:55] Voting fetching ...
[2025-06-03 22:45:55] Ultimate Exposure voting 10 images
[2025-06-03 22:45:55] Récupération réussie: 200 images pour Ultimate Exposure
[2025-06-03 22:45:55] Voting fetching ...
[2025-06-03 22:45:55] Ultimate Exposure voting 10 images
[2025-06-03 22:45:55] Récupération réussie: 200 images pour Dramatic Lighting
[2025-06-03 22:45:55] Voting fetching ...
[2025-06-03 22:45:55] Dramatic Lighting voting 10 images
[2025-06-03 22:45:55] Récupération réussie: 200 images pour Dramatic Lighting
[2025-06-03 22:45:55] Voting fetching ...
[2025-06-03 22:45:55] Dramatic Lighting voting 10 images
[2025-06-03 22:45:55] Récupération réussie: 200 images pour Dramatic Lighting
[2025-06-03 22:45:55] Voting fetching ...
[2025-06-03 22:45:55] Dramatic Lighting voting 10 images
[2025-06-03 22:45:55] Récupération réussie: 200 images pour Ultimate Exposure
[2025-06-03 22:45:55] Voting fetching ...
[2025-06-03 22:45:55] Ultimate Exposure voting 10 images
[2025-06-03 22:45:55] Récupération réussie: 200 images pour Ultimate Exposure
[2025-06-03 22:45:55] Voting fetching ...
[2025-06-03 22:45:55] Ultimate Exposure voting 10 images
[2025-06-03 22:45:55] Récupération réussie: 200 images pour Still Life
[2025-06-03 22:45:55] Voting fetching ...
[2025-06-03 22:45:55] Still Life voting 10 images
[2025-06-03 22:45:55] Récupération réussie: 200 images pour Best of Black & White
[2025-06-03 22:45:55] Voting fetching ...
[2025-06-03 22:45:55] Best of Black & White voting 10 images
[2025-06-03 22:45:55] Récupération réussie: 200 images pour Still Life
[2025-06-03 22:45:55] Voting fetching ...
[2025-06-03 22:45:55] Still Life voting 10 images
[2025-06-03 22:45:55] Récupération réussie: 200 images pour Dramatic Lighting
[2025-06-03 22:45:55] Voting fetching ...
[2025-06-03 22:45:55] Dramatic Lighting voting 10 images
[2025-06-03 22:45:55] Récupération réussie: 200 images pour Best of Black & White
[2025-06-03 22:45:55] Voting fetching ...
[2025-06-03 22:45:55] Best of Black & White voting 10 images
[2025-06-03 22:45:55] Récupération réussie: 200 images pour Ultimate Exposure
[2025-06-03 22:45:55] Voting fetching ...
[2025-06-03 22:45:55] Ultimate Exposure voting 10 images
[2025-06-03 22:45:55] Récupération réussie: 200 images pour Best of Black & White
[2025-06-03 22:45:55] Voting fetching ...
[2025-06-03 22:45:55] Best of Black & White voting 10 images
[2025-06-03 22:45:56] Récupération réussie: 200 images pour Ultimate Exposure
[2025-06-03 22:45:56] Voting fetching ...
[2025-06-03 22:45:56] Ultimate Exposure voting 10 images
[2025-06-03 22:45:56] Récupération réussie: 200 images pour Still Life
[2025-06-03 22:45:56] Voting fetching ...
[2025-06-03 22:45:56] Still Life voting 10 images
[2025-06-03 22:45:56] Récupération réussie: 200 images pour Dramatic Lighting
[2025-06-03 22:45:56] Voting fetching ...
[2025-06-03 22:45:56] Dramatic Lighting voting 10 images
[2025-06-03 22:45:56] Récupération réussie: 200 images pour Best of Black & White
[2025-06-03 22:45:56] Voting fetching ...
[2025-06-03 22:45:56] Best of Black & White voting 10 images
[2025-06-03 22:45:56] Récupération réussie: 200 images pour Still Life
[2025-06-03 22:45:56] Voting fetching ...
[2025-06-03 22:45:56] Still Life voting 10 images
[2025-06-03 22:45:56] Récupération réussie: 200 images pour Dramatic Lighting
[2025-06-03 22:45:56] Voting fetching ...
[2025-06-03 22:45:56] Dramatic Lighting voting 10 images
[2025-06-03 22:45:56] Récupération réussie: 200 images pour Best of Black & White
[2025-06-03 22:45:56] Voting fetching ...
[2025-06-03 22:45:56] Best of Black & White voting 10 images
[2025-06-03 22:45:56] Récupération réussie: 200 images pour Still Life
[2025-06-03 22:45:56] Voting fetching ...
[2025-06-03 22:45:56] Still Life voting 10 images
[2025-06-03 22:45:56] Récupération réussie: 200 images pour Best of Black & White
[2025-06-03 22:45:56] Voting fetching ...
[2025-06-03 22:45:56] Best of Black & White voting 10 images
[2025-06-03 22:45:56] Récupération réussie: 200 images pour Best of Black & White
[2025-06-03 22:45:56] Voting fetching ...
[2025-06-03 22:45:56] Best of Black & White voting 10 images
[2025-06-03 22:45:56] Récupération réussie: 200 images pour Landscape Photographer of the Year
[2025-06-03 22:45:56] Voting fetching ...
[2025-06-03 22:45:56] Landscape Photographer of the Year voting 10 images
[2025-06-03 22:45:56] Récupération réussie: 200 images pour Landscape Photographer of the Year
[2025-06-03 22:45:56] Voting fetching ...
[2025-06-03 22:45:56] Landscape Photographer of the Year voting 10 images
[2025-06-03 22:45:56] Récupération réussie: 200 images pour Landscape Photographer of the Year
[2025-06-03 22:45:56] Voting fetching ...
[2025-06-03 22:45:56] Landscape Photographer of the Year voting 10 images
[2025-06-03 22:45:56] Récupération réussie: 200 images pour Landscape Photographer of the Year
[2025-06-03 22:45:56] Voting fetching ...
[2025-06-03 22:45:56] Landscape Photographer of the Year voting 10 images
[2025-06-03 22:45:56] Récupération réussie: 200 images pour Landscape Photographer of the Year
[2025-06-03 22:45:56] Voting fetching ...
[2025-06-03 22:45:56] Landscape Photographer of the Year voting 10 images
[2025-06-03 22:45:56] Récupération réussie: 200 images pour Landscape Photographer of the Year
[2025-06-03 22:45:56] Voting fetching ...
[2025-06-03 22:45:56] Landscape Photographer of the Year voting 10 images
[2025-06-03 22:45:56] Récupération réussie: 200 images pour Landscape Photographer of the Year
[2025-06-03 22:45:56] Voting fetching ...
[2025-06-03 22:45:56] Landscape Photographer of the Year voting 10 images
[2025-06-03 22:45:57] Artworks on Walls voted successfully
[2025-06-03 22:45:59] Artworks on Walls voted successfully
[2025-06-03 22:46:01] Artworks on Walls voted successfully
[2025-06-03 22:46:03] Artworks on Walls voted successfully
[2025-06-03 22:46:05] Gone Walking voted successfully
[2025-06-03 22:46:07] Artworks on Walls voted successfully
[2025-06-03 22:46:09] Gone Walking voted successfully
[2025-06-03 22:46:11] Artworks on Walls voted successfully
[2025-06-03 22:46:13] Gone Walking voted successfully
[2025-06-03 22:46:15] Gone Walking voted successfully
[2025-06-03 22:46:17] Joined Together voted successfully
[2025-06-03 22:46:19] Joined Together voted successfully
[2025-06-03 22:46:21] Joined Together voted successfully
[2025-06-03 22:46:23] Asphalt Streets voted successfully
[2025-06-03 22:46:25] Gone Walking voted successfully
[2025-06-03 22:46:27] Artworks on Walls voted successfully
[2025-06-03 22:46:29] Buildings Next To Water voted successfully
[2025-06-03 22:46:31] Guru of The Week voted successfully
[2025-06-03 22:46:33] Joined Together voted successfully
[2025-06-03 22:46:35] Guru of The Week voted successfully
[2025-06-03 22:46:37] Asphalt Streets voted successfully
[2025-06-03 22:46:39] Guru of The Week voted successfully
[2025-06-03 22:46:41] Joined Together voted successfully
[2025-06-03 22:46:43] Asphalt Streets voted successfully
[2025-06-03 22:46:45] Guru of The Week voted successfully
[2025-06-03 22:46:47] Gone Walking voted successfully
[2025-06-03 22:46:49] Asphalt Streets voted successfully
[2025-06-03 22:46:51] Joined Together voted successfully
[2025-06-03 22:46:53] Guru of The Week voted successfully
[2025-06-03 22:46:55] Gone Walking voted successfully
[2025-06-03 22:46:57] Guru of The Week voted successfully
[2025-06-03 22:46:59] Buildings Next To Water voted successfully
[2025-06-03 22:47:01] Buildings Next To Water voted successfully
[2025-06-03 22:47:03] Asphalt Streets voted successfully
[2025-06-03 22:47:05] Photographer of the Week voted successfully
[2025-06-03 22:47:07] Guru of The Week voted successfully
[2025-06-03 22:47:09] Buildings Next To Water voted successfully
[2025-06-03 22:47:11] Asphalt Streets voted successfully
[2025-06-03 22:47:13] Buildings Next To Water voted successfully
[2025-06-03 22:47:15] Photographer of the Week voted successfully
[2025-06-03 22:47:17] Joined Together voted successfully
[2025-06-03 22:47:19] Photographer of the Week voted successfully
[2025-06-03 22:47:21] Photographer of the Week voted successfully
[2025-06-03 22:47:23] Still Life voted successfully
[2025-06-03 22:47:25] Photographer of the Week voted successfully
[2025-06-03 22:47:27] Asphalt Streets voted successfully
[2025-06-03 22:47:29] Buildings Next To Water voted successfully
[2025-06-03 22:47:31] Dramatic Lighting voted successfully
[2025-06-03 22:47:33] Best of Black & White voted successfully
[2025-06-03 22:47:35] Ultimate Exposure voted successfully
[2025-06-03 22:47:37] Photographer of the Week voted successfully
[2025-06-03 22:47:39] Ultimate Exposure voted successfully
[2025-06-03 22:47:41] Buildings Next To Water voted successfully
[2025-06-03 22:47:43] Dramatic Lighting voted successfully
[2025-06-03 22:47:45] Best of Black & White voted successfully
[2025-06-03 22:47:47] Still Life voted successfully
[2025-06-03 22:47:49] Best of Black & White voted successfully
[2025-06-03 22:47:51] Still Life voted successfully
[2025-06-03 22:47:53] Dramatic Lighting voted successfully
[2025-06-03 22:47:55] Dramatic Lighting voted successfully
[2025-06-03 22:47:57] Still Life voted successfully
[2025-06-03 22:47:59] Ultimate Exposure voted successfully
[2025-06-03 22:48:01] Dramatic Lighting voted successfully
[2025-06-03 22:48:03] Ultimate Exposure voted successfully
[2025-06-03 22:48:05] Still Life voted successfully
[2025-06-03 22:48:07] Best of Black & White voted successfully
[2025-06-03 22:48:09] Dramatic Lighting voted successfully
[2025-06-03 22:48:11] Best of Black & White voted successfully
[2025-06-03 22:48:13] Best of Black & White voted successfully
[2025-06-03 22:48:15] Still Life voted successfully
[2025-06-03 22:48:17] Landscape Photographer of the Year voted successfully
[2025-06-03 22:48:19] Landscape Photographer of the Year voted successfully
[2025-06-03 22:48:21] Best of Black & White voted successfully
[2025-06-03 22:48:23] Dramatic Lighting voted successfully
[2025-06-03 22:48:25] Landscape Photographer of the Year voted successfully
[2025-06-03 22:48:27] Ultimate Exposure voted successfully
[2025-06-03 22:48:29] Ultimate Exposure voted successfully
[2025-06-03 22:48:31] Landscape Photographer of the Year voted successfully
[2025-06-03 22:48:33] Photographer of the Week voted successfully
[2025-06-03 22:48:35] Still Life voted successfully
[2025-06-03 22:48:37] Landscape Photographer of the Year voted successfully
[2025-06-03 22:48:39] Landscape Photographer of the Year voted successfully
[2025-06-03 22:48:41] Landscape Photographer of the Year voted successfully
[2025-06-03 22:48:43] Ultimate Exposure voted successfully
[2025-06-03 22:48:47] Challenges fetching ...
[2025-06-03 22:48:47] Challenges fetched successfully for pascale!
[2025-06-03 22:48:47] Challenges fetching ...
[2025-06-03 22:48:47] Challenges fetched successfully for pascale!
[2025-06-03 22:48:47] Challenges fetching ...
[2025-06-03 22:48:48] Challenges fetched successfully for pascale!
[2025-06-03 22:48:48] Challenges fetching ...
[2025-06-03 22:48:48] Challenges fetched successfully for pascale!
[2025-06-03 22:48:48] Challenges fetching ...
[2025-06-03 22:48:48] Challenges fetched successfully for pascale!
[2025-06-03 22:48:48] Challenges fetching ...
[2025-06-03 22:48:48] Challenges fetched successfully for pascale!
[2025-06-03 22:48:48] Challenges fetching ...
[2025-06-03 22:48:48] Challenges fetched successfully for pascale!
[2025-06-03 22:48:48] Challenges fetching ...
[2025-06-03 22:48:48] Challenges fetched successfully for pascale!
[2025-06-03 22:48:48] Challenges fetching ...
[2025-06-03 22:48:48] Challenges fetched successfully for pascale!
[2025-06-03 22:48:48] Challenges fetching ...
[2025-06-03 22:48:48] Challenges fetched successfully for pascale!
[2025-06-03 22:48:48] Challenges fetching ...
[2025-06-03 22:48:48] Challenges fetched successfully for pascale!
[2025-06-03 22:48:48] Challenges fetching ...
[2025-06-03 22:48:48] Challenges fetched successfully for pascale!
[2025-06-03 22:48:48] Challenges fetching ...
[2025-06-03 22:48:48] Challenges fetched successfully for pascale!
[2025-06-03 22:48:48] Challenges fetching ...
[2025-06-03 22:48:48] Challenges fetched successfully for pascale!
[2025-06-03 22:48:48] Challenges fetching ...
[2025-06-03 22:48:48] Challenges fetched successfully for pascale!
[2025-06-03 22:48:48] Challenges fetching ...
[2025-06-03 22:48:48] Challenges fetched successfully for pascale!
[2025-06-03 22:48:48] Challenges fetching ...
[2025-06-03 22:48:48] Challenges fetched successfully for pascale!
[2025-06-03 22:48:49] Challenges fetching ...
[2025-06-03 22:48:49] Challenges fetched successfully for pascale!
[2025-06-03 22:48:49] Challenges fetching ...
[2025-06-03 22:48:49] Challenges fetched successfully for pascale!
[2025-06-03 22:48:49] Challenges fetching ...
[2025-06-03 22:48:49] Challenges fetched successfully for pascale!
[2025-06-03 22:48:49] Challenges fetching ...
[2025-06-03 22:48:49] Challenges fetched successfully for pascale!
[2025-06-03 22:48:49] Challenges fetching ...
[2025-06-03 22:48:49] Challenges fetched successfully for pascale!
[2025-06-03 22:48:49] Challenges fetching ...
[2025-06-03 22:48:49] Challenges fetched successfully for pascale!
[2025-06-03 22:48:49] Challenges fetching ...
[2025-06-03 22:48:49] Challenges fetched successfully for pascale!
[2025-06-03 22:48:49] Challenges fetching ...
[2025-06-03 22:48:49] Challenges fetched successfully for pascale!
[2025-06-03 22:48:49] Challenges fetching ...
[2025-06-03 22:48:49] Challenges fetched successfully for pascale!
[2025-06-03 22:48:49] Challenges fetching ...
[2025-06-03 22:48:49] Challenges fetched successfully for pascale!
[2025-06-03 22:48:49] Challenges fetching ...
[2025-06-03 22:48:49] Challenges fetched successfully for pascale!
[2025-06-03 22:48:49] Challenges fetching ...
[2025-06-03 22:48:49] Challenges fetched successfully for pascale!
[2025-06-03 22:48:49] Challenges fetching ...
[2025-06-03 22:48:49] Challenges fetched successfully for pascale!
[2025-06-03 22:48:49] Challenges fetching ...
[2025-06-03 22:48:49] Challenges fetched successfully for pascale!
[2025-06-03 22:48:49] Challenges fetching ...
[2025-06-03 22:48:49] Challenges fetched successfully for pascale!
[2025-06-03 22:48:49] Challenges fetching ...
[2025-06-03 22:48:49] Challenges fetched successfully for pascale!
[2025-06-03 22:48:49] Challenges fetching ...
[2025-06-03 22:48:49] Challenges fetched successfully for pascale!
[2025-06-03 22:48:49] Challenges fetching ...
[2025-06-03 22:48:49] Challenges fetched successfully for pascale!
[2025-06-03 22:48:49] Challenges fetching ...
[2025-06-03 22:48:50] Challenges fetched successfully for pascale!
[2025-06-03 22:48:50] Challenges fetching ...
[2025-06-03 22:48:50] Challenges fetched successfully for pascale!
[2025-06-03 22:48:50] Challenges fetching ...
[2025-06-03 22:48:50] Challenges fetched successfully for pascale!
[2025-06-03 22:48:50] Challenges fetching ...
[2025-06-03 22:48:50] Challenges fetched successfully for pascale!
[2025-06-03 22:48:50] Challenges fetching ...
[2025-06-03 22:48:50] Challenges fetched successfully for pascale!
[2025-06-03 22:48:50] Challenges fetching ...
[2025-06-03 22:48:50] Challenges fetched successfully for pascale!
[2025-06-03 22:48:50] Challenges fetching ...
[2025-06-03 22:48:50] Challenges fetched successfully for pascale!
[2025-06-03 22:48:50] Challenges fetching ...
[2025-06-03 22:48:50] Challenges fetched successfully for pascale!
[2025-06-03 22:48:50] Challenges fetching ...
[2025-06-03 22:48:50] Challenges fetched successfully for pascale!
[2025-06-03 22:48:50] Challenges fetching ...
[2025-06-03 22:48:50] Challenges fetched successfully for pascale!
[2025-06-03 22:48:50] Challenges fetching ...
[2025-06-03 22:48:50] Challenges fetched successfully for pascale!
[2025-06-03 22:48:50] Challenges fetching ...
[2025-06-03 22:48:50] Challenges fetched successfully for pascale!
[2025-06-03 22:48:50] Challenges fetching ...
[2025-06-03 22:48:50] Challenges fetched successfully for pascale!
[2025-06-03 22:48:50] Challenges fetching ...
[2025-06-03 22:48:50] Challenges fetched successfully for pascale!
[2025-06-03 22:48:50] Challenges fetching ...
[2025-06-03 22:48:50] Challenges fetched successfully for pascale!
[2025-06-03 22:48:50] Challenges fetching ...
[2025-06-03 22:48:51] Challenges fetched successfully for pascale!
[2025-06-03 22:48:51] Challenges fetching ...
[2025-06-03 22:48:51] Challenges fetched successfully for pascale!
[2025-06-03 22:48:51] Challenges fetching ...
[2025-06-03 22:48:51] Challenges fetched successfully for pascale!
[2025-06-03 22:48:51] Challenges fetching ...
[2025-06-03 22:48:51] Challenges fetched successfully for pascale!
[2025-06-03 22:48:51] Challenges fetching ...
[2025-06-03 22:48:51] Challenges fetched successfully for pascale!
[2025-06-03 22:48:51] Challenges fetching ...
[2025-06-03 22:48:51] Challenges fetched successfully for pascale!
[2025-06-03 22:48:51] Challenges fetching ...
[2025-06-03 22:48:51] Challenges fetched successfully for pascale!
[2025-06-03 22:48:51] Challenges fetching ...
[2025-06-03 22:48:51] Challenges fetched successfully for pascale!
[2025-06-03 22:48:51] Challenges fetching ...
[2025-06-03 22:48:51] Challenges fetched successfully for pascale!
[2025-06-03 22:48:51] Challenges fetching ...
[2025-06-03 22:48:51] Challenges fetched successfully for pascale!
[2025-06-03 22:48:51] Challenges fetching ...
[2025-06-03 22:48:51] Challenges fetched successfully for pascale!
[2025-06-03 22:48:51] Challenges fetching ...
[2025-06-03 22:48:51] Challenges fetched successfully for pascale!
[2025-06-03 22:48:51] Challenges fetching ...
[2025-06-03 22:48:51] Challenges fetched successfully for pascale!
[2025-06-03 22:48:51] Challenges fetching ...
[2025-06-03 22:48:51] Challenges fetched successfully for pascale!
[2025-06-03 22:48:51] Challenges fetching ...
[2025-06-03 22:48:51] Challenges fetched successfully for pascale!
[2025-06-03 22:48:51] Challenges fetching ...
[2025-06-03 22:48:51] Challenges fetched successfully for pascale!
[2025-06-03 22:48:52] Challenges fetching ...
[2025-06-03 22:48:52] Challenges fetched successfully for pascale!
[2025-06-03 22:48:52] Challenges fetching ...
[2025-06-03 22:48:52] Challenges fetched successfully for pascale!
[2025-06-03 22:48:52] Challenges fetching ...
[2025-06-03 22:48:52] Challenges fetched successfully for pascale!
[2025-06-03 22:48:52] Challenges fetching ...
[2025-06-03 22:48:52] Challenges fetched successfully for pascale!
[2025-06-03 22:48:52] Challenges fetching ...
[2025-06-03 22:48:52] Challenges fetched successfully for pascale!
[2025-06-03 22:48:52] Challenges fetching ...
[2025-06-03 22:48:52] Challenges fetched successfully for pascale!
[2025-06-03 22:48:52] Challenges fetching ...
[2025-06-03 22:48:52] Challenges fetched successfully for pascale!
[2025-06-03 22:48:52] Challenges fetching ...
[2025-06-03 22:48:52] Challenges fetched successfully for pascale!
[2025-06-03 22:48:52] Challenges fetching ...
[2025-06-03 22:48:52] Challenges fetched successfully for pascale!
[2025-06-03 22:48:52] Challenges fetching ...
[2025-06-03 22:48:52] Challenges fetched successfully for pascale!
[2025-06-03 22:48:52] Challenges fetching ...
[2025-06-03 22:48:52] Challenges fetched successfully for pascale!
[2025-06-03 22:48:52] Challenges fetching ...
[2025-06-03 22:48:52] Challenges fetched successfully for pascale!
[2025-06-03 22:48:53] Challenges fetching ...
[2025-06-03 22:48:53] Challenges fetched successfully for pascale!
[2025-06-03 22:48:53] Challenges fetching ...
[2025-06-03 22:48:53] Challenges fetched successfully for pascale!
[2025-06-03 22:48:53] Challenges fetching ...
[2025-06-03 22:48:53] Challenges fetched successfully for pascale!
[2025-06-03 22:48:53] Challenges fetching ...
[2025-06-03 22:48:53] Challenges fetched successfully for pascale!
[2025-06-03 22:48:53] Challenges fetching ...
[2025-06-03 22:48:54] Challenges fetched successfully for pascale!
[2025-06-03 22:48:54] Challenges fetching ...
[2025-06-03 22:48:54] Challenges fetched successfully for pascale!
[2025-06-03 23:26:50] Désélection de tous les challenges

[2025-06-03 23:26:51] Refreshing challenges...
[2025-06-03 23:26:51] Fetching challenges...
[2025-06-03 23:26:52] Challenges fetching ...
[2025-06-03 23:26:52] Lancement automatique des stratégies de fin pour 1 nouveaux challenges...
[2025-06-03 23:26:52] Nouveau challenge détecté pour bruno: Asphalt Streets
[2025-06-03 23:26:52] Challenges fetched successfully for bruno!
[2025-06-03 23:26:57] Asphalt Streets get vote panel
[2025-06-03 23:27:18] Filling challenges: {101561}
Filled Asphalt Streets with strategy end4

[2025-06-03 23:27:18] Récupération des données de vote pour Asphalt Streets (URL: asphalt-streets, HEADER:{'User-Agent': 'Mozilla/5.0 (X11; Linux i686; rv:39.0) Gecko/20100101 Firefox/39.0', 'x-api-version': '8', 'x-env': 'WEB', 'X-requested-with': 'XMLHttpRequest', 'X-token': 'a1cad95a6d480c14f51dd0eba4914c8337b893c789ec6278bb440c7c9a673b162f042470c62684e6da2bd342ffea7777'})
[2025-06-03 23:27:18] Récupération des données de vote pour Asphalt Streets (URL: asphalt-streets, HEADER:{'User-Agent': 'Mozilla/5.0 (X11; Linux i686; rv:39.0) Gecko/20100101 Firefox/39.0', 'x-api-version': '8', 'x-env': 'WEB', 'X-requested-with': 'XMLHttpRequest', 'X-token': 'a1cad95a6d480c14f51dd0eba4914c8337b893c789ec6278bb440c7c9a673b162f042470c62684e6da2bd342ffea7777'})
[2025-06-03 23:27:18] Récupération des données de vote pour Asphalt Streets (URL: asphalt-streets, HEADER:{'User-Agent': 'Mozilla/5.0 (X11; Linux i686; rv:39.0) Gecko/20100101 Firefox/39.0', 'x-api-version': '8', 'x-env': 'WEB', 'X-requested-with': 'XMLHttpRequest', 'X-token': 'a1cad95a6d480c14f51dd0eba4914c8337b893c789ec6278bb440c7c9a673b162f042470c62684e6da2bd342ffea7777'})
[2025-06-03 23:27:18] Récupération des données de vote pour Asphalt Streets (URL: asphalt-streets, HEADER:{'User-Agent': 'Mozilla/5.0 (X11; Linux i686; rv:39.0) Gecko/20100101 Firefox/39.0', 'x-api-version': '8', 'x-env': 'WEB', 'X-requested-with': 'XMLHttpRequest', 'X-token': 'a1cad95a6d480c14f51dd0eba4914c8337b893c789ec6278bb440c7c9a673b162f042470c62684e6da2bd342ffea7777'})
[2025-06-03 23:27:18] Récupération des données de vote pour Asphalt Streets (URL: asphalt-streets, HEADER:{'User-Agent': 'Mozilla/5.0 (X11; Linux i686; rv:39.0) Gecko/20100101 Firefox/39.0', 'x-api-version': '8', 'x-env': 'WEB', 'X-requested-with': 'XMLHttpRequest', 'X-token': 'a1cad95a6d480c14f51dd0eba4914c8337b893c789ec6278bb440c7c9a673b162f042470c62684e6da2bd342ffea7777'})
[2025-06-03 23:27:18] Récupération des données de vote pour Asphalt Streets (URL: asphalt-streets, HEADER:{'User-Agent': 'Mozilla/5.0 (X11; Linux i686; rv:39.0) Gecko/20100101 Firefox/39.0', 'x-api-version': '8', 'x-env': 'WEB', 'X-requested-with': 'XMLHttpRequest', 'X-token': 'a1cad95a6d480c14f51dd0eba4914c8337b893c789ec6278bb440c7c9a673b162f042470c62684e6da2bd342ffea7777'})
[2025-06-03 23:27:18] Récupération des données de vote pour Asphalt Streets (URL: asphalt-streets, HEADER:{'User-Agent': 'Mozilla/5.0 (X11; Linux i686; rv:39.0) Gecko/20100101 Firefox/39.0', 'x-api-version': '8', 'x-env': 'WEB', 'X-requested-with': 'XMLHttpRequest', 'X-token': 'a1cad95a6d480c14f51dd0eba4914c8337b893c789ec6278bb440c7c9a673b162f042470c62684e6da2bd342ffea7777'})
[2025-06-03 23:27:19] Récupération réussie: 200 images pour Asphalt Streets
[2025-06-03 23:27:19] Voting fetching ...
[2025-06-03 23:27:19] Asphalt Streets voting 10 images
[2025-06-03 23:27:19] Récupération réussie: 200 images pour Asphalt Streets
[2025-06-03 23:27:19] Voting fetching ...
[2025-06-03 23:27:19] Asphalt Streets voting 10 images
[2025-06-03 23:27:19] Récupération réussie: 200 images pour Asphalt Streets
[2025-06-03 23:27:19] Voting fetching ...
[2025-06-03 23:27:19] Asphalt Streets voting 10 images
[2025-06-03 23:27:19] Récupération réussie: 200 images pour Asphalt Streets
[2025-06-03 23:27:19] Voting fetching ...
[2025-06-03 23:27:19] Asphalt Streets voting 10 images
[2025-06-03 23:27:19] Récupération réussie: 200 images pour Asphalt Streets
[2025-06-03 23:27:19] Voting fetching ...
[2025-06-03 23:27:19] Asphalt Streets voting 10 images
[2025-06-03 23:27:19] Récupération réussie: 200 images pour Asphalt Streets
[2025-06-03 23:27:19] Voting fetching ...
[2025-06-03 23:27:19] Asphalt Streets voting 10 images
[2025-06-03 23:27:19] Récupération réussie: 200 images pour Asphalt Streets
[2025-06-03 23:27:19] Voting fetching ...
[2025-06-03 23:27:19] Asphalt Streets voting 10 images
[2025-06-03 23:27:20] Asphalt Streets voted successfully
[2025-06-03 23:27:22] Asphalt Streets voted successfully
[2025-06-03 23:27:24] Asphalt Streets voted successfully
[2025-06-03 23:27:26] Asphalt Streets voted successfully
[2025-06-03 23:27:28] Asphalt Streets voted successfully
[2025-06-03 23:27:30] Asphalt Streets voted successfully
[2025-06-03 23:27:32] Asphalt Streets voted successfully
[2025-06-03 23:27:35] Challenges fetching ...
[2025-06-03 23:27:35] Challenges fetched successfully for bruno!
[2025-06-03 23:27:35] Challenges fetching ...
[2025-06-03 23:27:35] Challenges fetched successfully for bruno!
[2025-06-03 23:27:35] Challenges fetching ...
[2025-06-03 23:27:35] Challenges fetched successfully for bruno!
[2025-06-03 23:27:35] Challenges fetching ...
[2025-06-03 23:27:35] Challenges fetched successfully for bruno!
[2025-06-03 23:27:35] Challenges fetching ...
[2025-06-03 23:27:35] Challenges fetched successfully for bruno!
[2025-06-03 23:27:35] Challenges fetching ...
[2025-06-03 23:27:35] Challenges fetched successfully for bruno!
[2025-06-03 23:27:35] Challenges fetching ...
[2025-06-03 23:27:35] Challenges fetched successfully for bruno!
