[2025-05-31 10:09:53] Désélection de tous les challenges

[2025-05-31 10:09:55] Refreshing challenges...
[2025-05-31 10:09:55] Fetching challenges...
[2025-05-31 10:09:56] Challenges fetching ...
[2025-05-31 10:09:56] Lancement automatique des stratégies de fin pour 4 nouveaux challenges...
[2025-05-31 10:09:56] Nouveau challenge détecté pour pascale: Lucky Shot
[2025-05-31 10:09:56] Nouveau challenge détecté pour pascale: Favorite Animal
[2025-05-31 10:09:56] Nouveau challenge détecté pour pascale: Photographer of the Week
[2025-05-31 10:09:56] Nouveau challenge détecté pour pascale: Downwards Perspective
[2025-05-31 10:09:56] Challenges fetched successfully for pascale!
[2025-05-31 10:12:18] Favorite Animal get vote panel
[2025-05-31 10:12:18] On Vacation get vote panel
[2025-05-31 10:12:18] Traveling Portraits get vote panel
[2025-05-31 10:12:18] Downwards Perspective get vote panel
[2025-05-31 10:12:18] Filling challenges: {100584, 100643, 100635, 100580}
Filled Favorite Animal with strategy end18
Filled On Vacation with strategy end18
Filled Traveling Portraits with strategy end18
Filled Downwards Perspective with strategy end18

[2025-05-31 10:12:18] Récupération des données de vote pour Favorite Animal (URL: favorite-animal, HEADER:{'User-Agent': 'Mozilla/5.0 (X11; Linux i686; rv:39.0) Gecko/20100101 Firefox/39.0', 'x-api-version': '8', 'x-env': 'WEB', 'X-requested-with': 'XMLHttpRequest', 'X-token': 'f96bbe3a7e7f833329e7129767a69abbfa6dfce3152e3c2a311eb49d89b5c3bb2b12b66b402f03dce682b8b2b6a005cd'})
[2025-05-31 10:12:18] Récupération des données de vote pour On Vacation (URL: on-vacation1, HEADER:{'User-Agent': 'Mozilla/5.0 (X11; Linux i686; rv:39.0) Gecko/20100101 Firefox/39.0', 'x-api-version': '8', 'x-env': 'WEB', 'X-requested-with': 'XMLHttpRequest', 'X-token': 'f96bbe3a7e7f833329e7129767a69abbfa6dfce3152e3c2a311eb49d89b5c3bb2b12b66b402f03dce682b8b2b6a005cd'})
[2025-05-31 10:12:18] Récupération des données de vote pour Traveling Portraits (URL: traveling-portraits1, HEADER:{'User-Agent': 'Mozilla/5.0 (X11; Linux i686; rv:39.0) Gecko/20100101 Firefox/39.0', 'x-api-version': '8', 'x-env': 'WEB', 'X-requested-with': 'XMLHttpRequest', 'X-token': 'f96bbe3a7e7f833329e7129767a69abbfa6dfce3152e3c2a311eb49d89b5c3bb2b12b66b402f03dce682b8b2b6a005cd'})
[2025-05-31 10:12:18] Récupération des données de vote pour Downwards Perspective (URL: downwards-perspective, HEADER:{'User-Agent': 'Mozilla/5.0 (X11; Linux i686; rv:39.0) Gecko/20100101 Firefox/39.0', 'x-api-version': '8', 'x-env': 'WEB', 'X-requested-with': 'XMLHttpRequest', 'X-token': 'f96bbe3a7e7f833329e7129767a69abbfa6dfce3152e3c2a311eb49d89b5c3bb2b12b66b402f03dce682b8b2b6a005cd'})
[2025-05-31 10:12:19] Récupération réussie: 200 images pour Downwards Perspective
[2025-05-31 10:12:19] Voting fetching ...
[2025-05-31 10:12:19] Downwards Perspective voting 100 images
[2025-05-31 10:12:19] Récupération réussie: 200 images pour On Vacation
[2025-05-31 10:12:19] Voting fetching ...
[2025-05-31 10:12:19] On Vacation voting 100 images
[2025-05-31 10:12:19] Récupération réussie: 200 images pour Traveling Portraits
[2025-05-31 10:12:19] Voting fetching ...
[2025-05-31 10:12:19] Traveling Portraits voting 100 images
[2025-05-31 10:12:19] Récupération réussie: 200 images pour Favorite Animal
[2025-05-31 10:12:19] Voting fetching ...
[2025-05-31 10:12:19] Favorite Animal voting 100 images
[2025-05-31 10:12:20] Traveling Portraits voted successfully
[2025-05-31 10:12:22] Downwards Perspective voted successfully
[2025-05-31 10:12:24] On Vacation voted successfully
[2025-05-31 10:12:26] Favorite Animal voted successfully
[2025-05-31 10:12:30] Challenges fetching ...
[2025-05-31 10:12:30] Challenges fetched successfully for pascale!
[2025-05-31 10:12:30] Challenges fetching ...
[2025-05-31 10:12:30] Challenges fetched successfully for pascale!
[2025-05-31 10:12:30] Challenges fetching ...
[2025-05-31 10:12:30] Challenges fetched successfully for pascale!
[2025-05-31 10:12:30] Challenges fetching ...
[2025-05-31 10:12:30] Challenges fetched successfully for pascale!
[2025-05-31 10:12:34] Désélection de tous les challenges

[2025-05-31 10:12:44] Your Legacy get vote panel
[2025-05-31 10:12:44] Filling challenges: {100649}
Filled Your Legacy with strategy end18

[2025-05-31 10:12:44] Récupération des données de vote pour Your Legacy (URL: your-legacy44, HEADER:{'User-Agent': 'Mozilla/5.0 (X11; Linux i686; rv:39.0) Gecko/20100101 Firefox/39.0', 'x-api-version': '8', 'x-env': 'WEB', 'X-requested-with': 'XMLHttpRequest', 'X-token': 'f96bbe3a7e7f833329e7129767a69abbfa6dfce3152e3c2a311eb49d89b5c3bb2b12b66b402f03dce682b8b2b6a005cd'})
[2025-05-31 10:12:45] Récupération réussie: 200 images pour Your Legacy
[2025-05-31 10:12:45] Voting fetching ...
[2025-05-31 10:12:45] Your Legacy voting 100 images
[2025-05-31 10:12:46] Your Legacy voted successfully
[2025-05-31 10:12:49] Challenges fetching ...
[2025-05-31 10:12:49] Challenges fetched successfully for pascale!
[2025-05-31 16:36:39] Fetching challenges...
[2025-05-31 16:36:40] Challenges fetching ...
[2025-05-31 16:36:40] Challenges fetched successfully for pascale!
[2025-05-31 16:37:00] Refreshing challenges...
[2025-05-31 16:37:00] Fetching challenges...
[2025-05-31 16:37:00] Challenges fetching ...
[2025-05-31 16:37:00] Challenges fetched successfully for pascale!
[2025-05-31 16:37:35] Refreshing challenges...
[2025-05-31 16:37:35] Fetching challenges...
[2025-05-31 16:37:36] Challenges fetching ...
[2025-05-31 16:37:36] Challenges fetched successfully for pascale!
[2025-05-31 16:49:14] Fetching challenges...
[2025-05-31 16:49:18] Challenges fetching ...
[2025-05-31 16:49:18] Lancement automatique des stratégies de fin pour 17 nouveaux challenges...
[2025-05-31 16:49:18] Nouveau challenge détecté pour pascale: Favorite Animal
[2025-05-31 16:49:18] Nouveau challenge détecté pour pascale: Love And Romance
[2025-05-31 16:49:18] Nouveau challenge détecté pour pascale: What Is Patriotism?
[2025-05-31 16:49:18] Nouveau challenge détecté pour pascale: Guru of The Week
[2025-05-31 16:49:18] Nouveau challenge détecté pour pascale: Lucky Shot
[2025-05-31 16:49:18] Nouveau challenge détecté pour pascale: Split Screen
[2025-05-31 16:49:18] Nouveau challenge détecté pour pascale: On Vacation
[2025-05-31 16:49:18] Nouveau challenge détecté pour pascale: Traveling Portraits
[2025-05-31 16:49:18] Nouveau challenge détecté pour pascale: Photo of the Week!
[2025-05-31 16:49:18] Nouveau challenge détecté pour pascale: Landscape Photographer of the Year
[2025-05-31 16:49:18] Nouveau challenge détecté pour pascale: Exits & Entrances
[2025-05-31 16:49:18] Nouveau challenge détecté pour pascale: Photographer of the Week
[2025-05-31 16:49:18] Nouveau challenge détecté pour pascale: Downwards Perspective
[2025-05-31 16:49:18] Nouveau challenge détecté pour pascale: Still Life
[2025-05-31 16:49:18] Nouveau challenge détecté pour pascale: Screen Stars - Timeless Waterscapes
[2025-05-31 16:49:18] Nouveau challenge détecté pour pascale: Dramatic Lighting
[2025-05-31 16:49:18] Nouveau challenge détecté pour pascale: Your Legacy
[2025-05-31 16:49:18] Challenges fetched successfully for pascale!
[2025-05-31 17:59:10] Refreshing challenges...
[2025-05-31 17:59:10] Fetching challenges...
[2025-05-31 17:59:11] Challenges fetching ...
[2025-05-31 17:59:11] Challenges fetched successfully for pascale!
[2025-05-31 19:05:16] Refreshing challenges...
[2025-05-31 19:05:16] Fetching challenges...
[2025-05-31 19:05:19] Challenges fetching ...
[2025-05-31 19:05:19] Challenges fetched successfully for pascale!
[2025-05-31 19:06:35] Refreshing challenges...
[2025-05-31 19:06:35] Fetching challenges...
[2025-05-31 19:06:36] Challenges fetching ...
[2025-05-31 19:06:37] Challenges fetched successfully for pascale!
[2025-05-31 19:07:05] Refreshing challenges...
[2025-05-31 19:07:05] Fetching challenges...
[2025-05-31 19:07:06] Challenges fetching ...
[2025-05-31 19:07:06] Challenges fetched successfully for pascale!
[2025-05-31 21:11:28] Lancement de la stratégie end18 pour Traveling Portraits
[2025-05-31 21:11:28] Nouveau processus ajouté pour pascale: traveling-portraits1-vote-100-left-07H:00M - Statut: init
[2025-05-31 21:11:28] Traitement du challenge pour pascale: traveling-portraits1
[2025-05-31 21:11:28] Processus mis à jour pour pascale: traveling-portraits1-vote-100-left-07H:00M - executing
[2025-05-31 21:11:28] Traitement de vote pour Traveling Portraits
[2025-05-31 21:11:28] Application des stratégies pour les challenges sélectionnés:
- Traveling Portraits avec stratégie end18

[2025-05-31 21:11:28] Traveling Portraits get vote panel
[2025-05-31 21:11:28] Processus associé: traveling-portraits1-vote-100-left-07H:00M
[2025-05-31 21:11:28] Récupération des données de vote pour Traveling Portraits (URL: traveling-portraits1, HEADER:{'User-Agent': 'Mozilla/5.0 (X11; Linux i686; rv:39.0) Gecko/20100101 Firefox/39.0', 'x-api-version': '8', 'x-env': 'WEB', 'X-requested-with': 'XMLHttpRequest', 'X-token': 'f96bbe3a7e7f833329e7129767a69abbfa6dfce3152e3c2a311eb49d89b5c3bb2b12b66b402f03dce682b8b2b6a005cd'})
[2025-05-31 21:11:29] Pas d'images disponibles pour Traveling Portraits, {'success': False, 'error_code': 2027, 'message': 'Challenge is closed for voting'}
[2025-05-31 21:11:29] Voting fetching ...
[2025-05-31 21:11:29] Erreur lors de la récupération des données de vote: {'success': False, 'message': 'No images available', 'challenge': {'close_time': 0}}
[2025-05-31 21:11:32] Lancement de la stratégie end18 pour On Vacation
[2025-05-31 21:11:32] Nouveau processus ajouté pour pascale: on-vacation1-vote-100-left-07H:00M - Statut: init
[2025-05-31 21:11:32] Traitement du challenge pour pascale: on-vacation1
[2025-05-31 21:11:32] Processus mis à jour pour pascale: on-vacation1-vote-100-left-07H:00M - executing
[2025-05-31 21:11:32] Traitement de vote pour On Vacation
[2025-05-31 21:11:33] Lancement de la stratégie end18 pour Traveling Portraits
[2025-05-31 21:11:33] Commande  --cha traveling-portraits1 vote 100 --left 07:00 existe déjà pour pascale
[2025-05-31 21:11:33] Nouveau processus ajouté pour pascale: traveling-portraits1-vote-100-left-07H:00M - Statut: init
[2025-05-31 21:11:33] Traitement du challenge pour pascale: traveling-portraits1
[2025-05-31 21:11:33] Processus mis à jour pour pascale: traveling-portraits1-vote-100-left-07H:00M - executing
[2025-05-31 21:11:33] Traitement de vote pour Traveling Portraits
[2025-05-31 21:11:33] Application des stratégies pour les challenges sélectionnés:
- On Vacation avec stratégie end18
- Traveling Portraits avec stratégie end18

[2025-05-31 21:11:33] On Vacation get vote panel
[2025-05-31 21:11:33] Processus associé: on-vacation1-vote-100-left-07H:00M
[2025-05-31 21:11:33] Traveling Portraits get vote panel
[2025-05-31 21:11:33] Processus associé: traveling-portraits1-vote-100-left-07H:00M
[2025-05-31 21:11:33] Récupération des données de vote pour On Vacation (URL: on-vacation1, HEADER:{'User-Agent': 'Mozilla/5.0 (X11; Linux i686; rv:39.0) Gecko/20100101 Firefox/39.0', 'x-api-version': '8', 'x-env': 'WEB', 'X-requested-with': 'XMLHttpRequest', 'X-token': 'f96bbe3a7e7f833329e7129767a69abbfa6dfce3152e3c2a311eb49d89b5c3bb2b12b66b402f03dce682b8b2b6a005cd'})
[2025-05-31 21:11:33] Récupération des données de vote pour Traveling Portraits (URL: traveling-portraits1, HEADER:{'User-Agent': 'Mozilla/5.0 (X11; Linux i686; rv:39.0) Gecko/20100101 Firefox/39.0', 'x-api-version': '8', 'x-env': 'WEB', 'X-requested-with': 'XMLHttpRequest', 'X-token': 'f96bbe3a7e7f833329e7129767a69abbfa6dfce3152e3c2a311eb49d89b5c3bb2b12b66b402f03dce682b8b2b6a005cd'})
[2025-05-31 21:11:33] Pas d'images disponibles pour Traveling Portraits, {'success': False, 'error_code': 2027, 'message': 'Challenge is closed for voting'}
[2025-05-31 21:11:33] Voting fetching ...
[2025-05-31 21:11:33] Erreur lors de la récupération des données de vote: {'success': False, 'message': 'No images available', 'challenge': {'close_time': 0}}
[2025-05-31 21:11:33] Pas d'images disponibles pour On Vacation, {'success': False, 'error_code': 2027, 'message': 'Challenge is closed for voting'}
[2025-05-31 21:11:33] Voting fetching ...
[2025-05-31 21:11:33] Erreur lors de la récupération des données de vote: {'success': False, 'message': 'No images available', 'challenge': {'close_time': 0}}
[2025-05-31 21:11:41] Refreshing challenges...
[2025-05-31 21:11:41] Fetching challenges...
[2025-05-31 21:11:42] Challenges fetching ...
[2025-05-31 21:11:42] Challenges fetched successfully for pascale!
[2025-05-31 21:12:13] Processus suspect (format de date invalide): traveling-portraits1-vote-100-left-07H:00M (profil: pascale)
[2025-05-31 21:12:13] Processus supprimé pour pascale: traveling-portraits1-vote-100-left-07H:00M - zombie
[2025-05-31 21:12:14] Processus mis à jour pour pascale: traveling-portraits1-vote-100-left-07H:00M - zombie
[2025-05-31 21:12:14] Processus suspect (format de date invalide): on-vacation1-vote-100-left-07H:00M (profil: pascale)
[2025-05-31 21:12:14] Processus supprimé pour pascale: on-vacation1-vote-100-left-07H:00M - zombie
[2025-05-31 21:12:14] Processus mis à jour pour pascale: on-vacation1-vote-100-left-07H:00M - zombie
[2025-05-31 21:12:34] Lancement de la stratégie end18 pour Love And Romance
[2025-05-31 21:12:34] Nouveau processus ajouté pour pascale: love-and-romance1-vote-100-left-07H:00M - Statut: init
[2025-05-31 21:12:34] Traitement du challenge pour pascale: love-and-romance1
[2025-05-31 21:12:34] Processus mis à jour pour pascale: love-and-romance1-vote-100-left-07H:00M - executing
[2025-05-31 21:12:34] Traitement de vote pour Love And Romance
[2025-05-31 21:12:34] Lancement de la stratégie end18 pour Favorite Animal
[2025-05-31 21:12:34] Nouveau processus ajouté pour pascale: favorite-animal-vote-100-left-07H:00M - Statut: init
[2025-05-31 21:12:34] Traitement du challenge pour pascale: favorite-animal
[2025-05-31 21:12:34] Processus mis à jour pour pascale: favorite-animal-vote-100-left-07H:00M - executing
[2025-05-31 21:12:34] Traitement de vote pour Favorite Animal
[2025-05-31 21:12:34] Lancement de la stratégie end18 pour Lucky Shot
[2025-05-31 21:12:34] Nouveau processus ajouté pour pascale: lucky-shot22-vote-100-left-07H:00M - Statut: init
[2025-05-31 21:12:34] Traitement du challenge pour pascale: lucky-shot22
[2025-05-31 21:12:34] Processus mis à jour pour pascale: lucky-shot22-vote-100-left-07H:00M - waiting
[2025-05-31 21:12:34] Lancement de la stratégie end18 pour What Is Patriotism?
[2025-05-31 21:12:34] Nouveau processus ajouté pour pascale: what-is-patriotism-1-vote-100-left-07H:00M - Statut: init
[2025-05-31 21:12:34] Traitement du challenge pour pascale: what-is-patriotism-1
[2025-05-31 21:12:34] Processus mis à jour pour pascale: what-is-patriotism-1-vote-100-left-07H:00M - waiting
[2025-05-31 21:12:34] Lancement de la stratégie end18 pour Exits & Entrances
[2025-05-31 21:12:34] Nouveau processus ajouté pour pascale: exits-entrances1-vote-100-left-07H:00M - Statut: init
[2025-05-31 21:12:34] Traitement du challenge pour pascale: exits-entrances1
[2025-05-31 21:12:34] Processus mis à jour pour pascale: exits-entrances1-vote-100-left-07H:00M - waiting
[2025-05-31 21:12:34] Application des stratégies pour les challenges sélectionnés:
- Love And Romance avec stratégie end18
- Favorite Animal avec stratégie end18
- Lucky Shot avec stratégie end18
- What Is Patriotism? avec stratégie end18
- Exits & Entrances avec stratégie end18

[2025-05-31 21:12:34] Love And Romance get vote panel
[2025-05-31 21:12:34] Processus associé: love-and-romance1-vote-100-left-07H:00M
[2025-05-31 21:12:34] Favorite Animal get vote panel
[2025-05-31 21:12:34] Processus associé: favorite-animal-vote-100-left-07H:00M
[2025-05-31 21:12:34] Récupération des données de vote pour Love And Romance (URL: love-and-romance1, HEADER:{'User-Agent': 'Mozilla/5.0 (X11; Linux i686; rv:39.0) Gecko/20100101 Firefox/39.0', 'x-api-version': '8', 'x-env': 'WEB', 'X-requested-with': 'XMLHttpRequest', 'X-token': 'f96bbe3a7e7f833329e7129767a69abbfa6dfce3152e3c2a311eb49d89b5c3bb2b12b66b402f03dce682b8b2b6a005cd'})
[2025-05-31 21:12:34] Récupération des données de vote pour Favorite Animal (URL: favorite-animal, HEADER:{'User-Agent': 'Mozilla/5.0 (X11; Linux i686; rv:39.0) Gecko/20100101 Firefox/39.0', 'x-api-version': '8', 'x-env': 'WEB', 'X-requested-with': 'XMLHttpRequest', 'X-token': 'f96bbe3a7e7f833329e7129767a69abbfa6dfce3152e3c2a311eb49d89b5c3bb2b12b66b402f03dce682b8b2b6a005cd'})
[2025-05-31 21:12:35] Récupération réussie: 200 images pour Love And Romance
[2025-05-31 21:12:35] Voting fetching ...
[2025-05-31 21:12:35] Love And Romance voting 100 images
[2025-05-31 21:12:35] Récupération réussie: 200 images pour Favorite Animal
[2025-05-31 21:12:35] Voting fetching ...
[2025-05-31 21:12:35] Favorite Animal voting 100 images
[2025-05-31 21:12:36] Love And Romance voted successfully
[2025-05-31 21:12:36] Processus supprimé pour pascale: love-and-romance1-vote-100-left-07H:00M - success
[2025-05-31 21:12:36] Processus mis à jour pour pascale: love-and-romance1-vote-100-left-07H:00M - success
[2025-05-31 21:12:36] Processus love-and-romance1-vote-100-left-07H:00M terminé avec succès (profil: pascale)
[2025-05-31 21:12:38] Favorite Animal voted successfully
[2025-05-31 21:12:38] Processus supprimé pour pascale: favorite-animal-vote-100-left-07H:00M - success
[2025-05-31 21:12:39] Processus mis à jour pour pascale: favorite-animal-vote-100-left-07H:00M - success
[2025-05-31 21:12:39] Processus favorite-animal-vote-100-left-07H:00M terminé avec succès (profil: pascale)
[2025-05-31 21:12:42] Challenges fetching ...
[2025-05-31 21:12:42] Challenges fetched successfully for pascale!
[2025-05-31 21:12:42] Challenges fetching ...
[2025-05-31 21:12:42] Challenges fetched successfully for pascale!
[2025-05-31 21:53:03] Désélection de tous les challenges

[2025-05-31 21:53:04] Refreshing challenges...
[2025-05-31 21:53:04] Fetching challenges...
[2025-05-31 21:53:06] Challenges fetching ...
[2025-05-31 21:53:06] Lancement automatique des stratégies de fin pour 3 nouveaux challenges...
[2025-05-31 21:53:06] Nouveau challenge détecté pour pascale: Guru of The Week
[2025-05-31 21:53:06] Nouveau challenge détecté pour pascale: 3 Hours
[2025-05-31 21:53:06] Nouveau challenge détecté pour pascale: So Cliché
[2025-05-31 21:53:06] Challenges fetched successfully for pascale!
[2025-05-31 21:53:12] 3 Hours get vote panel
[2025-05-31 21:53:12] Filling challenges: {101724}
Filled 3 Hours with strategy end18

[2025-05-31 21:53:12] Récupération des données de vote pour 3 Hours (URL: 3-hours126, HEADER:{'User-Agent': 'Mozilla/5.0 (X11; Linux i686; rv:39.0) Gecko/20100101 Firefox/39.0', 'x-api-version': '8', 'x-env': 'WEB', 'X-requested-with': 'XMLHttpRequest', 'X-token': 'f96bbe3a7e7f833329e7129767a69abbfa6dfce3152e3c2a311eb49d89b5c3bb2b12b66b402f03dce682b8b2b6a005cd'})
[2025-05-31 21:53:13] Récupération réussie: 200 images pour 3 Hours
[2025-05-31 21:53:13] Voting fetching ...
[2025-05-31 21:53:13] 3 Hours voting 100 images
[2025-05-31 21:53:14] 3 Hours voted successfully
[2025-05-31 21:53:17] Challenges fetching ...
[2025-05-31 21:53:17] Challenges fetched successfully for pascale!
[2025-05-31 22:00:12] Lancement de la stratégie end18 pour 3 Hours
[2025-05-31 22:00:12] Nouveau processus ajouté pour pascale: 3-hours126-vote-100-left-07H:00M - Statut: init
[2025-05-31 22:00:12] Traitement du challenge pour pascale: 3-hours126
[2025-05-31 22:00:12] Processus mis à jour pour pascale: 3-hours126-vote-100-left-07H:00M - executing
[2025-05-31 22:00:12] Traitement de vote pour 3 Hours
[2025-05-31 22:00:12] Application des stratégies pour les challenges sélectionnés:
- 3 Hours avec stratégie end18

[2025-05-31 22:00:12] 3 Hours get vote panel
[2025-05-31 22:00:12] Processus associé: 3-hours126-vote-100-left-07H:00M
[2025-05-31 22:00:12] Récupération des données de vote pour 3 Hours (URL: 3-hours126, HEADER:{'User-Agent': 'Mozilla/5.0 (X11; Linux i686; rv:39.0) Gecko/20100101 Firefox/39.0', 'x-api-version': '8', 'x-env': 'WEB', 'X-requested-with': 'XMLHttpRequest', 'X-token': 'f96bbe3a7e7f833329e7129767a69abbfa6dfce3152e3c2a311eb49d89b5c3bb2b12b66b402f03dce682b8b2b6a005cd'})
[2025-05-31 22:00:13] Récupération réussie: 200 images pour 3 Hours
[2025-05-31 22:00:13] Voting fetching ...
[2025-05-31 22:00:13] 3 Hours voting 100 images
[2025-05-31 22:00:15] 3 Hours voted successfully
[2025-05-31 22:00:15] Processus supprimé pour pascale: 3-hours126-vote-100-left-07H:00M - success
[2025-05-31 22:00:15] Processus mis à jour pour pascale: 3-hours126-vote-100-left-07H:00M - success
[2025-05-31 22:00:15] Processus 3-hours126-vote-100-left-07H:00M terminé avec succès (profil: pascale)
[2025-05-31 22:00:17] Refreshing challenges...
[2025-05-31 22:00:17] Fetching challenges...
[2025-05-31 22:00:18] Challenges fetching ...
[2025-05-31 22:00:18] Challenges fetched successfully for pascale!
[2025-05-31 22:00:18] Challenges fetching ...
[2025-05-31 22:00:19] Challenges fetched successfully for pascale!
[2025-05-31 22:00:39] Lancement de la stratégie end18 pour Favorite Animal
[2025-05-31 22:00:39] Nouveau processus ajouté pour pascale: favorite-animal-vote-100-left-07H:00M - Statut: init
[2025-05-31 22:00:39] Traitement du challenge pour pascale: favorite-animal
[2025-05-31 22:00:39] Processus mis à jour pour pascale: favorite-animal-vote-100-left-07H:00M - executing
[2025-05-31 22:00:39] Traitement de vote pour Favorite Animal
[2025-05-31 22:00:39] Lancement de la stratégie end18 pour 3 Hours
[2025-05-31 22:00:39] Nouveau processus ajouté pour pascale: 3-hours126-vote-100-left-07H:00M - Statut: init
[2025-05-31 22:00:39] Traitement du challenge pour pascale: 3-hours126
[2025-05-31 22:00:39] Processus mis à jour pour pascale: 3-hours126-vote-100-left-07H:00M - executing
[2025-05-31 22:00:39] Traitement de vote pour 3 Hours
[2025-05-31 22:00:39] Application des stratégies pour les challenges sélectionnés:
- Favorite Animal avec stratégie end18
- 3 Hours avec stratégie end18

[2025-05-31 22:00:39] Favorite Animal get vote panel
[2025-05-31 22:00:39] Processus associé: favorite-animal-vote-100-left-07H:00M
[2025-05-31 22:00:39] 3 Hours get vote panel
[2025-05-31 22:00:39] Processus associé: 3-hours126-vote-100-left-07H:00M
[2025-05-31 22:00:39] Récupération des données de vote pour Favorite Animal (URL: favorite-animal, HEADER:{'User-Agent': 'Mozilla/5.0 (X11; Linux i686; rv:39.0) Gecko/20100101 Firefox/39.0', 'x-api-version': '8', 'x-env': 'WEB', 'X-requested-with': 'XMLHttpRequest', 'X-token': 'f96bbe3a7e7f833329e7129767a69abbfa6dfce3152e3c2a311eb49d89b5c3bb2b12b66b402f03dce682b8b2b6a005cd'})
[2025-05-31 22:00:39] Récupération des données de vote pour 3 Hours (URL: 3-hours126, HEADER:{'User-Agent': 'Mozilla/5.0 (X11; Linux i686; rv:39.0) Gecko/20100101 Firefox/39.0', 'x-api-version': '8', 'x-env': 'WEB', 'X-requested-with': 'XMLHttpRequest', 'X-token': 'f96bbe3a7e7f833329e7129767a69abbfa6dfce3152e3c2a311eb49d89b5c3bb2b12b66b402f03dce682b8b2b6a005cd'})
[2025-05-31 22:00:40] Récupération réussie: 200 images pour 3 Hours
[2025-05-31 22:00:40] Voting fetching ...
[2025-05-31 22:00:40] 3 Hours voting 100 images
[2025-05-31 22:00:40] Récupération réussie: 200 images pour Favorite Animal
[2025-05-31 22:00:40] Voting fetching ...
[2025-05-31 22:00:40] Favorite Animal voting 100 images
[2025-05-31 22:00:41] 3 Hours voted successfully
[2025-05-31 22:00:41] Processus supprimé pour pascale: 3-hours126-vote-100-left-07H:00M - success
[2025-05-31 22:00:41] Processus mis à jour pour pascale: 3-hours126-vote-100-left-07H:00M - success
[2025-05-31 22:00:41] Processus 3-hours126-vote-100-left-07H:00M terminé avec succès (profil: pascale)
[2025-05-31 22:00:43] Favorite Animal voted successfully
[2025-05-31 22:00:43] Processus supprimé pour pascale: favorite-animal-vote-100-left-07H:00M - success
[2025-05-31 22:00:43] Processus mis à jour pour pascale: favorite-animal-vote-100-left-07H:00M - success
[2025-05-31 22:00:43] Processus favorite-animal-vote-100-left-07H:00M terminé avec succès (profil: pascale)
[2025-05-31 22:00:47] Challenges fetching ...
[2025-05-31 22:00:47] Challenges fetched successfully for pascale!
[2025-05-31 22:00:47] Challenges fetching ...
[2025-05-31 22:00:47] Challenges fetched successfully for pascale!
[2025-05-31 22:00:57] Arrêt des stratégies pour les challenges sélectionnés:
Aucun processus en cours pour les challenges sélectionnés.

[2025-05-31 22:01:11] Processus supprimé pour pascale: lucky-shot22-vote-100-left-07H:00M - stopped
[2025-05-31 22:01:11] Processus mis à jour pour pascale: lucky-shot22-vote-100-left-07H:00M - stopped
[2025-05-31 22:01:11] Processus supprimé pour pascale: what-is-patriotism-1-vote-100-left-07H:00M - stopped
[2025-05-31 22:01:11] Processus mis à jour pour pascale: what-is-patriotism-1-vote-100-left-07H:00M - stopped
[2025-05-31 22:01:11] Arrêt des stratégies pour les challenges sélectionnés:
- Arrêt et suppression du processus pour Lucky Shot
- Arrêt et suppression du processus pour What Is Patriotism?

[2025-05-31 22:01:17] Arrêt du processus what-is-patriotism-1-vote-100-left-07H:00M: profil pascale ou processus non disponible
[2025-05-31 22:01:17] Arrêt du processus lucky-shot22-vote-100-left-07H:00M: profil pascale ou processus non disponible
[2025-05-31 22:01:17] Processus supprimé pour pascale: exits-entrances1-vote-100-left-07H:00M - stopped
[2025-05-31 22:01:17] Processus mis à jour pour pascale: exits-entrances1-vote-100-left-07H:00M - stopped
[2025-05-31 22:01:18] Arrêt des stratégies pour les challenges sélectionnés:
- Arrêt et suppression du processus pour Exits & Entrances

[2025-05-31 22:01:28] Stratégie de 3 Hours mise à jour: end4
[2025-05-31 22:01:28] Stratégie enregistrée pour pascale: 3-hours126 = end4
[2025-05-31 22:01:33] Arrêt du processus exits-entrances1-vote-100-left-07H:00M: profil pascale ou processus non disponible
[2025-05-31 22:01:37] Lancement de la stratégie end18 pour Lucky Shot
[2025-05-31 22:01:37] Nouveau processus ajouté pour pascale: lucky-shot22-vote-100-left-07H:00M - Statut: init
[2025-05-31 22:01:37] Traitement du challenge pour pascale: lucky-shot22
[2025-05-31 22:01:37] Processus mis à jour pour pascale: lucky-shot22-vote-100-left-07H:00M - waiting
[2025-05-31 22:01:37] Stratégie chargée depuis gsgui.ini pour pascale/3 Hours: end4
[2025-05-31 22:01:37] Lancement de la stratégie end4 pour 3 Hours
[2025-05-31 22:01:37] Nouveau processus ajouté pour pascale: 3-hours126-vote-100-left-0H:4M - Statut: init
[2025-05-31 22:01:37] Nouveau processus ajouté pour pascale: 3-hours126-vote-50-left-0H:3M - Statut: init
[2025-05-31 22:01:37] Traitement du challenge pour pascale: 3-hours126
[2025-05-31 22:01:37] Traitement du challenge pour pascale: 3-hours126
[2025-05-31 22:01:37] Nouveau processus ajouté pour pascale: 3-hours126-vote-50-left-0H:2M - Statut: init
[2025-05-31 22:01:37] Traitement du challenge pour pascale: 3-hours126
[2025-05-31 22:01:37] Nouveau processus ajouté pour pascale: 3-hours126-vote-50-left-0H:1M - Statut: init
[2025-05-31 22:01:37] Processus mis à jour pour pascale: 3-hours126-vote-50-left-0H:3M - waiting
[2025-05-31 22:01:37] Traitement du challenge pour pascale: 3-hours126
[2025-05-31 22:01:37] Processus mis à jour pour pascale: 3-hours126-vote-100-left-0H:4M - waiting
[2025-05-31 22:01:37] Processus mis à jour pour pascale: 3-hours126-vote-50-left-0H:2M - waiting
[2025-05-31 22:01:37] Processus mis à jour pour pascale: 3-hours126-vote-50-left-0H:1M - waiting
[2025-05-31 22:01:37] Stratégie chargée depuis gsgui.ini pour pascale/3 Hours: end4
[2025-05-31 22:01:37] Lancement de la stratégie end18 pour What Is Patriotism?
[2025-05-31 22:01:37] Nouveau processus ajouté pour pascale: what-is-patriotism-1-vote-100-left-07H:00M - Statut: init
[2025-05-31 22:01:37] Traitement du challenge pour pascale: what-is-patriotism-1
[2025-05-31 22:01:37] Processus mis à jour pour pascale: what-is-patriotism-1-vote-100-left-07H:00M - waiting
[2025-05-31 22:01:37] Stratégie chargée depuis gsgui.ini pour pascale/3 Hours: end4
[2025-05-31 22:01:37] Application des stratégies pour les challenges sélectionnés:
- Lucky Shot avec stratégie end18
- 3 Hours avec stratégie end4
- What Is Patriotism? avec stratégie end18

[2025-05-31 22:01:51] Challenges en cours de traitement:
- Processus: lucky-shot22-vote-100-left-07H:00M: waiting
- Processus: 3-hours126-vote-100-left-0H:4M: waiting
- Processus: 3-hours126-vote-50-left-0H:3M: waiting
- Processus: 3-hours126-vote-50-left-0H:2M: waiting
- Processus: 3-hours126-vote-50-left-0H:1M: waiting
- Processus: what-is-patriotism-1-vote-100-left-07H:00M: waiting

[2025-05-31 22:01:51] process id  : , lucky-shot22-vote-100-left-07H:00M, status, waiting, cmde,  --cha lucky-shot22 vote 100 --left 07:00
[2025-05-31 22:01:51] process id  : , 3-hours126-vote-100-left-0H:4M, status, waiting, cmde,  --cha 3-hours126 vote 100 --left 0:4
[2025-05-31 22:01:51] process id  : , 3-hours126-vote-50-left-0H:3M, status, waiting, cmde,  --cha 3-hours126 vote 50 --left 0:3
[2025-05-31 22:01:51] process id  : , 3-hours126-vote-50-left-0H:2M, status, waiting, cmde,  --cha 3-hours126 vote 50 --left 0:2
[2025-05-31 22:01:51] process id  : , 3-hours126-vote-50-left-0H:1M, status, waiting, cmde,  --cha 3-hours126 vote 50 --left 0:1
[2025-05-31 22:01:51] process id  : , what-is-patriotism-1-vote-100-left-07H:00M, status, waiting, cmde,  --cha what-is-patriotism-1 vote 100 --left 07:00
[2025-05-31 22:02:22] Lancement de la stratégie end18 pour Lucky Shot
[2025-05-31 22:02:22] Commande  --cha lucky-shot22 vote 100 --left 07:00 existe déjà pour pascale
[2025-05-31 22:02:22] Nouveau processus ajouté pour pascale: lucky-shot22-vote-100-left-07H:00M - Statut: init
[2025-05-31 22:02:22] Traitement du challenge pour pascale: lucky-shot22
[2025-05-31 22:02:22] Processus mis à jour pour pascale: lucky-shot22-vote-100-left-07H:00M - waiting
[2025-05-31 22:02:22] Stratégie chargée depuis gsgui.ini pour pascale/3 Hours: end4
[2025-05-31 22:02:22] Application des stratégies pour les challenges sélectionnés:
- Lucky Shot avec stratégie end18

[2025-05-31 22:02:29] Stratégie de Lucky Shot mise à jour: end4
[2025-05-31 22:02:29] Stratégie enregistrée pour pascale: lucky-shot22 = end4
[2025-05-31 22:02:40] Lancement de la stratégie end4 pour Lucky Shot
[2025-05-31 22:02:40] Nouveau processus ajouté pour pascale: lucky-shot22-vote-100-left-0H:4M - Statut: init
[2025-05-31 22:02:40] Traitement du challenge pour pascale: lucky-shot22
[2025-05-31 22:02:40] Nouveau processus ajouté pour pascale: lucky-shot22-vote-50-left-0H:3M - Statut: init
[2025-05-31 22:02:40] Traitement du challenge pour pascale: lucky-shot22
[2025-05-31 22:02:40] Nouveau processus ajouté pour pascale: lucky-shot22-vote-50-left-0H:2M - Statut: init
[2025-05-31 22:02:40] Traitement du challenge pour pascale: lucky-shot22
[2025-05-31 22:02:40] Processus mis à jour pour pascale: lucky-shot22-vote-100-left-0H:4M - waiting
[2025-05-31 22:02:40] Processus mis à jour pour pascale: lucky-shot22-vote-50-left-0H:3M - waiting
[2025-05-31 22:02:40] Nouveau processus ajouté pour pascale: lucky-shot22-vote-50-left-0H:1M - Statut: init
[2025-05-31 22:02:40] Processus mis à jour pour pascale: lucky-shot22-vote-50-left-0H:2M - waiting
[2025-05-31 22:02:40] Traitement du challenge pour pascale: lucky-shot22
[2025-05-31 22:02:40] Stratégie chargée depuis gsgui.ini pour pascale/Lucky Shot: end4
[2025-05-31 22:02:40] Processus mis à jour pour pascale: lucky-shot22-vote-50-left-0H:1M - waiting
[2025-05-31 22:02:40] Stratégie chargée depuis gsgui.ini pour pascale/3 Hours: end4
[2025-05-31 22:02:40] Application des stratégies pour les challenges sélectionnés:
- Lucky Shot avec stratégie end4

[2025-05-31 22:02:44] Challenges en cours de traitement:
- Processus: lucky-shot22-vote-100-left-07H:00M: waiting
- Processus: 3-hours126-vote-100-left-0H:4M: waiting
- Processus: 3-hours126-vote-50-left-0H:3M: waiting
- Processus: 3-hours126-vote-50-left-0H:2M: waiting
- Processus: 3-hours126-vote-50-left-0H:1M: waiting
- Processus: what-is-patriotism-1-vote-100-left-07H:00M: waiting
- Processus: lucky-shot22-vote-100-left-0H:4M: waiting
- Processus: lucky-shot22-vote-50-left-0H:3M: waiting
- Processus: lucky-shot22-vote-50-left-0H:2M: waiting
- Processus: lucky-shot22-vote-50-left-0H:1M: waiting

[2025-05-31 22:02:44] process id  : , lucky-shot22-vote-100-left-07H:00M, status, waiting, cmde,  --cha lucky-shot22 vote 100 --left 07:00
[2025-05-31 22:02:44] process id  : , 3-hours126-vote-100-left-0H:4M, status, waiting, cmde,  --cha 3-hours126 vote 100 --left 0:4
[2025-05-31 22:02:44] process id  : , 3-hours126-vote-50-left-0H:3M, status, waiting, cmde,  --cha 3-hours126 vote 50 --left 0:3
[2025-05-31 22:02:44] process id  : , 3-hours126-vote-50-left-0H:2M, status, waiting, cmde,  --cha 3-hours126 vote 50 --left 0:2
[2025-05-31 22:02:44] process id  : , 3-hours126-vote-50-left-0H:1M, status, waiting, cmde,  --cha 3-hours126 vote 50 --left 0:1
[2025-05-31 22:02:44] process id  : , what-is-patriotism-1-vote-100-left-07H:00M, status, waiting, cmde,  --cha what-is-patriotism-1 vote 100 --left 07:00
[2025-05-31 22:02:44] process id  : , lucky-shot22-vote-100-left-0H:4M, status, waiting, cmde,  --cha lucky-shot22 vote 100 --left 0:4
[2025-05-31 22:02:44] process id  : , lucky-shot22-vote-50-left-0H:3M, status, waiting, cmde,  --cha lucky-shot22 vote 50 --left 0:3
[2025-05-31 22:02:44] process id  : , lucky-shot22-vote-50-left-0H:2M, status, waiting, cmde,  --cha lucky-shot22 vote 50 --left 0:2
[2025-05-31 22:02:44] process id  : , lucky-shot22-vote-50-left-0H:1M, status, waiting, cmde,  --cha lucky-shot22 vote 50 --left 0:1
[2025-05-31 22:03:17] Processus supprimé pour pascale: what-is-patriotism-1-vote-100-left-07H:00M - stopped
[2025-05-31 22:03:17] Processus mis à jour pour pascale: what-is-patriotism-1-vote-100-left-07H:00M - stopped
[2025-05-31 22:03:17] Stratégie chargée depuis gsgui.ini pour pascale/Lucky Shot: end4
[2025-05-31 22:03:17] Stratégie chargée depuis gsgui.ini pour pascale/3 Hours: end4
[2025-05-31 22:03:17] Arrêt des stratégies pour les challenges sélectionnés:
- Arrêt et suppression du processus pour What Is Patriotism?

[2025-05-31 22:03:17] Stratégie chargée depuis gsgui.ini pour pascale/Lucky Shot: end4
[2025-05-31 22:03:17] Stratégie chargée depuis gsgui.ini pour pascale/3 Hours: end4
[2025-05-31 22:03:23] Stratégie de What Is Patriotism? mise à jour: end4
[2025-05-31 22:03:23] Stratégie enregistrée pour pascale: what-is-patriotism-1 = end4
[2025-05-31 22:03:26] Lancement de la stratégie end4 pour What Is Patriotism?
[2025-05-31 22:03:26] Nouveau processus ajouté pour pascale: what-is-patriotism-1-vote-100-left-0H:4M - Statut: init
[2025-05-31 22:03:26] Traitement du challenge pour pascale: what-is-patriotism-1
[2025-05-31 22:03:26] Nouveau processus ajouté pour pascale: what-is-patriotism-1-vote-50-left-0H:3M - Statut: init
[2025-05-31 22:03:26] Traitement du challenge pour pascale: what-is-patriotism-1
[2025-05-31 22:03:26] Processus mis à jour pour pascale: what-is-patriotism-1-vote-100-left-0H:4M - waiting
[2025-05-31 22:03:26] Nouveau processus ajouté pour pascale: what-is-patriotism-1-vote-50-left-0H:2M - Statut: init
[2025-05-31 22:03:26] Traitement du challenge pour pascale: what-is-patriotism-1
[2025-05-31 22:03:26] Nouveau processus ajouté pour pascale: what-is-patriotism-1-vote-50-left-0H:1M - Statut: init
[2025-05-31 22:03:26] Processus mis à jour pour pascale: what-is-patriotism-1-vote-50-left-0H:3M - waiting
[2025-05-31 22:03:26] Traitement du challenge pour pascale: what-is-patriotism-1
[2025-05-31 22:03:26] Processus mis à jour pour pascale: what-is-patriotism-1-vote-50-left-0H:2M - waiting
[2025-05-31 22:03:26] Processus mis à jour pour pascale: what-is-patriotism-1-vote-50-left-0H:1M - waiting
[2025-05-31 22:03:26] Stratégie chargée depuis gsgui.ini pour pascale/Lucky Shot: end4
[2025-05-31 22:03:26] Stratégie chargée depuis gsgui.ini pour pascale/What Is Patriotism?: end4
[2025-05-31 22:03:27] Stratégie chargée depuis gsgui.ini pour pascale/3 Hours: end4
[2025-05-31 22:03:27] Application des stratégies pour les challenges sélectionnés:
- What Is Patriotism? avec stratégie end4

[2025-05-31 22:03:33] Arrêt du processus what-is-patriotism-1-vote-100-left-07H:00M: profil pascale ou processus non disponible
[2025-05-31 22:03:48] Stratégie de Love And Romance mise à jour: end4
[2025-05-31 22:03:48] Stratégie enregistrée pour pascale: love-and-romance1 = end4
[2025-05-31 22:03:54] Lancement de la stratégie end4 pour Love And Romance
[2025-05-31 22:03:54] Nouveau processus ajouté pour pascale: love-and-romance1-vote-100-left-0H:4M - Statut: init
[2025-05-31 22:03:54] Traitement du challenge pour pascale: love-and-romance1
[2025-05-31 22:03:54] Nouveau processus ajouté pour pascale: love-and-romance1-vote-50-left-0H:3M - Statut: init
[2025-05-31 22:03:54] Nouveau processus ajouté pour pascale: love-and-romance1-vote-50-left-0H:2M - Statut: init
[2025-05-31 22:03:54] Traitement du challenge pour pascale: love-and-romance1
[2025-05-31 22:03:54] Traitement du challenge pour pascale: love-and-romance1
[2025-05-31 22:03:54] Processus mis à jour pour pascale: love-and-romance1-vote-100-left-0H:4M - waiting
[2025-05-31 22:03:54] Nouveau processus ajouté pour pascale: love-and-romance1-vote-50-left-0H:1M - Statut: init
[2025-05-31 22:03:54] Processus mis à jour pour pascale: love-and-romance1-vote-50-left-0H:3M - waiting
[2025-05-31 22:03:54] Traitement du challenge pour pascale: love-and-romance1
[2025-05-31 22:03:54] Processus mis à jour pour pascale: love-and-romance1-vote-50-left-0H:2M - waiting
[2025-05-31 22:03:54] Stratégie chargée depuis gsgui.ini pour pascale/Lucky Shot: end4
[2025-05-31 22:03:54] Processus mis à jour pour pascale: love-and-romance1-vote-50-left-0H:1M - waiting
[2025-05-31 22:03:54] Stratégie chargée depuis gsgui.ini pour pascale/What Is Patriotism?: end4
[2025-05-31 22:03:54] Stratégie chargée depuis gsgui.ini pour pascale/3 Hours: end4
[2025-05-31 22:03:54] Stratégie chargée depuis gsgui.ini pour pascale/Love And Romance: end4
[2025-05-31 22:03:54] Application des stratégies pour les challenges sélectionnés:
- Love And Romance avec stratégie end4

[2025-05-31 22:30:03] Processus mis à jour pour pascale: 3-hours126-vote-100-left-0H:4M - executing
[2025-05-31 22:30:03] Traitement de vote pour 3 Hours
[2025-05-31 22:30:03] 3 Hours get vote panel
[2025-05-31 22:30:03] Processus associé: 3-hours126-vote-100-left-0H:4M
[2025-05-31 22:30:03] Récupération des données de vote pour 3 Hours (URL: 3-hours126, HEADER:{'User-Agent': 'Mozilla/5.0 (X11; Linux i686; rv:39.0) Gecko/20100101 Firefox/39.0', 'x-api-version': '8', 'x-env': 'WEB', 'X-requested-with': 'XMLHttpRequest', 'X-token': 'f96bbe3a7e7f833329e7129767a69abbfa6dfce3152e3c2a311eb49d89b5c3bb2b12b66b402f03dce682b8b2b6a005cd'})
[2025-05-31 22:30:05] Récupération réussie: 200 images pour 3 Hours
[2025-05-31 22:30:05] Voting fetching ...
[2025-05-31 22:30:05] 3 Hours voting 100 images
[2025-05-31 22:30:05] Stratégie chargée depuis gsgui.ini pour pascale/Lucky Shot: end4
[2025-05-31 22:30:05] Stratégie chargée depuis gsgui.ini pour pascale/What Is Patriotism?: end4
[2025-05-31 22:30:05] Stratégie chargée depuis gsgui.ini pour pascale/3 Hours: end4
[2025-05-31 22:30:05] Stratégie chargée depuis gsgui.ini pour pascale/Love And Romance: end4
[2025-05-31 22:30:06] 3 Hours voted successfully
[2025-05-31 22:30:06] Processus supprimé pour pascale: 3-hours126-vote-100-left-0H:4M - success
[2025-05-31 22:30:06] Processus mis à jour pour pascale: 3-hours126-vote-100-left-0H:4M - success
[2025-05-31 22:30:06] Stratégie chargée depuis gsgui.ini pour pascale/Lucky Shot: end4
[2025-05-31 22:30:06] Stratégie chargée depuis gsgui.ini pour pascale/What Is Patriotism?: end4
[2025-05-31 22:30:06] Stratégie chargée depuis gsgui.ini pour pascale/3 Hours: end4
[2025-05-31 22:30:06] Stratégie chargée depuis gsgui.ini pour pascale/Love And Romance: end4
[2025-05-31 22:30:06] Processus 3-hours126-vote-100-left-0H:4M terminé avec succès (profil: pascale)
[2025-05-31 22:30:11] Challenges fetching ...
[2025-05-31 22:30:11] Stratégie chargée depuis gsgui.ini pour pascale/Love And Romance: end4
[2025-05-31 22:30:11] Stratégie chargée depuis gsgui.ini pour pascale/Lucky Shot: end4
[2025-05-31 22:30:11] Stratégie chargée depuis gsgui.ini pour pascale/3 Hours: end4
[2025-05-31 22:30:11] Stratégie chargée depuis gsgui.ini pour pascale/What Is Patriotism?: end4
[2025-05-31 22:30:11] Challenges fetched successfully for pascale!
[2025-05-31 22:30:11] Stratégie chargée depuis gsgui.ini pour pascale/Love And Romance: end4
[2025-05-31 22:30:11] Stratégie chargée depuis gsgui.ini pour pascale/Lucky Shot: end4
[2025-05-31 22:30:11] Stratégie chargée depuis gsgui.ini pour pascale/3 Hours: end4
[2025-05-31 22:30:11] Stratégie chargée depuis gsgui.ini pour pascale/What Is Patriotism?: end4
[2025-05-31 22:31:10] Processus mis à jour pour pascale: 3-hours126-vote-50-left-0H:3M - executing
[2025-05-31 22:31:10] Traitement de vote pour 3 Hours
[2025-05-31 22:31:10] 3 Hours get vote panel
[2025-05-31 22:31:10] Processus associé: 3-hours126-vote-50-left-0H:3M
[2025-05-31 22:31:10] Récupération des données de vote pour 3 Hours (URL: 3-hours126, HEADER:{'User-Agent': 'Mozilla/5.0 (X11; Linux i686; rv:39.0) Gecko/20100101 Firefox/39.0', 'x-api-version': '8', 'x-env': 'WEB', 'X-requested-with': 'XMLHttpRequest', 'X-token': 'f96bbe3a7e7f833329e7129767a69abbfa6dfce3152e3c2a311eb49d89b5c3bb2b12b66b402f03dce682b8b2b6a005cd'})
[2025-05-31 22:31:12] Récupération réussie: 200 images pour 3 Hours
[2025-05-31 22:31:12] Voting fetching ...
[2025-05-31 22:31:12] 3 Hours voting 50 images
[2025-05-31 22:31:12] Stratégie chargée depuis gsgui.ini pour pascale/Love And Romance: end4
[2025-05-31 22:31:12] Stratégie chargée depuis gsgui.ini pour pascale/Lucky Shot: end4
[2025-05-31 22:31:12] Stratégie chargée depuis gsgui.ini pour pascale/3 Hours: end4
[2025-05-31 22:31:12] Stratégie chargée depuis gsgui.ini pour pascale/What Is Patriotism?: end4
[2025-05-31 22:31:13] 3 Hours voted successfully
[2025-05-31 22:31:13] Processus supprimé pour pascale: 3-hours126-vote-50-left-0H:3M - success
[2025-05-31 22:31:13] Processus mis à jour pour pascale: 3-hours126-vote-50-left-0H:3M - success
[2025-05-31 22:31:13] Stratégie chargée depuis gsgui.ini pour pascale/Love And Romance: end4
[2025-05-31 22:31:13] Stratégie chargée depuis gsgui.ini pour pascale/Lucky Shot: end4
[2025-05-31 22:31:13] Stratégie chargée depuis gsgui.ini pour pascale/3 Hours: end4
[2025-05-31 22:31:13] Stratégie chargée depuis gsgui.ini pour pascale/What Is Patriotism?: end4
[2025-05-31 22:31:13] Processus 3-hours126-vote-50-left-0H:3M terminé avec succès (profil: pascale)
[2025-05-31 22:31:17] Challenges fetching ...
[2025-05-31 22:31:17] Stratégie chargée depuis gsgui.ini pour pascale/What Is Patriotism?: end4
[2025-05-31 22:31:17] Stratégie chargée depuis gsgui.ini pour pascale/3 Hours: end4
[2025-05-31 22:31:17] Stratégie chargée depuis gsgui.ini pour pascale/Love And Romance: end4
[2025-05-31 22:31:17] Stratégie chargée depuis gsgui.ini pour pascale/Lucky Shot: end4
[2025-05-31 22:31:17] Challenges fetched successfully for pascale!
[2025-05-31 22:31:17] Stratégie chargée depuis gsgui.ini pour pascale/What Is Patriotism?: end4
[2025-05-31 22:31:17] Stratégie chargée depuis gsgui.ini pour pascale/3 Hours: end4
[2025-05-31 22:31:17] Stratégie chargée depuis gsgui.ini pour pascale/Love And Romance: end4
[2025-05-31 22:31:17] Stratégie chargée depuis gsgui.ini pour pascale/Lucky Shot: end4
[2025-05-31 22:32:17] Processus mis à jour pour pascale: 3-hours126-vote-50-left-0H:2M - executing
[2025-05-31 22:32:17] Traitement de vote pour 3 Hours
[2025-05-31 22:32:17] 3 Hours get vote panel
[2025-05-31 22:32:17] Processus associé: 3-hours126-vote-50-left-0H:2M
[2025-05-31 22:32:17] Récupération des données de vote pour 3 Hours (URL: 3-hours126, HEADER:{'User-Agent': 'Mozilla/5.0 (X11; Linux i686; rv:39.0) Gecko/20100101 Firefox/39.0', 'x-api-version': '8', 'x-env': 'WEB', 'X-requested-with': 'XMLHttpRequest', 'X-token': 'f96bbe3a7e7f833329e7129767a69abbfa6dfce3152e3c2a311eb49d89b5c3bb2b12b66b402f03dce682b8b2b6a005cd'})
[2025-05-31 22:32:18] Récupération réussie: 200 images pour 3 Hours
[2025-05-31 22:32:18] Voting fetching ...
[2025-05-31 22:32:18] 3 Hours voting 50 images
[2025-05-31 22:32:18] Stratégie chargée depuis gsgui.ini pour pascale/What Is Patriotism?: end4
[2025-05-31 22:32:18] Stratégie chargée depuis gsgui.ini pour pascale/3 Hours: end4
[2025-05-31 22:32:18] Stratégie chargée depuis gsgui.ini pour pascale/Love And Romance: end4
[2025-05-31 22:32:18] Stratégie chargée depuis gsgui.ini pour pascale/Lucky Shot: end4
[2025-05-31 22:32:19] 3 Hours voted successfully
[2025-05-31 22:32:19] Processus supprimé pour pascale: 3-hours126-vote-50-left-0H:2M - success
[2025-05-31 22:32:19] Processus mis à jour pour pascale: 3-hours126-vote-50-left-0H:2M - success
[2025-05-31 22:32:19] Stratégie chargée depuis gsgui.ini pour pascale/What Is Patriotism?: end4
[2025-05-31 22:32:19] Stratégie chargée depuis gsgui.ini pour pascale/3 Hours: end4
[2025-05-31 22:32:19] Stratégie chargée depuis gsgui.ini pour pascale/Love And Romance: end4
[2025-05-31 22:32:19] Stratégie chargée depuis gsgui.ini pour pascale/Lucky Shot: end4
[2025-05-31 22:32:19] Processus 3-hours126-vote-50-left-0H:2M terminé avec succès (profil: pascale)
[2025-05-31 22:32:23] Challenges fetching ...
[2025-05-31 22:32:23] Stratégie chargée depuis gsgui.ini pour pascale/Lucky Shot: end4
[2025-05-31 22:32:23] Stratégie chargée depuis gsgui.ini pour pascale/Love And Romance: end4
[2025-05-31 22:32:23] Stratégie chargée depuis gsgui.ini pour pascale/What Is Patriotism?: end4
[2025-05-31 22:32:23] Stratégie chargée depuis gsgui.ini pour pascale/3 Hours: end4
[2025-05-31 22:32:23] Challenges fetched successfully for pascale!
[2025-05-31 22:32:23] Stratégie chargée depuis gsgui.ini pour pascale/Lucky Shot: end4
[2025-05-31 22:32:23] Stratégie chargée depuis gsgui.ini pour pascale/Love And Romance: end4
[2025-05-31 22:32:23] Stratégie chargée depuis gsgui.ini pour pascale/What Is Patriotism?: end4
[2025-05-31 22:32:23] Stratégie chargée depuis gsgui.ini pour pascale/3 Hours: end4
[2025-05-31 22:33:07] Processus mis à jour pour pascale: 3-hours126-vote-50-left-0H:1M - executing
[2025-05-31 22:33:07] Traitement de vote pour 3 Hours
[2025-05-31 22:33:07] 3 Hours get vote panel
[2025-05-31 22:33:07] Processus associé: 3-hours126-vote-50-left-0H:1M
[2025-05-31 22:33:07] Récupération des données de vote pour 3 Hours (URL: 3-hours126, HEADER:{'User-Agent': 'Mozilla/5.0 (X11; Linux i686; rv:39.0) Gecko/20100101 Firefox/39.0', 'x-api-version': '8', 'x-env': 'WEB', 'X-requested-with': 'XMLHttpRequest', 'X-token': 'f96bbe3a7e7f833329e7129767a69abbfa6dfce3152e3c2a311eb49d89b5c3bb2b12b66b402f03dce682b8b2b6a005cd'})
[2025-05-31 22:33:09] Récupération réussie: 200 images pour 3 Hours
[2025-05-31 22:33:09] Voting fetching ...
[2025-05-31 22:33:09] 3 Hours voting 50 images
[2025-05-31 22:33:09] Stratégie chargée depuis gsgui.ini pour pascale/Lucky Shot: end4
[2025-05-31 22:33:09] Stratégie chargée depuis gsgui.ini pour pascale/Love And Romance: end4
[2025-05-31 22:33:09] Stratégie chargée depuis gsgui.ini pour pascale/What Is Patriotism?: end4
[2025-05-31 22:33:09] Stratégie chargée depuis gsgui.ini pour pascale/3 Hours: end4
[2025-05-31 22:33:10] 3 Hours voted successfully
[2025-05-31 22:33:10] Processus supprimé pour pascale: 3-hours126-vote-50-left-0H:1M - success
[2025-05-31 22:33:10] Processus mis à jour pour pascale: 3-hours126-vote-50-left-0H:1M - success
[2025-05-31 22:33:10] Stratégie chargée depuis gsgui.ini pour pascale/Lucky Shot: end4
[2025-05-31 22:33:10] Stratégie chargée depuis gsgui.ini pour pascale/Love And Romance: end4
[2025-05-31 22:33:10] Stratégie chargée depuis gsgui.ini pour pascale/What Is Patriotism?: end4
[2025-05-31 22:33:10] Stratégie chargée depuis gsgui.ini pour pascale/3 Hours: end4
[2025-05-31 22:33:10] Processus 3-hours126-vote-50-left-0H:1M terminé avec succès (profil: pascale)
[2025-05-31 22:33:14] Challenges fetching ...
[2025-05-31 22:33:14] Stratégie chargée depuis gsgui.ini pour pascale/What Is Patriotism?: end4
[2025-05-31 22:33:14] Stratégie chargée depuis gsgui.ini pour pascale/3 Hours: end4
[2025-05-31 22:33:14] Stratégie chargée depuis gsgui.ini pour pascale/Love And Romance: end4
[2025-05-31 22:33:14] Stratégie chargée depuis gsgui.ini pour pascale/Lucky Shot: end4
[2025-05-31 22:33:14] Challenges fetched successfully for pascale!
[2025-05-31 22:33:14] Stratégie chargée depuis gsgui.ini pour pascale/What Is Patriotism?: end4
[2025-05-31 22:33:14] Stratégie chargée depuis gsgui.ini pour pascale/3 Hours: end4
[2025-05-31 22:33:14] Stratégie chargée depuis gsgui.ini pour pascale/Love And Romance: end4
[2025-05-31 22:33:14] Stratégie chargée depuis gsgui.ini pour pascale/Lucky Shot: end4
[2025-05-31 22:57:56] Refreshing challenges...
[2025-05-31 22:57:56] Fetching challenges...
[2025-05-31 22:57:58] Challenges fetching ...
[2025-05-31 22:57:58] Stratégie chargée depuis gsgui.ini pour pascale/What Is Patriotism?: end4
[2025-05-31 22:57:58] Stratégie chargée depuis gsgui.ini pour pascale/Lucky Shot: end4
[2025-05-31 22:57:58] Stratégie chargée depuis gsgui.ini pour pascale/Love And Romance: end4
[2025-05-31 22:57:58] Challenges fetched successfully for pascale!
[2025-05-31 22:57:58] Stratégie chargée depuis gsgui.ini pour pascale/What Is Patriotism?: end4
[2025-05-31 22:57:58] Stratégie chargée depuis gsgui.ini pour pascale/Lucky Shot: end4
[2025-05-31 22:57:58] Stratégie chargée depuis gsgui.ini pour pascale/Love And Romance: end4
[2025-05-31 22:58:01] Stratégie chargée depuis gsgui.ini pour pascale/What Is Patriotism?: end4
[2025-05-31 22:58:01] Stratégie chargée depuis gsgui.ini pour pascale/Lucky Shot: end4
[2025-05-31 22:58:01] Stratégie chargée depuis gsgui.ini pour pascale/Love And Romance: end4
[2025-05-31 22:58:01] Sélection de tous les challenges

[2025-05-31 22:58:20] Stratégie de Photographer of the Week mise à jour: end4
[2025-05-31 22:58:20] Stratégie enregistrée pour pascale: photographer-of-the-week210 = end4
[2025-05-31 22:58:22] Stratégie de Favorite Animal mise à jour: end4
[2025-05-31 22:58:22] Stratégie enregistrée pour pascale: favorite-animal = end4
[2025-05-31 22:58:26] Stratégie de Photo of the Week! mise à jour: end4
[2025-05-31 22:58:26] Stratégie enregistrée pour pascale: photo-of-the-week-298 = end4
[2025-05-31 22:58:30] Stratégie de Dramatic Lighting mise à jour: end4
[2025-05-31 22:58:30] Stratégie enregistrée pour pascale: dramatic-lighting11 = end4
[2025-05-31 22:58:35] Stratégie de Split Screen mise à jour: end4
[2025-05-31 22:58:35] Stratégie enregistrée pour pascale: split-screen24 = end4
[2025-05-31 22:58:39] Stratégie de Still Life mise à jour: end4
[2025-05-31 22:58:39] Stratégie enregistrée pour pascale: still-life5 = end4
[2025-05-31 22:58:44] Stratégie de Downwards Perspective mise à jour: end4
[2025-05-31 22:58:44] Stratégie enregistrée pour pascale: downwards-perspective = end4
[2025-05-31 22:58:47] Stratégie de Guru of The Week mise à jour: end4
[2025-05-31 22:58:47] Stratégie enregistrée pour pascale: guru-of-the-week36 = end4
[2025-05-31 22:58:51] Stratégie de Screen Stars - Timeless Waterscapes mise à jour: end4
[2025-05-31 22:58:51] Stratégie enregistrée pour pascale: screen-stars-glorious-waterscapes = end4
[2025-05-31 22:58:54] Stratégie de So Cliché mise à jour: end4
[2025-05-31 22:58:54] Stratégie enregistrée pour pascale: so-clich-1 = end4
[2025-05-31 22:58:58] Stratégie de Landscape Photographer of the Year mise à jour: end4
[2025-05-31 22:58:58] Stratégie enregistrée pour pascale: landscape-photographer-of-the-year4 = end4
[2025-05-31 22:59:01] Stratégie de Exits & Entrances mise à jour: end4
[2025-05-31 22:59:01] Stratégie enregistrée pour pascale: exits-entrances1 = end4
[2025-05-31 22:59:21] Split Screen get vote panel
[2025-05-31 22:59:21] Downwards Perspective get vote panel
[2025-05-31 22:59:21] Photographer of the Week get vote panel
[2025-05-31 22:59:21] So Cliché get vote panel
[2025-05-31 22:59:21] Lucky Shot get vote panel
[2025-05-31 22:59:21] What Is Patriotism? get vote panel
[2025-05-31 22:59:21] Landscape Photographer of the Year get vote panel
[2025-05-31 22:59:21] Photo of the Week! get vote panel
[2025-05-31 22:59:21] Exits & Entrances get vote panel
[2025-05-31 22:59:21] Still Life get vote panel
[2025-05-31 22:59:21] Guru of The Week get vote panel
[2025-05-31 22:59:21] Dramatic Lighting get vote panel
[2025-05-31 22:59:21] Screen Stars - Timeless Waterscapes get vote panel
[2025-05-31 22:59:21] Filling challenges: {100644, 100580, 101478, 100647, 100586, 100620, 100780, 101235, 100568, 101466, 101725, 101789, 101727}
Filled Split Screen with strategy end4
Filled Downwards Perspective with strategy end4
Filled Photographer of the Week with strategy end4
Filled So Cliché with strategy end4
Filled Lucky Shot with strategy end4
Filled What Is Patriotism? with strategy end4
Filled Landscape Photographer of the Year with strategy end4
Filled Photo of the Week! with strategy end4
Filled Exits & Entrances with strategy end4
Filled Still Life with strategy end4
Filled Guru of The Week with strategy end4
Filled Dramatic Lighting with strategy end4
Filled Screen Stars - Timeless Waterscapes with strategy end4

[2025-05-31 22:59:21] Stratégie chargée depuis gsgui.ini pour pascale/Photographer of the Week: end4
[2025-05-31 22:59:21] Stratégie chargée depuis gsgui.ini pour pascale/Favorite Animal: end4
[2025-05-31 22:59:21] Stratégie chargée depuis gsgui.ini pour pascale/What Is Patriotism?: end4
[2025-05-31 22:59:21] Stratégie chargée depuis gsgui.ini pour pascale/Photo of the Week!: end4
[2025-05-31 22:59:21] Stratégie chargée depuis gsgui.ini pour pascale/Dramatic Lighting: end4
[2025-05-31 22:59:21] Stratégie chargée depuis gsgui.ini pour pascale/Split Screen: end4
[2025-05-31 22:59:21] Stratégie chargée depuis gsgui.ini pour pascale/Still Life: end4
[2025-05-31 22:59:21] Stratégie chargée depuis gsgui.ini pour pascale/Downwards Perspective: end4
[2025-05-31 22:59:21] Stratégie chargée depuis gsgui.ini pour pascale/Guru of The Week: end4
[2025-05-31 22:59:21] Stratégie chargée depuis gsgui.ini pour pascale/Lucky Shot: end4
[2025-05-31 22:59:21] Stratégie chargée depuis gsgui.ini pour pascale/Love And Romance: end4
[2025-05-31 22:59:21] Stratégie chargée depuis gsgui.ini pour pascale/Screen Stars - Timeless Waterscapes: end4
[2025-05-31 22:59:21] Stratégie chargée depuis gsgui.ini pour pascale/So Cliché: end4
[2025-05-31 22:59:21] Stratégie chargée depuis gsgui.ini pour pascale/Landscape Photographer of the Year: end4
[2025-05-31 22:59:21] Stratégie chargée depuis gsgui.ini pour pascale/Exits & Entrances: end4
[2025-05-31 22:59:21] Récupération des données de vote pour Split Screen (URL: split-screen24, HEADER:{'User-Agent': 'Mozilla/5.0 (X11; Linux i686; rv:39.0) Gecko/20100101 Firefox/39.0', 'x-api-version': '8', 'x-env': 'WEB', 'X-requested-with': 'XMLHttpRequest', 'X-token': 'f96bbe3a7e7f833329e7129767a69abbfa6dfce3152e3c2a311eb49d89b5c3bb2b12b66b402f03dce682b8b2b6a005cd'})
[2025-05-31 22:59:21] Récupération des données de vote pour Downwards Perspective (URL: downwards-perspective, HEADER:{'User-Agent': 'Mozilla/5.0 (X11; Linux i686; rv:39.0) Gecko/20100101 Firefox/39.0', 'x-api-version': '8', 'x-env': 'WEB', 'X-requested-with': 'XMLHttpRequest', 'X-token': 'f96bbe3a7e7f833329e7129767a69abbfa6dfce3152e3c2a311eb49d89b5c3bb2b12b66b402f03dce682b8b2b6a005cd'})
[2025-05-31 22:59:21] Récupération des données de vote pour Photographer of the Week (URL: photographer-of-the-week210, HEADER:{'User-Agent': 'Mozilla/5.0 (X11; Linux i686; rv:39.0) Gecko/20100101 Firefox/39.0', 'x-api-version': '8', 'x-env': 'WEB', 'X-requested-with': 'XMLHttpRequest', 'X-token': 'f96bbe3a7e7f833329e7129767a69abbfa6dfce3152e3c2a311eb49d89b5c3bb2b12b66b402f03dce682b8b2b6a005cd'})
[2025-05-31 22:59:21] Récupération des données de vote pour So Cliché (URL: so-clich-1, HEADER:{'User-Agent': 'Mozilla/5.0 (X11; Linux i686; rv:39.0) Gecko/20100101 Firefox/39.0', 'x-api-version': '8', 'x-env': 'WEB', 'X-requested-with': 'XMLHttpRequest', 'X-token': 'f96bbe3a7e7f833329e7129767a69abbfa6dfce3152e3c2a311eb49d89b5c3bb2b12b66b402f03dce682b8b2b6a005cd'})
[2025-05-31 22:59:21] Récupération des données de vote pour Lucky Shot (URL: lucky-shot22, HEADER:{'User-Agent': 'Mozilla/5.0 (X11; Linux i686; rv:39.0) Gecko/20100101 Firefox/39.0', 'x-api-version': '8', 'x-env': 'WEB', 'X-requested-with': 'XMLHttpRequest', 'X-token': 'f96bbe3a7e7f833329e7129767a69abbfa6dfce3152e3c2a311eb49d89b5c3bb2b12b66b402f03dce682b8b2b6a005cd'})
[2025-05-31 22:59:21] Récupération des données de vote pour What Is Patriotism? (URL: what-is-patriotism-1, HEADER:{'User-Agent': 'Mozilla/5.0 (X11; Linux i686; rv:39.0) Gecko/20100101 Firefox/39.0', 'x-api-version': '8', 'x-env': 'WEB', 'X-requested-with': 'XMLHttpRequest', 'X-token': 'f96bbe3a7e7f833329e7129767a69abbfa6dfce3152e3c2a311eb49d89b5c3bb2b12b66b402f03dce682b8b2b6a005cd'})
[2025-05-31 22:59:21] Récupération des données de vote pour Landscape Photographer of the Year (URL: landscape-photographer-of-the-year4, HEADER:{'User-Agent': 'Mozilla/5.0 (X11; Linux i686; rv:39.0) Gecko/20100101 Firefox/39.0', 'x-api-version': '8', 'x-env': 'WEB', 'X-requested-with': 'XMLHttpRequest', 'X-token': 'f96bbe3a7e7f833329e7129767a69abbfa6dfce3152e3c2a311eb49d89b5c3bb2b12b66b402f03dce682b8b2b6a005cd'})
[2025-05-31 22:59:21] Récupération des données de vote pour Photo of the Week! (URL: photo-of-the-week-298, HEADER:{'User-Agent': 'Mozilla/5.0 (X11; Linux i686; rv:39.0) Gecko/20100101 Firefox/39.0', 'x-api-version': '8', 'x-env': 'WEB', 'X-requested-with': 'XMLHttpRequest', 'X-token': 'f96bbe3a7e7f833329e7129767a69abbfa6dfce3152e3c2a311eb49d89b5c3bb2b12b66b402f03dce682b8b2b6a005cd'})
[2025-05-31 22:59:21] Récupération des données de vote pour Exits & Entrances (URL: exits-entrances1, HEADER:{'User-Agent': 'Mozilla/5.0 (X11; Linux i686; rv:39.0) Gecko/20100101 Firefox/39.0', 'x-api-version': '8', 'x-env': 'WEB', 'X-requested-with': 'XMLHttpRequest', 'X-token': 'f96bbe3a7e7f833329e7129767a69abbfa6dfce3152e3c2a311eb49d89b5c3bb2b12b66b402f03dce682b8b2b6a005cd'})
[2025-05-31 22:59:21] Récupération des données de vote pour Still Life (URL: still-life5, HEADER:{'User-Agent': 'Mozilla/5.0 (X11; Linux i686; rv:39.0) Gecko/20100101 Firefox/39.0', 'x-api-version': '8', 'x-env': 'WEB', 'X-requested-with': 'XMLHttpRequest', 'X-token': 'f96bbe3a7e7f833329e7129767a69abbfa6dfce3152e3c2a311eb49d89b5c3bb2b12b66b402f03dce682b8b2b6a005cd'})
[2025-05-31 22:59:21] Récupération des données de vote pour Guru of The Week (URL: guru-of-the-week36, HEADER:{'User-Agent': 'Mozilla/5.0 (X11; Linux i686; rv:39.0) Gecko/20100101 Firefox/39.0', 'x-api-version': '8', 'x-env': 'WEB', 'X-requested-with': 'XMLHttpRequest', 'X-token': 'f96bbe3a7e7f833329e7129767a69abbfa6dfce3152e3c2a311eb49d89b5c3bb2b12b66b402f03dce682b8b2b6a005cd'})
[2025-05-31 22:59:21] Récupération des données de vote pour Dramatic Lighting (URL: dramatic-lighting11, HEADER:{'User-Agent': 'Mozilla/5.0 (X11; Linux i686; rv:39.0) Gecko/20100101 Firefox/39.0', 'x-api-version': '8', 'x-env': 'WEB', 'X-requested-with': 'XMLHttpRequest', 'X-token': 'f96bbe3a7e7f833329e7129767a69abbfa6dfce3152e3c2a311eb49d89b5c3bb2b12b66b402f03dce682b8b2b6a005cd'})
[2025-05-31 22:59:21] Récupération des données de vote pour Screen Stars - Timeless Waterscapes (URL: screen-stars-glorious-waterscapes, HEADER:{'User-Agent': 'Mozilla/5.0 (X11; Linux i686; rv:39.0) Gecko/20100101 Firefox/39.0', 'x-api-version': '8', 'x-env': 'WEB', 'X-requested-with': 'XMLHttpRequest', 'X-token': 'f96bbe3a7e7f833329e7129767a69abbfa6dfce3152e3c2a311eb49d89b5c3bb2b12b66b402f03dce682b8b2b6a005cd'})
[2025-05-31 22:59:23] Récupération réussie: 200 images pour Guru of The Week
[2025-05-31 22:59:23] Voting fetching ...
[2025-05-31 22:59:23] Guru of The Week voting 100 images
[2025-05-31 22:59:23] Stratégie chargée depuis gsgui.ini pour pascale/Photographer of the Week: end4
[2025-05-31 22:59:23] Stratégie chargée depuis gsgui.ini pour pascale/Favorite Animal: end4
[2025-05-31 22:59:23] Stratégie chargée depuis gsgui.ini pour pascale/What Is Patriotism?: end4
[2025-05-31 22:59:23] Stratégie chargée depuis gsgui.ini pour pascale/Photo of the Week!: end4
[2025-05-31 22:59:23] Stratégie chargée depuis gsgui.ini pour pascale/Dramatic Lighting: end4
[2025-05-31 22:59:23] Stratégie chargée depuis gsgui.ini pour pascale/Split Screen: end4
[2025-05-31 22:59:23] Stratégie chargée depuis gsgui.ini pour pascale/Still Life: end4
[2025-05-31 22:59:23] Stratégie chargée depuis gsgui.ini pour pascale/Downwards Perspective: end4
[2025-05-31 22:59:23] Stratégie chargée depuis gsgui.ini pour pascale/Guru of The Week: end4
[2025-05-31 22:59:23] Stratégie chargée depuis gsgui.ini pour pascale/Lucky Shot: end4
[2025-05-31 22:59:23] Stratégie chargée depuis gsgui.ini pour pascale/Love And Romance: end4
[2025-05-31 22:59:23] Stratégie chargée depuis gsgui.ini pour pascale/Screen Stars - Timeless Waterscapes: end4
[2025-05-31 22:59:23] Stratégie chargée depuis gsgui.ini pour pascale/So Cliché: end4
[2025-05-31 22:59:23] Stratégie chargée depuis gsgui.ini pour pascale/Landscape Photographer of the Year: end4
[2025-05-31 22:59:23] Stratégie chargée depuis gsgui.ini pour pascale/Exits & Entrances: end4
[2025-05-31 22:59:23] Récupération réussie: 200 images pour What Is Patriotism?
[2025-05-31 22:59:23] Voting fetching ...
[2025-05-31 22:59:23] What Is Patriotism? voting 100 images
[2025-05-31 22:59:23] Stratégie chargée depuis gsgui.ini pour pascale/Photographer of the Week: end4
[2025-05-31 22:59:23] Stratégie chargée depuis gsgui.ini pour pascale/Favorite Animal: end4
[2025-05-31 22:59:23] Stratégie chargée depuis gsgui.ini pour pascale/What Is Patriotism?: end4
[2025-05-31 22:59:23] Stratégie chargée depuis gsgui.ini pour pascale/Photo of the Week!: end4
[2025-05-31 22:59:23] Stratégie chargée depuis gsgui.ini pour pascale/Dramatic Lighting: end4
[2025-05-31 22:59:23] Stratégie chargée depuis gsgui.ini pour pascale/Split Screen: end4
[2025-05-31 22:59:23] Stratégie chargée depuis gsgui.ini pour pascale/Still Life: end4
[2025-05-31 22:59:23] Stratégie chargée depuis gsgui.ini pour pascale/Downwards Perspective: end4
[2025-05-31 22:59:23] Stratégie chargée depuis gsgui.ini pour pascale/Guru of The Week: end4
[2025-05-31 22:59:23] Stratégie chargée depuis gsgui.ini pour pascale/Lucky Shot: end4
[2025-05-31 22:59:23] Stratégie chargée depuis gsgui.ini pour pascale/Love And Romance: end4
[2025-05-31 22:59:23] Stratégie chargée depuis gsgui.ini pour pascale/Screen Stars - Timeless Waterscapes: end4
[2025-05-31 22:59:23] Stratégie chargée depuis gsgui.ini pour pascale/So Cliché: end4
[2025-05-31 22:59:23] Stratégie chargée depuis gsgui.ini pour pascale/Landscape Photographer of the Year: end4
[2025-05-31 22:59:23] Stratégie chargée depuis gsgui.ini pour pascale/Exits & Entrances: end4
[2025-05-31 22:59:23] Récupération réussie: 200 images pour Photo of the Week!
[2025-05-31 22:59:23] Voting fetching ...
[2025-05-31 22:59:23] Photo of the Week! voting 100 images
[2025-05-31 22:59:23] Stratégie chargée depuis gsgui.ini pour pascale/Photographer of the Week: end4
[2025-05-31 22:59:23] Stratégie chargée depuis gsgui.ini pour pascale/Favorite Animal: end4
[2025-05-31 22:59:23] Stratégie chargée depuis gsgui.ini pour pascale/What Is Patriotism?: end4
[2025-05-31 22:59:23] Stratégie chargée depuis gsgui.ini pour pascale/Photo of the Week!: end4
[2025-05-31 22:59:23] Stratégie chargée depuis gsgui.ini pour pascale/Dramatic Lighting: end4
[2025-05-31 22:59:23] Stratégie chargée depuis gsgui.ini pour pascale/Split Screen: end4
[2025-05-31 22:59:23] Stratégie chargée depuis gsgui.ini pour pascale/Still Life: end4
[2025-05-31 22:59:23] Stratégie chargée depuis gsgui.ini pour pascale/Downwards Perspective: end4
[2025-05-31 22:59:23] Stratégie chargée depuis gsgui.ini pour pascale/Guru of The Week: end4
[2025-05-31 22:59:23] Stratégie chargée depuis gsgui.ini pour pascale/Lucky Shot: end4
[2025-05-31 22:59:23] Stratégie chargée depuis gsgui.ini pour pascale/Love And Romance: end4
[2025-05-31 22:59:23] Stratégie chargée depuis gsgui.ini pour pascale/Screen Stars - Timeless Waterscapes: end4
[2025-05-31 22:59:23] Stratégie chargée depuis gsgui.ini pour pascale/So Cliché: end4
[2025-05-31 22:59:23] Stratégie chargée depuis gsgui.ini pour pascale/Landscape Photographer of the Year: end4
[2025-05-31 22:59:23] Stratégie chargée depuis gsgui.ini pour pascale/Exits & Entrances: end4
[2025-05-31 22:59:23] Récupération réussie: 200 images pour Split Screen
[2025-05-31 22:59:23] Voting fetching ...
[2025-05-31 22:59:23] Split Screen voting 100 images
[2025-05-31 22:59:23] Stratégie chargée depuis gsgui.ini pour pascale/Photographer of the Week: end4
[2025-05-31 22:59:23] Stratégie chargée depuis gsgui.ini pour pascale/Favorite Animal: end4
[2025-05-31 22:59:23] Stratégie chargée depuis gsgui.ini pour pascale/What Is Patriotism?: end4
[2025-05-31 22:59:23] Stratégie chargée depuis gsgui.ini pour pascale/Photo of the Week!: end4
[2025-05-31 22:59:23] Stratégie chargée depuis gsgui.ini pour pascale/Dramatic Lighting: end4
[2025-05-31 22:59:23] Stratégie chargée depuis gsgui.ini pour pascale/Split Screen: end4
[2025-05-31 22:59:23] Stratégie chargée depuis gsgui.ini pour pascale/Still Life: end4
[2025-05-31 22:59:23] Stratégie chargée depuis gsgui.ini pour pascale/Downwards Perspective: end4
[2025-05-31 22:59:23] Stratégie chargée depuis gsgui.ini pour pascale/Guru of The Week: end4
[2025-05-31 22:59:23] Stratégie chargée depuis gsgui.ini pour pascale/Lucky Shot: end4
[2025-05-31 22:59:23] Stratégie chargée depuis gsgui.ini pour pascale/Love And Romance: end4
[2025-05-31 22:59:23] Stratégie chargée depuis gsgui.ini pour pascale/Screen Stars - Timeless Waterscapes: end4
[2025-05-31 22:59:23] Stratégie chargée depuis gsgui.ini pour pascale/So Cliché: end4
[2025-05-31 22:59:23] Stratégie chargée depuis gsgui.ini pour pascale/Landscape Photographer of the Year: end4
[2025-05-31 22:59:23] Stratégie chargée depuis gsgui.ini pour pascale/Exits & Entrances: end4
[2025-05-31 22:59:23] Récupération réussie: 200 images pour Lucky Shot
[2025-05-31 22:59:23] Voting fetching ...
[2025-05-31 22:59:23] Lucky Shot voting 100 images
[2025-05-31 22:59:23] Stratégie chargée depuis gsgui.ini pour pascale/Photographer of the Week: end4
[2025-05-31 22:59:23] Stratégie chargée depuis gsgui.ini pour pascale/Favorite Animal: end4
[2025-05-31 22:59:23] Stratégie chargée depuis gsgui.ini pour pascale/What Is Patriotism?: end4
[2025-05-31 22:59:23] Stratégie chargée depuis gsgui.ini pour pascale/Photo of the Week!: end4
[2025-05-31 22:59:23] Stratégie chargée depuis gsgui.ini pour pascale/Dramatic Lighting: end4
[2025-05-31 22:59:23] Stratégie chargée depuis gsgui.ini pour pascale/Split Screen: end4
[2025-05-31 22:59:23] Stratégie chargée depuis gsgui.ini pour pascale/Still Life: end4
[2025-05-31 22:59:23] Stratégie chargée depuis gsgui.ini pour pascale/Downwards Perspective: end4
[2025-05-31 22:59:23] Stratégie chargée depuis gsgui.ini pour pascale/Guru of The Week: end4
[2025-05-31 22:59:23] Stratégie chargée depuis gsgui.ini pour pascale/Lucky Shot: end4
[2025-05-31 22:59:23] Stratégie chargée depuis gsgui.ini pour pascale/Love And Romance: end4
[2025-05-31 22:59:23] Stratégie chargée depuis gsgui.ini pour pascale/Screen Stars - Timeless Waterscapes: end4
[2025-05-31 22:59:23] Stratégie chargée depuis gsgui.ini pour pascale/So Cliché: end4
[2025-05-31 22:59:23] Stratégie chargée depuis gsgui.ini pour pascale/Landscape Photographer of the Year: end4
[2025-05-31 22:59:23] Stratégie chargée depuis gsgui.ini pour pascale/Exits & Entrances: end4
[2025-05-31 22:59:23] Récupération réussie: 200 images pour So Cliché
[2025-05-31 22:59:23] Voting fetching ...
[2025-05-31 22:59:23] So Cliché voting 100 images
[2025-05-31 22:59:23] Stratégie chargée depuis gsgui.ini pour pascale/Photographer of the Week: end4
[2025-05-31 22:59:23] Stratégie chargée depuis gsgui.ini pour pascale/Favorite Animal: end4
[2025-05-31 22:59:23] Stratégie chargée depuis gsgui.ini pour pascale/What Is Patriotism?: end4
[2025-05-31 22:59:23] Stratégie chargée depuis gsgui.ini pour pascale/Photo of the Week!: end4
[2025-05-31 22:59:23] Stratégie chargée depuis gsgui.ini pour pascale/Dramatic Lighting: end4
[2025-05-31 22:59:23] Stratégie chargée depuis gsgui.ini pour pascale/Split Screen: end4
[2025-05-31 22:59:23] Stratégie chargée depuis gsgui.ini pour pascale/Still Life: end4
[2025-05-31 22:59:23] Stratégie chargée depuis gsgui.ini pour pascale/Downwards Perspective: end4
[2025-05-31 22:59:23] Stratégie chargée depuis gsgui.ini pour pascale/Guru of The Week: end4
[2025-05-31 22:59:23] Stratégie chargée depuis gsgui.ini pour pascale/Lucky Shot: end4
[2025-05-31 22:59:23] Stratégie chargée depuis gsgui.ini pour pascale/Love And Romance: end4
[2025-05-31 22:59:23] Stratégie chargée depuis gsgui.ini pour pascale/Screen Stars - Timeless Waterscapes: end4
[2025-05-31 22:59:23] Stratégie chargée depuis gsgui.ini pour pascale/So Cliché: end4
[2025-05-31 22:59:23] Stratégie chargée depuis gsgui.ini pour pascale/Landscape Photographer of the Year: end4
[2025-05-31 22:59:23] Stratégie chargée depuis gsgui.ini pour pascale/Exits & Entrances: end4
[2025-05-31 22:59:23] Récupération réussie: 200 images pour Still Life
[2025-05-31 22:59:23] Voting fetching ...
[2025-05-31 22:59:23] Still Life voting 100 images
[2025-05-31 22:59:23] Stratégie chargée depuis gsgui.ini pour pascale/Photographer of the Week: end4
[2025-05-31 22:59:23] Stratégie chargée depuis gsgui.ini pour pascale/Favorite Animal: end4
[2025-05-31 22:59:23] Stratégie chargée depuis gsgui.ini pour pascale/What Is Patriotism?: end4
[2025-05-31 22:59:23] Stratégie chargée depuis gsgui.ini pour pascale/Photo of the Week!: end4
[2025-05-31 22:59:23] Stratégie chargée depuis gsgui.ini pour pascale/Dramatic Lighting: end4
[2025-05-31 22:59:23] Stratégie chargée depuis gsgui.ini pour pascale/Split Screen: end4
[2025-05-31 22:59:23] Stratégie chargée depuis gsgui.ini pour pascale/Still Life: end4
[2025-05-31 22:59:23] Stratégie chargée depuis gsgui.ini pour pascale/Downwards Perspective: end4
[2025-05-31 22:59:23] Stratégie chargée depuis gsgui.ini pour pascale/Guru of The Week: end4
[2025-05-31 22:59:23] Stratégie chargée depuis gsgui.ini pour pascale/Lucky Shot: end4
[2025-05-31 22:59:23] Stratégie chargée depuis gsgui.ini pour pascale/Love And Romance: end4
[2025-05-31 22:59:23] Stratégie chargée depuis gsgui.ini pour pascale/Screen Stars - Timeless Waterscapes: end4
[2025-05-31 22:59:23] Stratégie chargée depuis gsgui.ini pour pascale/So Cliché: end4
[2025-05-31 22:59:23] Stratégie chargée depuis gsgui.ini pour pascale/Landscape Photographer of the Year: end4
[2025-05-31 22:59:23] Stratégie chargée depuis gsgui.ini pour pascale/Exits & Entrances: end4
[2025-05-31 22:59:23] Récupération réussie: 200 images pour Downwards Perspective
[2025-05-31 22:59:23] Voting fetching ...
[2025-05-31 22:59:23] Downwards Perspective voting 100 images
[2025-05-31 22:59:23] Stratégie chargée depuis gsgui.ini pour pascale/Photographer of the Week: end4
[2025-05-31 22:59:23] Stratégie chargée depuis gsgui.ini pour pascale/Favorite Animal: end4
[2025-05-31 22:59:23] Stratégie chargée depuis gsgui.ini pour pascale/What Is Patriotism?: end4
[2025-05-31 22:59:23] Stratégie chargée depuis gsgui.ini pour pascale/Photo of the Week!: end4
[2025-05-31 22:59:23] Stratégie chargée depuis gsgui.ini pour pascale/Dramatic Lighting: end4
[2025-05-31 22:59:23] Stratégie chargée depuis gsgui.ini pour pascale/Split Screen: end4
[2025-05-31 22:59:23] Stratégie chargée depuis gsgui.ini pour pascale/Still Life: end4
[2025-05-31 22:59:23] Stratégie chargée depuis gsgui.ini pour pascale/Downwards Perspective: end4
[2025-05-31 22:59:23] Stratégie chargée depuis gsgui.ini pour pascale/Guru of The Week: end4
[2025-05-31 22:59:23] Stratégie chargée depuis gsgui.ini pour pascale/Lucky Shot: end4
[2025-05-31 22:59:23] Stratégie chargée depuis gsgui.ini pour pascale/Love And Romance: end4
[2025-05-31 22:59:23] Stratégie chargée depuis gsgui.ini pour pascale/Screen Stars - Timeless Waterscapes: end4
[2025-05-31 22:59:23] Stratégie chargée depuis gsgui.ini pour pascale/So Cliché: end4
[2025-05-31 22:59:23] Stratégie chargée depuis gsgui.ini pour pascale/Landscape Photographer of the Year: end4
[2025-05-31 22:59:23] Stratégie chargée depuis gsgui.ini pour pascale/Exits & Entrances: end4
[2025-05-31 22:59:23] Récupération réussie: 200 images pour Photographer of the Week
[2025-05-31 22:59:23] Voting fetching ...
[2025-05-31 22:59:23] Photographer of the Week voting 100 images
[2025-05-31 22:59:23] Stratégie chargée depuis gsgui.ini pour pascale/Photographer of the Week: end4
[2025-05-31 22:59:23] Stratégie chargée depuis gsgui.ini pour pascale/Favorite Animal: end4
[2025-05-31 22:59:23] Stratégie chargée depuis gsgui.ini pour pascale/What Is Patriotism?: end4
[2025-05-31 22:59:23] Stratégie chargée depuis gsgui.ini pour pascale/Photo of the Week!: end4
[2025-05-31 22:59:23] Stratégie chargée depuis gsgui.ini pour pascale/Dramatic Lighting: end4
[2025-05-31 22:59:23] Stratégie chargée depuis gsgui.ini pour pascale/Split Screen: end4
[2025-05-31 22:59:23] Stratégie chargée depuis gsgui.ini pour pascale/Still Life: end4
[2025-05-31 22:59:23] Stratégie chargée depuis gsgui.ini pour pascale/Downwards Perspective: end4
[2025-05-31 22:59:23] Stratégie chargée depuis gsgui.ini pour pascale/Guru of The Week: end4
[2025-05-31 22:59:23] Stratégie chargée depuis gsgui.ini pour pascale/Lucky Shot: end4
[2025-05-31 22:59:23] Stratégie chargée depuis gsgui.ini pour pascale/Love And Romance: end4
[2025-05-31 22:59:23] Stratégie chargée depuis gsgui.ini pour pascale/Screen Stars - Timeless Waterscapes: end4
[2025-05-31 22:59:23] Stratégie chargée depuis gsgui.ini pour pascale/So Cliché: end4
[2025-05-31 22:59:23] Stratégie chargée depuis gsgui.ini pour pascale/Landscape Photographer of the Year: end4
[2025-05-31 22:59:23] Stratégie chargée depuis gsgui.ini pour pascale/Exits & Entrances: end4
[2025-05-31 22:59:23] Récupération réussie: 200 images pour Screen Stars - Timeless Waterscapes
[2025-05-31 22:59:23] Voting fetching ...
[2025-05-31 22:59:23] Screen Stars - Timeless Waterscapes voting 100 images
[2025-05-31 22:59:23] Stratégie chargée depuis gsgui.ini pour pascale/Photographer of the Week: end4
[2025-05-31 22:59:23] Stratégie chargée depuis gsgui.ini pour pascale/Favorite Animal: end4
[2025-05-31 22:59:23] Stratégie chargée depuis gsgui.ini pour pascale/What Is Patriotism?: end4
[2025-05-31 22:59:23] Stratégie chargée depuis gsgui.ini pour pascale/Photo of the Week!: end4
[2025-05-31 22:59:23] Stratégie chargée depuis gsgui.ini pour pascale/Dramatic Lighting: end4
[2025-05-31 22:59:23] Stratégie chargée depuis gsgui.ini pour pascale/Split Screen: end4
[2025-05-31 22:59:23] Stratégie chargée depuis gsgui.ini pour pascale/Still Life: end4
[2025-05-31 22:59:23] Stratégie chargée depuis gsgui.ini pour pascale/Downwards Perspective: end4
[2025-05-31 22:59:23] Stratégie chargée depuis gsgui.ini pour pascale/Guru of The Week: end4
[2025-05-31 22:59:23] Stratégie chargée depuis gsgui.ini pour pascale/Lucky Shot: end4
[2025-05-31 22:59:23] Stratégie chargée depuis gsgui.ini pour pascale/Love And Romance: end4
[2025-05-31 22:59:23] Stratégie chargée depuis gsgui.ini pour pascale/Screen Stars - Timeless Waterscapes: end4
[2025-05-31 22:59:23] Stratégie chargée depuis gsgui.ini pour pascale/So Cliché: end4
[2025-05-31 22:59:23] Stratégie chargée depuis gsgui.ini pour pascale/Landscape Photographer of the Year: end4
[2025-05-31 22:59:24] Stratégie chargée depuis gsgui.ini pour pascale/Exits & Entrances: end4
[2025-05-31 22:59:24] Récupération réussie: 200 images pour Exits & Entrances
[2025-05-31 22:59:24] Voting fetching ...
[2025-05-31 22:59:24] Exits & Entrances voting 100 images
[2025-05-31 22:59:24] Stratégie chargée depuis gsgui.ini pour pascale/Photographer of the Week: end4
[2025-05-31 22:59:24] Stratégie chargée depuis gsgui.ini pour pascale/Favorite Animal: end4
[2025-05-31 22:59:24] Stratégie chargée depuis gsgui.ini pour pascale/What Is Patriotism?: end4
[2025-05-31 22:59:24] Stratégie chargée depuis gsgui.ini pour pascale/Photo of the Week!: end4
[2025-05-31 22:59:24] Stratégie chargée depuis gsgui.ini pour pascale/Dramatic Lighting: end4
[2025-05-31 22:59:24] Stratégie chargée depuis gsgui.ini pour pascale/Split Screen: end4
[2025-05-31 22:59:24] Stratégie chargée depuis gsgui.ini pour pascale/Still Life: end4
[2025-05-31 22:59:24] Stratégie chargée depuis gsgui.ini pour pascale/Downwards Perspective: end4
[2025-05-31 22:59:24] Stratégie chargée depuis gsgui.ini pour pascale/Guru of The Week: end4
[2025-05-31 22:59:24] Stratégie chargée depuis gsgui.ini pour pascale/Lucky Shot: end4
[2025-05-31 22:59:24] Stratégie chargée depuis gsgui.ini pour pascale/Love And Romance: end4
[2025-05-31 22:59:24] Stratégie chargée depuis gsgui.ini pour pascale/Screen Stars - Timeless Waterscapes: end4
[2025-05-31 22:59:24] Stratégie chargée depuis gsgui.ini pour pascale/So Cliché: end4
[2025-05-31 22:59:24] Stratégie chargée depuis gsgui.ini pour pascale/Landscape Photographer of the Year: end4
[2025-05-31 22:59:24] Stratégie chargée depuis gsgui.ini pour pascale/Exits & Entrances: end4
[2025-05-31 22:59:24] Récupération réussie: 200 images pour Dramatic Lighting
[2025-05-31 22:59:24] Voting fetching ...
[2025-05-31 22:59:24] Dramatic Lighting voting 100 images
[2025-05-31 22:59:24] Stratégie chargée depuis gsgui.ini pour pascale/Photographer of the Week: end4
[2025-05-31 22:59:24] Stratégie chargée depuis gsgui.ini pour pascale/Favorite Animal: end4
[2025-05-31 22:59:24] Stratégie chargée depuis gsgui.ini pour pascale/What Is Patriotism?: end4
[2025-05-31 22:59:24] Stratégie chargée depuis gsgui.ini pour pascale/Photo of the Week!: end4
[2025-05-31 22:59:24] Stratégie chargée depuis gsgui.ini pour pascale/Dramatic Lighting: end4
[2025-05-31 22:59:24] Stratégie chargée depuis gsgui.ini pour pascale/Split Screen: end4
[2025-05-31 22:59:24] Stratégie chargée depuis gsgui.ini pour pascale/Still Life: end4
[2025-05-31 22:59:24] Stratégie chargée depuis gsgui.ini pour pascale/Downwards Perspective: end4
[2025-05-31 22:59:24] Stratégie chargée depuis gsgui.ini pour pascale/Guru of The Week: end4
[2025-05-31 22:59:24] Stratégie chargée depuis gsgui.ini pour pascale/Lucky Shot: end4
[2025-05-31 22:59:24] Stratégie chargée depuis gsgui.ini pour pascale/Love And Romance: end4
[2025-05-31 22:59:24] Stratégie chargée depuis gsgui.ini pour pascale/Screen Stars - Timeless Waterscapes: end4
[2025-05-31 22:59:24] Stratégie chargée depuis gsgui.ini pour pascale/So Cliché: end4
[2025-05-31 22:59:24] Stratégie chargée depuis gsgui.ini pour pascale/Landscape Photographer of the Year: end4
[2025-05-31 22:59:24] Stratégie chargée depuis gsgui.ini pour pascale/Exits & Entrances: end4
[2025-05-31 22:59:24] Récupération réussie: 200 images pour Landscape Photographer of the Year
[2025-05-31 22:59:24] Voting fetching ...
[2025-05-31 22:59:24] Landscape Photographer of the Year voting 100 images
[2025-05-31 22:59:24] Stratégie chargée depuis gsgui.ini pour pascale/Photographer of the Week: end4
[2025-05-31 22:59:24] Stratégie chargée depuis gsgui.ini pour pascale/Favorite Animal: end4
[2025-05-31 22:59:24] Stratégie chargée depuis gsgui.ini pour pascale/What Is Patriotism?: end4
[2025-05-31 22:59:24] Stratégie chargée depuis gsgui.ini pour pascale/Photo of the Week!: end4
[2025-05-31 22:59:24] Stratégie chargée depuis gsgui.ini pour pascale/Dramatic Lighting: end4
[2025-05-31 22:59:24] Stratégie chargée depuis gsgui.ini pour pascale/Split Screen: end4
[2025-05-31 22:59:24] Stratégie chargée depuis gsgui.ini pour pascale/Still Life: end4
[2025-05-31 22:59:24] Stratégie chargée depuis gsgui.ini pour pascale/Downwards Perspective: end4
[2025-05-31 22:59:24] Stratégie chargée depuis gsgui.ini pour pascale/Guru of The Week: end4
[2025-05-31 22:59:24] Stratégie chargée depuis gsgui.ini pour pascale/Lucky Shot: end4
[2025-05-31 22:59:24] Stratégie chargée depuis gsgui.ini pour pascale/Love And Romance: end4
[2025-05-31 22:59:24] Stratégie chargée depuis gsgui.ini pour pascale/Screen Stars - Timeless Waterscapes: end4
[2025-05-31 22:59:24] Stratégie chargée depuis gsgui.ini pour pascale/So Cliché: end4
[2025-05-31 22:59:24] Stratégie chargée depuis gsgui.ini pour pascale/Landscape Photographer of the Year: end4
[2025-05-31 22:59:24] Stratégie chargée depuis gsgui.ini pour pascale/Exits & Entrances: end4
[2025-05-31 22:59:25] What Is Patriotism? voted successfully
[2025-05-31 22:59:27] Guru of The Week voted successfully
[2025-05-31 22:59:29] Photo of the Week! voted successfully
[2025-05-31 22:59:31] Split Screen voted successfully
[2025-05-31 22:59:33] Photographer of the Week voted successfully
[2025-05-31 22:59:35] Exits & Entrances voted successfully
[2025-05-31 22:59:37] Dramatic Lighting voted successfully
[2025-05-31 22:59:39] Landscape Photographer of the Year voted successfully
[2025-05-31 22:59:41] Screen Stars - Timeless Waterscapes voted successfully
[2025-05-31 22:59:43] Lucky Shot voted successfully
[2025-05-31 22:59:45] So Cliché voted successfully
[2025-05-31 22:59:47] Downwards Perspective voted successfully
[2025-05-31 22:59:49] Still Life voted successfully
[2025-05-31 22:59:52] Challenges fetching ...
[2025-05-31 22:59:52] Stratégie chargée depuis gsgui.ini pour pascale/Love And Romance: end4
[2025-05-31 22:59:52] Stratégie chargée depuis gsgui.ini pour pascale/What Is Patriotism?: end4
[2025-05-31 22:59:52] Stratégie chargée depuis gsgui.ini pour pascale/Screen Stars - Timeless Waterscapes: end4
[2025-05-31 22:59:52] Stratégie chargée depuis gsgui.ini pour pascale/Downwards Perspective: end4
[2025-05-31 22:59:52] Stratégie chargée depuis gsgui.ini pour pascale/Split Screen: end4
[2025-05-31 22:59:52] Stratégie chargée depuis gsgui.ini pour pascale/Landscape Photographer of the Year: end4
[2025-05-31 22:59:52] Stratégie chargée depuis gsgui.ini pour pascale/Photographer of the Week: end4
[2025-05-31 22:59:52] Stratégie chargée depuis gsgui.ini pour pascale/Photo of the Week!: end4
[2025-05-31 22:59:52] Stratégie chargée depuis gsgui.ini pour pascale/Exits & Entrances: end4
[2025-05-31 22:59:52] Stratégie chargée depuis gsgui.ini pour pascale/Dramatic Lighting: end4
[2025-05-31 22:59:52] Stratégie chargée depuis gsgui.ini pour pascale/Favorite Animal: end4
[2025-05-31 22:59:52] Stratégie chargée depuis gsgui.ini pour pascale/Still Life: end4
[2025-05-31 22:59:52] Stratégie chargée depuis gsgui.ini pour pascale/Lucky Shot: end4
[2025-05-31 22:59:52] Stratégie chargée depuis gsgui.ini pour pascale/Guru of The Week: end4
[2025-05-31 22:59:52] Stratégie chargée depuis gsgui.ini pour pascale/So Cliché: end4
[2025-05-31 22:59:52] Challenges fetched successfully for pascale!
[2025-05-31 22:59:52] Stratégie chargée depuis gsgui.ini pour pascale/Love And Romance: end4
[2025-05-31 22:59:52] Stratégie chargée depuis gsgui.ini pour pascale/What Is Patriotism?: end4
[2025-05-31 22:59:52] Stratégie chargée depuis gsgui.ini pour pascale/Screen Stars - Timeless Waterscapes: end4
[2025-05-31 22:59:52] Stratégie chargée depuis gsgui.ini pour pascale/Downwards Perspective: end4
[2025-05-31 22:59:52] Stratégie chargée depuis gsgui.ini pour pascale/Split Screen: end4
[2025-05-31 22:59:52] Stratégie chargée depuis gsgui.ini pour pascale/Landscape Photographer of the Year: end4
[2025-05-31 22:59:52] Stratégie chargée depuis gsgui.ini pour pascale/Photographer of the Week: end4
[2025-05-31 22:59:52] Stratégie chargée depuis gsgui.ini pour pascale/Photo of the Week!: end4
[2025-05-31 22:59:52] Stratégie chargée depuis gsgui.ini pour pascale/Exits & Entrances: end4
[2025-05-31 22:59:52] Stratégie chargée depuis gsgui.ini pour pascale/Dramatic Lighting: end4
[2025-05-31 22:59:52] Stratégie chargée depuis gsgui.ini pour pascale/Favorite Animal: end4
[2025-05-31 22:59:52] Stratégie chargée depuis gsgui.ini pour pascale/Still Life: end4
[2025-05-31 22:59:52] Stratégie chargée depuis gsgui.ini pour pascale/Lucky Shot: end4
[2025-05-31 22:59:52] Stratégie chargée depuis gsgui.ini pour pascale/Guru of The Week: end4
[2025-05-31 22:59:52] Stratégie chargée depuis gsgui.ini pour pascale/So Cliché: end4
[2025-05-31 22:59:53] Challenges fetching ...
[2025-05-31 22:59:53] Stratégie chargée depuis gsgui.ini pour pascale/Photo of the Week!: end4
[2025-05-31 22:59:53] Stratégie chargée depuis gsgui.ini pour pascale/Downwards Perspective: end4
[2025-05-31 22:59:53] Stratégie chargée depuis gsgui.ini pour pascale/Lucky Shot: end4
[2025-05-31 22:59:53] Stratégie chargée depuis gsgui.ini pour pascale/Guru of The Week: end4
[2025-05-31 22:59:53] Stratégie chargée depuis gsgui.ini pour pascale/Screen Stars - Timeless Waterscapes: end4
[2025-05-31 22:59:53] Stratégie chargée depuis gsgui.ini pour pascale/Still Life: end4
[2025-05-31 22:59:53] Stratégie chargée depuis gsgui.ini pour pascale/What Is Patriotism?: end4
[2025-05-31 22:59:53] Stratégie chargée depuis gsgui.ini pour pascale/Exits & Entrances: end4
[2025-05-31 22:59:53] Stratégie chargée depuis gsgui.ini pour pascale/Love And Romance: end4
[2025-05-31 22:59:53] Stratégie chargée depuis gsgui.ini pour pascale/Dramatic Lighting: end4
[2025-05-31 22:59:53] Stratégie chargée depuis gsgui.ini pour pascale/So Cliché: end4
[2025-05-31 22:59:53] Stratégie chargée depuis gsgui.ini pour pascale/Photographer of the Week: end4
[2025-05-31 22:59:53] Stratégie chargée depuis gsgui.ini pour pascale/Favorite Animal: end4
[2025-05-31 22:59:53] Stratégie chargée depuis gsgui.ini pour pascale/Landscape Photographer of the Year: end4
[2025-05-31 22:59:53] Stratégie chargée depuis gsgui.ini pour pascale/Split Screen: end4
[2025-05-31 22:59:53] Challenges fetched successfully for pascale!
[2025-05-31 22:59:53] Stratégie chargée depuis gsgui.ini pour pascale/Photo of the Week!: end4
[2025-05-31 22:59:53] Stratégie chargée depuis gsgui.ini pour pascale/Downwards Perspective: end4
[2025-05-31 22:59:53] Stratégie chargée depuis gsgui.ini pour pascale/Lucky Shot: end4
[2025-05-31 22:59:53] Stratégie chargée depuis gsgui.ini pour pascale/Guru of The Week: end4
[2025-05-31 22:59:53] Stratégie chargée depuis gsgui.ini pour pascale/Screen Stars - Timeless Waterscapes: end4
[2025-05-31 22:59:53] Stratégie chargée depuis gsgui.ini pour pascale/Still Life: end4
[2025-05-31 22:59:53] Stratégie chargée depuis gsgui.ini pour pascale/What Is Patriotism?: end4
[2025-05-31 22:59:53] Stratégie chargée depuis gsgui.ini pour pascale/Exits & Entrances: end4
[2025-05-31 22:59:53] Stratégie chargée depuis gsgui.ini pour pascale/Love And Romance: end4
[2025-05-31 22:59:53] Stratégie chargée depuis gsgui.ini pour pascale/Dramatic Lighting: end4
[2025-05-31 22:59:53] Stratégie chargée depuis gsgui.ini pour pascale/So Cliché: end4
[2025-05-31 22:59:53] Stratégie chargée depuis gsgui.ini pour pascale/Photographer of the Week: end4
[2025-05-31 22:59:53] Stratégie chargée depuis gsgui.ini pour pascale/Favorite Animal: end4
[2025-05-31 22:59:53] Stratégie chargée depuis gsgui.ini pour pascale/Landscape Photographer of the Year: end4
[2025-05-31 22:59:53] Stratégie chargée depuis gsgui.ini pour pascale/Split Screen: end4
[2025-05-31 22:59:53] Challenges fetching ...
[2025-05-31 22:59:53] Stratégie chargée depuis gsgui.ini pour pascale/Favorite Animal: end4
[2025-05-31 22:59:53] Stratégie chargée depuis gsgui.ini pour pascale/Screen Stars - Timeless Waterscapes: end4
[2025-05-31 22:59:53] Stratégie chargée depuis gsgui.ini pour pascale/Photo of the Week!: end4
[2025-05-31 22:59:53] Stratégie chargée depuis gsgui.ini pour pascale/So Cliché: end4
[2025-05-31 22:59:53] Stratégie chargée depuis gsgui.ini pour pascale/Photographer of the Week: end4
[2025-05-31 22:59:53] Stratégie chargée depuis gsgui.ini pour pascale/Exits & Entrances: end4
[2025-05-31 22:59:53] Stratégie chargée depuis gsgui.ini pour pascale/Downwards Perspective: end4
[2025-05-31 22:59:53] Stratégie chargée depuis gsgui.ini pour pascale/Love And Romance: end4
[2025-05-31 22:59:53] Stratégie chargée depuis gsgui.ini pour pascale/Still Life: end4
[2025-05-31 22:59:53] Stratégie chargée depuis gsgui.ini pour pascale/Guru of The Week: end4
[2025-05-31 22:59:53] Stratégie chargée depuis gsgui.ini pour pascale/Split Screen: end4
[2025-05-31 22:59:53] Stratégie chargée depuis gsgui.ini pour pascale/Dramatic Lighting: end4
[2025-05-31 22:59:53] Stratégie chargée depuis gsgui.ini pour pascale/Lucky Shot: end4
[2025-05-31 22:59:53] Stratégie chargée depuis gsgui.ini pour pascale/What Is Patriotism?: end4
[2025-05-31 22:59:53] Stratégie chargée depuis gsgui.ini pour pascale/Landscape Photographer of the Year: end4
[2025-05-31 22:59:53] Challenges fetched successfully for pascale!
[2025-05-31 22:59:53] Stratégie chargée depuis gsgui.ini pour pascale/Favorite Animal: end4
[2025-05-31 22:59:53] Stratégie chargée depuis gsgui.ini pour pascale/Screen Stars - Timeless Waterscapes: end4
[2025-05-31 22:59:53] Stratégie chargée depuis gsgui.ini pour pascale/Photo of the Week!: end4
[2025-05-31 22:59:53] Stratégie chargée depuis gsgui.ini pour pascale/So Cliché: end4
[2025-05-31 22:59:53] Stratégie chargée depuis gsgui.ini pour pascale/Photographer of the Week: end4
[2025-05-31 22:59:53] Stratégie chargée depuis gsgui.ini pour pascale/Exits & Entrances: end4
[2025-05-31 22:59:53] Stratégie chargée depuis gsgui.ini pour pascale/Downwards Perspective: end4
[2025-05-31 22:59:53] Stratégie chargée depuis gsgui.ini pour pascale/Love And Romance: end4
[2025-05-31 22:59:53] Stratégie chargée depuis gsgui.ini pour pascale/Still Life: end4
[2025-05-31 22:59:53] Stratégie chargée depuis gsgui.ini pour pascale/Guru of The Week: end4
[2025-05-31 22:59:53] Stratégie chargée depuis gsgui.ini pour pascale/Split Screen: end4
[2025-05-31 22:59:53] Stratégie chargée depuis gsgui.ini pour pascale/Dramatic Lighting: end4
[2025-05-31 22:59:53] Stratégie chargée depuis gsgui.ini pour pascale/Lucky Shot: end4
[2025-05-31 22:59:53] Stratégie chargée depuis gsgui.ini pour pascale/What Is Patriotism?: end4
[2025-05-31 22:59:53] Stratégie chargée depuis gsgui.ini pour pascale/Landscape Photographer of the Year: end4
[2025-05-31 22:59:53] Challenges fetching ...
[2025-05-31 22:59:53] Stratégie chargée depuis gsgui.ini pour pascale/Guru of The Week: end4
[2025-05-31 22:59:53] Stratégie chargée depuis gsgui.ini pour pascale/Split Screen: end4
[2025-05-31 22:59:53] Stratégie chargée depuis gsgui.ini pour pascale/Dramatic Lighting: end4
[2025-05-31 22:59:53] Stratégie chargée depuis gsgui.ini pour pascale/Lucky Shot: end4
[2025-05-31 22:59:53] Stratégie chargée depuis gsgui.ini pour pascale/What Is Patriotism?: end4
[2025-05-31 22:59:53] Stratégie chargée depuis gsgui.ini pour pascale/Landscape Photographer of the Year: end4
[2025-05-31 22:59:53] Stratégie chargée depuis gsgui.ini pour pascale/Favorite Animal: end4
[2025-05-31 22:59:53] Stratégie chargée depuis gsgui.ini pour pascale/Screen Stars - Timeless Waterscapes: end4
[2025-05-31 22:59:53] Stratégie chargée depuis gsgui.ini pour pascale/Photo of the Week!: end4
[2025-05-31 22:59:53] Stratégie chargée depuis gsgui.ini pour pascale/So Cliché: end4
[2025-05-31 22:59:53] Stratégie chargée depuis gsgui.ini pour pascale/Photographer of the Week: end4
[2025-05-31 22:59:53] Stratégie chargée depuis gsgui.ini pour pascale/Exits & Entrances: end4
[2025-05-31 22:59:53] Stratégie chargée depuis gsgui.ini pour pascale/Downwards Perspective: end4
[2025-05-31 22:59:53] Stratégie chargée depuis gsgui.ini pour pascale/Love And Romance: end4
[2025-05-31 22:59:53] Stratégie chargée depuis gsgui.ini pour pascale/Still Life: end4
[2025-05-31 22:59:53] Challenges fetched successfully for pascale!
[2025-05-31 22:59:53] Stratégie chargée depuis gsgui.ini pour pascale/Guru of The Week: end4
[2025-05-31 22:59:53] Stratégie chargée depuis gsgui.ini pour pascale/Split Screen: end4
[2025-05-31 22:59:53] Stratégie chargée depuis gsgui.ini pour pascale/Dramatic Lighting: end4
[2025-05-31 22:59:53] Stratégie chargée depuis gsgui.ini pour pascale/Lucky Shot: end4
[2025-05-31 22:59:53] Stratégie chargée depuis gsgui.ini pour pascale/What Is Patriotism?: end4
[2025-05-31 22:59:53] Stratégie chargée depuis gsgui.ini pour pascale/Landscape Photographer of the Year: end4
[2025-05-31 22:59:53] Stratégie chargée depuis gsgui.ini pour pascale/Favorite Animal: end4
[2025-05-31 22:59:53] Stratégie chargée depuis gsgui.ini pour pascale/Screen Stars - Timeless Waterscapes: end4
[2025-05-31 22:59:53] Stratégie chargée depuis gsgui.ini pour pascale/Photo of the Week!: end4
[2025-05-31 22:59:53] Stratégie chargée depuis gsgui.ini pour pascale/So Cliché: end4
[2025-05-31 22:59:53] Stratégie chargée depuis gsgui.ini pour pascale/Photographer of the Week: end4
[2025-05-31 22:59:53] Stratégie chargée depuis gsgui.ini pour pascale/Exits & Entrances: end4
[2025-05-31 22:59:53] Stratégie chargée depuis gsgui.ini pour pascale/Downwards Perspective: end4
[2025-05-31 22:59:53] Stratégie chargée depuis gsgui.ini pour pascale/Love And Romance: end4
[2025-05-31 22:59:53] Stratégie chargée depuis gsgui.ini pour pascale/Still Life: end4
[2025-05-31 22:59:53] Challenges fetching ...
[2025-05-31 22:59:53] Stratégie chargée depuis gsgui.ini pour pascale/Downwards Perspective: end4
[2025-05-31 22:59:53] Stratégie chargée depuis gsgui.ini pour pascale/Love And Romance: end4
[2025-05-31 22:59:53] Stratégie chargée depuis gsgui.ini pour pascale/Exits & Entrances: end4
[2025-05-31 22:59:53] Stratégie chargée depuis gsgui.ini pour pascale/Guru of The Week: end4
[2025-05-31 22:59:53] Stratégie chargée depuis gsgui.ini pour pascale/Split Screen: end4
[2025-05-31 22:59:53] Stratégie chargée depuis gsgui.ini pour pascale/Still Life: end4
[2025-05-31 22:59:53] Stratégie chargée depuis gsgui.ini pour pascale/Lucky Shot: end4
[2025-05-31 22:59:53] Stratégie chargée depuis gsgui.ini pour pascale/What Is Patriotism?: end4
[2025-05-31 22:59:53] Stratégie chargée depuis gsgui.ini pour pascale/Landscape Photographer of the Year: end4
[2025-05-31 22:59:53] Stratégie chargée depuis gsgui.ini pour pascale/Favorite Animal: end4
[2025-05-31 22:59:53] Stratégie chargée depuis gsgui.ini pour pascale/Screen Stars - Timeless Waterscapes: end4
[2025-05-31 22:59:53] Stratégie chargée depuis gsgui.ini pour pascale/Dramatic Lighting: end4
[2025-05-31 22:59:53] Stratégie chargée depuis gsgui.ini pour pascale/So Cliché: end4
[2025-05-31 22:59:53] Stratégie chargée depuis gsgui.ini pour pascale/Photographer of the Week: end4
[2025-05-31 22:59:53] Stratégie chargée depuis gsgui.ini pour pascale/Photo of the Week!: end4
[2025-05-31 22:59:53] Challenges fetched successfully for pascale!
[2025-05-31 22:59:53] Stratégie chargée depuis gsgui.ini pour pascale/Downwards Perspective: end4
[2025-05-31 22:59:53] Stratégie chargée depuis gsgui.ini pour pascale/Love And Romance: end4
[2025-05-31 22:59:53] Stratégie chargée depuis gsgui.ini pour pascale/Exits & Entrances: end4
[2025-05-31 22:59:53] Stratégie chargée depuis gsgui.ini pour pascale/Guru of The Week: end4
[2025-05-31 22:59:53] Stratégie chargée depuis gsgui.ini pour pascale/Split Screen: end4
[2025-05-31 22:59:53] Stratégie chargée depuis gsgui.ini pour pascale/Still Life: end4
[2025-05-31 22:59:53] Stratégie chargée depuis gsgui.ini pour pascale/Lucky Shot: end4
[2025-05-31 22:59:53] Stratégie chargée depuis gsgui.ini pour pascale/What Is Patriotism?: end4
[2025-05-31 22:59:53] Stratégie chargée depuis gsgui.ini pour pascale/Landscape Photographer of the Year: end4
[2025-05-31 22:59:53] Stratégie chargée depuis gsgui.ini pour pascale/Favorite Animal: end4
[2025-05-31 22:59:53] Stratégie chargée depuis gsgui.ini pour pascale/Screen Stars - Timeless Waterscapes: end4
[2025-05-31 22:59:53] Stratégie chargée depuis gsgui.ini pour pascale/Dramatic Lighting: end4
[2025-05-31 22:59:53] Stratégie chargée depuis gsgui.ini pour pascale/So Cliché: end4
[2025-05-31 22:59:53] Stratégie chargée depuis gsgui.ini pour pascale/Photographer of the Week: end4
[2025-05-31 22:59:53] Stratégie chargée depuis gsgui.ini pour pascale/Photo of the Week!: end4
[2025-05-31 22:59:53] Challenges fetching ...
[2025-05-31 22:59:53] Stratégie chargée depuis gsgui.ini pour pascale/Favorite Animal: end4
[2025-05-31 22:59:53] Stratégie chargée depuis gsgui.ini pour pascale/Screen Stars - Timeless Waterscapes: end4
[2025-05-31 22:59:53] Stratégie chargée depuis gsgui.ini pour pascale/Photo of the Week!: end4
[2025-05-31 22:59:53] Stratégie chargée depuis gsgui.ini pour pascale/So Cliché: end4
[2025-05-31 22:59:53] Stratégie chargée depuis gsgui.ini pour pascale/Photographer of the Week: end4
[2025-05-31 22:59:53] Stratégie chargée depuis gsgui.ini pour pascale/Exits & Entrances: end4
[2025-05-31 22:59:53] Stratégie chargée depuis gsgui.ini pour pascale/Downwards Perspective: end4
[2025-05-31 22:59:53] Stratégie chargée depuis gsgui.ini pour pascale/Love And Romance: end4
[2025-05-31 22:59:53] Stratégie chargée depuis gsgui.ini pour pascale/Still Life: end4
[2025-05-31 22:59:53] Stratégie chargée depuis gsgui.ini pour pascale/Guru of The Week: end4
[2025-05-31 22:59:53] Stratégie chargée depuis gsgui.ini pour pascale/Split Screen: end4
[2025-05-31 22:59:53] Stratégie chargée depuis gsgui.ini pour pascale/Dramatic Lighting: end4
[2025-05-31 22:59:53] Stratégie chargée depuis gsgui.ini pour pascale/Lucky Shot: end4
[2025-05-31 22:59:53] Stratégie chargée depuis gsgui.ini pour pascale/What Is Patriotism?: end4
[2025-05-31 22:59:53] Stratégie chargée depuis gsgui.ini pour pascale/Landscape Photographer of the Year: end4
[2025-05-31 22:59:53] Challenges fetched successfully for pascale!
[2025-05-31 22:59:53] Stratégie chargée depuis gsgui.ini pour pascale/Favorite Animal: end4
[2025-05-31 22:59:53] Stratégie chargée depuis gsgui.ini pour pascale/Screen Stars - Timeless Waterscapes: end4
[2025-05-31 22:59:53] Stratégie chargée depuis gsgui.ini pour pascale/Photo of the Week!: end4
[2025-05-31 22:59:53] Stratégie chargée depuis gsgui.ini pour pascale/So Cliché: end4
[2025-05-31 22:59:53] Stratégie chargée depuis gsgui.ini pour pascale/Photographer of the Week: end4
[2025-05-31 22:59:53] Stratégie chargée depuis gsgui.ini pour pascale/Exits & Entrances: end4
[2025-05-31 22:59:53] Stratégie chargée depuis gsgui.ini pour pascale/Downwards Perspective: end4
[2025-05-31 22:59:53] Stratégie chargée depuis gsgui.ini pour pascale/Love And Romance: end4
[2025-05-31 22:59:53] Stratégie chargée depuis gsgui.ini pour pascale/Still Life: end4
[2025-05-31 22:59:53] Stratégie chargée depuis gsgui.ini pour pascale/Guru of The Week: end4
[2025-05-31 22:59:53] Stratégie chargée depuis gsgui.ini pour pascale/Split Screen: end4
[2025-05-31 22:59:53] Stratégie chargée depuis gsgui.ini pour pascale/Dramatic Lighting: end4
[2025-05-31 22:59:53] Stratégie chargée depuis gsgui.ini pour pascale/Lucky Shot: end4
[2025-05-31 22:59:53] Stratégie chargée depuis gsgui.ini pour pascale/What Is Patriotism?: end4
[2025-05-31 22:59:53] Stratégie chargée depuis gsgui.ini pour pascale/Landscape Photographer of the Year: end4
[2025-05-31 22:59:53] Challenges fetching ...
[2025-05-31 22:59:53] Stratégie chargée depuis gsgui.ini pour pascale/Guru of The Week: end4
[2025-05-31 22:59:53] Stratégie chargée depuis gsgui.ini pour pascale/Split Screen: end4
[2025-05-31 22:59:53] Stratégie chargée depuis gsgui.ini pour pascale/Dramatic Lighting: end4
[2025-05-31 22:59:53] Stratégie chargée depuis gsgui.ini pour pascale/Lucky Shot: end4
[2025-05-31 22:59:53] Stratégie chargée depuis gsgui.ini pour pascale/What Is Patriotism?: end4
[2025-05-31 22:59:53] Stratégie chargée depuis gsgui.ini pour pascale/Landscape Photographer of the Year: end4
[2025-05-31 22:59:53] Stratégie chargée depuis gsgui.ini pour pascale/Favorite Animal: end4
[2025-05-31 22:59:53] Stratégie chargée depuis gsgui.ini pour pascale/Screen Stars - Timeless Waterscapes: end4
[2025-05-31 22:59:53] Stratégie chargée depuis gsgui.ini pour pascale/Photo of the Week!: end4
[2025-05-31 22:59:53] Stratégie chargée depuis gsgui.ini pour pascale/So Cliché: end4
[2025-05-31 22:59:53] Stratégie chargée depuis gsgui.ini pour pascale/Photographer of the Week: end4
[2025-05-31 22:59:53] Stratégie chargée depuis gsgui.ini pour pascale/Exits & Entrances: end4
[2025-05-31 22:59:53] Stratégie chargée depuis gsgui.ini pour pascale/Downwards Perspective: end4
[2025-05-31 22:59:53] Stratégie chargée depuis gsgui.ini pour pascale/Love And Romance: end4
[2025-05-31 22:59:53] Stratégie chargée depuis gsgui.ini pour pascale/Still Life: end4
[2025-05-31 22:59:53] Challenges fetched successfully for pascale!
[2025-05-31 22:59:53] Stratégie chargée depuis gsgui.ini pour pascale/Guru of The Week: end4
[2025-05-31 22:59:53] Stratégie chargée depuis gsgui.ini pour pascale/Split Screen: end4
[2025-05-31 22:59:53] Stratégie chargée depuis gsgui.ini pour pascale/Dramatic Lighting: end4
[2025-05-31 22:59:53] Stratégie chargée depuis gsgui.ini pour pascale/Lucky Shot: end4
[2025-05-31 22:59:53] Stratégie chargée depuis gsgui.ini pour pascale/What Is Patriotism?: end4
[2025-05-31 22:59:53] Stratégie chargée depuis gsgui.ini pour pascale/Landscape Photographer of the Year: end4
[2025-05-31 22:59:53] Stratégie chargée depuis gsgui.ini pour pascale/Favorite Animal: end4
[2025-05-31 22:59:53] Stratégie chargée depuis gsgui.ini pour pascale/Screen Stars - Timeless Waterscapes: end4
[2025-05-31 22:59:53] Stratégie chargée depuis gsgui.ini pour pascale/Photo of the Week!: end4
[2025-05-31 22:59:53] Stratégie chargée depuis gsgui.ini pour pascale/So Cliché: end4
[2025-05-31 22:59:53] Stratégie chargée depuis gsgui.ini pour pascale/Photographer of the Week: end4
[2025-05-31 22:59:53] Stratégie chargée depuis gsgui.ini pour pascale/Exits & Entrances: end4
[2025-05-31 22:59:53] Stratégie chargée depuis gsgui.ini pour pascale/Downwards Perspective: end4
[2025-05-31 22:59:53] Stratégie chargée depuis gsgui.ini pour pascale/Love And Romance: end4
[2025-05-31 22:59:53] Stratégie chargée depuis gsgui.ini pour pascale/Still Life: end4
[2025-05-31 22:59:53] Challenges fetching ...
[2025-05-31 22:59:53] Stratégie chargée depuis gsgui.ini pour pascale/Downwards Perspective: end4
[2025-05-31 22:59:53] Stratégie chargée depuis gsgui.ini pour pascale/Love And Romance: end4
[2025-05-31 22:59:53] Stratégie chargée depuis gsgui.ini pour pascale/Landscape Photographer of the Year: end4
[2025-05-31 22:59:53] Stratégie chargée depuis gsgui.ini pour pascale/Exits & Entrances: end4
[2025-05-31 22:59:53] Stratégie chargée depuis gsgui.ini pour pascale/Guru of The Week: end4
[2025-05-31 22:59:53] Stratégie chargée depuis gsgui.ini pour pascale/Split Screen: end4
[2025-05-31 22:59:53] Stratégie chargée depuis gsgui.ini pour pascale/Still Life: end4
[2025-05-31 22:59:53] Stratégie chargée depuis gsgui.ini pour pascale/Lucky Shot: end4
[2025-05-31 22:59:53] Stratégie chargée depuis gsgui.ini pour pascale/What Is Patriotism?: end4
[2025-05-31 22:59:53] Stratégie chargée depuis gsgui.ini pour pascale/Dramatic Lighting: end4
[2025-05-31 22:59:53] Stratégie chargée depuis gsgui.ini pour pascale/Favorite Animal: end4
[2025-05-31 22:59:53] Stratégie chargée depuis gsgui.ini pour pascale/Screen Stars - Timeless Waterscapes: end4
[2025-05-31 22:59:53] Stratégie chargée depuis gsgui.ini pour pascale/So Cliché: end4
[2025-05-31 22:59:53] Stratégie chargée depuis gsgui.ini pour pascale/Photographer of the Week: end4
[2025-05-31 22:59:53] Stratégie chargée depuis gsgui.ini pour pascale/Photo of the Week!: end4
[2025-05-31 22:59:53] Challenges fetched successfully for pascale!
[2025-05-31 22:59:53] Stratégie chargée depuis gsgui.ini pour pascale/Downwards Perspective: end4
[2025-05-31 22:59:53] Stratégie chargée depuis gsgui.ini pour pascale/Love And Romance: end4
[2025-05-31 22:59:53] Stratégie chargée depuis gsgui.ini pour pascale/Landscape Photographer of the Year: end4
[2025-05-31 22:59:53] Stratégie chargée depuis gsgui.ini pour pascale/Exits & Entrances: end4
[2025-05-31 22:59:53] Stratégie chargée depuis gsgui.ini pour pascale/Guru of The Week: end4
[2025-05-31 22:59:53] Stratégie chargée depuis gsgui.ini pour pascale/Split Screen: end4
[2025-05-31 22:59:53] Stratégie chargée depuis gsgui.ini pour pascale/Still Life: end4
[2025-05-31 22:59:53] Stratégie chargée depuis gsgui.ini pour pascale/Lucky Shot: end4
[2025-05-31 22:59:53] Stratégie chargée depuis gsgui.ini pour pascale/What Is Patriotism?: end4
[2025-05-31 22:59:53] Stratégie chargée depuis gsgui.ini pour pascale/Dramatic Lighting: end4
[2025-05-31 22:59:53] Stratégie chargée depuis gsgui.ini pour pascale/Favorite Animal: end4
[2025-05-31 22:59:53] Stratégie chargée depuis gsgui.ini pour pascale/Screen Stars - Timeless Waterscapes: end4
[2025-05-31 22:59:53] Stratégie chargée depuis gsgui.ini pour pascale/So Cliché: end4
[2025-05-31 22:59:53] Stratégie chargée depuis gsgui.ini pour pascale/Photographer of the Week: end4
[2025-05-31 22:59:53] Stratégie chargée depuis gsgui.ini pour pascale/Photo of the Week!: end4
[2025-05-31 22:59:54] Challenges fetching ...
[2025-05-31 22:59:54] Stratégie chargée depuis gsgui.ini pour pascale/Screen Stars - Timeless Waterscapes: end4
[2025-05-31 22:59:54] Stratégie chargée depuis gsgui.ini pour pascale/Guru of The Week: end4
[2025-05-31 22:59:54] Stratégie chargée depuis gsgui.ini pour pascale/Lucky Shot: end4
[2025-05-31 22:59:54] Stratégie chargée depuis gsgui.ini pour pascale/Favorite Animal: end4
[2025-05-31 22:59:54] Stratégie chargée depuis gsgui.ini pour pascale/Photo of the Week!: end4
[2025-05-31 22:59:54] Stratégie chargée depuis gsgui.ini pour pascale/So Cliché: end4
[2025-05-31 22:59:54] Stratégie chargée depuis gsgui.ini pour pascale/Landscape Photographer of the Year: end4
[2025-05-31 22:59:54] Stratégie chargée depuis gsgui.ini pour pascale/Photographer of the Week: end4
[2025-05-31 22:59:54] Stratégie chargée depuis gsgui.ini pour pascale/What Is Patriotism?: end4
[2025-05-31 22:59:54] Stratégie chargée depuis gsgui.ini pour pascale/Still Life: end4
[2025-05-31 22:59:54] Stratégie chargée depuis gsgui.ini pour pascale/Love And Romance: end4
[2025-05-31 22:59:54] Stratégie chargée depuis gsgui.ini pour pascale/Split Screen: end4
[2025-05-31 22:59:54] Stratégie chargée depuis gsgui.ini pour pascale/Exits & Entrances: end4
[2025-05-31 22:59:54] Stratégie chargée depuis gsgui.ini pour pascale/Downwards Perspective: end4
[2025-05-31 22:59:54] Stratégie chargée depuis gsgui.ini pour pascale/Dramatic Lighting: end4
[2025-05-31 22:59:54] Challenges fetched successfully for pascale!
[2025-05-31 22:59:54] Stratégie chargée depuis gsgui.ini pour pascale/Screen Stars - Timeless Waterscapes: end4
[2025-05-31 22:59:54] Stratégie chargée depuis gsgui.ini pour pascale/Guru of The Week: end4
[2025-05-31 22:59:54] Stratégie chargée depuis gsgui.ini pour pascale/Lucky Shot: end4
[2025-05-31 22:59:54] Stratégie chargée depuis gsgui.ini pour pascale/Favorite Animal: end4
[2025-05-31 22:59:54] Stratégie chargée depuis gsgui.ini pour pascale/Photo of the Week!: end4
[2025-05-31 22:59:54] Stratégie chargée depuis gsgui.ini pour pascale/So Cliché: end4
[2025-05-31 22:59:54] Stratégie chargée depuis gsgui.ini pour pascale/Landscape Photographer of the Year: end4
[2025-05-31 22:59:54] Stratégie chargée depuis gsgui.ini pour pascale/Photographer of the Week: end4
[2025-05-31 22:59:54] Stratégie chargée depuis gsgui.ini pour pascale/What Is Patriotism?: end4
[2025-05-31 22:59:54] Stratégie chargée depuis gsgui.ini pour pascale/Still Life: end4
[2025-05-31 22:59:54] Stratégie chargée depuis gsgui.ini pour pascale/Love And Romance: end4
[2025-05-31 22:59:54] Stratégie chargée depuis gsgui.ini pour pascale/Split Screen: end4
[2025-05-31 22:59:54] Stratégie chargée depuis gsgui.ini pour pascale/Exits & Entrances: end4
[2025-05-31 22:59:54] Stratégie chargée depuis gsgui.ini pour pascale/Downwards Perspective: end4
[2025-05-31 22:59:54] Stratégie chargée depuis gsgui.ini pour pascale/Dramatic Lighting: end4
[2025-05-31 22:59:54] Challenges fetching ...
[2025-05-31 22:59:54] Stratégie chargée depuis gsgui.ini pour pascale/Photographer of the Week: end4
[2025-05-31 22:59:54] Stratégie chargée depuis gsgui.ini pour pascale/Screen Stars - Timeless Waterscapes: end4
[2025-05-31 22:59:54] Stratégie chargée depuis gsgui.ini pour pascale/Exits & Entrances: end4
[2025-05-31 22:59:54] Stratégie chargée depuis gsgui.ini pour pascale/Lucky Shot: end4
[2025-05-31 22:59:54] Stratégie chargée depuis gsgui.ini pour pascale/Downwards Perspective: end4
[2025-05-31 22:59:54] Stratégie chargée depuis gsgui.ini pour pascale/Favorite Animal: end4
[2025-05-31 22:59:54] Stratégie chargée depuis gsgui.ini pour pascale/Guru of The Week: end4
[2025-05-31 22:59:54] Stratégie chargée depuis gsgui.ini pour pascale/Photo of the Week!: end4
[2025-05-31 22:59:54] Stratégie chargée depuis gsgui.ini pour pascale/Split Screen: end4
[2025-05-31 22:59:54] Stratégie chargée depuis gsgui.ini pour pascale/Still Life: end4
[2025-05-31 22:59:54] Stratégie chargée depuis gsgui.ini pour pascale/Dramatic Lighting: end4
[2025-05-31 22:59:54] Stratégie chargée depuis gsgui.ini pour pascale/Love And Romance: end4
[2025-05-31 22:59:54] Stratégie chargée depuis gsgui.ini pour pascale/What Is Patriotism?: end4
[2025-05-31 22:59:54] Stratégie chargée depuis gsgui.ini pour pascale/Landscape Photographer of the Year: end4
[2025-05-31 22:59:54] Stratégie chargée depuis gsgui.ini pour pascale/So Cliché: end4
[2025-05-31 22:59:54] Challenges fetched successfully for pascale!
[2025-05-31 22:59:54] Stratégie chargée depuis gsgui.ini pour pascale/Photographer of the Week: end4
[2025-05-31 22:59:54] Stratégie chargée depuis gsgui.ini pour pascale/Screen Stars - Timeless Waterscapes: end4
[2025-05-31 22:59:54] Stratégie chargée depuis gsgui.ini pour pascale/Exits & Entrances: end4
[2025-05-31 22:59:54] Stratégie chargée depuis gsgui.ini pour pascale/Lucky Shot: end4
[2025-05-31 22:59:54] Stratégie chargée depuis gsgui.ini pour pascale/Downwards Perspective: end4
[2025-05-31 22:59:54] Stratégie chargée depuis gsgui.ini pour pascale/Favorite Animal: end4
[2025-05-31 22:59:54] Stratégie chargée depuis gsgui.ini pour pascale/Guru of The Week: end4
[2025-05-31 22:59:54] Stratégie chargée depuis gsgui.ini pour pascale/Photo of the Week!: end4
[2025-05-31 22:59:54] Stratégie chargée depuis gsgui.ini pour pascale/Split Screen: end4
[2025-05-31 22:59:54] Stratégie chargée depuis gsgui.ini pour pascale/Still Life: end4
[2025-05-31 22:59:54] Stratégie chargée depuis gsgui.ini pour pascale/Dramatic Lighting: end4
[2025-05-31 22:59:54] Stratégie chargée depuis gsgui.ini pour pascale/Love And Romance: end4
[2025-05-31 22:59:54] Stratégie chargée depuis gsgui.ini pour pascale/What Is Patriotism?: end4
[2025-05-31 22:59:54] Stratégie chargée depuis gsgui.ini pour pascale/Landscape Photographer of the Year: end4
[2025-05-31 22:59:54] Stratégie chargée depuis gsgui.ini pour pascale/So Cliché: end4
[2025-05-31 22:59:54] Challenges fetching ...
[2025-05-31 22:59:54] Stratégie chargée depuis gsgui.ini pour pascale/Lucky Shot: end4
[2025-05-31 22:59:54] Stratégie chargée depuis gsgui.ini pour pascale/What Is Patriotism?: end4
[2025-05-31 22:59:54] Stratégie chargée depuis gsgui.ini pour pascale/Landscape Photographer of the Year: end4
[2025-05-31 22:59:54] Stratégie chargée depuis gsgui.ini pour pascale/Favorite Animal: end4
[2025-05-31 22:59:54] Stratégie chargée depuis gsgui.ini pour pascale/Screen Stars - Timeless Waterscapes: end4
[2025-05-31 22:59:54] Stratégie chargée depuis gsgui.ini pour pascale/Photo of the Week!: end4
[2025-05-31 22:59:54] Stratégie chargée depuis gsgui.ini pour pascale/So Cliché: end4
[2025-05-31 22:59:54] Stratégie chargée depuis gsgui.ini pour pascale/Photographer of the Week: end4
[2025-05-31 22:59:54] Stratégie chargée depuis gsgui.ini pour pascale/Exits & Entrances: end4
[2025-05-31 22:59:54] Stratégie chargée depuis gsgui.ini pour pascale/Downwards Perspective: end4
[2025-05-31 22:59:54] Stratégie chargée depuis gsgui.ini pour pascale/Love And Romance: end4
[2025-05-31 22:59:54] Stratégie chargée depuis gsgui.ini pour pascale/Still Life: end4
[2025-05-31 22:59:54] Stratégie chargée depuis gsgui.ini pour pascale/Guru of The Week: end4
[2025-05-31 22:59:54] Stratégie chargée depuis gsgui.ini pour pascale/Split Screen: end4
[2025-05-31 22:59:54] Stratégie chargée depuis gsgui.ini pour pascale/Dramatic Lighting: end4
[2025-05-31 22:59:54] Challenges fetched successfully for pascale!
[2025-05-31 22:59:54] Stratégie chargée depuis gsgui.ini pour pascale/Lucky Shot: end4
[2025-05-31 22:59:54] Stratégie chargée depuis gsgui.ini pour pascale/What Is Patriotism?: end4
[2025-05-31 22:59:54] Stratégie chargée depuis gsgui.ini pour pascale/Landscape Photographer of the Year: end4
[2025-05-31 22:59:54] Stratégie chargée depuis gsgui.ini pour pascale/Favorite Animal: end4
[2025-05-31 22:59:54] Stratégie chargée depuis gsgui.ini pour pascale/Screen Stars - Timeless Waterscapes: end4
[2025-05-31 22:59:54] Stratégie chargée depuis gsgui.ini pour pascale/Photo of the Week!: end4
[2025-05-31 22:59:54] Stratégie chargée depuis gsgui.ini pour pascale/So Cliché: end4
[2025-05-31 22:59:54] Stratégie chargée depuis gsgui.ini pour pascale/Photographer of the Week: end4
[2025-05-31 22:59:54] Stratégie chargée depuis gsgui.ini pour pascale/Exits & Entrances: end4
[2025-05-31 22:59:54] Stratégie chargée depuis gsgui.ini pour pascale/Downwards Perspective: end4
[2025-05-31 22:59:54] Stratégie chargée depuis gsgui.ini pour pascale/Love And Romance: end4
[2025-05-31 22:59:54] Stratégie chargée depuis gsgui.ini pour pascale/Still Life: end4
[2025-05-31 22:59:54] Stratégie chargée depuis gsgui.ini pour pascale/Guru of The Week: end4
[2025-05-31 22:59:54] Stratégie chargée depuis gsgui.ini pour pascale/Split Screen: end4
[2025-05-31 22:59:54] Stratégie chargée depuis gsgui.ini pour pascale/Dramatic Lighting: end4
[2025-05-31 22:59:54] Challenges fetching ...
[2025-05-31 22:59:54] Stratégie chargée depuis gsgui.ini pour pascale/Lucky Shot: end4
[2025-05-31 22:59:54] Stratégie chargée depuis gsgui.ini pour pascale/What Is Patriotism?: end4
[2025-05-31 22:59:54] Stratégie chargée depuis gsgui.ini pour pascale/Landscape Photographer of the Year: end4
[2025-05-31 22:59:54] Stratégie chargée depuis gsgui.ini pour pascale/Favorite Animal: end4
[2025-05-31 22:59:54] Stratégie chargée depuis gsgui.ini pour pascale/Screen Stars - Timeless Waterscapes: end4
[2025-05-31 22:59:54] Stratégie chargée depuis gsgui.ini pour pascale/Photo of the Week!: end4
[2025-05-31 22:59:54] Stratégie chargée depuis gsgui.ini pour pascale/So Cliché: end4
[2025-05-31 22:59:54] Stratégie chargée depuis gsgui.ini pour pascale/Photographer of the Week: end4
[2025-05-31 22:59:54] Stratégie chargée depuis gsgui.ini pour pascale/Exits & Entrances: end4
[2025-05-31 22:59:54] Stratégie chargée depuis gsgui.ini pour pascale/Downwards Perspective: end4
[2025-05-31 22:59:54] Stratégie chargée depuis gsgui.ini pour pascale/Love And Romance: end4
[2025-05-31 22:59:54] Stratégie chargée depuis gsgui.ini pour pascale/Still Life: end4
[2025-05-31 22:59:54] Stratégie chargée depuis gsgui.ini pour pascale/Guru of The Week: end4
[2025-05-31 22:59:54] Stratégie chargée depuis gsgui.ini pour pascale/Split Screen: end4
[2025-05-31 22:59:54] Stratégie chargée depuis gsgui.ini pour pascale/Dramatic Lighting: end4
[2025-05-31 22:59:54] Challenges fetched successfully for pascale!
[2025-05-31 22:59:54] Stratégie chargée depuis gsgui.ini pour pascale/Lucky Shot: end4
[2025-05-31 22:59:54] Stratégie chargée depuis gsgui.ini pour pascale/What Is Patriotism?: end4
[2025-05-31 22:59:54] Stratégie chargée depuis gsgui.ini pour pascale/Landscape Photographer of the Year: end4
[2025-05-31 22:59:54] Stratégie chargée depuis gsgui.ini pour pascale/Favorite Animal: end4
[2025-05-31 22:59:54] Stratégie chargée depuis gsgui.ini pour pascale/Screen Stars - Timeless Waterscapes: end4
[2025-05-31 22:59:54] Stratégie chargée depuis gsgui.ini pour pascale/Photo of the Week!: end4
[2025-05-31 22:59:54] Stratégie chargée depuis gsgui.ini pour pascale/So Cliché: end4
[2025-05-31 22:59:54] Stratégie chargée depuis gsgui.ini pour pascale/Photographer of the Week: end4
[2025-05-31 22:59:54] Stratégie chargée depuis gsgui.ini pour pascale/Exits & Entrances: end4
[2025-05-31 22:59:54] Stratégie chargée depuis gsgui.ini pour pascale/Downwards Perspective: end4
[2025-05-31 22:59:54] Stratégie chargée depuis gsgui.ini pour pascale/Love And Romance: end4
[2025-05-31 22:59:54] Stratégie chargée depuis gsgui.ini pour pascale/Still Life: end4
[2025-05-31 22:59:54] Stratégie chargée depuis gsgui.ini pour pascale/Guru of The Week: end4
[2025-05-31 22:59:54] Stratégie chargée depuis gsgui.ini pour pascale/Split Screen: end4
[2025-05-31 22:59:54] Stratégie chargée depuis gsgui.ini pour pascale/Dramatic Lighting: end4
[2025-05-31 22:59:54] Challenges fetching ...
[2025-05-31 22:59:54] Stratégie chargée depuis gsgui.ini pour pascale/Exits & Entrances: end4
[2025-05-31 22:59:54] Stratégie chargée depuis gsgui.ini pour pascale/Guru of The Week: end4
[2025-05-31 22:59:54] Stratégie chargée depuis gsgui.ini pour pascale/Downwards Perspective: end4
[2025-05-31 22:59:54] Stratégie chargée depuis gsgui.ini pour pascale/Love And Romance: end4
[2025-05-31 22:59:54] Stratégie chargée depuis gsgui.ini pour pascale/Still Life: end4
[2025-05-31 22:59:54] Stratégie chargée depuis gsgui.ini pour pascale/Split Screen: end4
[2025-05-31 22:59:54] Stratégie chargée depuis gsgui.ini pour pascale/Dramatic Lighting: end4
[2025-05-31 22:59:54] Stratégie chargée depuis gsgui.ini pour pascale/Favorite Animal: end4
[2025-05-31 22:59:54] Stratégie chargée depuis gsgui.ini pour pascale/Lucky Shot: end4
[2025-05-31 22:59:54] Stratégie chargée depuis gsgui.ini pour pascale/What Is Patriotism?: end4
[2025-05-31 22:59:54] Stratégie chargée depuis gsgui.ini pour pascale/So Cliché: end4
[2025-05-31 22:59:54] Stratégie chargée depuis gsgui.ini pour pascale/Landscape Photographer of the Year: end4
[2025-05-31 22:59:54] Stratégie chargée depuis gsgui.ini pour pascale/Screen Stars - Timeless Waterscapes: end4
[2025-05-31 22:59:54] Stratégie chargée depuis gsgui.ini pour pascale/Photo of the Week!: end4
[2025-05-31 22:59:54] Stratégie chargée depuis gsgui.ini pour pascale/Photographer of the Week: end4
[2025-05-31 22:59:54] Challenges fetched successfully for pascale!
[2025-05-31 22:59:54] Stratégie chargée depuis gsgui.ini pour pascale/Exits & Entrances: end4
[2025-05-31 22:59:54] Stratégie chargée depuis gsgui.ini pour pascale/Guru of The Week: end4
[2025-05-31 22:59:54] Stratégie chargée depuis gsgui.ini pour pascale/Downwards Perspective: end4
[2025-05-31 22:59:54] Stratégie chargée depuis gsgui.ini pour pascale/Love And Romance: end4
[2025-05-31 22:59:54] Stratégie chargée depuis gsgui.ini pour pascale/Still Life: end4
[2025-05-31 22:59:54] Stratégie chargée depuis gsgui.ini pour pascale/Split Screen: end4
[2025-05-31 22:59:54] Stratégie chargée depuis gsgui.ini pour pascale/Dramatic Lighting: end4
[2025-05-31 22:59:54] Stratégie chargée depuis gsgui.ini pour pascale/Favorite Animal: end4
[2025-05-31 22:59:54] Stratégie chargée depuis gsgui.ini pour pascale/Lucky Shot: end4
[2025-05-31 22:59:54] Stratégie chargée depuis gsgui.ini pour pascale/What Is Patriotism?: end4
[2025-05-31 22:59:54] Stratégie chargée depuis gsgui.ini pour pascale/So Cliché: end4
[2025-05-31 22:59:54] Stratégie chargée depuis gsgui.ini pour pascale/Landscape Photographer of the Year: end4
[2025-05-31 22:59:54] Stratégie chargée depuis gsgui.ini pour pascale/Screen Stars - Timeless Waterscapes: end4
[2025-05-31 22:59:54] Stratégie chargée depuis gsgui.ini pour pascale/Photo of the Week!: end4
[2025-05-31 22:59:54] Stratégie chargée depuis gsgui.ini pour pascale/Photographer of the Week: end4
[2025-05-31 23:00:21] Stratégie chargée depuis gsgui.ini pour pascale/Exits & Entrances: end4
[2025-05-31 23:00:21] Stratégie chargée depuis gsgui.ini pour pascale/Guru of The Week: end4
[2025-05-31 23:00:21] Stratégie chargée depuis gsgui.ini pour pascale/Downwards Perspective: end4
[2025-05-31 23:00:21] Stratégie chargée depuis gsgui.ini pour pascale/Love And Romance: end4
[2025-05-31 23:00:21] Stratégie chargée depuis gsgui.ini pour pascale/Still Life: end4
[2025-05-31 23:00:21] Stratégie chargée depuis gsgui.ini pour pascale/Split Screen: end4
[2025-05-31 23:00:21] Stratégie chargée depuis gsgui.ini pour pascale/Dramatic Lighting: end4
[2025-05-31 23:00:21] Stratégie chargée depuis gsgui.ini pour pascale/Favorite Animal: end4
[2025-05-31 23:00:21] Stratégie chargée depuis gsgui.ini pour pascale/Lucky Shot: end4
[2025-05-31 23:00:21] Stratégie chargée depuis gsgui.ini pour pascale/What Is Patriotism?: end4
[2025-05-31 23:00:21] Stratégie chargée depuis gsgui.ini pour pascale/So Cliché: end4
[2025-05-31 23:00:21] Stratégie chargée depuis gsgui.ini pour pascale/Landscape Photographer of the Year: end4
[2025-05-31 23:00:21] Stratégie chargée depuis gsgui.ini pour pascale/Screen Stars - Timeless Waterscapes: end4
[2025-05-31 23:00:21] Stratégie chargée depuis gsgui.ini pour pascale/Photo of the Week!: end4
[2025-05-31 23:00:21] Stratégie chargée depuis gsgui.ini pour pascale/Photographer of the Week: end4
[2025-05-31 23:00:21] Désélection de tous les challenges

[2025-05-31 23:00:34] Lancement de la stratégie end4 pour Favorite Animal
[2025-05-31 23:00:34] Nouveau processus ajouté pour pascale: favorite-animal-vote-100-left-0H:4M - Statut: init
[2025-05-31 23:00:34] Traitement du challenge pour pascale: favorite-animal
[2025-05-31 23:00:34] Nouveau processus ajouté pour pascale: favorite-animal-vote-50-left-0H:3M - Statut: init
[2025-05-31 23:00:34] Traitement du challenge pour pascale: favorite-animal
[2025-05-31 23:00:34] Processus mis à jour pour pascale: favorite-animal-vote-100-left-0H:4M - waiting
[2025-05-31 23:00:34] Stratégie chargée depuis gsgui.ini pour pascale/Exits & Entrances: end4
[2025-05-31 23:00:34] Nouveau processus ajouté pour pascale: favorite-animal-vote-50-left-0H:2M - Statut: init
[2025-05-31 23:00:34] Nouveau processus ajouté pour pascale: favorite-animal-vote-50-left-0H:1M - Statut: init
[2025-05-31 23:00:34] Traitement du challenge pour pascale: favorite-animal
[2025-05-31 23:00:34] Processus mis à jour pour pascale: favorite-animal-vote-50-left-0H:3M - waiting
[2025-05-31 23:00:34] Traitement du challenge pour pascale: favorite-animal
[2025-05-31 23:00:34] Processus mis à jour pour pascale: favorite-animal-vote-50-left-0H:2M - waiting
[2025-05-31 23:00:34] Processus mis à jour pour pascale: favorite-animal-vote-50-left-0H:1M - waiting
[2025-05-31 23:00:34] Stratégie chargée depuis gsgui.ini pour pascale/Guru of The Week: end4
[2025-05-31 23:00:34] Stratégie chargée depuis gsgui.ini pour pascale/Downwards Perspective: end4
[2025-05-31 23:00:34] Stratégie chargée depuis gsgui.ini pour pascale/Love And Romance: end4
[2025-05-31 23:00:34] Stratégie chargée depuis gsgui.ini pour pascale/Still Life: end4
[2025-05-31 23:00:34] Stratégie chargée depuis gsgui.ini pour pascale/Split Screen: end4
[2025-05-31 23:00:34] Stratégie chargée depuis gsgui.ini pour pascale/Dramatic Lighting: end4
[2025-05-31 23:00:34] Stratégie chargée depuis gsgui.ini pour pascale/Favorite Animal: end4
[2025-05-31 23:00:34] Stratégie chargée depuis gsgui.ini pour pascale/Lucky Shot: end4
[2025-05-31 23:00:34] Stratégie chargée depuis gsgui.ini pour pascale/What Is Patriotism?: end4
[2025-05-31 23:00:34] Stratégie chargée depuis gsgui.ini pour pascale/So Cliché: end4
[2025-05-31 23:00:34] Stratégie chargée depuis gsgui.ini pour pascale/Landscape Photographer of the Year: end4
[2025-05-31 23:00:34] Stratégie chargée depuis gsgui.ini pour pascale/Screen Stars - Timeless Waterscapes: end4
[2025-05-31 23:00:34] Stratégie chargée depuis gsgui.ini pour pascale/Photo of the Week!: end4
[2025-05-31 23:00:34] Stratégie chargée depuis gsgui.ini pour pascale/Photographer of the Week: end4
[2025-05-31 23:00:34] Lancement de la stratégie end4 pour Love And Romance
[2025-05-31 23:00:34] Commande  --cha love-and-romance1 vote 100 --left 0:4 existe déjà pour pascale
[2025-05-31 23:00:34] Nouveau processus ajouté pour pascale: love-and-romance1-vote-100-left-0H:4M - Statut: init
[2025-05-31 23:00:34] Traitement du challenge pour pascale: love-and-romance1
[2025-05-31 23:00:34] Commande  --cha love-and-romance1 vote 50 --left 0:3 existe déjà pour pascale
[2025-05-31 23:00:34] Nouveau processus ajouté pour pascale: love-and-romance1-vote-50-left-0H:3M - Statut: init
[2025-05-31 23:00:34] Traitement du challenge pour pascale: love-and-romance1
[2025-05-31 23:00:34] Processus mis à jour pour pascale: love-and-romance1-vote-100-left-0H:4M - waiting
[2025-05-31 23:00:34] Commande  --cha love-and-romance1 vote 50 --left 0:2 existe déjà pour pascale
[2025-05-31 23:00:34] Stratégie chargée depuis gsgui.ini pour pascale/Exits & Entrances: end4
[2025-05-31 23:00:34] Nouveau processus ajouté pour pascale: love-and-romance1-vote-50-left-0H:2M - Statut: init
[2025-05-31 23:00:34] Processus mis à jour pour pascale: love-and-romance1-vote-50-left-0H:3M - waiting
[2025-05-31 23:00:34] Traitement du challenge pour pascale: love-and-romance1
[2025-05-31 23:00:34] Commande  --cha love-and-romance1 vote 50 --left 0:1 existe déjà pour pascale
[2025-05-31 23:00:34] Nouveau processus ajouté pour pascale: love-and-romance1-vote-50-left-0H:1M - Statut: init
[2025-05-31 23:00:34] Processus mis à jour pour pascale: love-and-romance1-vote-50-left-0H:2M - waiting
[2025-05-31 23:00:34] Traitement du challenge pour pascale: love-and-romance1
[2025-05-31 23:00:34] Stratégie chargée depuis gsgui.ini pour pascale/Guru of The Week: end4
[2025-05-31 23:00:34] Processus mis à jour pour pascale: love-and-romance1-vote-50-left-0H:1M - waiting
[2025-05-31 23:00:34] Stratégie chargée depuis gsgui.ini pour pascale/Downwards Perspective: end4
[2025-05-31 23:00:34] Stratégie chargée depuis gsgui.ini pour pascale/Love And Romance: end4
[2025-05-31 23:00:34] Stratégie chargée depuis gsgui.ini pour pascale/Still Life: end4
[2025-05-31 23:00:34] Stratégie chargée depuis gsgui.ini pour pascale/Split Screen: end4
[2025-05-31 23:00:34] Stratégie chargée depuis gsgui.ini pour pascale/Dramatic Lighting: end4
[2025-05-31 23:00:34] Stratégie chargée depuis gsgui.ini pour pascale/Favorite Animal: end4
[2025-05-31 23:00:34] Stratégie chargée depuis gsgui.ini pour pascale/Lucky Shot: end4
[2025-05-31 23:00:34] Stratégie chargée depuis gsgui.ini pour pascale/What Is Patriotism?: end4
[2025-05-31 23:00:34] Stratégie chargée depuis gsgui.ini pour pascale/So Cliché: end4
[2025-05-31 23:00:34] Stratégie chargée depuis gsgui.ini pour pascale/Landscape Photographer of the Year: end4
[2025-05-31 23:00:34] Stratégie chargée depuis gsgui.ini pour pascale/Screen Stars - Timeless Waterscapes: end4
[2025-05-31 23:00:34] Stratégie chargée depuis gsgui.ini pour pascale/Photo of the Week!: end4
[2025-05-31 23:00:34] Stratégie chargée depuis gsgui.ini pour pascale/Photographer of the Week: end4
[2025-05-31 23:00:34] Application des stratégies pour les challenges sélectionnés:
- Favorite Animal avec stratégie end4
- Love And Romance avec stratégie end4

[2025-05-31 23:03:46] Fetching challenges...
[2025-05-31 23:03:48] Challenges fetching ...
[2025-05-31 23:03:48] Stratégie chargée depuis gsgui.ini pour pascale/Downwards Perspective: end4
[2025-05-31 23:03:48] Stratégie chargée depuis gsgui.ini pour pascale/So Cliché: end4
[2025-05-31 23:03:48] Stratégie chargée depuis gsgui.ini pour pascale/Favorite Animal: end4
[2025-05-31 23:03:48] Stratégie chargée depuis gsgui.ini pour pascale/Love And Romance: end4
[2025-05-31 23:03:48] Stratégie chargée depuis gsgui.ini pour pascale/Split Screen: end4
[2025-05-31 23:03:48] Stratégie chargée depuis gsgui.ini pour pascale/Dramatic Lighting: end4
[2025-05-31 23:03:48] Stratégie chargée depuis gsgui.ini pour pascale/Photo of the Week!: end4
[2025-05-31 23:03:48] Stratégie chargée depuis gsgui.ini pour pascale/Screen Stars - Timeless Waterscapes: end4
[2025-05-31 23:03:48] Stratégie chargée depuis gsgui.ini pour pascale/Landscape Photographer of the Year: end4
[2025-05-31 23:03:48] Stratégie chargée depuis gsgui.ini pour pascale/Guru of The Week: end4
[2025-05-31 23:03:48] Stratégie chargée depuis gsgui.ini pour pascale/Still Life: end4
[2025-05-31 23:03:48] Stratégie chargée depuis gsgui.ini pour pascale/What Is Patriotism?: end4
[2025-05-31 23:03:48] Stratégie chargée depuis gsgui.ini pour pascale/Lucky Shot: end4
[2025-05-31 23:03:48] Stratégie chargée depuis gsgui.ini pour pascale/Photographer of the Week: end4
[2025-05-31 23:03:48] Stratégie chargée depuis gsgui.ini pour pascale/Exits & Entrances: end4
[2025-05-31 23:03:48] Lancement automatique des stratégies de fin pour 15 nouveaux challenges...
[2025-05-31 23:03:48] Nouveau challenge détecté pour pascale: Downwards Perspective
[2025-05-31 23:03:48] Nouveau challenge détecté pour pascale: So Cliché
[2025-05-31 23:03:48] Nouveau challenge détecté pour pascale: Favorite Animal
[2025-05-31 23:03:48] Nouveau challenge détecté pour pascale: Love And Romance
[2025-05-31 23:03:48] Nouveau challenge détecté pour pascale: Split Screen
[2025-05-31 23:03:48] Nouveau challenge détecté pour pascale: Dramatic Lighting
[2025-05-31 23:03:48] Nouveau challenge détecté pour pascale: Photo of the Week!
[2025-05-31 23:03:48] Nouveau challenge détecté pour pascale: Screen Stars - Timeless Waterscapes
[2025-05-31 23:03:48] Nouveau challenge détecté pour pascale: Landscape Photographer of the Year
[2025-05-31 23:03:48] Nouveau challenge détecté pour pascale: Guru of The Week
[2025-05-31 23:03:48] Nouveau challenge détecté pour pascale: Still Life
[2025-05-31 23:03:48] Nouveau challenge détecté pour pascale: What Is Patriotism?
[2025-05-31 23:03:48] Nouveau challenge détecté pour pascale: Lucky Shot
[2025-05-31 23:03:48] Nouveau challenge détecté pour pascale: Photographer of the Week
[2025-05-31 23:03:48] Nouveau challenge détecté pour pascale: Exits & Entrances
[2025-05-31 23:03:48] Challenges fetched successfully for pascale!
[2025-05-31 23:03:48] Stratégie chargée depuis gsgui.ini pour pascale/Downwards Perspective: end4
[2025-05-31 23:03:48] Stratégie chargée depuis gsgui.ini pour pascale/So Cliché: end4
[2025-05-31 23:03:48] Stratégie chargée depuis gsgui.ini pour pascale/Favorite Animal: end4
[2025-05-31 23:03:48] Stratégie chargée depuis gsgui.ini pour pascale/Love And Romance: end4
[2025-05-31 23:03:48] Stratégie chargée depuis gsgui.ini pour pascale/Split Screen: end4
[2025-05-31 23:03:48] Stratégie chargée depuis gsgui.ini pour pascale/Dramatic Lighting: end4
[2025-05-31 23:03:48] Stratégie chargée depuis gsgui.ini pour pascale/Photo of the Week!: end4
[2025-05-31 23:03:48] Stratégie chargée depuis gsgui.ini pour pascale/Screen Stars - Timeless Waterscapes: end4
[2025-05-31 23:03:48] Stratégie chargée depuis gsgui.ini pour pascale/Landscape Photographer of the Year: end4
[2025-05-31 23:03:48] Stratégie chargée depuis gsgui.ini pour pascale/Guru of The Week: end4
[2025-05-31 23:03:48] Stratégie chargée depuis gsgui.ini pour pascale/Still Life: end4
[2025-05-31 23:03:48] Stratégie chargée depuis gsgui.ini pour pascale/What Is Patriotism?: end4
[2025-05-31 23:03:48] Stratégie chargée depuis gsgui.ini pour pascale/Lucky Shot: end4
[2025-05-31 23:03:48] Stratégie chargée depuis gsgui.ini pour pascale/Photographer of the Week: end4
[2025-05-31 23:03:48] Stratégie chargée depuis gsgui.ini pour pascale/Exits & Entrances: end4
